Total Network Latency (s),Total Computing Latency (s),Throughput (kbps),Selected Bitrate (kbps),Resolution
1.4641886341781172,1.0566003685005874,13311.08314275552,8000,1080p
1.276303258908028,1.349223379614705,12780.07676923803,8000,1080p
1.2865468216902771,0.9253989124870774,15169.645204916947,15000,1440p
1.2269402319795997,0.9256788949489796,15587.723615499255,15000,1440p
0.8860494758091402,1.03452054667275,17471.079735295825,15000,1440p
0.8890549228539415,1.033234915106438,17455.448880488537,15000,1440p
1.0762900841757455,1.414421504349341,13471.825543586834,8000,1080p
1.380221357004105,1.7145385966731261,10842.33753255409,8000,1080p
1.3512897086064235,1.4548857802200452,11957.353392047597,8000,1080p
0.740971618918335,0.9705951841810719,19604.512040802405,15000,1440p
1.57080175278683,1.3173877640804776,11617.808251168717,8000,1080p
1.6857872885322307,1.3545133101490656,11036.550798481552,8000,1080p
1.0632328171177148,1.3976804020595088,13634.951341851263,8000,1080p
0.8282348732709361,0.9805901809127282,18550.402053748283,15000,1440p
0.961842140383718,1.0459803433594992,16711.851905076743,15000,1440p
1.391277423325277,1.9515916300325047,10037.614834567295,8000,1080p
1.2019670086850265,1.4910221491934081,12459.920940207028,8000,1080p
1.486417694995921,1.3365963212007752,11886.03096105282,8000,1080p
1.451819947460638,1.760558494307666,10445.354620649689,8000,1080p
1.1749052095749688,1.7195582316375386,11592.625950025422,8000,1080p
0.9906728905943472,1.2303621831221334,15107.565115508522,15000,1440p
1.7120926640410226,1.4458456772608772,10625.423416648078,8000,1080p
1.6602075784876213,1.1214427113980292,12062.778747568364,8000,1080p
2.0542549779748334,1.3992174067901915,9716.143134088808,8000,1080p
0.6005761116052135,0.8382349167284917,23320.944404255482,15000,1440p
1.3845338496979316,1.2160579306126096,12902.614033484797,8000,1080p
0.8052303369688293,1.0352205893392923,18231.636345397692,15000,1440p
1.4613136393639767,1.4244024959440404,11627.766012549411,8000,1080p
1.8590188090915611,1.3314368434903079,10517.128477509521,8000,1080p
1.093267650039896,1.1616091825382295,14880.826976981869,8000,1080p
1.0836297621228046,1.0237703954436626,15922.192982441065,15000,1440p
0.8868869863909773,1.2980092614044616,15357.448681536449,15000,1440p
0.8708655847327732,0.7365268243636937,20875.071830693363,15000,1440p
0.7270614471199941,0.9345210098780419,20194.26231823755,15000,1440p
2.032871104256211,1.815513132126418,8719.096103444235,8000,1080p
1.2951592554528897,1.6340503680687333,11455.114625650931,8000,1080p
1.1471620263658673,0.8293671827227234,16976.44125151709,15000,1440p
0.9745133775412872,0.743218299665542,19534.152187588592,15000,1440p
1.5074079317585054,1.121620101322341,12763.055995518991,8000,1080p
1.2141562562953692,1.2159349590797104,13807.889921046006,8000,1080p
1.110674037299288,1.0182897888230777,15760.921622193595,15000,1440p
1.2385461936263393,1.0209652379854401,14850.304154497942,8000,1080p
0.9963233359378492,0.8513665159823616,18160.20798356855,15000,1440p
1.4437397176720965,2.1296705022523144,9390.030792689058,8000,1080p
1.3113725341933302,1.727498380103648,11041.743116542542,8000,1080p
0.7906977503149385,0.9605508187994415,19160.29088718613,15000,1440p
1.3968516653787455,1.2075326949285323,12883.82487293123,8000,1080p
1.143300473630935,1.659258998572005,11972.781428122444,8000,1080p
1.1949306409072737,0.8481579942733481,16423.38536968739,15000,1440p
1.3327004716325062,1.5950868583555817,11460.679420365044,8000,1080p
1.1392122056487812,1.0620315597547862,15243.396722965055,15000,1440p
1.6826962748250245,1.236568298853669,11494.138730192784,8000,1080p
1.0368291326131458,1.4060244783157656,13735.752257066562,8000,1080p
1.7586917003132203,2.541922180993427,7802.242406799193,4000,720p
1.0523484651549946,1.3914408621037737,13730.492897126473,8000,1080p
1.4085104613989443,1.0187396389967531,13824.052162786957,8000,1080p
1.2189613179730896,1.3280227478704603,13174.182143494063,8000,1080p
1.3333497461383428,1.1163392941032133,13697.425039992546,8000,1080p
0.9571299557066465,0.8667744066240729,18397.034785925767,15000,1440p
0.9073848261959964,1.1830392729975863,16051.49501144012,15000,1440p
0.5144811210336703,0.7632209740761585,26261.545729965892,15000,1440p
1.1327117533932252,1.4996773169465332,12746.760111592921,8000,1080p
0.9129033103285471,1.2771382931536193,15321.367387107372,15000,1440p
1.1824848327123727,0.8028064173099259,16901.516087185253,15000,1440p
1.425974067945487,1.9251462358075808,10012.899853944637,8000,1080p
1.016449994274297,0.7815784779505857,18661.791244317563,15000,1440p
1.0892194837897446,1.589194642597477,12527.723651629589,8000,1080p
1.1167162619547488,1.1549025726555264,14771.154160533575,8000,1080p
1.3238389923249363,1.4011929373663103,12313.408747398349,8000,1080p
1.6234650740963616,2.0777996229974764,9065.666669651133,8000,1080p
1.188159143309059,0.8090371524000739,16800.7681929362,15000,1440p
1.3489615765939647,1.2802573331330693,12762.12942021006,8000,1080p
1.4961977413307115,1.3752270996672085,11685.638266031949,8000,1080p
1.459633727887842,1.1155762827290336,13029.784701699822,8000,1080p
1.271838367442449,1.2595389622283226,13255.405113533216,8000,1080p
1.4008000215056897,1.981125915725017,9921.693325867473,8000,1080p
0.7675004538384091,0.5144572932799671,26174.36656974434,15000,1440p
1.295895802201309,1.0145881995618746,14522.685279099029,8000,1080p
1.337153263991248,1.7830596746334784,10753.891692657857,8000,1080p
0.9716657012022577,0.9622100344242089,17350.872851781376,15000,1440p
1.1373202326474128,0.8024698960707068,17297.97028206032,15000,1440p
1.1049345280148233,1.347402701478395,13682.633691832876,8000,1080p
1.344439470050922,1.1598861803914196,13398.589753722024,8000,1080p
1.47768228428139,1.3241540291040101,11975.871623798352,8000,1080p
1.2258545521497106,1.0918070561092137,14477.709722778205,8000,1080p
0.9503504112461569,1.0440252231106786,16824.529653272133,15000,1440p
1.6723953065625539,1.172616796139597,11794.126277399837,8000,1080p
1.6368100993573411,1.2832395683395426,11491.048378798714,8000,1080p
0.9272657173381188,0.6281352366745981,21572.850340251018,15000,1440p
1.9317654698520252,1.862184413604286,8844.194844617112,8000,1080p
1.079393435979537,1.055681742744071,15715.808199343843,15000,1440p
1.5908098210113386,1.1893971296542412,12069.04111651368,8000,1080p
1.1021242475527901,1.1599187430992086,14833.68447844064,8000,1080p
1.934884217863484,1.9963408296231933,8535.36279268777,8000,1080p
1.7302817647440756,1.3664456504555644,10835.449008299884,8000,1080p
0.9449524428090957,1.415503047498329,14215.23605837189,8000,1080p
1.3338070667321538,1.4125559698909282,12217.770029871363,8000,1080p
1.3928793717661256,1.125191063305592,13325.45409876286,8000,1080p
1.2819018922336256,1.730620867066794,11138.316514425986,8000,1080p
0.9112433848393798,1.069058379937633,16944.100438035166,15000,1440p
1.141960581433591,0.9082808847756467,16366.087874537017,15000,1440p
1.1618204621869344,0.8347735959204494,16805.83585018128,15000,1440p
1.2002758594161742,0.9831277962850979,15367.947155526259,15000,1440p
0.6539139721477973,0.8049118524353436,23000.98574796492,15000,1440p
1.2553868183678922,1.7725553186377625,11081.59617382323,8000,1080p
1.5182239892655889,2.235291239609818,8939.468725707893,8000,1080p
1.6723456249276567,1.1750716987818448,11784.163747478584,8000,1080p
1.1839918468643578,1.0504016022054972,15017.244171552782,15000,1440p
1.7269054751806292,1.1755587433510934,11560.67033859052,8000,1080p
1.5868815546872748,1.361875125539564,11379.179647138184,8000,1080p
0.9664149498958687,0.7566074852369071,19474.170107027247,15000,1440p
1.1837798274552132,1.5790683223709574,12144.870141383317,8000,1080p
0.7349022862888119,0.9664670154335526,19722.015652939957,15000,1440p
1.0426929825112932,1.1096468798920045,15589.746111254568,15000,1440p
1.716439794247087,1.7894331103531278,9570.920827155973,8000,1080p
1.2048811337069623,1.0103108916275065,15147.414588102656,15000,1440p
1.1626477337099856,1.4886385234458583,12655.906886491908,8000,1080p
1.5554561896071604,1.1526881957791055,12390.19314519085,8000,1080p
1.3412785875298021,1.2083659636122843,13160.435239872808,8000,1080p
1.353646062087304,0.980249494090264,14377.006679319931,8000,1080p
1.4084904182644127,1.0042785437889485,13907.02239946085,8000,1080p
0.9452556720657262,0.9473418004335773,17729.30191843123,15000,1440p
1.2740838854645757,0.9032839235352179,15410.548397614883,15000,1440p
1.9303933895711147,1.3922938728233862,10098.582668240326,8000,1080p
1.4999640852659595,2.0341384989464895,9494.47029350377,8000,1080p
1.316171073242563,1.7524507960368216,10934.691020721855,8000,1080p
0.9940262274846919,1.4387806944391799,13792.476376820337,8000,1080p
0.9146283526552295,0.6350720987481004,21652.205088805913,15000,1440p
1.7079778557267487,1.282299268813388,11221.1780388616,8000,1080p
1.1030203217266283,0.9568570118262185,16289.529212948713,15000,1440p
1.6675164135675755,1.763785664978286,9778.921013628711,8000,1080p
1.1793401975162763,1.6589867095345354,11821.905333260229,8000,1080p
1.3223794056170848,0.893803710628817,15140.640569827754,15000,1440p
1.2276352449648436,1.2224071385598438,13695.449607581,8000,1080p
1.130713969317758,1.6588422685872224,12028.591337954218,8000,1080p
0.7564844341284664,0.8196138137064826,21289.55605787455,15000,1440p
1.0420528489318914,0.8140027486319101,18078.355004043227,15000,1440p
1.476013933148607,1.2985370561997975,12093.644027021528,8000,1080p
1.455489861783918,2.093804737075829,9453.831195297162,8000,1080p
1.0764345482682816,1.023531138794602,15978.56203399728,15000,1440p
1.5200788905453355,1.1620470677952004,12510.386358126349,8000,1080p
0.8974773015183483,1.0710865017124531,17045.133078709747,15000,1440p
0.9533512138456559,1.2725768313545949,15074.356097158276,15000,1440p
1.3362994500585441,1.1292033285678866,13609.569735992627,8000,1080p
1.0279076417672153,1.020942891650157,16377.198557296913,15000,1440p
1.0140547392564845,0.7267145599827949,19275.634062861387,15000,1440p
0.9532104290484547,0.9830462997513107,17329.536678124037,15000,1440p
0.838993610616936,0.79767459499412,20501.670335480325,15000,1440p
1.6891585578513706,1.3045045988924888,11208.4861399358,8000,1080p
1.5171254069411428,1.2492585822780928,12129.347238403503,8000,1080p
1.0731300591825976,1.15640161846622,15049.991142258752,15000,1440p
0.6125133062429633,0.8615077996757863,22763.874862623285,15000,1440p
1.3987099460039214,1.3705498468188033,12116.751229684285,8000,1080p
1.6494735881784262,1.3923528860369327,11031.01451855678,8000,1080p
1.3536720003724851,1.5386777746171592,11601.097588593046,8000,1080p
0.8065321354835123,0.8634580053154742,20092.5928724024,15000,1440p
0.8601444338048186,1.2164067737237918,16158.73082173327,15000,1440p
0.9326482904276191,0.8875195244295898,18434.801300248422,15000,1440p
1.3040412852149328,0.910272322219154,15153.423565364967,15000,1440p
0.8233384661611002,1.1363474883646019,17122.351631142395,15000,1440p
1.2900886053477296,1.103206524074301,14020.181459234924,8000,1080p
0.9546028871900748,0.863073948019541,18460.06471008939,15000,1440p
1.865527128559028,2.138759586560355,8379.627730777918,8000,1080p
1.2480992302866674,1.3730399655938537,12801.468938671926,8000,1080p
0.9495681232687504,1.117123032999693,16235.82309249578,15000,1440p
0.8041806967910291,0.5830049735786614,24188.854251253626,15000,1440p
1.7621695215752518,1.5511620955160639,10127.09739855636,8000,1080p
1.797434411265798,1.3454991390805204,10676.150628861578,8000,1080p
1.0545365999525298,1.3292768224517746,14075.947255199671,8000,1080p
1.4403628812377316,1.0378912750641134,13539.544325861772,8000,1080p
0.8794257868260726,0.982894956657177,18017.53651588524,15000,1440p
1.2958834145275613,1.2470421131294975,13195.208288665692,8000,1080p
1.3660118020533925,0.9409746850409308,14544.702445250212,8000,1080p
1.2629068969414143,1.087192610235671,14277.877127128642,8000,1080p
1.1654368670783524,1.115156094795966,14713.02970803834,8000,1080p
1.1307147700074693,1.4806648105059639,12849.312390427262,8000,1080p
0.8828945066799878,1.2665522793218276,15610.72933673998,15000,1440p
1.187895464817628,1.1769721734402432,14188.714605912814,8000,1080p
1.1996617556398934,1.1750867469720438,14129.678137745605,8000,1080p
1.448408427591271,1.3079533602300004,12173.44985272149,8000,1080p
1.2277335179458508,1.0382663165985373,14807.782193305677,8000,1080p
1.4151027320445948,1.5615435287560109,11272.562830819918,8000,1080p
0.53585567998537,0.7986072502171977,25144.521620324467,15000,1440p
0.9682093586505381,0.9762339214891792,17256.57536155488,15000,1440p
0.8892028139953114,1.307187370795735,15277.081564263226,15000,1440p
1.4043679373770046,1.0232162141099415,13822.149884875138,8000,1080p
1.1861877586841965,1.5363703190139975,12324.597324428369,8000,1080p
0.9196608485403639,1.075758399026766,16815.730348852994,15000,1440p
1.40375757189149,1.1507676015256252,13135.29118803523,8000,1080p
1.5854896547182908,1.3819405144218886,11307.572575405367,8000,1080p
1.1081519261276298,1.577613223716755,12493.434879048962,8000,1080p
0.9210843621183838,1.1615024238964362,16111.900942293418,15000,1440p
1.0676768330405906,0.7248002969617413,18719.58723398404,15000,1440p
1.817331143656238,1.212422912069761,11074.968919204759,8000,1080p
1.113393218878616,0.9273201178182964,16442.50145114013,15000,1440p
1.5586222093474393,1.2231989425910206,12062.037840433495,8000,1080p
2.281110612022664,2.0845690533962773,7685.958332167285,4000,720p
0.8501909468615554,1.2295613770129,16133.859601844359,15000,1440p
1.464569610743462,0.995768939668686,13638.136098944216,8000,1080p
0.925896013567299,0.9544967821059848,17844.373833598776,15000,1440p
1.4446356768020938,0.977378664648628,13853.93613313693,8000,1080p
1.9776143314030914,1.8535655190727602,8758.250280480142,8000,1080p
1.1584621839019116,1.0160837183101252,15430.546656139593,15000,1440p
1.7555930855555069,1.5997350604854166,10000.342899275627,8000,1080p
1.6183967004138213,1.1393510575566963,12167.331802925075,8000,1080p
1.583969611032852,1.7280623311420826,10131.071374259025,8000,1080p
1.608980271034989,1.2031695027360296,11931.950535836642,8000,1080p
0.5933581761338244,0.8574922050049129,23127.424051585484,15000,1440p
1.063701163195486,0.9420372649626998,16729.216297068262,15000,1440p
1.6994213351392053,1.4781439538315047,10559.793095823088,8000,1080p
0.7318764950112148,1.086768691032645,18450.235514598487,15000,1440p
0.855185167260647,0.9311243392585722,18784.220694981217,15000,1440p
1.1711522279134612,0.9166068040489845,16071.985074091428,15000,1440p
0.8952522422372235,1.1548786475242656,16366.970600547216,15000,1440p
0.6949562994627312,0.8538214273818194,21665.104952382768,15000,1440p
1.4050844046343713,1.1522844032342943,13120.685564302541,8000,1080p
1.351109196202143,1.5484694344914947,11572.175227396094,8000,1080p
1.0941739733165332,1.2633995889464615,14232.612944552904,8000,1080p
1.3180288202577453,0.892649101299023,15178.344919811221,15000,1440p
1.2671121441979742,0.9550764118219803,15099.723157650305,15000,1440p
1.4389774204767833,0.9867106126573273,13832.954420212887,8000,1080p
0.9047215678544962,1.0382235316654231,17269.881690579386,15000,1440p
1.0082994811357815,0.970676704066034,16955.450121588063,15000,1440p
0.9033710729064574,1.1126810877838689,16643.632865387008,15000,1440p
1.1695736711296298,0.8775182702423612,16391.267691431254,15000,1440p
1.260534205671094,1.6667570501598539,11462.621607317704,8000,1080p
1.2151284332415258,1.0847293905876665,14589.785356441256,8000,1080p
1.0468049760505,0.7309435769324921,18874.678279837146,15000,1440p
1.6408234257274172,1.3654257300435286,11161.560556478573,8000,1080p
1.5044017614239102,1.1109629122715305,12829.733588390363,8000,1080p
1.3467821919312777,1.6609295825146266,11156.132806702053,8000,1080p
1.0399056095458628,1.2736553104846977,14503.37084685748,8000,1080p
1.4868030337438016,1.8051376210862289,10192.903067911619,8000,1080p
1.0538403123983708,1.30748683641326,14209.988656966363,8000,1080p
1.110464126199814,0.7726157129489293,17818.91096830417,15000,1440p
0.8602459349690754,1.1645402985285402,16571.839261292327,15000,1440p
0.7845648740942809,1.16329429524604,17226.313138112462,15000,1440p
1.4562529413355612,1.4508403566481003,11542.261826709555,8000,1080p
1.42364254799648,1.1649260939900519,12962.542872438373,8000,1080p
1.225465418196532,1.5484080650353091,12096.597845156844,8000,1080p
1.1917723508442855,0.8400926214657982,16514.105246792573,15000,1440p
0.8918034798370675,0.8028060522807372,19800.686449618875,15000,1440p
1.1897955983243236,0.9937033271316578,15367.276625974435,15000,1440p
1.2920253513361888,0.8852699022019119,15411.061933595873,15000,1440p
1.8319112649678078,1.3921747620286007,10407.424528699581,8000,1080p
1.07114541416702,0.8278983183493827,17669.12021322299,15000,1440p
1.4982439580406057,1.111596220349042,12856.891497740726,8000,1080p
1.1012431365920468,0.8940693021324928,16816.630492941218,15000,1440p
1.2224255405785276,0.8192710241967824,16434.583169165828,15000,1440p
1.5774836063587496,1.534851838892749,10781.110388083045,8000,1080p
1.9212033231373113,1.6417093512804675,9417.696998561207,8000,1080p
1.72251167402773,1.8892528582622363,9290.315495380728,8000,1080p
0.8831624436154961,1.1234980793063298,16721.52893661485,15000,1440p
0.9744279071608373,1.4094558304385683,14075.532070112466,8000,1080p
1.1789709141139058,1.460905872956234,12710.605345047295,8000,1080p
1.0404068981532206,1.2415037381143321,14704.533765127584,8000,1080p
1.0211049712569134,0.8390238955418585,18038.767420316533,15000,1440p
1.1274501488898998,1.6430313863069677,12111.407917257842,8000,1080p
1.0676927978861444,0.7939430636200346,18024.165033462763,15000,1440p
1.3169448952077287,1.4372603412025784,12182.981702457717,8000,1080p
1.6233089000342593,1.9593728547292106,9365.730560741718,8000,1080p
1.7601530365485079,1.4841648804938166,10342.522791536358,8000,1080p
1.2659993273060173,1.3531390849278346,12811.24809718688,8000,1080p
1.1910378656282807,0.9259634075809009,15849.981964883058,15000,1440p
1.5565493726416724,1.7664557322428152,10097.616747767952,8000,1080p
0.9822175573966251,1.412141113245383,14013.953887285788,8000,1080p
1.7941146233439513,2.6128841459017824,7613.896385485696,4000,720p
0.9839556751317814,0.6902541344067245,20041.95161731208,15000,1440p
0.9154245058627449,0.7291874292217483,20402.644103562412,15000,1440p
2.039380544831338,2.2468632197651752,7828.400306383101,4000,720p
1.3534799679738894,0.9600188743943885,14503.760012972847,8000,1080p
1.3566670353808183,1.2917667199491751,12669.537960868927,8000,1080p
1.100439867531694,0.9645091122622695,16249.521091483817,15000,1440p
1.043470585995808,1.223254646202323,14803.043405248094,8000,1080p
1.7951579119801222,1.4367144246543901,10382.350694873572,8000,1080p
1.2178599809607706,0.8476770932937421,16244.894569181415,15000,1440p
1.2521273052773543,1.69756560622133,11375.567900372253,8000,1080p
0.8669681160607635,1.2953299582368878,15517.94935159391,15000,1440p
1.8614645210988174,1.454416705722917,10119.310585850464,8000,1080p
1.4862077058429681,1.7902054896546449,10241.208906773385,8000,1080p
0.8190016359993347,0.7467279714017682,21430.540651074338,15000,1440p
1.141646167095835,1.3157432900395807,13654.503116129777,8000,1080p
0.8411455513684604,1.0973399102231833,17309.612408673554,15000,1440p
0.6393056610280055,0.9225576604444874,21483.59049008563,15000,1440p
1.255481999351788,1.822206619759699,10902.477850305399,8000,1080p
2.20755233905595,2.2107077661362373,7594.4899578383765,4000,720p
1.6686755576477048,1.2319760321918083,11567.894647373521,8000,1080p
1.193296772174638,0.8315218074720605,16571.574528842364,15000,1440p
1.4658326761812088,1.9420648158097042,9846.08019427172,8000,1080p
0.7973166818132829,0.910543067674586,19647.065287452246,15000,1440p
2.2231374922065665,1.652701903545414,8657.332921683112,8000,1080p
1.489034061816924,1.7334231565115472,10412.685018485708,8000,1080p
1.698096155777264,1.221649435091034,11492.245113733114,8000,1080p
1.4963334405882172,1.4292832809800908,11469.182464206311,8000,1080p
2.4863751654241293,2.005940533592244,7469.29518051169,4000,720p
0.8106163777812647,0.8681793008102301,19987.204177313633,15000,1440p
0.8688739263536917,1.1842119695639255,16343.413622742268,15000,1440p
2.0089110569420052,1.8840940432497821,8619.159527519487,8000,1080p
0.9867973758761792,1.0872375393233038,16178.335164031074,15000,1440p
1.1856483099684219,1.035279832472719,15108.29250113357,15000,1440p
1.151814276996759,1.1468926357776306,14597.090135123832,8000,1080p
1.6988892007514427,1.1767891176922654,11668.353787971446,8000,1080p
1.2268256131247688,0.9123153459572351,15685.937786166101,15000,1440p
0.985903365751812,1.1710724966061181,15556.23898513147,15000,1440p
1.0576272647243603,1.3227307697403536,14096.38025631955,8000,1080p
1.1538646349608364,1.165944049899501,14464.310017884136,8000,1080p
1.8034637432934333,2.5877318742466495,7641.297478520659,4000,720p
0.9965539037379066,0.9674629741182733,17084.59452579975,15000,1440p
1.503249232957009,1.8592934201182243,9978.88665272769,8000,1080p
1.4307946774880385,2.0087154599371093,9755.584562724734,8000,1080p
1.275727828452052,0.9403425749604286,15141.410646669992,15000,1440p
1.4192360977591612,0.9919575136861665,13916.108536753572,8000,1080p
1.2926102245734181,1.0656451708128964,14228.497925053332,8000,1080p
1.1089785757534258,1.05623681200123,15497.041167251353,15000,1440p
1.4846302264492768,1.468684796122691,11361.616266312927,8000,1080p
1.6239455291808553,1.1546706282705073,12075.950796592653,8000,1080p
1.1479681324018363,1.562253713967769,12380.695714982452,8000,1080p
1.5461799207711524,2.0496674648388646,9331.439408212724,8000,1080p
1.5885878961889648,1.0639821950506847,12649.781474509013,8000,1080p
1.9950815852639856,1.3912791842039551,9908.699717564947,8000,1080p
1.0031304840090867,1.2602900606011058,14824.65646072801,8000,1080p
0.9708463855625881,1.0492631749023316,16610.204048674266,15000,1440p
1.9993973465342811,1.494173575604601,9604.623105649402,8000,1080p
1.5719952370654287,1.7308150722439362,10159.357897552527,8000,1080p
1.3340414082752572,1.4213938097002479,12177.54341713516,8000,1080p
1.2225111984221924,1.16157312375621,14074.347827320305,8000,1080p
0.8713153089621838,0.9719909450095413,18203.395082993462,15000,1440p
1.2493846821195294,1.17608477866017,13834.200983595761,8000,1080p
1.8915863276596123,1.454112030449682,10029.12648077519,8000,1080p
0.6880411617152447,0.90400347696952,21076.31355595677,15000,1440p
0.9625338155793286,0.8568809942460223,18442.430950213577,15000,1440p
1.202492540802355,0.9958935558504323,15263.211521892908,15000,1440p
0.6870693567518237,0.7812970275546761,22851.539206168593,15000,1440p
1.2476489245440854,1.7202745245315965,11305.693214712144,8000,1080p
0.7896260341881434,0.8567484915889148,20380.801254297185,15000,1440p
1.9312522119005497,1.805439886887708,8979.715511181961,8000,1080p
1.3439811037030536,1.0073005864550808,14270.698462226068,8000,1080p
0.9222334278212285,0.9847500047379032,17595.55506728795,15000,1440p
1.4028755497441336,0.9553185246279456,14228.86791407726,8000,1080p
1.2967365908783075,1.537844072999852,11837.529419287075,8000,1080p
1.188043452523628,1.0815639628262879,14784.244963716228,8000,1080p
0.5993048600452794,0.8782587807251411,22709.29730140374,15000,1440p
1.0505212398708694,0.7661003583220529,18470.787770759824,15000,1440p
1.1725030305083788,1.1054314184846619,14730.20086896386,8000,1080p
1.653042196955618,1.1107696012220785,12140.63563304995,8000,1080p
1.2017163011545224,1.231045176227029,13792.734023442184,8000,1080p
0.7528898408285197,0.9427306879535312,19788.88048972953,15000,1440p
1.5019887797698734,1.594058662313199,10837.828756727326,8000,1080p
1.0445882872390133,0.8533166146573123,17679.722501624547,15000,1440p
1.2004829360657359,1.0480031123369635,14923.122170954412,8000,1080p
0.9124187583069139,1.2709394922498918,15368.266747540338,15000,1440p
1.4664232845343577,1.0871116441959838,13140.384970838759,8000,1080p
0.967952500092927,1.1292990633072404,15999.240427600353,15000,1440p
1.6799311202503229,1.4505465536461726,10718.630028827169,8000,1080p
1.3361772423686802,1.656161191828596,11213.448190395384,8000,1080p
0.8473611210493085,1.2519624486381344,15983.449376027222,15000,1440p
0.7600617054501829,0.8191839090674394,21247.12691397857,15000,1440p
1.3146020826620535,1.4096425390411969,12316.96732836757,8000,1080p
1.3691393798667104,1.0524033767682794,13856.634126348326,8000,1080p
0.9259772134314541,1.3282453069549016,14885.146296138077,8000,1080p
1.494905915790862,1.3317230591549607,11870.829987739417,8000,1080p
1.1264677523998665,1.5395448695251848,12585.998927406168,8000,1080p
0.6899111643837883,1.0179858397779,19646.636722376596,15000,1440p
1.5179941564444386,1.8080797861806501,10088.300073544762,8000,1080p
0.9750380055182827,1.1283410324244776,15952.632119419803,15000,1440p
1.604706857216349,1.2407477954489547,11792.291951857309,8000,1080p
1.1895488538770833,1.5349673533154566,12315.73954723358,8000,1080p
0.8567948542816407,0.5819910501859492,23321.351631128553,15000,1440p
1.4195963678189096,1.3650093869860316,12049.975815104373,8000,1080p
1.5918643099757037,2.366178294281422,8477.53178904898,8000,1080p
1.2346200923175734,1.0075263508934473,14965.316873748021,8000,1080p
1.4413003251987129,1.0134191565611759,13669.354991203905,8000,1080p
1.2070702656865921,0.8171689869547163,16576.317229406966,15000,1440p
1.6481750614923762,1.138570626015801,12040.722678933556,8000,1080p
0.784131148897876,1.0718555374649332,18079.026237928927,15000,1440p
1.2284370654358743,1.0193392318886232,14927.83425109494,8000,1080p
0.9351817221588519,1.2341580613327507,15467.57785725635,15000,1440p
1.8148713471186078,1.9649560806349982,8877.239144206585,8000,1080p
1.3591668352040942,1.8716235237451875,10385.82769911217,8000,1080p
1.3494614301064032,1.452249527820694,11976.407453831685,8000,1080p
1.7015851327472842,1.4891507026956214,10516.204954128492,8000,1080p
1.3071748470537146,1.0006132080884131,14539.650608397622,8000,1080p
1.437583894108822,1.5150996273905337,11364.046216155688,8000,1080p
0.9837878077136788,0.821813771598886,18583.519412280846,15000,1440p
1.2492195331238616,1.6391701050660035,11617.003314354895,8000,1080p
1.2519913385489747,1.4606756801584295,12369.535873219269,8000,1080p
0.7974833873979175,1.0214327067629236,18447.48754916063,15000,1440p
1.0509512729345647,0.7597953675780125,18530.71614176878,15000,1440p
0.9916255508325668,0.7584409484402593,19173.232567986575,15000,1440p
1.2058929545963097,1.7391242678151244,11393.628446262537,8000,1080p
1.4067813331172254,1.8197831094527674,10399.430291022962,8000,1080p
1.6158478255122157,1.1715847249804436,12037.755673790021,8000,1080p
1.3706273039399777,0.950424703216677,14456.561893718615,8000,1080p
0.9790401883224862,0.8666505496464405,18179.87776052052,15000,1440p
0.6678695705661188,0.9383004816029041,20890.958559890365,15000,1440p
2.2134230177854706,1.5315455229833783,8959.870192423889,8000,1080p
1.2089048073253217,1.590288686620036,11987.17847572098,8000,1080p
1.3006135251139612,1.5818874863299783,11640.735551100981,8000,1080p
0.5889504414582629,0.4824802866715092,31317.406827197017,30000,2160p
1.2208059126397643,1.4306497207279067,12655.09842130822,8000,1080p
1.1855458493671986,0.8068501308017926,16841.24658651137,15000,1440p
0.8452076480585489,1.189369467338651,16492.09152411475,15000,1440p
1.0274415285163276,1.1099424622091614,15698.831911158215,15000,1440p
1.166212946119108,1.5262182897882066,12462.502868227419,8000,1080p
1.0022133488762845,1.0240569019922061,16559.702234002623,15000,1440p
0.7222894811202437,1.0635653710374773,18789.00290214436,15000,1440p
1.3245169334066884,1.1303730319454046,13668.40570191807,8000,1080p
2.2811598775694946,1.7785908729129276,8265.145833401893,8000,1080p
1.8220813869554577,1.3353894415042027,10626.99667644093,8000,1080p
0.7771749284444598,0.8305739398520169,20870.443551021304,15000,1440p
2.247355612738626,1.8424388291977936,8204.429947856446,8000,1080p
1.2168639773360426,0.9799600871307861,15274.06429251024,15000,1440p
1.5284388452727717,1.0302496638155518,13113.918275247835,8000,1080p
1.064233386646794,1.4843101696232979,13166.120672117695,8000,1080p
1.1749515168397142,1.2137355206825395,14047.228235811697,8000,1080p
1.9051397518532684,1.7365063673811758,9214.083659247453,8000,1080p
1.1709068666828744,1.5755708685254746,12217.259790549348,8000,1080p
1.5887774004945319,1.8273075131410923,9822.481831778927,8000,1080p
1.385032688610449,1.180767778046484,13077.568749420016,8000,1080p
1.6537486120337592,1.109028747357107,12145.181328472316,8000,1080p
0.8169362879666892,0.7768304723451399,21053.539850106357,15000,1440p
0.7977001945498108,0.9429532254398967,19276.91728557797,15000,1440p
1.785598263180763,1.210820013358208,11198.180261654667,8000,1080p
0.7306906084914974,1.0671494974805071,18663.746508123844,15000,1440p
0.9812735542825181,0.9855743221557879,17060.003674896565,15000,1440p
1.3577342808394308,1.7238119240192937,10888.829752769625,8000,1080p
1.0096799568084955,1.3430585157105484,14261.862247729448,8000,1080p
1.3323419555684293,1.3644809506841158,12442.208171031376,8000,1080p
0.8868467580159481,1.0307528791580665,17498.142651637907,15000,1440p
1.6289676167384397,1.6113853225633075,10355.178163780682,8000,1080p
1.6390509683831078,1.0972750054930709,12262.58578851555,8000,1080p
1.7869233240121993,1.897940412297331,9106.017047350979,8000,1080p
1.2035405810741495,1.08219418485773,14679.932466407612,8000,1080p
0.9692391357296043,0.8235360830768746,18716.474685732494,15000,1440p
1.2393576498273722,1.698076630046809,11423.040927212585,8000,1080p
1.1160410077009038,0.8462869707277176,17099.29857233625,15000,1440p
1.298408500328615,1.4114689257351836,12382.269278038568,8000,1080p
0.6841112329201611,0.8757588343039997,21511.04294200042,15000,1440p
1.2216933101755982,1.1833691387549274,13951.584506639676,8000,1080p
0.8405513758287716,1.0223370742344535,18012.045755536885,15000,1440p
1.2420291329530035,0.8714730544462321,15876.222981955045,15000,1440p
1.4171097462973263,1.348965285210438,12130.70203005656,8000,1080p
1.398364882479444,1.5553400566884632,11360.116427016123,8000,1080p
1.1707380425167357,1.6918790484417172,11721.592841033937,8000,1080p
2.1351966752608673,2.027398628592157,8060.9402429635675,8000,1080p
0.9267160855920982,1.0003449443299073,17412.23110165746,15000,1440p
1.1503466716883375,1.1055704366242212,14873.964950378406,8000,1080p
1.6749466505163504,1.304769768668237,11260.948117063543,8000,1080p
1.3971423158840424,1.4393400365234148,11829.59307732719,8000,1080p
0.9141292847216842,0.8944723133668109,18552.693990463995,15000,1440p
1.5303421812215863,1.1196596635886116,12662.040996580243,8000,1080p
0.8318358341765534,0.8383305362519288,20090.472778105086,15000,1440p
1.9046883933429772,1.723571673167496,9248.077972611103,8000,1080p
0.9270723499052275,1.17107946268959,15992.375670139287,15000,1440p
1.0510427431967204,1.5651604063015387,12825.621743645992,8000,1080p
1.0194263394526348,0.785876002527002,18586.599717809753,15000,1440p
1.7910606556377087,1.2870283694213451,10901.059627200435,8000,1080p
0.9393014581350917,0.7890111805395409,19414.56149145066,15000,1440p
1.3584135532857509,1.4281796452483697,12041.381575771884,8000,1080p
0.9692632065563178,0.7403870228802714,19626.48933814829,15000,1440p
1.1025420236621926,1.2013386694789234,14564.309731790761,8000,1080p
0.757394366189028,1.0703054686452123,18358.83078855952,15000,1440p
1.4661216976485418,1.9764531408245962,9746.89979866412,8000,1080p
1.0059300907402693,1.2155564458611825,15104.494871858802,15000,1440p
1.4536094881380697,1.043269030938951,13438.55207357205,8000,1080p
1.088000749910755,1.453760394360657,13201.253027108602,8000,1080p
2.2270673513458283,1.7315380870566006,8476.326454384282,8000,1080p
1.4809634335975854,2.208945509728017,9093.566403771041,8000,1080p
1.2041675526441753,0.863551171134374,16227.75458486086,15000,1440p
1.7981662933039078,1.3384745106694191,10697.569182131107,8000,1080p
1.2032659975573181,1.4247247351673695,12768.093731141484,8000,1080p
0.8536295119203005,1.2636656694774455,15847.781780643749,15000,1440p
0.9116040894922204,1.0561742774885374,17051.93662205156,15000,1440p
1.506172793804562,1.7131431372444128,10422.845324493113,8000,1080p
1.5927729143881204,1.163200924499486,12175.16346727862,8000,1080p
0.99736187858031,0.8274018680538724,18388.370583255997,15000,1440p
1.0112958781370738,0.6877899797368583,19748.520561513407,15000,1440p
1.998221193960951,1.752644520859082,8945.783334077569,8000,1080p
0.7702629441425377,0.7701350986214297,21782.961980263623,15000,1440p
1.4743533471425363,1.3037796234394778,12078.051106736768,8000,1080p
0.8516902025985078,0.5838482690533449,23374.108505353684,15000,1440p
1.402077189630904,1.273666471055245,12540.22666408767,8000,1080p
1.020649956946485,0.9768925750964308,16797.856096552496,15000,1440p
1.3867136638129016,1.0165752924240528,13961.87999487968,8000,1080p
1.7432541299576483,1.7243412946154753,9676.570617845564,8000,1080p
1.6793907789524047,1.316668773635797,11199.521041233436,8000,1080p
2.0221382250173376,1.6858892743709846,9049.13245803467,8000,1080p
1.7953090639827733,1.346064227608578,10681.453264346708,8000,1080p
1.4579671905781246,1.1405999953604116,12912.666711705971,8000,1080p
0.6627096229157573,0.7199926178843491,24267.286918247555,15000,1440p
1.1132523261672425,1.3295191583370454,13736.214055572706,8000,1080p
1.7016681575579213,2.1314748187064962,8753.76478461036,8000,1080p
1.4963082267931502,1.4716082549902654,11305.71975523961,8000,1080p
1.413435696585457,0.9600289362605339,14137.321254189203,8000,1080p
1.000141291026922,1.0509883941068183,16359.000721990984,15000,1440p
0.772369802488027,1.114209254966311,17785.860532808412,15000,1440p
1.0802824380674072,0.9128204929289079,16835.273019856915,15000,1440p
0.8653714211376976,0.9014316956833267,18991.60788236205,15000,1440p
0.9699794718440128,1.138519417305766,15913.895981956306,15000,1440p
1.0309273282749372,1.0510753472007295,16116.421172385839,15000,1440p
1.0731099102168227,0.7269859689870326,18640.35820960849,15000,1440p
1.347986532500097,1.4564090853329743,11964.942387810168,8000,1080p
1.0060447760059739,0.8330336842910573,18245.242236473474,15000,1440p
1.0002895808937073,1.1501933257147434,15603.20795709976,15000,1440p
1.1212760021609531,0.804193217196258,17426.62602064428,15000,1440p
0.7978475148389289,1.1808776665354417,16957.6009421854,15000,1440p
1.3595085885168967,1.7404662212008406,10824.098278093828,8000,1080p
1.4167736309333154,0.9784619717284269,14008.823166586251,8000,1080p
0.8382028538738538,0.7859324178393444,20659.87518675433,15000,1440p
0.9696401610784502,1.0095800388303364,16953.359712853766,15000,1440p
1.2705334128768835,1.6608293392629323,11446.700677187146,8000,1080p
1.3008088087286451,0.9663091467096947,14800.479136742737,8000,1080p
1.7115054677772241,1.5593774270990537,10258.524404087297,8000,1080p
0.8645751184681686,0.9282491718336158,18715.96239604262,15000,1440p
1.2974043762707634,1.7474698840949119,11019.972954801184,8000,1080p
1.4586664604430226,1.0059250728398659,13614.601668011404,8000,1080p
0.8581540946032145,1.0764208312414354,17344.60193385887,15000,1440p
1.0311975100866158,0.88583020587447,17503.363003376176,15000,1440p
1.843763901834077,1.50841872340666,10009.726721732617,8000,1080p
1.0750910707442685,1.2106761910126658,14679.72376776833,8000,1080p
1.4242334881094887,1.3659910137907956,12025.71046779488,8000,1080p
1.193691530120363,1.4854188086505822,12524.46810958643,8000,1080p
1.5118022203898924,1.4928656160899196,11167.434746900832,8000,1080p
1.1839175688596184,1.4470347224031916,12753.72119495731,8000,1080p
0.8370490526911736,0.9436164574490149,18843.759150115915,15000,1440p
2.1108529951182735,1.6540757629903875,8912.368375558934,8000,1080p
0.8768475371517623,1.2668724455014266,15652.43234728406,15000,1440p
1.6554635932926514,1.6159888854789661,10256.738319671145,8000,1080p
1.0295695975183856,1.1079088677411668,15698.138037580422,15000,1440p
0.9713608679051545,1.4127815865501123,14074.004654082877,8000,1080p
0.8728119683286834,1.0146480142686691,17777.559423445582,15000,1440p
1.3018526390476923,1.2616810243366934,13089.132582601365,8000,1080p
0.8769154070180256,0.961873932965893,18248.111009983044,15000,1440p
1.3603229812729616,1.8071561721429794,10593.418417233626,8000,1080p
1.3133146682406194,1.264596694470863,13016.130998665132,8000,1080p
1.5063170320853851,1.0566876034843347,13091.834300386008,8000,1080p
0.6973030348098389,0.8548284244353493,21618.292574469007,15000,1440p
0.9356069100828781,1.0873919236978422,16586.48113864265,15000,1440p
1.1620082034084847,1.520712332632166,12507.613651596379,8000,1080p
1.5588066075838176,1.0789232286069925,12720.951000977613,8000,1080p
0.9944433375874995,1.3515762195144172,14302.70770694275,8000,1080p
0.9405327795282471,1.0301155335447199,17027.103099728778,15000,1440p
1.0881738402864987,0.772126175692956,18037.10783840072,15000,1440p
0.9155365982444396,1.3101788880048995,15075.795719310107,15000,1440p
1.1546086823859487,1.1476045933536567,14574.858182598377,8000,1080p
0.9487127554400057,1.1401430830749275,16063.54607211929,15000,1440p
1.065920311804396,1.0521440572038416,15842.026564901576,15000,1440p
1.3716627864731545,1.5921245258876298,11321.47096387711,8000,1080p
1.2114956130390586,1.3746894336537132,12974.489989766818,8000,1080p
0.7125160501974143,1.0073075645851501,19510.39147944381,15000,1440p
1.0367380385668772,0.877821193741912,17525.930477239046,15000,1440p
1.1022091412505497,1.0113152296782038,15876.056345285982,15000,1440p
1.214739904601215,1.4167764475346711,12750.98745738948,8000,1080p
1.568035982120017,1.2446368761229816,11929.73150135937,8000,1080p
1.0859073522963463,1.244412276510322,14399.068516271676,8000,1080p
0.8651816612484494,1.0672350130572918,17363.973539534425,15000,1440p
1.504711073904893,1.4211102084410288,11468.380588542332,8000,1080p
0.8794767939592192,1.1111513320691109,16856.20310557315,15000,1440p
1.0893221008065954,1.0269222224696353,15855.651273787342,15000,1440p
1.80659223057888,1.3000473247088824,10800.877090130243,8000,1080p
0.7655294781098112,0.9878834873366105,19136.63960586546,15000,1440p
0.9991808078473853,1.147512784454849,15630.75052737934,15000,1440p
0.7781166990257593,0.9937106294411977,18937.755085328994,15000,1440p
1.3512326319074193,1.322013469472398,12551.942742076988,8000,1080p
0.9525838108143878,0.7736091710280166,19438.401356600698,15000,1440p
0.6778771431468671,0.7427402520279975,23619.612229139122,15000,1440p
0.7776427551435703,1.019489072281051,18671.10219069747,15000,1440p
1.0166354097045678,1.0901250473295516,15927.027625740451,15000,1440p
1.0195202510818946,1.3540541636616956,14136.667378774715,8000,1080p
1.902118632443899,1.648617928670481,9449.991972783562,8000,1080p
0.7907951787790753,0.8643306679797463,20273.039700098052,15000,1440p
1.5809781445063582,1.0976207129117925,12526.859670336178,8000,1080p
1.2543622888683013,1.5178858399801802,12103.690016354209,8000,1080p
1.0604972578301044,1.1167850363823606,15411.153661237493,15000,1440p
1.2056441888009846,1.1008310824997718,14547.926187423069,8000,1080p
1.3400662986144756,0.9727617878094263,14507.966327874334,8000,1080p
1.6811211776417985,1.1799250003104518,11728.02880938331,8000,1080p
0.9664048033652481,1.1570333070370487,15801.935472300123,15000,1440p
1.142843087639826,0.783948076065311,17414.669857358214,15000,1440p
1.2763501302774989,0.8535798466177456,15753.772360587935,15000,1440p
0.8889722872950591,1.233313328088661,15810.51662263337,15000,1440p
0.908070525911439,0.6340393399000932,21758.781746942554,15000,1440p
0.8081821042883088,0.7154764996421592,22022.277112105126,15000,1440p
1.1335387096305314,1.3307613913050784,13616.211754104355,8000,1080p
1.1907295429335951,0.8877045709280944,16144.092216450646,15000,1440p
1.5190004139331388,1.3793296497969687,11577.160386217693,8000,1080p
0.8599448744031115,0.9698093467455382,18338.218112668605,15000,1440p
2.7154946780374605,2.080071606669014,6996.969702412067,4000,720p
1.1632006071423908,0.9880595723941847,15597.570353962623,15000,1440p
1.3813458058623795,0.9749767797879683,14240.169068675688,8000,1080p
1.2522504659173843,1.7195875645357188,11290.801065253245,8000,1080p
0.9261251488150037,1.1840463005460187,15901.282339006417,15000,1440p
0.7423393327613125,1.0014879195379924,19241.832558676415,15000,1440p
1.103665878541459,0.777313381628213,17838.810193459154,15000,1440p
0.929696563872495,1.3798769051661328,14528.410743290713,8000,1080p
1.38653171374383,1.62559998830816,11139.762573177435,8000,1080p
1.1230359583107643,0.850486943112976,17002.301810530364,15000,1440p
0.9998010329982219,1.2194570372323346,15119.662039356273,15000,1440p
1.9661789451373055,2.154856904056709,8142.2324939402115,8000,1080p
1.5658041427729577,1.0900992762023238,12633.90519409256,8000,1080p
1.2628384848307905,1.2272101574205414,13475.412259281158,8000,1080p
1.7531760591558165,1.3130162695211438,10943.355276894354,8000,1080p
0.9419343891607185,1.0218106775836695,17086.959284194923,15000,1440p
1.1325498261925668,0.7641700759221082,17690.76813217902,15000,1440p
1.4166117291862104,1.3595007877408471,12086.841507829866,8000,1080p
1.806525661109802,1.3001696108588134,10800.683383001258,8000,1080p
1.1900837878904273,1.1079696403126247,14601.241027819648,8000,1080p
1.5003085670606164,1.4179883229318186,11497.950093791513,8000,1080p
1.0358388022082556,0.8522846047558146,17771.31297469187,15000,1440p
1.1957758215515915,1.036381905147124,15032.285397513486,15000,1440p
1.2524354035670238,0.9596347793944682,15168.791776343076,15000,1440p
1.6306325174505152,1.4879856557746094,10759.390902060839,8000,1080p
0.931573103665511,1.261428277148449,15300.688952391743,15000,1440p
0.9508764252958704,1.132781372747304,16103.619333036344,15000,1440p
0.9959814949396317,0.9475891109196068,17264.323662255545,15000,1440p
1.4594592115796015,1.964852623069347,9798.883285242599,8000,1080p
1.5444836204571013,1.8757270162306807,9810.63319319273,8000,1080p
0.9303232182511408,0.8035426094918668,19352.38094153927,15000,1440p
1.6988502713523628,1.173512963703877,11681.82059653156,8000,1080p
1.2459248563625562,1.060154147807361,14550.426043221385,8000,1080p
1.081603016171716,1.3209508025067478,13966.152074985266,8000,1080p
0.9061754859558379,0.9650668446957941,17931.633680131195,15000,1440p
1.2361357007450462,1.0187589050985888,14880.709685074666,8000,1080p
0.9732917743295194,1.0895148903461491,16266.396931229474,15000,1440p
1.575499215529684,1.3521032258031291,11461.403203613974,8000,1080p
1.1136770418157214,0.8202802704420196,17350.14097122334,15000,1440p
1.532093390087096,1.6221521888814858,10637.862893025624,8000,1080p
0.8713964956078981,1.0154273182602958,17783.5533733326,15000,1440p
1.4645010556968392,1.439261771960325,11555.50022212821,8000,1080p
0.8664141235094962,1.2463826133854172,15881.523960186301,15000,1440p
1.4021024881913127,1.3102404253958644,12371.013942194713,8000,1080p
0.8833057468889768,1.2073214491471598,16049.935666971018,15000,1440p
1.271075872444647,1.0590233593309,14400.43048056428,8000,1080p
0.9865825889650671,1.1456136352079271,15737.028149468097,15000,1440p
1.1249251051258327,1.1824265976856587,14542.400258752996,8000,1080p
1.4903789904877696,1.745458156816335,10369.629394963662,8000,1080p
0.8475720843254185,1.0023785877845786,18138.014437827598,15000,1440p
1.358766745153651,1.651884296765708,11145.241189629298,8000,1080p
1.6818893842107514,1.5120685766189415,10505.596007056894,8000,1080p
1.1152915419087168,0.8109418069921264,17419.71294347437,15000,1440p
0.7235607238021535,0.9409462171588705,20158.781663371694,15000,1440p
1.6290997959527536,1.419382489248136,11006.93028884989,8000,1080p
1.72663949048694,1.6655173500583271,9891.76903583454,8000,1080p
1.4961515966073988,1.3087905419746604,11962.611113597615,8000,1080p
0.9150501380388121,1.2727819963724738,15336.840277752393,15000,1440p
0.9636377501423518,0.8926288863862387,18076.29967575684,15000,1440p
1.3573825891716536,1.0647519486846675,13853.248643114977,8000,1080p
1.899505220405582,2.0037671211675816,8596.487527302877,8000,1080p
1.0125144573580631,0.7403440746096115,19142.692572191445,15000,1440p
1.3897187832915006,0.972851767075851,14202.51005616856,8000,1080p
0.9076384084238289,1.3196501106295364,15065.148368950957,15000,1440p
1.120935357763077,1.1977543762617302,14471.290189289728,8000,1080p
1.433795910178374,1.4433688020929507,11662.325711450518,8000,1080p
0.8009606814035892,1.0562528290391857,18067.083731261653,15000,1440p
2.117773578700393,1.4528859773118357,9397.26441953882,8000,1080p
1.2493958743219047,1.2394294461448385,13482.03577168178,8000,1080p
1.4946656722856275,1.047549740162784,13198.894096737333,8000,1080p
1.580413795513018,1.8203939866397498,9866.606450412051,8000,1080p
1.31861491257929,1.0820756880812463,13976.991450196743,8000,1080p
0.8638314700736607,0.9085786698852227,18931.52789160775,15000,1440p
1.623719826556532,1.0861779927171176,12382.176095847703,8000,1080p
1.2360029520868936,1.5377157922889009,12097.27268420331,8000,1080p
1.2755551238489151,0.9520364042611706,15063.099125928156,15000,1440p
1.4866150583808062,1.2456253147396208,12280.922399839323,8000,1080p
1.25371443081053,1.316794406517174,13053.614721232829,8000,1080p
1.4287844700746646,1.2404416916991325,12570.846367586128,8000,1080p
1.549134234091325,1.2648039011386634,11924.367341237776,8000,1080p
0.8805060364558401,1.015597471615001,17696.519128398955,15000,1440p
1.7707864738548966,1.2532216403382586,11096.012554500952,8000,1080p
1.5152540795049703,1.3832098140087914,11576.625837944282,8000,1080p
1.1303648618143558,1.5418136623434624,12556.957440025546,8000,1080p
1.6211201672948985,1.1017906096402992,12323.00091660277,8000,1080p
1.5633507426411384,1.0962714964227713,12616.239820512985,8000,1080p
2.0615751140729364,1.8978626235677964,8474.54467613215,8000,1080p
1.1432253358611937,0.8576679425116658,16769.7259832302,15000,1440p
1.0292592299504721,1.03204911628674,16278.220607436773,15000,1440p
0.77261000103753,1.0159261310425918,18760.83541067475,15000,1440p
0.9304716379969479,1.107535560944323,16464.334383819285,15000,1440p
1.0711305884429136,0.973742657591997,16409.05227992168,15000,1440p
1.5656092626504514,1.395691239390541,11330.978391714572,8000,1080p
1.2429660373086882,1.7179578388099084,11332.419678409868,8000,1080p
1.1062750594959232,0.869002920301587,16987.19488759741,15000,1440p
0.8847179163386116,1.1002385169476379,16904.366986255733,15000,1440p
1.6018705271554445,1.827007946502114,9785.832964855048,8000,1080p
1.9052245616032724,1.3880882537848023,10188.656189359299,8000,1080p
0.9459282269257167,1.2030194478682548,15614.355060188705,15000,1440p
0.9005335143003725,0.8282497603425629,19409.276160963767,15000,1440p
1.3229236192229195,1.6139103855832246,11425.37574309205,8000,1080p
2.2416686875605056,1.5579634988514854,8830.968460577651,8000,1080p
1.231583200553069,0.8508743293669117,16112.90099217022,15000,1440p
1.0967899663666762,1.1224246642089128,15119.957996715766,15000,1440p
1.2078753459884868,1.5599358825049507,12123.092664185844,8000,1080p
0.7587141119786727,0.7318684609018782,22510.951496740003,15000,1440p
1.2507967123656358,1.4993690152109347,12200.876355756189,8000,1080p
0.8276717966534863,0.8574416471335238,19912.26888831415,15000,1440p
0.890510897357908,1.1030630625421298,16831.295289231453,15000,1440p
1.0550060573151971,1.100907503320451,15563.904143775984,15000,1440p
1.2559047181529817,1.5669647673606772,11886.639524850127,8000,1080p
1.448018470973876,1.032916275932098,13524.915172334315,8000,1080p
0.8194265791286848,0.6718022247723086,22501.19626996406,15000,1440p
1.8236220702003596,1.7227233315846826,9461.693151239717,8000,1080p
1.3993829840747167,1.8025795519571595,10479.333103498235,8000,1080p
1.8417343518117988,2.4207167371723015,7872.09783749032,4000,720p
1.4391978147770286,1.4291445758354349,11698.196181117444,8000,1080p
1.1400797463030814,1.3993827176270426,13213.20258779115,8000,1080p
0.8783531183079288,0.9806883168582635,18049.3190551185,15000,1440p
1.4818507904748628,1.3193925076221225,11978.406881970976,8000,1080p
1.4901808812443893,1.0354425453674903,13285.603723201612,8000,1080p
0.9546890047623244,1.1600750580686046,15866.749671867583,15000,1440p
1.3525603381184053,1.0122591753698722,14189.003350409952,8000,1080p
0.9237825044064991,1.0742722234005788,16793.5500129303,15000,1440p
1.2257521868257193,1.0967612179901467,14447.465375408789,8000,1080p
1.5743883261491132,1.3171050351017566,11604.533646753467,8000,1080p
1.0837776561283228,0.7924635082699973,17883.85876863562,15000,1440p
0.9568815221611963,0.654982446525259,20817.1611574296,15000,1440p
1.3988015034347012,1.066907841188343,13608.42958768515,8000,1080p
1.2755020012423106,1.0939875058412056,14161.038442959994,8000,1080p
0.9451992150240102,1.358128437207128,14567.806698060178,8000,1080p
1.208451854048958,1.559976618148426,12120.389721814574,8000,1080p
1.6510049624368077,1.6462046121942449,10176.614874034702,8000,1080p
1.1237674507757993,0.9696211890557733,16028.763776371541,15000,1440p
1.3802086390463573,1.804362344594721,10536.562749697465,8000,1080p
0.7853600769091402,0.8486374370008725,20535.17934657513,15000,1440p
1.3679280685129935,1.333825782225003,12419.500018787592,8000,1080p
1.22010804368433,0.9365530090157506,15558.509742637014,15000,1440p
0.909266519726694,1.201162135283978,15899.344391639868,15000,1440p
2.286707150544874,1.8325622102640544,8145.724171193964,8000,1080p
1.1439041734726196,0.8441902660947547,16877.685150259622,15000,1440p
1.2418666569177708,1.4827893877064913,12315.107466941668,8000,1080p
1.1762729265618341,1.3923953536818099,13062.968176185554,8000,1080p
1.033766259515225,1.2122073756095737,14939.815621716116,8000,1080p
0.8755291610521597,0.9086252750593186,18806.91005265838,15000,1440p
0.7104109400007829,0.8804071530704939,21092.563723121162,15000,1440p
1.0095896989408175,0.9205152995578905,17384.770272135254,15000,1440p
2.091857979141262,1.5130765095116345,9307.917274396497,8000,1080p
1.7601428528091903,1.5212745816329238,10225.590821761667,8000,1080p
0.9628901128200091,1.0259947604954773,16870.977526247916,15000,1440p
1.0515625187463735,1.34555994321446,13997.796329751402,8000,1080p
0.9797161673756916,1.4061641861647927,14063.753008489091,8000,1080p
1.687924752250918,1.7752789823084603,9688.841480840316,8000,1080p
1.4736788821558195,1.266709125001626,12244.409153872119,8000,1080p
1.397066895558022,1.017580357566958,13896.204489734324,8000,1080p
1.3388194799848065,1.0638912748668519,13965.239857625571,8000,1080p
0.9174477534170905,0.7318597494999645,20344.557907275514,15000,1440p
2.441877486889022,1.6565973066419093,8187.053401661177,8000,1080p
1.2665066253389647,1.2657638910020674,13250.729644984374,8000,1080p
1.3892122476983635,1.2562700719626403,12683.672746790353,8000,1080p
0.9696669353655799,0.7914522729370889,19052.9021782342,15000,1440p
1.3071769999019422,1.4591376375980838,12129.651322065018,8000,1080p
1.543082084501375,1.2792005119656291,11889.111332084241,8000,1080p
1.3452873241755028,1.0594869627241885,13953.256312990356,8000,1080p
1.1817051249861894,1.2205117461915131,13968.111040511392,8000,1080p
1.029905537455522,0.9972210800251478,16552.70653083414,15000,1440p
1.5415980146581263,1.212091984987865,12185.261232859793,8000,1080p
1.7089962401310508,1.5444421369925008,10313.529291329727,8000,1080p
1.2271609137775885,1.5138154228167895,12241.780985855165,8000,1080p
1.268648792278474,1.0712228668137775,14340.287369871121,8000,1080p
2.1751926658763927,1.7527743441484982,8542.4424172512,8000,1080p
1.129008902740294,0.7895115261794114,17489.74443753725,15000,1440p
0.7063604298100453,0.6551092386964031,24645.74332883206,15000,1440p
0.9230491176784975,0.6417503492521982,21443.279288569767,15000,1440p
1.027773224225844,1.0101019048574074,16465.401398315626,15000,1440p
1.5138541583340055,1.1945619507557768,12388.95009056664,8000,1080p
0.7654673390943164,0.7015647118691949,22872.323735505477,15000,1440p
0.6765847367858425,0.9353945462621588,20815.671983422646,15000,1440p
2.2003750483639304,2.9650696404369685,6495.942560908399,4000,720p
0.8461931322538893,1.151522799527735,16796.39805949544,15000,1440p
1.353424804716246,1.1674120802878623,13310.830303859711,8000,1080p
0.8390835131428004,0.7051726187797765,21728.54056161345,15000,1440p
1.1659942430082477,0.8164087965108933,16926.14031107372,15000,1440p
1.845971562558121,2.1096609145138117,8482.697064121061,8000,1080p
1.244026417007268,1.0940664723227342,14351.197145813685,8000,1080p
0.9672809252026044,1.2456513512660474,15162.88245998446,15000,1440p
1.2015138407365475,1.6243676158392086,11873.970127770104,8000,1080p
1.6514445216734837,1.806534485182537,9703.480539781398,8000,1080p
1.2259876314705762,0.8487486446822565,16172.866106250247,15000,1440p
1.7916169810151548,1.9359798272991688,9001.625906846353,8000,1080p
1.0698190072294438,1.6009787291708004,12563.449318039842,8000,1080p
0.8227174253771651,0.825970435082202,20352.204201134147,15000,1440p
0.8843522375292769,0.8588488858596046,19248.743905561674,15000,1440p
1.1748925654001046,1.3176256763064937,13462.060753876638,8000,1080p
1.2619269717741768,1.529985536845312,12018.439652534667,8000,1080p
1.0831627888988444,1.0646270743892574,15622.772308195334,15000,1440p
1.359082740088706,1.017287306710332,14120.036584873513,8000,1080p
1.1317610389253965,1.5662622938421003,12436.672282437807,8000,1080p
1.161802264014534,1.4820952359974369,12691.275663995324,8000,1080p
1.2962229048112923,0.9968225267012709,14633.130045690576,8000,1080p
1.4391143546854905,1.7647366944828662,10473.156050344454,8000,1080p
1.129280123383609,0.7598552468179494,17761.793320517823,15000,1440p
0.9005808291084318,0.9232435953965925,18397.841123937404,15000,1440p
1.5138531840912934,1.414512120601306,11458.417413370606,8000,1080p
0.9821294336595662,0.8278401826238143,18538.67142195524,15000,1440p
1.103090028305152,1.0921421647489282,15285.140271798748,15000,1440p
0.9113216349988789,0.9016527615326444,18507.945872922628,15000,1440p
1.754269467668229,1.3845731442203484,10690.065144684328,8000,1080p
1.2533897917756196,1.2630343652066998,13334.171787731633,8000,1080p
0.9127281003645532,1.2242903897854687,15701.516928683397,15000,1440p
0.88805126786797,1.2046277551968378,16034.199048288954,15000,1440p
1.2092666595485977,0.8858966205847929,16015.187130362328,15000,1440p
1.7389249641812852,2.5741960503408823,7779.6175639457115,4000,720p
2.4785782207574663,1.891129181628866,7678.873871892579,4000,720p
1.0560796334955234,1.331632588467256,14052.963205263126,8000,1080p
0.7851347701187077,0.6661257516229269,23120.88801239619,15000,1440p
0.9148976940595255,1.26253377694276,15410.09783630742,15000,1440p
0.7320323179877394,0.5432329882731725,26311.726536638766,15000,1440p
1.499403428027029,1.802837668003228,10161.109084475083,8000,1080p
1.3079085137860986,1.6588697027601207,11310.05742622125,8000,1080p
0.746497189372705,0.8206518381136187,21411.13028275342,15000,1440p
1.3708568859298484,1.1912529015846536,13096.406783001712,8000,1080p
2.1029894826245314,1.4875011010034842,9345.3613701153,8000,1080p
1.3254345448541245,1.5795289489695556,11550.724155859778,8000,1080p
1.0820562596196683,1.36383695298865,13718.682331276968,8000,1080p
0.9891788256456422,1.0215020706451734,16688.09409881957,15000,1440p
1.295802331614781,0.9593234380936542,14879.184323426114,8000,1080p
1.3045372047369104,1.5464938236723174,11769.227225395074,8000,1080p
0.7976883503054445,0.6308572187068172,23488.527582078124,15000,1440p
1.4146175517827366,1.9978883755032388,9832.783507188342,8000,1080p
1.2832883658898708,1.8505021763474299,10707.298891790182,8000,1080p
0.687032870693089,1.002938357615318,19855.03151647536,15000,1440p
1.4470937781472306,0.9668616334351612,13900.187153003153,8000,1080p
1.4138338227270981,1.6068999748864046,11108.04004858333,8000,1080p
1.3411203234825126,1.8353198159408028,10563.533555551852,8000,1080p
1.0613998899602093,0.9125913376292596,16998.26804244457,15000,1440p
1.2820119732593036,1.1390692947453362,13859.275375606969,8000,1080p
0.7443091475020427,1.1033166464595052,18160.83760557108,15000,1440p
1.8856824847532587,1.3122106251622043,10492.668405945256,8000,1080p
0.6731409741043382,0.7289780824296699,23931.228837974322,15000,1440p
2.1237354620810365,1.9942352648648942,8148.292988203307,8000,1080p
0.8493226264265583,0.6905901427388967,21789.82645762759,15000,1440p
1.2810206302197256,1.299504569825205,13002.946841757552,8000,1080p
1.01954769817205,1.0593893632213185,16140.186551636525,15000,1440p
1.5507299225138123,1.9693033919798129,9532.418872810293,8000,1080p
2.0309293815973652,1.994070250717043,8336.505606264098,8000,1080p
0.859206087131225,1.1730143303964924,16511.21684960748,15000,1440p
1.2290903049251243,1.8250430534941409,10986.564128740876,8000,1080p
1.2797744708807126,1.3203458324698183,12904.953650322086,8000,1080p
1.0783689419292382,1.4296988120852336,13378.598702643498,8000,1080p
2.061895625855356,1.52828839171133,9346.159371168429,8000,1080p
1.3333313633180859,1.7771884932500532,10787.403246806747,8000,1080p
1.0708151692245438,1.4600826465614705,13257.916534879574,8000,1080p
0.7045516474561979,0.9240158460777559,20603.6483800789,15000,1440p
0.9500193969252207,1.0251547267622398,16988.088086814896,15000,1440p
0.9021135893431244,1.1355726772635482,16466.927490205682,15000,1440p
1.1838818316709347,1.019457012903357,15228.90230099087,15000,1440p
1.5111484188035038,2.1499207552489263,9165.200220147348,8000,1080p
1.7050352248139127,2.2764348437117317,8427.648939333945,8000,1080p
1.360932263065428,1.6317730022786685,11212.073700863411,8000,1080p
1.7177036263865364,1.1642218714025951,11643.060178252794,8000,1080p
1.197976197329122,1.7587787702964817,11348.39794551714,8000,1080p
0.9807402439756517,0.9625284042555465,17267.006304322313,15000,1440p
0.6725707095232932,0.9820502041351106,20279.226330948764,15000,1440p
0.8821683567642958,1.034966484528005,17502.384953466106,15000,1440p
1.6165769458364065,2.1688338964752,8864.145372265479,8000,1080p
1.1990042762774953,0.8527207373870065,16354.25399433514,15000,1440p
1.9663732575966832,2.5170734170715656,7484.070723888524,4000,720p
1.0546052486368562,0.8618987785389745,17508.145834395127,15000,1440p
0.840992608116415,0.6831795308569057,22014.85720805932,15000,1440p
1.6070116173833366,1.209646094464926,11912.8539683233,8000,1080p
1.651134355402498,1.168664078467383,11899.58530260974,8000,1080p
1.4380062750070226,1.1068913433050613,13184.983065155739,8000,1080p
0.5476857579222377,0.7666314023316892,25529.935250573202,15000,1440p
1.5327343772258508,1.174777894898259,12393.08583952446,8000,1080p
1.3033608309720703,1.3343827405459625,12720.884760109293,8000,1080p
1.1475261629478026,0.9067000375253793,16334.34136526488,15000,1440p
1.4273450980385072,0.9763227032903206,13959.679445491589,8000,1080p
0.9831843978997313,1.0055450610708476,16872.295951893175,15000,1440p
0.8634435901340485,1.1714676049861854,16489.383949758758,15000,1440p
1.9377211415652928,1.6941636931659925,9238.848016083255,8000,1080p
2.390687642428903,2.0868612771272192,7493.928620957733,4000,720p
1.0178143408104696,1.4587668979550332,13548.690216488041,8000,1080p
1.2239740965642032,0.9904089505616651,15152.94837699899,15000,1440p
1.1298408114932208,1.570069161351821,12427.981798460441,8000,1080p
1.571594806274449,2.1006877021193864,9137.214232103257,8000,1080p
1.3187792874855127,1.0705684702378708,14043.343791851927,8000,1080p
1.0937998429633924,1.0594493229366535,15583.162660125512,15000,1440p
2.295802426904641,1.8148943652093448,8162.711505351419,8000,1080p
1.2912349782353665,1.592024298338978,11637.67416708589,8000,1080p
1.495311743065548,1.292588704120013,12035.735362743617,8000,1080p
0.9785370461966195,1.0217036543391527,16775.197100535108,15000,1440p
1.1352947687224242,0.8646231380097689,16777.904676510923,15000,1440p
1.15976407932064,1.1397205330407185,14592.153311059861,8000,1080p
1.412790916307479,1.5273848352975437,11412.389882367697,8000,1080p
1.02132088235063,1.3047531353811437,14425.350072359246,8000,1080p
1.3893693801552671,0.9555642965305853,14309.330934861762,8000,1080p
1.5154068747598273,1.15569690890332,12562.009834744611,8000,1080p
2.238935663107895,1.6178679588559959,8700.06235446181,8000,1080p
1.5283350458658524,1.4837703689163073,11139.859792200104,8000,1080p
1.1952254777373326,1.4212326841536873,12824.371697863824,8000,1080p
1.0025272026808545,1.388149850642121,14035.535227713111,8000,1080p
1.533987050337403,1.5998816479540583,10707.031860745596,8000,1080p
0.8994133391716367,0.6585252643984191,21537.711385486673,15000,1440p
1.1702621027999578,1.5818293535654144,12192.339001813049,8000,1080p
1.9896805335131358,1.7123417920102373,9063.81135755475,8000,1080p
1.4090097516585824,1.177995315910285,12970.377376002865,8000,1080p
1.7527260473162147,2.417379426522797,8046.422856808389,8000,1080p
1.2750498727642192,1.8093991784172823,10878.582023310431,8000,1080p
1.2176693898034396,0.8540124370326678,16196.711080506342,15000,1440p
1.6261372978730422,1.224206136423661,11772.066339886253,8000,1080p
0.7779589026527814,1.137004245731998,17522.233797711604,15000,1440p
1.2559177163314552,1.7204381706446488,11273.66258411066,8000,1080p
0.8436175149779401,1.1537966482191837,16798.935653030378,15000,1440p
1.1790597220720942,0.8489054597841155,16545.86198037553,15000,1440p
1.7694923515225873,1.2904562532721189,10965.684831249375,8000,1080p
1.206061340696811,1.4884390307998532,12452.932779282619,8000,1080p
1.1547171712193272,0.8878805331494963,16427.332669684238,15000,1440p
1.1486986845730123,1.460812997591949,12858.509976917147,8000,1080p
1.1780859230920762,1.2367088599380496,13895.355512527372,8000,1080p
1.0983413003049391,0.9147998111661289,16667.69994850519,15000,1440p
1.1899522075922613,1.194816134652439,14070.31090005848,8000,1080p
0.7021957695524488,0.7412401910310109,23246.22145788634,15000,1440p
0.9738730718051164,0.7514589205773469,19448.101668633415,15000,1440p
1.246690254708246,1.335637115128108,12993.872268846533,8000,1080p
0.7495649314293702,0.9510813016940529,19730.400918463572,15000,1440p
1.5430977658537453,1.702496818823604,10338.454518753675,8000,1080p
0.9822139854387606,1.276717996103959,14854.113481134687,8000,1080p
1.848810809892061,1.673815214982015,9525.402856580404,8000,1080p
1.2468904357956139,0.9189290264711691,15492.718845956517,15000,1440p
1.081965362322316,1.0930908643222832,15426.92625089675,15000,1440p
0.8948623863444233,1.2084791765606124,15952.91634595772,15000,1440p
1.6003663276339088,1.613366309128834,10440.953182029494,8000,1080p
1.3675476718261943,1.1090393938670027,13548.658339055046,8000,1080p
0.8745535833645198,1.1034684559265782,16963.628985663654,15000,1440p
1.0967556324777845,1.1003433577236652,15272.15302981111,15000,1440p
0.9787355505385691,1.2861197301750533,14815.265366283136,8000,1080p
1.3037829960485037,1.0629567181181785,14177.491423814789,8000,1080p
0.8986536060421779,0.6870692941733854,21160.337657631488,15000,1440p
0.7240266164466541,1.0349748833784975,19075.84047161721,15000,1440p
0.9319124411362302,1.0483326324098408,16944.585520373646,15000,1440p
0.9424452665987753,0.7219271119029442,20160.41147607001,15000,1440p
1.3198388561072314,1.167278963729682,13491.291700125508,8000,1080p
1.44217916693287,1.7870008312727341,10391.007010648394,8000,1080p
1.056238524102718,1.199187424975509,14877.204021578898,8000,1080p
1.1724114636849257,1.6859503204696933,11739.043037172414,8000,1080p
1.5002305940151346,1.134906438437516,12733.467590779996,8000,1080p
1.7733530086615183,1.2472630404846137,11108.473057833738,8000,1080p
1.1855207665024452,1.1906392590139323,14121.284610327575,8000,1080p
1.777145630177229,1.705065224118028,9635.956409305627,8000,1080p
1.0578536739685611,0.985418990255361,16421.906183893807,15000,1440p
1.2309161921468283,1.493964255618904,12314.093276096932,8000,1080p
0.9192455433698553,0.7671150149695666,19897.543164221905,15000,1440p
1.2683604572276905,1.2161005511053171,13505.718901386153,8000,1080p
1.092631786995403,1.5070082276358692,12907.337866454289,8000,1080p
1.1091442622260836,0.7944541984574442,17626.84341946335,15000,1440p
1.8181045178369861,1.597813197543661,9822.962610872175,8000,1080p
1.5539296233522866,2.125365106045283,9119.799980115768,8000,1080p
1.3293444955526612,1.3277434424784695,12628.273050256446,8000,1080p
1.1030354182201854,1.3855344458806473,13483.419727950393,8000,1080p
1.304514532769263,1.0899700931237626,14013.216721943178,8000,1080p
1.5087396475913655,1.4223036283813049,11447.948338075943,8000,1080p
1.0885033639990744,1.4027444372769395,13468.925886382503,8000,1080p
1.3781146629161998,0.9289133090364103,14544.440903159219,8000,1080p
0.9001851189838111,1.0163975820716682,17507.427141819277,15000,1440p
1.284086459786889,1.9125213324407262,10496.887382176146,8000,1080p
2.007982984195178,1.9240301617044637,8533.652039030192,8000,1080p
0.9624233783813005,0.9001694413185672,18014.90462387096,15000,1440p
1.1490722579135997,1.1334260569994075,14700.747764310556,8000,1080p
0.8673394552950866,0.6993817845934502,21416.97651484396,15000,1440p
0.9203615119078123,1.2156349361411265,15709.029867839563,15000,1440p
1.029154127482569,0.7514721749025197,18844.174072378337,15000,1440p
0.8564881199789972,1.1498258602216413,16724.417180527464,15000,1440p
1.631370650606481,1.3756465702558585,11158.70962334476,8000,1080p
1.4009158063802933,1.2996879324453199,12424.789137924954,8000,1080p
1.5624726866296887,1.0561677116072916,12813.684545075672,8000,1080p
1.0447820098183533,0.9535319654544865,16791.371333635718,15000,1440p
1.13608657616761,0.7689203546686179,17613.81098244658,15000,1440p
1.083244452290921,0.9581632514241372,16436.908677740328,15000,1440p
1.5194453949203115,1.463630901625183,11248.264765757816,8000,1080p
1.1787193558256683,1.4247739759473552,12888.23427757691,8000,1080p
0.9725831561818533,0.8455572286393717,18455.3581671304,15000,1440p
1.5445087301009102,1.9204710515519487,9683.875264632545,8000,1080p
1.2681207271356658,1.4199425259505054,12482.75387920135,8000,1080p
1.4294320331153407,1.0148888046260727,13727.507241236286,8000,1080p
1.4713021280552463,1.5896500953114578,10962.08942558858,8000,1080p
0.9527946005273158,1.0174897489065167,17030.248456088062,15000,1440p
0.9164996837734138,0.9421357991799693,18053.261281056468,15000,1440p
0.9549569688637658,1.0127514526994905,17052.542761057302,15000,1440p
1.2415194793493634,1.4368634676790142,12527.869488277654,8000,1080p
1.1197280500471825,1.62812586708858,12211.14113481535,8000,1080p
1.4065640092545544,1.3104371968483504,12349.803866347325,8000,1080p
1.1059576998293492,1.1184128376661815,15084.911184707425,15000,1440p
0.7311053728934712,1.0685321338374014,18645.105958562304,15000,1440p
1.831712972598298,1.2299000779632805,10959.723337292822,8000,1080p
1.5624923077242072,1.2847153017190176,11785.03172326152,8000,1080p
1.263923519705813,1.49596110372177,12157.911136998095,8000,1080p
1.983390877188841,1.4682462511885586,9721.3092662999,8000,1080p
0.9045949124733098,1.2184803273636904,15804.636298512036,15000,1440p
1.0088960173761339,1.19345105325944,15235.760270208706,15000,1440p
1.787439888961573,1.398080018007639,10533.42405005548,8000,1080p
1.8089522134455633,2.541133893103405,7713.509842824599,4000,720p
1.0281902100708649,0.7087482776946501,19318.14640319595,15000,1440p
0.7041075747447619,0.6721247042128459,24381.37261641251,15000,1440p
1.155948188022649,0.8329541799055571,16870.829127199886,15000,1440p
1.7189727106998405,1.7726248157783109,9610.051486617114,8000,1080p
1.2926539262465349,1.0057011508777711,14599.324679623998,8000,1080p
1.3706336232911551,1.0402840275218666,13917.701414929956,8000,1080p
1.7733851775917449,1.4360374112073122,10454.974710125609,8000,1080p
1.2564740907268226,1.0345356216303274,14646.132584692044,8000,1080p
1.188936980095307,1.6381951073036254,11868.717471517695,8000,1080p
1.615987164832594,2.001042003860511,9276.793311601574,8000,1080p
1.619417069984211,1.159640780415441,12074.031490627152,8000,1080p
1.1507650477777502,1.7107521499813505,11726.098318149898,8000,1080p
1.3114560314422021,1.7278156536886973,11040.287106993146,8000,1080p
0.962206236662934,0.9718078730524222,17349.631438282766,15000,1440p
1.6475554228819802,1.7995204494511818,9734.172743139708,8000,1080p
0.9880713137954916,1.3257532485727475,14501.718300395458,8000,1080p
2.3064755284032747,2.2515540640286362,7361.609072418773,4000,720p
1.170749883872716,0.8053911838624928,16979.77565865561,15000,1440p
1.0921610866028177,1.2255806071022715,14477.209471242091,8000,1080p
0.9967077263391206,1.0459865901970784,16426.55571534478,15000,1440p
1.003438346414897,1.1026171485879368,15932.35889539314,15000,1440p
1.147830720655283,0.9936437514802314,15668.845198298795,15000,1440p
1.4040478739492785,1.053155759084885,13655.535727239208,8000,1080p
0.7850232234866701,1.0778362328736468,18012.326096547917,15000,1440p
1.7410530382296356,1.6449896133170945,9909.630637603597,8000,1080p
1.8556008283557088,1.6827142328407287,9483.166823661539,8000,1080p
1.870919964688548,2.590102169696839,7521.691439583707,4000,720p
1.7813824586152291,1.2386708032006317,11110.543123277503,8000,1080p
1.2826233604069075,1.1209800912604506,13960.053176293948,8000,1080p
1.3596699883508236,1.9371596941256302,10177.787520644735,8000,1080p
1.7698118477020541,2.0847417213921404,8705.140919311485,8000,1080p
1.6687140069879491,1.1363753225056643,11961.983401811089,8000,1080p
1.1835892851544725,1.6281005828646693,11933.902234971372,8000,1080p
0.693790715325139,0.8641303714799315,21537.95354860511,15000,1440p
1.4401149405795515,1.046996082648274,13491.328568216606,8000,1080p
1.1774186959620967,1.2124767202749949,14040.125677479104,8000,1080p
0.9656956098190946,0.8102399741570062,18893.946550063352,15000,1440p
1.8602134384546098,1.3980650709873554,10298.208671470124,8000,1080p
1.280806148386221,1.474644576569944,12177.474884996827,8000,1080p
1.0656977250258617,0.9111566546604017,16973.64881541009,15000,1440p
1.314233045949818,0.9287584684839398,14959.678529354936,8000,1080p
0.9274766807345812,1.3497504106387739,14734.776398503112,8000,1080p
1.4498224297243474,1.5766823078364043,11086.859235199348,8000,1080p
1.1628611233166155,0.9739338183847059,15703.15959906002,15000,1440p
1.722215412386222,1.8890133295937928,9291.69387968548,8000,1080p
1.1957774792574036,0.8288547515637363,16573.099790272114,15000,1440p
1.5228039708425847,1.3955537240362155,11497.710530440485,8000,1080p
0.9298186732077034,0.8197987739915304,19178.153517909603,15000,1440p
1.2967325159708412,1.0719729617905371,14165.72567380209,8000,1080p
1.1985364535111922,0.8252795068658296,16579.78425753153,15000,1440p
1.2695744217267757,1.477434853522551,12214.89577859343,8000,1080p
0.9213879225132904,1.1585304289375302,16132.571731286727,15000,1440p
1.6341823592620985,1.2064256385638596,11812.411999712976,8000,1080p
0.9762133436567946,0.6758560274386904,20310.546631434794,15000,1440p
0.891844396079162,1.0055399282056694,17684.573215100976,15000,1440p
1.0545860917060719,0.9289529023349097,16916.44686633609,15000,1440p
1.094691476000972,1.3639689723724047,13647.444494500756,8000,1080p
1.3397214097541754,1.1030935889237803,13735.969370648027,8000,1080p
1.1881295127222669,0.9050624745163232,16030.269657331408,15000,1440p
1.2201346582040693,1.48519828885224,12403.069291900209,8000,1080p
1.1008494299671476,1.1473092785277783,14925.295030644733,8000,1080p
1.2360749127463704,1.600453484813098,11829.401048433017,8000,1080p
0.9117037468060011,1.2551202173021325,15485.536691399398,15000,1440p
1.101663752548571,1.1099496006573062,15171.925034437267,15000,1440p
0.9647363223367069,1.135804398179296,15974.187823294029,15000,1440p
1.3146141671694602,1.193091615411121,13380.52981856207,8000,1080p
0.9169227699310688,0.973855997036125,17746.355409851178,15000,1440p
0.6990615557060732,0.5586980171456203,26677.938076768278,15000,1440p
1.212727004666275,1.5922110973530108,11962.628328890407,8000,1080p
2.1634345157461516,2.38645145880464,7374.7852556487005,4000,720p
0.6594032675371726,0.9533067654735428,20806.24000171831,15000,1440p
1.2558661405380716,1.1983996223047506,13671.882038208149,8000,1080p
1.7243419847557728,2.1264352905404373,8713.677681454303,8000,1080p
1.3574047412482917,0.9080665722231347,14811.23676140656,8000,1080p
1.7227152377599633,1.1644678728023306,11621.857954643236,8000,1080p
1.0588607787648452,0.951948917896384,16687.025159921475,15000,1440p
0.9946198886829515,1.3025947132776374,14606.572660369875,8000,1080p
1.1789243762495556,1.7438278859047045,11480.422899499592,8000,1080p
0.6337980802313962,0.9183024303545265,21618.723640090226,15000,1440p
1.4354238445269172,1.1704805311945428,12876.309780442447,8000,1080p
1.9577010232214365,2.003687037188776,8470.372376627336,8000,1080p
0.9924848850414145,1.151195015490214,15652.725013505311,15000,1440p
0.899311716776586,0.6564788444885193,21567.447981375404,15000,1440p
1.310017049501705,1.7250194159705192,11055.693195692538,8000,1080p
1.2019155451745978,1.0857143071887678,14667.77152140006,8000,1080p
0.5625949223594436,0.8085375243274343,24472.057444982005,15000,1440p
1.198695884339544,1.630175619635593,11861.41963424257,8000,1080p
1.301753667646071,1.0608310245453034,14202.42504359798,8000,1080p
0.9104687657476139,1.094239132178945,16737.816035296153,15000,1440p
0.6857305106768949,0.9694062785884117,20272.905670167824,15000,1440p
0.9783587613334712,1.0357354029046737,16659.812930192547,15000,1440p
1.0358283651626443,1.0185469222700558,16333.155974599027,15000,1440p
2.277209071267813,2.3516941902591144,7248.894631021401,4000,720p
0.9105531669292052,0.7904995431216323,19725.686218739924,15000,1440p
1.0873672719038097,1.580606673565463,12576.746507207017,8000,1080p
1.0478621106677084,1.0160091286747208,16258.006488181303,15000,1440p
1.2293295667605812,0.8516783883520438,16124.124810557978,15000,1440p
0.6987465986692165,0.8666023773539033,21435.75171668583,15000,1440p
1.5026928265374861,1.583229452036985,10873.388559708097,8000,1080p
1.943763326137788,1.9554208835271196,8605.500585693959,8000,1080p
1.2202261378343613,1.2312535521352863,13687.419943673058,8000,1080p
0.583509928162248,0.7735681582471874,24725.49836006747,15000,1440p
0.9953770466152994,1.1219028110521008,15847.896478345947,15000,1440p
1.2467318694404943,0.9385699650399593,15354.598376556722,15000,1440p
1.254906905746486,0.8854132350670705,15677.295821383821,15000,1440p
1.1165485615666406,1.4457900898228466,13095.237033482805,8000,1080p
1.075393850529687,1.3935211415151427,13590.760357532281,8000,1080p
1.1335388958719397,1.5010993256286904,12735.878393538282,8000,1080p
1.9600865703479453,1.77385863737547,8986.321473222184,8000,1080p
0.7745465461776866,0.9636287366479452,19304.40061571516,15000,1440p
1.1919102456487631,1.0833223944406467,14747.69278920041,8000,1080p
1.5015808121857197,1.316782656553889,11905.643956918648,8000,1080p
1.1841622163039731,1.6586636615522528,11803.196341136232,8000,1080p
1.4734983376389759,1.6216531872655946,10840.965855794264,8000,1080p
1.4509738980543576,1.1107492135350892,13098.383602894855,8000,1080p
0.8507648273962756,1.1193341797131318,17031.850622183778,15000,1440p
1.5339431281749967,2.000522314973219,9493.495562404602,8000,1080p
0.9740905451460231,1.0585710415414649,16507.633252754942,15000,1440p
0.9732880094696951,1.280424707094204,14888.513408735802,8000,1080p
1.4057051134478156,1.0062563865833376,13911.678109110202,8000,1080p
1.082331209516526,0.9427002847793451,16569.832170273134,15000,1440p
1.111113023017745,1.3586036386082876,13586.348799180936,8000,1080p
1.373969889830266,1.4586841849635876,11845.580545320177,8000,1080p
0.9204117286154596,1.3315270050712829,14900.24195510268,8000,1080p
1.2288329826517475,1.4378289164906313,12582.934496042184,8000,1080p
1.0691929060407641,0.7735158054369362,18209.29797042752,15000,1440p
0.8786398675412611,0.8250669775355216,19694.956381118354,15000,1440p
0.7562457167344392,1.0155553642091653,18938.035629897004,15000,1440p
0.9678761530922234,1.3047046252360501,14764.901789182111,8000,1080p
1.4155505764416136,1.4081195682396213,11883.269036648744,8000,1080p
1.1160988331021702,1.1345523186100992,14908.766280581589,8000,1080p
0.5589152551214143,0.8245099216720935,24254.605570915086,15000,1440p
1.3893214379677723,1.0136820247898901,13963.538763066648,8000,1080p
1.3795771200072109,1.06924123262239,13702.29521678014,8000,1080p
1.3762123223854688,1.3163271355665662,12462.00195911771,8000,1080p
1.0814869323512584,0.833927446560061,17518.105935422507,15000,1440p
1.1248750924891544,0.8381489964427178,17093.2349680221,15000,1440p
1.7123197998862427,1.186774406459947,11574.108880818192,8000,1080p
1.3208542414230005,1.2918039168420856,12843.024218017692,8000,1080p
1.1053824846529152,1.5156021123414765,12802.224033852954,8000,1080p
1.214916189727681,1.4294931985097883,12688.818966251074,8000,1080p
1.6281897036901016,1.175212942894773,11969.180396143327,8000,1080p
0.8133470807702148,0.7933701814837035,20883.84359108056,15000,1440p
1.1353179517885819,0.8121898447440801,17229.421140054088,15000,1440p
0.9215067692731751,1.186681569239023,15916.240208253981,15000,1440p
1.8299592638382864,1.4548380771062366,10215.069155636746,8000,1080p
1.0293481586501632,1.0949542525645055,15795.506243771428,15000,1440p
1.8466310181996066,1.7491838885645983,9331.523693524843,8000,1080p
1.341337072151258,1.2989705811816044,12708.531128046467,8000,1080p
0.8068347490523063,1.1041892479818363,17558.351989339524,15000,1440p
0.8122759224151862,0.8013047896086262,20795.013072457215,15000,1440p
1.3013268302660277,1.5809563599014986,11641.615270305803,8000,1080p
1.0861949251651073,1.6189239506645217,12404.050816328447,8000,1080p
0.9412923107383372,1.0171978869655818,17132.80568845242,15000,1440p
1.634226149529608,1.2285233836880758,11721.050553202034,8000,1080p
1.547787778215435,1.1854335416592068,12276.514805445378,8000,1080p
0.9251247209604972,1.267669769242421,15302.13257554059,15000,1440p
1.3192634189540098,1.3224477053148485,12701.77942309525,8000,1080p
1.584519727976006,1.429428068238364,11133.050161700083,8000,1080p
1.3147478338356327,1.338324851619264,12647.385118378972,8000,1080p
1.0881909957455418,1.3438625497076642,13796.748867939596,8000,1080p
0.6236433653821276,0.7861863519410972,23800.34382003819,15000,1440p
0.7821911329027853,0.7440541113776464,21984.95433531698,15000,1440p
2.041817930149526,2.1255923567364214,8051.626715418315,8000,1080p
0.9663755195431544,0.9504687427311472,17505.03818196908,15000,1440p
1.3770112604277007,1.327575367043099,12406.491867993336,8000,1080p
1.057108732772327,0.7268109440294819,18809.3849943715,15000,1440p
1.2758602864785475,1.5204052600112001,11999.73015514284,8000,1080p
1.1114506249374474,1.2516947419574531,14199.055407280966,8000,1080p
0.9646580388993269,1.2248241021059618,15325.282344889858,15000,1440p
1.3601242430756832,1.8845220786389902,10341.475980120924,8000,1080p
1.2690471390816969,1.8342299871956809,10812.579938760142,8000,1080p
1.6945191435463263,1.133813414149975,11863.679859249065,8000,1080p
2.2789651305598992,1.6874902786364525,8459.551044542943,8000,1080p
1.36368151617797,1.0941833992815673,13651.861739409898,8000,1080p
0.7826001720720572,1.0461680921306786,18348.10492767835,15000,1440p
1.2030858100259754,1.5508065030760099,12184.366048142338,8000,1080p
0.9087920888008445,0.9079697992712186,18469.3614613458,15000,1440p
1.857739790494165,1.3759469001428155,10376.525374939882,8000,1080p
1.1973491152040057,1.024953523125289,15098.948010621043,15000,1440p
1.7647331482782787,1.3236265863777383,10864.806849885093,8000,1080p
1.2890912264434393,0.9182863667709362,15201.03860035027,15000,1440p
1.1264950574640622,0.939440055562105,16241.764704240737,15000,1440p
0.9336971503611158,1.1711743096085192,15941.321186655292,15000,1440p
1.411725924136954,1.1499078804235314,13098.840255880028,8000,1080p
0.7820141138700808,0.9471170966498738,19405.370625350108,15000,1440p
1.5956490476678753,1.5476986344666295,10674.744060515352,8000,1080p
1.5418790108668912,1.898345429704662,9753.558984199683,8000,1080p
1.0279410904766357,1.2574568592441313,14682.095957992666,8000,1080p
1.2966948408943726,1.2708529258718346,13068.66903678344,8000,1080p
1.918063123838428,2.0721482623788336,8409.186569889911,8000,1080p
1.6118306116370056,2.13133062863392,8964.196262507616,8000,1080p
1.0045896549889761,0.9273646895850474,17368.12885575638,15000,1440p
0.8573486872766384,1.2318390411042408,16060.99420563067,15000,1440p
1.545901034209868,1.0734573561517613,12810.172187001668,8000,1080p
2.2970528909561096,1.5901493500491544,8632.026305717125,8000,1080p
1.425522008360554,1.089277847812646,13342.784284654832,8000,1080p
1.3304166605941994,1.1155203505832754,13718.436675459146,8000,1080p
1.3785226626970306,0.93299564543237,14516.186993627565,8000,1080p
0.8001765926881098,1.0640699001998626,17998.924567115373,15000,1440p
1.2398748314514922,0.9496353113930016,15325.086348496146,15000,1440p
1.8021247482557483,1.2461639293570668,11007.629377896468,8000,1080p
1.1284457532470047,1.4809516188811613,12859.073270482279,8000,1080p
0.9899932546646827,1.4681226811027455,13650.46762512617,8000,1080p
2.1712005495134363,1.5410061112001414,9038.945044495451,8000,1080p
2.071347524721997,1.6775592698319644,8950.457783785007,8000,1080p
1.1943768458395245,0.8468681789323862,16438.218632645232,15000,1440p
1.0186778768565754,1.2694744139866188,14664.422527416235,8000,1080p
1.2021128085614512,1.3409278816973398,13194.610738448448,8000,1080p
1.4100775283066245,1.9317537857493243,10040.73181637505,8000,1080p
1.1689923115457421,0.8852389179010374,16334.301377083275,15000,1440p
1.1120627860008045,1.5126905743582644,12783.841905591358,8000,1080p
1.1223838011748415,0.8391931642666439,17105.845241432075,15000,1440p
1.4777993640683897,2.1712739865930186,9195.329546861023,8000,1080p
1.6704836742769966,1.4879808096482547,10623.653414743954,8000,1080p
1.6281163889992376,1.2700982062271846,11577.62163480464,8000,1080p
0.9199457795319961,1.3067276233005685,15069.310100581077,15000,1440p
0.8574412065443034,0.914184291171385,18939.91255108072,15000,1440p
1.0308079087061515,0.8878808280928228,17488.210232567588,15000,1440p
1.570800143453192,1.088037694259732,12619.96182093708,8000,1080p
1.3151650613632264,1.1581983336725745,13566.317051245238,8000,1080p
1.204733978240437,1.3390130337000035,13190.946993743593,8000,1080p
1.8758251675990858,1.8160670247230282,9088.681427313035,8000,1080p
1.6679759512992973,1.2923715369674373,11334.626131895722,8000,1080p
2.379703968429116,1.751670620979176,8121.856605795159,8000,1080p
1.168821634018827,1.1598561967136831,14409.220355503234,8000,1080p
1.2294449574704251,1.514418612184524,12228.899560126305,8000,1080p
0.6973689701206703,0.921103798501843,20732.157284646975,15000,1440p
1.9191749220316707,1.3210714436281406,10355.518751787045,8000,1080p
1.2818476922267823,1.8412014431859862,10744.125546896066,8000,1080p
1.1294888611203433,0.807310027629256,17324.68569396113,15000,1440p
1.6320027672092534,1.1835178874195376,11917.665013337984,8000,1080p
1.1005133681391084,1.1611270949628896,14836.32458272247,8000,1080p
1.5991088554802741,1.310892382154209,11530.727741984101,8000,1080p
2.937288109594225,2.264657253424663,6450.362250734422,4000,720p
0.9645571213267299,1.0684023545890386,16505.214391883066,15000,1440p
1.0487627559589248,1.4016164273202545,13693.567195219288,8000,1080p
1.2226656326843237,1.0408123223415942,14824.280451017596,8000,1080p
1.0668188015064561,1.2031159692353837,14782.11287500303,8000,1080p
1.4363614415292172,0.9868568528418307,13847.052936974105,8000,1080p
1.1938373005046772,1.3535324445746413,13172.187533755608,8000,1080p
0.9951624911163901,0.872614394005861,17964.9037672954,15000,1440p
1.450133817630605,1.8319043427134691,10223.656874386344,8000,1080p
0.6452838103992731,0.8660142014636834,22202.392735657682,15000,1440p
1.6260076255269489,1.6763603160207814,10160.718791460273,8000,1080p
1.3973353067443557,1.0202731488845362,13879.183753628746,8000,1080p
1.2087721809677403,0.8204565317956811,16535.559441353103,15000,1440p
0.9038211194064535,0.7366912124663764,20453.629849703007,15000,1440p
0.8930763852981117,1.1170412224387394,16692.77054777816,15000,1440p
1.6363024981760557,1.3777864057210434,11132.52895646689,8000,1080p
1.3171100904524249,0.9681219835642538,14683.161671638214,8000,1080p
0.9240666918620135,0.9620583269954974,17790.142044945165,15000,1440p
1.7500509317728523,1.8013624634245027,9448.19097809799,8000,1080p
1.132044520787405,0.9699744127430312,15962.954217374156,15000,1440p
1.1402681528257261,1.4098194025165727,13158.148993631703,8000,1080p
1.6672287071742695,1.2418652996330035,11534.32371779073,8000,1080p
1.2701740735299487,1.0467865349370626,14482.089974848937,8000,1080p
1.4813538120621779,1.1198122758697595,12899.765284375795,8000,1080p
1.0500592199358039,1.0323524777360298,16113.255624483063,15000,1440p
2.441961011582987,2.3565961779213183,6992.608543541439,4000,720p
0.7740003975806812,0.9777758202148817,19154.519657896104,15000,1440p
1.225404073618089,0.9061897242519501,15741.47571339752,15000,1440p
0.9514845812860221,0.6630383410586308,20782.877428132993,15000,1440p
0.9187648378116547,0.9181783684420529,18266.450419243753,15000,1440p
0.8163804786007876,0.926027304643765,19257.508100381645,15000,1440p
0.8216474900462627,1.1420806453421108,17087.106608758662,15000,1440p
1.036817992674084,0.7820728820131233,18447.743329170487,15000,1440p
1.1649779154485491,0.83472855065935,16779.67870219883,15000,1440p
1.171816689304097,0.9774397331067517,15612.112007724772,15000,1440p
1.011602059775957,0.7639952641948757,18897.545939617103,15000,1440p
0.825793527548909,0.9617818017970943,18770.91916024379,15000,1440p
0.9948242438234304,1.263636018908688,14857.21602177243,8000,1080p
1.3216711704571296,1.8493034612035846,10581.740914914464,8000,1080p
1.7948490108375603,1.4143815705007383,10455.60022864025,8000,1080p
1.0947425618263535,1.5467489441040563,12702.835471803328,8000,1080p
1.5349024034188643,1.116616233853585,12654.797717928395,8000,1080p
0.9060464148949061,1.1459153731022036,16352.366889225552,15000,1440p
1.750065470555368,1.2899647302092807,11037.532453315815,8000,1080p
1.0821041999935932,1.5858905813783852,12576.648288174354,8000,1080p
1.348466888942496,1.5703992923504642,11495.70755077799,8000,1080p
0.8248698243587395,1.2125154544899917,16469.360188447354,15000,1440p
1.2074722089925751,1.7323275516976075,11413.84949025316,8000,1080p
1.3877019372389474,1.0492984918508046,13768.742754195151,8000,1080p
1.0733884886963387,1.0631682110726148,15704.91061792489,15000,1440p
1.0782297350189103,0.8315729824621865,17569.580194260103,15000,1440p
1.2005633712570447,1.020240332152709,15109.139069104378,15000,1440p
1.2093767629867085,1.1548693609015916,14192.444543301404,8000,1080p
1.0386043634607078,1.436420852173834,13557.208139957227,8000,1080p
1.3681034092560371,1.7655154555638441,10707.885498362511,8000,1080p
0.9842764078374511,1.2156204979734155,15252.7293035271,15000,1440p
1.1257258251160884,1.340487682446402,13605.647644499319,8000,1080p
0.7524256699721297,1.101049784830339,18103.52109765382,15000,1440p
1.576071869640882,1.611705772096273,10525.963781374277,8000,1080p
1.0299567743782583,1.1273137430936573,15554.11420507527,15000,1440p
0.9038556115319003,0.9491761452074594,18107.855884263532,15000,1440p
0.8816223264183244,1.2000011847652097,16119.356751943193,15000,1440p
1.76003614527232,1.2719790657367567,11066.709651774088,8000,1080p
0.7858452512963635,0.6779243979689221,22923.30081911596,15000,1440p
1.0266919295561088,1.4297744687234648,13659.634026950416,8000,1080p
1.3013163372480316,0.8862276244075882,15338.860652932743,15000,1440p
0.752601160818117,1.0529812090923514,18583.717120401343,15000,1440p
1.0598236083150352,1.1426752576590238,15234.7102277215,15000,1440p
1.8226795981254518,1.9363168005320848,8926.433665108965,8000,1080p
1.100534333202329,1.3891687859422586,13477.282388403255,8000,1080p
1.1080884739448917,0.8172816447315472,17427.52298610845,15000,1440p
1.6088878717688062,2.177947061073273,8860.811890423984,8000,1080p
0.9333798670488275,1.3169758645665932,14910.723459669602,8000,1080p
0.6640414109851513,0.985539447864946,20341.186562621966,15000,1440p
1.1699695285813454,1.3853573657218434,13131.170056874445,8000,1080p
1.0800530111132034,1.1901546904791471,14780.335727195588,8000,1080p
1.5482705146523654,1.117719835915753,12586.104069300027,8000,1080p
1.2488146945822827,1.665452177058861,11513.850130377426,8000,1080p
1.3245549812714492,0.9645898993142723,14658.0639279653,8000,1080p
1.0194137454192842,0.9515466108743489,17024.407362053036,15000,1440p
1.0461790586199067,1.2753889434354333,14453.348758379447,8000,1080p
0.7603061632073835,1.0451233886310256,18585.290113276715,15000,1440p
1.2803412219739785,1.1458967743539004,13829.818859808795,8000,1080p
1.568231656148665,1.0827673164554756,12657.278387037119,8000,1080p
1.1310647832512923,1.4418286265609848,13041.516555654045,8000,1080p
1.2322418120084513,1.2984928157895772,13258.771437918578,8000,1080p
0.8540331616591919,0.8092963658074861,20173.051368302727,15000,1440p
1.0375777103104697,1.2968826376381561,14373.528352916974,8000,1080p
0.8804018839409312,1.1694061480189228,16369.548502509318,15000,1440p
0.6193644831321939,0.9190533677001383,21811.000166077116,15000,1440p
1.6885621069853851,1.4591384565743377,10659.982206837813,8000,1080p
1.0150864735895164,1.038811523771536,16336.951515173761,15000,1440p
0.930704971667735,1.155195336151933,16086.30665339586,15000,1440p
0.8351021902637722,1.0723645230933938,17591.097011042337,15000,1440p
1.201489327016441,0.8639863627533302,16245.377356022114,15000,1440p
0.9474548529919354,0.9815681635609262,17394.521326117363,15000,1440p
1.5066440318068044,2.090695715389485,9327.568247105879,8000,1080p
1.4668711032641917,1.0034462212981032,13583.045249437891,8000,1080p
1.103869366974516,1.5863967193114963,12472.53279928263,8000,1080p
1.2338938938040689,0.8834027386587222,15847.770919547655,15000,1440p
1.3265246288559072,1.1728361485469752,13425.205477884965,8000,1080p
1.3820972857018314,1.5499714961207247,11443.944360385287,8000,1080p
1.4522009551353692,1.4519778687530709,11553.845005685142,8000,1080p
1.3262630611023192,1.1288637973191,13667.086849261468,8000,1080p
1.0169033053533816,1.2804115136915286,14605.9354694582,8000,1080p
1.4968281627933027,1.1223958944424868,12810.829187103538,8000,1080p
0.9888685391273686,0.9074324990491833,17694.675752677605,15000,1440p
1.0628348012130968,1.064937176027105,15769.749935104104,15000,1440p
1.8581064246468335,1.3646821316949778,10411.61448025236,8000,1080p
1.4003066588674635,1.567148162225419,11307.47863842532,8000,1080p
1.1433669791550967,1.6107219919012705,12183.496013612717,8000,1080p
0.7564241552203269,1.029651045352849,18786.68489951147,15000,1440p
1.4114559364701902,1.7275682776911199,10689.446691307263,8000,1080p
1.8754963224477075,1.262756830423321,10692.07306278104,8000,1080p
0.7928285012499787,1.128825610042482,17461.22353800292,15000,1440p
1.2703402553257606,1.6028436104587724,11678.484067652193,8000,1080p
0.9183034355843005,1.078811592308938,16801.451859984576,15000,1440p
1.1338624450180654,1.0730347564741651,15204.347523442237,15000,1440p
1.680240633085349,1.3001112951856442,11258.546912433292,8000,1080p
1.1280967227125567,1.046523650208317,15430.018231150325,15000,1440p
0.926533524344056,0.8921079974555879,18450.27268859235,15000,1440p
1.5487043254170525,1.5999383867275274,10656.792487308176,8000,1080p
1.9961242393254077,1.4149397599050306,9836.940030316093,8000,1080p
0.9878933754982049,1.1346959377972874,15808.25447005762,15000,1440p
0.9566819597881091,1.022141391893429,16956.759668055547,15000,1440p
1.7833965615328213,1.2028088729677067,11236.478111095632,8000,1080p
1.1253121462468711,1.6148971272709831,12245.207811052747,8000,1080p
1.757666338326045,1.2208027174838056,11265.664128538847,8000,1080p
0.6742623575653796,0.9707559306687542,20397.604233336177,15000,1440p
1.4964122148373467,1.4441585079452517,11410.856994538859,8000,1080p
2.665844097647047,2.127248354325102,7000.581010323264,4000,720p
1.5180595351931276,1.083751040932286,12896.56991477407,8000,1080p
0.7535556550864438,1.0392525346574457,18716.1304772896,15000,1440p
1.5823219006700078,1.8625219865086793,9740.479713721059,8000,1080p
0.7338408809607271,0.8749276016519618,20857.216164196965,15000,1440p
1.4492682114461133,1.1445040081668008,12936.537659813303,8000,1080p
1.2225886314629333,1.1283851544349892,14272.567478749806,8000,1080p
1.1410161021521785,0.8150726340807453,17153.83938287985,15000,1440p
1.0988151074899346,1.603003218152925,12419.203645758156,8000,1080p
0.8460257863329004,0.7281193883677504,21315.97043225757,15000,1440p
1.4438723902755173,1.8465514958307392,10197.601634756806,8000,1080p
1.6599819128454008,1.585971299811003,10337.312278306046,8000,1080p
1.494090062830211,1.0680083968121485,13096.464686483527,8000,1080p
1.2660091030511778,0.9600845073567061,15073.234945340806,15000,1440p
0.9421951818272961,1.0017042073637974,17261.403643921538,15000,1440p
1.3128839165714117,1.4641034680028058,12083.03364516175,8000,1080p
1.4291197858115983,2.0130344565571816,9748.090770304621,8000,1080p
2.1172893146596654,1.8073585912029042,8549.666824857582,8000,1080p
1.0931438070531674,1.052008512928126,15641.9810786642,15000,1440p
1.0786591047260417,1.2221647503962902,14583.65964230493,8000,1080p
0.8687307714925394,0.8762936600018643,19228.63164228862,15000,1440p
1.0803441853641391,1.3770474901278729,13654.490789825692,8000,1080p
1.37811401213857,0.9822994049364648,14215.489438108607,8000,1080p
0.6935871371874397,0.9144549850027438,20866.637469855727,15000,1440p
0.9142452744049606,1.037687334906567,17190.36397052411,15000,1440p
2.727039012485952,2.161750808399709,6863.545627723719,4000,720p
1.3103717987388532,0.9390977105670828,14916.597829482505,8000,1080p
0.808027179421377,0.5488978154433756,24728.28795031846,15000,1440p
0.8995191885868966,0.71763888573294,20749.011820698306,15000,1440p
1.7212771661490673,1.973345661379723,9081.964131760491,8000,1080p
1.4889787609870713,1.2966335444926897,12045.621687552453,8000,1080p
1.244804944428217,1.2604507457661438,13393.615722072986,8000,1080p
1.2830825721640984,1.2965396050613223,13007.498654741112,8000,1080p
1.361181898256048,0.916083101223101,14734.53111854549,8000,1080p
1.2778267608693783,0.9075289466808969,15354.219857239448,15000,1440p
0.8524294655708117,1.189870768599342,16429.725384443365,15000,1440p
1.2651789502166757,1.6625973048635547,11460.72277271082,8000,1080p
1.0552949542632344,0.9583729736113489,16663.33933987643,15000,1440p
1.0642260046129022,1.0762187821113893,15676.382875239336,15000,1440p
0.8135080126972316,1.2074772831067235,16603.006498694947,15000,1440p
1.0696255565026764,1.5103442224897872,13005.746142152007,8000,1080p
1.0832778908059115,1.430393547030894,13348.774026280857,8000,1080p
1.4678047443571116,1.6341460396327134,10817.203217144937,8000,1080p
0.9576376782409848,1.3474725527069666,14556.54117946503,8000,1080p
1.4664559830361092,1.3834582913078695,11773.83905967624,8000,1080p
1.1854068115166563,1.3605314411300335,13179.593796164421,8000,1080p
1.0773069007035907,1.0376498467920252,15865.304120158871,15000,1440p
1.5151584984258115,1.2049254121029607,12335.807682299464,8000,1080p
1.3472475776195325,1.1380571856971922,13501.133742334465,8000,1080p
1.287782598763477,0.9469495353826449,15014.968231447994,15000,1440p
1.2430592363300759,0.9996632581353524,14961.472978848407,8000,1080p
0.8981527853289416,0.7454770354517989,20414.835248037365,15000,1440p
1.4294246808808,1.9859861897080904,9824.420332249658,8000,1080p
1.2420913807219247,1.178657802176058,13861.176629555048,8000,1080p
0.8462410616231866,0.8496619143850808,19785.584714863093,15000,1440p
1.3135136069983917,1.0718707553634246,14066.67727408806,8000,1080p
1.085450071155871,1.3183572568548956,13958.86916933873,8000,1080p
1.7608987991954081,1.2202178588350319,11255.658818185497,8000,1080p
1.4847381735415508,1.5092227871272745,11207.371251929828,8000,1080p
0.6661129487917993,0.5677070445769675,27195.565139436978,15000,1440p
1.0178764426292601,1.0230633447078232,16440.677088166405,15000,1440p
0.8943351129560064,1.1431484899065507,16468.56541709479,15000,1440p
1.589819870292828,1.084835609521127,12545.328642601102,8000,1080p
0.9843688106642555,1.36803041165372,14263.919015810838,8000,1080p
1.029220600406488,1.0725212116540335,15965.058984625543,15000,1440p
0.9897854511601409,0.9985146129866482,16875.939706011493,15000,1440p
0.6459093134785024,0.778133557404754,23562.79623743912,15000,1440p
1.0073456626530923,0.9531100288970622,17115.62885334487,15000,1440p
1.2083636468477494,0.9331174473454014,15668.796745853297,15000,1440p
1.7919123290122572,2.643427192297901,7565.245420059371,4000,720p
1.6599370902604356,2.317679585692032,8435.813386156713,8000,1080p
1.3685115808579067,1.0058913018088054,14131.73486477355,8000,1080p
1.2758930955488081,1.450673500952264,12306.478060378015,8000,1080p
1.1881110564662558,0.8466418472548938,16490.6667235298,15000,1440p
1.1024138293642696,0.75064334718804,18107.60748485345,15000,1440p
1.0658933742813856,1.3068732170498005,14141.480296709276,8000,1080p
1.6740311820509726,2.0139569696969417,9098.302548530952,8000,1080p
1.7591652585574153,1.4589765810600084,10426.647945383596,8000,1080p
1.1316109500066835,0.8429390895520275,16993.457409415176,15000,1440p
1.0920205929588325,1.1063074805477835,15263.614382395783,15000,1440p
1.5188894679637657,1.3842727799407206,11557.890718722221,8000,1080p
1.7247840530597645,1.961448816184683,9102.634909464501,8000,1080p
1.0252842824337074,1.5148742087998486,13209.582046081401,8000,1080p
0.9206397589373736,0.6203948480775698,21773.963963727274,15000,1440p
0.9776179825801893,1.4147102491551884,14025.847939628191,8000,1080p
1.1214063730787593,1.6363385274045514,12167.344410325768,8000,1080p
0.8651719641384339,0.6160720914557734,22652.872005308738,15000,1440p
1.2627961991694598,1.605512380143702,11698.334078139831,8000,1080p
0.9326629561838043,1.3092886782471718,14966.617247528788,8000,1080p
2.1726375731785876,1.884573871946532,8270.318777769597,8000,1080p
1.1288373637321556,1.2407185393461873,14160.641644456959,8000,1080p
0.8707500350030175,0.9120932005558422,18820.741684269196,15000,1440p
0.7747539048199903,0.9649022313085596,19287.968066305566,15000,1440p
1.3154364500038647,0.9226578925740838,14992.411786069008,8000,1080p
2.26855359353232,1.9398754493042727,7973.14904408687,4000,720p
1.4090997024073983,1.0962850683040735,13392.925666452147,8000,1080p
1.3418139055433447,1.2062042979897967,13168.835274988476,8000,1080p
1.6592551007060394,2.3516018716316647,8365.900911306493,8000,1080p
1.629127002530812,1.734211645927978,9976.524967349309,8000,1080p
0.8575175389972013,0.8574002148644831,19566.20480745592,15000,1440p
1.403368193482842,1.7058984912823953,10791.751046769248,8000,1080p
2.3824792993071875,1.6199914845166767,8383.429589445474,8000,1080p
1.5236175742801088,1.1944038190260657,12345.168468002645,8000,1080p
1.827205391602606,1.706249750836212,9496.209983534833,8000,1080p
0.936851857639888,0.9383480976292099,17893.788822741742,15000,1440p
1.1131042504225948,1.2830737532040273,14003.313589063615,8000,1080p
1.2947730666734305,1.4888878716542608,12054.065758510847,8000,1080p
0.8988837693517903,0.8722409183194367,18945.26807376799,15000,1440p
0.8213346503855876,1.102214413998856,17444.021897480314,15000,1440p
0.9028950710147251,0.8476839074309283,19167.619635072464,15000,1440p
1.2336632619778765,1.1661546452752563,13982.074180956048,8000,1080p
1.2799842479391959,1.338354475894015,12815.160886012787,8000,1080p
1.155650563112348,0.7750314549858686,17379.5745158761,15000,1440p
1.4215855220435811,1.0593442956311248,13524.942044289455,8000,1080p
1.1685075206006104,1.604363189341804,12100.972425323373,8000,1080p
0.9955070111411157,1.244728089709459,14978.085106897941,8000,1080p
1.1302907179604158,1.131939062781955,14832.459675687238,8000,1080p
1.010484218132406,1.0768462106524341,16075.285224263242,15000,1440p
0.9415581194556549,0.9874944184166169,17394.25512848408,15000,1440p
1.0164577893584303,0.9622390491307569,16957.8438431327,15000,1440p
0.8933551113552741,1.0639632374797827,17143.063119993076,15000,1440p
1.0591117495329538,1.5568690956399187,12826.711656515441,8000,1080p
0.9056510027637152,0.8686636017674267,18911.20769355707,15000,1440p
1.5704223793246053,1.3340333315063893,11552.743557036281,8000,1080p
1.0955145844148473,0.8808945659915992,16977.472500114443,15000,1440p
1.0499958241543152,0.7311294057975926,18838.895455377948,15000,1440p
1.3536852289318904,1.5955862876943763,11377.193252923562,8000,1080p
0.9954392693685977,0.8492386606905366,18189.859299137577,15000,1440p
1.2790156694677588,1.0677715018742182,14298.029412190956,8000,1080p
2.2788016521502876,1.715361820121116,8400.865971797153,8000,1080p
0.7077505878870305,0.9012672713914611,20853.98356923541,15000,1440p
1.1461477326739646,1.1757106202104959,14451.541351915417,8000,1080p
1.2059389765351018,1.490758705693469,12442.785938196219,8000,1080p
1.886297344364201,1.7094923373438888,9331.589155698564,8000,1080p
0.8908733546883878,0.9995311019076343,17749.869284809116,15000,1440p
1.3610317588621714,1.0365237307888973,13995.268157436218,8000,1080p
1.677235462595162,1.2288177504573967,11546.392835922628,8000,1080p
1.0436202179686442,0.734893385386068,18866.559095588655,15000,1440p
1.838304250956497,1.4528690992993265,10195.279442631549,8000,1080p
1.9442948149173906,1.373642073516229,10113.041063852444,8000,1080p
1.4594361177051778,1.0981127186389692,13119.761985841069,8000,1080p
1.113081949453252,1.016737482983835,15754.590031890495,15000,1440p
1.1825516240340226,1.2340070666799472,13885.21293893606,8000,1080p
0.9905385333618385,0.9736770090053818,17082.866557282756,15000,1440p
1.15737573872556,1.5120835653060818,12569.748469033888,8000,1080p
1.3069778699299177,1.0079252671324959,14494.961565683567,8000,1080p
1.148011536646113,1.3028125195387503,13691.081542684606,8000,1080p
1.0988959794826962,0.9581857892612666,16311.66660938717,15000,1440p
0.8738058992059381,0.5876066587579583,22960.273481397682,15000,1440p
1.670301337932774,1.8019656344337833,9663.551871741778,8000,1080p
0.9842185886123053,1.181391438304506,15494.217141103467,15000,1440p
1.3410048552465834,1.2471349972105152,12964.69043902109,8000,1080p
0.9633948895091442,1.0519698572245724,16649.309785924044,15000,1440p
0.9130561244046893,1.1872181761946035,15976.214149944877,15000,1440p
2.128717808723464,2.0982372118844967,7938.204176862493,4000,720p
1.6770559001089858,1.4933833353285602,10583.527867352179,8000,1080p
1.0180867540618905,0.6916985684670389,19624.93861531687,15000,1440p
1.3020549691002405,1.350370095006249,12650.4731289377,8000,1080p
0.5969209631103586,0.8669373962788346,22921.911662273706,15000,1440p
1.2844726703400033,1.3506189370107233,12733.687097024691,8000,1080p
1.126863965416973,1.6069283075118712,12273.950852912285,8000,1080p
1.008687026156585,0.8287068359689447,18261.970224056175,15000,1440p
0.8691328986315344,1.2047993256556269,16179.136235531088,15000,1440p
0.8758245642666285,0.6556387821672229,21910.04575991615,15000,1440p
1.1527759127841657,0.8817603013982707,16492.42307219565,15000,1440p
1.3595316861674944,0.9206445792279485,14715.718477220784,8000,1080p
1.2685250138052184,1.1143954818144886,14081.22178716406,8000,1080p
1.1106207110390904,1.2396575246655,14276.791356126698,8000,1080p
1.1127072189667262,1.0338483985235587,15631.755229911654,15000,1440p
0.9671603522498631,0.6857638882590822,20300.0422993787,15000,1440p
0.6723813568031799,0.9438460501012057,20760.959662395486,15000,1440p
1.3779340908887137,1.2466402795306704,12784.713734226665,8000,1080p
1.2538287865389737,1.2395239940079847,13457.55492836408,8000,1080p
0.7887601214677668,0.6114418144615631,23963.994863162035,15000,1440p
1.1099266335593148,1.035621840704705,15639.092941729066,15000,1440p
0.9892725363849808,1.1058549651017227,16015.460622892764,15000,1440p
0.8207032421098827,1.082935236647323,17626.47286994644,15000,1440p
1.9498098485908146,1.6325206262632266,9366.648955347187,8000,1080p
0.6415185732008071,0.799495258670933,23285.294879103265,15000,1440p
1.0893218528946047,1.1273396435270078,15137.37305139616,15000,1440p
0.720695047114403,0.6262086021744763,24912.273433749793,15000,1440p
1.072010576083274,0.9250804057081212,16801.654158941517,15000,1440p
1.5354922369875772,1.1416365112421372,12533.73862657457,8000,1080p
2.210900486599825,1.6928634857918263,8595.404905958694,8000,1080p
1.806937366832995,1.4353039281047737,10349.147070697598,8000,1080p
1.0752806877074494,1.5208752858874548,12924.659512478014,8000,1080p
0.9325576381897386,0.8601881879587568,18716.781548496347,15000,1440p
0.8984822663270651,0.798976566207583,19767.44964700939,15000,1440p
1.0544665104826754,1.3313186373400931,14064.314228220119,8000,1080p
1.2367720005582334,0.9571412445650529,15294.329470222247,15000,1440p
1.9621528031970028,1.7427281979669274,9056.817746496714,8000,1080p
0.8544370756106436,1.26835066975369,15806.776760076435,15000,1440p
1.1014220998249755,0.8416089089427858,17269.11811936531,15000,1440p
1.4671566238617335,1.0552673858440906,13302.455047560881,8000,1080p
0.8936744669178411,1.1787376022852856,16191.003950725966,15000,1440p
1.6668333136306648,1.2265143451576603,11597.096497574685,8000,1080p
1.2471294905761117,1.108085587452276,14246.865313077604,8000,1080p
1.403440910360295,1.1019420241039737,13392.935482405612,8000,1080p
1.103294009888939,1.3516700216790802,13667.993326390335,8000,1080p
1.2340657435005287,1.5849091492330227,11903.061671990406,8000,1080p
1.3766591079330588,1.5349550789274546,11524.340055569146,8000,1080p
2.2144123344159374,2.1905351881319564,7617.441939601488,4000,720p
0.6624116905852502,0.9435658235899849,20893.463142435216,15000,1440p
1.292269408706754,0.970324311521632,14830.073866117253,8000,1080p
0.7438381662918223,0.9340034388116645,19998.569530006625,15000,1440p
1.2367231881868235,0.9781188196545334,15149.808375136894,15000,1440p
2.277352112410745,1.8750341362793534,8080.758867406663,8000,1080p
0.9826828643194577,0.8704496863891303,18106.870977561583,15000,1440p
1.1377581907755894,0.9765439334028336,15870.216283795584,15000,1440p
1.6777995433210218,1.860298202350565,9483.749294673837,8000,1080p
0.8284083969525738,0.8196588795758625,20359.867875467182,15000,1440p
1.2091394122900099,1.1033542359797648,14510.064503357959,8000,1080p
1.2411645171834793,0.9615304910206037,15233.353630450109,15000,1440p
1.0582844459078617,1.3191333383624086,14113.813828602813,8000,1080p
1.2969132915553614,1.289160185196068,12975.049743037605,8000,1080p
1.0150927036885302,0.7314880477315837,19211.497649173958,15000,1440p
0.9885600584319145,1.4749477741805426,13620.590751041693,8000,1080p
1.1300092476010368,0.7612907707373657,17741.46442904345,15000,1440p
1.088079661719325,1.2684357182839634,14239.004033130128,8000,1080p
1.2634569335961816,1.543440802567792,11954.276626357225,8000,1080p
1.3673150387594277,1.7804627725382693,10659.720606571946,8000,1080p
1.3260321175152159,1.3038570910594123,12758.876644155722,8000,1080p
1.2675708943022166,1.2226966044829484,13474.22797605838,8000,1080p
1.0660504872513694,1.2351168705997113,14581.482692043064,8000,1080p
1.1611726126389306,0.9529506622223047,15871.55886271694,15000,1440p
0.672543616191132,0.8825877617447451,21576.58991135317,15000,1440p
1.0268948842836474,0.8357737738356465,18014.171148334757,15000,1440p
2.1644567723213757,1.8151637902668356,8431.565641066374,8000,1080p
1.2749705974106307,1.4760424623255861,12197.118396528947,8000,1080p
1.3651459225936755,0.9769803794677341,14326.482722331093,8000,1080p
1.135059195266181,1.3287572446064355,13618.884693266686,8000,1080p
1.0352608552826201,1.4569659511602795,13463.63497626105,8000,1080p
0.7430412726599878,1.020257770962682,19029.348493868034,15000,1440p
0.9455480404618187,0.9917393482094222,17320.31715904295,15000,1440p
1.2614123227377831,1.4922974967992682,12185.173529156065,8000,1080p
1.1639632049804003,1.4258444758093967,12956.341217494237,8000,1080p
1.0322379362867908,0.8748131442695051,17594.930907782506,15000,1440p
1.601128622178819,1.647871891977516,10327.616709753906,8000,1080p
1.2333855166958994,0.9831002618081011,15138.573107672859,15000,1440p
1.2839111335152045,0.8592189112739939,15656.740981063735,15000,1440p
1.161663419535025,0.9286070927807206,16052.674427687396,15000,1440p
1.9297411982628396,1.3820776135819208,10131.723353944413,8000,1080p
0.963671808712989,1.404508756465266,14168.865538964648,8000,1080p
1.025074221824738,0.8601101292797753,17799.0189555418,15000,1440p
1.8019345740328692,1.470960053959973,10252.218850253,8000,1080p
0.9695812308940499,1.4508028460553368,13863.267536568605,8000,1080p
0.9841566332136684,1.4471191550205387,13801.162403040255,8000,1080p
1.2061986035560348,1.0495223476062885,14875.258388104317,8000,1080p
0.6992136580947532,1.0116143659618109,19612.97776759507,15000,1440p
0.9561892820524835,1.4062334646188688,14203.398628496154,8000,1080p
0.901281630807003,1.1903618902295152,16042.13703842423,15000,1440p
1.3323215514839792,1.6406430748915786,11286.522450456247,8000,1080p
1.1908848784173305,1.0074440919071472,15263.608155537931,15000,1440p
1.1105620247914927,1.5204151111717823,12753.60075970967,8000,1080p
0.6534279014916241,0.9271098153146095,21229.757216931772,15000,1440p
1.031256370019634,1.258873486602853,14651.759551087862,8000,1080p
1.0228633560927107,1.30127742417407,14437.349185081806,8000,1080p
1.236966756148079,0.9506748952173005,15338.17569210093,15000,1440p
1.3204868285563842,1.2811547745452394,12897.407529152784,8000,1080p
1.0706286291520253,1.1989253073177388,14784.593333874718,8000,1080p
0.8562492861365625,0.621012396631972,22713.93916960987,15000,1440p
1.3658678620809908,1.2595278985356542,12780.71386544741,8000,1080p
1.1267235250426728,1.2465483665282846,14138.469392897528,8000,1080p
1.115495080030931,1.2704058240745248,14063.631872665954,8000,1080p
1.379901615051047,1.0828923537928,13624.538806123539,8000,1080p
1.009861036750818,1.2512563553873675,14839.756713502544,8000,1080p
1.8752346495223111,1.7349452233811171,9294.39340456308,8000,1080p
1.553759378820201,1.1202389325506166,12548.411813617942,8000,1080p
1.0676477630615198,1.1049573559160328,15444.330728536172,15000,1440p
1.522083161015607,1.4057022340968515,11460.686994345482,8000,1080p
1.2160772229500414,1.0788675330101527,14621.019487661253,8000,1080p
1.1974761157015477,0.94362931384143,15671.545892610364,15000,1440p
0.768418093767218,0.5649181281066089,25165.769480741852,15000,1440p
1.6502543780016976,1.2990373498706511,11377.115285983096,8000,1080p
1.0738662892086945,1.160383728461683,15018.208228543177,15000,1440p
1.0923148157541465,1.507634375332096,12905.802973011627,8000,1080p
1.9229418753716112,2.1488466984293213,8240.71078147302,8000,1080p
1.0017324649414858,0.9689270934135494,17027.005937042126,15000,1440p
1.1824502180505767,1.4092603091570208,12946.828609039436,8000,1080p
0.7619284151237988,0.7299428369893384,22491.506524086686,15000,1440p
1.3350758249530799,0.9978158854710077,14383.193120395747,8000,1080p
0.8924586963254922,1.2917754964040973,15362.103620430813,15000,1440p
1.681381751432965,1.2888748020911087,11296.812714776845,8000,1080p
1.2179822667951314,1.1102016443478706,14412.277242963482,8000,1080p
0.8665150515510363,1.021704293297322,17770.41003819116,15000,1440p
1.1699397947339283,1.5811629996403207,12196.720554613848,8000,1080p
1.6708092405528492,1.1660781959700126,11827.903909055784,8000,1080p
0.8922675162430255,1.3159838829457016,15195.023543210393,15000,1440p
1.6204238342364583,1.5368260836325698,10627.740240040108,8000,1080p
1.0462200533462516,1.142195926813215,15332.748574407204,15000,1440p
1.5065119182856799,1.2063952146254568,12368.441069338698,8000,1080p
1.3765262211519103,1.0428037669567578,13869.307686394392,8000,1080p
1.0903880529451386,1.4556242234570524,13179.2106075059,8000,1080p
1.348954768599062,0.9012293028318898,14911.860956629136,8000,1080p
1.7949755528484188,1.2290506946491926,11095.946018248476,8000,1080p
0.9830876368693184,1.3044323300837881,14668.476115945465,8000,1080p
0.8667703883359407,1.0670354603732237,17351.499904914413,15000,1440p
0.8729902707875276,1.234621804904926,15920.592023072237,15000,1440p
1.7368285494858198,1.2418499328243284,11264.87205627392,8000,1080p
1.4471521657574211,0.9783134310801263,13834.223022478685,8000,1080p
1.1872580965147332,1.0038322028079232,15314.034300810361,15000,1440p
1.2641908457148257,0.9115723622899929,15421.913504443122,15000,1440p
1.1706230672043496,1.6377734091229779,11947.897058993862,8000,1080p
1.577901658548338,1.0574519066507728,12732.421350629982,8000,1080p
0.9457950533559709,1.0009114731416873,17236.512819612395,15000,1440p
1.6920048591104764,1.3831703929451598,10911.388538773572,8000,1080p
0.8557095598587563,1.1248960064698759,16941.5014127212,15000,1440p
2.475664259948096,1.6898697272031198,8055.253444936522,8000,1080p
2.1358695394798617,1.527465571437757,9159.531133256069,8000,1080p
1.9195585046604235,1.4621961675281248,9922.195798515684,8000,1080p
1.653572544471356,1.5005241055366718,10638.365187672545,8000,1080p
0.7598177492676943,1.0311721740729156,18735.131651334606,15000,1440p
1.0460924190950096,1.0715712698001698,15845.024012054486,15000,1440p
0.916550375569606,0.7485626288599608,20151.444322840453,15000,1440p
1.0010981156754615,0.6992510300997168,19733.84824132855,15000,1440p
1.720769888122416,1.8669581650748233,9352.557245830723,8000,1080p
1.0306366499122641,1.1941238905546026,15082.266783174153,15000,1440p
2.160657733540613,1.529994097741561,9091.735968045192,8000,1080p
1.2823539181477264,1.5651803372922162,11783.679840162575,8000,1080p
1.0482097084745077,1.0809751285459341,15759.285627336943,15000,1440p
1.037307832313947,1.5558461995094428,12939.621629960033,8000,1080p
1.314145528810235,1.8114127531944204,10735.500340271696,8000,1080p
1.1163198899601605,1.166978089887424,14695.599214886459,8000,1080p
0.9736725510196635,1.3931453120209316,14177.023303725371,8000,1080p
1.3547711888484721,1.2694341851672337,12786.511426372523,8000,1080p
1.6699278194030083,1.3201209454695861,11222.03503641846,8000,1080p
2.0418878389428836,2.0305737338369814,8239.348954027262,8000,1080p
1.358933604575242,1.0789882204760335,13763.538951579903,8000,1080p
0.9966395231548991,1.0527557272834356,16372.84559570596,15000,1440p
1.0136317403776582,0.7614776171668887,18902.74075644263,15000,1440p
1.0084192959909364,1.0602683900452494,16220.153591330007,15000,1440p
1.6397019388025917,1.397670913947835,11047.189010600236,8000,1080p
1.1584784209962933,0.8299270464013171,16875.04513046599,15000,1440p
1.081638329008083,1.2249849061679272,14546.992975833602,8000,1080p
1.7822814579597832,1.630391151030652,9832.303254523542,8000,1080p
0.9903205878582515,1.2231931580561746,15158.899311979789,15000,1440p
1.3745655311920673,1.7858127333219018,10617.220215935227,8000,1080p
1.2826978606263744,0.8713128119573001,15577.653549762783,15000,1440p
1.4729356862928047,1.3239213945340162,11997.192216228823,8000,1080p
1.1461311216783159,0.9718473315254643,15842.669196772786,15000,1440p
1.2954028711713605,1.85649853784175,10645.774612127287,8000,1080p
1.1477960736223338,1.3513886747881372,13426.151076402517,8000,1080p
1.1393706016378602,0.8769882400364588,16641.101428224694,15000,1440p
1.6431957068264782,1.7193095222725217,9978.997715638076,8000,1080p
1.0323340696012977,1.1053607074319132,15696.549554454332,15000,1440p
1.7276610004191584,1.9460126181368484,9133.754242759616,8000,1080p
0.9225324055688514,0.8258431586873182,19191.775889567198,15000,1440p
1.158450056074545,1.1575368082229336,14488.178891367874,8000,1080p
0.7935076868617126,1.1139589450196514,17591.09776243097,15000,1440p
1.2642129894597747,1.5827908251850027,11785.875321767566,8000,1080p
1.3226193274949303,1.2624973650932603,12979.85197194548,8000,1080p
1.4315356420375027,1.5146745867083122,11389.014834248244,8000,1080p
0.9582830282426242,1.194660752890728,15585.373057134026,15000,1440p
0.6463712720017,0.8946677010516498,21773.90227420184,15000,1440p
1.3281982712656744,1.214268998596792,13197.586611140568,8000,1080p
1.5253532086229327,1.034802075089034,13106.404995617868,8000,1080p
1.673895479935218,1.2407053677526043,11512.530790148852,8000,1080p
1.4360582024691608,1.2466859521693345,12507.503535879112,8000,1080p
1.4473024795810245,0.986275229715728,13788.107884048812,8000,1080p
0.8782628562238721,0.814577581833368,19821.379053603057,15000,1440p
1.3112162962871816,0.9666445086230382,14730.677101809355,8000,1080p
1.8149613479039526,1.8553813131902608,9142.04342708336,8000,1080p
1.252851207209811,1.3702743797011496,12791.774883914077,8000,1080p
0.7912657598427313,0.8946388420366962,19902.92449679175,15000,1440p
1.7067388311492055,1.691497062332319,9874.073799398066,8000,1080p
1.4261550778314813,1.0892966084748483,13339.32676292864,8000,1080p
1.0621088899041784,0.9756164708846595,16466.611568798708,15000,1440p
0.8887304610546589,0.9587650631796392,18162.118153929907,15000,1440p
1.114312465523629,1.049366363756659,15508.046548276912,15000,1440p
1.514812410823084,1.4686674353149294,11246.743309975689,8000,1080p
1.1400422155948267,1.125849000379855,14808.492024435709,8000,1080p
1.075973915393153,1.602642663865791,12526.776792101782,8000,1080p
0.7180707530726208,0.8681514184344347,21153.67733646053,15000,1440p
0.8256771456647882,0.5594198653195479,24225.329875020183,15000,1440p
0.9520137731645476,1.0547359887169545,16720.785340240833,15000,1440p
1.213487032098766,1.2253902684725992,13758.146829337857,8000,1080p
1.4129314528979735,1.2108919564310183,12788.372830540871,8000,1080p
0.831047273962337,0.7030708714930692,21872.130317602947,15000,1440p
0.9387159478143983,0.8965461856261796,18283.18221609863,15000,1440p
1.4895930741623935,1.0181073483500802,13380.558418689301,8000,1080p
1.4381579807249283,1.1642613669619202,12893.553081606446,8000,1080p
1.7157231675460458,1.2892368913948726,11166.348750680592,8000,1080p
1.1089556306422719,0.8720686405315308,16937.92069499392,15000,1440p
1.0773238211283729,0.9652512334730068,16427.51482958277,15000,1440p
1.1172668701981632,1.0563794629433279,15436.932627169856,15000,1440p
1.0084790906197492,1.001666419866995,16692.538836094012,15000,1440p
0.8146763032939087,0.9246470750290815,19291.658134528323,15000,1440p
2.0562598648851447,1.3913374588364888,9732.700443037373,8000,1080p
0.9559814909152501,0.7990537733711914,19118.95030419374,15000,1440p
1.1558822671240565,1.4146009720787094,13053.744715490498,8000,1080p
0.8039937921398749,1.0010188537532998,18589.582780122993,15000,1440p
1.0468095416808796,0.7823394951627665,18344.285415857124,15000,1440p
1.3736259136641142,1.0798447496776786,13676.31270320412,8000,1080p
1.5752858580233509,1.7788273683841036,10003.965201836581,8000,1080p
1.1331522128764082,1.2978094473982604,13802.945784101244,8000,1080p
1.1323052991150144,0.8169056127331598,17214.36700156006,15000,1440p
1.1291013327794888,1.4386864723791501,13067.447369517746,8000,1080p
1.743550890054518,1.6139546151669406,9993.857626686682,8000,1080p
1.0748280716107643,1.1638725693854497,14988.351450629145,8000,1080p
1.473126724239562,1.0197947081714942,13459.883477975261,8000,1080p
1.7499162999862001,1.342913773715396,10849.102989948946,8000,1080p
1.5726302802015664,1.2840738806490426,11745.854702017472,8000,1080p
2.0015835722982573,1.8935017742526883,8614.556297132764,8000,1080p
1.360968593884685,1.049142415261459,13922.35953973244,8000,1080p
1.2815658742240734,1.433189362103786,12360.02109913516,8000,1080p
1.0991741092274045,1.0470727993286006,15634.003648990889,15000,1440p
1.6444554849200401,1.1278386917872545,12103.488973833657,8000,1080p
1.1987782847845683,0.8658773643950282,16251.829700189017,15000,1440p
1.0489906640259272,1.4683051672238288,13329.554509825453,8000,1080p
0.9670600998767442,1.0639212560836864,16521.290016536095,15000,1440p
0.9444972525263009,0.9805251223995368,17430.671163649564,15000,1440p
1.3400113152346134,1.0954414125226541,13777.492626966005,8000,1080p
1.677912343321109,1.2023668292022975,11649.715180422261,8000,1080p
1.151749085278024,1.090749620978815,14962.96604603567,8000,1080p
1.6014283932151203,1.0773649300908228,12525.950288165539,8000,1080p
0.960020579123255,1.1924017672425549,15589.148689453968,15000,1440p
1.733568305540547,1.4197246066179097,10641.076783771317,8000,1080p
0.8694386123403439,0.7732415503077479,20426.637371640496,15000,1440p
1.0064349029539006,1.28677574854819,14632.075765922897,8000,1080p
1.2491410585122202,1.1881537555018826,13767.079717671711,8000,1080p
1.2292148956060707,1.109010414662951,14350.384393084616,8000,1080p
1.7388301505262498,2.3173674595382816,8272.385920435017,8000,1080p
1.8243537543963664,1.486852362663124,10133.598095004108,8000,1080p
0.7716551772431066,1.1397169471268072,17555.154002814215,15000,1440p
1.1430906575542916,0.9556209911995899,15988.109667148929,15000,1440p
0.8559083638362747,0.9577904324535996,18500.5537130197,15000,1440p
1.5412304835482629,2.014696567606701,9436.198076420475,8000,1080p
1.086094918154272,0.9645478110461256,16362.88541255736,15000,1440p
1.776107559570142,1.398567845407389,10569.405598881212,8000,1080p
1.0440350611234464,1.435544814656256,13532.305342431782,8000,1080p
1.0977802382276955,0.9323956651605978,16527.84467789161,15000,1440p
1.158839416781725,0.9488952146038683,15919.666309198428,15000,1440p
2.1676412263182296,1.5462188998036508,9034.920772592075,8000,1080p
1.2004995236257299,1.1480947808195874,14287.027749530698,8000,1080p
0.8598747881159144,1.0571917944459068,17503.008140260015,15000,1440p
1.0960762560598627,1.4542630015056033,13156.850368225441,8000,1080p
1.3905672861848748,1.3057234477300357,12444.663914740475,8000,1080p
1.8539822772286882,1.2881124308691874,10679.000831363479,8000,1080p
1.1166531650483205,1.4362919060872892,13143.421054912946,8000,1080p
1.028247856935872,1.411263914663813,13754.56859468115,8000,1080p
1.24458428293054,1.4298735674989702,12546.255681169645,8000,1080p
1.4638630647016695,0.9950600921422297,13645.986417512984,8000,1080p
1.1849038047358742,1.4734915947420775,12622.062168249811,8000,1080p
0.9254261581569816,1.130417337916826,16321.49142874023,15000,1440p
1.1141521960274023,1.1007824129050554,15149.174998070206,15000,1440p
1.0981572098122874,1.6077639264173083,12400.3732225376,8000,1080p
0.7861383465749646,1.0354901164200858,18420.019604234287,15000,1440p
1.305496879761836,1.868296764062316,10572.342050433297,8000,1080p
1.4069540476646236,1.5420649034596585,11378.167640193607,8000,1080p
1.5500607004579223,1.3567318976585467,11543.45584261583,8000,1080p
1.0954332418544985,1.1398833735009473,15011.042180556775,15000,1440p
0.877359506583026,1.2465727540513791,15798.259022619442,15000,1440p
0.8489530180812901,1.039454232593438,17768.64179483054,15000,1440p
1.15909296434559,1.4447544961015673,12886.48145089026,8000,1080p
1.3936793555133207,0.9554007168399705,14284.073325089092,8000,1080p
1.105501052221192,1.5044634239644714,12856.279196963698,8000,1080p
1.0836930035402184,1.0138220235177278,15997.230802710726,15000,1440p
1.494349919141069,1.0043999302529796,13428.487852890521,8000,1080p
1.2873067735372123,1.0300617567077446,14479.540721325466,8000,1080p
0.7420791566862596,1.0004458350782173,19256.212770884198,15000,1440p
1.268897277620626,1.0738347083733686,14322.77879014967,8000,1080p
1.7243846923303299,2.0426354563525537,8907.4203682537,8000,1080p
1.0917461538251467,1.53700361215867,12764.407032649668,8000,1080p
0.8647219025847063,1.1503825469411528,16651.46042821509,15000,1440p
1.1708258255829933,1.344133807883944,13341.936607445403,8000,1080p
1.243019173539574,1.4066753831042902,12663.509428234045,8000,1080p
1.0541823629723353,0.7776825477588885,18317.088669276443,15000,1440p
1.2703656834099766,1.3242003496511212,12932.579696347952,8000,1080p
1.0683113901173686,1.2436076580682394,14513.67080795216,8000,1080p
0.9453803910078006,0.7371506064998822,19942.83139490676,15000,1440p
1.4796032332214497,1.3065973211336934,12043.078502568907,8000,1080p
0.6327676460091545,0.9312375324049302,21454.169374314024,15000,1440p
1.0151321398672677,1.267616230449822,14699.137424130131,8000,1080p
1.2475525755510475,1.6172953251069635,11712.465430465983,8000,1080p
1.2515499513550477,1.095024587075468,14299.325016303368,8000,1080p
0.7686370416417708,0.6422974586106361,23781.70779295377,15000,1440p
1.37688034893241,1.2206069070340133,12918.03527540916,8000,1080p
0.9018305194019552,1.0238696570955494,17424.53597373053,15000,1440p
1.019258938644363,0.9258695683529694,17250.496241915404,15000,1440p
0.7802865091904364,0.8004860922398666,21226.602719226994,15000,1440p
0.9255855210720609,1.2571284552790782,15372.803016588192,15000,1440p
0.8367104564712545,0.7942058729414981,20573.97512972478,15000,1440p
1.0856471913230785,1.220360229281075,14550.877720596856,8000,1080p
0.8989351307842248,1.0078452941193563,17597.428399075747,15000,1440p
1.169379045823407,1.023794466703496,15299.48807440214,15000,1440p
1.218072687413664,1.503215268455674,12330.349652130348,8000,1080p
1.3297194750242225,1.3583334670200764,12482.801761516432,8000,1080p
1.5445587082459438,1.2971444072807936,11807.85980655842,8000,1080p
1.336440434784707,1.3975778093313997,12272.936390315848,8000,1080p
1.249951713405438,1.4569009060442704,12396.106001080128,8000,1080p
0.7757194395906264,0.9247034681439572,19732.99221468584,15000,1440p
0.7372685131301313,1.0052688464963804,19256.07609766939,15000,1440p
1.061443591795371,0.963155292009831,16573.372764552238,15000,1440p
0.8373353906998332,0.7942269459225854,20565.82898907973,15000,1440p
1.4480325625553074,1.1642438269168915,12844.901150287375,8000,1080p
0.7503589783680182,0.6429460057260539,24082.618222899073,15000,1440p
1.0926346962819475,0.9311065508718639,16580.396356100828,15000,1440p
0.7727372720745783,0.6220384439483723,24057.224121794126,15000,1440p
1.219850932291451,1.315365210297952,13235.333838529596,8000,1080p
0.80459436140266,0.7247091291251946,21940.9896124793,15000,1440p
1.2171063832042843,1.395885739083765,12841.382763380963,8000,1080p
0.8329713895669854,1.2326614347373592,16244.14155565151,15000,1440p
0.8114467360711392,1.184643491089933,16810.07779278725,15000,1440p
1.5154005810269158,1.2893331030163095,11963.500203566164,8000,1080p
1.4870312148096,1.010943049167427,13432.657207035414,8000,1080p
1.2161926425030312,1.6057574243301405,11890.51230720578,8000,1080p
1.297040645501094,1.8692180882868163,10597.50160084284,8000,1080p
1.5056476353100103,1.1345315517561565,12709.149501813368,8000,1080p
1.3803617227109204,1.2402066120940398,12804.257593419079,8000,1080p
0.9810264864627374,1.1114105367497447,16036.053476287887,15000,1440p
1.6660339187004394,1.114409034224027,12068.016703851987,8000,1080p
1.8531946325109208,1.4422269355592578,10182.136429861901,8000,1080p
1.0772585864642035,0.8197533962972223,17688.044305948864,15000,1440p
0.7514765007868063,0.8087766810977142,21505.760981350446,15000,1440p
0.9491369664897573,1.2902553642770598,14983.721940545462,8000,1080p
1.5969185807393638,1.2961091801834308,11598.37885181478,8000,1080p
1.3875775684219394,1.0206172196239083,13933.43767977675,8000,1080p
1.547500949675221,1.12556133146238,12552.805909827106,8000,1080p
1.1018404429428899,0.8381473422570873,17296.207870989845,15000,1440p
0.9065255223337007,0.9109405238998595,18462.20570091903,15000,1440p
1.1712909049282845,1.5302691438584721,12420.390957094942,8000,1080p
1.6745147049336289,1.536273269197405,10450.528739469679,8000,1080p
0.8836714549045458,1.2287106837796173,15884.641034174621,15000,1440p
1.3595325110777943,1.790330525488568,10652.663817591698,8000,1080p
2.0285514738426564,1.4723953311842584,9584.387843831302,8000,1080p
1.5971107836401723,1.7057479345853073,10159.208995178493,8000,1080p
0.7759489211788909,1.1457344408567356,17460.95775344384,15000,1440p
1.722356161026797,1.641609472806451,9974.665514571452,8000,1080p
1.5651542707167811,1.0625929424101033,12769.27698082189,8000,1080p
1.494404139478856,1.4819790888881113,11273.55902297907,8000,1080p
0.9873768317611746,0.8294612948180469,18468.586446485984,15000,1440p
1.8675317307067092,2.1352427456980836,8382.79353428322,8000,1080p
1.050347720597115,1.2837519125696575,14375.749656613962,8000,1080p
1.2404776315013148,1.1102579161283195,14274.013950158977,8000,1080p
1.240678191161686,1.023366032653061,14820.572693347513,8000,1080p
2.03391704274177,1.8036761885771608,8743.613503942881,8000,1080p
0.9890151225600293,1.2512892006815863,14977.622304209233,8000,1080p
1.3600005991704895,1.4381030612307741,11991.847362505545,8000,1080p
1.8900381650982605,1.636545024798505,9514.714439781086,8000,1080p
1.1301860993501323,0.805685730975461,17332.982212131523,15000,1440p
0.7342643064487543,0.8146643043985323,21662.994514411632,15000,1440p
2.2924274771541087,3.409574538155534,5884.675577088138,4000,720p
1.1735996064255982,1.04225497740168,15142.885388283903,15000,1440p
0.979188005283445,1.4074568716132538,14059.247911080127,8000,1080p
0.6897965279150576,0.8486137750819446,21811.10717643535,15000,1440p
1.240594783997451,1.2617452180421596,13409.221757495148,8000,1080p
1.7398266307922121,1.8422719748284346,9367.255258509625,8000,1080p
1.883520265360846,1.6989701314463432,9366.23082923114,8000,1080p
1.4844814778330138,1.0180968223790345,13407.944917110832,8000,1080p
1.0639348227460854,0.8003783793736952,17998.28052595862,15000,1440p
1.7559426289779054,1.5516834902465937,10144.566160297198,8000,1080p
1.2620966586796543,1.0743126982947866,14361.538101119268,8000,1080p
1.0501244283922377,0.7819660582076788,18314.833380458167,15000,1440p
0.837815129871831,0.674046565690219,22194.114778154886,15000,1440p
1.3426805954213652,1.7241467553411542,10941.089328571825,8000,1080p
0.8654075571061645,1.052803616651505,17492.56414468107,15000,1440p
1.2519126977056054,1.2295004673339098,13522.307559557767,8000,1080p
1.0741849629924338,1.2779098540244884,14265.76503516805,8000,1080p
1.6193260747140443,1.0809645149678082,12426.23002435948,8000,1080p
1.0910587264352543,0.762323981452609,18104.427033442556,15000,1440p
0.6402935274379227,0.8052864425115387,23211.74386580155,15000,1440p
1.0543198578839472,1.1536124181267458,15197.219753780844,15000,1440p
1.0647051008729207,1.3445792955581792,13927.136227547298,8000,1080p
0.6392619387642765,0.8200714389281066,22992.986053028544,15000,1440p
0.8246344784485227,1.0276113596170187,18115.539152752943,15000,1440p
1.4958829564122804,1.706147880596006,10479.109573894826,8000,1080p
1.1411219040124376,0.9627049074506171,15949.236798948004,15000,1440p
0.9543528455775857,0.9416004495525953,17697.921191511243,15000,1440p
1.1248657916896934,0.850849007928052,16983.43911099517,15000,1440p
1.7634220023598068,1.3079658968131591,10924.843458892059,8000,1080p
2.83156594030777,2.0515380579426705,6871.537450773558,4000,720p
0.8367276297691401,1.186795270431186,16582.18545324007,15000,1440p
1.428500730171753,1.0572893395933787,13498.497885290197,8000,1080p
0.901721430266385,1.1463380538950694,16383.524140529704,15000,1440p
0.6729912835061465,0.996692048639366,20096.284938583634,15000,1440p
2.0239516447563433,2.1126599557660497,8111.574215902351,8000,1080p
0.7334186900842429,0.9582485225030893,19835.12581572113,15000,1440p
0.8599658444875616,0.7260311544881087,21156.680637902475,15000,1440p
0.8720679270007293,1.0997392012611131,17017.096408196066,15000,1440p
1.3622161407010696,1.872001301118995,10374.822535468473,8000,1080p
1.4137841606745931,1.6034872271649216,11120.78685902573,8000,1080p
1.5578690546073761,1.7730721762362496,10073.55869545068,8000,1080p
1.7360050131366607,1.2102910330070968,11388.683103966257,8000,1080p
1.1042500196451441,1.4616647585927045,13076.98614333701,8000,1080p
0.7710427133460142,1.0600922074330383,18324.3908568596,15000,1440p
1.056260816574831,1.5577233723117334,12836.509165838766,8000,1080p
1.5338494752339404,1.5695228659031233,10812.24819697458,8000,1080p
1.0085617781230558,1.0767174204645509,16091.09802789332,15000,1440p
0.7838455876828192,1.16875479449007,17184.48501103949,15000,1440p
1.921414295669241,1.5811944793726869,9579.84010063994,8000,1080p
1.0257420464739866,1.1082339454304968,15723.903233819463,15000,1440p
1.4160748991594367,1.5067333972829156,11480.20280387274,8000,1080p
1.5618095094642384,1.3192666944902725,11646.49236071709,8000,1080p
1.8060192429539956,1.4313757443551496,10364.639511562887,8000,1080p
0.9760895666701077,1.2180119742641748,15293.016924691643,15000,1440p
1.0291196434562075,1.0294285861584962,16300.046565477043,15000,1440p
0.859847775260584,1.2382604154683654,15992.708168372445,15000,1440p
1.1201194869382616,1.2623456682489844,14083.913012093075,8000,1080p
1.7943331547625587,1.7052811128729588,9588.037261795353,8000,1080p
1.5871468580391517,1.4464882881325927,11060.800123687772,8000,1080p
1.5531115847365167,1.4709317956776269,11095.88315343701,8000,1080p
2.072143975378887,1.6610700662222397,8988.081483163216,8000,1080p
1.9501195787956855,2.6442336557874255,7303.407092738421,4000,720p
1.3783914913617525,0.945640419638184,14438.025502654518,8000,1080p
1.3530146372322225,1.5502917713888724,11557.316823454554,8000,1080p
1.6658988129423644,1.7129051847267847,9930.860749290978,8000,1080p
1.6182740470820918,1.552624976178752,10581.993230895689,8000,1080p
1.0565665113437386,0.9552829856050034,16678.400671069136,15000,1440p
1.012068344314807,0.9637674400710252,16982.399177687756,15000,1440p
0.9221241749003724,1.1767805938809384,15986.638602704565,15000,1440p
1.2621005109378838,1.6525360884476976,11512.389574423592,8000,1080p
1.375648323592281,1.15117659592807,13279.286483516791,8000,1080p
1.0719852875322198,1.00263723490946,16173.752881323622,15000,1440p
1.131176185311307,1.155876399169564,14671.473768328939,8000,1080p
1.4177775339081182,1.7438869783862976,10612.900853180528,8000,1080p
1.7458080691604843,1.251617666747514,11194.416461442534,8000,1080p
1.5009305011274594,1.483789675928107,11242.069611062008,8000,1080p
1.3789420376081754,1.511327514866282,11609.44728192321,8000,1080p
1.7769923759131205,1.3787493734621714,10632.819370166271,8000,1080p
1.8874413186127406,1.721471951933236,9297.655411631351,8000,1080p
1.4933440783224827,1.369772698378258,11719.547128869059,8000,1080p
1.4174808567447241,1.5699677357803703,11231.802309153256,8000,1080p
1.2912887244413846,1.4386419616334718,12291.31280554422,8000,1080p
1.1229695653344247,0.8869894292195355,16694.087835083534,15000,1440p
1.0234279485710347,0.8667149654974218,17752.32536664407,15000,1440p
1.479535064605502,1.1573501188138064,12725.025803546443,8000,1080p
1.0673974696130355,1.4038401370451778,13577.986960701337,8000,1080p
1.2880428381456783,1.2206608957250753,13375.20710276453,8000,1080p
1.4537914230664597,1.3873382463068087,11810.243073981856,8000,1080p
1.4904959531316493,1.5732766480833362,10951.99819552322,8000,1080p
1.7138549614658134,1.4500929945996062,10605.24144705818,8000,1080p
1.4027246309435242,1.490039925861642,11599.434154108369,8000,1080p
1.0130557412541985,0.8043969496187948,18462.341368502144,15000,1440p
1.4785415273481084,1.7726903905894937,10320.528601750759,8000,1080p
1.3266385673959566,1.0104764846082805,14357.201615395341,8000,1080p
1.2114934678658047,1.483462430553725,12450.827866859776,8000,1080p
1.1134945299604995,1.1110275105534286,15083.883813642939,15000,1440p
1.3875473007556265,1.104136661379435,13466.568196412858,8000,1080p
1.2970478983765468,1.2430733784909174,13209.775574723777,8000,1080p
0.7474917107986941,0.8907452623256839,20482.03803873769,15000,1440p
1.033813564020404,0.9586418880873084,16840.74389944556,15000,1440p
1.0518298029355693,1.4020704866366485,13673.918269046482,8000,1080p
0.9998201857659202,0.9095594687194074,17573.47310220742,15000,1440p
1.1395686289531748,1.5236386258953722,12599.2567566463,8000,1080p
1.1509119995807515,0.9712431637733532,15811.488518571192,15000,1440p
1.3657399180758256,1.343701740906217,12384.260753046312,8000,1080p
0.7358354190943406,0.8773578730883471,20800.007142727503,15000,1440p
2.1454626571550595,1.6076248014971917,8940.487630429358,8000,1080p
1.2544028574586843,1.0585136764909073,14507.411533221932,8000,1080p
1.228850295227615,0.9473833609537248,15418.57966615511,15000,1440p
1.2677162897324832,1.593609841163642,11726.881335785114,8000,1080p
1.1407251056210221,0.9447843318579461,16089.321581091328,15000,1440p
1.5053840869728239,1.0174986159080497,13300.036486707953,8000,1080p
1.3120887623989645,1.0985459906525379,13919.334713616452,8000,1080p
1.0960546849295785,1.4993504955089842,12928.39832982459,8000,1080p
1.0538676229866604,1.030328872511404,16099.457067737481,15000,1440p
1.0955180872880037,1.4566136987485567,13147.60945480396,8000,1080p
1.3448095498069952,1.181468641247812,13282.160341173623,8000,1080p
1.3205871186327487,1.78696265216779,10797.71346392821,8000,1080p
1.679458406585137,2.4355380816712953,8154.182414434422,8000,1080p
1.9403686867542203,2.0478563688260403,8413.374755030733,8000,1080p
0.9809691605981736,1.3461381566837896,14418.944820813516,8000,1080p
0.8854519500855995,1.2255038912448708,15895.373717932287,15000,1440p
0.8618348707349427,1.2531112103327091,15865.384134550273,15000,1440p
1.0847164692315627,1.181422244193786,14806.874707718704,8000,1080p
0.847707463034804,0.6926969394419742,21782.87204713818,15000,1440p
0.9354580194271015,1.1007479892037626,16478.89843059733,15000,1440p
1.1117505986337954,0.8814072043452092,16834.809541848128,15000,1440p
1.0202591805100012,1.4770899304102885,13436.019759221797,8000,1080p
1.6010791594743692,1.2544939018925376,11750.507263833813,8000,1080p
1.0108302236794577,0.8571297061200454,17963.143354794316,15000,1440p
1.664324914994585,1.4318895291439733,10837.244191377595,8000,1080p
1.464542341796751,1.4818065573047658,11388.478808545844,8000,1080p
1.3737282725775626,1.4692172416460907,11802.699640961282,8000,1080p
0.8358559119679003,1.114508190007896,17204.188677390048,15000,1440p
1.31279197638587,1.234160671918443,13174.344651573938,8000,1080p
0.8521860011708551,1.2405487400223487,16033.77214489613,15000,1440p
1.2763182829534974,1.6306592235911852,11542.721580905443,8000,1080p
1.644317116841297,1.233277946428704,11660.581583661005,8000,1080p
0.7737370381414611,1.0258771305120922,18645.347755349674,15000,1440p
1.2276028409733397,0.8408373658959445,16222.094256612218,15000,1440p
0.9771985672427185,0.7341577034633487,19606.92380328042,15000,1440p
1.56886152260095,1.7897055647967288,9990.698749447642,8000,1080p
0.7747620673517485,1.0652186383806108,18236.295573895422,15000,1440p
0.9339175268855574,0.7719192922043084,19670.364494713318,15000,1440p
1.414524635649387,1.008066005801337,13850.64047795815,8000,1080p
1.8148288759825728,1.8211519278756227,9228.440360409735,8000,1080p
2.378859829992773,1.746439963709841,8133.816614060821,8000,1080p
1.4018227421627327,1.8797333984715032,10225.158602197442,8000,1080p
0.7772439412083535,0.6493163368025988,23521.215694288658,15000,1440p
0.9382684316270332,0.9487206255650565,17781.9960704649,15000,1440p
0.9170540323455768,1.2982167388361616,15146.876145574004,15000,1440p
1.2575343680425717,1.574158003996407,11849.603555572286,8000,1080p
1.2826913988084003,1.4814628607827967,12139.13148427632,8000,1080p
1.5520469416626503,1.5396784278822953,10852.979482113153,8000,1080p
1.6074580340128901,1.1860231975071307,12011.690510532615,8000,1080p
1.5747374034183763,1.1401719488886148,12359.319463645134,8000,1080p
1.551609901881019,1.0823137312488467,12739.33366098682,8000,1080p
0.8304604933104056,1.1482322626292754,16957.878831504087,15000,1440p
1.7542020004872418,1.178661792012736,11440.84225316108,8000,1080p
1.0446636746087008,1.3075837020305117,14264.839800965618,8000,1080p
1.6031577813786755,1.3557811503710409,11340.021803071879,8000,1080p
1.1699860727494118,1.0762599426893062,14938.004016201416,8000,1080p
1.2297844888795653,1.0197776754000767,14915.983444602807,8000,1080p
1.1357023751412012,1.648216505594548,12052.948895957792,8000,1080p
1.1544184928975425,1.5918047624155913,12218.391907898256,8000,1080p
1.3776293237354318,1.925891489021258,10157.17287762441,8000,1080p
0.991108527584909,0.7445603014440099,19332.27781636962,15000,1440p
1.4068160428499108,1.5604003766096217,11308.387140197821,8000,1080p
1.3693574951997725,1.9349874354786596,10154.63963476439,8000,1080p
1.5977168413484286,1.091796563619133,12476.023334936566,8000,1080p
1.6670276956276924,1.4003090204585127,10939.272439190854,8000,1080p
1.225751843832422,1.3015592327786067,13276.732061410685,8000,1080p
1.109299951303968,1.3184269010829657,13821.337423940171,8000,1080p
1.238331594038835,1.112793104970493,14271.651356535247,8000,1080p
1.2161440179502498,1.7478128273054974,11320.823396504185,8000,1080p
0.9712460702727667,0.8139377352526943,18796.0656466539,15000,1440p
0.9798429814295538,1.3519115357239335,14390.207782662263,8000,1080p
1.3721003815149009,0.9437470335308762,14489.051300185394,8000,1080p
0.6645583827031338,0.7664312606060848,23448.41009638902,15000,1440p
1.0791037254986202,0.928954064345684,16709.893594547226,15000,1440p
1.2692172386773917,1.4121549657995198,12513.903121683878,8000,1080p
1.041898270919222,1.0581651454902987,15977.818449581884,15000,1440p
1.0141630804744637,1.04882029738483,16265.003567221467,15000,1440p
2.312107339020111,1.601416442406173,8573.969106627246,8000,1080p
1.5279056788723688,1.6041291111993317,10713.301176080438,8000,1080p
1.0734500638977837,0.9782724885013514,16354.273613049625,15000,1440p
0.7968114905076372,1.1636915387606526,17115.215584504036,15000,1440p
1.4024306956794317,1.5922848067779127,11204.54746785348,8000,1080p
1.1941055533783804,1.0944780167046977,14661.659044761007,8000,1080p
1.168620606873183,1.5956775526987212,12138.499562289055,8000,1080p
0.9086823096758927,0.7628067281051734,20074.57496971931,15000,1440p
0.8356404532381135,1.1407808552621868,16977.36806200544,15000,1440p
2.277045989324871,1.7616404176104163,8308.25387739436,8000,1080p
1.4709584532062174,1.000601717492636,13576.214893652463,8000,1080p
1.4731856518027133,1.4151088975395834,11617.385771004827,8000,1080p
1.2534218018414545,1.0821130281437985,14366.915692801666,8000,1080p
1.5929038747421118,1.7759963390134557,9960.055172603152,8000,1080p
1.3380335422615774,0.8966046527677525,15015.599426626462,15000,1440p
1.60237549045411,1.34345258624653,11390.49229158727,8000,1080p
0.821501818543653,0.558435617412912,24315.908189518937,15000,1440p
1.4534781626955107,1.0012386073580022,13669.370091633225,8000,1080p
1.4040275254440435,1.0166161011080477,13861.78107010083,8000,1080p
2.8174726048882905,2.370274626398744,6468.015981510232,4000,720p
1.8113837534754353,1.2463263780570004,10973.712535394418,8000,1080p
1.4336358533041071,1.8897939276072035,10096.32644947868,8000,1080p
2.0880889164031595,1.603651995465678,9089.053864024827,8000,1080p
1.4249228252988966,1.3301228397601539,12179.265275184036,8000,1080p
1.1738553755402377,1.431861890402467,12877.234394753328,8000,1080p
1.036800518061419,1.0644793316092303,15968.568872565575,15000,1440p
1.9033822959159732,1.4943352942473047,9875.58003559311,8000,1080p
1.7000191354914522,2.0983197804794447,8833.975256634812,8000,1080p
0.6947839905627872,1.031126171140523,19441.58667383066,15000,1440p
0.9812759212839158,1.1181680363303617,15982.532840805088,15000,1440p
1.2991268462848513,1.389201494362907,12481.522994291312,8000,1080p
1.3928616417806159,1.095895821159454,13482.403367807801,8000,1080p
1.0154451776848674,1.3229840642519983,14349.132912915362,8000,1080p
1.2018215894859499,1.456192925579418,12623.870866700217,8000,1080p
1.4049635906273807,1.004029883927013,13928.818136880494,8000,1080p
1.1870880773681787,1.1925072813137803,14100.898237835514,8000,1080p
1.5240391118417864,1.0236260522827936,13170.660129322707,8000,1080p
1.0169558158449676,0.877774012597299,17709.349109464565,15000,1440p
1.4048127982795222,1.125740831601418,13259.719771905684,8000,1080p
0.9717829634312364,1.4166020099461138,14049.004818746449,8000,1080p
1.30405276873523,1.9117023364604362,10434.38660667487,8000,1080p
1.0163928711544865,1.2154547293886941,15034.374207196593,15000,1440p
1.7151469365842025,1.663365167679303,9931.718746147473,8000,1080p
0.9378319456235831,1.0418841846219662,16949.11279822636,15000,1440p
1.4949589100250114,2.1106973472781934,9306.054045511406,8000,1080p
1.211063266927849,1.3964236987412724,12868.49462405248,8000,1080p
0.927624942929882,1.201890637003054,15756.837994609421,15000,1440p
1.7420890652311376,1.5624566689872494,10154.02257942619,8000,1080p
0.9960207897558288,1.0072400444453922,16749.90666573855,15000,1440p
1.2121595701261672,1.4806977519515174,12460.530947889563,8000,1080p
1.1502403340491347,0.8447840570209659,16819.058528904457,15000,1440p
0.95876272752698,0.9742256125340957,17358.83828401148,15000,1440p
0.9580096959944483,1.2907013949117214,14921.628721312738,8000,1080p
1.2019642578676417,0.9771726603143054,15398.037507434112,15000,1440p
1.1805116622575706,1.6057443099451576,12042.8389691249,8000,1080p
1.342946667082416,1.102382218088604,13721.848297577071,8000,1080p
1.1630904499876498,1.0830718528567536,14938.56074314341,8000,1080p
0.912856306831667,1.0221747855505425,17340.513096712708,15000,1440p
1.2526065498150893,1.3470570168830858,12907.220930367303,8000,1080p
0.7688696263797075,1.0701254329479293,18246.069683443297,15000,1440p
1.3738961406738373,0.9531806521196104,14419.13395548967,8000,1080p
1.4350865061176925,1.5669098565892534,11177.37263670215,8000,1080p
1.1865753270450865,1.4765190228749852,12599.790916535527,8000,1080p
0.9806541885915965,0.7594492222557825,19283.010303198007,15000,1440p
1.0365656580581475,1.388472661997843,13836.660527172733,8000,1080p
0.8907541710382683,0.9651936086552668,18079.405232802783,15000,1440p
1.4027690738791279,1.2815190647702028,12500.30930617001,8000,1080p
0.8571456239361231,1.051354425257641,17581.57250987491,15000,1440p
1.2457521711373918,1.132068894788099,14111.420106769056,8000,1080p
0.7096251091806748,0.9146027120491239,20658.697974151164,15000,1440p
1.0339821896270756,1.3153947302962499,14282.268509343783,8000,1080p
1.3492630820308944,0.9522285421452754,14579.428248847516,8000,1080p
1.666739153202463,2.0187688899703935,9104.425117768285,8000,1080p
0.7393816794774251,1.1083193614627702,18160.098011811457,15000,1440p
0.8609823940083743,0.9562639915654263,18464.437330222063,15000,1440p
2.200405229532388,1.5056092255126217,9054.047793667463,8000,1080p
0.8930588267040648,0.9851526629661483,17865.09782553384,15000,1440p
1.448045002994465,1.1798599150145377,12768.510675577285,8000,1080p
0.74593679296366,1.0594467884446226,18585.763349983496,15000,1440p
1.1630307597675835,0.8400316642582579,16751.565801209956,15000,1440p
1.0068190200895175,1.0830534020489806,16055.732227742805,15000,1440p
1.2044103979924523,1.2680854181453614,13571.077362797738,8000,1080p
1.4312671461590056,1.1239488689337815,13131.73986144633,8000,1080p
0.7708488441212156,0.9948230906335125,19003.774902646957,15000,1440p
1.585676319419607,1.0811756048928065,12582.0379054796,8000,1080p
1.2490962801401748,1.2232186971417507,13572.070026809408,8000,1080p
1.1267751050446715,1.553514274112667,12518.958684434754,8000,1080p
0.9350247201400395,1.3625429375840081,14604.328141195527,8000,1080p
0.7210427838130586,0.8176399790550075,21807.245008357266,15000,1440p
1.4595045606926,1.213672203384142,12552.268316453432,8000,1080p
0.8055287335289947,1.152923837185692,17133.13485439945,15000,1440p
0.8166960919072725,1.0360237491298976,18110.904442636027,15000,1440p
1.066146259923695,0.8979394780812042,17083.995545980742,15000,1440p
1.432341023571314,1.3487079862835458,12065.38679508966,8000,1080p
1.2571659413065732,1.563572431371031,11895.62007062294,8000,1080p
1.704098170934134,1.6535874261075696,9993.32159912864,8000,1080p
0.8130053800452223,1.1061845210144599,17483.643479716568,15000,1440p
1.3706279214393238,1.0135705659936898,14073.673889511996,8000,1080p
0.8412609825760176,1.098516200700637,17298.08572308297,15000,1440p
0.8631089196788326,0.9641149038411578,18363.613459986667,15000,1440p
1.35297180178308,1.7699573186493374,10744.53844644219,8000,1080p
1.7265109900192197,1.8902446718787056,9277.49484254405,8000,1080p
1.496734110506804,1.0090757654331604,13390.653585565131,8000,1080p
0.9136072952235317,0.8316386022532287,19226.191591976974,15000,1440p
1.3396754384443506,1.4733961520990062,11928.040549269783,8000,1080p
1.233863156016307,1.332875412366394,13072.789108063549,8000,1080p
1.3249741946628042,1.7250272075119528,11001.448057064668,8000,1080p
1.0785233386661646,1.1880857474336897,14803.801946164871,8000,1080p
1.093428210679138,1.2481020308310162,14330.129675523343,8000,1080p
1.0369606735430126,0.7699815873805667,18569.731156129685,15000,1440p
0.7713736105726519,0.9284774776626328,19739.630272458056,15000,1440p
1.1427693954605884,0.9163748778596312,16295.328323884722,15000,1440p
1.735695014175184,1.5148051932056261,10322.851825638709,8000,1080p
0.9874630254662169,1.0150050502962802,16756.53779759919,15000,1440p
1.1588577921873473,1.3562519795311851,13341.140167044407,8000,1080p
1.765507857610453,1.5319389189537593,10175.882818937314,8000,1080p
0.8975655602713198,1.1161329171079797,16663.08654296097,15000,1440p
1.2540052487395326,1.2333790133867735,13489.846547198324,8000,1080p
1.2735231941546117,1.7676431268534316,11033.409047117768,8000,1080p
1.6940786715340939,1.402380869141469,10836.38638232597,8000,1080p
1.0806764679503107,1.0163497198441516,16000.959928540866,15000,1440p
0.9657388146957581,1.2201061213486675,15350.783327165544,15000,1440p
1.3733671141324262,1.848049279795747,10416.049307765506,8000,1080p
1.6229770499565919,1.5211916301466473,10671.956696324016,8000,1080p
0.8695369028484426,1.071071163797987,17290.679440483575,15000,1440p
1.8649481298577197,1.7565104308682393,9265.446901392588,8000,1080p
0.8181751179891765,0.9966584538190768,18488.985723670095,15000,1440p
1.4386171671340477,1.2292769853940726,12577.122659908946,8000,1080p
1.292751120161697,1.2624235440410208,13131.952374954326,8000,1080p
0.850506378693693,1.1843453828026704,16489.865569040354,15000,1440p
0.887613961966971,1.1857515574087625,16183.558415740827,15000,1440p
0.9328502043491553,1.0105169064171402,17266.131455095503,15000,1440p
0.8670436478774722,0.9038194925329436,18948.066191170154,15000,1440p
1.087884691239153,0.7627570700087623,18131.241120039216,15000,1440p
0.7068899885529217,0.8286553124364001,21851.802078637167,15000,1440p
0.8671965059138061,1.1475408268034228,16654.494586024237,15000,1440p
1.2753068989200544,1.0318351893068498,14543.721503423922,8000,1080p
0.8849465790783032,0.7381626095567465,20672.935767320454,15000,1440p
1.716059430806159,1.5705643283067874,10209.392513202143,8000,1080p
1.0061219553004999,1.3820461129430113,14050.280818250434,8000,1080p
1.2702699841221345,1.5318003196742775,11974.871563550156,8000,1080p
1.1922464022109063,1.1671964893667957,14221.336790890908,8000,1080p
0.6686315314771855,0.9890944471498112,20241.24157587932,15000,1440p
1.0160441171414445,0.981585793972094,16797.121335300668,15000,1440p
1.9518833491688405,1.5793260803751488,9502.249206536902,8000,1080p
1.3791615102343058,1.2081914209431477,12968.633538807571,8000,1080p
1.2704188353494372,1.0386099476828965,14531.837908029289,8000,1080p
1.9021193911271794,1.990239220061511,8620.591099583393,8000,1080p
1.1774957383299574,1.47470997712651,12651.51937666532,8000,1080p
0.8811658035570263,1.0067313152781745,17773.443089262455,15000,1440p
1.049757077811847,0.7846120690110616,18292.082625852934,15000,1440p
1.3512294905624818,1.909492007103875,10290.493077686746,8000,1080p
2.3526278954431263,1.620668518965489,8444.985850620016,8000,1080p
1.5666697026517389,1.1118944155492148,12527.02213547783,8000,1080p
1.4495882428421492,1.5658650737595539,11127.491782169098,8000,1080p
1.2436289342572484,1.1520706698796623,14006.109923822658,8000,1080p
1.505713458092143,1.2164652913030758,12326.31472398891,8000,1080p
0.7466844946985117,1.108255642953178,18089.22634154605,15000,1440p
1.2395458884097301,1.2657583147944858,13393.356366498247,8000,1080p
1.8959834050335218,1.4745140844847577,9955.335111314886,8000,1080p
0.9093363676075605,1.1745523353081109,16101.834974704907,15000,1440p
1.2261668223890256,1.1057268668502338,14389.348946240581,8000,1080p
1.9410038111231587,1.389817404134027,10073.92166421311,8000,1080p
1.3869251365368744,1.0090381043512964,14004.568779428166,8000,1080p
1.887443863689271,1.841766404997173,8997.731311036807,8000,1080p
1.1523925403220212,1.267787372342895,13864.43702982909,8000,1080p
0.9801237449301211,1.3047012743967814,14685.777561156503,8000,1080p
1.46973541150677,2.017517473977137,9622.0242987465,8000,1080p
1.7256340662640708,1.2338748005404436,11337.837969118807,8000,1080p
0.8906206196787726,1.0958707573849935,16891.30513599149,15000,1440p
1.1846552241095996,0.9418717361815387,15778.982644737376,15000,1440p
1.1713620659587485,0.9641886041235663,15712.308993682947,15000,1440p
0.8697575470043604,1.1545629144887988,16575.652243938646,15000,1440p
1.9498315644214053,2.0445047144094475,8400.50252599699,8000,1080p
1.982675369382007,2.2662556213279634,7897.146852552966,4000,720p
1.4380399300772517,1.4748837985365204,11519.159142545823,8000,1080p
1.2969837890114155,1.5197867189528853,11912.376924256429,8000,1080p
1.691942037509168,1.462972239187678,10635.608151968887,8000,1080p
1.4677175455697462,1.678943153795037,10663.504967908882,8000,1080p
2.3765271711338425,1.8032264474125999,8027.849261523923,8000,1080p
1.2212451713436052,1.2671662210732433,13484.278404388167,8000,1080p
0.8233616742004145,0.9738904301755501,18669.852670252207,15000,1440p
1.6926709028330784,1.2725999897926241,11315.806621056487,8000,1080p
1.127844488295116,1.3059267432509811,13787.011517382403,8000,1080p
1.0489135985053708,1.3545428683585725,13960.906911612255,8000,1080p
1.2520308990946571,1.4093728107464771,12607.794854995127,8000,1080p
1.043542661694408,1.4864570710276357,13262.622744982888,8000,1080p
1.3423051081716175,1.2545841806391906,12921.009819161587,8000,1080p
1.6323494952761777,1.1861803522919419,11904.941162482772,8000,1080p
1.379297176669189,0.9970138903920034,14120.387042382083,8000,1080p
0.9798762913270783,0.7829739966442438,19034.1926532027,15000,1440p
1.6505651303214672,1.7841224014638732,9769.2822678861,8000,1080p
0.8241099915617304,1.0689825315304025,17724.66564137762,15000,1440p
1.2745288523285958,1.1291749862771505,13959.470156466132,8000,1080p
1.5896420714423427,2.1107823159331263,9067.725343740512,8000,1080p
1.0267847930607634,1.2413441823777651,14793.881813318161,8000,1080p
1.449908381050693,1.6322071774353257,10886.818278962402,8000,1080p
0.8170048234499412,0.6992433000763019,22129.908343737676,15000,1440p
0.8976068683696135,0.6896644939398182,21139.69469667702,15000,1440p
1.4328765315630172,1.8910267170548714,10094.888295545987,8000,1080p
1.411315331893782,1.7068772291351746,10760.859486152947,8000,1080p
1.2107263264158723,1.1364111080475308,14295.895718467433,8000,1080p
1.8760382438516352,1.6111878359082294,9622.09826163912,8000,1080p
0.7595990721969815,0.5599817363968512,25428.099424813674,15000,1440p
1.5198836676810903,1.411990667223246,11444.70334233982,8000,1080p
1.577965838330871,1.1330761976283228,12376.950100712145,8000,1080p
0.9955239848831337,0.8447007228480661,18233.877558012482,15000,1440p
1.1126922389501186,0.8427149605314301,17159.818174391774,15000,1440p
1.3768777151571683,1.1351107717337838,13357.717272633596,8000,1080p
1.1955641221387314,0.9840571943798995,15394.615452556842,15000,1440p
1.0938601121108793,1.444480853718369,13219.040488139517,8000,1080p
2.1537058661032966,2.0184849187168488,8042.401158183486,8000,1080p
2.2416243188376574,1.5133496983086405,8935.995787662114,8000,1080p
0.62192970798087,0.677648667346798,25819.47548299254,15000,1440p
1.00692127012498,0.9467625696547728,17174.95498339319,15000,1440p
2.271676540609456,1.5517757475135276,8775.951541028016,8000,1080p
0.9262174896477019,1.21984514709639,15635.3460637604,15000,1440p
0.7422151553510966,1.063273306576312,18584.683706136628,15000,1440p
1.2970944880224575,0.978740372874034,14743.79032351333,8000,1080p
1.0250503475717492,1.001046532914936,16561.11922542418,15000,1440p
1.3297992417296614,1.7601871344243063,10859.087360043446,8000,1080p
1.2956357731848271,0.8825028455915591,15405.094841415505,15000,1440p
1.6169518301876973,1.5167359127722808,10707.650140120722,8000,1080p
0.9952835906429575,0.9835216798212062,16956.914609454834,15000,1440p
1.6796460886120503,2.071581381401442,8944.92063417293,8000,1080p
1.533579783641703,1.2390265229928166,12102.126407095087,8000,1080p
1.5186007901868663,1.0812893985976855,12906.095859258845,8000,1080p
1.0233841898403182,1.254813109931054,14728.50134769598,8000,1080p
1.1383354377542045,1.0512924756035407,15324.262079096823,15000,1440p
0.9828701720439261,0.8658065482731436,18150.513624818635,15000,1440p
0.9226300851342274,1.0435674413636855,17065.64653235292,15000,1440p
1.4881594043695154,1.201049600235103,12477.435536823716,8000,1080p
1.242663724893531,0.9113983450296506,15577.281856690704,15000,1440p
1.7931708740026517,1.8605852694567455,9183.544462885384,8000,1080p
1.0561295393739107,0.8909709607029612,17233.025207828392,15000,1440p
1.470299077678599,1.7111350980090303,10546.951515269873,8000,1080p
0.8548632809282953,1.0957561680274206,17201.93655300818,15000,1440p
0.986983587923292,1.0354147311906885,16591.406194750158,15000,1440p
0.6597896766349206,0.8540206419010622,22165.54583433593,15000,1440p
0.7037225109999686,0.7542612628650639,23014.269844066304,15000,1440p
1.7818919698871758,2.5450814849225596,7754.711774970999,4000,720p
1.1255816844117639,1.2655009845588039,14033.154284224802,8000,1080p
1.3717519881403653,0.9847042176678813,14239.361596152,8000,1080p
0.9917668872563302,1.3821361025810703,14134.71070369994,8000,1080p
1.136009731930198,1.0399639468978716,15420.421821495405,15000,1440p
1.155824411257138,0.9564158123292361,15885.708275656216,15000,1440p
0.708655986143207,1.0590092194787806,18982.345691526592,15000,1440p
0.9046403858196659,1.1546401203246697,16294.250297559103,15000,1440p
0.7646136506623227,1.0028058534120088,18984.984562323138,15000,1440p
2.148439295328123,1.4719352882123267,9268.221070977228,8000,1080p
0.8742865151335814,0.6831267287870354,21544.976666263865,15000,1440p
1.196876610174659,1.2331708332136404,13808.138639965766,8000,1080p
1.4263240606148673,1.2988618933786051,12312.71280803041,8000,1080p
1.2194164083133396,1.0489620161290094,14792.254959949601,8000,1080p
1.0601857395303804,1.4318210634628354,13464.823595062773,8000,1080p
1.1710793271053113,1.3185170967606503,13477.859976957676,8000,1080p
0.9406595844879526,1.3582192305045193,14595.99861513791,8000,1080p
1.104114011396988,0.9450779358564605,16374.469968503108,15000,1440p
1.0385392961016562,1.028387149873983,16233.974878656845,15000,1440p
1.03073070846947,1.3318948204539458,14202.179562196572,8000,1080p
0.837342231091722,0.8256684057873322,20176.91965156102,15000,1440p
0.5398511121227014,0.7623049116024303,25768.365225550657,15000,1440p
1.7868678911881224,1.5506471893782559,10053.716969064839,8000,1080p
1.2821887110134005,0.9061936007392479,15332.984469759613,15000,1440p
1.0572172760283973,0.8474778851601721,17616.694095585004,15000,1440p
1.1959258698012556,1.0076305831464982,15227.398397310573,15000,1440p
1.221636517591958,0.8620316971382218,16103.538827723136,15000,1440p
1.0084646342064327,1.3702050331590763,14106.385792173971,8000,1080p
1.2536689061382322,1.25583190775348,13370.95880354152,8000,1080p
1.338112209575498,1.9547928372789576,10189.91787572279,8000,1080p
0.9575046545270771,0.7572839961394031,19567.6779100203,15000,1440p
0.7524414660203674,1.0969150420483422,18143.841846395007,15000,1440p
1.0311252515299674,1.035030832772613,16240.027679867233,15000,1440p
1.1406280332827161,1.0932166431852397,15020.933350233912,15000,1440p
1.141402475667773,0.9067881462198351,16382.475166826176,15000,1440p
1.134342608823997,1.3383623390250141,13569.92957416483,8000,1080p
1.1698729549889908,1.032784947779088,15233.61024779752,15000,1440p
1.5381658265405727,1.4404417105879204,11265.140365671648,8000,1080p
1.189785881770203,1.0042011882165192,15293.814835564674,15000,1440p
1.29722114532719,1.0653906694410649,14202.26200100134,8000,1080p
0.7910974818233509,1.077713454293207,17954.96342167553,15000,1440p
1.720406752322201,1.2412944988005052,11329.445192110568,8000,1080p
1.1441306839479457,1.1420899676703027,14676.812571109123,8000,1080p
1.1394416519110326,0.9608321623032585,15976.21784974387,15000,1440p
0.925785860552859,0.6962247699279689,20686.937168872402,15000,1440p
1.6790177577053802,1.415424564326179,10843.45045344742,8000,1080p
1.4760745895100666,1.1128300177160804,12960.86070778464,8000,1080p
1.1889046682009305,0.898787093476169,16072.50295084022,15000,1440p
0.6992724399189626,0.9844080116783421,19929.216359414855,15000,1440p
1.3216433876198557,0.9118032951611998,15023.610036760987,15000,1440p
0.9147926949313142,0.7914784313265183,19665.35768180703,15000,1440p
0.8407936665718568,1.1745177314923367,16649.750521051334,15000,1440p
0.6902978665534382,0.9393832407313351,20589.569241497404,15000,1440p
1.8351926949202853,2.463394859916355,7805.920333586219,4000,720p
1.2052993414550806,1.421633956457655,12773.233346526582,8000,1080p
0.9604535629641737,0.7183491013707171,19987.121007634105,15000,1440p
0.9353587592167596,1.0152147353756353,17202.34182050739,15000,1440p
1.814837971349946,1.622780827511022,9760.951973825031,8000,1080p
1.0106596627123898,1.4624624429014523,13567.640644929503,8000,1080p
0.7403939210973531,1.109848711615843,18135.152334478305,15000,1440p
1.2390749952665954,0.9379363871668169,15413.07145693177,15000,1440p
1.38164239744163,1.6666145799122511,11007.74385141498,8000,1080p
1.5280843466483591,2.1121624360740814,9217.625617927353,8000,1080p
1.3918969916662298,1.0352458359521985,13824.663146389465,8000,1080p
1.041350918310776,1.0757003363262572,15849.607762922527,15000,1440p
1.028689427873313,1.1846889984733575,15159.826083325408,15000,1440p
1.7931590677038134,2.1196321294346125,8575.57439419196,8000,1080p
0.9262425465861949,1.243297076590245,15466.153114490115,15000,1440p
1.1066125899232784,1.2936694404807074,13979.370580194916,8000,1080p
0.8340596215869118,1.1404900692813664,16993.46041033029,15000,1440p
0.8488086227634727,0.7120411397474687,21497.5411509311,15000,1440p
1.5059326020667583,1.1011338976906626,12870.57004611203,8000,1080p
1.3056645513119225,1.087260450369489,14022.35004290676,8000,1080p
1.2416661471916295,1.1561192947364631,13993.9259840607,8000,1080p
1.3578567895701914,2.0071392109591986,9971.611257404504,8000,1080p
0.7635289433196579,1.0295506030292891,18713.298062165308,15000,1440p
1.6636591485374301,2.0811975568242476,8960.137767610342,8000,1080p
1.2213116677225957,1.488293034616284,12383.51556263408,8000,1080p
1.292013854670232,1.1108815333238213,13964.166799625587,8000,1080p
1.1674488092343376,1.3618517701249022,13266.28882064326,8000,1080p
1.2659924406867527,1.1953239681566483,13632.71779257653,8000,1080p
0.8448995521578206,0.8805067467173693,19447.2641150519,15000,1440p
0.9157590493365432,1.0227466306691793,17309.431871203462,15000,1440p
1.6803479424268117,1.1440715453860546,11880.116301698301,8000,1080p
1.8523609809459318,1.3673163357203977,10421.675435084417,8000,1080p
0.975990056204601,1.3246220628709549,14585.001844414792,8000,1080p
1.4107157879234287,1.217493757858741,12767.030716348005,8000,1080p
1.458962731769665,1.1705813586509102,12760.551200582162,8000,1080p
1.7543623530299106,1.3333567863344267,10867.060922810417,8000,1080p
1.5322396542668406,1.8726377948763242,9854.813426087905,8000,1080p
1.9068349854838675,1.3612432630252413,10267.328212018017,8000,1080p
1.6017941684957127,1.645272573575076,10333.767263003949,8000,1080p
0.9805773088048675,0.7595290101843266,19282.978076587497,15000,1440p
0.976939647710824,1.207465999409584,15360.89784616384,15000,1440p
0.7864749818990407,0.9074436455546541,19808.762626596268,15000,1440p
1.202798568698509,0.950764834332839,15580.888843471663,15000,1440p
1.1632220010639387,1.2655548098127685,13815.36246959142,8000,1080p
1.8288027977824812,2.127443234115211,8481.381524167986,8000,1080p
0.7427592408372442,0.8400524176562795,21199.25754902272,15000,1440p
1.2670504390703958,1.2090446411518343,13551.350377461467,8000,1080p
1.485695714722932,1.0759133547974928,13098.966739012187,8000,1080p
1.5978331024257466,1.3895470225788467,11232.059729910807,8000,1080p
0.962637115141061,0.8854274297359362,18156.526022327485,15000,1440p
1.1398557999461507,0.9232582191491743,16263.973628909569,15000,1440p
1.1410951975271983,0.7782564926418425,17482.169720050002,15000,1440p
1.3902164756439555,1.6929638500459152,10883.058548478542,8000,1080p
1.0389350322154987,1.4775058486718682,13334.083170739055,8000,1080p
1.0432258846755655,1.4192149835847625,13626.492490642273,8000,1080p
1.1924681207761807,1.081696286585842,14754.620154715356,8000,1080p
1.1573722648451679,1.3785134700699,13231.839091962796,8000,1080p
1.3339326087620529,1.4070844887041314,12241.598941873786,8000,1080p
1.2829365487258053,1.2555879301695205,13218.084867395755,8000,1080p
0.9736381982156995,0.9497215338596464,17445.739057765368,15000,1440p
1.5231560617126279,1.491983438218946,11128.6499350234,8000,1080p
1.2191884651900635,0.9886244833529412,15198.041130315623,15000,1440p
0.865833301235683,0.6093022891136154,22746.67645436893,15000,1440p
1.7115338821307566,1.5169845863744884,10393.136148152558,8000,1080p
1.171839160476187,1.0582983960882084,15045.902393434319,15000,1440p
1.065057049051839,1.1539107314075565,15121.640023566808,15000,1440p
1.5656574678882698,1.081678457044545,12674.791923450954,8000,1080p
1.2507186371057177,1.231457355893778,13518.151853306888,8000,1080p
0.9136136214701841,0.8676413442532752,18837.52334488051,15000,1440p
0.754403283780267,0.8566089689343828,20828.166851902475,15000,1440p
0.8547628815822379,1.100827423913337,17158.21146469471,15000,1440p
1.1766792062977454,1.7523104321957577,11455.974974789733,8000,1080p
1.1929212321332339,1.0781118990444456,14774.963667130574,8000,1080p
0.6647064227887703,0.8966651658812018,21490.356455494857,15000,1440p
1.4434755271447126,1.0401387706013923,13510.32325367544,8000,1080p
0.9390547079943624,0.7723001510242183,19606.939976927188,15000,1440p
1.8344999002625775,2.132515262798944,8458.357384776054,8000,1080p
1.4988718249626287,1.3150469563067224,11924.449356304338,8000,1080p
1.491708325740582,1.3308528795686296,11887.93778391215,8000,1080p
1.7367830001524798,1.683494666303031,9810.440926795573,8000,1080p
0.6911830658028567,0.7876602433323902,22689.646558715503,15000,1440p
1.943964998135423,1.4300567522659984,9944.936482999225,8000,1080p
0.7520364270195098,0.9118265347820317,20166.583889618567,15000,1440p
1.9604496676637293,1.4490993938380412,9841.310799387826,8000,1080p
1.5191330785450827,1.452892004121941,11290.090448997511,8000,1080p
1.1545441850892257,0.7875704122304636,17277.266772160838,15000,1440p
0.890718087786785,1.1070216358484828,16796.1980247063,15000,1440p
1.186079241206776,1.0403926016540963,15070.674308139789,15000,1440p
1.4799514064753945,2.084303097317114,9414.151532752992,8000,1080p
1.4413448444822954,1.0765984920742817,13326.126729240654,8000,1080p
0.7039949045812188,0.9534332911119903,20244.8782319442,15000,1440p
0.9563921776010368,1.375650879016431,14388.427308314504,8000,1080p
1.4030570124798276,1.6605397605384258,10952.62676064977,8000,1080p
1.0128001663303408,1.3772797735814308,14039.041723951143,8000,1080p
0.90838517159809,0.9678250563121793,17884.153652319157,15000,1440p
1.0882050635094231,0.9227782234835844,16685.58471720241,15000,1440p
1.3824520299362268,1.2371878172377955,12808.795848863489,8000,1080p
1.484306916881795,1.2937128614758118,12078.543234792129,8000,1080p
0.9570270655767877,1.3260930755005766,14696.743897220516,8000,1080p
1.314668144508906,1.467848137288954,12059.024495022744,8000,1080p
1.343344684338491,1.0328939736830278,14120.817320570726,8000,1080p
1.3278474843738388,1.4110700616152665,12250.98289254359,8000,1080p
0.9633174952041879,1.0692774450449818,16508.174518965723,15000,1440p
1.091615035957214,1.5079684688621326,12907.61844649103,8000,1080p
1.050051265205901,1.0826290651090997,15733.455934787915,15000,1440p
1.1114583656102381,1.2692468485176776,14094.324572768006,8000,1080p
0.7671386592922602,0.7008564251547533,22857.319043843927,15000,1440p
0.7798360707222811,1.1445626931395274,17436.319659998262,15000,1440p
1.1513464994201534,1.6961347539843974,11783.899177520876,8000,1080p
1.4539869284791214,2.028155229150033,9636.14651012577,8000,1080p
0.6756758080806848,0.9886145170219514,20161.405431429586,15000,1440p
1.8218596984235482,1.5517563623594932,9946.132397831829,8000,1080p
1.1437792858552143,1.3304905700850396,13561.346964415445,8000,1080p
1.7304205367874037,1.7207762352574927,9722.549659235568,8000,1080p
1.0864213962619278,0.9958271366850826,16114.518257102744,15000,1440p
0.8782989872414558,1.051853867545272,17384.339233437342,15000,1440p
0.9966767862403418,1.0985024221899373,16015.065377218581,15000,1440p
2.0724425403305684,1.4544515822320236,9513.875618023889,8000,1080p
1.1909995294045432,1.334575447261103,13285.858590624679,8000,1080p
1.3629323358998702,1.4266319911589618,12028.556457551924,8000,1080p
1.4682509445226963,1.0615209741820766,13263.817086395542,8000,1080p
0.8602588790265357,0.863592414896261,19464.806574842958,15000,1440p
1.382363276717859,1.6593151577577907,11031.551402567773,8000,1080p
0.9895221048102354,1.3660034783187311,14244.987292996373,8000,1080p
0.9533714050261686,1.2281111976043386,15381.480447993903,15000,1440p
1.5187561871083661,1.404172143873364,11479.73135171946,8000,1080p
1.0066510491875773,1.0963173542828022,15955.747097591911,15000,1440p
1.88175022840279,2.525850759113391,7612.856085439112,4000,720p
0.9110090535916255,1.1538942932226302,16249.880195006686,15000,1440p
0.8524165660907634,0.8095252713878434,20189.89548449341,15000,1440p
1.00854651657661,1.1401021052718006,15616.52829541493,15000,1440p
0.8905766005898524,1.1399525301209437,16524.969522724412,15000,1440p
0.8491812770688535,0.976256479886889,18381.581005510845,15000,1440p
1.0586372627340288,1.0078538168909423,16237.395036851303,15000,1440p
1.216577440972977,1.3360556285838696,13145.027540454636,8000,1080p
0.9945856513862571,0.92592610974046,17471.60974443314,15000,1440p
1.7779899624589832,1.642672758704159,9809.336592118134,8000,1080p
2.64027451851796,1.971490582990021,7275.832845221927,4000,720p
0.8517878954415229,0.9471083602664706,18652.788838450244,15000,1440p
0.9942427553060496,1.4357224786856095,13808.605790166286,8000,1080p
1.2582494993058702,0.8924883816566007,15601.358165033178,15000,1440p
1.9798581496372323,1.4684191918766876,9730.78110511505,8000,1080p
1.0410859552293321,1.2247278109109347,14808.99820692624,8000,1080p
1.0629500670025198,1.0617421210211058,15792.608543081296,15000,1440p
1.3464585090590562,1.2439684747752786,12953.24369665611,8000,1080p
1.1106696982283104,1.5494439206611723,12613.909331439747,8000,1080p
1.4663050673970608,1.1364456105437222,12891.911731840271,8000,1080p
1.2659975666473349,0.958167789921677,15086.302779106732,15000,1440p
1.2442691307159055,1.4478798640931296,12463.80941942634,8000,1080p
1.1602613135454516,1.5009834490913376,12608.547876202832,8000,1080p
1.1250475524469778,0.8456428580443403,17026.73937081495,15000,1440p
1.7084625301819412,1.3355490864615562,11023.095909535014,8000,1080p
1.9144364840770534,2.6313259565025726,7381.475041560136,4000,720p
1.289268873896997,1.674992064931298,11319.662031259402,8000,1080p
1.0448326408406035,1.0381874948324727,16108.549036736853,15000,1440p
1.5221026782715206,1.6543316058997934,10563.553027747865,8000,1080p
0.9136025498899811,1.0089263080169744,17453.27871776681,15000,1440p
1.4115791269308358,1.958529661579496,9956.48333798502,8000,1080p
0.9027035167698189,1.058965879985775,17105.039236221808,15000,1440p
1.398141689476712,0.9994596330950207,13995.000621708283,8000,1080p
1.4508449864808401,1.8811877880652648,10070.258689028304,8000,1080p
0.8354265772496243,0.6254430443867807,22968.80673198867,15000,1440p
0.7360958613803479,0.8598747029581335,21024.467963109382,15000,1440p
1.514267416025689,2.148318461374294,9161.40484433359,8000,1080p
1.0771801168179254,0.7606899819406063,18257.238105492757,15000,1440p
2.229779864135999,1.6219290503564978,8711.570044596983,8000,1080p
1.7807613847523824,1.2260593287060662,11159.438888328548,8000,1080p
1.1350270140931489,1.182351042802038,14479.481196501913,8000,1080p
0.6604431851999896,0.9442426452365779,20910.28122985996,15000,1440p
2.3254604368328424,2.4514534856540537,7024.290691537377,4000,720p
0.8880541034966882,1.1023191164500423,16858.361870894765,15000,1440p
1.0542964367479035,0.7254487824521694,18853.5030958428,15000,1440p
1.3953594500520607,1.8396218209037734,10372.372879329138,8000,1080p
1.2708347640132982,0.9638477948711643,15015.301330650796,15000,1440p
0.8715758152667832,0.8686914836632276,19281.19434332339,15000,1440p
1.0594222170789573,1.2008443516662648,14845.342785664263,8000,1080p
0.7789320737584574,0.8128545645294131,21079.729652770064,15000,1440p
1.400824619404362,1.4548542817577244,11750.071755737454,8000,1080p
1.4659511148024325,2.01467300258689,9640.3492213827,8000,1080p
0.9140860379508452,0.7320457967262114,20383.806019147196,15000,1440p
0.7448999912676884,1.025335967907407,18954.779347966632,15000,1440p
1.5414092128819397,1.2117268170217523,12187.713079027837,8000,1080p
1.3861432599030803,1.3756112609859945,12149.67939626945,8000,1080p
1.938254079358681,1.5089865506863913,9733.70750725959,8000,1080p
0.9233952843814186,1.226423721630082,15608.02649254302,15000,1440p
0.9415863351947026,0.8281849039142194,18959.756638883242,15000,1440p
1.2401904302902607,1.160503347853768,13976.972950686306,8000,1080p
0.7011801479933887,0.9784393040288463,19977.401404586617,15000,1440p
0.6974658289899552,1.0340692216848941,19378.430709169,15000,1440p
1.8086315345349984,1.538635242241145,10024.427163321985,8000,1080p
1.276155161466446,0.9567511426201338,15027.245853795997,15000,1440p
1.318301642813679,0.984571938783289,14570.679115060711,8000,1080p
1.3744631601650232,0.9755523187523811,14278.387653624188,8000,1080p
0.8488156089246219,0.7701014550085366,20726.467555094834,15000,1440p
0.8620518370736802,1.2792154342269142,15670.361402207962,15000,1440p
1.6143784868103421,1.31527040295739,11453.397066520232,8000,1080p
1.4424377938742488,2.102482616707685,9465.496573586459,8000,1080p
0.8772771449390211,0.8934924786508796,18949.066865047487,15000,1440p
0.7828086305620009,1.028426331126048,18525.72013557406,15000,1440p
2.4838366318385066,1.895421844710095,7662.126403291238,4000,720p
0.9230678633242754,0.6863049245921392,20849.384463273716,15000,1440p
0.9704981649766757,1.1233078471492501,16025.5686561578,15000,1440p
0.8129957445480299,1.1361802837972768,17214.675079133314,15000,1440p
0.8966352751416563,0.9746550377849289,17931.173890128728,15000,1440p
1.000827873583927,0.8590931615386816,18040.78311194972,15000,1440p
0.992269036099052,0.9479056590388482,17294.54161220007,15000,1440p
0.9977287839826158,1.3037841225152413,14579.293431405853,8000,1080p
1.1005265733727965,1.2773881531323668,14110.86429045972,8000,1080p
1.1356114902581693,1.4435542208084364,13009.800749143673,8000,1080p
0.8587886497891472,1.2608837172280372,15830.0086947956,15000,1440p
2.1148568821792253,1.5996566159855372,9033.331556495436,8000,1080p
1.0319574026349756,1.1828998853306405,15149.703857813935,15000,1440p
1.4529154388745271,1.3338119721667654,12040.801646782527,8000,1080p
1.7837964559238375,1.1957372887562534,11261.638523111507,8000,1080p
1.0857090338017934,1.574701268450435,12612.502654794926,8000,1080p
1.7710338802130883,1.3849808093918372,10631.89981672753,8000,1080p
1.2316521070503708,0.9886435071463935,15112.596622472263,15000,1440p
0.9290575501664255,1.093361190612728,16591.23866063112,15000,1440p
1.6866471851985616,1.8581293954819897,9465.88063768972,8000,1080p
1.0847165312613531,1.6049664610959555,12475.236708320044,8000,1080p
1.3733603572143458,1.0290449311932146,13967.01554142916,8000,1080p
1.0217136027781755,1.352031125247636,14135.653090173031,8000,1080p
1.1152018062688556,1.5706832899414316,12492.876946725835,8000,1080p
1.2824400635767184,0.9516873797882672,15019.032195164826,15000,1440p
1.599305044247159,1.6464884905247006,10337.820825796449,8000,1080p
1.5877467589230152,1.122955683057862,12378.500672128259,8000,1080p
1.012479293134146,1.4220300628215121,13782.831402111546,8000,1080p
0.9624600029660382,1.1606929762883946,15804.057610480328,15000,1440p
0.9410164015945123,1.2873711387377598,15057.718369308754,15000,1440p
1.1690844808862038,1.4155406118847418,12982.320760504068,8000,1080p
0.7818332000426866,1.1365161427042914,17491.304243861952,15000,1440p
0.835344467707545,1.2020163621936992,16469.55782576151,15000,1440p
1.6339904651985027,1.092253363101376,12307.93506130557,8000,1080p
1.5978702824831181,1.4178665701357351,11126.44558853385,8000,1080p
0.860039925231856,1.0954906926527022,17158.735175570047,15000,1440p
1.35522633777616,1.9363119496308316,10194.149078676985,8000,1080p
0.9495895998443492,0.8203357732529671,18958.10552807701,15000,1440p
0.9601659913188525,1.1234228656876877,16104.15216378491,15000,1440p
1.2703592571719236,1.3691405602488158,12712.420655815255,8000,1080p
0.997562042002809,0.8828503196718668,17844.188159939968,15000,1440p
1.2211673335794522,1.6621821495829823,11637.310078415388,8000,1080p
1.6835548585646551,1.1856418537530862,11694.71296824911,8000,1080p
1.0571900210236014,1.4639896767820257,13309.020388036979,8000,1080p
1.044382127367302,1.3381565245686817,14083.478550383481,8000,1080p
1.525194160121706,1.0932176330187602,12814.803266584568,8000,1080p
2.1800098308349614,1.5342552490304824,9033.935725776355,8000,1080p
1.5578809252418078,2.144142787753622,9063.807960551934,8000,1080p
0.9672963247817197,0.8513160823686838,18450.568063910152,15000,1440p
1.892663256414435,1.2793627226669686,10578.233665575819,8000,1080p
1.1153389441262915,1.2016325853034437,14482.021714034003,8000,1080p
0.9502387402707029,1.122732249711779,16186.638482713914,15000,1440p
1.6978406212515813,1.227271625591318,11471.160478103227,8000,1080p
0.6283765601652029,0.8551988251974905,22617.274680515722,15000,1440p
1.111244261861873,0.7526098723977641,18002.713508119316,15000,1440p
1.8988713086729538,1.5800265975204268,9645.13271293878,8000,1080p
0.9518181102486195,1.2374584847372718,15326.721199527665,15000,1440p
0.7698468014796442,1.0966067995663868,17977.64058061493,15000,1440p
0.9142150753159637,0.7122733695862355,20629.984864120957,15000,1440p
1.2525845993739986,1.4585284559869218,12376.625878308503,8000,1080p
0.9252360497899099,1.0242449759376127,17211.98183371797,15000,1440p
1.301751362005824,1.3042458102861596,12875.851269818824,8000,1080p
1.2610904017448978,1.8154243785207969,10906.637671704008,8000,1080p
0.8458179710502151,1.0743928376987282,17474.348049244345,15000,1440p
0.7972462393148297,1.0885348999542432,17793.38614713565,15000,1440p
1.2054940356051418,1.4508624995428043,12631.750126920062,8000,1080p
1.7547185588428433,1.4931427407906523,10331.239207716919,8000,1080p
0.8413808088109137,0.7215137374609896,21469.415246242977,15000,1440p
0.7970400132573573,0.7223616870679029,22083.97686590515,15000,1440p
0.9805717693743948,0.7718400624751364,19147.57215750248,15000,1440p
0.912904908673779,0.8988258434468666,18520.65046681151,15000,1440p
0.7323426681034575,0.7454844308450921,22705.248823677306,15000,1440p
1.2375186661807045,1.628222268555089,11708.815543402756,8000,1080p
1.4907250659824824,1.2262259922308956,12350.031811785684,8000,1080p
1.40853402811924,1.8145986145261557,10410.502985834333,8000,1080p
0.974876918434405,1.1324868598228903,15922.467846414327,15000,1440p
1.6753963825664142,2.000267927442766,9128.807521575927,8000,1080p
0.868739851394285,0.8694003477619887,19304.790267371965,15000,1440p
0.7494278433928026,0.84954878227869,20984.942156930385,15000,1440p
1.6156624456646562,2.2074830762946336,8776.655716417508,8000,1080p
1.2471936343453323,1.041453757847156,14661.250184046648,8000,1080p
1.497315998662025,1.0205151267624681,13326.720629185525,8000,1080p
1.099796179496316,0.8822873230032178,16928.869019738933,15000,1440p
1.0567179870817045,1.1752141307699266,15033.804895597881,15000,1440p
1.064455404930537,1.1791521771295137,14955.570781763345,8000,1080p
1.1855536097433894,1.2405665981868002,13830.490299005625,8000,1080p
1.0241212461101346,1.476713834753896,13417.290990818576,8000,1080p
0.8739894399929867,0.7347416877078677,20857.70047102581,15000,1440p
1.0644663781815262,1.4068229544563267,13577.702763028568,8000,1080p
1.8385510008835364,1.245077117458486,10881.478152443766,8000,1080p
0.8554059480099289,1.1159077111757805,17021.356212719762,15000,1440p
1.2996216126935412,1.374549574735637,12547.600601537273,8000,1080p
1.1773360865890143,1.366498890426019,13190.490854628148,8000,1080p
0.9870524312280465,1.1781692970167632,15496.99578675491,15000,1440p
1.44146326452858,1.7248837561010224,10597.206112085583,8000,1080p
1.3823374907755905,1.83610034254303,10425.689026095339,8000,1080p
1.0590263098203592,0.7458278064153385,18591.215599177045,15000,1440p
0.9193766382790155,0.7934613074788207,19589.963010280007,15000,1440p
2.1359459803254914,3.028541321994962,6497.146770972537,4000,720p
1.290182356984868,1.5299347399224317,11898.24069248674,8000,1080p
1.4269323959407414,1.7848630083685348,10447.250766652169,8000,1080p
1.0434442447680685,0.7763058862033985,18439.03260613428,15000,1440p
1.3832165328852126,1.1906572429533095,13036.549155977382,8000,1080p
1.981795369531512,1.3301627430530405,10131.297214328333,8000,1080p
0.9493878837741468,1.0265683122779925,16981.364296961674,15000,1440p
1.6677505264909207,1.8938399480417207,9421.193211272577,8000,1080p
1.3373601118856164,1.8188421827574917,10631.267855343287,8000,1080p
0.9258597792990537,0.8524719520916233,18868.488599570803,15000,1440p
1.100908595674664,1.5583421419839467,12618.00232855953,8000,1080p
1.1593736682996125,0.8582762986709125,16630.452531060946,15000,1440p
1.0198012670467989,1.3754943247180054,14008.472321897352,8000,1080p
0.9473666253672889,0.966433445049571,17532.88262377963,15000,1440p
1.1438334900707263,1.375605544774668,13318.215497942807,8000,1080p
0.7463234118755454,0.8955367700656479,20436.838878891715,15000,1440p
1.4034037624598488,1.1327752451203452,13230.309019872688,8000,1080p
0.6796626587873009,0.9966467658618143,20016.84862388912,15000,1440p
0.7069522117587926,1.0186355524097062,19445.21901276272,15000,1440p
1.6350555192924454,1.1439859729489865,12074.102561504658,8000,1080p
0.941677707574595,0.9473104320084411,17763.177701796798,15000,1440p
1.8756651502915511,1.3945704064328004,10260.555063382031,8000,1080p
1.1601663546440244,1.457172835935155,12820.05485600622,8000,1080p
0.6268362625689106,0.8413110281863325,22854.949371421008,15000,1440p
1.0201632179138922,1.2424455528493035,14829.975218686095,8000,1080p
1.3513966174939096,1.433277764376009,12049.678848795269,8000,1080p
1.611937143595092,1.2635383022689708,11669.177021929707,8000,1080p
0.8330292256800402,0.8077420161778037,20450.40231324773,15000,1440p
1.2842808754276807,0.8931923643776403,15409.802236191874,15000,1440p
0.8813011672820192,0.8396723109507007,19497.35566782661,15000,1440p
1.0931589327308127,1.577675780259242,12563.275382337351,8000,1080p
0.899558877649545,1.1850313399142172,16096.416320716835,15000,1440p
1.4219476465825784,1.3589734704039644,12065.941674879365,8000,1080p
1.3817325155775617,0.9805683260134017,14204.131586136906,8000,1080p
0.6584488589057553,0.7076126799013231,24562.899288784316,15000,1440p
1.7582930319730172,1.2514676611831854,11148.538179895279,8000,1080p
1.5581601390562954,1.950559080455455,9563.15678194085,8000,1080p
1.3082281859818787,1.2175542939493151,13284.767103505315,8000,1080p
1.2066379498355402,1.206059217085437,13907.43623362451,8000,1080p
0.9494717199214513,0.8676952191220288,18465.244595338267,15000,1440p
0.746240630957459,0.9156098557497856,20191.0053090781,15000,1440p
1.0028001158199762,0.6709002018204504,20048.05259719664,15000,1440p
0.990196508428941,0.9921685326295346,16926.464755494148,15000,1440p
2.9960321039423814,2.190008319691092,6470.144707528312,4000,720p
1.7542153569509011,1.4628846965797813,10430.024382727823,8000,1080p
1.1399084828473058,1.4111114464030465,13153.339813327279,8000,1080p
1.2793780342835674,1.795798090632442,10911.385441676599,8000,1080p
1.4611834326569189,1.1933222818331823,12640.557455513108,8000,1080p
0.5582246452500403,0.7262461603693358,26123.156597412846,15000,1440p
1.2690912815740198,0.9504550045934816,15117.698697754375,15000,1440p
1.3473743231984723,1.9571544100767388,10154.074819238525,8000,1080p
1.3351632039309387,1.170805887402752,13389.802817616615,8000,1080p
1.2565844307111076,1.6585241138476297,11510.525761598756,8000,1080p
0.7348045285975694,1.0257767389024344,19058.723740510282,15000,1440p
1.014028640846996,1.276110809622931,14651.698171967113,8000,1080p
1.3768139293069976,1.368179546299866,12223.865848199068,8000,1080p
1.3242702169922518,1.1786514083091293,13406.105752895739,8000,1080p
1.3835795580297403,1.175771955168698,13110.52109370737,8000,1080p
1.312840375194006,0.9951843319726716,14538.159793441419,8000,1080p
1.3229602701904626,1.0784073947086443,13973.050645457819,8000,1080p
1.0686655046050149,1.0131517865498516,16117.856328009471,15000,1440p
1.471374521929803,1.045330577885077,13332.683278016224,8000,1080p
1.2646928256349892,0.9012797581500303,15491.623601885072,15000,1440p
1.3622310503226123,1.310941664441009,12552.287330587651,8000,1080p
0.9534743172076596,1.2920637345103114,14942.713606802989,8000,1080p
1.4803196185958474,1.5925136506438589,10919.704735005744,8000,1080p
1.4484532339465181,1.3219077404764998,12111.934982403645,8000,1080p
1.1592747979393156,1.7022966418358594,11725.876046147661,8000,1080p
1.0549800888619982,0.7699927191758731,18386.264086902323,15000,1440p
1.1906819113348117,0.8763618459105915,16233.053549246348,15000,1440p
1.3041746310021,1.293137218389477,12918.90768059298,8000,1080p
0.6880078271344849,1.030946610640742,19520.25676924174,15000,1440p
1.1700955914322768,1.2746908663150731,13724.892778945357,8000,1080p
1.8050328929637456,1.6515293965801632,9707.457638331027,8000,1080p
1.7809108372113895,1.377755489139465,10622.974551023495,8000,1080p
1.3320215275031657,0.9447380072385547,14737.802340556123,8000,1080p
1.0395761021398353,0.9697580590359485,16699.279118593822,15000,1440p
1.3291538463681032,1.2519823482370447,12999.868844632208,8000,1080p
1.2875563590756551,1.927160605577863,10437.756222068057,8000,1080p
0.6491786424913757,0.9234176600357711,21336.964830756857,15000,1440p
1.5108063778892724,1.145759184390001,12630.756220151801,8000,1080p
1.7844512361526468,1.2676288872924306,10993.955152830318,8000,1080p
0.8769290559487419,0.9161346059543598,18713.463840088298,15000,1440p
1.508854427374282,1.1068673247265748,12827.982170905696,8000,1080p
1.07935523867803,1.0329525008229348,15885.200519090686,15000,1440p
0.7821958473626979,0.8014952565248922,21187.485310507676,15000,1440p
1.2176425269940694,1.2753466313786261,13459.517819123903,8000,1080p
1.3796325046918416,1.7633028969777613,10676.144340152547,8000,1080p
1.368363963297316,1.5191730797359366,11620.43343511614,8000,1080p
1.1546410725899297,1.0805506210980853,15011.88112623842,15000,1440p
1.3658535700763101,1.2308057176461498,12922.154307518229,8000,1080p
1.4189330478109143,1.2158305579178332,12735.272313251495,8000,1080p
1.8881392781068962,1.7991146296707965,9100.11429623062,8000,1080p
1.2172894105675456,1.2544224755382605,13575.381576072432,8000,1080p
1.2342740501348248,1.5016371076762787,12264.445029291666,8000,1080p
1.101588040788177,1.4412326819408718,13195.752142521533,8000,1080p
1.323260284766052,1.4907839312469755,11923.917829386608,8000,1080p
1.7341244021141788,1.910018248511585,9207.77126939257,8000,1080p
0.9088947825606044,0.7700443609844863,19985.496275433547,15000,1440p
1.3673841195245935,1.4641952913789662,11850.07627573219,8000,1080p
1.7871247609823488,1.4702306727379446,10301.12699788392,8000,1080p
1.005742542079039,1.4014652246537287,13939.15077199275,8000,1080p
0.9893646410770126,0.9225570528513837,17550.107887031827,15000,1440p
1.591013830867664,1.1434470763915943,12270.949608722512,8000,1080p
1.2744709548212472,0.8691085019794611,15653.458468052302,15000,1440p
1.3275659367765709,1.4497077215219107,12081.788159312104,8000,1080p
1.304869795664632,1.1996166138359214,13397.7297192407,8000,1080p
1.165421856649588,1.6640115826896151,11859.0639148721,8000,1080p
1.085679749300918,1.2603494820681096,14302.64872719394,8000,1080p
0.9813684466557805,1.362343199353993,14316.791938601851,8000,1080p
1.1159966748009251,0.9454950808844986,16276.772345782929,15000,1440p
1.5038794579986066,1.4765800195117942,11258.140650188694,8000,1080p
1.0569667872126256,1.028933600525854,16086.306037068005,15000,1440p
1.7186242594087608,2.219807418780708,8519.744594230275,8000,1080p
1.2901165817204496,0.9189660007657798,15189.306305713522,15000,1440p
1.0764064554780883,1.2379714838220297,14498.250882112652,8000,1080p
0.7488458582072629,1.0493232907131258,18660.33127091848,15000,1440p
1.7764411986004265,2.4289267258995255,7978.952758096631,4000,720p
0.911767816729067,0.877145035306037,18756.884641880566,15000,1440p
0.9063191721059811,0.7942447436425335,19731.355986834984,15000,1440p
1.3238243142702972,0.919821215420441,14955.317832503208,8000,1080p
1.5951026803516777,1.3436900447072924,11417.760672225257,8000,1080p
0.9797574731359995,0.9470795906363891,17414.25501454008,15000,1440p
1.0365813980272844,1.1993030345978508,15007.230029596829,15000,1440p
1.3089923205372944,1.0444949017486298,14257.324910142846,8000,1080p
1.468571653166537,1.2174867281078157,12492.070996640325,8000,1080p
1.296890701898385,1.333874625013097,12754.627581850067,8000,1080p
0.8653550811293256,0.8418098329547778,19655.061864952866,15000,1440p
1.683262485065683,1.215042297987784,11577.26136885066,8000,1080p
0.8488528903327475,0.9345677929301721,18814.647780471692,15000,1440p
1.029134591270064,1.4018452319459147,13802.842656098375,8000,1080p
1.2106640267841529,1.5043416505621876,12358.880970295526,8000,1080p
1.3270089957359155,1.6246085810824853,11368.15021821658,8000,1080p
2.054237834019661,1.433989387339393,9619.336663202463,8000,1080p
0.9830029101241498,1.3800021294407991,14199.898619842843,8000,1080p
1.4963995084472392,1.259318832529324,12176.292294120698,8000,1080p
0.8116701140305249,0.8575992212468218,20101.269034828932,15000,1440p
1.1242844997763446,0.9041987782807293,16541.635991270865,15000,1440p
1.3229100328886496,1.1367571285706635,13641.858754617944,8000,1080p
1.3890764464416554,1.7011664253397574,10858.186036574236,8000,1080p
1.0936374337762271,1.275070146767439,14165.713098405578,8000,1080p
1.8054786647425762,1.3231360204597775,10725.01262578129,8000,1080p
2.0571406780620105,2.1655916558237163,7946.142295295203,4000,720p
1.2318902644266998,1.4708251468156768,12415.081462304532,8000,1080p
0.7848603924548146,0.7684076994256709,21602.472989306607,15000,1440p
0.7541820007760838,1.0860828370612539,18233.479937286014,15000,1440p
1.5783356805099273,1.515932355974978,10844.061213946385,8000,1080p
0.7878527315402666,0.8586199888761503,20379.585755610693,15000,1440p
1.4019745606035112,0.9413551378333134,14319.125483018162,8000,1080p
0.8915620683795652,0.8954431488335123,18776.90768711341,15000,1440p
1.0904710074104116,1.2845236383930045,14128.213745361589,8000,1080p
1.526996871645753,1.049531610535412,13023.117047630863,8000,1080p
0.7811584313390193,1.1472356433448656,17400.194514443563,15000,1440p
1.193498784176677,1.3732978130801403,13072.493564881703,8000,1080p
1.0912676473203466,0.8529299815260643,17258.755746919367,15000,1440p
0.8842597669430713,1.1338916140144661,16626.32065989008,15000,1440p
1.0777627446321627,1.3107567048413784,14048.213845357552,8000,1080p
1.3573372990690384,1.7027148907993868,10965.313634550383,8000,1080p
1.2424627653202296,1.043349314672731,14679.4359403785,8000,1080p
1.2914475315592693,1.7286103855373467,11110.525996884895,8000,1080p
1.6240316655023055,1.3791541680354824,11172.945618377697,8000,1080p
1.6589449705271417,1.13105945593898,12026.659055340908,8000,1080p
1.8666859326352456,1.5283825671952542,9883.285713285377,8000,1080p
1.3960491106373916,1.5799751464145275,11274.918852052426,8000,1080p
0.8727970034515814,1.2979914295449606,15457.255755542092,15000,1440p
1.7386165730448435,1.4597397679362776,10491.148709748493,8000,1080p
0.7901531295546923,1.0357632304310647,18376.762887573746,15000,1440p
1.5402355219987471,1.382632975047361,11479.966352886071,8000,1080p
0.8332313452902911,1.2071297646936592,16445.339913513617,15000,1440p
1.6585688110938612,1.178888338047499,11825.529069277352,8000,1080p
0.7476034476684362,1.0403715077141293,18766.723716675606,15000,1440p
1.1856246378300042,1.473984928402103,12616.299935910092,8000,1080p
1.184541393128848,1.358813008946095,13192.983240017717,8000,1080p
1.6662812141130752,2.007234443223002,9134.146994308081,8000,1080p
1.3050334272909105,1.690736298973523,11200.604541070852,8000,1080p
1.1568067023769963,0.9414026854395894,15991.936836636225,15000,1440p
1.2209143326235354,1.4558593322635085,12535.401270624781,8000,1080p
0.8834215099039792,1.3233112115297652,15205.480787994671,15000,1440p
1.6246819199973035,1.4518348057270307,10906.630774809117,8000,1080p
1.3085085801941712,1.0547376208148962,14198.449567240521,8000,1080p
1.1252080919047756,1.5765480046887839,12419.489694982552,8000,1080p
1.6655811490558208,1.338517849873022,11169.549343069035,8000,1080p
0.8738545840476604,1.1767922696496507,16362.852501639394,15000,1440p
1.004774630336145,1.099019503057662,15949.484537192111,15000,1440p
1.2232986741148566,1.8276634907971303,10997.98364787915,8000,1080p
0.817373250320407,0.8114857472940049,20599.961107218627,15000,1440p
1.5148541783898004,2.043003543365428,9431.077525901263,8000,1080p
0.9415287903199107,0.8835311451367277,18385.386336150394,15000,1440p
1.3915973724646695,1.538471039604284,11451.757188258565,8000,1080p
1.1742564099099566,1.395320708966015,13058.347910055316,8000,1080p
0.7039967213226256,0.9472955109760665,20320.10527493994,15000,1440p
1.8381274340952776,1.3031899559715017,10681.643346865592,8000,1080p
1.2310090504519515,0.8908831268493784,15813.448185041749,15000,1440p
1.2801116309139287,1.2812057491975144,13100.458483024875,8000,1080p
0.9323659116515365,0.8003852597705791,19364.83007681996,15000,1440p
1.3059852564269105,1.4155828920417273,12329.080210201711,8000,1080p
1.2229022465754507,0.9906569079058216,15158.588344960304,15000,1440p
1.3649028685265547,1.4390201940481189,11966.95888266955,8000,1080p
1.5726960312797773,1.0931586724327766,12586.744488839184,8000,1080p
1.334999503554263,1.33021813993426,12589.753066500174,8000,1080p
1.4752725262060178,1.323398040932835,11989.418259507223,8000,1080p
1.302674060867562,1.939048350068193,10350.803599594507,8000,1080p
1.4888232669318722,1.531212215474985,11110.60853273762,8000,1080p
1.2865868367530686,1.5914973965427979,11658.599707338939,8000,1080p
1.269292562861162,1.4913686515534776,12154.491041782812,8000,1080p
0.929484905877237,1.1847906765565364,15870.4155119528,15000,1440p
2.039409769425096,1.7335170485507612,8893.475441965149,8000,1080p
1.1871149481390642,1.204952260650724,14027.378443507907,8000,1080p
1.693412299412122,2.304975078511302,8391.991277600173,8000,1080p
1.0768064464072693,1.204549414491479,14708.1095830359,8000,1080p
0.8209813290934596,1.0204990335530006,18221.444377379987,15000,1440p
0.7294823881703648,0.5822120748847551,25580.98165776124,15000,1440p
1.208628108639739,0.9626426403462531,15453.82215261284,15000,1440p
0.770847160042279,0.9974288717351012,18975.788506431774,15000,1440p
1.4606822543125082,0.9800402107619179,13747.745792546228,8000,1080p
1.719494177572304,1.288276635904007,11155.913824836465,8000,1080p
0.9346096195253022,0.9611938359078112,17699.319992184628,15000,1440p
0.8101502376820512,0.8832114890479293,19815.277191126992,15000,1440p
1.4890392609468468,1.0359774319586506,13288.79610747818,8000,1080p
1.1407355261465073,1.1747456003430237,14491.343339460258,8000,1080p
1.3390840179299819,1.2567570966189165,12926.22719161725,8000,1080p
0.9144837243754016,1.3382919296362141,14894.706421497482,8000,1080p
1.217293018405036,1.0485340707883477,14808.911130083237,8000,1080p
0.6667698442400193,0.9368236289751789,20924.525174527873,15000,1440p
0.9160349300413276,1.2375568659845841,15580.683424741406,15000,1440p
0.9179223895332992,1.2540445484515477,15448.868678973462,15000,1440p
1.064375433498656,1.5370116641026812,12898.669341037155,8000,1080p
1.3333976513856332,1.195672889899309,13267.49548984586,8000,1080p
1.2503065624658982,1.5046909475697452,12179.47815842704,8000,1080p
1.643081465473454,1.2844690383080342,11461.606539889943,8000,1080p
1.5742763919262757,1.1827641203908454,12170.453009339202,8000,1080p
1.3297147320059082,1.1428982687341758,13570.43418843011,8000,1080p
1.1782400631814072,1.4360216335995022,12835.146550675283,8000,1080p
1.9062955762427627,1.2870308392708474,10507.673702565466,8000,1080p
1.1399483794437695,0.967993453764717,15918.10147290781,15000,1440p
1.8335910369656212,1.2788260799281657,10780.827485452062,8000,1080p
1.1996894607183002,0.8375495141276081,16470.5429330096,15000,1440p
2.1841682449580024,2.22998482424074,7601.556057069584,4000,720p
1.124935907715168,0.8462609478727461,17022.36481601545,15000,1440p
0.9984804701406818,1.1748316162255188,15439.306766154945,15000,1440p
1.5711701214219818,2.1593167791905246,8994.65214433288,8000,1080p
1.156158707789535,1.0248526943267513,15384.803567483117,15000,1440p
0.6955134306037016,0.5347337067726263,27274.5458864139,15000,1440p
1.1094869915652712,1.336030614076817,13720.789383231631,8000,1080p
1.0270600911435601,1.2555758696985417,14699.861290024197,8000,1080p
1.161946188736004,1.5007512697348306,12601.668992942981,8000,1080p
0.9306987002894808,1.386313893454234,14481.765049789567,8000,1080p
1.4875374011808504,2.0713732348980027,9428.287313493687,8000,1080p
1.9135946481743382,1.3928871369748361,10148.07707416001,8000,1080p
1.1520252629519958,1.2703049900072938,13852.129353133221,8000,1080p
1.3159441978243258,1.1208046761142434,13770.164155555865,8000,1080p
0.842878671157294,0.8582356453019564,19724.971846595934,15000,1440p
1.1766901541010986,1.018057329241967,15288.515993142631,15000,1440p
1.253929708824695,0.949291072948508,15229.718363946538,15000,1440p
2.0333198731731206,1.3959490754772226,9784.718697320608,8000,1080p
1.3023868304476243,1.5730877109072727,11669.1806925856,8000,1080p
1.2314955397111809,0.9943656691258549,15074.8087377521,15000,1440p
1.052233371602326,1.1577796358969108,15182.911542212534,15000,1440p
1.1815321242526193,1.6615859986456158,11801.983086722783,8000,1080p
0.8542329274944197,1.169479087097188,16580.635860271555,15000,1440p
0.9175009771713415,1.1934891509461218,15895.115544629825,15000,1440p
1.4721652642814815,1.3489478944460722,11894.039732576528,8000,1080p
1.5738187981372085,1.054826452662124,12764.914546683918,8000,1080p
0.982671374697787,0.9333100177743833,17512.92164518627,15000,1440p
0.9337186056473847,0.8003785360101769,19349.7994973491,15000,1440p
1.4557465966131307,1.4801770444822677,11428.918494447213,8000,1080p
1.8585491445157418,1.345777828691465,10471.600520347463,8000,1080p
1.546299840326967,2.0315723830945704,9378.320382808899,8000,1080p
0.9977580620121465,0.7672609182618813,19010.80519530193,15000,1440p
1.2398744738009915,1.570451675180866,11939.693196163837,8000,1080p
1.1650547220829677,1.352704396297732,13327.101768806453,8000,1080p
1.0847567948857206,1.0630986968584402,15622.294949066712,15000,1440p
1.1422165420431685,1.4020553665931597,13188.2256318997,8000,1080p
0.7749750669510761,0.7242109658346775,22381.76668285117,15000,1440p
1.7053288081897335,1.928125957121877,9234.856126555445,8000,1080p
1.2750197676530148,0.8825308338470932,15552.095036227738,15000,1440p
1.2999332297456907,1.6177622605439668,11500.320068242914,8000,1080p
1.3810499108542802,1.2365224418790521,12818.912900329822,8000,1080p
0.5672253231223672,0.6759278310498211,26991.390310507468,15000,1440p
1.2459474847798735,1.1772026207314503,13847.442601134062,8000,1080p
1.7080603723038377,1.35190173815792,10965.636432320574,8000,1080p
0.8739472579469125,0.975407624987801,18143.857790427424,15000,1440p
0.9465024987646417,0.9874390819436861,17350.282105062506,15000,1440p
0.9189092582521264,1.3729683801553954,14640.586145477999,8000,1080p
1.430177486723546,1.5474393673480669,11268.88839110292,8000,1080p
2.630066714512449,2.278334586230893,6836.122383660526,4000,720p
0.9325692664999651,0.8545787657367693,18775.407182137227,15000,1440p
0.815561339314964,1.2016180271570533,16634.332354234637,15000,1440p
2.2680615980223156,1.728355565583613,8396.128488679637,8000,1080p
0.9237706302643998,1.2545811098530282,15403.587667706588,15000,1440p
1.5663338232322102,1.1177969027589163,12501.042395246932,8000,1080p
1.1641273042139695,1.6057122712824936,12114.214951956465,8000,1080p
0.8564266625316855,1.2637856820131521,15825.977094385511,15000,1440p
0.9374471774396895,1.2339405912954156,15452.989320072667,15000,1440p
0.90551586506878,1.3276822063775384,15025.28254391186,15000,1440p
1.101157427691514,1.0461127828673078,15626.553116138812,15000,1440p
1.0618062783339794,1.1838402285193974,14941.99193755424,8000,1080p
0.9989464582199982,1.3271398506875522,14425.273847967785,8000,1080p
1.0962885692203874,0.7641286952478048,18035.971091459243,15000,1440p
0.900034304724244,1.2350864321225652,15715.472863400637,15000,1440p
1.0672884405951957,1.1846173972783516,14900.459617656627,8000,1080p
1.4975539478690474,1.1925769821595338,12473.159438244704,8000,1080p
0.9648992693977236,1.0877676746505243,16346.74933373473,15000,1440p
1.3989710444308578,1.4418844865428142,11811.382745147757,8000,1080p
1.0694047238545845,0.7208535429488927,18742.788469236762,15000,1440p
1.462087281097994,1.406041309665626,11699.068203586492,8000,1080p
1.8895505218023358,1.8079790431413887,9074.82453098673,8000,1080p
0.9224536415549999,1.2139883460381329,15705.753863132817,15000,1440p
1.6072308743510701,1.3827474019193549,11222.299595385157,8000,1080p
1.3966758630187244,1.4751923194838688,11683.834308425716,8000,1080p
0.6173195245973212,0.9257451365729571,21745.31816090709,15000,1440p
1.8544340337877108,1.278508423356667,10710.197349294529,8000,1080p
1.3165734512978395,1.823762712543863,10684.980922218047,8000,1080p
0.967290169597115,0.6547077641347852,20687.09910301662,15000,1440p
1.1296011066982414,1.0719615967978307,15241.1884279815,15000,1440p
1.2048529033918667,1.1809500324275535,14064.209367935706,8000,1080p
0.9982968444990652,0.8788382314493615,17875.342286194587,15000,1440p
0.7353980754415084,0.8280036554211161,21462.450333533896,15000,1440p
1.212492205757033,1.6008606612267904,11926.847994710837,8000,1080p
1.1738553609792872,1.000890921396566,15429.124892372578,15000,1440p
1.0491336989827433,0.7038426830590105,19141.40563657678,15000,1440p
1.200528486361291,1.280288047977045,13525.559643591047,8000,1080p
1.1444072770232414,1.1148979834401294,14851.65930748029,8000,1080p
2.0802453154015255,1.6446968659251158,9008.041028988417,8000,1080p
1.2181916656491951,1.4923290364125947,12379.330648342373,8000,1080p
0.7134374961417446,1.0679587309963328,18836.02956424089,15000,1440p
1.3948307370197568,1.2327369891905502,12770.149239271921,8000,1080p
1.0927517267615374,1.3918954804490586,13504.706785986764,8000,1080p
1.0359658434630596,0.8173884868646197,18104.70423864791,15000,1440p
0.6280979954357313,0.879129022735263,22262.36100830914,15000,1440p
1.5727831276829936,1.2956501413014216,11697.825556137179,8000,1080p
1.0159934797201704,0.7440976407521929,19064.03117981463,15000,1440p
0.8353410472737878,0.9071782138607588,19256.27609886668,15000,1440p
0.8172557508546954,1.157961878587589,16987.7139105296,15000,1440p
1.5550785800144704,1.2259715554102975,12065.381911885243,8000,1080p
1.2494990083730884,1.4178546296727255,12579.671297197405,8000,1080p
1.5090462265106122,1.6729541877593994,10545.074679915711,8000,1080p
1.256590162204967,1.4775614867536955,12272.337568685938,8000,1080p
1.0602047999023607,0.7449404933636579,18588.21676303437,15000,1440p
0.6949136780098428,0.7211632286991332,23695.345811395193,15000,1440p
1.3977547784180309,1.914867619405773,10129.26556979246,8000,1080p
1.048244673355049,1.1546028831640816,15232.298712953903,15000,1440p
1.7876672335409847,2.397839982548148,8016.813797624436,8000,1080p
1.5406556246584229,1.1582590279216927,12432.565056446874,8000,1080p
0.8433571241124495,0.8469179176744451,19851.4627326731,15000,1440p
0.9744434031966434,1.221098471353465,15282.984300573036,15000,1440p
1.080648371543114,1.4233747589236185,13400.208485193061,8000,1080p
1.3008234998570014,1.2015499836011312,13409.04234392292,8000,1080p
0.9798468419134031,1.0177909500374,16797.0550693438,15000,1440p
1.6818095849013621,1.2072535826741764,11614.295033970619,8000,1080p
1.7975878506076042,1.7095783939676001,9567.3913524633,8000,1080p
0.6236853218779618,0.7847318449125312,23824.214012148106,15000,1440p
1.208045817052409,0.9827726019114413,15315.934771020227,15000,1440p
1.6052918805868517,1.4109193347995221,11124.695720522248,8000,1080p
1.5680778746831718,1.5291710607019944,10833.624516470212,8000,1080p
1.0775859069632199,0.7954009749999364,17914.931665100714,15000,1440p
0.7498154352673828,1.1246139705926672,17901.144687070315,15000,1440p
1.1834123207498504,0.8663104204931344,16370.2296534272,15000,1440p
1.059057531603616,0.8066806963476254,17984.53368072217,15000,1440p
1.2554446397388086,1.8408591922653896,10836.931328628896,8000,1080p
1.3516058946618916,1.5033069756358628,11753.224537637263,8000,1080p
0.7129357106959295,0.9289783332531676,20436.16846061904,15000,1440p
1.5966857316960914,1.2022068675520845,11988.467156265024,8000,1080p
1.7352942560001805,1.4424409511072815,10559.228448283131,8000,1080p
1.4180210150773713,1.080244783014121,13431.089688548487,8000,1080p
0.8644145661616478,1.2289398895740864,16029.025523155799,15000,1440p
2.16608073804173,1.6905009982289263,8700.562906375062,8000,1080p
1.090137538952853,1.598995283570876,12477.789017691377,8000,1080p
1.1092837762265224,1.1407112005414988,14913.114183125364,8000,1080p
1.0300445507788416,1.3188076791390742,14285.458903122488,8000,1080p
0.8544887902489103,1.0557304541451966,17565.74911412484,15000,1440p
1.1568836437983683,1.0505428072401803,15200.702149878349,15000,1440p
2.0289928118267317,2.5105213322480084,7391.635081432087,4000,720p
1.1424769708083404,1.2878509194918915,13806.545254210467,8000,1080p
2.0115558465422825,1.5759868090592004,9353.040568760654,8000,1080p
1.4427196358918393,1.4862537236112308,11456.038646146255,8000,1080p
0.8275951819374813,0.8793263121006775,19657.86482693965,15000,1440p
1.178115251185956,1.313870913279707,13464.935110181405,8000,1080p
1.7144099201412362,1.15684031889897,11686.348874703615,8000,1080p
1.1631059800931938,1.335247149623931,13430.62019571236,8000,1080p
1.188453588407927,1.6081834558583548,11998.136143120157,8000,1080p
1.1590732262687249,1.035554207895626,15289.352296270978,15000,1440p
1.0737946855862217,1.1371547212920874,15176.48115131512,15000,1440p
0.9166777024743843,0.9283553291829226,18186.358414331273,15000,1440p
1.820880227728113,1.451609941609779,10253.485958305846,8000,1080p
0.9393369365778754,0.9585985870606926,17679.437252785152,15000,1440p
1.9774593390189246,1.3915191859956937,9959.823653032756,8000,1080p
1.0231246528407851,1.0842312027976009,15922.527707042284,15000,1440p
1.4328752785290289,1.7267705175352686,10619.681497779246,8000,1080p
1.3081499755509716,1.8983349297993322,10464.55323834878,8000,1080p
1.5008181148996116,1.3668686806325974,11700.870559601224,8000,1080p
1.196685672212777,1.1035559592213389,14587.350972810647,8000,1080p
0.9738443182604168,1.4314277782711904,13950.36846283851,8000,1080p
1.647889106041041,2.1370233665035685,8865.312538506669,8000,1080p
1.0626037633110728,1.5214767622995686,12985.056644885626,8000,1080p
1.3754252407826155,1.137153767128114,13354.57786376291,8000,1080p
1.4373603164754751,1.720523719370184,10625.606139781623,8000,1080p
1.7365351381792657,1.7590221298456115,9599.16529102083,8000,1080p
0.6828980695742971,0.9587691178998453,20439.24143457275,15000,1440p
0.8390245643348749,1.0462802078277256,17797.882069491763,15000,1440p
0.8840231392434907,0.8750372411982348,19075.20195047199,15000,1440p
1.3208713970261707,0.9419553020289262,14828.546973575812,8000,1080p
1.1871686029686535,0.9962541567049801,15367.812692863721,15000,1440p
0.9977435330945675,1.1237507420644208,15816.41411569936,15000,1440p
1.2181338047386985,0.8182900118646559,16477.135911701815,15000,1440p
1.0194780642644496,0.8696889986018455,17761.49534869103,15000,1440p
1.301982042779902,1.0545155274528302,14239.11164766705,8000,1080p
1.4706668795513709,1.0396999265513331,13366.3462719588,8000,1080p
0.9843902060635794,0.811854963150139,18680.318575157526,15000,1440p
0.8594893842266187,0.9930621143482534,18112.550191351063,15000,1440p
1.340328521180128,1.9310925739333942,10256.836715432264,8000,1080p
1.3316498870456746,1.1265963123511489,13649.744280387053,8000,1080p
1.4389077096904621,1.4270130279911666,11708.080952421482,8000,1080p
1.1463425231740556,0.8082004931746722,17167.405229424352,15000,1440p
0.9518866341148317,1.1557593410363234,15920.335955659517,15000,1440p
1.1518574337027323,0.9259955261482247,16148.607552291302,15000,1440p
1.2155165283735367,1.7645266341781503,11259.713423502475,8000,1080p
1.5257031414921456,1.5441896546687497,10930.164089756503,8000,1080p
1.5575683883226188,1.6361551973938573,10506.366972416758,8000,1080p
1.1315165486762664,0.8773719342373527,16702.983906470443,15000,1440p
0.8558706961502763,1.1714148499186603,16551.408885178822,15000,1440p
0.9182463167762569,1.1532565121594345,16198.110633157952,15000,1440p
1.2933244480325174,1.740664270037116,11059.511131389081,8000,1080p
1.8921359947907128,1.7468702240684582,9220.767973988053,8000,1080p
1.8635131644466578,1.3684122630825528,10382.18014381977,8000,1080p
1.2391135536569868,1.170109108431031,13927.493098923096,8000,1080p
1.193970095808829,0.9146502360243938,15912.979446057016,15000,1440p
1.1347111892530826,1.6505866139585967,12046.981820510882,8000,1080p
1.0498284789243906,0.9613352316675972,16684.087835954055,15000,1440p
1.0259636945066195,0.764160395962896,18744.193309637718,15000,1440p
1.1054941496201616,0.8278218571073399,17355.896233848052,15000,1440p
1.6943945512938894,2.4036430673043654,8187.926789085305,8000,1080p
1.3707045483066507,1.2585342081342956,12762.03308573648,8000,1080p
1.278794671818484,1.458934896529863,12256.298937605861,8000,1080p
0.6029405006876022,0.6399292864128258,26997.544190273806,15000,1440p
0.9259446557325705,0.931181438668227,18067.934159756853,15000,1440p
1.3850680726216291,1.0687758801563185,13674.232202913188,8000,1080p
0.8110934523928262,1.064741941571812,17887.727306968885,15000,1440p
0.8950932826187789,1.042152747747327,17320.686930848322,15000,1440p
1.0860396320660903,1.2629867019949608,14284.400099504343,8000,1080p
0.9075619720628426,1.3370079724234976,14949.15856038462,8000,1080p
1.0460428285128185,1.5667972158235253,12842.130184254262,8000,1080p
1.2144436289278282,1.1071306597349917,14453.309620053846,8000,1080p
0.8548625856146533,1.173704328617541,16540.953992981904,15000,1440p
1.517964439057296,2.2573903489214775,8887.75595523942,8000,1080p
1.0748696863816882,0.873433280804226,17222.38921006484,15000,1440p
0.8496562134861192,0.64373481787859,22468.617592632032,15000,1440p
1.146225980276874,0.9622235877627683,15914.268241757216,15000,1440p
1.4257614548644917,1.6711178542456786,10834.917557585164,8000,1080p
1.0726876227628734,1.2136507935978846,14676.056597697256,8000,1080p
1.7808115396835362,1.382151622623608,10608.543406343235,8000,1080p
0.8428900063717247,0.7540216924758093,21012.07726401886,15000,1440p
1.1943840574807445,0.9770114185630234,15452.93447011108,15000,1440p
1.2424777708583645,1.2352717320757851,13542.301980190032,8000,1080p
1.5309964494681354,1.3367501187135578,11700.626677508442,8000,1080p
1.063258661416738,0.8748123921913167,17313.313636015882,15000,1440p
0.8899201285753566,0.841025862278582,19385.02540073268,15000,1440p
0.7733925154229859,1.0359195601776698,18545.40875092573,15000,1440p
1.3526728249685205,1.1920163491705156,13186.063092107399,8000,1080p
1.0413031377553028,0.9277347861427454,17041.02881552086,15000,1440p
1.3990678781215342,1.3242718314801691,12321.060013812026,8000,1080p
0.8028607172861698,1.1088867693591817,17551.70713412565,15000,1440p
1.3703491120131495,1.1534953569799637,13294.968217033806,8000,1080p
0.7436757722458092,0.6851517958835089,23483.89179243713,15000,1440p
0.9174424828873567,1.0317991018549857,17214.096119560953,15000,1440p
1.6565331509332208,1.4973248216538473,10639.170277054594,8000,1080p
0.90061208911051,0.8536794710597906,19127.055480300347,15000,1440p
2.162858446725357,1.6755042112683385,8741.86078538468,8000,1080p
0.774658955475826,1.0825369338951845,18067.255151724527,15000,1440p
2.4999179860920266,2.0715300910558145,7340.000681126591,4000,720p
1.5972731199929977,1.314464415823143,11523.851853836448,8000,1080p
1.4279835415124085,1.5721743808857473,11184.22192028428,8000,1080p
1.0602290955583131,1.0968517558243691,15555.481834856451,15000,1440p
2.198436336060675,2.16848007116972,7683.781614056826,4000,720p
1.1642887851229604,1.3724207230949164,13227.542172762662,8000,1080p
1.2564114494583747,0.9746132500977003,15039.919552067979,15000,1440p
1.3239915428695637,1.1962241396104398,13314.111261692076,8000,1080p
1.7288256352587357,1.30273565996913,11068.366670606243,8000,1080p
1.869982940285627,1.4466639083458728,10116.974622681062,8000,1080p
1.1773151596528781,1.6166830978909394,12009.467761621814,8000,1080p
1.204780182160895,1.4274001676287484,12747.770874697693,8000,1080p
1.0095625710462246,0.8884543847908681,17678.678737198796,15000,1440p
1.6772356790761433,1.287529959718127,11317.735054986042,8000,1080p
0.8508690175881625,0.9672681100906254,18455.391229394714,15000,1440p
1.2517390513734592,1.6108481999429236,11721.715027051048,8000,1080p
1.0119809115174956,1.2992827989750495,14517.786026610236,8000,1080p
1.3328443259207203,1.903218417154871,10368.906496574748,8000,1080p
1.2411834770717043,0.9975673761924,14988.015281413542,8000,1080p
1.544251726461111,1.1282156343299439,12555.600301164326,8000,1080p
1.5487131858113397,1.3612920736393057,11530.711805769879,8000,1080p
1.1810699728419103,0.8621329509224676,16422.46671132382,15000,1440p
1.0872345099106884,1.3961521445848932,13511.561697111352,8000,1080p
0.8142391424554175,0.9486955169665271,19033.28170483771,15000,1440p
1.4397812834031334,1.8373331148273122,10239.017599787941,8000,1080p
0.8506233377879804,1.0151989947342295,17983.72300252258,15000,1440p
1.357468775205935,1.9747067486284013,10069.827282504282,8000,1080p
1.3041865128631753,1.5548130923350254,11736.424146051546,8000,1080p
0.886183454466185,0.6325641969358348,22093.487334136447,15000,1440p
1.4412732643212713,2.079733395736278,9529.783735044559,8000,1080p
1.215377571863955,1.4905152837527065,12400.502824918058,8000,1080p
1.113569832057016,1.566221440449228,12521.285647974591,8000,1080p
1.1358386162454046,1.6324671493663945,12120.926964360971,8000,1080p
1.7936254772890272,1.5810973645559467,9942.870443741585,8000,1080p
0.9856227190080098,1.2402367524864673,15074.820504041536,15000,1440p
1.027168642996075,1.3580758528833818,14067.502118950804,8000,1080p
0.9622571842924953,0.7275549004682861,19856.901428628462,15000,1440p
0.7856769967960964,0.8987256726230384,19920.671350854143,15000,1440p
0.6435599128970351,0.8785103230221061,22045.258627462284,15000,1440p
0.7028178760781472,0.7958570528894493,22389.399696647288,15000,1440p
1.1843275210374284,0.9149535115876026,15983.773243567155,15000,1440p
1.39316429038201,1.2610025457352099,12642.17137498665,8000,1080p
1.4454207154807952,1.454956502730578,11568.988954027367,8000,1080p
0.817872506641679,0.7499709110415678,21401.64739766063,15000,1440p
1.475503874827228,1.7514860691864145,10398.05905259993,8000,1080p
1.522159740782498,2.180223001922215,9062.929019458259,8000,1080p
1.1706295308478625,0.9191059490754587,16056.78437408318,15000,1440p
2.5261965889412363,2.745539972090097,6364.967522852773,4000,720p
1.3674616910708133,1.4016067147443494,12117.588691393197,8000,1080p
1.107916084825677,1.5017013521726024,12857.98888537321,8000,1080p
0.7817013196605579,1.0021548922509274,18810.054182587315,15000,1440p
1.8042261255251408,1.669496115180697,9659.503459085421,8000,1080p
1.0136911755736762,1.1412560306873214,15570.883547639003,15000,1440p
0.8401202158941453,1.0854130598965757,17426.04629162841,15000,1440p
1.2234285734245531,1.8004758870581024,11096.392904769307,8000,1080p
1.0484236498670045,0.9863126728907792,16490.80110513874,15000,1440p
1.0305278179667203,0.7341676467394795,19014.29038102413,15000,1440p
0.9666374218875646,0.7588595778178442,19446.241868707213,15000,1440p
1.134569682619006,0.9675588307505769,15962.122099858829,15000,1440p
1.4253459965077178,1.8860215307025499,10133.104140291141,8000,1080p
0.9240046095841462,0.9058356107666635,18337.35624937082,15000,1440p
1.5617246561999043,1.5264494674895766,10865.459865945673,8000,1080p
0.9823906484907494,1.4603455329334614,13736.412575031518,8000,1080p
0.7820526486274981,1.152193807409903,17347.547358955162,15000,1440p
1.447497422637077,1.0540943439869153,13413.23250567105,8000,1080p
0.8648317941621542,1.0543551411103234,17483.670497806972,15000,1440p
1.3051148146907403,0.9155960545206288,15109.770688840747,15000,1440p
1.1778635613607908,1.335588044099134,13349.941541388871,8000,1080p
1.136672384111126,1.0415891344907076,15404.225669623762,15000,1440p
1.7384202547424634,2.1052602695170233,8729.766115633274,8000,1080p
0.9991737281836653,1.4786677672297959,13541.799207943683,8000,1080p
1.4575204830552697,1.5298279069939609,11232.179049410113,8000,1080p
1.5456545763572338,1.1480179583796914,12456.75989463844,8000,1080p
1.761909092367514,1.2497112111201092,11141.654198951344,8000,1080p
1.3825942266152793,1.155129671990123,13222.254800232495,8000,1080p
1.0120614473305622,1.2215824181617403,15022.283775128355,15000,1440p
1.5184524564567645,1.8924274143186153,9837.471054755213,8000,1080p
1.1862535482888918,1.704795636491836,11606.316549936158,8000,1080p
1.6990542128827186,1.2015297027551555,11568.164540628699,8000,1080p
1.3855024542309835,1.731831134102569,10763.82461138442,8000,1080p
1.206589402685704,1.3183503025076577,13289.20129497919,8000,1080p
1.4767706845715074,1.670297726666979,10662.123479799127,8000,1080p
0.9607263364152333,1.4159043113133989,14118.488302786249,8000,1080p
1.1143432187896356,1.5903161453311596,12406.158219080411,8000,1080p
1.0642761683237667,1.1827311882181324,14932.942654731502,8000,1080p
1.1062628480106926,0.8939040226519233,16775.816304208696,15000,1440p
1.1612440108456519,1.6906186622390549,11765.795147389046,8000,1080p
1.905269204203993,1.3205216132749338,10401.924333774381,8000,1080p
0.8069610814524726,1.191875433913216,16786.98169763083,15000,1440p
1.8937093382147625,1.4009522163866832,10184.48524800268,8000,1080p
1.2531114142502144,1.7955638084475558,11006.233707737392,8000,1080p
0.7927578021879067,1.0532595907075137,18176.66080998886,15000,1440p
0.7824708576672315,1.167792512797446,17205.077277334698,15000,1440p
1.3367724431866825,1.109004089757499,13719.33680286309,8000,1080p
0.7962408883013057,1.1487556121575315,17251.667029778353,15000,1440p
0.8357797404723923,1.1596525633245294,16815.620322549858,15000,1440p
1.322663251974181,1.3817839951699722,12407.131267002107,8000,1080p
1.879741854146972,1.3595829034219435,10358.464961439156,8000,1080p
1.3468702419165577,1.2697157701027957,12823.74508075289,8000,1080p
1.087058247096501,0.7475164557582317,18290.033078395143,15000,1440p
1.3253232182389039,1.9645652982252484,10199.261109328725,8000,1080p
1.5377873638459878,1.2535925336398313,12020.7328390601,8000,1080p
1.019475544661067,0.8500929855416441,17947.687639116284,15000,1440p
0.7685844091281148,0.9917898236061723,19060.965206177694,15000,1440p
0.9616914928788537,0.7220268394730328,19928.767986465882,15000,1440p
1.349665589186962,1.9756834225351778,10090.499337578629,8000,1080p
1.0671168889753846,1.339746909463538,13941.142835653269,8000,1080p
1.0154092707172513,0.6884622964521381,19693.052367640223,15000,1440p
0.879827059546336,1.1223586537697297,16758.900923544392,15000,1440p
0.9429049510330106,1.3095901063304818,14896.561877154527,8000,1080p
0.9442542928972167,1.0701847391147652,16656.96080485816,15000,1440p
1.272825687549298,1.5853482323422323,11739.814630060517,8000,1080p
0.9017067019239077,0.9686438610858766,17940.183334403322,15000,1440p
1.2705445509236477,1.5720256137211988,11804.258138406347,8000,1080p
0.8747418369486377,0.7976687175143455,20063.513657251726,15000,1440p
0.986591280175209,1.2523505667923995,14986.736723620425,8000,1080p
1.430894249927591,0.9765983547372716,13937.50158774464,8000,1080p
1.2398975590633416,1.1692891939072483,13927.700689299621,8000,1080p
1.387788411678646,1.4804424138405776,11698.651203891788,8000,1080p
1.9986174382161646,1.5255453603052995,9521.249135845117,8000,1080p
0.9802197386158765,1.0709879486069434,16358.378631775784,15000,1440p
1.2915055917957916,1.2357595383948394,13276.973436288816,8000,1080p
0.8862978417539644,0.6866903116561478,21331.649527847163,15000,1440p
1.0327206795371064,1.116808946107295,15610.127722682962,15000,1440p
0.6831485438682413,0.8471671788412752,21926.476675407772,15000,1440p
0.8898023386181039,1.3345564904965839,15084.990587312268,15000,1440p
0.7116718490676537,1.052792512980502,19016.780798593558,15000,1440p
1.2059556666693219,1.5497932052934353,12176.157392782006,8000,1080p
1.043530574437685,1.366889364983535,13920.575187432672,8000,1080p
1.1227577592155205,1.1932936383439177,14487.775200221511,8000,1080p
1.1977316330824321,0.9636327066355184,15524.653286534152,15000,1440p
1.0134981412645168,1.1779368446753264,15311.625585647695,15000,1440p
0.8541063949470273,0.8144988682908232,20109.268944105566,15000,1440p
1.2410244974722666,1.034431487642829,14746.245244687856,8000,1080p
1.0176787405257504,0.756522670404512,18912.41422382056,15000,1440p
1.068990374761078,1.3818320672233972,13691.090560126571,8000,1080p
1.4763890435981046,1.3426503175089894,11902.789461876293,8000,1080p
2.2233883364005336,1.9407632924667486,8057.9275181502835,8000,1080p
0.8777099954946362,1.0445931685681762,17455.32787298871,15000,1440p
1.0057202929386868,1.233153284660716,14987.193710141602,8000,1080p
1.3489333504653,1.2044386334834378,13141.223531445174,8000,1080p
1.2082107219738965,1.1373446752637881,14305.538057006203,8000,1080p
1.0590350239066608,1.1208154640173675,15392.996990337362,15000,1440p
1.607546318388208,1.0933136814085977,12423.610258408213,8000,1080p
1.2813900533866667,1.2796728466072755,13101.76021060606,8000,1080p
0.8643625410490428,1.1671047203707436,16517.338298894814,15000,1440p
1.1102697897716425,1.5082549277667496,12814.2506256514,8000,1080p
1.4121127277106575,1.5067070271346426,11495.890400323267,8000,1080p
1.339570557583115,1.0250684838569968,14190.086271926175,8000,1080p
1.142641818722839,1.5418686524089198,12499.274024382492,8000,1080p
0.7566076784828158,0.7352771133864288,22491.30240007223,15000,1440p
1.2887158812974184,1.3452307192326232,12739.22257696784,8000,1080p
0.7499970638630358,1.0593427538507152,18545.124399240143,15000,1440p
1.4365682615846596,1.2120605896259202,12668.604732846448,8000,1080p
2.273021841918213,1.537413144627584,8805.932162201114,8000,1080p
1.260956269399152,1.5009715936586394,12148.916866659634,8000,1080p
1.1697689433808278,1.4332604110928193,12890.531542539968,8000,1080p
1.10545796441619,1.0679446341888972,15438.663789918899,15000,1440p
1.2257768589987088,1.0733836776368384,14594.210132495371,8000,1080p
1.5923829168430559,1.7885955132636822,9924.473844969394,8000,1080p
0.9077872572721531,1.2950901744707175,15232.092133901628,15000,1440p
1.0083632095671042,0.9311848588807465,17300.129110413014,15000,1440p
1.8282592173980954,1.2785379219039192,10800.32924439298,8000,1080p
0.9514211415351319,1.1765811994013156,15768.042804517807,15000,1440p
1.080577397341772,0.7724194230387336,18108.197289356238,15000,1440p
2.0235638929122977,1.770341503859866,8844.298550129359,8000,1080p
1.6530584980705496,1.2309737050997758,11634.555246336942,8000,1080p
1.1551827651062354,0.8253858419901692,16941.817556722857,15000,1440p
1.3081148738999506,1.4263220574278048,12271.05720215205,8000,1080p
1.0457573929662631,1.0993543722838202,15642.276800476235,15000,1440p
1.570462733807643,1.449628584452639,11110.403118316624,8000,1080p
1.0603518631031188,1.3230735609142668,14078.238681973227,8000,1080p
1.6200791532256424,2.1008293523431836,9017.806256128417,8000,1080p
1.4152327799799764,1.7340865812008242,10654.502815306467,8000,1080p
1.1173290816914312,1.0086301537257012,15783.1963289815,15000,1440p
1.6434610635908995,1.557882942634928,10481.357809327856,8000,1080p
0.98374705756248,0.9785604183182157,17099.477228939653,15000,1440p
1.067395844435349,1.1687193839118595,15005.681091309978,15000,1440p
0.9165223807812426,0.8067732754483752,19471.082561313608,15000,1440p
0.7503523331842674,1.0052745939662182,19112.507037278905,15000,1440p
1.4109416389796383,1.781893014910617,10509.292098516964,8000,1080p
1.0696399966388985,0.8195450366115415,17761.32639705909,15000,1440p
1.1165532685995085,1.2539640949760482,14154.898215716234,8000,1080p
0.9526801036440886,1.404320974355626,14236.069857242579,8000,1080p
0.9122525461991973,0.7805946616329076,19821.299786984615,15000,1440p
1.7897841561287973,1.6590290153273506,9729.26926796465,8000,1080p
2.046253886059542,2.021941142878997,8247.990020467363,8000,1080p
2.029036649744649,2.4566988584773224,7480.251998473291,4000,720p
1.2860146370028311,1.3251576197908945,12850.332609309236,8000,1080p
1.0616799604957048,0.8227639975544956,17806.01214308233,15000,1440p
2.08117033768036,1.4313386443746072,9552.838774626915,8000,1080p
1.6771506650011523,1.2992401630586452,11273.530237920042,8000,1080p
0.8357018480990192,1.1329995235190347,17043.942003464945,15000,1440p
2.0271673510994965,1.8174649363620445,8727.605006447748,8000,1080p
0.9595546109783601,0.8155771070002009,18902.502648203626,15000,1440p
1.1877372505854191,1.094486996115051,14702.5131507175,8000,1080p
0.7955487833100345,1.1753916758024734,17024.579228085448,15000,1440p
1.6017109112284282,1.292266012585933,11594.574830187003,8000,1080p
1.3855481232162394,1.8678858946995938,10313.543110210405,8000,1080p
1.4489781668538115,1.6326988608793065,10888.367501860714,8000,1080p
0.8791904613806103,0.8419195142228351,19495.80937629238,15000,1440p
0.8828250380658269,1.3212120375980825,15224.07783902301,15000,1440p
0.9379208146933404,1.025824547891944,17086.956710021383,15000,1440p
0.7357712757925405,0.977712278778605,19582.581875667944,15000,1440p
0.6957856633663235,1.0317736297384412,19423.027698051435,15000,1440p
1.8943358866947135,1.3573472147016967,10319.09658896044,8000,1080p
1.4998721134154394,1.2813914021177533,12064.456248967592,8000,1080p
0.796853689119159,1.1067002136754573,17627.2560239763,15000,1440p
1.4060237032595804,0.9390883869227784,14308.242297019911,8000,1080p
1.3750854748530834,0.9589990912084674,14375.842455707818,8000,1080p
1.5335729192969418,1.8418904196005748,9940.689212450296,8000,1080p
1.4988015398795627,1.5208112265759612,11112.163908151308,8000,1080p
1.8384486206188047,1.2407986303020027,10896.959310417831,8000,1080p
0.8918418676665032,0.8776233312566293,18963.035848583335,15000,1440p
1.2207840781100665,1.040374955837056,14839.483422546684,8000,1080p
0.8860310630769646,0.6346628847296021,22065.210457632566,15000,1440p
1.2077294867477024,1.2948331612542099,13408.028776738283,8000,1080p
1.6683438340348875,1.8814105702066262,9452.606625378543,8000,1080p
1.4508602804288273,1.2671313614075705,12345.30359973039,8000,1080p
1.6988893177585744,1.7890752207945804,9620.061107019952,8000,1080p
0.9259235459548286,1.348682704186904,14751.754066405645,8000,1080p
0.6168061034761217,0.8511576490822937,22857.80690532735,15000,1440p
1.2351685281432752,1.597271124971146,11846.477280850477,8000,1080p
1.4402938553402795,1.3355708683373702,12087.920464490382,8000,1080p
1.260395623165375,1.012806069182899,14760.868827850218,8000,1080p
1.045862685133946,1.0216155031110952,16229.642562024974,15000,1440p
1.4599476887631342,1.0797604879271416,13211.924231282283,8000,1080p
2.021845294713827,1.5415011246577746,9416.550638351167,8000,1080p
0.6953900774222911,0.9840570629863191,19979.45108997964,15000,1440p
0.654573945850086,0.6814155302966237,25115.790654862365,15000,1440p
1.2928361876262042,0.9990329376870704,14640.640527592717,8000,1080p
0.8058963003823926,1.101773189382941,17589.22715911738,15000,1440p
2.936747477791543,2.672025529136976,5982.490637176829,4000,720p
1.8093115601764251,2.034309411020251,8729.901374628293,8000,1080p
1.7198118605522104,1.2883355565737173,11154.517165272071,8000,1080p
0.8652870492907627,1.202065082243345,16230.632163810653,15000,1440p
1.672317949347719,2.1902896997355024,8686.989476646442,8000,1080p
1.6921336106124647,2.2532857049833477,8504.655479168712,8000,1080p
1.3835599084330334,1.6094267679280458,11211.019502698224,8000,1080p
0.8181606038869056,0.7128947915861799,21915.88370950609,15000,1440p
1.3325777499259022,1.5158771794540582,11779.871134314906,8000,1080p
1.1305025627527348,0.863134917026291,16830.759022306887,15000,1440p
1.002263452975183,0.7896137592007648,18725.85452395676,15000,1440p
1.2398855681454908,1.1931432473053518,13791.218495610925,8000,1080p
1.304443981792252,1.0090294850222197,14503.91909884432,8000,1080p
1.7547967170295868,1.3050891843648584,10965.909540845505,8000,1080p
0.8487780224180728,0.7869137363059024,20513.90906693585,15000,1440p
1.2107304831764163,0.8885618774583068,15983.6869933899,15000,1440p
1.611710650623626,1.3862605439383495,11192.379720280314,8000,1080p
1.8649866478840007,1.3800772685743485,10340.145175513579,8000,1080p
1.500517918971866,1.5533373029552626,10987.564753913104,8000,1080p
0.8271527614548001,1.2136199843246547,16442.02279229488,15000,1440p
1.300141848321315,1.285053609806202,12979.456502799141,8000,1080p
0.9031719521452245,1.3007754838687537,15224.697037550939,15000,1440p
2.6194578233313033,1.9459201357971851,7349.759932342031,4000,720p
0.6524654349560629,0.9424526504141716,21038.341910964587,15000,1440p
0.9242248207777931,0.8425102556712701,18992.339285774866,15000,1440p
1.1039689884687809,1.0604975740571863,15502.402569269281,15000,1440p
1.0134870149995352,1.3614231897069702,14128.716080929342,8000,1080p
1.4098357285466434,1.9213642766893908,10072.77616092057,8000,1080p
1.5566679071527054,1.4590495569669026,11126.517122118963,8000,1080p
1.1387536086045076,1.452839762857998,12947.41388424849,8000,1080p
1.8024434880257219,1.2791619429957475,10888.620477566334,8000,1080p
0.8128759627834465,0.740826237346043,21596.43720476388,15000,1440p
1.4054151113960358,1.4373878156848245,11803.291631775353,8000,1080p
1.4010891662990048,1.6743435419263102,10910.475104936584,8000,1080p
1.2180978347967881,1.320357400378416,13218.445428951625,8000,1080p
1.801154611665769,2.054864420018183,8701.832569884005,8000,1080p
0.9897489596458229,0.7740516114683049,19023.937597891185,15000,1440p
1.6935618128259395,1.365667404460617,10968.263447013545,8000,1080p
0.5659855905877743,0.7800171748208288,24928.947296637947,15000,1440p
0.7691769873284818,1.0521845264993357,18422.71934772641,15000,1440p
0.7584745990645525,0.9881761121759951,19210.72815764531,15000,1440p
1.0812656017138818,0.7902348374788508,17929.160633525487,15000,1440p
1.277913854182763,1.1886528391204316,13603.699462536864,8000,1080p
1.6883499166977032,1.594866016238253,10219.989390096118,8000,1080p
1.3950888395317749,1.0165075744952692,13913.784165887266,8000,1080p
1.053390984278116,0.7129061850393918,18997.047938974698,15000,1440p
0.8961397771442106,1.1791529879897458,16168.529358234488,15000,1440p
1.010042247513629,1.4073307091765366,13880.535854898564,8000,1080p
0.8246414366843117,0.8771571332077811,19717.040896401515,15000,1440p
1.3269907829932066,1.654731058029844,11253.374321625934,8000,1080p
1.3503495545623327,1.2226272586620188,13041.093813026217,8000,1080p
1.2240930928624119,0.9202580230524426,15647.825466159498,15000,1440p
1.051456053219599,0.97216407595127,16581.38872820372,15000,1440p
1.1725180913224242,0.954242242612698,15777.251185569456,15000,1440p
1.0714681058785867,1.5239416779009964,12928.375399408464,8000,1080p
1.833297751781512,1.322852284817325,10631.443882864098,8000,1080p
0.8844202216562034,1.1504052004752043,16490.07901859852,15000,1440p
0.8845882749945831,0.8411404173591336,19443.631057808514,15000,1440p
0.7468646803836904,1.056932616232415,18602.1079324975,15000,1440p
1.255523360841185,1.060381416129427,14488.692425381958,8000,1080p
0.9326162498221332,1.2274267805898056,15534.14979589591,15000,1440p
1.305487498434021,1.527073983775383,11845.967761246076,8000,1080p
0.8589739949669252,0.7841709382018572,20420.85961053401,15000,1440p
0.957586771173068,1.0361366413521291,16830.03358901265,15000,1440p
1.2384704660309347,1.3562044688628823,12932.036899401875,8000,1080p
0.9691956574215824,1.2836839610566542,14894.019069987047,8000,1080p
1.4414999944056393,1.2113712316819274,12648.345562361053,8000,1080p
1.2925858635425753,0.8854713137021928,15405.670866017483,15000,1440p
1.3303257858208064,1.4456702434699733,12087.348701493855,8000,1080p
0.6670193876779186,0.8063669767465343,22773.68164263372,15000,1440p
1.4789480911659667,1.5324307020539782,11142.547751065753,8000,1080p
0.8443902280877702,1.2652770143548473,15905.08271870874,15000,1440p
1.2145381723181057,1.1413368487931312,14242.87438820621,8000,1080p
1.0740138510403887,1.331097058741927,13951.303394585233,8000,1080p
0.9145120187496445,1.1874925525434363,15963.063286469673,15000,1440p
0.872331509860405,1.1487575771450302,16602.1538663178,15000,1440p
1.3603003456903568,1.1207865684058795,13524.085677676703,8000,1080p
0.9445143123534181,1.1995699196236083,15649.773222323447,15000,1440p
0.8592298394656722,1.044796493427381,17622.882320653658,15000,1440p
0.724723862471971,0.8372193589326036,21482.491514529087,15000,1440p
1.6912782667095312,1.1298897211836116,11893.808572901948,8000,1080p
0.8509102647972236,1.1412650394516808,16843.11211389642,15000,1440p
1.3063205460214027,1.0179187574403397,14436.73719398159,8000,1080p
1.0227899198797612,0.8809642130710169,17625.402051257188,15000,1440p
1.0536320036886704,1.4059461985827795,13642.35215981833,8000,1080p
0.8157729016630569,1.006713960992602,18411.343690623784,15000,1440p
1.155549920958775,1.5037588439989473,12617.72699814098,8000,1080p
1.1431739037521984,1.3044527904757324,13708.966354685173,8000,1080p
1.0939971490442242,1.293352311338113,14055.098575566819,8000,1080p
1.1078937398299222,1.2048811286620478,14508.3001623409,8000,1080p
0.6986444967017288,1.0238375277060197,19480.279924278006,15000,1440p
1.1401505551598872,0.9654007312580237,15936.174158495467,15000,1440p
1.1471886854077338,0.8303912842452388,16967.42104739671,15000,1440p
0.9467753283291584,0.6444708309664742,21086.889545017293,15000,1440p
1.4400888298015588,1.5053670556275764,11391.931607596058,8000,1080p
1.8269486333934257,2.540846139217342,7682.236402316922,4000,720p
1.3124991372522397,1.2983090817876421,12852.124394008364,8000,1080p
1.1491072508953348,1.0591424349324468,15195.035332891637,15000,1440p
0.842640874706597,0.7623007856148811,20906.948102573944,15000,1440p
1.1845337820010315,1.106095297143963,14648.566328567085,8000,1080p
1.3310769988158149,1.6033316251024599,11434.81917497749,8000,1080p
1.0749775595997768,0.7307652366110771,18582.066100670683,15000,1440p
1.3768779724365603,1.2449196032837373,12798.254262929298,8000,1080p
1.114323286002969,1.3753237504877904,13477.585982347156,8000,1080p
1.5738109782536431,1.6299578839805011,10473.424720346668,8000,1080p
0.789183525289053,0.6895913143639208,22690.697123217396,15000,1440p
0.8338993682245904,1.0084434214398872,18212.914658574933,15000,1440p
1.0760324526771237,1.2168667464997098,14634.063290722188,8000,1080p
1.1143582138756902,1.239715702614728,14253.771627538687,8000,1080p
1.1485604978879096,1.3603405593870252,13374.155151596708,8000,1080p
1.1186164531241083,1.0017497416249501,15824.828788109926,15000,1440p
0.9501598657630541,1.316046372243621,14806.43351750458,8000,1080p
1.0844276838215097,0.8745214673387476,17128.79171984949,15000,1440p
0.6762018506096563,1.0119567028812728,19876.35102793696,15000,1440p
0.593465197070902,0.8856354268045092,22685.6993083294,15000,1440p
1.2233106120273423,0.9245617908884207,15622.171947667584,15000,1440p
1.249095952450666,0.9144753088692736,15508.817573926037,15000,1440p
0.6560927924738482,0.9249849437355462,21222.506162439648,15000,1440p
1.6708266458243712,1.3453134528456676,11124.958026583632,8000,1080p
1.1456394692376728,1.2268360907881641,14143.215030478368,8000,1080p
1.2884451426828138,1.7499144087362626,11043.601467222103,8000,1080p
1.2186089797156978,1.354000285944564,13042.956988413176,8000,1080p
1.2786017347748615,1.293096727934655,13047.57633390945,8000,1080p
1.21677750284896,1.2416144483861082,13648.93502158703,8000,1080p
0.806314388811617,1.1170997944021255,17445.245175397155,15000,1440p
1.4575143724924433,1.957529385272624,9825.476444834567,8000,1080p
1.1192573412722977,0.8859456147628091,16733.68368972848,15000,1440p
0.7574758101049145,1.0495864084266215,18568.49844786593,15000,1440p
0.8385339150071117,1.0443352047826373,17820.905153379357,15000,1440p
1.0057972475122174,0.6861648122053798,19831.669278447363,15000,1440p
0.8128145974928843,1.1272490411830467,17295.531616117747,15000,1440p
1.2491729595675665,0.948169544979995,15270.460536105156,15000,1440p
0.7771502114323033,1.0846142258604634,18022.920262024258,15000,1440p
1.4818577965617665,1.4398279415819841,11484.613681045075,8000,1080p
1.7907210729689589,2.3089130676108947,8184.7381618434,8000,1080p
0.7730496810939974,1.0693162062531556,18212.686323841714,15000,1440p
1.1473905103439475,1.3852656055874977,13248.712207286599,8000,1080p
1.507889502366288,1.3206741698590638,11862.710509041253,8000,1080p
1.0119280139426325,1.3717406918173256,14076.801830270379,8000,1080p
0.9573071492187609,1.2438828977580423,15243.768726868864,15000,1440p
1.1296883854526405,0.818010114190026,17227.734172489247,15000,1440p
1.0686510575824926,1.4774001547375981,13179.009062203233,8000,1080p
1.082053831547587,0.7861689794658808,17960.615726449403,15000,1440p
1.4857403022553666,1.8923413465257608,9932.984305488011,8000,1080p
1.3533245885879168,1.0771648850769235,13805.627369948894,8000,1080p
0.7320013945523991,0.8250407021583981,21550.112274345498,15000,1440p
1.205720071118958,1.256748791538919,13626.337578856883,8000,1080p
0.8413296280623198,1.0810124018524334,17454.974961707507,15000,1440p
1.4283943216567985,1.625503663320584,10987.410897502037,8000,1080p
1.3563573733807444,1.021684432500878,14110.110224727614,8000,1080p
2.1790114111348555,1.9929775384605795,8042.790238755026,8000,1080p
1.0497489927526649,1.5441479092297004,12935.915831641685,8000,1080p
1.906595225845099,1.3724297438028799,10233.051687801648,8000,1080p
1.0945178919822822,1.3136930285656698,13933.344340272817,8000,1080p
1.128441485044613,1.3115621581435732,13751.795860499911,8000,1080p
1.590957996081347,1.3692931481057025,11334.995027665056,8000,1080p
1.0458501377558982,1.3242281938079772,14157.520261306892,8000,1080p
0.6379677158924697,0.7671817353459074,23879.617908563414,15000,1440p
1.445230016924835,1.5700354807734007,11128.184906309067,8000,1080p
1.2800272918600324,0.9939096910159069,14756.095816499877,8000,1080p
0.788974428883656,0.9231704299583308,19597.8931494702,15000,1440p
1.6085424494868341,1.4481150388612412,10977.491631924384,8000,1080p
0.5922643610570797,0.8749918336536127,22868.8296706194,15000,1440p
0.9301563947689776,1.0510537494377465,16936.331614350373,15000,1440p
0.8372820904526997,1.1066794111890133,17260.852116496462,15000,1440p
0.8758695101248665,1.1861367546746808,16272.7109867738,15000,1440p
1.9504453222426401,1.7272615957679227,9123.737358101147,8000,1080p
1.307290715538734,0.9363295076054632,14955.486518559277,8000,1080p
0.8795399209967314,1.3186505405147735,15264.569921264934,15000,1440p
1.3883870835039567,1.630099107314243,11116.311249681297,8000,1080p
0.9816716220350682,1.22626653278137,15197.179290010332,15000,1440p
1.232202852478731,1.3031814413583132,13234.456047378448,8000,1080p
0.9576143685042648,1.2503204566020272,15197.202208350809,15000,1440p
1.279310090024133,1.034779048226565,14500.060280895223,8000,1080p
1.3626650687258264,1.026443859677325,14044.747646741806,8000,1080p
1.0658989413574438,0.8572970608277175,17447.224288047084,15000,1440p
1.5655667513974783,1.1167980789242271,12509.272273740518,8000,1080p
1.039948092642082,0.9373910627796813,16969.487458939682,15000,1440p
1.0971987880911598,1.3407479689959525,13763.39819664119,8000,1080p
1.0050058028585729,0.9005534274015303,17608.705868156045,15000,1440p
2.1147134743096916,1.8041720773360805,8562.238309283746,8000,1080p
1.4965336363222217,1.3581705841510694,11754.083578731284,8000,1080p
1.1182369605055735,1.2511078418502792,14161.903310415875,8000,1080p
0.7855433342845806,0.7186355645237592,22307.474215057086,15000,1440p
1.1814386030780781,0.8513026335079319,16506.9864260513,15000,1440p
1.0747152271566285,1.2551293891214512,14402.004221896614,8000,1080p
0.9051255676236856,1.3441738403598433,14917.72588429264,8000,1080p
2.626114528467624,1.903414564615502,7407.929458106299,4000,720p
0.9423229619237707,1.3240930185388144,14805.063275785496,8000,1080p
1.4072999049477302,1.2516648094221434,12619.359639735494,8000,1080p
1.0016368725322118,1.419185921542713,13860.755145781846,8000,1080p
1.2166173630419568,1.5124001708495403,12295.425582023428,8000,1080p
1.4365986567269824,1.743917168930239,10549.996868217537,8000,1080p
0.548741973919373,0.650633644340708,27976.58338984495,15000,1440p
0.9773967642680795,0.6942124465160703,20073.131796312402,15000,1440p
1.9050277847988137,1.696759679710836,9316.049969808013,8000,1080p
1.1728993656717994,1.3377433382776174,13364.877426491841,8000,1080p
1.3639748007869696,0.9972650497597166,14210.514019671195,8000,1080p
1.6696527019845155,1.7911547801731684,9695.550004728973,8000,1080p
1.044775130207783,1.0035423902842606,16381.460229827848,15000,1440p
1.848244628820498,1.5988012849200246,9734.257343729081,8000,1080p
1.3722156611788858,1.0217387287346822,14016.320503587982,8000,1080p
1.2312405319291262,0.8355172965266058,16235.29933599993,15000,1440p
0.7561118051975939,0.8893343479265783,20392.30025017284,15000,1440p
1.5253744676001637,2.1497746069976573,9130.087329497492,8000,1080p
1.2071613774534273,1.6477195008052026,11753.356245275965,8000,1080p
1.4235650662909478,1.870532217195056,10186.229826367107,8000,1080p
1.3974774491321076,0.9499005909486942,14294.430393003498,8000,1080p
0.6949212484936581,0.882417404769042,21272.814135755303,15000,1440p
1.8646501876829797,1.359319784617356,10407.79916943785,8000,1080p
1.022952973091268,0.9436925111100183,17061.75936108152,15000,1440p
0.8241228812379578,0.7762869273437277,20966.1499323955,15000,1440p
1.0610788597586014,0.799758351330963,18031.900802517317,15000,1440p
1.829681748181999,1.4458082373905312,10244.095432376951,8000,1080p
0.9347593403785429,1.0430538645158376,16965.4201503786,15000,1440p
1.1494626582023446,1.7182493978405564,11700.767491385133,8000,1080p
0.8229404909724539,0.7955198436065808,20732.316562288557,15000,1440p
1.3312751921171004,1.2882785013554752,12809.21711343852,8000,1080p
1.6730652613914547,1.455884943575789,10723.862574333067,8000,1080p
1.1838301196579144,0.8671702931549052,16360.031811979103,15000,1440p
0.9951558861963109,0.815459397450825,18532.06051172343,15000,1440p
1.5556172178515582,1.5057358827825318,10960.653964761515,8000,1080p
1.75126590127727,1.5019853683920716,10314.122463528754,8000,1080p
1.4267386480538093,1.1519686293151892,13012.113586709575,8000,1080p
0.8273670582657969,1.0315816208470716,18050.21966287575,15000,1440p
0.9653141181480365,1.290979575825438,14871.482418101583,8000,1080p
1.032600381492738,0.8072469906190689,18237.617157061064,15000,1440p
0.9048156879710785,0.7338136296142688,20477.133931330587,15000,1440p
1.4485285901546248,1.53049579605301,11263.56405652508,8000,1080p
1.1734804237605798,1.5729958992769,12217.266072365153,8000,1080p
0.8227217027758271,0.7246398380705965,21684.93342651218,15000,1440p
1.241751144747928,0.925180059843653,15484.77031891941,15000,1440p
1.3665612838412944,1.6174916253006546,11244.5834647243,8000,1080p
0.6715393773285977,0.987146929684538,20229.522519193422,15000,1440p
1.2409824886521643,1.787944546329467,11077.992837884089,8000,1080p
0.965172978426693,0.9739062793665102,17304.311757832478,15000,1440p
0.7866185379871701,1.0758009642823327,18016.58109739042,15000,1440p
1.3225011899717491,1.3733163826217754,12446.848162547882,8000,1080p
0.8893080763183017,0.9961526872962292,17796.409581960394,15000,1440p
0.9888371651754443,1.1535522442257653,15662.153599507546,15000,1440p
1.4265035694076966,2.072599655559851,9589.437590916228,8000,1080p
0.8466846859168649,0.9858232950034558,18310.66077166459,15000,1440p
1.927970749539285,1.295362689960112,10409.85446582008,8000,1080p
1.1272274711361503,1.125073831897424,14897.843354619687,8000,1080p
1.0930955220193386,0.8309611590679562,17439.419706200242,15000,1440p
1.411949409605622,1.190244568027367,12894.66976267535,8000,1080p
0.7252569520034229,0.9469385260990386,20066.094209318268,15000,1440p
0.9290175538042116,1.3635737227722362,14636.028821546948,8000,1080p
1.0313870340841764,0.9977060591073266,16536.66463731498,15000,1440p
1.3703251606355982,1.3001789312213685,12564.83077570105,8000,1080p
2.2242513843799654,1.6024030646286924,8768.607787069117,8000,1080p
1.6824578021969756,1.2987095997885778,11255.467229935384,8000,1080p
2.1149123507622076,2.081492077080916,7995.995757073961,4000,720p
1.4349817082224825,1.4673021863804085,11561.388623076493,8000,1080p
1.0260619968015954,1.0409951878887016,16232.94810057584,15000,1440p
1.5044761455792979,1.5488945209129872,10989.308428297492,8000,1080p
1.3080610556920529,0.9196106744523378,15062.556814789363,15000,1440p
0.8422557527123805,0.5874358800379597,23469.698801727158,15000,1440p
1.335636102211033,0.9693398220620062,14557.389362139498,8000,1080p
1.0930837378439622,1.431651890288302,13290.275475227765,8000,1080p
2.001453605249258,2.000103798735353,8385.343158288237,8000,1080p
0.9799515353456552,1.0716445731081174,16355.281559433733,15000,1440p
1.513848507755476,1.2176570906870616,12284.22596648977,8000,1080p
1.4296570791788297,1.0293293035929911,13645.635549301718,8000,1080p
0.7966885025877177,1.164091514500812,17112.797819014602,15000,1440p
0.9928356198303778,1.388543165187836,14090.338005485912,8000,1080p
1.2005802244540948,1.371264102894746,13046.83632799394,8000,1080p
1.2275801362191405,1.1574701181156581,14068.647794324352,8000,1080p
1.6094083649335096,1.8160447796735444,9795.618443307929,8000,1080p
1.0698062072368741,0.9916989053029073,16276.666885710909,15000,1440p
1.8005410325228735,1.760709615877244,9422.092212204789,8000,1080p
1.3193942990547536,1.053271307886291,14142.082180413108,8000,1080p
1.203909266251256,1.0739709797476387,14730.551379484716,8000,1080p
0.9298305098163973,1.2848248588957663,15151.085118725323,15000,1440p
0.8855376163658529,1.1323194317440635,16628.745842739318,15000,1440p
1.513995983554466,1.585809556935361,10824.68934315724,8000,1080p
1.1141927590663765,0.7792960140133038,17720.95640441803,15000,1440p
1.282942939626053,1.1376527295084402,13862.055703007063,8000,1080p
1.3416825960066772,1.7014393025840497,11026.318733909113,8000,1080p
2.032698598472908,1.5605685455678469,9338.140097834994,8000,1080p
1.1452855960914736,0.8646459009666498,16694.31622376813,15000,1440p
1.0307984034835744,1.0397844392643987,16205.30765891417,15000,1440p
0.8707406949027833,1.2315598049307162,15960.816259453624,15000,1440p
1.0709379554196496,1.0701972908105468,15671.327656241157,15000,1440p
0.9008400603831439,1.2067342703262987,15920.877148235646,15000,1440p
2.2566301854856503,2.001713577517447,7879.690759474177,4000,720p
1.3316620443137372,1.0400571162122914,14147.72564916914,8000,1080p
1.4435506418908615,1.2239088169576897,12579.172248969915,8000,1080p
1.305841481986849,0.8846897904729858,15317.942465309063,15000,1440p
0.7938638759346182,1.1266526024009598,17471.56683033517,15000,1440p
1.4399539988443049,0.9664811541758722,13943.626096837797,8000,1080p
1.717109602218509,1.3479015092511046,10947.572710074548,8000,1080p
1.9774043644232822,1.76365070289755,8969.243006633984,8000,1080p
1.2961945924043914,0.9968352021987219,14633.229833722127,8000,1080p
1.7292556316125924,1.1720714820214193,11565.201263352867,8000,1080p
1.3524636786544253,1.0265589428925121,14104.29295463426,8000,1080p
1.3962802231556244,1.5455903947738687,11405.814992508343,8000,1080p
1.1630862518234322,1.4794784808527375,12697.676459951414,8000,1080p
1.64980134114613,1.283865958606249,11437.708700926043,8000,1080p
3.072177002218525,2.451780132755059,6074.346918363707,4000,720p
0.7953655571199669,0.9150579484044639,19617.616275515295,15000,1440p
1.3291774774570408,0.8998752844654188,15053.224658110283,15000,1440p
1.6506602697674735,1.8918537187066553,9471.926464982836,8000,1080p
1.1890561666982078,1.7248149028316766,11515.414100121312,8000,1080p
1.0121027681447128,1.2257146326222954,14994.267176803287,8000,1080p
0.8958250720204204,1.2384589103949588,15721.634176360303,15000,1440p
0.6930501536211922,0.86476815880552,21539.374477971145,15000,1440p
1.6248516415411838,1.4622511193072922,10869.23066687217,8000,1080p
0.9179211928508468,0.968464083407846,17787.687606716907,15000,1440p
0.8851136278280856,0.8658135083549083,19163.808308521835,15000,1440p
1.3187724151519586,1.9638240383196468,10221.918068702455,8000,1080p
1.096109213411922,0.7830101597255656,17856.46642766263,15000,1440p
1.200530098274565,1.0055424436418257,15210.03111296224,15000,1440p
1.3315417966772858,1.656650320195048,11229.00760313918,8000,1080p
1.1856700137733003,1.0503335550679638,15006.430431320148,15000,1440p
0.8996977506485668,1.2598723278822865,15537.551818103973,15000,1440p
0.9391885936255387,0.8797180640108623,18447.583255098252,15000,1440p
1.1648687801419033,1.0327625529914881,15268.453581865326,15000,1440p
1.6508078268412436,2.4551755449986574,8172.081803868626,8000,1080p
1.0596706542080303,1.3633314730535615,13848.2882959423,8000,1080p
1.2793247904086658,1.497559774852389,12083.481041944411,8000,1080p
1.1867801361894683,0.9416862786320355,15764.604865900092,15000,1440p
0.9521257955215822,1.0366785412067236,16871.660716105896,15000,1440p
0.6933097650931075,1.031011943578755,19459.496352246755,15000,1440p
1.5831891645046932,1.5691957087681982,10644.14192711275,8000,1080p
0.9953735057701696,1.4564126445612202,13685.709088235406,8000,1080p
1.6327380656454196,1.30316738067856,11428.989323213116,8000,1080p
1.4521934946104509,1.0117003665153799,13618.456756358784,8000,1080p
1.1612132374269528,1.0406835077437164,15238.876243217841,15000,1440p
1.6248969910016628,1.435854480692709,10962.808418229699,8000,1080p
0.8413919328038807,0.6862010967541597,21965.557154779563,15000,1440p
1.3473532097979957,1.290685742881368,12719.460402932997,8000,1080p
0.9714789260024281,0.8611049589867401,18309.902359639233,15000,1440p
1.2131030497895943,1.07009252406924,14696.258342551695,8000,1080p
1.8157004896271487,1.927153083825397,8964.933129630332,8000,1080p
1.1602956081807876,1.3410340172396942,13414.638222405169,8000,1080p
1.6004748085965967,1.579854407142358,10550.615902889656,8000,1080p
1.612135525577461,1.3932467884587791,11164.779882841684,8000,1080p
1.4599457608373665,1.9113355337741187,9953.020548487604,8000,1080p
0.7453863805620305,1.0438087673727106,18753.925215330317,15000,1440p
1.4182022543994999,1.0356161804076354,13674.374405226647,8000,1080p
1.0250116318682034,1.1462245195850105,15454.068401330704,15000,1440p
1.2882975315941845,1.4222386009581494,12379.260175515166,8000,1080p
0.9914999392099352,0.961369250549133,17182.119609424386,15000,1440p
1.217915133159387,1.4966333583081657,12360.962460412573,8000,1080p
1.4513600382220946,1.2968661502601653,12209.48702862439,8000,1080p
1.4664650198172222,1.7687321496038815,10371.680686776852,8000,1080p
1.464133441213561,1.1324822536891725,12922.371248802343,8000,1080p
1.0488426829823077,1.1429343405266406,15309.236131274287,15000,1440p
1.2795581495452828,1.4521547471273057,12283.293768123132,8000,1080p
1.1981954255720464,1.1556904923757105,14254.910037974372,8000,1080p
1.093324016585378,1.4522830165126503,13181.308648084592,8000,1080p
1.9247576774183388,1.6313571777437743,9435.699735989081,8000,1080p
0.7676783725006856,0.9752891306435824,19251.323928569338,15000,1440p
0.7845043680568927,0.8429365578110023,20617.91089719943,15000,1440p
1.1144467825067286,1.3505803853647962,13612.195612826945,8000,1080p
0.8912477322861989,0.910371424848315,18624.597694314336,15000,1440p
1.1872945388423943,0.8493007160290893,16475.748885174242,15000,1440p
1.0691010142256816,1.440603910386938,13369.871362538457,8000,1080p
1.4454886273660177,1.6151745053592756,10963.124834363025,8000,1080p
0.7575441548523489,0.7674572705235685,22002.885664010922,15000,1440p
0.9296120566046351,0.8564156388232314,18787.184591760542,15000,1440p
0.9463355926111354,1.2994690325211649,14940.939930615428,8000,1080p
1.2533363631698795,1.2025042461998763,13663.11472820343,8000,1080p
1.0568240480757822,1.4786389467467203,13234.045248745193,8000,1080p
1.230568494428702,1.5735257537324625,11966.228318468227,8000,1080p
1.0610970662825518,0.7997582417973972,18031.725440610335,15000,1440p
1.0499083880730897,1.2170594879134071,14801.458968799197,8000,1080p
1.9413971283358058,1.3930056758258855,10063.100942129871,8000,1080p
1.8398719564839512,1.5275595581635657,9964.399232485144,8000,1080p
1.259851069787001,1.6991503076345644,11339.782487441384,8000,1080p
0.7423546405523885,1.0694188468444525,18520.213610262646,15000,1440p
1.560516588152188,1.3106589884962179,11686.6527679122,8000,1080p
1.9684201657670313,2.0151287010712697,8423.251005988483,8000,1080p
0.9996516387011816,0.8412268364625468,18227.40200002374,15000,1440p
1.1953155211827369,1.7686208354761739,11320.901653173196,8000,1080p
1.213891167883623,1.732124156422654,11389.768316259979,8000,1080p
2.468450331575049,2.093281688793823,7355.634186790024,4000,720p
1.1083752559559599,1.6522394519188934,12154.695801729793,8000,1080p
1.8059765919390611,1.3331708597489924,10689.027042025806,8000,1080p
1.3238344387730616,0.9541494037693301,14729.881473852278,8000,1080p
0.8583820551465734,1.2546890998004692,15879.46147551332,15000,1440p
1.7045140184900889,1.4338567510454785,10691.672356152349,8000,1080p
1.4239431855953233,1.0446731707041945,13592.404471587659,8000,1080p
0.9094359611013878,0.9653228321166518,17897.999530064095,15000,1440p
0.8007283939168885,0.9235665894119667,19459.797960567717,15000,1440p
1.2732478333653516,1.3540402482080383,12771.508474969154,8000,1080p
1.0724053193658587,0.7189035606993015,18731.79571285296,15000,1440p
0.7610866749336218,1.112281209719322,17911.288153750018,15000,1440p
1.5549318020652,1.2700228701755283,11877.865627268608,8000,1080p
1.095282059072229,1.1880183362866177,14695.583668362016,8000,1080p
1.1957161108649959,0.9332537215610963,15760.877157081488,15000,1440p
0.6718505725443031,0.8911085511339849,21468.528185838008,15000,1440p
1.374289284777411,0.9858122594558467,14217.36792723512,8000,1080p
0.7767312983049937,0.9526800272845828,19402.227511468915,15000,1440p
1.0811062975815788,1.2402128133729484,14454.898441861535,8000,1080p
1.054664459045272,1.050714966191024,15937.475021270353,15000,1440p
0.9532384599623922,1.3827311756728344,14364.241507306859,8000,1080p
1.2261488983674784,0.8200689456463124,16398.269665257525,15000,1440p
0.8828945535814955,1.2279895685794266,15895.913777422404,15000,1440p
1.2699275973241568,1.0448505187859118,14495.744437219517,8000,1080p
0.9782525734314776,0.8434787245122931,18418.979812156518,15000,1440p
1.0107183260212371,1.0700894435207575,16125.676043292382,15000,1440p
1.281868480015307,0.9097407971529352,15310.407904165912,15000,1440p
1.767261136632619,1.2548954167042106,11102.810661132631,8000,1080p
0.8652192617254836,0.8811729544038168,19213.57166511539,15000,1440p
1.1484512794971435,0.9151344916062978,16260.255556064318,15000,1440p
1.3606781423423133,1.3467275399149512,12393.573752133232,8000,1080p
0.8043409778436896,0.6123285344949336,23685.433834605992,15000,1440p
0.983779822292415,1.3030064971443533,14673.182061131274,8000,1080p
0.8699342068638327,0.9754509946032324,18182.88776420474,15000,1440p
1.1277548344663735,1.159301029371193,14671.452731240823,8000,1080p
1.0226002296690604,1.3113534622348082,14376.648566933969,8000,1080p
1.7987449317402282,1.5943469971743829,9889.043003539682,8000,1080p
2.008293709860471,1.6354739382435284,9208.718897721083,8000,1080p
1.8370273498514385,1.590943180389643,9788.424872380741,8000,1080p
1.1159458141559222,1.5223484520900588,12718.229512640559,8000,1080p
1.2901177946775746,0.9940160702199965,14690.221320064664,8000,1080p
1.7683924803617956,1.3014043628670686,10930.505734935501,8000,1080p
1.188648511527063,0.812216020631015,16769.966912157266,15000,1440p
1.4242347964063922,1.0733707488191215,13434.64025540122,8000,1080p
1.9147322434011487,1.4232535705711469,10052.299161831757,8000,1080p
2.920097062004258,3.6488552203093176,5108.034060521776,4000,720p
0.9685076554546262,0.8958774358496532,17997.58652678676,15000,1440p
0.8663346666593845,0.8799498471974345,19214.756664074266,15000,1440p
1.555648469038775,1.16328991098699,12341.004947556787,8000,1080p
1.7095609993200294,1.9448786199568386,9181.826899807877,8000,1080p
1.9510667180932888,1.3726616473501108,10095.419453907058,8000,1080p
1.504003531378723,1.1045460054003897,12863.252749047308,8000,1080p
0.7807718781747032,0.7569969972343943,21820.20493233966,15000,1440p
1.4498281603266034,1.076215898594785,13283.391428385306,8000,1080p
1.3455768262472203,1.0009962154193675,14299.334137141926,8000,1080p
1.2545533793157615,1.0487133068318726,14568.192299139275,8000,1080p
2.147723994855526,2.0623284152296035,7970.074652662462,4000,720p
1.2973771995538885,1.8359281339854139,10708.956972954105,8000,1080p
1.2031882122799122,1.5612319935869734,12137.963660078869,8000,1080p
1.5966798345033766,1.5769348558727732,10572.93820253365,8000,1080p
1.1283731303243785,1.6423334740698137,12110.424087048577,8000,1080p
1.1701085225533676,0.9904164150969255,15530.684888318186,15000,1440p
1.853662710241693,1.413831748439215,10269.162633422175,8000,1080p
1.0243198234210542,0.7988080941990048,18404.869826030914,15000,1440p
2.0830408606033792,1.7735230674642883,8700.60308239528,8000,1080p
0.9118595358537439,1.3401180594460285,14899.984826684477,8000,1080p
0.7228753529615783,0.8477707422739837,21363.458071035144,15000,1440p
1.1766411855949626,0.897011101771211,16181.320371034235,15000,1440p
0.9408386874386413,1.3239615578042976,14815.625382626497,8000,1080p
0.9532232556772194,0.7232938708973314,20014.368757781915,15000,1440p
1.7142355068309878,1.2890934855512768,11172.413040698666,8000,1080p
0.7689421261118594,0.7385248641328694,22258.817086636587,15000,1440p
1.7167811022070043,1.9409897778428595,9173.464686651609,8000,1080p
1.374345510152275,1.3343718858915885,12387.572084488005,8000,1080p
1.100517515902896,0.8258635981931435,17418.376745115427,15000,1440p
1.7270694763277246,1.4427979974613296,10585.436860516824,8000,1080p
0.9963310649232117,0.8264449413930451,18408.42313247907,15000,1440p
1.1019971859837172,1.0073414597587105,15907.560442097616,15000,1440p
1.8407402192302642,2.134782554941655,8440.25651619848,8000,1080p
1.522362993974831,1.3745952640798742,11582.642555067967,8000,1080p
1.102195097606057,1.4185915417608812,13311.095622288267,8000,1080p
1.009691129025945,1.2141719108351292,15088.353643440272,15000,1440p
2.055930656050467,1.861514148386127,8565.387306031436,8000,1080p
1.9525997383596245,1.987161468830893,8516.869484058907,8000,1080p
0.7527359977290481,1.0426388848670474,18689.373637376837,15000,1440p
1.5216586541903416,1.2094507285727027,12286.00810050794,8000,1080p
1.8484281716863622,2.1809880053914013,8327.368165860331,8000,1080p
1.0870201373909372,1.221184811442515,14537.024546697266,8000,1080p
1.8516591161039437,1.5529876983783335,9855.481002396546,8000,1080p
1.3815031307479197,1.4474074115901134,11861.255949178227,8000,1080p
0.6910500922767379,1.0129524331593052,19691.53889100818,15000,1440p
1.019090039335298,1.4560278847954713,13556.700338544031,8000,1080p
1.0796644460370481,1.1569611066815473,15002.257288536712,15000,1440p
1.6792240369559632,1.2360816452565713,11509.747401354594,8000,1080p
0.8490640784489695,0.9422441526293802,18731.802499339025,15000,1440p
2.0879842616138715,1.71445974561586,8824.438160352047,8000,1080p
2.1506359033522173,2.4676374536167405,7265.579450676406,4000,720p
0.8937179991264261,1.057036100118688,17200.749193855136,15000,1440p
1.1404725266792735,1.223598304477238,14193.496894331654,8000,1080p
1.6540202223085627,2.0320717673283206,9102.982805186433,8000,1080p
1.8678292860104286,1.303059259116146,10582.028198868966,8000,1080p
2.1453841129537548,1.4576053791227963,9312.941953838783,8000,1080p
2.1371047092227413,1.5301021092282965,9149.86082354984,8000,1080p
0.9423123488300582,1.3622940527450702,14559.72350726205,8000,1080p
1.0694450693822906,1.0497487183197332,15833.583598971003,15000,1440p
0.8729081332371039,0.8154446152187468,19874.064842603846,15000,1440p
1.3486457874780935,1.5355552006706297,11633.874385965564,8000,1080p
1.1391084062094772,1.0917167732955633,15041.264689080126,15000,1440p
1.838049425929908,1.502234260452333,10045.38391059287,8000,1080p
1.1885549216853324,0.813621495153841,16758.97873823338,15000,1440p
1.3475215537711573,1.2405128832233068,12965.218515008411,8000,1080p
1.6034675685096516,2.05953699584946,9160.357681910442,8000,1080p
1.3165638997393512,1.7232762447859484,11038.222539573655,8000,1080p
1.8409771557977508,1.7983794520693035,9219.880219340612,8000,1080p
1.245577976305183,1.0587336630100197,14561.58595370014,8000,1080p
1.3708785073862426,1.0400947338141737,13917.380511155465,8000,1080p
0.938669893537956,1.1796182790547758,15840.352806639246,15000,1440p
1.3028643206448227,1.6280316101119414,11448.523861895079,8000,1080p
1.9475140765349739,2.3071219392028937,7886.5575987892735,4000,720p
1.169424580370241,1.148956371492364,14473.217601724216,8000,1080p
1.4160828084117754,0.9706241942116642,14058.881950368173,8000,1080p
1.3693380843056682,1.1741891030206686,13192.087022773756,8000,1080p
1.5230717465266232,1.3790470453020094,11562.046355399969,8000,1080p
1.2574679564324374,1.0602354813358774,14477.44843158584,8000,1080p
1.8320588841864136,1.8059935574899517,9223.185354782454,8000,1080p
0.989269399143037,0.7606458810127705,19174.889424939705,15000,1440p
0.8949076061975503,1.2071374490526017,15962.755848735547,15000,1440p
1.4823338753396793,1.9922442133454477,9657.124158259425,8000,1080p
1.4892608575810962,1.1605619598182302,12662.89646978437,8000,1080p
0.9386804194710149,0.7730001381792776,19603.20916775605,15000,1440p
2.3628381059141303,1.9032916269355185,7865.309800971906,4000,720p
1.219856587027558,1.0243553399166612,14951.543389081191,8000,1080p
1.1892252671247587,0.8077635730266608,16802.51352704393,15000,1440p
0.9625150890711872,1.2706591505145686,15025.442889858969,15000,1440p
1.2201454096062083,1.3887331271020968,12861.63059255973,8000,1080p
0.8940151681621741,0.7526934585583759,20376.666190681382,15000,1440p
1.4578984236193815,1.4740207314192233,11444.528387604258,8000,1080p
1.6184035483009722,1.4402025283866264,10970.49804999364,8000,1080p
1.345541595407561,0.9148035746008305,14844.826553581384,8000,1080p
1.5659069200495088,1.5364030619300884,10815.950757631503,8000,1080p
1.6083353557928342,1.2196984918390394,11864.932956194165,8000,1080p
0.9364295839837533,0.9541141959520985,17748.56121085889,15000,1440p
1.3421116742875108,1.4785881360679167,11895.782697901452,8000,1080p
0.8794257973013702,0.7760507533139396,20268.74496502439,15000,1440p
0.9542971451261195,1.0837448236218212,16464.05349572559,15000,1440p
2.510821538137862,1.8067752248359263,7771.552982379264,4000,720p
1.0141169758138966,1.1429838977042903,15555.337449413488,15000,1440p
1.005630074668495,0.7293398021113287,19340.066043266655,15000,1440p
1.7783185685156793,1.9673551929476363,8958.18326337405,8000,1080p
0.9121810777355459,0.8939889607473586,18577.670587529014,15000,1440p
1.3175884249695229,1.0196038943150572,14356.726968138886,8000,1080p
0.8493641228974382,1.2041694280944937,16339.850879861193,15000,1440p
1.2910686384264347,1.1807501035699166,13574.794716905473,8000,1080p
0.9474038702926867,0.8834639545670663,18327.064108284452,15000,1440p
0.8144665957891987,1.200626208469172,16651.55665738645,15000,1440p
1.215305467738863,1.5659956094937315,12064.29331749542,8000,1080p
1.8657105844988484,1.9991709087062701,8681.878618786199,8000,1080p
1.219703761973503,1.1979128272810708,13879.137059671597,8000,1080p
0.9036729952069541,1.0193600759791375,17448.70252247105,15000,1440p
1.3942713874179535,1.2752239055688852,12569.579009242865,8000,1080p
1.6018975432318714,1.1194148001793234,12330.239151430575,8000,1080p
1.1360474556417282,1.2433982427613535,14101.785143707797,8000,1080p
1.1234214922659667,0.9025395168837211,16562.229899026075,15000,1440p
1.2436250515379628,1.565169230716194,11946.204893678216,8000,1080p
1.4520684571948126,1.7139544788804588,10598.290877069709,8000,1080p
1.1904801127362734,1.3243603046692123,13342.569082223312,8000,1080p
1.7007051073959378,1.6407146969970274,10041.968374008553,8000,1080p
0.9757527970923284,0.767413075928885,19249.13315440501,15000,1440p
0.8375295176116742,1.152423829779897,16861.918920854663,15000,1440p
1.676055953504193,1.58629234932747,10285.36161233162,8000,1080p
1.7040658516048983,1.2039848402883877,11538.461861596503,8000,1080p
1.2749226068412283,1.2977318463172438,13042.727894842195,8000,1080p
1.1128690852112624,1.2848143934399863,13994.52108619238,8000,1080p
0.5829597144506103,0.7999015127713923,24264.496928160108,15000,1440p
1.2879937039059526,1.6636681705855787,11367.979608362242,8000,1080p
1.0168152454808643,1.402061582223011,13871.90600848065,8000,1080p
1.025274810022218,0.7624572310495497,18769.273710552116,15000,1440p
1.3092420510624778,0.9137648742985365,15094.16440281705,15000,1440p
0.8312134771393798,1.161296769295551,16840.280776491247,15000,1440p
1.8676011094460527,1.3447234389430305,10445.529863047892,8000,1080p
0.8651380380264685,0.7123558984528134,21270.720111221603,15000,1440p
1.1230134047174647,0.7639391307394625,17782.340238820456,15000,1440p
1.4607100652366114,1.5094483329002975,11297.186042686373,8000,1080p
1.0922696883166583,0.8020153171199862,17713.507684270295,15000,1440p
0.7717422243149726,1.003451701690131,18901.840248806446,15000,1440p
0.9906284816021727,1.0733667086953143,16257.03013153037,15000,1440p
0.7968810847823952,0.840573709852552,20491.821887199396,15000,1440p
1.7764498151947188,1.3899260329159842,10597.109632459169,8000,1080p
1.7529951472377125,1.1941542544554715,11385.385478158129,8000,1080p
1.4499546687920337,1.1254862275533313,13028.6165943916,8000,1080p
1.4692613202711946,1.9951331357683688,9685.511400557676,8000,1080p
1.4233967516932087,1.363227453357777,12041.247592402244,8000,1080p
1.6266539648974587,1.2991415509836897,11468.481586586397,8000,1080p
1.0286255173860177,0.7540106440729686,18822.92793417677,15000,1440p
0.8520537720591068,0.7216186422614708,21322.374145121492,15000,1440p
1.8234606735545913,2.4029271896083406,7939.269439149068,4000,720p
1.2231873810232583,1.6498427872561117,11679.108827491158,8000,1080p
0.9847467561247322,0.8516753425233089,18271.633751686226,15000,1440p
1.190306691137852,1.1460220385085647,14362.03372163222,8000,1080p
1.1122177927734964,1.5941884963231074,12398.150320290764,8000,1080p
1.0385062819001,1.5454348420449184,12985.757178852027,8000,1080p
1.4063469906373274,1.3312293207021448,12256.985078740001,8000,1080p
1.2167530216850118,1.2849681256970857,13412.538817570743,8000,1080p
0.9517827818087515,1.2667436531252836,15124.648267262,15000,1440p
0.7995853755449346,1.1747331749410943,16995.44989421272,15000,1440p
0.8218751182689603,0.966320092314676,18764.412185763773,15000,1440p
1.4791192590003486,1.8388264705872075,10113.014116168515,8000,1080p
1.3604811020582352,1.106557016342617,13601.099938313951,8000,1080p
1.6360742779702213,1.3155664200847967,11368.061167509539,8000,1080p
2.3672237027957514,2.2726052078776124,7231.825277611443,4000,720p
1.6065635368836129,1.1912675313502896,11993.015725992647,8000,1080p
1.0281811633203841,1.0963720619787567,15793.641505627837,15000,1440p
1.4535086252074905,1.6472748296887891,10821.27548991401,8000,1080p
1.2167032070933235,1.4000708098125207,12822.823745275418,8000,1080p
1.343439452425889,1.3788314625124467,12325.897402742545,8000,1080p
1.3525867354604184,1.1131264805686696,13608.408221146574,8000,1080p
1.6540174648419683,1.6262315769627589,10229.233077235815,8000,1080p
1.2277859667637756,0.9643623113343178,15306.643412420899,15000,1440p
1.1840115862202076,1.0501457482236034,15018.83125359804,15000,1440p
0.8893956372310917,1.0440414098673063,17354.80969000607,15000,1440p
1.0927772827788471,1.5332372540052035,12777.70230514125,8000,1080p
1.3261315591998695,1.8478843602856225,10571.601671562874,8000,1080p
0.969517189281691,0.8072170452412548,18885.45363060975,15000,1440p
1.8887917952732625,1.7166303075851752,9306.658427981982,8000,1080p
1.4695020868407611,1.6567715014451792,10733.044006681794,8000,1080p
1.1711832037606564,1.4308754042688898,12895.340595502448,8000,1080p
0.7580925883141474,1.097866056183079,18079.299395752318,15000,1440p
0.9074314300624623,0.8094714935679806,19543.58137444844,15000,1440p
1.128797935160061,1.1806748398569504,14529.044188344173,8000,1080p
1.2756282342867786,1.8440357258980873,10755.784093493075,8000,1080p
2.41068442536217,2.400993447386017,6973.5408078835935,4000,720p
1.2860535799987962,1.266750771975593,13144.14556448415,8000,1080p
1.0999146818342218,1.044494168776602,15647.40417408844,15000,1440p
1.4870370744020158,1.0112994064769805,13430.709696955815,8000,1080p
0.8394622100141601,0.8945542418853009,19350.69991016758,15000,1440p
2.097226902490448,1.6252084801612865,9014.107311675341,8000,1080p
1.2365151766722606,0.8323026852077131,16219.13297360477,15000,1440p
1.2495117531985165,1.231278805292137,13525.701266944103,8000,1080p
1.1602666947340328,1.10663945827179,14801.861980703625,8000,1080p
1.6350877614504065,1.1631366132103762,11991.330039095834,8000,1080p
1.413330269487538,1.124529044099684,13221.549287762278,8000,1080p
0.8182280255685077,1.0227838678835584,18226.081058652133,15000,1440p
1.3819844009887137,1.344017844828375,12309.025809310158,8000,1080p
1.468340191679247,1.719818739680042,10524.704922942436,8000,1080p
1.528145871902421,1.5835599552035562,10783.291822674348,8000,1080p
1.7267993780107471,1.6831049141274421,9840.285569704247,8000,1080p
1.7779707128992257,1.4805324433567884,10297.49869524561,8000,1080p
1.1389853998234305,1.4933838641993045,12746.856020010951,8000,1080p
1.7244672139603592,1.6838841975186722,9844.768907041565,8000,1080p
1.1658222795117241,1.3323497295776348,13431.593932649723,8000,1080p
1.3484237364389993,1.148949973795301,13435.887413442808,8000,1080p
1.2951967710183532,1.1841120956818976,13533.784535953399,8000,1080p
2.432477800591569,1.6727685353753663,8173.548979514942,8000,1080p
1.3965652257820966,1.3948940236422758,12020.391129449326,8000,1080p
1.8528162277744955,2.046343490798271,8605.554637880321,8000,1080p
1.148140469002064,1.592226136695896,12244.504779116525,8000,1080p
1.1614488525998372,1.0240616761332324,15353.132166995943,15000,1440p
0.66966737234441,0.85690508789774,21980.241930132477,15000,1440p
0.8679525856483862,0.7256495974755869,21055.71412698652,15000,1440p
1.3658292363144378,1.2632722833401264,12762.699252636197,8000,1080p
0.585532354747298,0.7599603486932996,24938.397595317318,15000,1440p
0.7807624246051165,0.8004953397513744,21220.089953933173,15000,1440p
1.2138168203103932,0.9524225168480662,15489.71594432158,15000,1440p
2.0316945700517013,1.5821897023453975,9284.86621895705,8000,1080p
0.9141809561974455,0.7093211483938217,20667.93255463482,15000,1440p
0.7507380456794676,0.9285217412116423,19981.6801795277,15000,1440p
1.484505622343922,1.6540524898526832,10691.034162982574,8000,1080p
0.687873814599859,0.9766431079667569,20158.660777242483,15000,1440p
1.208636742799748,1.4918482999751934,12425.335252188777,8000,1080p
1.1820139435919832,1.192537963947029,14130.847969028331,8000,1080p
1.241252870642984,1.4107631542925392,12652.424300798028,8000,1080p
0.6558595035318243,0.9132608980264917,21384.23027747049,15000,1440p
1.0513125456467114,1.0941818389217983,15639.487216252159,15000,1440p
1.1401799271079962,0.7834335842611744,17443.437468952357,15000,1440p
0.8727160040978045,0.6600889285177608,21890.86901145536,15000,1440p
1.6569459327664986,1.6461163856579004,10158.582783265763,8000,1080p
1.0108187006910723,0.7191051355584863,19396.479369141107,15000,1440p
1.3068027020468735,0.9675931998210403,14753.118387367143,8000,1080p
1.1374454478705018,1.3025269246932087,13751.972103169317,8000,1080p
1.520884722052325,1.6874863908366173,10458.401107403775,8000,1080p
1.292225638806217,1.619335037583923,11524.551857048027,8000,1080p
1.1539778154763802,0.8916952717749262,16402.636476528034,15000,1440p
2.088071681494205,1.3977319982693501,9626.02460798252,8000,1080p
1.340392788329611,1.1340200627143826,13560.56326083291,8000,1080p
1.072571538630353,1.061911622193452,15720.167118605728,15000,1440p
1.3670726106570499,1.2314289392589106,12912.992875099575,8000,1080p
1.2933522440593603,1.1306578328398715,13842.529913457487,8000,1080p
1.1557729626268598,0.8857522437528087,16435.962629873004,15000,1440p
1.5098331860342296,1.0827650897677266,12942.395400467805,8000,1080p
0.9195475942228678,1.2443266736997964,15506.645879297095,15000,1440p
0.8864854209437091,0.6568530669611709,21741.459999193678,15000,1440p
1.263887627631199,1.3583745148302153,12795.986891113705,8000,1080p
1.469614800792506,1.1704119538507753,12709.88331500218,8000,1080p
1.2802371523691494,1.5647065100593598,11794.41000647344,8000,1080p
1.0868815970862862,0.9327936257365952,16613.776126391887,15000,1440p
1.309498848770003,1.7236366221848691,11062.622267061686,8000,1080p
0.946909597139089,0.817723598989066,19014.96133792733,15000,1440p
1.609368995483987,1.1611241653785813,12111.3570948333,8000,1080p
1.4303050822191121,1.4381022094957476,11697.93149561396,8000,1080p
1.337812190474211,1.542198822395473,11650.799892798286,8000,1080p
1.003967229780173,1.2556771458873826,14849.430450792586,8000,1080p
1.1428617059574075,0.8059802091774688,17217.626396175776,15000,1440p
1.5375822188893282,1.1024809092928065,12709.708204252122,8000,1080p
1.4387285120608568,1.1111560163693401,13159.196671802762,8000,1080p
1.1782480909507185,1.3971604184982924,13028.780434983775,8000,1080p
1.9590671195767129,1.6675194615226585,9252.345490626129,8000,1080p
1.3529318773768555,1.6842704169823999,11047.809381126133,8000,1080p
0.9233548334407602,1.128789066628538,16350.915741760073,15000,1440p
1.0131752965168073,1.1062038565719938,15832.198760234802,15000,1440p
2.012403424948215,1.4395426421096662,9720.439238669418,8000,1080p
1.4007896345414608,2.09167857089639,9607.65568252132,8000,1080p
1.4418103205246802,0.9659556180542264,13935.919377530627,8000,1080p
1.0602325449609216,0.7620868009697259,18413.03615358589,15000,1440p
1.2924555009414809,0.8864433226457249,15399.720095657327,15000,1440p
1.4439388705811542,1.517243245696761,11331.431395437627,8000,1080p
1.8129894093070387,1.451086850000123,10279.916685256097,8000,1080p
1.3978835520475987,1.19055153470074,12963.211699526131,8000,1080p
1.4669292496335349,1.2279118684830064,12451.358180051675,8000,1080p
1.4996916032227874,1.3279728163890525,11866.483083097284,8000,1080p
1.0970374381946364,1.561628573752289,12620.777430944885,8000,1080p
1.2710730224567752,0.93017587253227,15243.361201172567,15000,1440p
0.9146590145553607,0.6565154139905333,21356.274255974422,15000,1440p
1.0359024739869844,1.3856472617608708,13856.594190346983,8000,1080p
1.271603978294285,0.9810421657345274,14895.562753583914,8000,1080p
1.3424696103930505,1.0314114530469956,14134.841259222776,8000,1080p
0.903739425245253,0.6276568839474076,21911.004877430856,15000,1440p
1.1886077521993696,1.613015437356753,11976.782646961252,8000,1080p
1.8135002500178774,1.3019396992690933,10770.367121882604,8000,1080p
0.9512246138529239,1.3851032687589533,14362.03892858057,8000,1080p
1.0329722588290136,0.7415114200838355,18909.405816883802,15000,1440p
2.020096849284967,1.5848520539017548,9307.880056313246,8000,1080p
1.238407062359482,1.4416342998609424,12520.11721647461,8000,1080p
0.8196570221327878,1.211830322793467,16517.175006678695,15000,1440p
1.156676869492015,1.5547830980345598,12375.042376380257,8000,1080p
1.0357308099381406,1.4614586499883142,13436.878754481135,8000,1080p
1.6818624850493054,1.128700307509261,11938.687898680277,8000,1080p
1.90684958844818,1.3102057352575784,10430.169401422761,8000,1080p
1.7569009837167406,1.4261717535420042,10541.522223867558,8000,1080p
0.8416078830685071,0.9482687676340437,18746.78458251826,15000,1440p
1.589236106967577,1.858479769933721,9732.365774339185,8000,1080p
1.3022404832358905,1.1424303594722993,13725.54186592606,8000,1080p
0.8483359156988247,1.0617700994345314,17566.79039496002,15000,1440p
0.9314891233070745,1.2431467735733928,15429.908081685815,15000,1440p
1.4224961165684895,1.5769236917052731,11186.974196623503,8000,1080p
1.8974766621018355,1.3742630562146625,10255.83783824519,8000,1080p
1.2308735978030148,1.0230502420449652,14887.118813323852,8000,1080p
1.681511334680627,1.3994752445986525,10890.807582761112,8000,1080p
1.4406039102477848,1.2706600387892222,12375.93706504228,8000,1080p
1.9248934321120335,2.6232155854602626,7377.66660173656,4000,720p
2.0801864582871383,1.4410029986007262,9529.28901180354,8000,1080p
1.1985232180672165,0.8937490009460429,16037.31660492279,15000,1440p
1.1023159176285504,1.4024735818294372,13396.108538166924,8000,1080p
0.782050093113252,0.7077117567784231,22523.352979162297,15000,1440p
1.126569154229006,1.477180592339192,12886.965056540288,8000,1080p
0.9512016954750351,1.098637810106096,16369.297161383029,15000,1440p
0.9864940018821455,1.4519680129350987,13760.489930172158,8000,1080p
1.5903272263795536,1.0738958055041512,12594.453091367417,8000,1080p
1.3103209189108334,1.1980710851030498,13376.869303644251,8000,1080p
1.5761164677494959,1.514632338998124,10856.408623937694,8000,1080p
1.2518801595849944,1.3539101126837498,12876.87361377156,8000,1080p
0.9471854300423375,0.965315770305315,17544.79003406665,15000,1440p
0.8857325799224612,0.7679432544638772,20290.815952118992,15000,1440p
1.126623114601456,1.6546861877700942,12064.257639878098,8000,1080p
0.8152622739586796,1.1605145231291676,16982.906191355636,15000,1440p
1.1886650887678984,1.537547895638644,12308.074311114147,8000,1080p
1.127635757918599,1.2845355574178983,13910.468044563064,8000,1080p
0.9902015134412211,1.3258660491045005,14487.674082839974,8000,1080p
1.3736625799375395,1.486117692596199,11733.22031845163,8000,1080p
2.2650403167923554,1.9110454687882092,8034.900076971293,8000,1080p
0.8376232278141488,0.887037596178914,19455.67008492272,15000,1440p
2.8396999085407186,2.1994362097224966,6658.766743448249,4000,720p
1.5358510680443476,1.351526681855359,11621.074520355196,8000,1080p
1.1312603292913617,1.5235646516208086,12639.037315548781,8000,1080p
1.1366953340372639,1.0449091419693228,15380.621175393433,15000,1440p
0.6876239177350776,0.9422948512858018,20586.567034967473,15000,1440p
1.359412543950045,0.9210438092258941,14713.911078924844,8000,1080p
0.6569344240812243,0.9469994971296101,20920.08377419267,15000,1440p
1.3122615031022888,1.935294078171992,10332.211769824078,8000,1080p
1.2019801399892656,1.236516946597505,13760.292019445073,8000,1080p
1.1606048105811997,1.1753072258299069,14364.59570265026,8000,1080p
1.2053931361217325,0.8425136021625503,16384.746127702863,15000,1440p
1.3819672145756132,1.8624077111437773,10342.341057441077,8000,1080p
1.1707402900833361,0.9988818148698118,15465.565143071122,15000,1440p
2.124403410109056,1.9067722023693845,8323.73362652145,8000,1080p
1.7828466808424246,1.307198157781891,10858.881910250337,8000,1080p
0.8136884286437013,0.9635199856253488,18880.41477330088,15000,1440p
1.0704466815003952,0.765073629266074,18280.61057302519,15000,1440p
0.7861947597144886,0.6570296679505109,23249.628648738915,15000,1440p
1.0529040523049265,1.0759860314949448,15761.467562528383,15000,1440p
1.1174863211518982,0.8165858590619994,17349.110515766308,15000,1440p
0.7088244421590947,0.8586532702474879,21406.64057575859,15000,1440p
1.081178498391149,1.4333314854486143,13344.32243882403,8000,1080p
1.0903005231687184,1.5167661805188464,12870.569039349451,8000,1080p
1.0071223418195199,0.8073654551991714,18492.50904587613,15000,1440p
0.9330221663935128,0.8969717197068345,18335.816449913564,15000,1440p
0.9518782244621887,0.824979295626095,18884.143281411125,15000,1440p
0.9577689087896564,0.8065863335842776,19017.956925076283,15000,1440p
1.061403094113399,1.570390167398947,12749.645836815513,8000,1080p
0.9233426238547275,1.255726662072045,15398.515419728417,15000,1440p
1.092262285910605,1.1256220558418504,15129.02695975889,15000,1440p
1.3484346425744431,0.9001983837356087,14922.146747556202,8000,1080p
0.7408548202649837,0.9087821060368463,20340.495211405465,15000,1440p
1.5010574890586934,1.4444414283015097,11391.765178468288,8000,1080p
0.8631433442090917,0.6472561326815203,22215.600914452727,15000,1440p
0.6551502489879302,0.8058458312579226,22966.81863400588,15000,1440p
1.0178088854358023,1.2377134448429128,14876.568300635567,8000,1080p
1.7775357463598034,1.4276920256948762,10468.65757639753,8000,1080p
1.4093957203897358,1.9668133414937197,9938.493554448696,8000,1080p
1.036467351976437,0.8348868841523713,17930.561382869255,15000,1440p
1.6017326630414168,1.2520343918051766,11757.943572519007,8000,1080p
1.0978112086545626,1.2459098072193853,14316.734702098458,8000,1080p
1.2790876293195024,1.2291542388554606,13377.670002939047,8000,1080p
1.5210063477282296,1.5624756904203387,10881.993663289593,8000,1080p
0.8380828176435889,0.6565817342697321,22449.47333302777,15000,1440p
1.083857756872408,1.2214374554898835,14555.373134018688,8000,1080p
0.9395115904764614,1.2206294962956687,15533.444646497575,15000,1440p
1.1726838429273647,1.324689094430976,13435.891571521974,8000,1080p
1.4327601552211315,1.072996482535563,13390.938088081837,8000,1080p
0.9541898038769213,0.9337009341918031,17773.50316063605,15000,1440p
1.3981092230339462,1.4396328559572789,11824.341700542462,8000,1080p
0.9471519616416544,1.0242294120671793,17020.771550089667,15000,1440p
1.6403095829170147,2.1152246139980964,8934.662884327468,8000,1080p
1.7758613993595502,1.528251156801565,10155.353799140921,8000,1080p
1.2384748010097064,1.1629089351330142,13972.957130915529,8000,1080p
1.623533075617751,1.3279894119412663,11368.516466140954,8000,1080p
0.7720107560054116,0.605563533085227,24357.62068566907,15000,1440p
1.2977292747938798,0.9460898581130512,14954.160746694983,8000,1080p
2.0841761969668684,1.7119311374969173,8839.168401633113,8000,1080p
0.878708943598944,0.6864776658153194,21437.975381451164,15000,1440p
1.2661278129359916,1.3014233481944888,13068.651759689237,8000,1080p
1.3753252190635783,1.451864000434708,11868.477627385186,8000,1080p
2.108797885887073,1.7604347203796396,8672.11548503296,8000,1080p
0.8885542754925988,0.6352444523670646,22020.252010008404,15000,1440p
1.1080513749173877,1.3457778353284169,13674.314357289271,8000,1080p
1.0920924682705786,0.9842349349170452,16160.472548060818,15000,1440p
1.4513613302631099,1.1387934343091881,12954.605052544306,8000,1080p
1.3410729608529526,1.3097241572790066,12658.242220983744,8000,1080p
1.5703109772570776,1.048567672508835,12812.51882480284,8000,1080p
1.58218029496874,1.566109646565894,10657.986596890087,8000,1080p
1.072970812730825,1.467414328762302,13208.403502265082,8000,1080p
0.6901018718834805,0.7973978580814353,22557.605439559586,15000,1440p
1.379193148504199,1.2915687736184598,12563.617790885579,8000,1080p
0.8896031179517476,0.8986572161962614,18763.72883704683,15000,1440p
0.9625820180142868,1.1194352672311427,16116.308081488662,15000,1440p
1.1680723125781303,1.0774233633619137,14942.995597599149,8000,1080p
1.1866541650193345,1.0375359438639373,15086.134888373868,15000,1440p
1.8679683807219207,1.6027797896060048,9667.780649389404,8000,1080p
0.7491421984708033,1.01147338157346,19058.352306047644,15000,1440p
1.0424883337432478,1.3865315661506212,13813.979869603412,8000,1080p
0.8284924128070709,1.1314763994834593,17119.880576459986,15000,1440p
1.0741666977376008,1.2960507507256784,14156.689303656454,8000,1080p
0.8419375978330236,1.161948932945648,16744.676649411576,15000,1440p
2.279235436674192,2.0565231837549893,7738.999085857452,4000,720p
1.3753752674047497,0.9887874256599007,14192.945391801097,8000,1080p
1.131059474392396,1.341412265254351,13571.209515540942,8000,1080p
1.4130669335570076,1.139359854855108,13146.089890740595,8000,1080p
1.3716150054253364,1.747686316217592,10757.034521540536,8000,1080p
1.1992436405592137,1.139678683599267,14346.107886277296,8000,1080p
0.8643438471366779,0.6799789381082039,21727.602752865754,15000,1440p
1.6728116265788548,1.439231472558049,10782.123168315376,8000,1080p
1.3164884117943076,1.3858827910796716,12416.662804989473,8000,1080p
1.1364904984030262,1.3970813061355076,13243.923831127266,8000,1080p
1.4332326500060901,1.5544547895890104,11230.904396260203,8000,1080p
1.7861897564763702,2.3891192417178657,8036.394914606759,8000,1080p
1.2125625587725715,1.1132542257359965,14426.945502970846,8000,1080p
1.6684782358089303,1.7952783443645928,9687.29505764491,8000,1080p
1.0688839743210683,1.302400018733867,14150.32197673282,8000,1080p
0.9876691977280775,0.7563185326259906,19240.06196602525,15000,1440p
1.2479331699908878,1.2673318888533611,13340.316513369007,8000,1080p
0.8714180340364586,0.9114667329311945,18820.30326450637,15000,1440p
1.107092234368264,1.3401597370411737,13711.065469353818,8000,1080p
1.4318195820915853,1.8419100093375544,10249.604025893868,8000,1080p
0.9743129296387932,0.9598627492144173,17348.18215680114,15000,1440p
1.0947102839067415,1.0356892293097888,15750.300256752633,15000,1440p
1.3668477996301405,1.7168888489065302,10881.095185583577,8000,1080p
1.6553776399582367,1.6854348019984902,10043.794012077804,8000,1080p
0.778108628527218,0.7126811219968049,22507.823110673646,15000,1440p
0.9605831734563626,1.2323399093834324,15301.235261087055,15000,1440p
1.8307063804465054,1.3648901173871877,10500.20927947151,8000,1080p
1.0195962130802154,0.776756922468407,18679.195830697383,15000,1440p
0.8264454014910854,0.7715093374934778,20998.3619569366,15000,1440p
1.0235180484488222,0.9344283953635946,17137.563750040303,15000,1440p
1.0520389646379469,1.0623416418714955,15869.627207465666,15000,1440p
1.2411781149388827,1.5496390761001184,12023.156553478133,8000,1080p
1.4479062225576573,1.466170604528612,11514.601018103715,8000,1080p
1.2995384085806359,1.7174142521468354,11121.961718785833,8000,1080p
0.9350628371853541,0.8343576897832042,18963.514601860523,15000,1440p
1.8631457969622456,1.2601723545802803,10743.200139066312,8000,1080p
1.3125381463791417,1.2440277507476187,13124.806224518097,8000,1080p
1.403937817991609,1.6634318105374768,10939.155062342636,8000,1080p
1.801726247140144,1.787487036682964,9348.687120721608,8000,1080p
1.7568746595520215,2.1548970490968697,8577.809365973853,8000,1080p
0.7981768686991733,0.7042204882182288,22333.92640469397,15000,1440p
0.9954602017421521,0.7988664909092977,18700.291389199097,15000,1440p
1.0408487487986622,1.5584074255455431,12909.243933397913,8000,1080p
1.2718983522197023,1.2751736403463336,13173.727361430309,8000,1080p
1.0726711014291812,1.369745389407948,13738.21054921691,8000,1080p
1.1837037070468535,0.965227512921957,15614.474622639158,15000,1440p
1.0084210455737446,1.228512901940649,15000.189003025576,15000,1440p
1.0325378173504618,0.7656233090200804,18660.414524546635,15000,1440p
1.5207096414502235,1.7567084143081695,10238.068939983159,8000,1080p
0.9928017824079047,1.2482175984210033,14972.843290444409,8000,1080p
1.606701461397252,1.582336198874909,10521.804874871368,8000,1080p
0.7879176521446164,0.6912267073674906,22685.02853302829,15000,1440p
1.253482991427697,1.6587393351617272,11521.93350543275,8000,1080p
1.1035697749252575,1.4685994756024168,13045.188217344714,8000,1080p
1.0509517521659277,1.1341868410772475,15355.74544505144,15000,1440p
1.435582178162518,1.4437577645058217,11653.51527367917,8000,1080p
0.6774919336032712,0.6388138169706936,25491.3662615003,15000,1440p
1.2018560456802059,1.3760702392266706,13016.0556554518,8000,1080p
0.6641281118674611,0.9824297891648033,20378.53146795747,15000,1440p
1.9464998741301553,1.759359095654087,9054.427670773874,8000,1080p
1.4535466204558707,1.0575758234164552,13362.324119988642,8000,1080p
1.0715867034945668,1.0443960649626065,15857.611177271328,15000,1440p
1.1335524084132027,1.241974505769381,14125.048131288399,8000,1080p
0.9066299609152937,0.655556275278621,21479.149683043855,15000,1440p
1.2130692950862787,1.0691202288588688,14702.736844570005,8000,1080p
1.140660741168493,0.9726246411133757,15877.851747485627,15000,1440p
1.532594501692964,1.700236700924581,10379.27126316765,8000,1080p
1.1270900091532063,0.8248571092097643,17190.23619253626,15000,1440p
1.1166569936398474,1.4690171276417068,12977.053729945368,8000,1080p
1.3659142695250326,1.0876578894304592,13675.746962455112,8000,1080p
2.032182431314553,1.5954508329533783,9249.675905916416,8000,1080p
0.8848153562971408,0.635315493470598,22073.384015018702,15000,1440p
0.9606974140567678,0.7179529369832948,19988.934550432292,15000,1440p
1.5811406760283726,1.231644728125733,11929.254165797582,8000,1080p
0.5838066044717841,0.7573754887803944,25018.550552397555,15000,1440p
2.418818720380179,1.7222799527778192,8102.784948712999,8000,1080p
1.13602156216978,1.1902863061307412,14423.899973528918,8000,1080p
0.798450468781672,1.1239479792526517,17454.462697007388,15000,1440p
1.3714776897415255,0.9739834116801485,14306.113190136206,8000,1080p
0.8477944362713096,0.6979300470551412,21707.899669021055,15000,1440p
0.9819646961313738,0.7891034731020775,18945.872656343283,15000,1440p
1.2529034987278413,0.9137729817393441,15486.590777394184,15000,1440p
0.6908393978467594,0.9347310678080533,20641.634865384687,15000,1440p
1.217826639628662,1.043679171668353,14837.207948962076,8000,1080p
2.205032762579666,1.7526632083189866,8478.27429057947,8000,1080p
1.8003773987915483,1.427342580888244,10395.707251943457,8000,1080p
1.3187031765090635,1.2887059002213244,12868.879033771042,8000,1080p
1.2553790690298,1.5077386524357508,12143.685279613353,8000,1080p
1.0058794952996268,0.9402165502077635,17241.91983096683,15000,1440p
1.2859060570545617,1.7455699664258182,11068.67801034982,8000,1080p
1.1856560714006321,1.599913763584597,12045.805342438283,8000,1080p
1.1998851718467858,1.2911523843761863,13470.062671747432,8000,1080p
1.2830997689708283,1.068564631837694,14268.376043989821,8000,1080p
1.1434087873140055,1.1682089426656765,14515.562657626322,8000,1080p
1.4898471048880668,1.0366590721591131,13280.961790173136,8000,1080p
1.6921428087199333,1.4828161445669052,10568.461669484946,8000,1080p
0.8621069571485175,1.1189283619872739,16937.826234535692,15000,1440p
1.3325840164309326,0.965528192435855,14600.86756013793,8000,1080p
1.559822652426371,1.1823166578665882,12236.589101818892,8000,1080p
0.839207191726054,1.2107090574417751,16368.684337041352,15000,1440p
1.0186732104010034,0.8725145845292603,17742.517210585793,15000,1440p
0.8134930480494028,1.1435882552960983,17145.13952110263,15000,1440p
1.2766921780557996,1.0320427413116255,14533.68756998471,8000,1080p
1.0239797380983773,1.242791737210831,14802.741416808622,8000,1080p
1.5307011206199626,1.8123730901545803,10036.99884730525,8000,1080p
1.1439547868583528,1.1624594769696601,14548.310997829538,8000,1080p
1.027115475639357,1.3040679648249696,14393.732993108688,8000,1080p
1.363123964310332,1.7998662622124626,10608.45263404047,8000,1080p
1.297481340149297,1.1146880117143438,13910.479367493772,8000,1080p
0.8294501620150073,0.6339290390473998,22929.417047638526,15000,1440p
1.5674931702485493,1.3295845606935934,11582.164897276658,8000,1080p
0.8337719511541941,0.9440076671476527,18874.348459485398,15000,1440p
1.2678819067561937,0.9038466975412627,15450.564096085429,15000,1440p
0.8331718483377815,1.035752111133647,17953.87759354849,15000,1440p
1.0353885255859692,1.322810936920444,14228.835403234576,8000,1080p
1.7070847122376311,1.9726939011222102,9118.600743581948,8000,1080p
1.1062400036290956,1.3940022212326826,13420.472491162333,8000,1080p
0.9483364523571567,1.3915500294435101,14340.196527046082,8000,1080p
1.6155462017074351,1.103431626720299,12340.825897577495,8000,1080p
1.757667481843151,1.4511794295392442,10456.850366085087,8000,1080p
1.245565492161968,1.7854523134734288,11070.351331362745,8000,1080p
1.4183407090314857,1.5410690052790486,11338.217833692997,8000,1080p
1.1864298746388078,0.8121370745521819,16789.24592122504,15000,1440p
1.0056372906214086,1.1355248972711591,15671.130468180856,15000,1440p
0.9204010268819858,1.2053279250272835,15784.906147071273,15000,1440p
1.7959369274279238,1.2806284751209926,10906.458212199992,8000,1080p
0.8914449265532348,1.0544012739055293,17244.13367926458,15000,1440p
0.6923076786048038,0.8049821602760864,22410.111341621992,15000,1440p
1.6345205503771532,1.1074259685791226,12237.449479055676,8000,1080p
0.7083125724465656,0.7474917562339852,23048.723883388655,15000,1440p
1.1206432038055254,1.3505108064338691,13578.446289047519,8000,1080p
1.1821723038050553,1.6932473088101139,11669.403607316475,8000,1080p
1.1589912893822598,0.8355974266052815,16822.732291146476,15000,1440p
0.8475756968717003,1.1080844619226502,17157.5985986676,15000,1440p
1.4232409397498536,1.2011258879428042,12785.724787377017,8000,1080p
1.3816293540102158,1.93504745997104,10116.88321833266,8000,1080p
0.9633434943376356,1.006062351958695,17037.84522783993,15000,1440p
1.215463286312362,1.2713499747251582,13492.94397199764,8000,1080p
1.3056176789188296,1.7992064014282192,10807.192656225912,8000,1080p
0.9155632135891619,1.0740614501888026,16864.704489682863,15000,1440p
2.09129773716518,1.7367256745277921,8765.471992022196,8000,1080p
1.0370954211501704,0.7499977105226925,18775.983973812465,15000,1440p
1.5558447129915631,1.3542702871853267,11530.276981480254,8000,1080p
0.7048697375969031,0.8066506626613101,22199.12612113465,15000,1440p
1.316286643545443,1.070743718661595,14056.977460888145,8000,1080p
1.186722513237143,1.0024080138567495,15327.74386210039,15000,1440p
1.053121795499998,0.9875346850411948,16442.959567159087,15000,1440p
1.7937858870132173,1.5444918644845664,10051.420072804052,8000,1080p
0.8402298386815031,0.7071941525724613,21684.058273394716,15000,1440p
1.2700631698607083,1.5913825756320799,11726.391126881692,8000,1080p
1.337206649491906,1.2840412684124523,12800.937969585944,8000,1080p
1.1731042154246403,1.3192547579653158,13462.921015090089,8000,1080p
1.2072712827857564,1.4453753942548906,12649.416256760622,8000,1080p
1.0191062040907115,0.8548040274571085,17906.10427068567,15000,1440p
0.9933718046186059,0.9029911459326375,17694.09805767733,15000,1440p
1.1698123215600762,0.9792956422251655,15613.190479691071,15000,1440p
1.1287131813976248,1.30574368093695,13783.128598065301,8000,1080p
0.8327268715820524,0.6754359082702119,22248.548000426654,15000,1440p
1.3879492990753133,1.896234491140644,10216.977533341265,8000,1080p
1.0797434189791457,1.1398014215569963,15117.708544196277,15000,1440p
0.793343735968383,0.7793623992383278,21335.47472655451,15000,1440p
2.714709880421545,2.121545711694741,6938.10146318528,4000,720p
1.2584615246702664,1.0286581659831255,14671.043293940624,8000,1080p
1.0276537981026235,1.2646835174391673,14637.650302381198,8000,1080p
2.152734544503095,2.030717187922012,8020.752753025984,8000,1080p
0.935506990933234,1.1455972278805588,16123.378971921775,15000,1440p
2.265038158699895,2.5283844340443102,7000.098854374175,4000,720p
0.7984086042078531,0.7196347673473018,22103.73736925926,15000,1440p
1.1623015664833234,1.3599542608603399,13303.342046527514,8000,1080p
1.1230344621410198,1.5807976176793415,12409.954098269782,8000,1080p
1.1376445732221214,1.6609703082901468,11989.656819758075,8000,1080p
1.0881059936840687,1.017182087295193,15938.16651657115,15000,1440p
1.159419470864217,1.2539122022447955,13903.779730687816,8000,1080p
1.6760033365757607,1.5266939861439144,10476.928856800667,8000,1080p
1.293583670525171,1.368185973256719,12606.061564488076,8000,1080p
1.2866570449546435,1.1264623121436124,13905.003041519158,8000,1080p
1.4744002392161075,1.472706716897175,11385.549455677854,8000,1080p
1.0352747672215776,0.8799183218003723,17520.13005494687,15000,1440p
0.818666268371772,0.9282214854483837,19208.121372779668,15000,1440p
0.8424385049666899,0.983818529646859,18373.33483952898,15000,1440p
1.4546596138454264,1.4824142741927808,11424.442584388775,8000,1080p
1.13605889518427,1.3236266263523575,13641.756926323533,8000,1080p
1.1376001722267948,0.9213298834661552,16297.023741637973,15000,1440p
0.7497031700845103,0.6499001875925177,23974.243714084467,15000,1440p
1.4195750263772786,1.3594390980319733,12074.221467705862,8000,1080p
1.7501525166377503,1.2424128111811825,11212.597996801436,8000,1080p
1.4964452784520554,1.678625587531357,10568.089159675248,8000,1080p
1.680855386423391,1.632150429117152,10128.093299022878,8000,1080p
1.155686646540508,1.3274332890670428,13513.013011910823,8000,1080p
1.8007601222433884,1.965689234418049,8908.77025617105,8000,1080p
2.0259649579560595,1.3579685674408561,9915.807077228048,8000,1080p
1.9074989510901876,1.4633830612313277,9954.199487656104,8000,1080p
1.497561146943761,1.2316014367275054,12294.772103632835,8000,1080p
1.037732929519446,1.3591424252406932,13999.239440366255,8000,1080p
1.496613297156043,1.4944988368842413,11218.045494896209,8000,1080p
1.168173085162368,0.7938575888117365,17101.889611152357,15000,1440p
1.391440081217047,1.1549916067173611,13177.039917853985,8000,1080p
1.5584999762852796,1.405374029445226,11321.139810641123,8000,1080p
1.430208168818598,1.2989469830419187,12294.805583744594,8000,1080p
1.619534334710529,1.2145077209886985,11839.7791354304,8000,1080p
1.6585132793410917,1.5777708474803465,10368.197193166707,8000,1080p
1.010297240402946,0.9156770984095071,17422.055592230532,15000,1440p
1.2139713184309375,0.8890935250175431,15955.015416918595,15000,1440p
1.4869059471657882,1.2595465722667982,12217.371959859076,8000,1080p
1.7027597931323086,1.2011853436406814,11554.774770052087,8000,1080p
1.0406144014508467,1.2248169318825808,14811.498148843444,8000,1080p
1.1070226405480845,1.2079061665943955,14494.800832090894,8000,1080p
2.4576598484723813,1.891703914819884,7714.790904176031,4000,720p
1.1422608197345674,0.8360220843124224,16961.392089754918,15000,1440p
0.8642761804590755,0.8544593757132459,19522.742681094456,15000,1440p
1.583650589299709,1.9187319264557932,9580.458973014815,8000,1080p
0.6883691755665324,0.8354250937354151,22020.31644033636,15000,1440p
1.490239031030851,2.0017294933113527,9609.030484122357,8000,1080p
1.0108958472975482,1.0315314716564652,16428.703087062215,15000,1440p
0.8898792976448217,0.7193636843002135,20851.06623205151,15000,1440p
1.0195756219337448,1.4240492807421143,13731.416783016355,8000,1080p
0.9987802703410159,0.7630281112221716,19045.449182293247,15000,1440p
0.7743537028049767,1.029831351092225,18598.10994859946,15000,1440p
0.7827913940881753,0.7840285154074537,21415.627792731724,15000,1440p
1.3047279331586688,1.2652730498697848,13056.194227778045,8000,1080p
1.5296099974926352,1.1225083882196285,12651.93596966392,8000,1080p
0.9892992735121805,1.1725114620098553,15521.447575704286,15000,1440p
1.1667165777459942,0.8029562213660695,17035.536062195948,15000,1440p
1.0639573593238663,1.0414266161894978,15937.440576281717,15000,1440p
1.4424398913411525,1.0898855957816067,13250.44200306364,8000,1080p
1.3112536706357962,1.2703766062086304,12997.380880198767,8000,1080p
1.2962122853976785,1.166219231620492,13626.54423812445,8000,1080p
1.001293164569564,1.1201706377266556,15816.641303840075,15000,1440p
1.4358551920160292,1.5349492342790836,11294.729367912547,8000,1080p
1.5830277079297745,1.1346628430382328,12346.6713265233,8000,1080p
1.0243819178408662,1.036504215239271,16281.555521871835,15000,1440p
1.2560696459705587,1.21480972532589,13579.95553720386,8000,1080p
1.4108912697838742,0.9839564865791273,14011.091899619674,8000,1080p
1.0349827339640203,1.2388613742413261,14756.698526040627,8000,1080p
0.8219938621072302,0.9448360821793582,18991.31951465121,15000,1440p
1.4745214027371616,1.1683320515140214,12696.289287635585,8000,1080p
1.7420284833144546,1.5034848769566853,10338.713255888973,8000,1080p
0.9120219381267358,1.027312855472344,17302.031660932873,15000,1440p
1.3791157385616275,1.0541255655496906,13790.014144221892,8000,1080p
1.378218292805113,1.2187306034632073,12920.713244768105,8000,1080p
1.1287722513118144,0.851125513445032,16947.55789782957,15000,1440p
1.3904302505834647,2.0479429297764407,9758.81041408302,8000,1080p
1.6970083894679178,1.5333821729107409,10387.113060190655,8000,1080p
0.9919184955458686,1.3475568848215411,14342.716440439883,8000,1080p
0.5082832735173567,0.740955705738363,26859.898351868025,15000,1440p
1.3752388227382106,1.0991761344058089,13560.551718749983,8000,1080p
1.4678207213940153,1.7170322213559461,10535.6299343063,8000,1080p
1.2022535924806288,0.8417675716625093,16415.89264760189,15000,1440p
1.1450478807457125,1.3750061740446153,13314.965183471739,8000,1080p
1.2168445632579745,0.8353181588601588,16350.765774249567,15000,1440p
1.6898975347070577,1.556029268010074,10337.396386114417,8000,1080p
1.82163703364521,1.839265261960067,9165.618006326024,8000,1080p
0.9880217190266144,0.8534320811723023,18221.70721653478,15000,1440p
0.9170636669785435,1.1104147811073701,16549.834121135944,15000,1440p
1.0090834845000127,0.8730308556634723,17828.051826588486,15000,1440p
1.4707583333056329,1.2563702859728796,12303.941868673997,8000,1080p
0.9153418928584159,1.1744215842789383,16056.569256327646,15000,1440p
1.208130796937911,0.8175432120350332,16564.576457696046,15000,1440p
0.8839550250689061,0.8424759398537747,19435.721834091844,15000,1440p
1.169486642877864,1.0557422387193,15079.09243741085,15000,1440p
1.7092625078800847,2.053077833474318,8918.499911127328,8000,1080p
0.7756665202511346,0.6773329822589207,23093.21644091051,15000,1440p
1.2500554110135953,1.5921082520425704,11805.94644712299,8000,1080p
0.9544908397955091,1.1452354058488665,15980.384142744586,15000,1440p
0.7740533740708894,1.0242374889233927,18659.068280049807,15000,1440p
1.293974704520787,0.8811146363143783,15426.691386900073,15000,1440p
0.7671651348799818,0.5386720179537726,25695.724713594358,15000,1440p
1.0994558070879359,1.2119144697349276,14517.116680293588,8000,1080p
1.178119749574064,1.5332112985817241,12375.630789468989,8000,1080p
0.7833856550123216,0.6427324047319206,23528.509277848705,15000,1440p
1.2185619755425812,0.8813876210722018,15978.684466565917,15000,1440p
0.8882894269199877,1.01586343856663,17621.711264985523,15000,1440p
1.1584259685155271,1.4437817139385172,12894.601851438727,8000,1080p
0.8472591576236925,0.7301096836541277,21272.40701218473,15000,1440p
1.7085925623808582,1.550341704952599,10296.136481284446,8000,1080p
1.625740824123086,1.2956088271703468,11485.934929132402,8000,1080p
0.9335627928902326,1.015739786511504,17213.557481824213,15000,1440p
1.4018711866628835,0.9605488156609485,14203.415128128634,8000,1080p
1.3177657917143302,1.3240475409896488,12701.288007224939,8000,1080p
1.3982943220541304,1.3039473467221288,12417.258007569511,8000,1080p
1.3319702520758376,1.2919311601654786,12787.99265988354,8000,1080p
1.0607685342951345,0.8513775226337774,17548.048632797225,15000,1440p
1.7350896296556932,1.5397230344199686,10246.2141935899,8000,1080p
1.5897151115892707,1.5040025504933965,10845.990379552417,8000,1080p
1.5194853638503407,1.3233364753874912,11803.213109195767,8000,1080p
2.441362823607699,1.6494941499499047,8202.298984513132,8000,1080p
1.612820970054166,1.9210193748537678,9495.174859370787,8000,1080p
1.6032720594107654,2.371094624702473,8442.711673818963,8000,1080p
1.9328952899044156,2.1834519740999863,8151.50662661976,8000,1080p
1.0890382226540762,1.1876172891558887,14738.47572719681,8000,1080p
1.1826157099341512,1.533551985611195,12353.593651463783,8000,1080p
0.8829376786921347,1.2336482543812002,15853.092225401944,15000,1440p
1.6381996771587322,2.206767783782638,8726.844203717867,8000,1080p
1.3236988613412775,1.2121681459497335,13231.936810379173,8000,1080p
0.8812961441627275,1.1505473887055246,16514.279498989217,15000,1440p
1.478420831407201,1.1764671313716144,12638.737479859332,8000,1080p
0.9446566616525477,1.1810862112481115,15784.802775423948,15000,1440p
1.6438767984250398,1.8005414462558467,9741.683389297197,8000,1080p
1.0594757225085263,1.2856764106031666,14307.997987097708,8000,1080p
0.8786080633021439,1.270486349147398,15613.28893026835,15000,1440p
1.06956154305348,1.171827700425082,14970.372548020543,8000,1080p
1.9364190721655166,2.8699077366493584,6981.304712459559,4000,720p
1.1755352674571637,0.8670806947668315,16427.185834514883,15000,1440p
1.5931635547183434,1.1036073727596585,12442.447987742078,8000,1080p
2.1271110650279836,1.69591665553523,8776.926157118398,8000,1080p
1.034780834873881,1.464169629722895,13427.409816790529,8000,1080p
0.9660860794194837,1.4479381446769826,13899.790923829247,8000,1080p
2.0070369032481072,1.6795194904796822,9101.836081251498,8000,1080p
1.2771021252213106,1.2840955679366106,13101.070678627642,8000,1080p
1.36239624679185,1.4778832754666325,11813.778093685227,8000,1080p
1.2837758820491805,1.1019616867620023,14064.594714296356,8000,1080p
1.088305927275857,1.1946376953839106,14697.880257291265,8000,1080p
1.1002280843454462,1.3638447123701707,13617.467813745188,8000,1080p
1.1987244809447404,0.9342848177042842,15731.029405850331,15000,1440p
1.0708717120323632,0.7498187519166177,18429.509389104074,15000,1440p
1.0948881651151785,0.9798502993651148,16172.849047942598,15000,1440p
0.8724661362146613,0.9557073681690691,18354.074117987537,15000,1440p
1.7234680284771047,1.713669663073249,9762.31824593124,8000,1080p
1.1757968063504607,1.2862346791136208,13628.758282786603,8000,1080p
1.4118697827043152,1.774850107430644,10529.457610589978,8000,1080p
1.4460703520049074,1.045304428456712,13468.239408678128,8000,1080p
1.5779883317817869,1.1624141479768917,12244.344488753646,8000,1080p
0.7205135311302869,0.8651296738106548,21161.401187507225,15000,1440p
1.6167526725786743,1.348361059764476,11316.406394126392,8000,1080p
1.2936955302110855,1.6245292337048267,11498.234274105029,8000,1080p
0.9226393330216562,1.3361244631933937,14855.21950379507,8000,1080p
0.9708360608274883,0.7750166898889074,19219.508624785925,15000,1440p
0.8249735789266571,1.082140613686057,17594.348639412616,15000,1440p
0.8450479287246726,1.2424599411565482,16073.918802475819,15000,1440p
1.6849194851408962,1.6925142892016272,9934.889694922873,8000,1080p
0.7467153970385776,1.0027965166870039,19179.310376084217,15000,1440p
1.775877546707056,1.1901421900830345,11312.949669146014,8000,1080p
1.5737071562126397,1.6121668210795008,10532.253390801057,8000,1080p
0.904180337870315,1.2567346942642428,15527.881245221772,15000,1440p
0.9286626070410094,1.3841963482202733,14507.772695637364,8000,1080p
1.3062909136564003,0.9419907530069433,14924.478768622375,8000,1080p
0.9875127866271769,0.7995984274446122,18775.79399412358,15000,1440p
1.178287119772421,1.679845319809191,11739.985010950671,8000,1080p
1.7440264773166958,1.812605974738044,9434.32655815051,8000,1080p
1.839893146694293,1.5666519785688149,9849.988996522801,8000,1080p
0.7190888315810443,1.0086367030514962,19421.15881683516,15000,1440p
0.9735579533089376,1.1055224122339156,16139.074061833513,15000,1440p
0.717430405193131,0.9173080089123625,20525.87234169849,15000,1440p
2.6540045115273867,2.5361899247423296,6464.966276700061,4000,720p
1.9746803678886926,2.8905732922153047,6896.748729701948,4000,720p
1.0915730915508315,0.75413104844573,18179.745752784904,15000,1440p
2.166201907066522,1.5865160200635606,8941.368003552825,8000,1080p
1.2883903589736836,0.908888919146962,15270.899941631194,15000,1440p
1.4207276494669498,2.0182838712680673,9756.999009072362,8000,1080p
1.0170494740712797,1.0034262842762511,16607.193558928357,15000,1440p
1.486575438767726,1.2853379052723048,12105.15186996965,8000,1080p
1.325432640841779,0.9024163431302146,15061.35839610474,15000,1440p
1.000851888007515,1.4640358838554537,13612.965418964885,8000,1080p
1.2215456288408757,1.615912097236508,11825.526664810264,8000,1080p
1.8430574088343237,1.2490975497449863,10851.471691902718,8000,1080p
1.1209139854187176,1.0536689696464272,15430.283734103305,15000,1440p
1.4763085933048938,1.1727467617612735,12666.565059061171,8000,1080p
1.336279186761239,1.9066212872553365,10347.0434164883,8000,1080p
1.0929640766964577,0.7475212027603144,18231.296047042415,15000,1440p
0.9601357308900418,1.361433878977451,14453.33874865599,8000,1080p
1.7006146869310381,1.4210091243791272,10749.03128250966,8000,1080p
1.763646366446885,1.2700880787326783,11060.438085909642,8000,1080p
0.7104238322071451,0.7488025565228201,22994.671874872023,15000,1440p
1.0654858296115375,1.2229509084972143,14662.59977443406,8000,1080p
1.2343543957711625,0.90710959956814,15668.921855808974,15000,1440p
1.2138915513334798,0.963825856390524,15408.074473293906,15000,1440p
0.6858061185705849,0.9839964040625372,20094.85046596277,15000,1440p
1.3221420357286673,1.1471810737259986,13588.514144432997,8000,1080p
1.0961435635272152,1.4668979291242086,13091.646037024746,8000,1080p
1.9782559024338269,2.342064606658746,7766.653406704696,4000,720p
0.7307360686345178,0.8102799368245882,21774.22679656291,15000,1440p
0.921075627013228,1.2752180180854378,15277.75307954898,15000,1440p
0.8617206729364775,0.778365766088349,20458.941188460176,15000,1440p
0.8399871893081059,0.9761144328125386,18476.076223542386,15000,1440p
1.1790745703292425,1.1634990382188146,14323.74712903782,8000,1080p
1.8360168607529714,1.7556210769817149,9342.375980459605,8000,1080p
1.4342044391978763,1.0257467653781986,13640.283570495643,8000,1080p
0.9039600802642239,0.8902994484354115,18700.991391316787,15000,1440p
1.6652239967374962,1.7173082651317686,9919.914845529678,8000,1080p
1.000938134010831,0.7866019881800528,18771.288869798507,15000,1440p
1.0623610267506625,1.421643194425789,13508.202487718905,8000,1080p
1.9289978879952243,1.5855076186799764,9547.411986200934,8000,1080p
1.126220295448675,1.4061087490771202,13250.42338890972,8000,1080p
1.3741233653654068,1.3465479818650077,12333.14418301854,8000,1080p
1.2847977670863222,1.021708913907438,14547.728075750922,8000,1080p
1.1519803045818542,1.6887624244013277,11811.851758927323,8000,1080p
1.16263965675412,1.1943800905995818,14235.957096953722,8000,1080p
1.4636629884922638,1.6066515879428511,10928.662573383417,8000,1080p
1.0067592113782733,1.4990866149623403,13390.461475038499,8000,1080p
1.1759486910625214,1.1258393350672442,14577.550851378151,8000,1080p
1.1399099373064905,1.1120903726540186,14899.834538916386,8000,1080p
0.8874428576714876,0.668641097700973,21563.381515599838,15000,1440p
0.726047572587332,0.7428636943542372,22843.06258325864,15000,1440p
1.1322080095391065,0.8702102414377608,16756.954738916647,15000,1440p
0.8019104871189916,1.017649734154137,18440.95711024188,15000,1440p
1.225455929936195,1.5003070641103395,12310.106224674631,8000,1080p
0.9379493469227883,0.6927052710980647,20577.277143289517,15000,1440p
1.4904217259286958,1.2096595140769195,12427.193486937533,8000,1080p
1.211039686337386,1.315340376234957,13281.62476307508,8000,1080p
1.2258476032973167,1.209563636042578,13777.727333267441,8000,1080p
1.0062232553587676,1.4507262741775715,13656.948014854906,8000,1080p
1.146075978862362,1.6568592693640292,11971.176295004383,8000,1080p
1.576041592827698,1.191428725958044,12124.586042434006,8000,1080p
0.9710452422324513,1.2353466560832684,15207.82959075142,15000,1440p
1.5499443280788567,1.2973251509255677,11784.775641163631,8000,1080p
0.7800050649609473,1.0219034940974288,18621.606424653728,15000,1440p
1.1086236590988483,0.9803109132542536,16062.940622502247,15000,1440p
0.8650315533520954,1.1476946449834409,16671.13590897187,15000,1440p
1.1040862934901516,0.888676541000393,16838.14622555337,15000,1440p
0.6920881213806023,1.0231286239829513,19562.794084597088,15000,1440p
0.9181584078348021,1.1212613189899505,16452.930977696353,15000,1440p
1.3800022407233175,1.5650249030441823,11393.590062832038,8000,1080p
1.582412243311559,1.676578067762986,10295.959422148919,8000,1080p
1.2069078676045462,1.4040982603102328,12851.150229508457,8000,1080p
1.1001242026185372,1.3393294148261727,13754.89648995571,8000,1080p
1.1707430920924085,1.4625364260761746,12742.449773557171,8000,1080p
1.1023464723760912,0.8886196985630908,16853.341101306432,15000,1440p
0.7139265643762768,1.0067307132200884,19500.93864530253,15000,1440p
0.9993514757948911,1.4478876988689653,13711.137165254357,8000,1080p
0.6951080561330397,0.9900628844116351,19911.589496763252,15000,1440p
1.286857201888741,1.117734044373014,13954.31845315276,8000,1080p
1.1128113515136167,1.1277188575409363,14976.112290027602,8000,1080p
1.3618098622741461,1.1243970663853633,13496.234610725494,8000,1080p
1.1929742039706153,1.3759705613623054,13061.562261986406,8000,1080p
0.7543337545858804,1.0343433499269468,18759.35679801696,15000,1440p
0.8925358376049589,1.1062013210969401,16787.81617378459,15000,1440p
1.3312097152267401,0.8958678397953019,15066.575442931937,15000,1440p
1.1520647689971348,1.6846051349749842,11828.810942371038,8000,1080p
1.4169831897684861,1.9613075256368655,9932.369599510295,8000,1080p
1.0551882868984048,0.9025589934244622,17139.307170671324,15000,1440p
1.4325886274487545,1.4463992424542063,11654.94038748103,8000,1080p
1.3465236829517924,1.2930757221956135,12711.941037176504,8000,1080p
1.7384490699549757,1.8360329778339248,9387.215140933793,8000,1080p
1.1525284128545255,0.95829402800985,15896.378279103174,15000,1440p
1.6596613971805665,1.7815390624615741,9750.792606685112,8000,1080p
1.273180773310619,1.0318769899018685,14556.87251552266,8000,1080p
1.3527382891691415,1.5556653143828374,11537.061760967632,8000,1080p
1.0188973311965661,1.0188546548525208,16466.396416110136,15000,1440p
0.8729112370338278,1.2166987868141974,16057.748391831208,15000,1440p
1.413711436762994,1.3799263038985474,12011.017574545729,8000,1080p
1.5571526692883935,1.2851380442352385,11805.418721015363,8000,1080p
1.1832179389180313,1.0337621026146344,15135.198049326056,15000,1440p
0.9475953012609339,1.2543907068512057,15238.258497731194,15000,1440p
1.1099951910259622,0.8620848041369933,17014.741837197813,15000,1440p
1.0983471125966722,1.123958523760775,15098.927641203594,15000,1440p
1.0749291660279647,1.205567361282602,14713.651872810078,8000,1080p
0.9464656960278776,1.039475868046202,16895.981536921172,15000,1440p
1.0219613645203511,0.9652198426714962,16885.441487954136,15000,1440p
0.8442233314585414,0.6061501183720921,23135.02912227075,15000,1440p
2.113516607245131,1.4581035403670155,9394.737013798418,8000,1080p
1.1385664488990197,1.6260035858745936,12137.30582981875,8000,1080p
1.2610273869850035,1.8002835357455402,10960.804977650241,8000,1080p
1.032685075211338,0.8407560459720815,17910.58796595874,15000,1440p
1.0265453419075818,1.3632137383336307,14040.926668061096,8000,1080p
0.9189455682100375,0.7841701545657519,19701.792163196034,15000,1440p
0.7930128687322082,0.811059502176261,20918.278132922635,15000,1440p
1.3126523306619484,1.2597622261101904,13043.944224178253,8000,1080p
1.009072890574957,1.0837811333332579,16032.858296222756,15000,1440p
1.102600001072611,0.9613204112965967,16257.619140208184,15000,1440p
0.7601347601009588,0.9431419096480959,19699.93049041387,15000,1440p
1.1743761410800457,0.8144082975992939,16871.82951928262,15000,1440p
1.1133842651167034,1.4373061344438274,13155.039124223478,8000,1080p
1.5234519694620055,2.0052339538223403,9509.044649904408,8000,1080p
0.8167618132968091,0.9936369563540266,18534.276846902358,15000,1440p
0.7168052099230642,0.7278920969401894,23225.92548667086,15000,1440p
0.9647728255770336,1.3122953823016548,14735.804524388504,8000,1080p
1.453197664989137,1.260118270783777,12366.577573076354,8000,1080p
1.2461686688585658,1.3768265211017505,12792.410801373848,8000,1080p
1.8882061266669263,1.6877392993428784,9383.37362643744,8000,1080p
0.9199537099046815,0.8714913810484892,18730.371457908743,15000,1440p
1.0749813107154496,1.5107792180181163,12976.620080295694,8000,1080p
1.1651486342221837,1.673155187425359,11822.001486973564,8000,1080p
1.3308290255023651,1.530523457763727,11726.773334021147,8000,1080p
1.6600793443739361,1.2656557310951557,11468.718504740255,8000,1080p
1.0135773732158302,0.7185239216481893,19372.095673327363,15000,1440p
0.8892139898785877,1.2885576572257103,15407.69072120857,15000,1440p
1.8123596556287709,1.7546350059313613,9406.919601422662,8000,1080p
1.0247174819455898,1.132670424854721,15553.267863527437,15000,1440p
1.880218408503841,1.5164428256247036,9878.651324676128,8000,1080p
1.0843340367907468,0.7972169707028212,17833.389510230805,15000,1440p
1.1842799054091706,1.3599878839767776,13188.246984055977,8000,1080p
1.1549273287662152,1.3066256530374691,13631.407590265739,8000,1080p
0.7825644154164809,0.9204390407306048,19703.09095902502,15000,1440p
1.758234457079733,1.3980846140940448,10630.874522936529,8000,1080p
0.829508049358923,0.9900832432086765,18440.642212928935,15000,1440p
0.9618661416851126,1.1369022845804282,15987.677144402885,15000,1440p
1.2181412798894218,1.1924342059870743,13919.676938803457,8000,1080p
1.1751266832954375,1.5500652353690663,12312.685858999444,8000,1080p
0.8599128221801892,1.217951108096984,16148.522293047388,15000,1440p
1.0287846446251807,1.4106622130976465,13754.934604856431,8000,1080p
1.9177607229608595,1.5618941005328502,9643.034640519325,8000,1080p
1.3020279379515927,1.606079321320494,11538.23741989449,8000,1080p
1.7526431429792408,2.0308406854652166,8868.66008194241,8000,1080p
0.987510287402833,1.2032886874654047,15316.070705217526,15000,1440p
0.8406384248023475,1.072361904944877,17540.212345093394,15000,1440p
1.2576786758885357,1.4356627322530406,12458.291362012209,8000,1080p
0.6556418572582701,0.9106001935969636,21423.529001585594,15000,1440p
0.7487202169670177,0.7585658482666227,22261.488893151025,15000,1440p
0.9661476323404843,0.8309201519913729,18671.767583032717,15000,1440p
0.9366189707608374,1.2650575728014026,15240.400365854848,15000,1440p
1.577831284776897,1.676665160762325,10310.176262749159,8000,1080p
1.0227549483745135,1.0999828766776454,15807.148487202143,15000,1440p
1.860732400969813,1.5779157643024355,9758.030012745834,8000,1080p
1.2700290991111038,1.874932965203235,10669.264466093171,8000,1080p
1.3951137067683745,1.5039870055420927,11574.082906991685,8000,1080p
1.3958706308140525,1.4040743544929977,11983.961176408731,8000,1080p
1.2903154971651738,1.4132372113983822,12411.236479213325,8000,1080p
1.662878959955045,2.091620958285586,8937.124179169965,8000,1080p
1.074667473480326,0.7868094926291043,18025.703573507144,15000,1440p
1.044626351761792,1.5624340273737911,12870.600262478603,8000,1080p
1.802898060447885,1.5945952674696844,9876.231904351249,8000,1080p
0.8903926527858849,1.0194193340105562,17569.494919908273,15000,1440p
0.8314911999869653,0.7928442260980632,20657.329429102494,15000,1440p
1.1413495205122166,0.8138513465515611,17161.62905062044,15000,1440p
1.6726891381794187,2.0790953834039776,8943.592524295278,8000,1080p
0.8932266527304022,0.8658857584320663,19074.63774746853,15000,1440p
1.4952160230642721,1.050672764025877,13179.849870171036,8000,1080p
1.2824076716840336,1.6799048812682968,11327.107251582429,8000,1080p
1.6121100096580327,1.8608724257632938,9661.561100273555,8000,1080p
1.9224517983130545,1.4047866380771086,10084.769288853362,8000,1080p
0.9783527094194354,0.9891566939290491,17054.26766596086,15000,1440p
1.4323155848850937,1.1858555724691935,12815.981073562589,8000,1080p
1.17979652953591,0.9145846180752331,16021.167894044635,15000,1440p
1.4057061083179112,1.8439219983411348,10325.622163114977,8000,1080p
1.4310903035174167,0.9833249596623803,13897.5397114615,8000,1080p
1.1898686586950487,0.995666738170909,15352.957471252499,15000,1440p
1.3408407300958736,1.8938449578821892,10373.320698424397,8000,1080p
1.201480911953827,0.8806849480726708,16115.158088113587,15000,1440p
0.7200381557388692,1.0796350246986774,18644.736369212358,15000,1440p
2.0292807234311048,1.7453879363207117,8889.37149842609,8000,1080p
1.0402308878228343,1.5352046844905878,13028.643527610846,8000,1080p
1.0050496123547683,0.7243477273777903,19402.3844197592,15000,1440p
0.7756794485733868,0.9362386345883974,19600.489258240374,15000,1440p
0.981338463613982,1.3080823114739117,14656.297507701182,8000,1080p
1.0829806275269274,0.8278873411417977,17559.785683872706,15000,1440p
1.2016829881893831,0.8968272050664376,15989.644514397418,15000,1440p
0.8092606361435473,1.0552691346823762,17996.189991182888,15000,1440p
1.0284409682921372,1.0086452670283126,16471.77788461254,15000,1440p
1.0652605747597381,1.5645003552517138,12759.499016457698,8000,1080p
0.9343192114589915,0.8407057404316487,18903.639616029068,15000,1440p
1.2940016044271634,0.8868996869300918,15385.580325424926,15000,1440p
1.3365019158435836,1.2761123022539886,12843.240218004072,8000,1080p
0.9764505003771484,1.4363728225778907,13906.70907429108,8000,1080p
1.3679700793070557,1.361945577882203,12291.380472372502,8000,1080p
0.9017516870177735,0.7257835485805697,20616.71616446702,15000,1440p
0.9089343174213045,0.8434234244678342,19148.16318489081,15000,1440p
1.431991776679524,1.1190945378008765,13152.997532674346,8000,1080p
1.3887928684377313,1.2782215445244558,12581.271341061829,8000,1080p
0.9149087130808325,0.7031267834642708,20737.760124327815,15000,1440p
1.8193374443918078,1.5540331306041923,9946.856194427966,8000,1080p
0.6835015466575212,0.9678678887754666,20319.15529016804,15000,1440p
1.747208184253297,2.1818280897942657,8540.117641986884,8000,1080p
2.159906894595573,1.789376914744222,8496.33341636425,8000,1080p
1.2634993416341902,1.611146515862306,11672.54460666757,8000,1080p
0.931298962423983,0.8598772851125792,18733.182759735693,15000,1440p
0.740519304719352,1.0716688995487913,18515.97528389776,15000,1440p
1.9276987256348066,1.409081827972965,10055.93009816618,8000,1080p
0.7454837473288568,1.0139496913583463,19071.15737497666,15000,1440p
1.8430895674248506,1.776813115482749,9269.429302184504,8000,1080p
1.131400204246028,0.8255165454257825,17146.581225607744,15000,1440p
1.198598807955058,1.3678453538908872,13074.288737248651,8000,1080p
1.0300068579505908,1.436820643185178,13602.261197652037,8000,1080p
1.2057866915600115,1.0814326275211938,14670.404241548244,8000,1080p
1.318707982243423,1.1048760016199077,13844.963584266772,8000,1080p
1.6741519351497207,1.9782185985090555,9187.028449270376,8000,1080p
1.2520659168877275,1.66579847096627,11499.65438410189,8000,1080p
1.9053786605527852,1.2989988433640445,10471.435390800607,8000,1080p
1.2425027335777428,1.4147772730918022,12627.360276591571,8000,1080p
0.8743587339721782,1.1729608264913,16389.44532547906,15000,1440p
1.3825806604271584,1.1980999836903388,13002.163625509133,8000,1080p
1.1486119042943237,1.1994955919598995,14289.989727270626,8000,1080p
1.1734834482415752,1.050257939443582,15089.179068133044,15000,1440p
1.5923050103086211,1.5660586047827691,10623.99270295199,8000,1080p
0.6658359748045384,0.9240521963644379,21104.900714701762,15000,1440p
1.239333883356637,1.2177448714185468,13656.229754454956,8000,1080p
0.8113270230076146,0.6514376234171595,22939.050435770572,15000,1440p
1.760247701392928,1.3936284628048756,10639.10891014158,8000,1080p
1.1258542959462685,1.414044586790643,13210.932225712406,8000,1080p
0.8565760684906817,1.1681294490659044,16572.499906304143,15000,1440p
0.9005007798811642,1.027522453391528,17403.54131679397,15000,1440p
1.1153149816067276,1.07263143548121,15336.039190877216,15000,1440p
0.7046715747680681,0.7174255004560357,23595.03622121736,15000,1440p
1.298409195824481,1.227630189355755,13283.416005647849,8000,1080p
1.4074488256738433,1.448883048550109,11747.385625179333,8000,1080p
1.3032932298511017,0.9415538128369239,14947.313274325024,8000,1080p
1.1047903376918393,1.3191139444703057,13843.134090290536,8000,1080p
0.9900942115780135,1.0709740282167677,16280.116956894639,15000,1440p
0.929208878389117,1.0213036429168554,17202.879568049895,15000,1440p
0.9420136294608034,0.8796745648072254,18419.415630830546,15000,1440p
0.710077372026109,0.7702596800456479,22666.751435451813,15000,1440p
1.532841287659908,1.2329719907324195,12131.85006455101,8000,1080p
1.3149737970221465,0.9002318423834008,15147.321496077613,15000,1440p
1.258158364888125,1.3017052696310731,13107.898228454776,8000,1080p
0.7100627893853335,1.0596751899125199,18960.112961644627,15000,1440p
0.9545161324454589,1.2530446234573214,15199.77736072679,15000,1440p
0.7082780628223365,1.0561870268290066,19016.772956743695,15000,1440p
1.0046198853866166,0.7791761681542273,18810.68855006955,15000,1440p
1.674106155381978,1.8603258937054097,9493.585258956658,8000,1080p
0.9737586346577546,1.3115794288536722,14682.480695413416,8000,1080p
1.3862289176005769,1.3848901212250029,12108.621654239945,8000,1080p
1.7009529130112921,1.178070274270283,11654.797414703244,8000,1080p
0.9603830574713909,0.9827370391294622,17268.32636783366,15000,1440p
0.9885989796426496,0.6733227314023768,20190.139990951062,15000,1440p
1.7215439940334225,1.2452228665526561,11310.100717982063,8000,1080p
0.5978048202420778,0.8093548026388901,23845.50512563874,15000,1440p
0.8744793942789287,1.1080596778840053,16924.978917763467,15000,1440p
1.4517002615916523,1.2344721226467337,12491.54082473889,8000,1080p
1.522913444644129,1.7065928029414548,10389.957296130231,8000,1080p
1.8507445602803896,2.135395253600416,8417.775985467064,8000,1080p
1.6076071796005043,2.286922619229437,8615.78514820479,8000,1080p
1.573799378509681,1.3003527988364283,11674.549546984314,8000,1080p
0.891265207305239,1.260923028636319,15590.84444364148,15000,1440p
1.0920817049767653,1.0067530743591715,15987.171706110421,15000,1440p
0.7333292823633198,1.0492920520636426,18823.08449471482,15000,1440p
2.062594023919873,1.9205843851877202,8424.034415148797,8000,1080p
2.189443703576367,1.6705149938666817,8692.951046918573,8000,1080p
0.89912668502152,1.2604687029875523,15537.369725045475,15000,1440p
1.176654035026545,1.4279747894737354,12882.615628135689,8000,1080p
1.9525213524649252,1.4835613274441766,9765.315659077112,8000,1080p
1.3429681601457093,1.367986652298798,12377.348322432377,8000,1080p
1.5573413137713716,1.0990162585884358,12631.745194677052,8000,1080p
1.4590073359848785,1.7567802902893999,10434.281084312532,8000,1080p
0.834352197733739,0.865802546180305,19736.104681125682,15000,1440p
1.1229289080961513,1.2516681750418808,14130.57913625405,8000,1080p
0.7951125539404695,0.7048892182952569,22369.59490386982,15000,1440p
1.6385474938316145,1.4735141935617333,10782.058766998633,8000,1080p
1.6882991382710628,1.4526705992026328,10682.825625371375,8000,1080p
0.9061633333601532,0.8894292713477351,18687.107483080064,15000,1440p
1.4209124565083935,1.489431477455011,11529.369985596322,8000,1080p
1.094041433553216,1.4388667611834765,13247.393675667008,8000,1080p
2.2594674105292185,3.002459679760383,6376.833320613961,4000,720p
1.3640286137488726,1.3560298789272058,12335.92295546119,8000,1080p
1.6699074828014933,2.015004729968692,9105.89725413702,8000,1080p
1.0851130035238188,1.0406102733379812,15784.948288065192,15000,1440p
0.6880406990798643,0.9392415551608094,20619.921290579827,15000,1440p
0.8236682360498447,0.7535658047335744,21274.225087947863,15000,1440p
1.129998563035393,1.5783375393015247,12389.316071608391,8000,1080p
0.6418872076484814,0.936360830616578,21260.556760701445,15000,1440p
1.6475794406582476,1.3404373738248938,11229.666391888812,8000,1080p
1.319720642689963,1.1322944958159302,13684.431010669045,8000,1080p
1.0523617500440323,1.0685667410239186,15820.633341157269,15000,1440p
0.8689500249556729,0.8942413632191332,19030.51037172679,15000,1440p
1.0872617591449631,0.965554275479461,16345.562112748694,15000,1440p
1.1372329016584553,0.8305557096354261,17051.847849620863,15000,1440p
1.2817458769049752,0.9829296012924891,14816.441615161199,8000,1080p
0.9791414757384895,1.1075134154744937,16080.489467280637,15000,1440p
0.9457695050148164,1.2183244573776704,15505.071675771564,15000,1440p
1.533618002046529,1.1690008096174427,12415.52521398344,8000,1080p
1.3671389008697867,1.446664602049762,11924.937887519354,8000,1080p
0.802575922211899,0.8972033424780984,19740.464363247538,15000,1440p
2.543863526667928,1.7947864137131946,7733.841739039324,4000,720p
0.7672300425597014,1.0278697061295075,18692.238146933963,15000,1440p
1.2794616125751115,1.456870389913179,12262.558771920656,8000,1080p
1.7289430896914455,1.6477760000836694,9936.992420128936,8000,1080p
1.2592612965420114,0.9873217966191477,14935.762715451436,8000,1080p
0.7989284564427501,1.0420068261898454,18226.83953996259,15000,1440p
0.7330523020702169,0.8525749731781027,21161.613781363063,15000,1440p
1.2721546480131158,1.5201789136751251,12016.627404540106,8000,1080p
1.0960543841959451,1.2516998747466606,14292.139763857751,8000,1080p
1.055318754791278,0.7677336843427633,18405.631829185626,15000,1440p
0.9220711043369622,1.189198956034906,15893.008019111443,15000,1440p
1.4006077285004765,2.0232225046914163,9800.261611896163,8000,1080p
1.3535893300653532,1.1594970024346782,13351.881933407309,8000,1080p
0.9974371708635899,1.393974811045062,14031.221827875632,8000,1080p
0.9934556909014981,1.3577764653107156,14270.99910629646,8000,1080p
1.149902712759957,1.1795199403698875,14404.61307222019,8000,1080p
1.356546586865716,1.296179682596302,12649.036723568524,8000,1080p
0.9154925781660483,0.8865918369406096,18619.789238904246,15000,1440p
1.3220712617867898,0.9123362632352938,15017.149568393243,15000,1440p
1.375677949510344,1.2499576307961637,12779.546503587133,8000,1080p
1.0080698259056062,0.675815576924343,19926.79070892128,15000,1440p
0.9973388302761643,0.9062637032807737,17626.80570575967,15000,1440p
1.2175700721473528,1.4737722663785724,12467.54510553202,8000,1080p
1.0649954701583213,1.446135459855609,13362.278963213543,8000,1080p
1.4877029157810888,1.001463936260321,13480.185939516838,8000,1080p
1.3228483087956748,1.6485540281361217,11292.45662324125,8000,1080p
0.9374498620682838,0.7949678264432816,19368.55772283694,15000,1440p
0.6024337341463967,0.8575910270308288,22982.09790150743,15000,1440p
0.6328312637514224,0.6490215189890058,26176.509854950076,15000,1440p
1.2275223999344431,1.1932596301183855,13860.988549748836,8000,1080p
0.9099424281234566,1.057261763634508,17056.913634376993,15000,1440p
1.4234101240265569,1.683949063094073,10798.375720153717,8000,1080p
1.4385576860967861,1.0331946576259108,13575.159374366687,8000,1080p
1.017291072028499,1.446949713161833,13616.53950444146,8000,1080p
0.6482103227805567,0.641702314752501,26012.949267767814,15000,1440p
0.9958977556414336,1.2192496803348996,15147.719494892573,15000,1440p
1.0736398282868103,1.4664095005550135,13210.149747485291,8000,1080p
1.2129808549900782,0.979885111354085,15301.633804796686,15000,1440p
0.819121328631376,1.1960965056274797,16650.523546175562,15000,1440p
1.08059572995921,0.8845739960865837,17074.572010386288,15000,1440p
0.9424299035271827,1.1518127986920041,16022.227015256487,15000,1440p
1.4115056159687212,1.0975256392977724,13373.461143446799,8000,1080p
1.2806091776736668,0.9392360703582627,15115.662693040738,15000,1440p
1.1127468898263817,1.6624396245620983,12090.874550604327,8000,1080p
1.1633792000418566,0.7972836314570162,17113.820622767944,15000,1440p
1.0732002454313885,1.1254327260656734,15261.497682877281,15000,1440p
0.7761352024976236,1.067665568927454,18198.512832851084,15000,1440p
1.9656122583303977,1.7942384107893004,8924.405502481344,8000,1080p
1.354599765252336,0.9405010142156933,14620.025534468,8000,1080p
1.7731661975371942,2.2133422685226556,8416.997552036866,8000,1080p
0.8541453613592371,1.1471141052907474,16766.657477037978,15000,1440p
0.6418382143495609,0.7843195141688653,23527.854829113643,15000,1440p
1.3438712766874188,1.370991958427255,12359.529410542365,8000,1080p
1.353241170267969,1.5539798678581225,11541.754672230974,8000,1080p
1.2281965741125733,0.9171784644503711,15640.357232121085,15000,1440p
1.52363913819353,1.3025986841984316,11872.472915814813,8000,1080p
1.4006331811442256,1.5917675794271837,11213.21463425663,8000,1080p
1.5859018794146102,1.2370229347311188,11886.406549638912,8000,1080p
1.4786340498855637,1.0839115983487417,13094.179228815034,8000,1080p
1.024567568999927,1.4050268747825654,13810.713177200505,8000,1080p
1.0027155514792723,1.053082848315925,16321.849459238201,15000,1440p
1.642200333034349,2.0328877162246615,9130.23893584411,8000,1080p
1.0731557814576131,0.8618268891482614,17340.947032612734,15000,1440p
1.098815345121817,1.3996650354242628,13429.936156899574,8000,1080p
1.009256413799962,1.223715431809878,15026.804778560052,15000,1440p
1.016033162158051,1.2458464401839382,14834.755999062532,8000,1080p
0.9493629036624575,0.8099524263821521,19072.43768469248,15000,1440p
1.4839574710487533,1.1070047843930888,12950.567662467893,8000,1080p
0.982015641864385,1.1854237379998804,15481.13977799062,15000,1440p
0.6832779997716845,0.9610697200516394,20405.922418650745,15000,1440p
0.9226532704759076,0.939861318496573,18015.661299335887,15000,1440p
0.7118171590546276,0.76454167079538,22727.829658734794,15000,1440p
0.9608423418189381,1.3374654790231135,14599.62486126265,8000,1080p
0.6806343309803112,0.8213867383964738,22339.52151811181,15000,1440p
0.8925359086788102,0.6554195897705065,21676.612818400507,15000,1440p
1.0850409416133928,1.5613107116108047,12679.506126526596,8000,1080p
2.1904534492804397,1.9707419453830703,8063.6521041601645,8000,1080p
1.7120809222114826,1.220268932410983,11442.847430740856,8000,1080p
1.6046251292828555,1.6786646074263252,10219.759658991103,8000,1080p
1.7455486656376757,1.5621678897944793,10144.2887979306,8000,1080p
1.4538509143916114,1.9986278399619448,9718.939459855634,8000,1080p
0.8429455453019032,0.694165342599093,21829.545457075186,15000,1440p
1.2809871696185888,1.3881369474304572,12571.326970398592,8000,1080p
1.3445020426278746,1.9552067934108825,10168.906914914805,8000,1080p
1.0052207495366816,1.201565889233224,15205.109279936423,15000,1440p
0.9854584250873968,1.0737624078963899,16294.72248072589,15000,1440p
0.9957788664818904,1.1326940371891805,15764.556806021443,15000,1440p
1.1924700132189494,0.8693399474938437,16274.260304960319,15000,1440p
0.8839548066196171,1.1190610702562966,16751.955083019388,15000,1440p
1.4608855304452633,1.0571460324011912,13325.65981105857,8000,1080p
1.540092131305299,1.1642145766593468,12407.776048913554,8000,1080p
0.8478190533383997,0.6818564870829392,21935.653093307392,15000,1440p
1.2390797912114728,0.8562092534817791,16014.22585823348,15000,1440p
1.283838495955932,0.8972036491177386,15384.58671043544,15000,1440p
1.4852361212884682,1.282350008880711,12124.078681500278,8000,1080p
1.201135059071291,1.6143404505172747,11917.856108399754,8000,1080p
1.5426859581488812,1.5786493502583867,10750.024808171574,8000,1080p
0.8792803605989336,1.3104987445892888,15323.204025693647,15000,1440p
1.1394613157832072,1.4841038631957584,12789.631555126316,8000,1080p
0.9364615024197017,1.0901293661057467,16557.082399376577,15000,1440p
0.6784028661011865,0.9859562838492133,20160.57171374338,15000,1440p
1.6724965260209037,2.2088331751941155,8645.08675712245,8000,1080p
1.0552392404658046,1.4701008627299268,13287.094264070814,8000,1080p
1.3062119792082012,1.6858033557010328,11214.65909900422,8000,1080p
1.2071008327477233,0.8884064695516294,16012.557896210374,15000,1440p
1.452434099808607,0.9906593364323903,13734.40389231599,8000,1080p
1.1264339671435355,0.958452822506306,16094.12662911807,15000,1440p
0.986655349531311,1.3990075548193341,14065.034896090317,8000,1080p
1.1217223716122562,1.1754158191322213,14607.058528388045,8000,1080p
1.3534205475802263,0.9831796986855932,14360.364830751085,8000,1080p
1.1778883569724812,1.0311734178136271,15189.449377552557,15000,1440p
1.0141667345923238,1.4900512581041014,13399.16576666321,8000,1080p
1.1794374171714785,0.9418630708238205,15817.858992579631,15000,1440p
1.1782274513952737,1.2813714179367808,13642.237528395137,8000,1080p
1.2684375195955064,1.1495103773118995,13877.235337831993,8000,1080p
1.1371292323076114,0.7810168140882066,17493.15807471935,15000,1440p
1.2016751643469905,1.347606796086795,13162.307081281187,8000,1080p
1.2239785365592353,1.3904856595859518,12834.152423840134,8000,1080p
1.0768170830024235,1.160485500534848,14997.717450872917,8000,1080p
2.149707757972562,2.515511355150037,7192.46646006747,4000,720p
1.1825975464340417,1.4818028688355775,12593.614611264997,8000,1080p
1.6680012984879287,1.803543499069449,9665.562150777752,8000,1080p
1.1959863385096179,1.280106523200277,13551.36251910544,8000,1080p
0.7943538354292908,0.9491262938847581,19245.663564402985,15000,1440p
0.8695350426863843,0.6193257920740619,22536.983455138587,15000,1440p
1.3786784437779183,1.6938080718907638,10920.937107090074,8000,1080p
1.0710790637824306,0.9978153748755214,16218.532648657536,15000,1440p
1.2577355558884078,1.0285744099479321,14676.239224512006,8000,1080p
1.920570735379861,2.204510010109705,8134.2485323927285,8000,1080p
1.3926434202768296,1.2862302035011484,12525.574817030247,8000,1080p
1.2095828358281937,1.2853924637153258,13448.803283198482,8000,1080p
1.835104891894006,1.571141980673334,9850.851466531994,8000,1080p
2.108465115167382,1.4601496127996074,9402.64908314036,8000,1080p
0.9749371452427439,0.9746093633285317,17211.403704644294,15000,1440p
0.7417447071527543,0.6032850250420487,24946.98161448542,15000,1440p
1.438949271898784,1.947616174100625,9908.100857651594,8000,1080p
1.6579539932102387,2.0918200814168033,8948.387644750937,8000,1080p
1.132510769331066,1.4514209501153064,12985.804441918186,8000,1080p
1.1725394993640645,1.128941985701746,14579.49247809852,8000,1080p
0.5922062126711772,0.7436703453854697,25117.913625801604,15000,1440p
1.8951945276101987,2.0101242590318233,8591.98284011321,8000,1080p
1.2315310217483264,1.5394873826445699,12109.061400244094,8000,1080p
1.1444337331661825,1.2515460611592049,14004.47202412556,8000,1080p
0.8708911874169455,1.1590475667295035,16529.77555675516,15000,1440p
1.7901637133412984,1.4353968871316674,10402.666747318248,8000,1080p
0.9069885343870983,0.8563613207886238,19028.800156425124,15000,1440p
1.0523390108725155,1.3296374290016717,14086.802639312546,8000,1080p
0.9995618400618237,0.9690113033029698,17045.052206008924,15000,1440p
0.9326538217955828,1.0794412205897914,16676.365327266365,15000,1440p
0.8677363560712144,1.009551078669651,17873.891541085046,15000,1440p
1.3712039244198266,0.9644608483275057,14366.116401426694,8000,1080p
1.0536769212252137,1.21850492939799,14767.494067781963,8000,1080p
0.8773976521647109,0.7254172004864547,20934.68995779436,15000,1440p
1.3526643534210032,1.3580714636716744,12378.3482655967,8000,1080p
1.4727090980115725,1.206375025793237,12524.590662105196,8000,1080p
1.1727123021621648,1.2918079187836926,13614.995614490092,8000,1080p
1.240111597413666,1.232843806820746,13568.555236598746,8000,1080p
0.9045943585537592,1.003106460993187,17588.938294825883,15000,1440p
1.02064770588746,1.129461438798983,15605.920324055618,15000,1440p
1.5036467682565016,1.0970756330004507,12901.966001362869,8000,1080p
1.5666349053761264,1.1281616742952194,12451.563970773726,8000,1080p
0.8437659251455296,1.0338830053273413,17870.450357058806,15000,1440p
1.7464634276598068,1.9251169880636503,9138.961482718432,8000,1080p
1.3077683134073048,1.37277779906883,12517.759662416081,8000,1080p
1.188130444525309,1.3246715277545242,13353.392893733082,8000,1080p
1.334624372000247,0.9708243211748455,14554.404138045866,8000,1080p
1.3600559016809055,1.2393140616030789,12908.678823697763,8000,1080p
0.7805063528947856,0.937399487176534,19532.171797382663,15000,1440p
1.7498583070422697,1.9021649140445327,9187.902148665573,8000,1080p
1.006637421735113,1.1348258042061041,15668.927485435635,15000,1440p
1.4377286067798445,1.1719318827645409,12857.77676231677,8000,1080p
1.2800670284063136,1.1004388730845829,14095.504648396403,8000,1080p
1.037622773533023,1.312565581515883,14277.337358052628,8000,1080p
1.245999780015837,1.1358913342406414,14087.307265711941,8000,1080p
1.1662814385456253,1.1798754673125025,14301.870397592682,8000,1080p
1.9318864700558385,1.5677432781528913,9587.994849219318,8000,1080p
1.5553947825171188,1.5312816992089098,10870.73173967257,8000,1080p
1.0997366357591827,1.2138468284813282,14503.229521920466,8000,1080p
1.4433607994984312,1.981582839973091,9797.075669594824,8000,1080p
2.4186583611942623,1.9837434797289863,7621.846712875974,4000,720p
0.9197326836068892,0.8018062156908464,19490.951969594065,15000,1440p
1.2425892519529513,1.5674218547030165,11941.03180607396,8000,1080p
1.0063152695280986,0.9236229048605316,17386.27301396815,15000,1440p
1.7001220589734882,1.3943866686649637,10843.21776193754,8000,1080p
0.9505135605619541,0.9618957633187244,17545.632925440375,15000,1440p
1.5848056710184866,1.2442905125062163,11860.477630772999,8000,1080p
2.035660069009245,1.365015674244964,9866.989543640157,8000,1080p
1.0544153171738284,0.815263797475561,17946.626101288122,15000,1440p
1.1347758261357643,1.1875160735104322,14448.843405565016,8000,1080p
1.8039519042234173,1.7115090191802247,9544.81723196424,8000,1080p
1.164074691877648,1.1182317142323566,14701.983883570942,8000,1080p
1.2822353436422618,0.8766321202413772,15542.608595174304,15000,1440p
1.1917060279068323,1.4589903734775933,12658.723187791307,8000,1080p
0.7991867263643615,1.092918310729625,17733.916110458118,15000,1440p
1.406332225988234,1.282182343264963,12480.65842147197,8000,1080p
1.4667048459620988,1.381024339600973,11782.873234613913,8000,1080p
0.8820900836756572,0.6890788824332642,21356.34850470553,15000,1440p
1.4692871167350134,1.8956526300739303,9971.77795882393,8000,1080p
0.9592838606355854,1.2291512369795277,15332.614632513687,15000,1440p
1.1384399627541328,0.8147924659431929,17178.924283157914,15000,1440p
1.9502285900161886,1.6853112510472925,9229.559698673123,8000,1080p
1.1396130254266594,0.8760754057884335,16646.636196534,15000,1440p
1.2070846843720358,0.910192414090379,15847.917131096125,15000,1440p
1.2203645345260192,0.9003438094794587,15822.275653720599,15000,1440p
0.9521047985769073,1.0319641983562688,16911.927988323947,15000,1440p
1.1323127117764018,1.2611350792604903,14019.287208042047,8000,1080p
1.5729224078388084,1.3151705782627243,11618.196561355582,8000,1080p
1.342519530028411,1.1055887750039985,13706.269420770494,8000,1080p
0.9400140634301254,1.10599248326062,16399.96316447357,15000,1440p
0.9178168173377327,0.9583084525055204,17884.963514618303,15000,1440p
1.6815351241350605,1.2667252190566451,11381.095322021289,8000,1080p
1.3141074770984678,1.7859706441354772,10823.737560085778,8000,1080p
1.1685859450976752,1.1102931375189475,14724.094953503456,8000,1080p
1.1856792556797158,1.1089299937781665,14623.157301369492,8000,1080p
1.1650687005164797,0.777494088781302,17273.280526561313,15000,1440p
1.6658039617481877,1.5025294919112233,10590.562038615215,8000,1080p
0.848962925809109,1.2355179969157768,16097.260298327317,15000,1440p
1.0834689673698557,0.8946722966153224,16962.606569563686,15000,1440p
1.0359008819385265,1.2593715265638128,14618.932321804105,8000,1080p
1.0322450176181936,0.8211490358592333,18104.316206822594,15000,1440p
1.4040726905725662,1.0687072220546014,13569.518188276854,8000,1080p
1.934039293548248,1.589093042321762,9524.033956480376,8000,1080p
1.0943744406618594,0.8309873223795905,17427.598617620217,15000,1440p
1.1951382258022831,0.8401317812186524,16486.476921612124,15000,1440p
1.4919504400868893,1.0603519054601303,13146.73085598269,8000,1080p
0.9406110712542135,1.3244836387657044,14813.699335205696,8000,1080p
1.2910985357340614,1.4861508940840213,12081.893559772161,8000,1080p
0.6988351153101663,0.8348754165922884,21877.943263764515,15000,1440p
1.0868219373304262,0.7708609556147241,18062.51870404166,15000,1440p
1.2274660623621292,1.4726973447413958,12426.815322260056,8000,1080p
1.0187357998966786,1.123154146949871,15665.805822283886,15000,1440p
1.6590132107785927,1.128431336088564,12037.703866687587,8000,1080p
1.5681984802354505,1.315850368125078,11634.488097895572,8000,1080p
0.9531354445425205,1.118622698427858,16196.114451801506,15000,1440p
1.10674768085768,1.1007349953133412,15200.314984216178,15000,1440p
0.7661747612362552,0.765748038549929,21903.47451234704,15000,1440p
1.267347618815326,1.1720515512391243,13755.203499249787,8000,1080p
1.1825682252429577,1.1522030013060334,14371.614494151776,8000,1080p
1.1385097276595197,0.9472998832809059,16087.006131336871,15000,1440p
1.284659838254457,1.3204600400405293,12880.187310981211,8000,1080p
0.9584427681204205,0.6391567736400211,21003.03056110381,15000,1440p
0.7980626272483359,0.8363939319787511,20529.411938526802,15000,1440p
1.6440150825960138,1.4129237609274365,10976.481283258161,8000,1080p
1.7155851850405788,1.9735961199265484,9095.359979956038,8000,1080p
0.9104399181147718,1.2797235096360302,15320.515161034751,15000,1440p
1.7395187407424035,1.4498957542525057,10520.561705810382,8000,1080p
1.1401550194947632,1.007840303912432,15621.277958266342,15000,1440p
1.5021179171963268,1.5506237825179647,10991.572592971224,8000,1080p
1.2714683732644965,1.6511661431088058,11480.8854175984,8000,1080p
1.023219204382983,1.1072542429134455,15749.753672161736,15000,1440p
1.6951285826187337,1.689999026663351,9912.309334511678,8000,1080p
0.7923769711038324,0.716616270688625,22236.30369619308,15000,1440p
0.8521237926886297,1.1594688416353844,16680.530355628292,15000,1440p
0.9718218596137472,0.8021751142863439,18914.593707694643,15000,1440p
0.7599419448486596,0.5858814589359832,24932.269646701243,15000,1440p
0.9514268916178826,1.0471285280366716,16789.342777294518,15000,1440p
0.9713774349944347,1.2518005461674688,15093.003027343491,15000,1440p
1.1665592431766076,1.4150303860795148,12997.585526274604,8000,1080p
1.0966634345014306,0.9509923455240419,16386.754222715397,15000,1440p
1.370136220085027,1.381562401466714,12194.07959040149,8000,1080p
0.8210587673067488,0.9877503996272087,18550.564986839836,15000,1440p
1.5805615471666559,1.1318226136074077,12370.825816363784,8000,1080p
0.797750909538985,0.9041162854238249,19716.24583828543,15000,1440p
0.8249121696043913,0.6832953242526454,22247.88839511006,15000,1440p
1.229960419557748,0.9920190276301566,15101.144181358588,15000,1440p
1.1043567835847263,1.0870416899106823,15311.880703502873,15000,1440p
0.8302651582035424,0.8063431479744588,20502.420691216106,15000,1440p
1.0129000407412623,1.11782271066762,15747.910880386971,15000,1440p
1.5713481823042514,1.5852959114043779,10629.779919401077,8000,1080p
1.1140778092028814,1.1774390937697234,14642.890897497842,8000,1080p
0.9708119907856183,1.0964085204407672,16231.665571126574,15000,1440p
1.0569087843122602,0.8477296771304821,17617.218532163264,15000,1440p
1.46934470107914,1.9159356759418986,9911.862021167964,8000,1080p
1.2006940656949214,1.4021751041062713,12891.324846174612,8000,1080p
1.127332369587362,1.5520288297406521,12523.29548118241,8000,1080p
0.850277623784516,1.1973708115919106,16386.812999874935,15000,1440p
1.4843230482783392,1.166434206955474,12658.432579500868,8000,1080p
0.8863114454023662,0.8640928668650432,19169.532298817765,15000,1440p
0.9999799955771908,1.224743113345916,15082.520546227555,15000,1440p
1.5344717023386754,1.3882450929089567,11480.56221340359,8000,1080p
0.8360272452609441,1.088188148162219,17437.981275218335,15000,1440p
1.418828351136958,1.8661266573064734,10214.57886447574,8000,1080p
0.752584912572123,1.05699247346974,18542.68972347986,15000,1440p
0.783214943139528,0.8266322053110627,20843.24094513862,15000,1440p
0.7879914247148222,0.8130163923184567,20958.31865591855,15000,1440p
1.8885029145250631,1.3272168032162406,10434.501432098807,8000,1080p
1.9568526856345918,1.711524374372726,9146.941944930019,8000,1080p
1.1471868977685988,1.1076963826204274,14880.784425440854,8000,1080p
0.9562687170141503,0.7659243112547011,19483.548852667765,15000,1440p
1.156198877587056,1.048379020626011,15220.34309932878,15000,1440p
1.1092503420966946,1.5939501690758469,12412.853527260328,8000,1080p
1.3367787087106155,0.9240309418159958,14841.77670251193,8000,1080p
1.1954899979375655,1.6130743162553836,11947.183060909176,8000,1080p
0.8493677002792026,0.7859257119453622,20518.906117498733,15000,1440p
1.843432246924513,1.7189937786821783,9418.983512586927,8000,1080p
1.181069825963625,1.65889195384876,11815.099850469356,8000,1080p
1.0320368689079538,0.7681829694127071,18639.074676180284,15000,1440p
1.3812180943451082,1.6427163161902874,11096.2830024012,8000,1080p
0.8106575015559577,0.6539338663956572,22910.43954938052,15000,1440p
1.8418835931007158,2.1861909334827687,8330.141803125985,8000,1080p
0.9343719978020055,0.6455477397577924,21238.061151020975,15000,1440p
1.2152718082694407,0.8932262775822752,15913.90204485098,15000,1440p
1.3170816529871798,1.324055179807638,12704.541310907061,8000,1080p
1.163767252731263,1.0806944641924523,14949.879406270331,8000,1080p
0.9919558277798122,1.256324966835166,14924.484557431027,8000,1080p
1.1272799275684962,1.0445860988482292,15449.586480875209,15000,1440p
0.7819169482719865,0.7624983529952147,21726.301191440154,15000,1440p
0.8384126647381869,1.023995813809975,18016.687738748547,15000,1440p
1.865027034705466,1.3932038944483165,10298.359057292066,8000,1080p
0.9784791997772363,0.9925003492808803,17024.241583853494,15000,1440p
0.8208663887831972,0.8995064857234413,19504.1624389844,15000,1440p
1.703165893124993,1.2069571386093534,11530.245159429758,8000,1080p
1.0669723238658924,1.2986139702906916,14184.404129701536,8000,1080p
1.31710327639542,0.9104066028990816,15063.65126004621,15000,1440p
1.127485179216279,0.8662010695157563,16830.34731334496,15000,1440p
1.2529468826230272,0.9767203251503322,15049.076329874753,15000,1440p
1.0746391482833018,0.8174387125469806,17734.170825969937,15000,1440p
0.9689570148385,1.0624858027339747,16517.537047927708,15000,1440p
0.9209521588101309,0.6267376812036535,21680.333573619086,15000,1440p
0.8068141833465466,1.0027775188245962,18542.543027657284,15000,1440p
1.9487450405976217,1.4396865350552128,9902.644114492768,8000,1080p
1.5087179696592936,1.1783732244706657,12487.269532683067,8000,1080p
1.581623360593755,2.002369618933013,9362.304053517017,8000,1080p
1.157818180276971,0.8288954013248198,16889.415923228695,15000,1440p
0.7916477305742312,0.8321473039451684,20664.20409391831,15000,1440p
1.2380136693313775,1.1959476444463748,13785.934809259623,8000,1080p
1.2611682101061585,1.3880236450677403,12665.912411918318,8000,1080p
0.8965363943953433,1.0633389201040493,17120.697297302686,15000,1440p
0.866763394824617,1.0169602753994675,17812.82070740685,15000,1440p
1.8793132225798443,1.4633655951012103,10038.18608671413,8000,1080p
1.165816858740309,1.3211570678568827,13492.07228960013,8000,1080p
0.9922622441535524,1.1668588483267142,15540.782829116231,15000,1440p
1.3992802794461205,1.3872338782420903,12041.723135488364,8000,1080p
1.133852494185331,1.0327918782306433,15486.8202771017,15000,1440p
1.969776444800713,1.510921386877545,9640.145057872303,8000,1080p
1.0499550397157236,1.250818517679779,14583.978458959662,8000,1080p
1.1992669792189206,1.258105429775415,13654.597844911892,8000,1080p
1.0579306489112712,0.7079250061525513,19001.797742515515,15000,1440p
1.1916670718786015,1.2894323453050403,13524.017525298714,8000,1080p
2.216680267218343,1.6107917590198468,8766.734745538766,8000,1080p
0.8819196062962916,0.8836142435126827,19005.261215258204,15000,1440p
0.922264952818278,0.7975331732566315,19510.680638186986,15000,1440p
1.2354379757378766,1.6067326326361873,11805.917597323853,8000,1080p
1.2342660423258056,1.2504299686913847,13504.441529756155,8000,1080p
0.8852338835158571,0.6869050476393281,21343.172244545007,15000,1440p
1.042807811646084,0.8235752101186382,17978.320424428883,15000,1440p
1.739306378846766,1.4585245997072516,10492.872270307578,8000,1080p
1.0306453414957857,0.7397184597744864,18953.410579183786,15000,1440p
1.736860289061959,1.235854559066521,11287.470784870176,8000,1080p
1.0625293647492016,0.8272226303720944,17755.99765822513,15000,1440p
1.1889462966595323,1.1593497994361586,14288.8420484061,8000,1080p
0.8685927256555049,0.7778742782157156,20379.65651367799,15000,1440p
1.130867719497773,1.5362129420831028,12580.958830135669,8000,1080p
1.0396585352212449,0.7751906875289358,18488.826277894528,15000,1440p
1.1876085148914322,1.2644835305534818,13684.001814830648,8000,1080p
1.1632013194020159,1.1674812817340325,14396.826055870717,8000,1080p
1.0632826495180434,0.8631280346879513,17418.109375691132,15000,1440p
1.3251152662214103,1.6990070227212744,11095.593628170222,8000,1080p
1.1282111475777634,1.3853652380619332,13349.27881710685,8000,1080p
1.090024722277079,1.0912521130636506,15382.931435550032,15000,1440p
1.3282746711952487,1.0219906432613102,14276.869846823502,8000,1080p
1.7622423778626803,1.7873735511693702,9452.97538405796,8000,1080p
1.0778608262260592,1.3438565473218305,13855.63499957129,8000,1080p
0.8198651265103291,1.117537543952737,17319.286543555772,15000,1440p
1.1629984110831777,1.326267057983448,13479.651896099922,8000,1080p
1.0730403130536732,1.030693967963981,15949.938308638712,15000,1440p
1.5271441656902245,1.4497095513547125,11271.777248533668,8000,1080p
0.6190805131742131,0.872432176415845,22496.91352557143,15000,1440p
1.2629161828713977,1.275711346708455,13217.548304753993,8000,1080p
0.8709158522958388,0.6059583531885161,22719.89846893934,15000,1440p
1.3315560709234,1.3389959381429857,12564.605327319761,8000,1080p
0.8813168670634831,0.8092121592325535,19848.48025562628,15000,1440p
0.8150586690613463,0.8858679853351777,19727.148089113143,15000,1440p
1.1230585507794915,1.0043828217937485,15772.200556302214,15000,1440p
2.500246634677311,2.372206802930321,6886.557753638623,4000,720p
1.5167293982066072,1.0609521131296147,13017.29164461672,8000,1080p
1.2280731572660049,1.5781763556815038,11957.037977266864,8000,1080p
0.8052731023582892,1.0115356641518285,18468.884903310016,15000,1440p
1.3362365300714703,1.3866461342195806,12323.128146521314,8000,1080p
1.1166033341502013,1.1897296314001924,14548.823826048212,8000,1080p
1.0815132371586014,0.9584836616230659,16448.27598514462,15000,1440p
0.9344513345182689,0.8459452085019138,18846.605904480024,15000,1440p
1.6506067195574499,1.2562169404567003,11543.332490914381,8000,1080p
1.1653527457688093,1.6086408322499475,12096.074145912502,8000,1080p
0.9221065830594005,0.6212874131001177,21740.6780663231,15000,1440p
0.9393285004609019,1.2835914132028359,15094.755233307878,15000,1440p
1.2544985008131522,1.709561507789195,11320.429378156225,8000,1080p
0.847625084417114,1.0332898992364608,17839.41979919919,15000,1440p
1.1863143759811172,1.089697266702197,14742.64514764997,8000,1080p
1.3825015291664904,1.6281924075200707,11145.082398155871,8000,1080p
1.9356644136137569,1.5283014570602156,9686.709757758505,8000,1080p
1.268119242208958,1.5195415219794646,12036.770194944711,8000,1080p
1.3266420631624365,1.078239181690104,13952.63573692906,8000,1080p
1.3299421244658647,0.8904608091424842,15111.866180734645,15000,1440p
0.7692452409549518,1.1506495014479552,17477.224797232295,15000,1440p
1.333279957049799,1.6961481446504374,11076.160540389754,8000,1080p
1.4266356011164134,1.0754885364731204,13410.378604286703,8000,1080p
1.1703170898811401,0.8436767957952425,16660.642437219234,15000,1440p
2.4674537373982024,1.7723333984487852,7914.178453984291,4000,720p
1.0058895590504928,1.2573867246928891,14825.60138194976,8000,1080p
0.8180759800121036,0.8362799645262495,20282.474343429967,15000,1440p
1.0836550718917786,0.9961841095564474,16133.185824798004,15000,1440p
1.2035222714803773,1.3892887542675325,12941.33342800062,8000,1080p
1.8051979984497957,1.4016258109855817,10463.447321699878,8000,1080p
1.8707292120270889,1.352406955949849,10410.491599261557,8000,1080p
0.7612157533610473,1.0138084106260323,18903.648007038762,15000,1440p
1.2046020350778794,1.2614406540429244,13606.590083792451,8000,1080p
1.0258180853189043,1.1722784553458794,15265.222149820558,15000,1440p
1.1360859142601387,1.3558341659508746,13465.29219233975,8000,1080p
1.6718384998370563,1.5333599772944604,10468.753257997752,8000,1080p
0.9231847336976093,1.1282124282014627,16356.86771104681,15000,1440p
1.385226880252839,1.464292255463378,11775.471720622858,8000,1080p
0.8022004122786025,0.8661569565719701,20112.25689800356,15000,1440p
1.5594891241950326,1.118988365336735,12527.427290742602,8000,1080p
1.1732166822889374,0.8653289504780068,16459.98571759031,15000,1440p
1.1424298545814215,1.3732261650367237,13338.243280610865,8000,1080p
0.8847798124981536,1.1424814676988775,16551.607001904962,15000,1440p
1.921812675787192,1.6059655797880668,9511.49124720948,8000,1080p
1.120541522384938,1.5741773542747384,12451.92301528442,8000,1080p
1.7783840643741848,2.0285231020203307,8814.092525344944,8000,1080p
1.1709506703801096,0.7901631197875134,17109.885294892545,15000,1440p
1.1270705408488564,0.7830460231836283,17566.69337978127,15000,1440p
1.5412945833461338,1.163384355104963,12406.068433104227,8000,1080p
0.7126299110247631,1.058026488989379,18950.27855191555,15000,1440p
1.8594950112538065,1.5564735245519887,9822.816471605709,8000,1080p
0.6704456990318435,0.9153731680789101,21159.057125568022,15000,1440p
1.6290941175883962,1.274192184537554,11557.39686279977,8000,1080p
1.1634258855929172,1.4039710074439238,13069.437020432862,8000,1080p
2.7495429300246066,2.3683237129773618,6556.331835234788,4000,720p
0.8931080282646342,1.0197307470920005,17541.69375500244,15000,1440p
1.2597959494034108,0.8760013807110185,15710.494402669872,15000,1440p
0.8606888312046105,0.747371081748628,20866.40661191319,15000,1440p
1.6815076338314836,1.9263978332620177,9300.252544319343,8000,1080p
1.3148886080773712,1.658244829057015,11285.881615976503,8000,1080p
1.30647106884605,1.3299126828304555,12727.4460626843,8000,1080p
1.430708338175536,1.5168216205338547,11383.915505541523,8000,1080p
0.9468326415982337,0.6431910980193724,21103.10127072046,15000,1440p
1.1574066244546923,1.4982745704988316,12634.96238319646,8000,1080p
1.516262465541659,1.159589775788645,12539.717807182942,8000,1080p
1.0485281402282225,1.520956704886876,13058.81685342143,8000,1080p
1.2280552865899497,1.6798967267049523,11538.853408375404,8000,1080p
0.8900293838134938,1.3304076259939424,15111.634264693666,15000,1440p
1.4417771767735068,1.7183765264117061,10617.974678313745,8000,1080p
1.3860571990202701,1.7641504256125113,10651.498567149658,8000,1080p
1.2347972060163226,1.7557595606931882,11220.128764490806,8000,1080p
0.9491021297650055,1.3015253217446576,14908.923277147689,8000,1080p
0.9063113354263457,1.0598238241367286,17066.187864448068,15000,1440p
1.4657954048129298,1.6763508979171364,10678.825480164975,8000,1080p
1.395324117025274,0.9621336077248488,14233.312287097993,8000,1080p
1.2354182796949449,1.7327197314554132,11304.875943755507,8000,1080p
1.8105778751319455,1.570087574950318,9925.392646936863,8000,1080p
1.096721582807237,1.122921620311445,15117.038609112837,15000,1440p
0.6307530679979283,0.9313483851116968,21480.31546427684,15000,1440p
1.0767013293387429,1.138296457879611,15148.742898808237,15000,1440p
1.6644067269011262,1.7847597950549294,9728.272551181715,8000,1080p
0.7400459415823726,1.0424207256452798,18824.71780086001,15000,1440p
1.5900590314971745,1.3724137772331153,11326.494508613352,8000,1080p
1.68110119864101,1.304375156559294,11239.222156810127,8000,1080p
1.0258544231567868,1.4636820227081007,13478.18468604218,8000,1080p
1.813162431424611,2.2315716405232715,8295.831420096476,8000,1080p
1.1501914863546443,1.1230527953541587,14760.592282135669,8000,1080p
1.3288046115355583,1.9419446708213621,10258.943472371715,8000,1080p
0.9229133276167437,0.9587682348413168,17832.15219272675,15000,1440p
1.271377769363733,1.643511748797211,11511.390668820302,8000,1080p
0.899118261653646,1.1088637269811992,16710.52439210994,15000,1440p
1.077674388504877,1.226310029695495,14563.654048584738,8000,1080p
1.050654818662689,1.271196494443911,14451.585168519989,8000,1080p
0.9673008759878913,1.3833521915881613,14274.51479881745,8000,1080p
1.182639622739124,1.5326111810184397,12357.765239794759,8000,1080p
0.8961629748435799,0.9873339100445288,17814.96548744934,15000,1440p
1.1355144980800607,0.7726038686293135,17585.08936626712,15000,1440p
1.6990344729845233,1.3123521387520056,11142.518821470981,8000,1080p
1.7385459691485041,1.2081831492155992,11387.0093422866,8000,1080p
1.426571502159324,1.2165236008668003,12695.128511109177,8000,1080p
2.0690207980628688,2.7362236507981064,6982.877220315747,4000,720p
1.6895516706619507,1.4200053425356027,10790.743458823425,8000,1080p
1.20109900535131,1.1657151974476194,14177.045228273284,8000,1080p
2.0092458823942976,1.8231398768725504,8755.494385935488,8000,1080p
1.6795860168200971,1.833327298929061,9551.739250031633,8000,1080p
0.8174247354471385,1.1867587937747166,16742.195268428266,15000,1440p
1.4333307851918065,1.4296022608972607,11720.299238516005,8000,1080p
1.4276741735792362,1.367583668113628,12004.056119445055,8000,1080p
1.5483520708069456,1.8379965943607446,9908.73513561794,8000,1080p
1.2310562627291328,1.3942636816927982,12781.082957638653,8000,1080p
1.3329035118175925,1.7882690263033936,10750.585425886293,8000,1080p
0.878162037118164,0.8091722182403283,19886.061041812372,15000,1440p
1.1335807588361104,1.5312494325456758,12591.583549494808,8000,1080p
1.6820055825732303,1.4057710827784295,10866.858466973537,8000,1080p
1.0781263317597178,1.0834305436778517,15523.270463659435,15000,1440p
0.8696404847877477,1.232401727027241,15962.777441575608,15000,1440p
1.3297964028076399,1.1193603142032493,13700.402169834204,8000,1080p
1.0142222555788303,0.6908650565293657,19679.01101704451,15000,1440p
1.4259021924726705,1.0797232465184643,13391.639260140319,8000,1080p
1.4367384929515143,1.539369630765795,11274.601125072304,8000,1080p
1.2863690286310074,1.1078236447278442,14014.925520979874,8000,1080p
1.2789882931655663,1.3514185033211954,12756.36606657805,8000,1080p
1.3646141380514123,0.967937628454669,14385.289313540521,8000,1080p
1.6594356459108672,1.3272006865359147,11234.856964493816,8000,1080p
1.8672484828819842,1.4141141338693601,10225.76164813506,8000,1080p
1.2870158389019448,1.821798496761016,10793.321304227855,8000,1080p
0.8024430494887442,0.8238362419727763,20632.638056803255,15000,1440p
1.5630142159122262,1.3277007157418872,11607.658587351474,8000,1080p
1.0855697527863977,1.608248782697967,12456.084757753259,8000,1080p
1.7325404783805296,1.8254566874117915,9430.707905729276,8000,1080p
1.3056671573118963,1.4703255706432838,12087.363076313417,8000,1080p
0.8300541443437365,1.1774201359476875,16714.7506343787,15000,1440p
1.2674711957423064,1.3640987208733497,12750.727916495127,8000,1080p
1.1725678844051461,1.1671533280203727,14341.209466240265,8000,1080p
1.2273980763254684,1.4113728284419838,12715.93223169825,8000,1080p
0.7370239761961528,1.0286630742281984,19003.612215389923,15000,1440p
1.3851637409623498,0.9619884472419302,14295.805857255154,8000,1080p
1.436754915807992,1.086193493254213,13299.69010839678,8000,1080p
1.605327818195051,1.8770815476058849,9635.407120576318,8000,1080p
0.8654007611700318,0.7120039457501128,21271.923338883935,15000,1440p
1.5163070143361053,1.5649248412340844,10889.940638300544,8000,1080p
1.767235006780824,1.4803436213416565,10332.13844599008,8000,1080p
1.286590238736938,1.1595347747427327,13717.382314924302,8000,1080p
1.0786473661904419,1.0284724002941805,15924.31172338152,15000,1440p
1.2918679752755173,1.0676736442749826,14220.741741521908,8000,1080p
1.4807243339648577,1.3954916926060867,11666.172391092596,8000,1080p
1.5942768884520448,1.3777782765360287,11289.976173822011,8000,1080p
1.7047591203736623,1.568325818685179,10251.622742686417,8000,1080p
1.3250212348634314,1.1903303484985956,13339.857625450133,8000,1080p
0.9952105897720891,0.8864387360461705,17832.45769527668,15000,1440p
1.0426769307719967,1.0701449993829397,15881.334589110122,15000,1440p
0.7420968310377888,1.1032189186744383,18183.572109668894,15000,1440p
2.055569910311613,1.541956496479354,9327.08428120502,8000,1080p
1.3097210555789018,0.9419647427442552,14901.915722428133,8000,1080p
1.5512691960324116,1.8145419093401438,9969.19641344101,8000,1080p
0.9386669911922199,0.8607585883061128,18647.301884724093,15000,1440p
1.0778594538194834,1.381676902153747,13642.584269392766,8000,1080p
0.9547332519715307,0.8027322503053743,19092.512459862322,15000,1440p
0.8106763061399879,0.7244248625535122,21858.124196829085,15000,1440p
1.5031658412021096,1.5315150734926826,11056.988508254643,8000,1080p
1.224041189660751,1.092467887122625,14484.912809662941,8000,1080p
0.9246481680937719,1.2565820968788561,15383.259868907544,15000,1440p
1.096806547788649,1.2608317085467555,14232.22239876415,8000,1080p
1.0432546969232679,1.2002814140737563,14956.04721293675,8000,1080p
0.7549172691741045,0.6873241490653154,23265.47523573462,15000,1440p
1.3353175709708274,1.3384944201521312,12549.286229323729,8000,1080p
1.7570029776527722,1.657944556348981,9825.753299547698,8000,1080p
1.2024280985925697,1.2088094015242448,13915.855239632938,8000,1080p
1.0048830817169734,1.31585290299644,14458.530492490994,8000,1080p
1.3239991319385789,1.7882170961411705,10781.523371434647,8000,1080p
1.2293033875534936,1.0635214001907634,14634.53822523079,8000,1080p
1.718657666891892,1.1948044847838866,11517.030341616075,8000,1080p
1.7994036570331693,1.4095643228660648,10456.455848167627,8000,1080p
1.0338368987280477,1.4173388100139979,13689.11738164225,8000,1080p
0.9875118459725729,1.2833040504125126,14776.37709574578,8000,1080p
1.6428764097549857,1.8270615004834325,9670.038158606269,8000,1080p
1.252878621273303,0.9038322902113132,15558.150061429475,15000,1440p
1.449499746226205,1.6530387125139046,10815.15425069893,8000,1080p
2.1489946417106336,2.1571836961189015,7792.1603258337445,4000,720p
1.4352873375279658,1.0649489391819817,13420.504418948023,8000,1080p
1.3214640192280427,1.6337281455221497,11354.399351839244,8000,1080p
0.963013980935458,0.7207795803299634,19927.877604415375,15000,1440p
1.4110516833987743,1.0168648256111485,13820.257770594888,8000,1080p
1.6649049666231077,1.5462673436318828,10449.277945267138,8000,1080p
1.7355502842490158,1.6757100666886733,9836.373817312578,8000,1080p
1.2124931633565483,1.375796651577246,12963.939280060215,8000,1080p
0.9659361018359492,1.21138544233242,15410.875848755797,15000,1440p
0.9462797859781987,0.9652291367548701,17553.897656948415,15000,1440p
1.0885777222957649,1.3362798474029294,13837.69192025962,8000,1080p
1.2462889339054075,1.292871594232123,13214.773791640544,8000,1080p
1.2984580440061482,0.9416261646266193,14979.094031683704,8000,1080p
1.0708292031712,0.8774102266256454,17222.950879040018,15000,1440p
1.3784691947066914,1.2477768805645708,12776.5757809021,8000,1080p
1.7944896504287189,1.6672183628598698,9693.0277976055,8000,1080p
1.4617974683486736,1.0744401094155804,13230.003487914144,8000,1080p
1.516366212719508,1.127906039311932,12689.477028782527,8000,1080p
0.7106616586595341,0.822655690975355,21883.55333485917,15000,1440p
1.0739446547873772,0.7746067431616483,18151.74413718156,15000,1440p
1.2016534149813938,1.4678006515252757,12569.773131144517,8000,1080p
1.2366473975216603,1.2844502910665805,13309.453319434735,8000,1080p
0.892123056811252,0.8228597832718257,19565.46224006215,15000,1440p
0.7578345511953286,0.9664319488022914,19460.119418921793,15000,1440p
1.157358913844112,1.7327700899417235,11610.01185623424,8000,1080p
0.9557697948721537,0.8987851077573932,18092.98390272709,15000,1440p
1.6650674589960708,1.4184454333779335,10881.884775959656,8000,1080p
1.6674963277364792,1.6890689139912802,9996.657172892661,8000,1080p
2.3154387013457924,2.064874707284451,7660.281096300075,4000,720p
1.32076996858693,1.5510525060618439,11684.020268036844,8000,1080p
1.6651769197376287,1.7413884355940226,9849.930501842158,8000,1080p
0.6720026305173595,0.9147047933396327,21147.208045724892,15000,1440p
1.0652761959913672,0.9481799555097397,16665.091998643187,15000,1440p
1.0878876700664655,1.4463035619450133,13240.686644380283,8000,1080p
0.9462223642574544,1.066897318775212,16667.877366064935,15000,1440p
0.9335262604400196,0.7965538158918031,19394.727711761934,15000,1440p
1.5763595416446858,1.2815206488936848,11741.021233531479,8000,1080p
1.0481685132613765,1.1574535994884534,15213.137284956969,15000,1440p
0.8947039274771422,1.3252828391654352,15114.699107304335,15000,1440p
0.7460080023390865,1.0454588168250565,18730.14428235725,15000,1440p
1.3379673137772625,1.5592756032069317,11581.504541195865,8000,1080p
0.860857431501049,1.1518653855082603,16671.163916081747,15000,1440p
1.1847888275202212,0.9401060268286268,15791.102289756547,15000,1440p
1.4961238179139982,1.176672501354573,12554.05500153577,8000,1080p
0.7757714710665484,1.065016416318729,18228.29899628574,15000,1440p
1.6299128233390854,1.148841479813861,12075.350440996914,8000,1080p
1.2831683602703396,1.3817263413991894,12591.278739448315,8000,1080p
1.052115970533818,1.4864391637583148,13217.925246818222,8000,1080p
1.1475054830591758,1.4869948356417664,12736.545052515123,8000,1080p
0.950335384391352,1.0262433959981831,16976.01549349186,15000,1440p
0.7793379445000025,0.7715244598407686,21635.982603023425,15000,1440p
1.1304690570064817,0.9573274142968,16071.696863753225,15000,1440p
0.9997834098914289,0.7535131487130087,19137.91014721899,15000,1440p
1.2467933704107466,0.9387452488148209,15352.93483484168,15000,1440p
1.2082341541527477,1.256169054435971,13615.64206825372,8000,1080p
1.484424216413518,1.3367983816592992,11893.57834540284,8000,1080p
0.8567527083385225,1.2241983599206894,16124.565594937056,15000,1440p
1.1688750593087784,1.0200101883809694,15329.461439522662,15000,1440p
0.9023135614931611,1.0131918489879266,17517.27341327251,15000,1440p
1.4885266228927811,1.4992976075630846,11230.390214380332,8000,1080p
1.165014558144896,1.0257298805754391,15316.451981774708,15000,1440p
1.605845937999525,1.7353154111218332,10042.745169676999,8000,1080p
1.0303159570694822,1.4871224181014187,13328.799755712827,8000,1080p
0.8077261496821064,1.0422754933423752,18137.514702496923,15000,1440p
1.1709175166729031,0.9049472544306523,16164.07410881685,15000,1440p
1.4808948660756307,1.4889207623945901,11298.48993935162,8000,1080p
2.152981914060782,1.6433749284313883,8838.587464810798,8000,1080p
1.2287947479903065,0.8312699102773122,16288.047982055625,15000,1440p
1.0252525785832372,0.8446821916016598,17944.172457246827,15000,1440p
0.8011280332145045,0.9207590720880288,19487.0104414334,15000,1440p
1.609396194398702,1.0921700213090098,12420.362604812173,8000,1080p
1.6823031829799922,1.2562591466193753,11418.655871959905,8000,1080p
1.8809240202439832,1.63824171532573,9534.768897313077,8000,1080p
0.7701723431320208,1.0047431273077536,18904.80564220118,15000,1440p
0.8837397857935648,0.9201175614750124,18601.488665835204,15000,1440p
1.4508953603069128,1.0068203402218097,13652.690582878042,8000,1080p
0.9853734770753322,0.7556847654721996,19272.435108720347,15000,1440p
1.4875538706709082,1.5425549437195538,11073.672285511575,8000,1080p
1.4557689351971819,1.560749827369381,11123.56150950995,8000,1080p
1.2586709342683806,1.4541253306641984,12368.946549266178,8000,1080p
0.9048591387693432,1.0317471165361267,17326.408973468537,15000,1440p
1.7837627076134244,1.8416627210529855,9255.308834842808,8000,1080p
2.242115193796357,2.270087667144084,7436.3748781025615,4000,720p
1.0317655651791076,0.8960299197343697,17405.597358532035,15000,1440p
1.3131439599402155,1.8653162409691881,10556.819931361604,8000,1080p
1.100499343331757,1.246820159155639,14294.786868359082,8000,1080p
1.2705165080229286,1.2274653963180782,13432.616121713661,8000,1080p
0.576213551371232,0.8474227425332134,23569.525547830814,15000,1440p
1.1155135369767328,1.2914835542048375,13940.370814294782,8000,1080p
1.2535316227526556,1.1854156503206814,13757.752113155686,8000,1080p
1.8541372319777363,1.455016101529567,10139.884320330468,8000,1080p
0.8016518412832034,0.8052021333334798,20882.066777725988,15000,1440p
1.0166040363717406,1.022546335584235,16455.10427355792,15000,1440p
1.4361478123403906,1.6435022722935506,10895.533933358667,8000,1080p
1.4742314941433738,1.03235763909798,13386.490651784501,8000,1080p
1.1367108134125923,0.8267315273188083,17089.593773097848,15000,1440p
1.929164442394733,1.861778430173331,8851.210141626198,8000,1080p
1.1779458504476186,1.6474829253516818,11875.872535667657,8000,1080p
0.8341535225851923,1.1694773854448606,16746.81293122511,15000,1440p
0.8169692592236387,0.6615981276580737,22693.88077791033,15000,1440p
0.9937604208388064,1.20136179388055,15285.906076209014,15000,1440p
1.7765921501805992,1.2043316159225432,11256.387158087084,8000,1080p
1.0606469982380848,1.5329270777180368,12937.525984342727,8000,1080p
1.4313776128412687,1.5688024808453975,11184.139269042284,8000,1080p
0.9570931112094162,0.9358744588489035,17725.83563011924,15000,1440p
1.8855736386063051,1.6128501277108653,9591.3000371945,8000,1080p
1.2212061946175479,1.6966868326187288,11499.541513960694,8000,1080p
0.895953469480577,1.3028226227192534,15260.504295564482,15000,1440p
1.5393062504482058,1.5712422455165205,10787.303925185453,8000,1080p
1.453510634440643,1.078532573985563,13251.919196456285,8000,1080p
1.2626349046026117,0.9840483470211114,14935.096870353012,8000,1080p
0.8446084627198835,0.8240008272452135,20109.22041594403,15000,1440p
1.0942987789235779,1.0826928551872688,15413.21127478963,15000,1440p
1.2104573204331368,1.1667974615672705,14114.781576657377,8000,1080p
1.156697904662885,1.0273909527705318,15363.125857173567,15000,1440p
1.2499611073022012,1.3531337418650278,12890.207212670177,8000,1080p
0.9433261235372211,0.7482306715062924,19836.42056732529,15000,1440p
1.3797229207731188,1.0057068882668334,14066.409278881454,8000,1080p
1.4898771525952057,1.026698364860656,13333.369798464038,8000,1080p
1.7613095288426375,1.2061429604933207,11307.487523585809,8000,1080p
0.9629121916131901,0.9243861085588273,17779.082404165623,15000,1440p
1.0728592071244427,1.1233731211961335,15278.179620303896,15000,1440p
1.2228291298478997,0.9272291200145657,15606.289737567065,15000,1440p
1.1814553779678318,1.27156754564637,13678.808981761174,8000,1080p
1.2583330711143272,1.4512764341811932,12383.493612058473,8000,1080p
1.1528268606592194,1.389229952368763,13199.71757831466,8000,1080p
0.7808895512636844,0.9482129137592559,19405.69323030537,15000,1440p
1.1076453619978612,0.9850583314831312,16034.010024699546,15000,1440p
1.369951682149575,1.0524448979349992,13851.750070927073,8000,1080p
1.9897659879640623,1.8814896434873494,8667.583645831151,8000,1080p
1.0054324024211745,0.8506212833217317,18078.37362558264,15000,1440p
0.7970432915327896,1.1781048372303404,16988.311667040554,15000,1440p
2.102584996250522,1.5485958457553055,9190.021927691316,8000,1080p
1.2158841214983411,1.6194119070609472,11834.54272922964,8000,1080p
1.0233252269484432,1.4226309450655747,13718.329209623997,8000,1080p
1.1012838317051017,1.2688440499899265,14157.224282768702,8000,1080p
0.9741170881138236,1.2953876886018207,14784.913583023568,8000,1080p
1.4162278142138465,1.2236956734412623,12710.380492809078,8000,1080p
0.8828678398348423,1.1567771299457852,16451.114040503297,15000,1440p
1.3843409399221642,1.15550796096163,13211.192204514222,8000,1080p
1.8940984564882932,1.797823367691212,9088.608480342662,8000,1080p
0.7446486273546762,0.8002843023334989,21719.021813311036,15000,1440p
2.2775320527487626,2.0432932860304263,7765.745978864425,4000,720p
1.2100458682964708,1.3245621499397617,13238.509370513888,8000,1080p
0.9582549140847605,1.1778259489499852,15708.409068526074,15000,1440p
0.9454559354329577,1.3811893549650427,14421.808145177176,8000,1080p
1.16492637762566,0.8629079995144702,16546.929265161223,15000,1440p
1.3390418173836423,0.962910370587289,14576.511265239067,8000,1080p
1.147267817418971,0.9969815358526075,15648.568086917914,15000,1440p
0.9891873584707839,1.2753248213015276,14817.510057894135,8000,1080p
1.3778155374156804,1.1367817842081132,13343.858959625524,8000,1080p
1.2205966963968715,1.0545096678587969,14748.511334316356,8000,1080p
0.8851119366372762,0.9352412836713768,18432.923690661875,15000,1440p
1.2154811659931006,1.0281557009653004,14955.375575321266,8000,1080p
1.2979904909648825,1.5238325888574877,11891.04740121135,8000,1080p
2.1567385458396107,1.4672714762355152,9258.923622067296,8000,1080p
1.7710519890021164,1.4133542564190817,10537.107835486546,8000,1080p
0.9598830702497675,1.3174098659782878,14734.350362310945,8000,1080p
1.2520993969523069,0.9870001410518494,14985.681266277728,8000,1080p
1.1467730190311405,0.9563995296567287,15954.19834712753,15000,1440p
1.6603485166480996,1.893239985548161,9442.407858777688,8000,1080p
0.9446874446764797,0.9945027952698375,17303.321411585122,15000,1440p
0.852485897879994,1.1642904733651558,16637.656251041666,15000,1440p
1.4886613544298712,1.0880496202293557,13022.1947009162,8000,1080p
0.9624123951573492,1.1935280497721115,15563.710063938179,15000,1440p
1.7973970557038028,1.4461514892020009,10344.97604566435,8000,1080p
2.377333987113291,1.673057096959706,8284.244978699266,8000,1080p
2.5851039492512546,2.353091924796483,6794.876682867608,4000,720p
1.7284932630974852,1.439976952428818,10590.104914218484,8000,1080p
1.1373938428617731,1.6186605059567865,12174.80780608837,8000,1080p
1.2276976250142146,1.7019470206942877,11453.413658599276,8000,1080p
1.156267437002366,1.180180440807328,14361.30132355259,8000,1080p
0.7370934615905614,1.0549216970079875,18724.41303802438,15000,1440p
1.0639345697783897,1.1790180419572074,14959.937996209192,8000,1080p
1.3376944882450312,0.9840504198231546,14452.247481364806,8000,1080p
1.0757964552865744,0.8195587180191986,17703.506167382984,15000,1440p
1.1916578249205945,0.8335692020053338,16568.23237784454,15000,1440p
1.7755963467406166,2.0734246405916243,8717.653686595406,8000,1080p
1.366367750437075,1.6426069466211497,11151.450370388644,8000,1080p
1.6776516152286558,1.3215031970809175,11187.962642768875,8000,1080p
0.7991988005045016,0.8704038186946093,20097.256445426323,15000,1440p
0.7303559007719643,1.0513749662143206,18832.49183236959,15000,1440p
1.3639605420534011,1.4860083362839915,11773.61347874609,8000,1080p
0.9686762929520765,1.1942671817788566,15513.318952625019,15000,1440p
1.8834341840287114,1.3518908900365154,10371.270654988135,8000,1080p
1.6887022665209706,1.1684875300585336,11743.858262468184,8000,1080p
1.0431498728690498,1.0821078564596733,15788.40605397934,15000,1440p
1.191594765670079,1.215096270944122,13942.143586160231,8000,1080p
1.1472773617543528,1.4365802275177326,12986.17700112986,8000,1080p
1.637940626539382,1.2109802074697664,11777.944686788811,8000,1080p
0.7560339078184017,1.1314264203135984,17777.556168933348,15000,1440p
1.474616894149991,1.2662325384741178,12242.347792113027,8000,1080p
1.4656577409079041,1.0511210836518297,13332.29271979025,8000,1080p
0.8990188806331257,1.124765611106405,16580.042063252746,15000,1440p
0.7244089148674556,0.6490456443753582,24430.682307027746,15000,1440p
1.3453718874555636,1.5026489651821773,11781.666545356582,8000,1080p
1.258549290714699,1.163614682533595,13853.080291257542,8000,1080p
0.7716183133400899,0.877090959711384,20351.93987712375,15000,1440p
0.9437218205843029,0.7535135166765919,19770.052663499366,15000,1440p
1.2647044091361626,1.741808859452567,11160.580048180062,8000,1080p
0.9874271098802921,0.8703762139189762,18061.3478133843,15000,1440p
1.1613648691795417,1.325062053879838,13495.04048915041,8000,1080p
1.5941877681479768,1.4778065334373622,10922.686927734156,8000,1080p
1.2288528091105135,1.7453181571059813,11281.944575864545,8000,1080p
1.3860181103212066,1.1854365835816216,13048.813218277131,8000,1080p
1.718808441802393,1.5540253123855972,10252.409538695027,8000,1080p
1.3256991577834756,0.9193162521562213,14946.19228511278,8000,1080p
0.683218341333335,0.9519848864006533,20520.037773224463,15000,1440p
0.7956366482075676,1.1783303730652233,16998.476488408854,15000,1440p
0.9840612006258395,1.4012400112632575,14067.167631808543,8000,1080p
0.9845021011870518,0.9004913409987518,17800.821609804065,15000,1440p
1.2800499010281794,1.4711283403079765,12196.386077735091,8000,1080p
1.3100898052380063,1.1113593237272716,13857.169906492447,8000,1080p
1.7174425046360056,1.6904107180475303,9846.208098592153,8000,1080p
1.026161271776475,1.3626986461446584,14046.211646097776,8000,1080p
1.4538874398115813,1.6391309717539446,10848.442374132677,8000,1080p
1.214177403919587,0.8145749763808046,16539.441839142386,15000,1440p
1.2470594651731177,1.7452465568775615,11213.569652546621,8000,1080p
1.123640542633239,1.0019646452422115,15785.825228220188,15000,1440p
2.551311727062856,1.9913777690814602,7386.468308802503,4000,720p
1.353329832632554,1.7510600068047335,10808.70436236262,8000,1080p
0.6362295593930216,0.924908199195098,21493.57532057027,15000,1440p
0.8784516677911771,0.9612801941802784,18238.762231384684,15000,1440p
1.4988132171552384,1.8022570529614024,10164.713033756287,8000,1080p
0.6456827428321718,0.7513097127536897,24019.050257453368,15000,1440p
1.8321553792837137,1.6273679365186149,9699.14896850987,8000,1080p
0.7811043627242918,0.9439988171209556,19450.681206796016,15000,1440p
0.7725068192632846,0.6868325881303551,22992.891050566337,15000,1440p
2.120399946009977,1.9720382954826814,8199.129716802152,8000,1080p
1.3118059811904312,1.3938877197188044,12401.415573656468,8000,1080p
1.0299302353716877,0.7020964423158467,19372.930239619192,15000,1440p
1.3035971563658935,1.2794854625675804,12990.073083242785,8000,1080p
1.2851584518842525,1.5781325480946033,11718.83402708554,8000,1080p
1.2922163624997542,0.9241767674529313,15139.205922694906,15000,1440p
1.1711889004535907,0.967475557222846,15689.432664184915,15000,1440p
1.0544837115145573,1.106072977538986,15530.456650363987,15000,1440p
2.040243762029175,1.847678172271158,8630.428431181559,8000,1080p
0.7479116626550325,0.9288081897320576,20011.948896668502,15000,1440p
1.2248064261144282,1.5829369593787792,11950.676181222963,8000,1080p
1.1417480809543514,1.467109551242559,12861.733651500148,8000,1080p
1.180658174557868,0.9383749580220981,15834.784026782438,15000,1440p
1.0737785511701168,1.0102052302572815,16101.100353582078,15000,1440p
1.1425300574942032,1.1621132424588427,14559.490399526741,8000,1080p
1.2312370174168255,1.3180096227615117,13162.489447334387,8000,1080p
2.4298234086421644,1.7322444820943428,8061.9617173189135,8000,1080p
1.4090720670425745,1.002573330619893,13913.5015589453,8000,1080p
1.093845953439052,1.334751317271003,13816.383805038868,8000,1080p
0.8298199434781697,1.2118238447853191,16435.008003300896,15000,1440p
0.8745900523128592,1.1696069747375644,16414.48038324161,15000,1440p
1.2064239780335222,0.9696031146148236,15420.043304314926,15000,1440p
1.0491076243828996,1.5261399546773162,13029.594619498683,8000,1080p
1.4064859596969872,1.2670324336147591,12550.664354485843,8000,1080p
1.385134890377235,1.6732708964877552,10971.216489357637,8000,1080p
0.8697869846727209,1.2446499449827122,15869.204481529749,15000,1440p
1.4241465252134407,1.1058714201395081,13262.527272437592,8000,1080p
0.7453561644435461,0.7170808077425369,22944.190168990393,15000,1440p
0.8115706634181754,0.8889750794641953,19731.56684578582,15000,1440p
1.4143863927867442,1.0537403780633647,13595.100704022056,8000,1080p
1.2398514844290043,1.382295330517008,12796.549685449576,8000,1080p
1.1651326170873781,1.3568473362260611,13304.797270856718,8000,1080p
0.9268861539682447,1.0098867953060602,17324.917725938194,15000,1440p
1.1757241421968987,1.1761570691071526,14267.060699632453,8000,1080p
1.2080516357578523,1.4030777796515932,12850.543447590248,8000,1080p
2.431367800550412,1.635341200930021,8251.003941463465,8000,1080p
0.9935605728117414,0.9776089623884243,17022.600745801734,15000,1440p
1.8636843774002039,1.775910021675385,9219.27784275149,8000,1080p
0.9181077378483324,0.8007595515282195,19521.246467009376,15000,1440p
2.0592474405211165,1.6119184588373487,9139.993375364384,8000,1080p
1.1361898015071994,1.0738244802588317,15182.90278793426,15000,1440p
1.8964981108759382,1.5388735129996036,9767.33689211366,8000,1080p
1.0765192661916576,0.8451399364008834,17461.177275726717,15000,1440p
1.7195345100835464,1.4741022665250463,10506.652555408113,8000,1080p
0.9613782480930337,1.4351038630127328,14001.536604217574,8000,1080p
0.9845562925993954,0.8981605068647358,17822.346945409125,15000,1440p
1.2348252753839366,1.3097290836886997,13186.761713445543,8000,1080p
1.042224100090859,1.1701707854621108,15166.565525490874,15000,1440p
1.2930252496019958,1.513448867841064,11956.08104541188,8000,1080p
0.7747720776359358,0.8151555051749523,21104.377559560264,15000,1440p
0.8910676100740975,1.3212752367155094,15166.92227368456,15000,1440p
1.031800894077685,0.90715337538125,17305.42722359479,15000,1440p
0.7267890152890765,1.0613582551717955,18764.915258546785,15000,1440p
0.7883653349807708,0.9307956381002921,19517.911658885605,15000,1440p
1.698197720932863,1.8398664555234252,9483.839276654388,8000,1080p
1.1811393866083397,1.2410248143049565,13853.078989173417,8000,1080p
0.9786982407873972,0.926754454216129,17609.69038380557,15000,1440p
1.0487541506692915,1.0435325016955184,16037.205973701097,15000,1440p
2.038742293112087,1.804703939597144,8730.298270973237,8000,1080p
1.4628506665187613,1.4421894200287169,11550.41961568182,8000,1080p
1.0783804532180081,0.8214800183299675,17661.524360607593,15000,1440p
1.38647578289878,1.0700646983402562,13659.222087427492,8000,1080p
0.9883761677278299,0.7859996657028702,18910.555119049135,15000,1440p
1.063909920849815,1.121257834425865,15355.54051582039,15000,1440p
0.6749461137678973,0.5539959017815709,27303.511130260766,15000,1440p
1.1181019490774362,1.074020365244307,15306.824706258218,15000,1440p
1.6106652135601653,1.2972255514741875,11539.096448694694,8000,1080p
1.1594822806111973,1.347738306002859,13383.119211427062,8000,1080p
1.0305611539529207,1.5444016109344365,13031.035810518935,8000,1080p
1.2804570641276458,1.1642415230826184,13725.386096897206,8000,1080p
1.0055278432588743,1.4098848064309235,13891.801056978511,8000,1080p
1.3133350517272353,1.0706149978387591,14075.14054504149,8000,1080p
1.301063218643437,0.8964156105816252,15269.51320474515,15000,1440p
1.3556891188574691,1.3172929098052513,12553.182789929611,8000,1080p
0.9382580784688968,0.8170897307925544,19115.546117391837,15000,1440p
0.8742991440132469,0.6051268414682879,22680.710173600506,15000,1440p
1.6097700840483793,1.7118533629625123,10101.816938399634,8000,1080p
1.4376528983873238,1.6986856108831174,10698.600262956073,8000,1080p
2.212312990809462,1.5252390610446676,8977.649417177823,8000,1080p
1.2155331867004984,1.0994602223846242,14494.39634182829,8000,1080p
0.8310719258090955,1.1055171535925092,17326.562644031917,15000,1440p
1.0300996256152917,1.1588538980382437,15328.983296088907,15000,1440p
1.5333307115545745,1.1712410587602797,12406.560021179894,8000,1080p
1.1265598480725907,0.9405669809852992,16232.401190057946,15000,1440p
1.3990061875737199,1.4169480415033242,11915.830042094749,8000,1080p
1.3769426859631397,1.2726654522713905,12663.922455475915,8000,1080p
0.8983068203663053,1.2408044896158588,15686.155200722013,15000,1440p
0.9086038837075173,0.7613948537924323,20092.489441179,15000,1440p
1.1475768109898679,0.9611434635493243,15912.22525108622,15000,1440p
1.302842016933389,1.0140606427866397,14482.452190742737,8000,1080p
0.9141663143211614,1.0855046585266628,16779.976533946272,15000,1440p
0.7209363013460727,0.9952945478413285,19551.234623178643,15000,1440p
1.487560098844475,1.380693311503351,11698.559087891377,8000,1080p
1.0518001870357347,1.0506281774738302,15959.845560696318,15000,1440p
1.128981139623296,1.3269106195584768,13662.830161203561,8000,1080p
1.575846027349357,2.013470669202559,9348.417773286523,8000,1080p
1.173317570923694,0.9036703782558702,16155.333021192739,15000,1440p
1.0541745568518268,1.4911497013187318,13182.77303659421,8000,1080p
1.0179529996777317,1.3680623142751338,14062.957519082735,8000,1080p
1.3205368217987146,0.9347813758225825,14877.914803946573,8000,1080p
0.9704971903795728,1.1957918382677315,15489.360632986443,15000,1440p
1.3208665617562276,1.4684358634384511,12029.685880210023,8000,1080p
1.9205852438706834,1.4481170058786892,9960.64048180465,8000,1080p
0.808686678771138,1.204624608843831,16666.29110282773,15000,1440p
1.2623027250245407,1.3266340584932779,12960.699625274978,8000,1080p
1.1684557504418442,1.6232049852066013,12019.523565855503,8000,1080p
1.188162759420914,1.1597481284531426,14291.186336455152,8000,1080p
0.8967775629286185,1.222793819169767,15830.762900176996,15000,1440p
1.0393080638897152,1.0589594097474169,15991.49413579615,15000,1440p
1.27432349529508,0.9100648570006182,15361.019465579799,15000,1440p
0.8075704529478548,0.9019188402437815,19628.337032373853,15000,1440p
1.024834812824996,0.935946054121167,17112.790401846214,15000,1440p
1.5491273229294962,1.3079369608887352,11744.374178083688,8000,1080p
1.5877102819414568,1.4767382612416702,10949.582454122754,8000,1080p
1.060598433097408,1.2733569702607428,14376.638024754493,8000,1080p
1.9588520356596788,2.1749806439997004,8117.0271271755555,8000,1080p
0.9813420749072758,0.8721349655100402,18103.505610431042,15000,1440p
0.8841334847179361,1.1864561399623803,16205.254580651419,15000,1440p
0.6401567518212543,0.9264050311445602,21419.156502384958,15000,1440p
1.4159548990243573,1.0899319727887145,13390.242144380018,8000,1080p
1.1498094480260361,1.020029780592417,15464.017590540228,15000,1440p
1.363292902766805,1.2140889199287825,13018.805248229255,8000,1080p
0.9745670393546225,1.0044559307761411,16955.04928767092,15000,1440p
1.6636327932649926,1.4987746529230326,10610.40759957943,8000,1080p
1.9067877546737284,1.3389611055056414,10337.963115897292,8000,1080p
1.4132704073015705,1.0650988243093011,13538.915659548655,8000,1080p
1.8451396349614813,1.301351799375018,10664.078609537237,8000,1080p
1.671775351637094,1.8803277345488079,9446.35647836148,8000,1080p
0.7159398405252362,0.7084355694463982,23557.295194156868,15000,1440p
1.6067028979200362,1.4216254185178132,11080.183023044634,8000,1080p
0.9378879538112282,1.3638365880051229,14577.952917650746,8000,1080p
1.1694037861164948,1.3738952861567395,13193.270255081958,8000,1080p
1.392058680761653,1.809960339741367,10479.148245262071,8000,1080p
1.0001564256473445,1.485669008441528,13498.305850385941,8000,1080p
1.2235321534814676,0.8799616864219479,15951.761475821908,15000,1440p
1.355074152096492,1.0585286249601928,13902.218011581263,8000,1080p
1.0373344868158187,1.1140197727264858,15596.888262902188,15000,1440p
1.3095787902390892,1.8686796825840386,10557.489986078715,8000,1080p
0.8910596738145141,1.1472988589396929,16461.49657227457,15000,1440p
0.9811460729073985,0.778045530676375,19073.779076505307,15000,1440p
1.1457078315977984,1.1075335469156697,14891.62782113334,8000,1080p
1.8412725979409028,1.3474898181936414,10522.713084618917,8000,1080p
1.2739350101347784,1.0910788243710134,14187.837513014694,8000,1080p
0.9094755358921544,0.8045051780760611,19576.901727391454,15000,1440p
1.3485945390553833,1.1112622571221196,13640.807079559245,8000,1080p
1.153310417334227,1.3497502362698848,13405.361133253235,8000,1080p
1.5130392684729805,1.8272390927573967,10045.399925184789,8000,1080p
1.392693680066464,1.330309625659515,12322.582175879534,8000,1080p
1.2691612299077353,1.2709332453869904,13209.914956453225,8000,1080p
1.1943981685500258,1.069123313290085,14823.995384714532,8000,1080p
0.6830108381712445,0.5884497158970723,26390.462443081884,15000,1440p
1.2665726139124296,0.9599304435667444,15070.46302374721,15000,1440p
0.9688421934967456,1.0161997582123012,16903.638722149368,15000,1440p
1.486846694091669,1.3204877380811415,11952.417074167277,8000,1080p
1.6085121786946532,1.1130471638780095,12329.12010225775,8000,1080p
1.314513010064788,1.3181397192399507,12745.483529406267,8000,1080p
1.7688981854655572,1.3657769694422313,10704.277266965182,8000,1080p
1.5833236731865459,1.4688775048883584,10993.519116968422,8000,1080p
1.2249400638297874,1.333959212703911,13112.838128374107,8000,1080p
1.171460544965033,1.5243089480676344,12447.070154448618,8000,1080p
0.9263469428044123,0.6295121362072266,21566.49818267313,15000,1440p
1.7419050001629082,1.533640831347532,10243.920777175377,8000,1080p
1.5235457631746638,1.4268976448102726,11372.674327251938,8000,1080p
0.6282476938689651,0.6379001859883847,26501.1951082526,15000,1440p
0.7297163594884887,0.8260629203268598,21567.604373791695,15000,1440p
0.807685496470794,0.9180843102193903,19443.167837287237,15000,1440p
0.9923390777946954,1.4343242980151674,13827.394575814087,8000,1080p
1.8755402723647536,1.5922235124930875,9676.100819357147,8000,1080p
1.137507990396292,1.5408253301156978,12528.101615666621,8000,1080p
0.8255961459825624,1.0472335729351903,17916.435040015283,15000,1440p
1.4556834056550625,0.9789104492938692,13782.35303263913,8000,1080p
1.0525876079429273,0.7544021571909372,18569.242973832912,15000,1440p
1.0045885346670755,1.46953469368062,13562.150670404886,8000,1080p
1.0826893837781844,1.4759358374749587,13114.242649248168,8000,1080p
1.1844073272199134,1.3628655985175693,13172.68819566532,8000,1080p
0.793157144771618,0.9686405088932545,19045.565153410458,15000,1440p
2.26821472194336,1.657566601855236,8547.198438330908,8000,1080p
1.037815144406892,0.9647311750506375,16755.883084437006,15000,1440p
1.3482777588332344,1.1119051647537233,13638.998823338505,8000,1080p
1.1767577797599755,0.9450188934798622,15814.309028463493,15000,1440p
1.159434572590542,1.272693428227486,13796.326504490808,8000,1080p
1.4646276687265303,1.3070125936313066,12106.34455549986,8000,1080p
0.9092322664586551,1.2719322186609396,15383.72379933565,15000,1440p
1.182772165594852,1.4351972446664152,12816.968704249048,8000,1080p
0.9139232865045317,0.8230885711752918,19317.330421002203,15000,1440p
0.7278283533729467,1.0148266888744364,19254.77572240984,15000,1440p
0.9564803652394714,0.9062542590326991,18013.533201548118,15000,1440p
0.9800488684168849,1.2652876099101216,14944.055077660925,8000,1080p
0.887770667433662,0.9846702115265297,17920.15565192826,15000,1440p
0.930004588890002,1.205930967270318,15709.477705553705,15000,1440p
0.5977975770899006,0.8784629611081641,22729.34291189332,15000,1440p
0.8934779964213786,0.7970191964517206,19848.854018486876,15000,1440p
0.7202803037227997,0.851100210197958,21353.473396636567,15000,1440p
1.779131096396316,1.7461848412042411,9518.134713009076,8000,1080p
0.9537026172328974,0.9496010876459219,17629.57320683425,15000,1440p
1.4977341259443135,1.4656499712548152,11323.011428627931,8000,1080p
1.520534834138736,1.0435340603642067,13086.400319405104,8000,1080p
1.7718340745706878,1.4312571584871512,10475.640423131868,8000,1080p
1.1022400872964602,1.0121352150575162,15869.667018264534,15000,1440p
1.9405241937162012,1.7961138724760715,8979.845359813722,8000,1080p
1.4596763513360267,1.0166014075246166,13550.350674489231,8000,1080p
0.7453969235857111,1.0743431217368342,18439.134801835142,15000,1440p
1.2264625931975053,1.1065895510559824,14382.20405088138,8000,1080p
0.9400750850758357,0.6311855789782255,21355.102159450176,15000,1440p
0.6303708188617826,0.8947338104599661,22001.39672707077,15000,1440p
1.5798516045323379,1.582357149419001,10611.074287259515,8000,1080p
1.4982943135807198,1.1207960168029782,12811.483288964782,8000,1080p
2.103139069548026,2.8032730484860653,6838.893919380877,4000,720p
1.3456090686162083,1.802547779389859,10658.437180870516,8000,1080p
2.4169135715579526,1.7982495465830843,7960.411272244693,4000,720p
1.444859915431336,1.4201065760092073,11711.980611378245,8000,1080p
1.1077735780220295,1.5980046631733316,12401.02809947067,8000,1080p
2.0056851645090217,2.3199125380602257,7757.178153684956,4000,720p
1.4728599049638764,1.0009337739989301,13563.957368533842,8000,1080p
1.2825634728943118,1.6464627082357737,11455.832049631572,8000,1080p
2.0940948145827614,1.740613855187302,8750.190663639642,8000,1080p
1.4191684459531253,1.6252215632844333,11021.725829537661,8000,1080p
1.3352064899457046,1.3383753017470348,12550.366741821465,8000,1080p
1.30773602318997,1.2923694627146667,12905.027192897,8000,1080p
0.8286708162936653,1.1283880495173015,17145.33608885377,15000,1440p
0.9989101876240039,1.3690243258197716,14170.337823743503,8000,1080p
1.3906504849540398,0.9957670102092673,14060.587499046896,8000,1080p
1.0751001761728631,0.8272742825245805,17638.18466264246,15000,1440p
1.122970410396069,1.2991775585869607,13853.171825042657,8000,1080p
0.9250614944251662,0.6582376354065508,21192.73065195607,15000,1440p
1.516256750335548,1.6702263524663514,10530.240053837199,8000,1080p
1.3613027152272805,1.212553326030543,13036.638981410246,8000,1080p
1.2885660077530254,1.5422975555984533,11853.072834168905,8000,1080p
1.001285851752218,0.9121119343933279,17536.56884258965,15000,1440p
1.4485031557998975,1.1605973048977911,12860.536612310954,8000,1080p
1.3970999019163506,1.0134034089629294,13920.093720078874,8000,1080p
1.5936290277253766,2.2471364754707808,8736.391735469691,8000,1080p
1.1536274543486729,1.160637542027766,14498.95843930486,8000,1080p
0.8358690829419599,0.9263972048452429,19040.50042410603,15000,1440p
1.7508345464674697,1.2612436584983358,11139.960424892395,8000,1080p
0.8551080666185065,1.1659099154699086,16602.737975308162,15000,1440p
1.2765151677873,1.2370300343550609,13349.444430679296,8000,1080p
1.6081253335273988,1.4590869872000383,10939.716097659013,8000,1080p
0.8522199832264568,1.214029638815126,16239.292504671406,15000,1440p
1.0161815530494245,1.2071494432817689,15091.964289334112,15000,1440p
1.3301195935328596,1.2669739128254949,12919.993799934466,8000,1080p
1.4082799642655133,1.1281899712995258,13228.791530117314,8000,1080p
1.378572032692334,1.7384278831980533,10764.976870528724,8000,1080p
1.5288014484449264,1.032133519802936,13102.414710263898,8000,1080p
1.711505080915476,1.630888653621875,10039.042274785905,8000,1080p
1.044047615421609,1.394034280708359,13762.63531313769,8000,1080p
1.0088794191934358,1.426731215725411,13776.599395214094,8000,1080p
1.1674011332540366,1.2799116838037436,13710.724581723052,8000,1080p
0.9052684191539535,0.8864558778177192,18727.45268717562,15000,1440p
0.8583839906774846,0.9871411264360515,18181.50925655256,15000,1440p
1.4465681899969134,1.8845092863222561,10073.146673573485,8000,1080p
1.0177308201046427,1.1928949297595204,15178.703135101827,15000,1440p
1.3045921394188298,1.055793767675321,14215.65511772969,8000,1080p
1.1286951893470576,0.9746834660089059,15952.63502106873,15000,1440p
1.4565396139225086,1.0920215731573277,13166.029589600304,8000,1080p
1.5167066629522976,1.302382696016287,11902.578360366875,8000,1080p
1.0845573253398362,1.2078874312122818,14636.964273227037,8000,1080p
1.4131340826418175,1.1448690719140469,13117.431829682759,8000,1080p
1.118599645447613,0.8525608695588682,17022.678642631836,15000,1440p
1.2512138929487149,1.8620829768485314,10777.781047968367,8000,1080p
0.9380994579843848,1.2605388157878057,15261.460877978287,15000,1440p
1.1484338150209779,1.3971496754408192,13181.430554419903,8000,1080p
1.3305760632817745,1.0273097317573059,14230.728252656469,8000,1080p
1.193487209838048,1.2022597153096863,14005.833273867545,8000,1080p
0.9891843155952373,0.7703949053053141,19069.577317937903,15000,1440p
1.2562780442098822,1.2523478813128361,13375.621952487125,8000,1080p
1.4854846773774761,1.195254835342617,12516.856576621643,8000,1080p
0.9772296008545591,1.1446117755514778,15813.826788897062,15000,1440p
1.109330431129495,1.220953534794227,14399.28888095793,8000,1080p
1.3101804684325977,1.1909585283402875,13415.660642328905,8000,1080p
1.2382684213366217,0.8273486037642432,16244.26580157642,15000,1440p
1.0429914053764517,1.409969219041964,13679.156390027902,8000,1080p
1.493635120011526,1.5007762284725044,11205.685557192226,8000,1080p
1.1754486372333028,0.9321738864816971,15920.513100635922,15000,1440p
0.8888645893389407,1.1647912294317706,16338.878059949306,15000,1440p
1.7177793299935167,1.4359391039199885,10639.641015244886,8000,1080p
1.5072642749208685,1.533737805899412,11034.00494581346,8000,1080p
1.2322595616700074,1.349410418388148,12997.180994932645,8000,1080p
1.5976935243944455,1.0686719580722042,12584.333325887064,8000,1080p
0.9914479165102895,1.4617445748412545,13677.86348535323,8000,1080p
1.002616654854876,1.468434542138416,13579.011248665394,8000,1080p
1.2656942265312474,1.4543430318353976,12336.019257379252,8000,1080p
2.002025654255038,1.722904411668881,9008.070327805543,8000,1080p
1.4572811715847294,1.1709679493564267,12766.838475336162,8000,1080p
0.8756259937062526,0.6082356818376925,22612.91099637021,15000,1440p
0.9097517451137109,0.8059141513953718,19557.672661253113,15000,1440p
0.7596969229950449,1.0018005755014605,19048.810474405887,15000,1440p
1.0820666612492826,0.8790119558945966,17110.192170097074,15000,1440p
1.0559827317878634,1.0898403218136767,15637.091764711162,15000,1440p
1.9872035121781553,1.9912435579385963,8434.052636275317,8000,1080p
0.8407971071344066,1.1283247435916604,17040.30250216745,15000,1440p
1.2583208006279754,1.127081535662834,14066.571282132469,8000,1080p
1.138125207233459,0.9230260696426598,16279.461083931259,15000,1440p
1.574497100324897,1.7290417105648854,10157.117539951762,8000,1080p
1.4551403372076206,1.4573370566602741,11520.92444413389,8000,1080p
1.248777053544743,1.3753494833942972,12786.895573694466,8000,1080p
1.3967135943231177,1.8951011925237482,10193.292810419878,8000,1080p
1.5058962482065141,1.350588862315077,11746.755436044612,8000,1080p
1.22888337485364,1.02393560830783,14894.419947097453,8000,1080p
1.00422939527794,1.3493413360442068,14256.819033923995,8000,1080p
1.519504524057941,1.2798964743329972,11986.289931055493,8000,1080p
1.1083996692103815,1.0324689935074527,15673.279068601352,15000,1440p
1.2168835074560782,0.8400381274565971,16312.936492315383,15000,1440p
1.298969328354282,0.9807467870075497,14718.68877615681,8000,1080p
1.2916540552772584,0.926832214591266,15124.922094734695,15000,1440p
1.6423848566392762,1.5779552889482655,10419.530385936325,8000,1080p
0.9588300729639572,1.0964816153069583,16325.714582117002,15000,1440p
0.7851508328124351,1.123184434902897,17583.090648516663,15000,1440p
1.0864621283406584,1.0679437245329921,15574.796157949293,15000,1440p
1.650493074681779,1.1475153772812252,11992.255411687249,8000,1080p
1.2167709578423938,1.3768934443032559,12937.075425888395,8000,1080p
1.961445260523213,1.329079556646401,10197.288841256108,8000,1080p
1.0764409690064316,0.768870350452947,18183.61576507884,15000,1440p
0.960768275135295,0.9367993644159517,17682.864789966192,15000,1440p
0.9756932199280095,0.9496423974993968,17427.83528039373,15000,1440p
1.2405316209972643,1.5506576559514975,12021.5537789256,8000,1080p
1.493451293703069,1.4880841639974,11254.077798517646,8000,1080p
3.053352991996988,2.5252749794465927,6014.818011124181,4000,720p
1.2232137231945106,1.146137074012618,14161.867478446955,8000,1080p
0.7166497788343411,0.9988519678947998,19559.5440599093,15000,1440p
1.139414452398836,1.4728621036357348,12844.900331278684,8000,1080p
1.3768251595584773,1.4030749598017285,12070.37323618755,8000,1080p
0.9069625386372455,0.7689834817730228,20021.188983035347,15000,1440p
1.2849927631829754,1.233679255456675,13322.271320631477,8000,1080p
0.9185936284217275,0.9404128951003059,18049.65801649179,15000,1440p
1.1612872556914182,0.7823126545919208,17264.063361223565,15000,1440p
1.4490553534749557,1.7432903016536765,10510.901896257208,8000,1080p
1.0440575973629809,0.696486446017154,19278.12865616277,15000,1440p
1.1241019690194476,1.5066035070245236,12754.917760865737,8000,1080p
1.2728074024407376,1.2748985553746055,13170.449241627914,8000,1080p
1.0383307571358642,1.43822021810081,13548.85578189778,8000,1080p
1.3854223244128956,1.9139661797930028,10169.894196220439,8000,1080p
1.0794769614130595,0.8851566097468198,17079.231716574075,15000,1440p
1.5347908948537012,1.7853796107755484,10106.237599276745,8000,1080p
1.3327123956525053,1.3650269968099042,12437.981257104526,8000,1080p
1.415628346488179,1.479194598345781,11591.186279589407,8000,1080p
1.2938333846215875,0.9615325534205554,14877.59987593331,8000,1080p
0.6775657558434106,0.5716717942165485,26859.929081053884,15000,1440p
1.1759218523617565,1.3942949664436424,13055.09782462463,8000,1080p
2.0224683053636583,1.4701433713602197,9607.261014334854,8000,1080p
1.0416134629976457,1.3005821143952747,14326.05898664926,8000,1080p
1.4284699309863476,1.3444355557270569,12100.82065933322,8000,1080p
1.2198410803901252,0.9350419166191652,15571.34751472325,15000,1440p
1.4206385756107653,1.3307363928819174,12195.514019080616,8000,1080p
1.772537118296392,1.7856477268214266,9430.210475445085,8000,1080p
2.0478950127725937,1.3819286746658301,9783.13611947215,8000,1080p
1.0719523733582632,1.3077730870190025,14100.127329259445,8000,1080p
0.9077247878814828,1.276580512044636,15361.60352727933,15000,1440p
1.3626579626075581,1.2574587032542763,12806.464856007833,8000,1080p
0.913145538454164,1.1896646572169267,15956.947550033845,15000,1440p
1.1458644808981275,1.1888575466974962,14371.917343220295,8000,1080p
1.5106448218611555,1.7935705168141773,10155.037901813035,8000,1080p
1.2479132404144373,0.9349739666404036,15371.583053652947,15000,1440p
1.1574893952655652,1.4891403980478826,12678.17360961222,8000,1080p
1.5371784916930493,1.1693082818747915,12397.781628826026,8000,1080p
0.8457361867513358,1.149056496585834,16821.012168475285,15000,1440p
0.9044138227270723,0.7760503043137158,19967.359885918926,15000,1440p
0.9891940986477152,1.3472791906685213,14361.14512989773,8000,1080p
1.1112799522305632,0.9237613125178872,16488.330031060887,15000,1440p
1.9401309063849241,1.703626054729879,9208.745906514594,8000,1080p
1.3004247828939888,1.0606274677185659,14211.6431312753,8000,1080p
0.7935114928167758,0.757508884340537,21633.77895878974,15000,1440p
1.1854644004823605,1.032893887848988,15125.794681813857,15000,1440p
0.9189266103612677,1.027410137413561,17239.787533355408,15000,1440p
1.3356583516022538,1.5582718219500549,11594.762135816092,8000,1080p
1.2180778117274487,1.0526568072224254,14776.905993320177,8000,1080p
1.07598331952168,1.1028740334056224,15400.013201836966,15000,1440p
1.5477953481474116,1.2500701150908742,11992.868292231487,8000,1080p
1.0778094506641558,1.0331739002706233,15895.166574924207,15000,1440p
0.7966632804484978,1.1913498243470482,16878.37566012969,15000,1440p
1.000229706632962,1.4163178808149537,13885.276737064547,8000,1080p
1.0499494183091818,1.0315255259457374,16120.5072838439,15000,1440p
0.9710687912966907,1.0412661249100172,16674.37747552022,15000,1440p
1.087293383534646,1.0022904377098079,16057.949750020854,15000,1440p
2.0018306691764995,2.013969548376005,8355.602914043942,8000,1080p
1.7402420629249788,2.010519855478707,8946.030894512407,8000,1080p
1.216045931178201,1.0883849880637615,14560.832229693246,8000,1080p
1.3346115391202267,1.7992540221847284,10707.042578440343,8000,1080p
1.4183343248078963,1.7871817961264513,10467.715879157555,8000,1080p
1.419300591163355,1.6772921690019196,10835.920186743928,8000,1080p
1.4198151684378686,1.8359466400426212,10306.169177548134,8000,1080p
1.4652931574622081,0.9897887321178156,13667.337184316877,8000,1080p
1.1381207840484082,1.2802772127273148,13874.65257775425,8000,1080p
1.8585304318789873,1.7436836417932642,9314.94667272597,8000,1080p
1.1930965209280298,1.4703839010689204,12597.964574052507,8000,1080p
1.4503358820765515,1.7309645525829052,10547.394906319763,8000,1080p
1.2629438814516283,0.9089899673172208,15449.10404109231,15000,1440p
1.279552165067301,1.3146234637220005,12934.525954073439,8000,1080p
1.4132908146494458,1.6643373259357122,10902.692095095088,8000,1080p
1.1471949154032812,1.4659161939994936,12840.798035437861,8000,1080p
1.1366432183476791,1.5767259910533322,12366.334770713824,8000,1080p
2.242491782783301,1.9562029926934943,7991.63401826217,4000,720p
1.7938674675478385,1.3442120440173542,10692.664693911442,8000,1080p
0.8270032839117879,0.8388306866200522,20142.722860482485,15000,1440p
1.204439984339824,0.9783242649263013,15372.448953789422,15000,1440p
0.9406461895827775,1.0807321321530492,16599.778299386166,15000,1440p
1.2223983100187512,0.8958726854752759,15840.481256353309,15000,1440p
1.772006102565834,1.1821395280871878,11358.421755457839,8000,1080p
1.3847605295990906,1.3104574059449765,12449.617360247557,8000,1080p
1.6623691346606453,1.1814262255771135,11799.172496432599,8000,1080p
0.9733173700327802,0.6540680787331126,20618.61375585334,15000,1440p
1.215103409076935,1.756042797649179,11293.4300991446,8000,1080p
1.5270024954068382,1.3744882763813115,11564.548929900906,8000,1080p
1.012925546308902,1.1273406870261493,15677.690689776524,15000,1440p
1.0791136920728266,0.8453340334289732,17435.876046594447,15000,1440p
1.0239084688621685,1.1876983360023272,15171.969956954383,15000,1440p
1.4643255178338959,1.629829880839119,10844.455974767923,8000,1080p
0.7568312496860786,0.8054358802803031,21478.037498441165,15000,1440p
1.9949908423078142,1.3332282360427108,10081.797865490775,8000,1080p
0.8584888837353295,1.2182755252889763,16157.07195972429,15000,1440p
1.2102182427409058,1.0274918424848383,14994.98626812283,8000,1080p
2.181201555867992,1.8701516367539557,8282.27765012122,8000,1080p
1.2717630543183396,0.9382389952507908,15182.986824171447,15000,1440p
1.2682599789727307,1.6570532025476605,11470.372544029815,8000,1080p
1.1505763258348132,1.0379225273937742,15332.16796092845,15000,1440p
1.613370200995387,1.5733423612432273,10529.481823245631,8000,1080p
1.3369843316662762,1.2002970916173001,13224.560623068823,8000,1080p
0.9885410515957983,1.0656816459603609,16334.369219032873,15000,1440p
0.9326427818134807,1.2881993438068684,15108.877669828613,15000,1440p
1.0665738643530212,1.1245361839989565,15313.896271544027,15000,1440p
1.0522413280096765,0.8311141464901006,17816.303111292425,15000,1440p
1.1274165271033958,1.3117508412351944,13756.51069932737,8000,1080p
1.7550367851858633,1.173296597945493,11458.542320792458,8000,1080p
0.8897869162310679,1.174916093599669,16251.456911834875,15000,1440p
1.3883145148201441,0.9795654829231806,14170.664067426806,8000,1080p
1.1007802306301822,1.078099104233426,15399.857836597645,15000,1440p
1.5653420845969952,1.1219637280373085,12486.272251652434,8000,1080p
1.6838000731096276,1.127830652141552,11934.153265095787,8000,1080p
0.7074807356725621,0.8672186157512227,21308.468800511873,15000,1440p
1.168671619656667,1.0967970319229612,14811.254164388336,8000,1080p
0.9044223406654026,0.8275937054935747,19373.04915529641,15000,1440p
1.1086651027210284,1.3003395285253934,13928.753629103196,8000,1080p
1.1540199541745098,1.0711803403769864,15079.286157816692,15000,1440p
0.9186744553869995,0.7808498121902324,19743.42622823135,15000,1440p
1.0469953744078786,1.3331675460338197,14097.535808083736,8000,1080p
1.0039954683940573,1.4843580977323023,13484.591762510045,8000,1080p
1.217690471574926,1.719428397485232,11424.267622759513,8000,1080p
0.8180840195987483,1.0222489148595026,18232.80525590203,15000,1440p
0.7680382005039019,0.9464069718862651,19571.598170865163,15000,1440p
1.6334383626251376,1.630169317639979,10281.392644986738,8000,1080p
1.3097714731228356,1.6230419169917973,11441.038871787365,8000,1080p
1.187809722477439,0.9193570446929724,15923.956529106732,15000,1440p
0.8915758359214445,1.2117734043672939,15952.858116607302,15000,1440p
1.1670720903584648,1.0569892170344328,15087.008567822879,15000,1440p
0.6966193838213208,0.895354471495037,21077.250664604693,15000,1440p
0.8431768315412228,0.5841136988482712,23509.18140740646,15000,1440p
1.4694312659362956,1.629543850706188,10827.590005418893,8000,1080p
1.4502131745088493,1.6129888678564255,10954.03813915281,8000,1080p
1.071844156694176,0.9213462757895605,16834.533947761054,15000,1440p
2.3848350712822373,1.6254390414386255,8367.116824648734,8000,1080p
1.4867575874569876,1.471500236154893,11342.632725308495,8000,1080p
1.220209827978865,0.9498254012030907,15462.620859224073,15000,1440p
1.0725123281439948,1.1459219585043305,15125.276507827062,15000,1440p
1.453061167852983,1.4077901654356353,11728.827572954784,8000,1080p
1.30115715247041,0.909682281182973,15177.23607116585,15000,1440p
1.331056670403338,1.8820896732675831,10442.858311167081,8000,1080p
1.0761607745179642,0.9829074451602615,16295.930207326308,15000,1440p
1.9111305965329755,1.497998872933893,9842.522057470394,8000,1080p
1.2569449778337212,1.0868764181044936,14316.121551816625,8000,1080p
1.3690415585710125,1.1036163751878754,13570.187587165034,8000,1080p
1.6633795063965802,1.3678536198867906,11069.564959901803,8000,1080p
1.5672055551616049,1.1801688540423527,12213.272383840207,8000,1080p
1.4414897181442419,2.0303750288447198,9664.6714216332,8000,1080p
1.373541153525784,1.5200627553902573,11596.069488504963,8000,1080p
1.0387911195549533,1.2624466927664866,14581.036266804167,8000,1080p
1.1782151907617722,1.2230723984633853,13973.516604409417,8000,1080p
1.6263211131789674,1.180186549197261,11955.938139712742,8000,1080p
1.0358895115073332,1.4393306696631971,13556.140280066771,8000,1080p
1.1073269204070686,1.2785736430127475,14063.633880829031,8000,1080p
0.9151480904613557,0.613663844238537,21948.044254760982,15000,1440p
1.4708692867681088,1.0324150413696356,13404.163331682732,8000,1080p
1.3531218111108574,1.28077071259748,12739.484127756927,8000,1080p
1.1077730453760912,1.1124163284690232,15113.319789422989,15000,1440p
0.9346384793691807,0.9395353792278394,17903.5855430821,15000,1440p
1.6425935633324702,1.5240264976622333,10596.292372839902,8000,1080p
0.9756536578386081,1.0646928021702367,16445.45799337165,15000,1440p
1.2354865954225576,1.5864549411686732,11890.5482501711,8000,1080p
1.085736324931444,1.1326327301885304,15125.721269216541,15000,1440p
1.2178587414742186,0.8843872370121226,15961.230200168991,15000,1440p
0.9015147252163218,0.7033751456833113,20907.62276491334,15000,1440p
1.3880045403071515,1.1623622415538915,13156.708375692848,8000,1080p
1.5220123556106522,1.740807597956426,10283.874831437333,8000,1080p
1.2206299218995997,1.469653671571255,12472.451633513452,8000,1080p
1.4057872373533187,1.2617444799189375,12578.831502821578,8000,1080p
1.8602485010594596,1.503099185140372,9976.498159163666,8000,1080p
0.6265545204745414,0.909562643096126,21843.66713408991,15000,1440p
0.675915820868135,0.8630050390048895,21803.871059859805,15000,1440p
1.334993104071116,1.513803314507137,11778.459064739343,8000,1080p
1.204944577817571,1.010149269632608,15148.085955195493,15000,1440p
0.9165493368089296,1.3240107729806794,14975.912430731796,8000,1080p
1.8211244336000585,1.7941944839467039,9281.181761626978,8000,1080p
1.212434992970372,1.155566638087176,14169.936185818678,8000,1080p
0.8615569851798779,1.1888002432317388,16365.16385293218,15000,1440p
1.025794802994285,0.986560582654642,16674.207865714365,15000,1440p
1.1426508171823555,1.6955147748029142,11822.577264256452,8000,1080p
1.0634401056456904,0.9425287965745639,16727.294208230822,15000,1440p
1.1045510141613841,0.9018635617363138,16723.57866767753,15000,1440p
2.2485498266502892,2.0268808652488906,7848.199261790596,4000,720p
0.6461261544601008,0.5746487145266611,27486.17525838326,15000,1440p
1.0328816264563199,1.4451377854161627,13540.826935913725,8000,1080p
1.3594497788642037,1.2067839513032415,13075.360831536804,8000,1080p
1.127928755562364,0.804470871365746,17364.126722245688,15000,1440p
1.1731500187246946,0.9877243810822638,15528.173226078103,15000,1440p
1.645415584126718,1.2869826581523323,11442.658611717625,8000,1080p
1.267620220841308,1.1335641614887233,13974.117209374761,8000,1080p
0.8264678800568087,1.186197497142663,16671.63969734969,15000,1440p
1.4376319112192084,1.46167506252919,11573.259507812245,8000,1080p
1.1791978388179665,1.4497367924994018,12763.509446100512,8000,1080p
1.2009996513009278,1.4988587540107008,12428.21917400776,8000,1080p
0.8690017742346517,0.5967823377790155,22891.796769377954,15000,1440p
2.098235376400005,1.814851456350541,8574.926505378435,8000,1080p
0.9015659701129541,1.3301560892132063,15035.219936899906,15000,1440p
1.4357554611610785,1.4905326029415384,11466.551229736808,8000,1080p
1.378899546784605,1.4455873242214492,11879.832880245693,8000,1080p
1.1970368395938653,1.2482658097227253,13721.995520422694,8000,1080p
1.1618898051112332,1.2436784134339165,13948.651192396115,8000,1080p
1.0579383736713475,1.3648964019934755,13849.244833788844,8000,1080p
1.4736538227758655,1.1525851501874318,12776.610333422592,8000,1080p
1.938989105787085,1.5452278544240994,9630.408319339049,8000,1080p
0.964776824764185,0.9786304313847451,17265.774784895937,15000,1440p
1.0202707629811278,1.4234609706815295,13730.816495846999,8000,1080p
1.160956063597795,1.041056761536056,15238.072919925145,15000,1440p
0.9883879866403786,1.379391608064196,14171.264958547188,8000,1080p
1.735068463470295,1.2913753125165885,11087.082557500458,8000,1080p
1.7983548995274306,1.4848900638114424,10219.89902510261,8000,1080p
1.4574299587033737,1.3772064962684951,11837.296433955937,8000,1080p
1.3480625144495484,0.9516361061669816,14590.7953760499,8000,1080p
0.7725679342657866,0.7455828995469095,22102.172756926353,15000,1440p
2.180385218768132,1.658979727427234,8739.578672574718,8000,1080p
1.3716961770506184,1.395705943279695,12124.88483458811,8000,1080p
0.6675178470068446,0.898992073761421,21419.86562303024,15000,1440p
1.6019504112298775,1.701759912894205,10156.59022977335,8000,1080p
2.138827397795767,1.6975632363743314,8746.354373075623,8000,1080p
0.9370479492327402,0.8516692603291838,18758.936192165245,15000,1440p
1.5376355467269003,1.3822969177718514,11491.509618103479,8000,1080p
1.2345559721181516,1.4177482657567064,12651.049423683491,8000,1080p
1.3161276775617765,1.4917473882495493,11950.115732910845,8000,1080p
1.35159246847773,0.9453482401149613,14608.314387252254,8000,1080p
1.2678227115639746,1.087566716889186,14245.810732892684,8000,1080p
1.4332211059326747,1.6377454316215783,10926.342436385865,8000,1080p
1.0806779841803373,0.8294455031267942,17566.629709006207,15000,1440p
1.0940985392105522,1.1085627492464785,15233.586832365387,15000,1440p
1.3127029157858945,1.1281666194447606,13746.91744711755,8000,1080p
1.1780865359015245,0.7888578002626163,17059.167045589384,15000,1440p
0.6107160628029183,0.9117651142813742,22039.308271948674,15000,1440p
0.6798796937205817,0.7422851204029378,23593.912369910235,15000,1440p
0.6237711817417044,0.8056391334389146,23474.317796398507,15000,1440p
0.878516556713744,0.5977552236588951,22729.16982232785,15000,1440p
0.743828269480333,0.8142137238555404,21536.28216923582,15000,1440p
1.272073245561377,1.6444303433118377,11505.019958834917,8000,1080p
1.2386690993160276,0.9070922491660323,15637.541436626609,15000,1440p
2.1824479610742036,1.4866229244541613,9145.212247696323,8000,1080p
0.9500626929597213,0.8064551705462086,19102.812841895542,15000,1440p
0.8151889655444726,1.183922978270404,16784.668864500185,15000,1440p
1.4388687945663492,1.7506614756681727,10520.179824953593,8000,1080p
1.1109137837567273,1.4435917103935647,13135.39237900964,8000,1080p
0.6733122047744009,0.8853853291668616,21527.224666324808,15000,1440p
0.8141658551365384,1.0436070752023294,18061.64329990506,15000,1440p
1.030137095240105,1.528484912491996,13114.259120182358,8000,1080p
1.704296084107828,1.423431429614587,10728.054746708332,8000,1080p
1.45184335913942,0.9827541947694305,13782.332092680748,8000,1080p
1.0673688443690554,1.4514902138625578,13321.282066316637,8000,1080p
1.877273133969448,2.513045530812125,7642.823804378538,4000,720p
1.1629920794753668,1.0020318542822269,15498.411577262921,15000,1440p
1.1928157082402304,1.6822588508893164,11670.804116523117,8000,1080p
0.7925135811263729,1.1138083979814768,17601.660353149433,15000,1440p
1.124438482109713,1.112884909107302,14997.57796826489,8000,1080p
1.0357151251858834,0.8562367991596551,17735.351288911374,15000,1440p
2.042375508081067,1.7853759604265131,8766.094736313353,8000,1080p
0.9469560490900957,1.1453609784555967,16036.973153805313,15000,1440p
0.6968369949438407,0.8136745550851345,22213.952617149036,15000,1440p
1.3157107771399044,0.9294864799570279,14944.98173554082,8000,1080p
2.2511013742260886,1.9206282815269367,8043.290138354663,8000,1080p
1.5273207883027606,1.104346913643108,12750.254135501104,8000,1080p
1.1519825238670822,0.8842734756600683,16478.493867073612,15000,1440p
0.7575071080976266,0.9659031940516829,19469.787292180743,15000,1440p
1.3679061848220675,1.0332823445522532,13974.093074958717,8000,1080p
1.6739868330839058,1.3287040294162502,11174.78739455093,8000,1080p
0.8395932279789188,0.7277300182977512,21408.750287926785,15000,1440p
1.159535984555669,0.8117913667370678,17021.237988706453,15000,1440p
1.019813163831536,0.7727835538385908,18718.338413344503,15000,1440p
2.0081365213840723,1.7737806185522182,8872.333993167616,8000,1080p
0.8319605604143692,0.8691360635778373,19725.176998619292,15000,1440p
0.8990887007302824,1.2567656064212966,15564.3319164428,15000,1440p
1.4443633618262024,1.5934835868279476,11045.464951703883,8000,1080p
1.0389024238977056,1.0991093142492216,15694.222534569682,15000,1440p
1.0996483977773586,1.0082926327170194,15918.107534597606,15000,1440p
1.2004943434764679,1.5567653169631288,12169.48569676979,8000,1080p
1.005666862107581,0.9025589457857237,17584.099251358697,15000,1440p
1.3129016987567814,1.898389930596601,10448.88969076796,8000,1080p
0.6983084607632637,0.9438435071944453,20433.20755613779,15000,1440p
0.9132431095274656,0.8473561408408787,19058.529073541238,15000,1440p
1.1649615272305736,1.6823161725814304,11784.741615549296,8000,1080p
1.0938066570386007,1.1753629799463683,14787.097206440481,8000,1080p
1.5394685875856993,1.3533990883388711,11599.020680846003,8000,1080p
1.7647642449195866,1.710784199057642,9654.427938746303,8000,1080p
2.185379527655367,1.4970917760041256,9111.93305611233,8000,1080p
1.1077256954746522,1.649282260193041,12170.596726433376,8000,1080p
1.2511689956493195,1.0808318025872372,14388.688042205491,8000,1080p
1.039459105667544,1.4756694696316424,13341.040426137475,8000,1080p
0.9288436972850325,1.1918533194802756,15822.36016495202,15000,1440p
1.2328593615116126,1.1183707147352955,14271.011730830025,8000,1080p
1.281740326959833,1.2220826198263093,13401.279848109789,8000,1080p
1.4379789752193726,1.0403201272067126,13539.298774370094,8000,1080p
1.2873313789923362,0.996169627444297,14694.292625848742,8000,1080p
1.2495739336964382,1.3415576589267486,12949.721309225542,8000,1080p
1.347234039070418,1.109091025448291,13660.419984589716,8000,1080p
0.9450967842031018,0.8009447094493455,19217.43104157814,15000,1440p
1.3415947734335687,1.9074507809539736,10327.473542095393,8000,1080p
1.4328171979820088,1.08682608372606,13317.135899194991,8000,1080p
1.5675783045174216,1.2533202902531708,11894.944420265057,8000,1080p
1.6672563118911174,1.2783819501816094,11391.226286010116,8000,1080p
1.2637677160044138,1.6887392757070214,11364.725670149897,8000,1080p
0.9861931406888247,1.2060448517580515,15306.01700892341,15000,1440p
1.2085660182032365,1.4239664865855781,12746.065599935217,8000,1080p
1.1700495056936502,1.1353955704267928,14554.426972714844,8000,1080p
1.2606822458533922,1.4148173214227031,12541.370744515387,8000,1080p
1.0078456128952242,1.0937511120429437,15966.161158243725,15000,1440p
1.11281038925911,0.800070316736035,17541.30923838445,15000,1440p
1.6473170096333216,1.1182139418717385,12133.088578068155,8000,1080p
1.8367790961047927,1.5485680044109376,9911.666663335127,8000,1080p
0.8095170480561928,0.6864693630590684,22429.63689421824,15000,1440p
0.7829891111663893,0.9511431599677395,19349.407515526644,15000,1440p
1.0062154340218599,0.7813649731506698,18770.86583930178,15000,1440p
1.6634861466464153,1.2753127500765822,11417.736694203864,8000,1080p
1.6193946487485689,1.6344936265148058,10312.103293492477,8000,1080p
1.6847740213063496,1.1403702599323315,11877.068446673493,8000,1080p
1.8118209680538437,1.2728357651221653,10877.849596396372,8000,1080p
0.7260990112537484,0.8598794235840248,21156.928280321932,15000,1440p
1.6576070226122903,1.157489475152924,11919.460674487515,8000,1080p
2.1288433249163887,1.5502871752007454,9120.207070374838,8000,1080p
2.306488220880209,1.7635035601980098,8244.348835296858,8000,1080p
1.397973267003022,1.4731182862942978,11686.994781292933,8000,1080p
0.8583164756105547,1.0519897561845646,17564.949242964474,15000,1440p
1.2359487873514359,0.9099627227493505,15636.447189019484,15000,1440p
1.0619581010649506,0.8583092445166174,17473.833566564022,15000,1440p
1.6249071641416295,1.3073323374527073,11443.278075258027,8000,1080p
1.2562009066652318,0.9716583456353589,15061.288977456785,15000,1440p
1.6233432539137203,1.248211085269418,11685.11128002722,8000,1080p
1.082969300808249,1.5962508035095302,12523.954991948713,8000,1080p
1.7141876034661172,1.5599646473545452,10248.280907398126,8000,1080p
1.7545585589939132,1.4535787328618754,10459.163354754684,8000,1080p
0.9493940456846561,0.749530658288811,19750.393835302093,15000,1440p
0.8001409207480799,0.7792871540144046,21244.672382467266,15000,1440p
1.26803812651434,0.889336685932536,15553.362265290774,15000,1440p
0.9973040326551044,1.3377406677148473,14369.931331371867,8000,1080p
1.283876923057143,1.5575710048959142,11808.920258543041,8000,1080p
1.0878339939049428,1.3876956557782514,13554.445613000082,8000,1080p
0.8497937581419955,1.2253975907668964,16169.319526916146,15000,1440p
1.73481989308988,1.766938093870911,9582.167621218796,8000,1080p
1.186973231485787,1.5148470525617461,12419.194643743254,8000,1080p
0.9378022131864691,0.7842951750982069,19484.630908953677,15000,1440p
1.3988138048545327,1.239023668166048,12720.431923190821,8000,1080p
1.0844701435438213,1.3733568485306482,13652.072382718523,8000,1080p
0.8975102891860377,0.6279417632746332,21996.385888284156,15000,1440p
1.1043543078862479,1.309247184918764,13902.225408803544,8000,1080p
1.3275282431705635,1.2433403405369747,13051.788104862986,8000,1080p
1.3215162963514933,1.9442281318839278,10274.665619847803,8000,1080p
1.2648014964436698,1.3936643448631674,12621.727719286946,8000,1080p
1.0939554077168276,1.4381178305071742,13251.76203178669,8000,1080p
1.456982395748777,1.4506410607238978,11540.157280443007,8000,1080p
1.5682541105277843,1.4728978241879642,11033.461241105757,8000,1080p
1.035209753319813,1.3107991165676924,14302.772862750935,8000,1080p
0.6845088895238535,0.9095452374342853,21049.74444251175,15000,1440p
2.6187670667723313,1.9372935210629891,7364.7905582270605,4000,720p
2.113749948907053,1.4349846056124855,9455.32315378909,8000,1080p
0.9513105899923852,1.300306571066277,14902.369985590014,8000,1080p
1.2921508485193165,1.1451302264453176,13767.157323242618,8000,1080p
1.5081262817070036,1.4289550021143824,11424.413816815757,8000,1080p
1.6852498144939092,1.839487795835881,9519.69641702223,8000,1080p
1.0246569957051554,0.7225411166438382,19204.70939319426,15000,1440p
0.6178573681949558,0.8462477737555135,22918.048054458064,15000,1440p
1.9834176543913593,1.3683680321036775,10010.91213414897,8000,1080p
0.6956925785349967,0.8818740123674275,21269.740493683803,15000,1440p
2.1083124028220475,1.764681982251413,8663.692395041664,8000,1080p
0.7204124041626633,1.0528212023016317,18922.736337546194,15000,1440p
1.0001405415095603,1.3251504684519144,14430.207598211944,8000,1080p
1.6568049359401196,1.5048278203351086,10613.007451102902,8000,1080p
1.4474949417044147,0.9879239758839615,13777.68389564231,8000,1080p
1.079163982000399,0.9899435194639552,16216.862572994767,15000,1440p
1.5118618271156203,1.414793598248721,11465.1119189485,8000,1080p
1.0025194887070614,0.8270763792101634,18339.805302576297,15000,1440p
1.0883307830303124,0.8610250724159145,17213.08703398285,15000,1440p
0.8896130912492887,1.3233704396631545,15162.531275668849,15000,1440p
1.091254303093374,1.0035016816611193,16018.301054732445,15000,1440p
1.869710536999813,1.6677463050613146,9485.467526000753,8000,1080p
0.7443788290264179,0.9850626929295665,19401.88874501533,15000,1440p
1.411230013506702,1.0961690061859317,13382.166833627152,8000,1080p
1.0607967589226266,1.4008727852895337,13630.76213007252,8000,1080p
1.020520873630501,0.9330639470388171,17175.82551061382,15000,1440p
0.9531152324712701,0.8812489989645104,18292.13164156418,15000,1440p
0.9463976920098695,1.247273897322906,15296.014300028326,15000,1440p
1.309684077433706,1.4517837799743112,12150.940634701079,8000,1080p
1.4203592348043799,1.457165625260802,11660.866067805204,8000,1080p
0.9739149556893888,1.2352601321869492,15188.67027975388,15000,1440p
0.8773502313369357,0.9581986182189826,18280.32634931942,15000,1440p
1.3323071275035598,0.9485137210706913,14711.55966544895,8000,1080p
1.4740768256665644,1.7488303184791139,10411.231381875428,8000,1080p
1.2195155779074398,0.9008494950215489,15824.837160541054,15000,1440p
0.9037269780360317,0.7459043538504349,20340.564192381218,15000,1440p
1.5761553593046658,1.7856193313379929,9981.166225504992,8000,1080p
1.1678645377468737,1.1486667858429553,14484.773703815987,8000,1080p
1.0380642398506938,1.1869524548059345,15080.53044302134,15000,1440p
1.8613092080126348,2.1601488494155037,8343.847311305597,8000,1080p
1.5958444857317169,1.707250528272535,10158.482228860525,8000,1080p
0.8046025020887013,0.9284617918423146,19361.33132365811,15000,1440p
1.3813549092405164,1.7717938226038135,10641.563355742324,8000,1080p
1.2926906912086842,1.6626317637063421,11353.898774800458,8000,1080p
0.9670209108011161,0.6993159310705792,20136.644138714677,15000,1440p
1.0986906173596644,1.3253237744197428,13842.505272985836,8000,1080p
1.6803723979610352,1.2752771016269733,11352.642458003627,8000,1080p
1.2242506234170618,1.7972079064969975,11105.375654768428,8000,1080p
1.4814168237046064,1.6211142425005913,10815.180020434564,8000,1080p
0.7055501422900866,0.8787174823381666,21179.77510767697,15000,1440p
0.7561909838773424,0.8052473408226595,21489.437955512454,15000,1440p
1.0479018615547464,0.872689304018879,17470.887402514036,15000,1440p
1.1411804439587838,1.2041567970712022,14306.868715078317,8000,1080p
1.0346052701187347,1.2406068942756325,14747.825510563656,8000,1080p
1.3249062302927275,1.2680375247472266,12940.670978604765,8000,1080p
1.8646692614840936,1.5899985121129911,9712.781141053776,8000,1080p
0.6960999388271786,0.7850275808271662,22654.654345920666,15000,1440p
0.9423864533925624,1.2982852923911814,14975.166292492035,8000,1080p
1.2573503419246324,1.5908927062920175,11780.747440429706,8000,1080p
0.858103619758497,1.1660353938933905,16577.13811832625,15000,1440p
0.7946494308323053,1.1429847844988321,17317.216910450574,15000,1440p
1.3587290497283029,0.984926221760438,14317.136316163722,8000,1080p
1.0808555588343385,0.9426642365896072,16582.21089602439,15000,1440p
1.4166257858531757,1.806802688852267,10409.547555748451,8000,1080p
0.8533985412769217,0.763506392131904,20752.26026384814,15000,1440p
1.416970531162796,2.0419688172267545,9700.78646091977,8000,1080p
1.3889842783034871,1.4717995136670639,11729.104483246252,8000,1080p
1.3119564604656397,1.0875519497870285,13983.877637864465,8000,1080p
1.502949949634704,1.1773247201467172,12519.02738861327,8000,1080p
0.9337169459591472,0.9874700593770804,17465.46895580716,15000,1440p
0.7998889674161106,0.9483891590646402,19192.845515687146,15000,1440p
1.2168235110680723,0.9752353122638022,15307.26805451238,15000,1440p
0.9793563760824031,1.4238330657069143,13962.458146876981,8000,1080p
1.170046354695451,1.4525350165412991,12794.429323722561,8000,1080p
1.5800916435277583,1.3276436662359796,11539.713359510153,8000,1080p
1.1072127914927892,0.7666323641643866,17906.72612339312,15000,1440p
0.9286066418776399,0.9868376153835862,17517.83267657049,15000,1440p
1.0191133345403234,1.2078026342415442,15067.668681883142,15000,1440p
1.4459818668734628,1.2416641904612347,12484.691542038641,8000,1080p
1.4575159944491412,1.1518957864955603,12859.002264430675,8000,1080p
1.514903253270481,1.8600201694666443,9942.279511867186,8000,1080p
1.2452642009952488,1.2790352768703774,13292.571778516278,8000,1080p
1.2832563048185253,0.8914029564881649,15429.742303554307,15000,1440p
1.8756986155951592,1.4216389981012592,10176.219705444246,8000,1080p
1.1535236493035566,1.0535016461679492,15203.46507529787,15000,1440p
0.9214172958881397,0.7028252613903283,20658.51054673927,15000,1440p
1.2643487556049986,1.0076356847689723,14768.777199229811,8000,1080p
0.955435057740932,1.2284427412498213,15364.610609397047,15000,1440p
1.1312610400780068,0.7818624085198163,17539.083546643524,15000,1440p
0.8307684238807519,0.8321112357803576,20178.508892723064,15000,1440p
1.4855793347053903,1.168593262058575,12642.143936272425,8000,1080p
0.8703708838372003,0.9804813621325125,18129.179178438364,15000,1440p
0.9413709634983016,0.9347384664271956,17885.11451665828,15000,1440p
1.3214811228038907,1.0032636276627491,14433.598352363075,8000,1080p
1.2406694662316395,1.6732146136830366,11515.36268422268,8000,1080p
1.841060613991504,1.7155866022302693,9434.287394869845,8000,1080p
1.5187394538793075,1.2776058248593483,11999.388006596724,8000,1080p
0.8596906506781921,1.2667184038137231,15779.85756273856,15000,1440p
1.0171513133576886,1.2361079908806374,14891.509351313864,8000,1080p
2.1036469643373645,1.7448676588871752,8718.80070235666,8000,1080p
1.3722220794249707,1.1952808634109349,13068.89719196888,8000,1080p
1.6048994489228687,1.819436378195216,9798.814629767008,8000,1080p
1.0159488292985963,1.285907764066137,14577.116618265038,8000,1080p
1.1525913071935527,1.025032892396785,15408.733980046869,15000,1440p
2.5155585707783343,3.0448686761119728,6034.506074828236,4000,720p
1.5673332148528318,1.2265356080563603,12010.024137446986,8000,1080p
1.0467229234311213,0.7060721583213654,19143.385527104212,15000,1440p
1.3356613677504896,1.7982027375306378,10707.047553036751,8000,1080p
0.9470842610700301,0.7604705045934452,19650.574420646666,15000,1440p
1.681248329588234,1.281467815650241,11325.564230622282,8000,1080p
1.1303583803868171,1.059300296003886,15324.046784912174,15000,1440p
1.6936173600080453,1.306259591289054,11185.269444298905,8000,1080p
1.5101984292218673,1.881333490867175,9893.591683819108,8000,1080p
1.4384295650500794,1.191231983027481,12759.981232006947,8000,1080p
1.0908558708338807,1.1898036547244495,14712.600291262463,8000,1080p
1.029067518830681,0.8961572259698063,17428.838939776495,15000,1440p
1.5579619821736208,1.7724284467041782,10075.224727121986,8000,1080p
0.9527653394019393,0.977731208869286,17381.244234830803,15000,1440p
0.8095493440169748,0.6567732396176602,22883.390308854978,15000,1440p
1.1033943577105942,1.4094241244492238,13353.30515842087,8000,1080p
1.7310175456417,1.1871131939138573,11498.60475583437,8000,1080p
1.3832516697873556,1.36730591698997,12199.138153407597,8000,1080p
0.8776712811875503,1.1341070063789265,16678.991023702074,15000,1440p
1.4388223977869432,1.6329341057812348,10923.532500386307,8000,1080p
1.9657274802266322,1.7147287598634449,9116.921873571515,8000,1080p
1.1453013503674352,1.0792909601038654,15083.407347070792,15000,1440p
1.191442000888935,1.1088571484136351,14586.986223149888,8000,1080p
1.141077428394309,1.0945729139684186,15008.801405204667,15000,1440p
1.1010402045516148,1.2119165687952116,14507.15914221218,8000,1080p
0.564871908814097,0.6549863465044561,27506.828644806454,15000,1440p
1.69184214154782,1.2587803438068401,11371.984103878614,8000,1080p
0.8482564298863395,1.1729353562352096,16601.310291482714,15000,1440p
0.8120516596651561,1.030724035520714,18208.636074188922,15000,1440p
1.2606672434336623,0.8655694149967745,15781.136999476572,15000,1440p
1.4658026235320902,1.232129051375247,12437.094798241122,8000,1080p
1.8295257473234074,1.6683694362593058,9592.749421848579,8000,1080p
1.218889530521011,1.6515282225042807,11689.7381799688,8000,1080p
1.4152374401196475,1.1457777259585964,13102.00440998671,8000,1080p
1.3569559819156833,0.9739279035906463,14395.582812445025,8000,1080p
0.9831273314221709,0.9740026040168333,17144.713487034474,15000,1440p
1.40754739052087,1.1647797347547977,13044.387578195012,8000,1080p
1.6666692525631674,1.3551491931690576,11104.052941165146,8000,1080p
1.2147538019581205,1.4499201791877134,12592.321701423034,8000,1080p
1.8181717407682572,1.3484634923442205,10596.241603431992,8000,1080p
1.1942418632060772,1.293757661587354,13486.51061450098,8000,1080p
1.4247326303613088,1.0587015030103475,13511.303379906649,8000,1080p
1.7816487163091974,1.7482229779800282,9505.850327162249,8000,1080p
1.329705369790121,1.3445996275428749,12546.972777399298,8000,1080p
1.4012614929584701,0.9670360589626441,14168.16563982061,8000,1080p
0.6156485231640142,0.7988229289268819,23722.24052341195,15000,1440p
1.2682034362042336,1.2188215611007427,13491.795231797312,8000,1080p
0.8367421322052856,0.6579997357063613,22448.312126882487,15000,1440p
1.5370872110673173,2.0999405215612414,9225.78392762199,8000,1080p
1.9721140080148194,1.4695144173250978,9749.580097882284,8000,1080p
1.3982791904103693,1.4195427768779512,11907.931867069123,8000,1080p
0.925669872066131,0.8062284964660499,19374.365499540287,15000,1440p
1.6069938325145576,1.460872700631023,10937.383239288307,8000,1080p
1.3761294404601727,1.1612108142745952,13224.253994861836,8000,1080p
1.2137727546189163,1.0394955277672122,14891.450016092662,8000,1080p
1.4394840278136336,1.5587200015793898,11191.51054132663,8000,1080p
1.033545918572193,0.8484513087398893,17829.161229914946,15000,1440p
1.3748090581186279,1.14340068373962,13324.716937692161,8000,1080p
1.3570896359161027,1.6715113328220936,11079.185520428517,8000,1080p
0.9955694085600802,1.1991371830706767,15288.800848348335,15000,1440p
0.9098973502208985,0.9153636312035509,18383.361251613365,15000,1440p
1.1984415490730647,1.2620060029585898,13637.531908490897,8000,1080p
0.8732824372792445,0.8300124734760639,19699.719518988426,15000,1440p
0.9302444587293512,1.209042967086572,15684.863845353717,15000,1440p
1.3634839278093547,1.9026074681202068,10273.574108127516,8000,1080p
0.9719698883131708,0.8484873813088128,18431.87014599225,15000,1440p
1.0071697843261704,0.7235192713066358,19387.90326938955,15000,1440p
1.127484393948003,1.3874026018620116,13342.321963533206,8000,1080p
1.1628948123901177,1.19438465538956,14234.388607136569,8000,1080p
2.071951595597925,2.277676120229577,7714.322740289138,4000,720p
0.6525899428864618,0.668133926688428,25406.09189625716,15000,1440p
1.2585402630054163,1.0313982949334404,14652.983541271036,8000,1080p
2.459466330356921,2.893941756961199,6267.863658570752,4000,720p
1.4618459263322938,1.0604070418051093,13303.357127092131,8000,1080p
1.1232557035994826,1.5708821275281228,12454.608525338926,8000,1080p
1.7878752962146371,1.456656887239623,10341.83977927955,8000,1080p
1.0735301281810152,0.9594360365243892,16505.16008704077,15000,1440p
1.409298866921231,1.382232091512901,12020.082348942267,8000,1080p
1.1292642760645053,1.5552587803897933,12499.215426489385,8000,1080p
1.1075543150147305,1.6136387943558403,12330.779423354248,8000,1080p
1.091404890455289,0.824228898584793,17516.099471608308,15000,1440p
0.728341536038135,1.016174202720829,19234.23862250184,15000,1440p
1.5218637874240737,2.127347643019717,9194.981611662703,8000,1080p
1.4254584085120356,1.5187087109136241,11396.91825868421,8000,1080p
1.0704124133194999,0.9847559518902462,16326.853102653467,15000,1440p
1.1100894415048426,0.8256756706737802,17333.937774214708,15000,1440p
0.8793149136652079,1.101106002915463,16943.080998121335,15000,1440p
1.3535128173160749,1.5623760833717906,11507.445291240152,8000,1080p
1.2764750830622231,1.065983778205447,14324.448789611324,8000,1080p
1.464732697123064,1.107900598125428,13042.835161145249,8000,1080p
1.1225896697722189,1.0990357199344591,15103.550830606146,15000,1440p
1.4036795175724848,0.9424443265670321,14302.071940412288,8000,1080p
1.36182520055325,1.9980807497990067,9986.717633117709,8000,1080p
1.9918407631287476,1.4051557925421831,9877.676191335662,8000,1080p
1.3074839967987972,1.2038687757526083,13361.098594647226,8000,1080p
0.9302536367457682,1.3914691437867401,14452.38522072992,8000,1080p
2.213185726062562,1.512879046217364,9005.327081168403,8000,1080p
1.5959294172666467,1.6515095244947064,10332.582875846365,8000,1080p
0.9693006638080113,1.0427363996108872,16676.845874291976,15000,1440p
0.841810921853655,0.7587745653412005,20963.848709391103,15000,1440p
1.8388050684257857,1.4527052086998191,10194.235829426685,8000,1080p
0.9509958603013836,0.6408879877582648,21078.442400743992,15000,1440p
1.3909091413419385,2.0308711978050047,9806.132677810985,8000,1080p
1.5073381865416355,1.6246540164472079,10713.446849573631,8000,1080p
1.5934222034458563,1.7387668866838977,10069.786285355554,8000,1080p
1.1022355640504653,1.1352484075156442,14996.501618071406,8000,1080p
1.6055396570941078,1.3318163341699396,11423.345382648138,8000,1080p
1.3088558979922518,1.4899339738084791,11988.907183807696,8000,1080p
1.3451444649098065,1.2092657378150293,13135.882390466057,8000,1080p
0.9201417221549292,0.9286955176986348,18148.937762989703,15000,1440p
1.62646172651194,1.66533336833037,10193.353788203329,8000,1080p
1.9486165209445805,1.3989312517146735,10023.585704751493,8000,1080p
0.6729424243857706,0.8124774054376364,22589.190830978132,15000,1440p
1.0915374279774306,1.3444303659939432,13774.579484606402,8000,1080p
1.3350730759585265,1.6192306081189942,11357.814086901275,8000,1080p
1.011877569236831,1.4447028208218333,13659.000184072424,8000,1080p
0.8035897599025811,1.1291560618319387,17361.016447515573,15000,1440p
1.09324891045908,0.9929226856489313,16084.21477053929,15000,1440p
1.308628230930159,1.4814503846829432,12026.339262353233,8000,1080p
1.0285288281241571,1.4618677123726191,13473.529799116517,8000,1080p
0.7743399013657868,0.7007331637308738,22747.640638263027,15000,1440p
0.8673754578927884,0.7492436707216048,20755.92909058274,15000,1440p
1.6513262633833754,1.5054445823621363,10629.353107851479,8000,1080p
0.6963070358602238,0.8770125109612684,21327.156373152884,15000,1440p
1.5310497840829336,1.4536433914500568,11242.171314312074,8000,1080p
1.040537121582295,0.779085520335284,18440.32450851415,15000,1440p
1.2690694786578096,1.1167878705781387,14063.888610417356,8000,1080p
0.9810030611227205,0.9986341426647654,16949.78854499345,15000,1440p
1.2542662554354866,1.5744169515057906,11862.20921369389,8000,1080p
0.7886940082637639,0.9348194277477107,19468.62223345998,15000,1440p
1.2861199513182897,1.0825599308222076,14165.878746636701,8000,1080p
1.7293639321234504,1.308162101446097,11046.631906745675,8000,1080p
1.115620423454572,1.1694646046619666,14684.10653745211,8000,1080p
0.8936958711840007,1.2883454818371751,15377.541747108387,15000,1440p
1.1967785662626342,0.8383756682479939,16487.41477722374,15000,1440p
1.3993131030625683,1.2202604313570833,12809.120094975213,8000,1080p
1.5181790968606015,1.27656329419037,12006.270097539027,8000,1080p
0.8116348562579343,0.763260332670207,21305.819102055186,15000,1440p
1.5524052721589725,1.160424052584069,12368.79581548252,8000,1080p
1.9837884512173731,1.3329812579498561,10116.599867412806,8000,1080p
0.753651620787474,1.0538908760519319,18563.56465127204,15000,1440p
1.2383993935009914,1.834070761426802,10920.99526050191,8000,1080p
1.0646240524202542,0.8793587910965179,17260.6626194798,15000,1440p
1.5138976104817026,2.161606755755993,9129.204772064208,8000,1080p
0.9501815043789934,0.7797821577234436,19396.032838759784,15000,1440p
1.1955429693776822,0.9617684375431592,15553.819394063594,15000,1440p
1.7361699892500542,1.3810716807856482,10764.142004946218,8000,1080p
1.000206729111202,1.03565947719596,16481.648890308985,15000,1440p
1.0941839127521473,1.2442791039924237,14348.925666017976,8000,1080p
1.6215334591745731,1.0902336062623033,12373.640947141692,8000,1080p
0.9628204753875294,0.9319427615959992,17709.036857511972,15000,1440p
0.6871225329642222,0.9769016984083999,20164.62943710957,15000,1440p
0.9615117736143053,0.8391446263824156,18634.55570982954,15000,1440p
1.3811923338787755,1.3668289341916091,12210.39749214218,8000,1080p
0.7979745803320917,1.1563990909071244,17168.89277306117,15000,1440p
0.7645622607721567,0.9424976888406287,19656.270424252645,15000,1440p
1.0681018906013346,1.077038377979567,15642.068955331128,15000,1440p
1.9291170540083495,2.2359440959916626,8056.167914845597,8000,1080p
1.7586715692346515,1.375046912955367,10707.54510678007,8000,1080p
1.2719821855684605,1.2484375522427262,13313.033339891133,8000,1080p
0.6323481290292388,0.8971929724501981,21937.581126486064,15000,1440p
1.588592106536085,1.1713256674579204,12157.76510306748,8000,1080p
1.0873747159527662,0.8675352394740037,17164.182885689403,15000,1440p
0.6417951547097783,0.7707672710425376,23754.30026190118,15000,1440p
1.5570674417172645,1.2855542300544847,11804.044250139763,8000,1080p
1.4492470602510212,1.1557430292583954,12880.829042355059,8000,1080p
1.4076307872280258,1.3856561684435464,12012.525935393101,8000,1080p
1.5478881451353161,1.2499478806334605,11992.994475357098,8000,1080p
0.7213663322155309,0.9643257126594066,19905.434152113725,15000,1440p
1.04521607083565,1.0895515940513036,15718.072065597298,15000,1440p
0.892578884397822,1.3265184781386998,15120.757009798737,15000,1440p
1.1601825301097908,1.5453502942463422,12402.152987364083,8000,1080p
1.1373370648531658,1.3107887249129717,13706.171529366293,8000,1080p
1.2258331430977618,1.1198789327261043,14304.582538423834,8000,1080p
1.8359601064722904,1.2259066116271937,10958.815353278147,8000,1080p
1.445764645565827,1.567794366419779,11134.486454901473,8000,1080p
0.7673149380637627,0.5375263468606117,25715.335947501644,15000,1440p
1.5426645839540134,1.9022685248135596,9740.227441456509,8000,1080p
0.6301164211566291,0.7375099923052592,24534.79376364433,15000,1440p
1.0139514950123967,1.0920871989625411,15932.485996574622,15000,1440p
0.9228566080089995,1.3217652575304464,14948.81276670444,8000,1080p
1.7534349167600878,2.157633330406344,8579.352207497319,8000,1080p
0.9902237008555019,0.877780658656576,17962.716108844845,15000,1440p
1.0569244231009018,1.1772724779392614,15018.5652770256,15000,1440p
1.442894426890451,1.395863867987252,11820.108834396402,8000,1080p
1.5561515708618185,1.4634141349491858,11112.337093849676,8000,1080p
1.4704948846733275,1.3947037848922732,11711.03154431077,8000,1080p
1.3325484138390506,0.91933780598873,14900.589427900211,8000,1080p
1.088465304243121,1.1529178297863767,14970.41335350675,8000,1080p
1.5577140566980827,1.1199054066694074,12531.441625316129,8000,1080p
0.9833892944704405,0.8886892869907632,17923.623683472695,15000,1440p
0.8932967877492132,0.8677775099534345,19053.38806191899,15000,1440p
0.845979728669962,0.8701744923748094,19552.107606956513,15000,1440p
1.0417784368226874,0.7263157545827306,18977.740079180025,15000,1440p
1.751198043570889,2.32184449691593,8238.173715708233,8000,1080p
1.984102818410212,1.690968310687078,9130.280971797678,8000,1080p
1.4835824324948013,1.3455971533740108,11860.127991732197,8000,1080p
1.1148449435156855,0.9162981439385922,16519.974494783262,15000,1440p
1.2656673732055632,1.1026799659404511,14167.86779767665,8000,1080p
1.467059226156773,1.6338291871114128,10820.909213122977,8000,1080p
1.0115104166080833,1.4168035107318044,13817.995944518352,8000,1080p
1.7531964712455395,2.060157799531467,8799.190848104174,8000,1080p
0.7945346663355812,1.0636465585527397,18057.67465012282,15000,1440p
1.0581111245177615,1.5012011476029514,13110.722112935411,8000,1080p
0.9338866039428438,1.2532482517472014,15341.729803585207,15000,1440p
0.724525564983136,0.9405518237977827,20151.875357917615,15000,1440p
1.4232015340903346,1.0584706863475997,13520.896000551893,8000,1080p
0.987764141301511,1.037708540611746,16566.222936319515,15000,1440p
1.3586656581327947,1.059134923850375,13878.080868223387,8000,1080p
1.1517384873878584,0.8353503240603568,16886.22662796089,15000,1440p
2.2592770766203762,2.1289619742617796,7646.445786323934,4000,720p
1.2609327728070001,0.87469873542772,15711.714249681385,15000,1440p
0.6616082532955768,0.9380840227138939,20975.554175771584,15000,1440p
1.5742224579285429,1.2974234194801797,11684.738798740183,8000,1080p
1.0036147016873143,1.2775270911763523,14709.489828721662,8000,1080p
2.1487957351774116,1.4970686235844481,9203.423028989242,8000,1080p
0.8898137186327917,1.3305203920878683,15112.334597746256,15000,1440p
0.9750105653138583,1.1993930002950155,15431.556740758071,15000,1440p
1.2548315394099077,0.9880195516202246,14960.615144801515,8000,1080p
0.9910882529272204,0.7745003950636026,19004.671353196423,15000,1440p
0.8866893094689638,1.3128408186726777,15255.27273788687,15000,1440p
1.3472678824222069,0.9194610928687883,14803.018960699697,8000,1080p
1.4385047115391005,1.6255178077550272,10951.104891921643,8000,1080p
1.4955240887852084,1.71816162406777,10441.105633261117,8000,1080p
1.2413565189293803,0.9406290874747991,15377.934621345323,15000,1440p
2.0332909486789483,1.477895387719487,9556.43727937781,8000,1080p
1.2130301383094155,1.561806076760355,12092.400920014772,8000,1080p
1.0949271263555582,1.0441571931704123,15686.353124890276,15000,1440p
1.1443560081008524,0.8944187154464489,16458.136160143302,15000,1440p
0.8126162680078646,1.074963583709232,17776.430474968332,15000,1440p
0.7846623670414364,0.6361794361403194,23615.88174338623,15000,1440p
1.3965364226026815,1.0784565522263958,13557.384744624282,8000,1080p
1.0879367313517656,1.300150053904525,14050.759045760107,8000,1080p
1.5218070793220422,1.1169555239894091,12715.972235581814,8000,1080p
0.8493136801382807,1.1125980838091767,17102.92614408251,15000,1440p
0.6411989426766136,0.8037391607719548,23222.054923956366,15000,1440p
1.3115877242496308,1.6807945075918562,11213.284066103708,8000,1080p
0.8065775607143144,0.8535218615291145,20212.302679230583,15000,1440p
1.743519689914768,1.9048223146776166,9197.172841187325,8000,1080p
1.0093370672600774,1.2709453329375577,14715.03354018423,8000,1080p
0.9269638734438613,1.2482122955378872,15426.075588032772,15000,1440p
1.1776585124441363,1.2476294082113595,13835.236515312814,8000,1080p
1.1160213505011674,1.2392282328085236,14246.656591208466,8000,1080p
1.469001330822739,1.8602633605113699,10078.631503028379,8000,1080p
1.3233194585840706,1.273798528782933,12919.872013214916,8000,1080p
0.9666685963942042,1.2892938383376467,14873.66610516649,8000,1080p
1.4590948863011368,1.2094381417025364,12574.111561625317,8000,1080p
1.3063968796978005,1.7171400177476814,11097.74186263425,8000,1080p
0.890631445620976,1.0547763319791499,17248.01986830395,15000,1440p
0.7713909327806093,1.0688675520525734,18233.542883537724,15000,1440p
1.7805844386617165,1.8332153393634179,9285.083308720772,8000,1080p
1.1517032896554236,0.9326682471123271,16098.105068174691,15000,1440p
1.3699536857957082,1.3365856051887472,12397.54106351627,8000,1080p
0.5767984504501215,0.8358028197098143,23753.647054416808,15000,1440p
1.3361028126635828,1.0057858522045422,14327.936465711318,8000,1080p
1.0146970734453462,0.9979773767418791,16671.564542829397,15000,1440p
1.7258183791149906,1.394043544655769,10755.101610216485,8000,1080p
0.8250180023759929,0.9803829959926301,18585.584050479694,15000,1440p
1.5068576675081087,1.383492564464835,11609.123222792226,8000,1080p
0.8424215447987786,1.1214208923103814,17086.11208615759,15000,1440p
1.590236996273607,1.099627915460523,12474.392990378012,8000,1080p
0.7482006137058774,0.9534010560656454,19719.3224454848,15000,1440p
0.8364930844611309,1.0988515819579758,17337.703501715,15000,1440p
1.1382486040664885,0.9547293149217959,16031.909221584014,15000,1440p
0.9988652768576002,0.734293608236246,19360.274634130332,15000,1440p
1.229149571247515,1.0556931156384717,14685.664003297905,8000,1080p
0.9884830329594986,1.285163657171183,14757.979832861103,8000,1080p
1.1602863520810163,1.322945765187814,13512.40255256712,8000,1080p
0.6518079355927489,0.8561101723286253,22252.158007608195,15000,1440p
1.5126074487801626,1.2473540153142915,12157.572646040273,8000,1080p
1.1786145113177562,1.5828052020155092,12151.152480727744,8000,1080p
1.1189284414085139,1.5496805339188373,12573.753708478016,8000,1080p
1.453040169253968,1.3496126383147116,11972.382704480866,8000,1080p
1.0137581346431075,0.7515324048899419,19007.880713435272,15000,1440p
1.386371792831644,1.1389365105894393,13287.26158091001,8000,1080p
0.8537696536110454,1.231462085255036,16091.464260104925,15000,1440p
1.2967648312199131,1.0605060311091499,14234.440571181154,8000,1080p
1.305242626896808,1.1888238837282907,13453.703763333124,8000,1080p
1.7943713014377645,1.255599663281791,11001.557846989317,8000,1080p
1.1185801122975645,1.1216248204909036,14978.286811570191,8000,1080p
1.2273685640114547,1.4679813818486709,12449.007614590946,8000,1080p
0.6958444653300699,1.0422637655762828,19305.14533177415,15000,1440p
1.0454550918954038,1.2568546150439337,14574.24772126199,8000,1080p
1.0635163200347664,1.5491680277085995,12842.895479885166,8000,1080p
0.9954948385054372,0.7624240817216303,19087.587950680816,15000,1440p
0.8460394597604581,1.2314823333268803,16151.181716431402,15000,1440p
1.221338532978642,1.2951305590271662,13333.933687719044,8000,1080p
1.0762478679763825,1.1497952822643012,15073.576626927486,15000,1440p
1.665029367984129,1.5525667330085988,10428.416416108728,8000,1080p
1.512909603426782,1.359327973002249,11682.33166899698,8000,1080p
1.5301897500007162,1.186211582229332,12352.531123393781,8000,1080p
0.6131458459398693,0.8650081072932989,22700.22816405987,15000,1440p
1.9497241813328154,1.9064412329547327,8701.502242532664,8000,1080p
1.35148948365302,1.4779085567978332,11859.212284833997,8000,1080p
1.6888481711833272,1.526740879254373,10434.925444043489,8000,1080p
1.278565410108562,1.1811038382448549,13641.847180250938,8000,1080p
1.214513368201254,1.6083914425669898,11886.490777869436,8000,1080p
1.374110863773106,1.1240746874356164,13431.52112290659,8000,1080p
0.9058845404500111,0.9126340928586185,18451.519487018264,15000,1440p
1.122167143877627,0.8458065025114851,17050.244581052455,15000,1440p
1.3408362388190482,1.5073992874425877,11780.778552411653,8000,1080p
0.6216511967479209,0.7141813107038483,25118.74191773365,15000,1440p
0.784089553854509,0.8040008025453937,21128.792744554983,15000,1440p
1.3339241180850818,1.8734448892023625,10461.668714688323,8000,1080p
0.7965047104325897,0.9763378046499191,18926.910717976752,15000,1440p
1.0345056156745953,1.0932522042226978,15769.854861405078,15000,1440p
1.2102426852964983,1.6521826057809545,11722.378258951761,8000,1080p
1.5938316191849387,1.5448912568415878,10690.472948818697,8000,1080p
1.5210593118654496,1.9599112306437037,9639.389816787501,8000,1080p
0.9097054457679911,1.196743797089228,15929.38074049497,15000,1440p
1.0550999634074159,1.144343644009171,15255.872842956052,15000,1440p
0.8515917372147044,1.2410079958666107,16034.806594661899,15000,1440p
1.029796893377983,0.8908380676505978,17470.489021000736,15000,1440p
1.7593985304014998,1.8697147991780423,9245.903600339621,8000,1080p
1.0237447753811688,1.0527811619163518,16158.927465008777,15000,1440p
0.9292537842239457,0.8694035367495869,18655.266686284907,15000,1440p
2.2105922526493154,2.4027740012433827,7273.3076355442645,4000,720p
1.153074936952344,0.9005597408489436,16339.046259154944,15000,1440p
1.2424486552075529,1.251440491008289,13454.660585421194,8000,1080p
1.1814311889069504,1.6610959718615335,11804.436722049995,8000,1080p
1.4131640972873192,1.3900614895830157,11969.936403677699,8000,1080p
1.3960591333208516,1.0116856164008194,13936.042017692616,8000,1080p
0.9650589847773623,1.185561039321445,15602.213140399173,15000,1440p
0.6748416742001745,0.8800121700402844,21580.441225581064,15000,1440p
1.3399896479627598,1.7351748778541787,10911.426597926833,8000,1080p
1.097240746358377,1.1081294393832857,15214.875133861344,15000,1440p
1.452466252909589,1.3874073798313344,11815.46658032622,8000,1080p
1.6991267252527513,1.9726959855199375,9138.358423884494,8000,1080p
1.2719450357610318,1.4356078818119997,12392.899796055392,8000,1080p
2.0907717559108443,1.8800951052795325,8450.152869124686,8000,1080p
1.5296303771590594,1.6726869319839295,10478.172136220914,8000,1080p
0.9744044935800568,0.9759340473119459,17204.414155018243,15000,1440p
1.2986007462615832,1.0810148875779366,14100.778093250205,8000,1080p
1.639264433844664,1.4455141135707863,10877.42004304109,8000,1080p
1.0383530862272046,1.1138671113703469,15590.612911009592,15000,1440p
1.3127719135474927,1.45649606886802,12116.715396655805,8000,1080p
2.307097931426527,1.6295433315819663,8523.619440587978,8000,1080p
0.7673987052464594,1.0048772892661217,18932.960838996343,15000,1440p
0.8319197799831805,1.1413441669446747,17004.533049032994,15000,1440p
1.6957201143870815,1.9376527138540467,9235.064384032203,8000,1080p
0.8728459590979959,0.6189682646555575,22492.366318624918,15000,1440p
1.7727812664182678,1.488403620013811,10289.030879420778,8000,1080p
1.5906393683381839,1.2886322575216473,11653.791777974302,8000,1080p
1.4786798231908322,1.5885319140480554,10939.718178767076,8000,1080p
1.2741841123875441,1.5670582917548486,11809.774467352478,8000,1080p
1.2339175274149794,1.023396214961059,14864.762203893179,8000,1080p
1.1188050359627257,1.068943246477533,15337.428107850099,15000,1440p
1.1178194440472522,1.094999703872201,15163.657649812321,15000,1440p
1.3896002052306728,1.4057804493165709,12003.528730663937,8000,1080p
1.3304486305865617,1.7304995453672154,10962.103920477059,8000,1080p
1.448474469166133,1.2741455826315344,12324.316783697004,8000,1080p
1.3584142090859015,0.959036469010053,14479.027457692746,8000,1080p
1.3097202212236743,1.4724804458401788,12060.39247895483,8000,1080p
1.0162521659367811,0.8070967069246027,18402.639505484753,15000,1440p
1.1598479716694436,1.1084042488743382,14793.077990222708,8000,1080p
0.8008718275303178,0.7180924748302498,22090.336124327787,15000,1440p
1.0008341577721875,1.1979825292168753,15260.222554499334,15000,1440p
0.824100606283148,0.7404037821171625,21447.32366926056,15000,1440p
0.9446658317269807,0.8092982167503229,19130.627009789703,15000,1440p
1.8863589246775216,1.8571956218159662,8963.254463977228,8000,1080p
0.7713142251286562,0.9563911261004574,19421.385698741346,15000,1440p
1.9500147991076375,2.0321896426228676,8426.094765094129,8000,1080p
1.2663611358315596,0.8580148269832262,15794.959360931844,15000,1440p
1.1428257692040762,1.194652213629297,14354.972430297294,8000,1080p
0.9299923765248144,1.2339985013651096,15505.810279902122,15000,1440p
1.9016988534020494,1.4781572404420709,9927.76942814641,8000,1080p
0.9176518240324939,0.8955785936964836,18505.332621777892,15000,1440p
0.8227753401418426,0.9717866391596132,18697.839577021055,15000,1440p
1.4769826849657421,1.2994493901576372,12085.450352142652,8000,1080p
1.1412292416297731,0.9177193149475187,16296.877303131581,15000,1440p
1.2930166908421412,1.2127871066349398,13390.68606799288,8000,1080p
0.6744807420957675,0.7304525089850111,23883.292657631562,15000,1440p
1.0187509012386091,1.0902984488948573,15909.742461871072,15000,1440p
1.0086291740535618,0.8551454026842937,18003.481976200124,15000,1440p
1.556163415656698,1.6010446254719641,10627.881204814337,8000,1080p
0.8710106154927855,0.9976127770813863,17956.7654634657,15000,1440p
1.6847093455905917,1.3160609462739556,11181.93954764553,8000,1080p
1.3715011283128833,1.1348345807519626,13387.844205643025,8000,1080p
1.4486031564912332,1.7350702926525265,10539.53319522276,8000,1080p
1.4301509428671497,1.2111513203583553,12703.745598212605,8000,1080p
0.8899983495679247,0.9738500657457028,18002.768746810256,15000,1440p
1.1626993698797585,0.8149701209892428,16966.65299986802,15000,1440p
1.6923414968787218,1.4386767264143072,10716.779528900133,8000,1080p
0.7956903183859775,0.8561428489806878,20313.450936145153,15000,1440p
0.6679046960431958,0.7172043055692268,24225.12016089627,15000,1440p
2.0034624153477574,1.3814801928077514,9912.851083251946,8000,1080p
1.4804542059648016,1.7610604615373822,10351.466965860149,8000,1080p
1.4510101353150888,1.7379802927656642,10521.960713502122,8000,1080p
0.867974367759334,1.2721576394817418,15678.673972665954,15000,1440p
1.0382700075421554,1.2827248644996236,14456.9177658209,8000,1080p
0.956788725603971,1.3753900478098249,14387.590000608618,8000,1080p
0.9788880717686322,1.0240663869510875,16752.468761295677,15000,1440p
1.317486038680189,1.182404730226414,13422.359255590984,8000,1080p
0.9679968750738805,1.329002718623814,14607.939893443472,8000,1080p
1.4040308697486164,1.0503858789841138,13671.040998772884,8000,1080p
1.0818563448466065,1.4087494769437243,13472.397641743224,8000,1080p
1.1743658660508647,1.102751585982305,14735.485852976208,8000,1080p
0.7054364611426648,0.8664000292451445,21347.27893466917,15000,1440p
1.2663025728678166,1.7986766679499386,10947.686546499242,8000,1080p
1.184475958533926,0.974617132153683,15540.984381231046,15000,1440p
1.6029152218924345,1.154430533564045,12169.105718279807,8000,1080p
1.0704014630370888,0.7397811927083753,18536.48961528786,15000,1440p
1.1704475719952225,1.1709065501119915,14331.207604683515,8000,1080p
0.6696221806807996,0.6332016354846974,25755.157054741463,15000,1440p
1.789525634708753,1.8111618224849382,9318.896016082357,8000,1080p
2.063220023493605,1.4713747343169037,9493.148238805505,8000,1080p
1.6349575121259179,1.6069159898909298,10350.321189005364,8000,1080p
1.4494374324587729,2.060784495521919,9559.062842303732,8000,1080p
1.1596942996216995,1.6283678626917548,12035.037257618922,8000,1080p
1.183994463747399,1.2457773089966517,13809.70524738028,8000,1080p
1.4211791955044246,1.632215352083592,10989.22247912764,8000,1080p
0.8310741256023535,0.8323447114568809,20171.96826947146,15000,1440p
1.7205629405511094,1.7859115110821124,9569.278904733283,8000,1080p
1.2934704706371556,1.5764724022709538,11691.672442942858,8000,1080p
1.5890153618229665,1.3207478269770316,11531.67107521146,8000,1080p
1.4459776486750924,1.2405136385904276,12490.058002069238,8000,1080p
1.8381910003124318,1.5669221685671293,9854.13122437894,8000,1080p
1.5211868270305768,1.2858807473611467,11953.553347311587,8000,1080p
1.32798009964681,1.8796916316012555,10460.68139489585,8000,1080p
1.4952850239578939,1.086917545129317,12994.500277281204,8000,1080p
1.0648509079802528,0.8084187869916761,17912.22699543154,15000,1440p
0.9545640683077127,0.8244743509001201,18860.993465751606,15000,1440p
1.1410342578137185,1.0408722716223286,15378.491950648659,15000,1440p
1.1582847254842261,0.9836237508291457,15665.670298739144,15000,1440p
1.3403018788913021,1.1986558456861367,13215.829344139433,8000,1080p
1.2271102648647545,0.9723468534898669,15255.779128397617,15000,1440p
0.8172099537425906,1.222884992509969,16447.485476906833,15000,1440p
1.20315621567699,1.1602022865150383,14197.774890638924,8000,1080p
0.7590855580696477,0.6460952798692973,23879.084523537986,15000,1440p
1.226714261520743,0.8893930970681352,15856.677528107884,15000,1440p
1.351162076151334,1.3315423035132787,12507.688977715434,8000,1080p
1.0681148913560172,1.326432703597386,14012.848218476505,8000,1080p
1.088050598762811,1.0643170725906541,15589.544689128365,15000,1440p
0.8558807184543977,1.2598702734502,15859.348348831127,15000,1440p
0.8862933045672688,1.1179763703443988,16741.475670672316,15000,1440p
1.6425678290671417,1.2265633795592281,11694.979964358123,8000,1080p
1.2940386091306633,1.4612318893447402,12178.27143235735,8000,1080p
1.962942341567279,1.3442144383857169,10146.005839032798,8000,1080p
1.4896317294204704,1.8719798469083888,9981.650538175516,8000,1080p
1.6713372432653744,1.4568759277033774,10726.38920883029,8000,1080p
1.6726301016467737,2.2220774201590023,8615.391993399939,8000,1080p
0.9585899679108676,0.8574216422236491,18476.9920042056,15000,1440p
2.519884627789056,1.8168726960270205,7737.216886849963,4000,720p
1.5242607206941339,1.3068845960387934,11851.893225573103,8000,1080p
0.8060268248416717,1.1316997708519256,17316.39131886374,15000,1440p
1.4188542871623977,1.1471167259536974,13076.699552911849,8000,1080p
1.1657149702984375,1.2329595992956026,13988.7387915564,8000,1080p
1.6022424192975353,2.1173120703252506,9021.08897547106,8000,1080p
1.0091298487418974,0.8890347312113636,17677.303830432986,15000,1440p
1.215738027455712,1.1362101818722272,14266.654285549961,8000,1080p
1.0878714879355809,0.9487708080216886,16475.368338664808,15000,1440p
1.6275885750792818,1.5853986465194505,10443.375490084843,8000,1080p
0.82398126865164,1.1475935891952775,17019.101185254276,15000,1440p
0.7934367563353281,0.8700247321777806,20171.451056551214,15000,1440p
1.2336826824010043,0.9899390983262417,15089.99070382638,15000,1440p
1.5713659098785184,1.227460649809446,11988.750029491259,8000,1080p
0.9749358038050587,1.1204963456640251,16013.132187793162,15000,1440p
1.5407169100511249,1.78812884430481,10079.899904071137,8000,1080p
1.2166690384364465,0.9407467350998697,15553.066966317503,15000,1440p
0.9468024620359652,0.809436153559379,19105.850254081473,15000,1440p
1.420105820067312,1.6238103759887899,11023.441461192437,8000,1080p
1.208518761590251,0.8353061834904691,16417.468668616715,15000,1440p
1.1108643204994906,0.9274098449812855,16462.177938700104,15000,1440p
0.9002959647632832,0.7462695633779389,20378.437071908695,15000,1440p
0.9217884917122127,1.0941547023368696,16644.532494293613,15000,1440p
0.8360119562119304,1.0297455882614976,17984.34748362229,15000,1440p
1.9956350424715203,1.8050389315272815,8828.547839028768,8000,1080p
1.3083929539372572,1.6851514982002374,11208.930595983291,8000,1080p
1.0056639521748276,0.7532517401966787,19076.77107295536,15000,1440p
2.046467181254465,1.4346542272472549,9638.972061719007,8000,1080p
1.5958452286977298,1.2224113801367156,11906.095383513428,8000,1080p
1.1008637289354142,0.8851465744015046,16895.396737681287,15000,1440p
0.7294065638744696,0.9924406273068551,19487.46216961273,15000,1440p
1.1274514040574526,1.1737006002730959,14581.579981180626,8000,1080p
1.6449740324135673,1.4755068077034825,10752.96844275492,8000,1080p
1.1586655574141167,1.2677776967440204,13828.648966959594,8000,1080p
1.198906047500345,1.1522463402059282,14271.483284303356,8000,1080p
0.7346645482708704,0.9354975503319382,20090.524164133716,15000,1440p
0.8623644045991384,1.143093442147412,16731.556863404174,15000,1440p
1.3508628197285364,0.9677904344135944,14471.517869287734,8000,1080p
0.9065871006563814,0.8475241822242979,19129.02124709866,15000,1440p
0.8723144977995554,1.1796052811990887,16352.701671590143,15000,1440p
1.0084531757011392,1.0652046618405917,16181.27706149339,15000,1440p
1.6142947736741173,2.0312308576423743,9204.278173702662,8000,1080p
1.2601985316322661,1.4084020639207475,12573.793191800783,8000,1080p
1.5049615070423987,1.0969035822345374,12896.299711421567,8000,1080p
1.364190250413954,0.9415364175230707,14552.649482092234,8000,1080p
1.5008838336637258,1.618294005242001,10757.460373523172,8000,1080p
0.7297543442751181,1.0157028453216252,19223.864211617907,15000,1440p
1.1103083048202422,1.1110276776828205,15105.518599752722,15000,1440p
1.6227062514186243,1.6859492292431868,10141.410067054881,8000,1080p
1.8893358204733601,1.5998187471393936,9616.780039342773,8000,1080p
1.3864872996644892,1.0345678203371318,13859.42505925992,8000,1080p
1.293101319357358,0.9172902742609046,15180.311080116644,15000,1440p
1.1019694984091155,0.8675698649193835,17036.690215367616,15000,1440p
2.594962221386779,2.27885021127197,6884.637532449208,4000,720p
1.204714275286303,0.964425424329195,15469.004603967123,15000,1440p
1.1474072837375386,1.6698864948005259,11910.16437675587,8000,1080p
1.0121317761654944,0.9967503197795635,16703.037011345685,15000,1440p
0.9326167739975725,0.6678970530204121,20964.787328652645,15000,1440p
0.9838033172083772,0.7829013581330916,18992.666102224808,15000,1440p
0.6747771435325839,0.8565630868909672,21911.807274023766,15000,1440p
1.2333910753038242,1.1706247532492813,13957.658515166791,8000,1080p
1.4999893138675988,1.2002400509905042,12426.511775885114,8000,1080p
1.2489283591026668,0.8668724672792931,15858.974805950145,15000,1440p
1.2493724442847833,1.6790977030273133,11458.007188769883,8000,1080p
1.3789362335914643,1.5829464675234184,11328.751130951192,8000,1080p
1.2141315114016795,1.4316978638581286,12682.009019083142,8000,1080p
1.0756032112491745,0.9232601943688776,16786.75586620433,15000,1440p
2.2326128363942654,2.7897873179120767,6680.955513118468,4000,720p
1.1304288032708956,1.4764547388735176,12871.473334937795,8000,1080p
0.8490526181884716,0.9711082732060342,18434.871421884283,15000,1440p
1.321516122376059,1.3785493179643074,12427.26620572951,8000,1080p
1.1945803414858351,1.1292660659090437,14439.178033980228,8000,1080p
1.6854174239918078,1.1705633920010852,11748.8296182181,8000,1080p
0.9536622697753545,1.1049011810619302,16299.926041314064,15000,1440p
1.2096486572306684,1.47681857874393,12490.169822535394,8000,1080p
0.9498424035051409,0.7641334776454725,19576.956927465333,15000,1440p
1.306671036999562,1.531851421060024,11821.090900558811,8000,1080p
1.2620314147202292,1.1955632141716852,13653.363172887912,8000,1080p
0.7582560758013093,0.9853096579266898,19244.71865379902,15000,1440p
2.001128623820516,2.055488109138557,8271.53123127901,8000,1080p
0.8899686482642754,0.9865537618928234,17881.17840659888,15000,1440p
1.195682993557757,1.4951063382082634,12470.107415647264,8000,1080p
1.298808940831719,0.9318141264322795,15042.62754762805,15000,1440p
0.7778996428971128,1.121811335180623,17662.914194428035,15000,1440p
1.1927886635639549,0.9311614598236442,15798.126156786715,15000,1440p
1.427116737251837,0.9563932786121623,14077.739038926104,8000,1080p
1.5551953010790756,1.6685269562203093,10408.59891822989,8000,1080p
1.8983887022666603,1.8980633122278225,8838.36589317933,8000,1080p
1.265350036080488,1.4678293481830662,12276.703165987448,8000,1080p
1.5491377874644907,1.7057254196637255,10309.014500675517,8000,1080p
1.2635062022845551,1.8590933458729115,10745.67247016969,8000,1080p
0.8871155884617754,0.8450972114906035,19370.848663006334,15000,1440p
0.7673397617678068,1.1041557178207988,17929.20814715298,15000,1440p
1.8377658916687767,1.5534292556102298,9894.5741966289,8000,1080p
1.3073603531661917,1.0706797966775816,14110.120050834457,8000,1080p
1.5135770757199798,1.7198555320498512,10377.340761446463,8000,1080p
1.2630310649902596,1.0995842134177969,14202.241180209909,8000,1080p
1.0658267465834093,1.0177521907207465,16104.228833976646,15000,1440p
1.290661124088307,0.8763804251549325,15483.9818423037,15000,1440p
1.140826730887967,1.473033791152561,12837.116486156463,8000,1080p
1.3357800707500012,0.9410916546652706,14737.076149461214,8000,1080p
1.2105387176197364,1.203737636493148,13898.339327574384,8000,1080p
1.2478697087391246,1.4642510604204892,12372.027227385335,8000,1080p
1.1454875606226236,1.2506093096560105,14003.787750074589,8000,1080p
1.3839126906835448,0.9406712383422995,14434.596910450784,8000,1080p
1.8905380194367112,1.6492970546531693,9479.094731165436,8000,1080p
1.2587962368628836,1.3357292543489077,12932.781779811372,8000,1080p
1.5174661179599165,1.2093500907821342,12305.351527699591,8000,1080p
1.258638701199043,1.0545890114654959,14505.459975382033,8000,1080p
0.958324085588981,0.9697844595571166,17402.77127263989,15000,1440p
1.031751778787559,1.3966946994998868,13817.241722231727,8000,1080p
1.67312602868463,1.2413185597063048,11513.148039820997,8000,1080p
1.1298056389697784,0.8198159221531314,17210.74113515337,15000,1440p
1.3003362567559693,1.6148259415839472,11510.313909499815,8000,1080p
1.1026110610028754,1.3972235774713233,13422.660636657276,8000,1080p
1.3706812767521122,1.2745163292107464,12685.037943615596,8000,1080p
1.3115243561142766,1.3957089466788521,12394.36289638612,8000,1080p
0.8509833228324446,0.7911931882567769,20432.90217185243,15000,1440p
1.5069289763592644,1.140404652114205,12674.802918341833,8000,1080p
1.0255859042039481,1.0905934084199371,15856.138371561394,15000,1440p
1.2963122623197407,1.4362735338863268,12279.36998230288,8000,1080p
1.1691993856503278,1.0650983542966521,15017.887455230675,15000,1440p
0.7003127219620623,0.8077508917445521,22250.011004196163,15000,1440p
1.3388131748533916,1.2642474076885015,12890.376899040144,8000,1080p
0.7870770902581343,0.9475187573149282,19344.23632279949,15000,1440p
1.204210082780021,1.1324634909512523,14359.914186224665,8000,1080p
1.707994866965141,2.0186396422422783,9003.95032491028,8000,1080p
1.1580787158846362,1.388451611829249,13176.5295055893,8000,1080p
2.2311226926035617,2.7677534447013783,6712.3951621034375,4000,720p
1.7915548462256028,1.3428374639120932,10705.243211410869,8000,1080p
0.7713613403540219,0.9011282108917432,20062.565996305777,15000,1440p
1.1808999851591047,1.740334546245279,11486.387566378899,8000,1080p
1.441081010435186,1.0147494283958003,13663.171312418634,8000,1080p
0.7367380795227833,0.8000856455662205,21833.624411320645,15000,1440p
1.7826545524253752,1.3400246090196872,10745.398507246013,8000,1080p
1.556508130456863,1.6135192667592926,10584.902840103754,8000,1080p
0.954701973299393,0.78660484128871,19269.68396315449,15000,1440p
0.796144288154567,0.9184043381661983,19570.41724270262,15000,1440p
1.6567266452280118,1.5568673964202442,10441.403476958742,8000,1080p
2.002275816907152,1.4052360796787644,9847.194380632727,8000,1080p
1.5747497919402846,1.3569479982108308,11445.392534225168,8000,1080p
1.002492446176457,0.8037929822934744,18576.48379991821,15000,1440p
1.8570544606954276,1.3990554940503535,10305.067232479176,8000,1080p
1.3692448674638378,1.4460160452248108,11918.764562377499,8000,1080p
0.6440867485441846,0.8253606594586347,22834.728087073956,15000,1440p
0.706760195736489,1.0374237323342008,19237.897712494047,15000,1440p
1.0751133422979335,1.5567209201383219,12749.44721212767,8000,1080p
1.1961716876740494,1.669157472011496,11710.498211550126,8000,1080p
1.2353862563679932,1.6038118132609718,11818.277970435855,8000,1080p
1.1446693217816264,0.998794692579646,15654.301530225985,15000,1440p
1.1131895161832226,1.4513434649397103,13084.032159846707,8000,1080p
1.2796858719796795,0.8624590763749176,15663.940960565482,15000,1440p
1.0523327029881953,0.7351383720451039,18772.013974757552,15000,1440p
1.6179929827123172,1.630223114473605,10330.110742653402,8000,1080p
1.3552260024159233,1.0395806906279688,14011.332145289363,8000,1080p
1.075765695015102,1.2571896557004116,14382.800763721822,8000,1080p
1.0464335285199822,1.4415888708889313,13486.38662094506,8000,1080p
1.0299211995784843,1.305255170982619,14369.121074969356,8000,1080p
0.9800108616867558,1.118372759327002,15990.60899254894,15000,1440p
0.6515600283696812,0.7793627455633567,23449.505879183267,15000,1440p
0.8428508638935167,0.920276044937761,19031.206336838335,15000,1440p
1.230276715739777,1.1970988738341883,13823.337494256182,8000,1080p
1.185801753250883,1.4727620080345387,12621.262836959892,8000,1080p
1.2075472938865142,1.0296937027365702,14998.130309004448,8000,1080p
1.155682093966982,1.106655455722395,14831.7531150942,8000,1080p
1.5033769372950376,1.0499979094048435,13141.20879798262,8000,1080p
1.0711947999920783,1.49238716738765,13088.88595214158,8000,1080p
1.2736198121445135,0.9058127902066628,15395.948451813289,15000,1440p
1.2429963997106448,1.4309370450857894,12548.716223770667,8000,1080p
1.3456982831322082,1.8159718197608428,10612.882087000915,8000,1080p
1.6035780051061919,1.5475586712279916,10648.358178812772,8000,1080p
1.1570300907720463,1.222044101047363,14103.987221322877,8000,1080p
0.7800486235389388,0.9329250706318273,19588.410560060223,15000,1440p
1.223369445450456,1.4125130735166938,12729.866281425944,8000,1080p
1.831777376397793,1.5353759168606593,9965.222571595128,8000,1080p
0.8348347502855429,1.1219766369271937,17147.504465310074,15000,1440p
1.7159762697804584,1.775686222499984,9609.872682191924,8000,1080p
1.8356807973700118,1.75443863213733,9346.32751328959,8000,1080p
1.8805789642037367,2.2224829930558934,8177.900394760422,8000,1080p
1.0534045463139405,1.4758963071828084,13266.287382780552,8000,1080p
0.8231799215615535,0.9303063813608402,19135.839238708362,15000,1440p
1.72680451853549,1.5258317662677796,10316.072582960036,8000,1080p
0.8675713579082429,1.2059665276299731,16182.21313149071,15000,1440p
1.0315113995268832,0.7324695958926224,19021.99178286508,15000,1440p
0.9307912113663657,1.0523763139849713,16919.61549948006,15000,1440p
2.016692653633173,2.185672248722334,7984.654540873423,4000,720p
1.4593632346242675,1.078772822005164,13220.107689797875,8000,1080p
1.274244661368279,0.8634469306171846,15696.57294148546,15000,1440p
0.9192769616080773,1.1572288916341482,16159.083754860892,15000,1440p
1.139353683397139,0.9326066992277304,16194.533583451757,15000,1440p
1.2712468890394646,1.7072666258385578,11265.495970520764,8000,1080p
1.8608757684590265,1.6899497048149892,9449.755346342425,8000,1080p
1.2187759328135368,1.4660066217849381,12498.007312558042,8000,1080p
1.2726658077043282,0.9126434899734126,15354.545938031395,15000,1440p
1.1697316765120753,0.7815964935621493,17195.688820873045,15000,1440p
1.4960571723603782,1.2080780135806248,12408.5630683155,8000,1080p
1.5245007260259456,1.0376619485382872,13096.136452657858,8000,1080p
1.1477127014399888,1.3233123686773316,13579.15482355138,8000,1080p
1.3096859897573032,1.664596369488725,11281.522043692567,8000,1080p
1.465027333520267,1.588210302891877,10989.787234324078,8000,1080p
1.2702906852739144,0.9308099975882242,15244.38761991044,15000,1440p
0.7884725191286239,1.1372790071267183,17424.07135215787,15000,1440p
1.4221138150735286,1.259228464490738,12514.042782129549,8000,1080p
2.2552604856686203,2.3185973268079816,7336.133604431249,4000,720p
1.472275820349803,1.3907266727619767,11720.01494261009,8000,1080p
0.9131939482542117,0.9402299984514899,18104.024208622133,15000,1440p
1.3832883055233562,1.2005847196364954,12986.099422561272,8000,1080p
1.4827534839518293,0.9948874363188731,13542.89547184824,8000,1080p
0.9579334726691889,0.8271796270519068,18796.81013222216,15000,1440p
1.1966078604597323,1.4348924426894756,12751.06522307607,8000,1080p
1.5658843895522288,1.249680715399728,11917.476864940956,8000,1080p
0.783845319166973,1.1526022662806377,17327.828675643643,15000,1440p
1.3075250282909594,1.2950668659722173,12892.698265126826,8000,1080p
1.7059547436395688,1.6757757405682394,9922.26676747137,8000,1080p
1.9792837892535282,1.8085263349933147,8858.530628346072,8000,1080p
0.8561400661236148,1.1254374052903957,16933.192107829265,15000,1440p
0.928260718325586,0.8773447821712481,18583.479054958072,15000,1440p
1.121301418135511,1.5456403283475963,12581.614144458981,8000,1080p
1.034883931513271,0.860959217526365,17698.94941836166,15000,1440p
0.8095638387627296,0.9622939513066405,18937.429509332294,15000,1440p
0.9119625189808331,0.7040729691481749,20763.425213420407,15000,1440p
1.5714755550355441,1.2134406087746505,12048.632715066138,8000,1080p
0.7516526374352719,0.8236761358666844,21299.955011720176,15000,1440p
1.3168490948664395,1.9396606621615033,10303.802077541905,8000,1080p
0.7780148098683448,1.106200357434836,17808.174237353913,15000,1440p
1.0591652815860169,1.0266541068253972,16086.930722010151,15000,1440p
1.452568576235547,1.561955733484649,11130.921018551837,8000,1080p
1.2210743725437545,0.9651462356435758,15348.145504776445,15000,1440p
1.3405352879237926,1.2474211172910439,12965.609440864793,8000,1080p
1.6850144083339433,1.2809833452803927,11313.033517679134,8000,1080p
1.1454825477240573,0.8402070901042162,16898.125145427108,15000,1440p
0.6915576245090815,0.8618225438816207,21600.914369057708,15000,1440p
0.8306518056601843,1.0280533456210041,18052.584605401902,15000,1440p
2.0564725785553932,2.0933035086479563,8085.8415719035265,8000,1080p
1.0627637629424591,0.8617207006250183,17435.54319882588,15000,1440p
1.0978882833820784,0.9978884853896486,16010.499066494216,15000,1440p
1.0014923257688435,0.9882376895260967,16863.8115433094,15000,1440p
1.4648372911971939,1.410978777844736,11667.794877847862,8000,1080p
1.285742793593272,1.2022366934213355,13486.619232646026,8000,1080p
0.669254404746053,0.9184913029177292,21133.37912868439,15000,1440p
1.6318427429666222,1.1837318574468267,11917.436673520477,8000,1080p
1.464596110759675,1.6365537059905328,10819.997092292284,8000,1080p
1.441713493411771,1.0546803624156738,13441.161105917792,8000,1080p
0.976169744215579,1.3423317182717933,14472.465315592939,8000,1080p
1.2197909508994422,0.9611252164832991,15385.47538040757,15000,1440p
0.9605218248132077,1.3466522756543367,14543.519708027348,8000,1080p
1.0165269067163816,1.173453340303675,15321.796644356991,15000,1440p
1.329996340971676,1.1122915176392498,13738.934123467494,8000,1080p
0.7270245712322411,0.9809587497089728,19645.643835391347,15000,1440p
1.1199798905455711,1.0100243425916544,15753.223152321434,15000,1440p
1.194640492977003,1.0894071073443525,14690.77614462984,8000,1080p
1.5577222918302405,1.0538455472560408,12848.386129513607,8000,1080p
1.0401922349026729,1.2421620552742192,14701.675434184845,8000,1080p
1.096534641257328,0.9850911502482529,16119.339093954553,15000,1440p
1.3204955950123407,1.7088436111471832,11076.485568791411,8000,1080p
0.7801537502762905,1.0619834607158654,18214.947181881165,15000,1440p
1.182946062186492,1.1011891275707038,14690.212799342602,8000,1080p
1.0368311909679746,0.908376753972119,17249.79177022299,15000,1440p
0.8909575980245161,1.2560896875095764,15628.175600079114,15000,1440p
1.2982138717262601,1.112631061480442,13918.121210462397,8000,1080p
1.299744620834953,1.746002126882923,11016.81616343898,8000,1080p
1.4185859520677628,1.5965878496746766,11128.523331095947,8000,1080p
1.0444904901232321,0.8365359709823843,17838.362560980462,15000,1440p
1.4316342997772933,1.3526221942437118,12051.48737986453,8000,1080p
1.2828353947812248,0.8761744896626971,15541.583316392429,15000,1440p
0.670513690794811,0.8022457777381533,22783.375504911215,15000,1440p
0.8793356377888908,0.7954699062456827,20034.822621358202,15000,1440p
1.4333720653988107,1.1070311944682456,13208.309298798475,8000,1080p
0.8747735469875935,0.9595396481340261,18292.64058571811,15000,1440p
1.5352429935286283,1.7020093578070068,10365.096186015902,8000,1080p
2.2911809288016154,1.7975200032416905,8206.62419621661,8000,1080p
2.1418786724367074,2.1450807083337518,7827.0935223952465,4000,720p
1.0187042487111033,0.7044972438722998,19472.146550717986,15000,1440p
1.0267912694871997,1.3790899918841932,13946.83625445148,8000,1080p
1.0954313860428302,0.8895206087798235,16904.404785365063,15000,1440p
0.9735369047455654,1.1730698361473135,15631.382945365704,15000,1440p
0.8907935974629615,1.0062526006750787,17687.72528203785,15000,1440p
1.150323095202617,1.6968145307289206,11785.321402937636,8000,1080p
1.3729463526312058,1.5714463472611468,11396.045099971465,8000,1080p
1.1337650594916842,1.4002296102644436,13241.713725952426,8000,1080p
0.9302991367156253,1.2245092319100337,15571.886803744448,15000,1440p
1.1732830982701512,1.0633180060678522,15002.421278841115,15000,1440p
1.4904963922654373,1.5873164811152929,10902.037706776875,8000,1080p
1.2100051664292857,1.297241478837258,13382.980116195491,8000,1080p
0.8333028903887655,0.8355312303132215,20106.511236650345,15000,1440p
1.3716011095556881,1.1207149102751677,13463.153040390605,8000,1080p
1.2483932015944508,0.9496474130283479,15265.610551858801,15000,1440p
1.0772280091728113,0.8879999493384427,17074.06606682868,15000,1440p
1.450988948565807,1.3582022790095531,11944.516866856784,8000,1080p
0.7900448609622082,1.0874421436988149,17871.991612564154,15000,1440p
0.7995342806621341,0.8325448418064861,20559.31697064224,15000,1440p
2.4382237096412753,1.6267737704475271,8254.477933714976,8000,1080p
0.8493730318641919,0.6700185364653828,22084.124131931232,15000,1440p
0.8733545698918342,1.2232791536219292,16003.955113230693,15000,1440p
1.0488381662998434,0.8163148089744043,17990.176915685017,15000,1440p
1.4296001421273705,1.2412681626076751,12563.117372920658,8000,1080p
0.9865747607000744,1.1487072422837947,15714.285959939074,15000,1440p
1.0868636993473726,0.928357613982675,16650.494800768585,15000,1440p
1.2997460299881956,0.9097250064023907,15186.63582701444,15000,1440p
0.9031406818137372,1.0245238515964719,17406.77976817846,15000,1440p
0.7514985878407211,0.8934356967283431,20398.645900185922,15000,1440p
0.7126442704094307,0.874055594934372,21147.30878402734,15000,1440p
1.5206846354706292,1.6416471640423613,10610.66141293823,8000,1080p
0.846369796068133,0.7764321481859685,20676.849765189818,15000,1440p
1.7399762436532458,1.6205284990076352,9984.938147544844,8000,1080p
0.962912839641555,1.4265107843440288,14042.89790356674,8000,1080p
0.6648679109714919,0.9854680942372525,20331.87901984592,15000,1440p
0.8844070080539579,1.0622547321928657,17236.90937478718,15000,1440p
1.412995141111063,0.9697790205112848,14082.086561302123,8000,1080p
1.3867832260720108,1.2301367996114938,12822.108306972825,8000,1080p
1.25776589439777,1.490060021359266,12211.265570932514,8000,1080p
1.1633880994487797,1.42470426712991,12964.928312955479,8000,1080p
1.2935641257511168,1.1349506772296325,13816.85298307238,8000,1080p
1.589844203945463,1.1808057720094935,12110.671608179173,8000,1080p
0.9424478954465502,1.222584717379,15498.349448052255,15000,1440p
1.9278129077394026,1.5605047567167034,9619.087258565874,8000,1080p
0.9806545787477925,0.6594183067062054,20459.110261256228,15000,1440p
0.6847217285688099,0.9379353956300385,20678.695147360086,15000,1440p
1.1468880105113026,1.2688622561454457,13889.859586536359,8000,1080p
0.9466200246227809,0.671676648781244,20734.413257749296,15000,1440p
2.1014627988583277,1.7265560455478255,8765.482450284373,8000,1080p
1.4817359301575161,1.0085687529479272,13474.026783805897,8000,1080p
1.2904853963341618,1.1466417750444236,13768.026713607891,8000,1080p
1.0666458348671028,0.8518899150604868,17489.604768254347,15000,1440p
0.8343181112400144,1.0936429434710937,17404.102597408484,15000,1440p
0.9936691164395378,0.881635730220731,17892.787969783738,15000,1440p
1.1955809187529807,1.005586324914349,15243.926646889173,15000,1440p
0.9524000414150147,1.0647379827742343,16634.67328344404,15000,1440p
1.2281419700342793,0.8358664541004612,16256.925896059005,15000,1440p
1.2512510957194334,1.0352279995797244,14675.153632056195,8000,1080p
0.822722126354847,1.2168245136693427,16451.907174626824,15000,1440p
0.7117876664092856,0.8482188400909393,21509.16157092013,15000,1440p
1.056874370919154,1.4256661472757786,13516.166908082369,8000,1080p
1.096074116861335,1.001146308893213,15999.47796995522,15000,1440p
1.7396052809249818,1.4323887676946285,10578.34014997671,8000,1080p
1.222697664916679,1.2314721386030894,13672.41661594738,8000,1080p
1.0593461228839949,0.916896002903276,16978.907372816477,15000,1440p
1.7136364359806002,2.1765260402089095,8625.45772969031,8000,1080p
1.212561813304587,1.7858316919242523,11190.80332234081,8000,1080p
1.5414531541184997,1.1136235697907144,12637.838936193144,8000,1080p
1.339434835526433,1.7271053550064777,10942.113885736757,8000,1080p
1.218735464986967,1.5337759048791406,12190.47898124839,8000,1080p
1.1419807476475483,1.6774128639672028,11901.293902975956,8000,1080p
0.790281010656413,1.003111529987681,18710.032098131167,15000,1440p
0.8989970950893535,0.8114133835513726,19617.765687839987,15000,1440p
0.975056010232645,1.345785207427936,14457.874905299652,8000,1080p
1.2736395347747234,1.265044022003499,13217.25660152109,8000,1080p
1.4320886839600155,2.030328585856752,9691.042235870003,8000,1080p
0.865748971471873,1.2097340180009124,16167.047463262275,15000,1440p
0.7930277032124985,1.0390759534150917,18314.701724772865,15000,1440p
1.7767114136412396,1.3652574461360647,10679.428567722425,8000,1080p
1.2189929609833996,0.9093547201648815,15765.48432251294,15000,1440p
1.3585888644775113,1.5163603514317605,11671.312945048876,8000,1080p
0.9306354677721853,1.0610410269185941,16847.3304221073,15000,1440p
1.4041444396468392,0.9582184162835123,14203.758713766905,8000,1080p
1.905851729409116,1.4166706001350549,10099.083970521715,8000,1080p
1.3140012848833467,1.2173675143775797,13255.449782661757,8000,1080p
0.8336163184286227,1.0642870795707464,17679.73651102086,15000,1440p
0.9826807834342682,0.980503707893667,17091.8383617136,15000,1440p
1.6323828031085321,1.7460917211671523,9931.829220228848,8000,1080p
1.6480881294958951,2.087718399044495,8981.84414627863,8000,1080p
0.9945127174225339,1.031145500685456,16564.705585595082,15000,1440p
1.1763849134981803,0.9154067258096421,16041.001106163338,15000,1440p
1.2471811903115093,1.0317850084930613,14723.532107497225,8000,1080p
1.2213040657618486,1.219104015152208,13749.516837951202,8000,1080p
1.4422718342621006,1.3338798867352462,12086.670820694699,8000,1080p
1.4803481583363807,1.2384424455090093,12341.675726163481,8000,1080p
1.0731816874065019,0.7265768624240327,18643.85197845538,15000,1440p
1.1792009026665036,0.8196508615616778,16786.853632918803,15000,1440p
1.6873729240208892,1.5027617500774093,10518.186668556325,8000,1080p
0.6666291542583566,0.8797542777001649,21698.64944653651,15000,1440p
1.1603145282325482,0.8312364162460986,16848.39250184683,15000,1440p
1.561838647218586,1.0994243084394635,12608.461681195653,8000,1080p
1.4822574553541403,1.2012410749021742,12503.987470712364,8000,1080p
0.8338243511502444,1.1614543054094066,16816.915216171386,15000,1440p
2.091264879919916,1.5915088196188996,9111.184867047881,8000,1080p
1.6747735052186348,2.294166434173218,8454.255421446722,8000,1080p
0.7678104282033171,0.7558380496301322,22022.423471136004,15000,1440p
1.591058532039727,1.1776449813627157,12119.185690187955,8000,1080p
1.113680879440603,1.6133651544857028,12304.31447894904,8000,1080p
1.0915884103691371,1.2007081378984616,14637.910625201934,8000,1080p
1.2651017906578181,1.282313121742085,13171.95398231715,8000,1080p
0.7259027476140354,0.7293639128988483,23057.23954960551,15000,1440p
1.2155620580741267,1.0691338442347065,14686.60751135023,8000,1080p
1.3461552916992976,0.9834170319578228,14403.687603621587,8000,1080p
1.1887816079117763,1.09678210689546,14681.031109574633,8000,1080p
1.7297524655905627,2.542390553174979,7854.238927070314,4000,720p
0.9377496575890767,1.0198268576627079,17140.80228209328,15000,1440p
1.3398714771857865,1.5438269613723303,11635.901851366127,8000,1080p
1.3729920481362787,1.2425445464317166,12828.890281897257,8000,1080p
1.3277902029804662,1.653693290704702,11254.27394485626,8000,1080p
2.7816274723005443,2.9626182629460014,5841.39912297116,4000,720p
1.7812806972078432,2.0435227124455575,8772.851413830094,8000,1080p
0.772005181373268,0.808512271251058,21230.029408587347,15000,1440p
1.022162803609393,0.7095104839804085,19376.883757733616,15000,1440p
1.698644757239055,1.964107091579544,9160.98971073424,8000,1080p
0.7702369005573522,0.8170230117667379,21139.847191673285,15000,1440p
0.8868771252876652,1.2505449387036673,15698.552272517416,15000,1440p
0.8074035416332922,0.7726072557620222,21236.837150300038,15000,1440p
0.875532764309565,0.8598813577790219,19335.115217120012,15000,1440p
1.1555582840161887,0.788598637921796,17259.117112085838,15000,1440p
1.001004002202369,0.912493177783674,17535.657930912,15000,1440p
1.0090582535322308,1.0990596927106364,15916.77166820833,15000,1440p
2.123700582266247,2.4503792005438134,7335.777597518429,4000,720p
1.2602086157373318,1.5001845070943558,12155.67149565238,8000,1080p
1.441963204468628,1.0291422217963968,13578.713252520414,8000,1080p
1.1741899812606864,1.199276183100867,14137.312131865136,8000,1080p
1.7006322094690998,1.4043151368569566,10806.763612176368,8000,1080p
1.3231696799361208,1.2505651088726983,13037.253156736373,8000,1080p
0.841285301522281,0.8606788757189543,19715.12235609411,15000,1440p
2.2285922803655813,1.9735681428884098,7985.04307791675,4000,720p
1.564695922017328,1.0889478326995274,12644.663376671022,8000,1080p
1.3968884090009621,1.824788933932107,10415.205629950355,8000,1080p
0.9503020072689061,0.7833856626423326,19354.369637824046,15000,1440p
1.0908814248912346,1.181937460936017,14763.354972645342,8000,1080p
1.2184449806655322,1.1167286689409233,14369.137817932682,8000,1080p
3.158844058186988,3.2480341145509737,5237.251449977331,4000,720p
1.2543517128199215,1.435768686394078,12473.208265995809,8000,1080p
1.352984458005071,1.6385178307946262,11216.582426036952,8000,1080p
1.8916849360987038,2.0857387946594477,8436.222608246988,8000,1080p
1.4950970867156586,1.2996048358510683,12006.443953487082,8000,1080p
1.1051402954358915,1.4707171651524826,13026.509623842128,8000,1080p
1.0575008221906095,1.585899650905088,12693.661948506902,8000,1080p
1.3172236675171551,1.205138809442865,13302.779559439126,8000,1080p
1.0422310917907058,1.4627030688889517,13395.334906086218,8000,1080p
2.3169583698656964,1.8232173694233276,8104.59123306736,8000,1080p
0.6834644660939669,0.9162695193926219,20975.007285222986,15000,1440p
0.9420920159664325,1.2167077546917013,15543.095962888008,15000,1440p
1.0921415427432013,0.8331847699232693,17427.91950603374,15000,1440p
1.1291557963743617,1.3723954702544259,13413.449665262942,8000,1080p
0.7987172933031377,0.7318210900578275,21923.286841272544,15000,1440p
1.6223570513018575,1.09086327056164,12367.013371385226,8000,1080p
1.6718450928231403,1.7791618070804656,9723.084587555373,8000,1080p
1.045072602655009,0.8257437805234733,17935.71635447817,15000,1440p
1.0817987166488727,0.7565594742541388,18252.390728880688,15000,1440p
1.0085625283485338,0.9653754617701027,16998.726488861656,15000,1440p
1.653495444016243,1.5835924480262082,10365.622781662787,8000,1080p
1.0096347562393888,1.0159664539933908,16565.171777392436,15000,1440p
1.2488444165575174,1.7164490575395952,11315.720448282718,8000,1080p
0.6509059945010586,0.7958335675163551,23193.13916681026,15000,1440p
0.9622126912579348,1.026315552182142,16874.003228615013,15000,1440p
2.017607508082345,1.431954881427575,9727.156146541556,8000,1080p
0.8314032577867592,1.0307350361119318,18019.3018477421,15000,1440p
0.8219841915418958,1.1246018724593667,17237.57948365659,15000,1440p
0.7079940459757026,1.0256040943705798,19355.369170676186,15000,1440p
0.6724447137465804,0.6512268482703848,25349.514912045786,15000,1440p
1.276361113748427,1.0124820262414678,14659.996315932834,8000,1080p
0.9285880997894277,0.9158317836790965,18192.404181253572,15000,1440p
2.5590467165798403,2.2799183745798404,6934.216587199749,4000,720p
1.0380188993618462,0.7493134517885613,18773.470965488235,15000,1440p
0.9776091933603667,0.9646452910287119,17276.022410911974,15000,1440p
0.9811385333699597,1.272799194742381,14887.027082199666,8000,1080p
0.7622425983209291,1.0329808730349417,18690.949920935185,15000,1440p
1.3814369230704953,0.9450844464708477,14422.576314704134,8000,1080p
1.5901563235445508,2.316318205326155,8589.440876170262,8000,1080p
0.867765686274192,0.9258156813061396,18708.062319618824,15000,1440p
1.007931516496921,1.007775433111611,16646.483263113503,15000,1440p
1.202475901405367,1.3956945844118245,12914.638274572759,8000,1080p
3.2667125495145837,2.8536583120578016,5482.418101601694,4000,720p
0.7271661135079716,1.0354905978891389,19036.28300567058,15000,1440p
0.8026394141759207,1.063759703966916,17978.165374075183,15000,1440p
0.9601083980774501,1.3193512474035858,14720.344826687637,8000,1080p
1.1131316955375676,1.0745854902526428,15337.646117123695,15000,1440p
0.8886556560761221,0.8062369510725149,19797.379408273846,15000,1440p
0.8255925596344528,1.1879768638167234,16664.154515461934,15000,1440p
1.2916470424754025,1.5222158826529206,11924.686060700626,8000,1080p
1.338058132248539,1.304446660204262,12697.964482726415,8000,1080p
1.5580908789977723,1.3838542201560422,11405.526231489224,8000,1080p
1.944452204293213,1.454713609140303,9871.372519514276,8000,1080p
0.7873778069525491,1.111282576580233,17672.687696557005,15000,1440p
0.7589468908059657,1.1277075486471024,17785.149891957568,15000,1440p
0.8734297267818057,1.2604789239266436,15724.399443650065,15000,1440p
1.070544244702041,1.3709293318662101,13743.516342767181,8000,1080p
1.5526236243754166,1.658748321158346,10448.62836479158,8000,1080p
0.6904049763129976,0.6702997025132724,24659.599193076716,15000,1440p
0.8522451181026535,0.8008789773850052,20297.588119119217,15000,1440p
1.2663341720400707,1.3325173202371179,12911.254105789109,8000,1080p
1.2036255823319926,1.5063101904433287,12382.002679582314,8000,1080p
1.5776812050904592,1.0854608188362105,12599.565362468227,8000,1080p
0.79809376538613,1.1465045537918908,17255.199528395875,15000,1440p
1.0326831283820548,1.1730597162763114,15212.304589929221,15000,1440p
1.356159735707327,1.8349735950714394,10514.8950300398,8000,1080p
0.7318049865200768,0.9541831110220959,19901.938838664122,15000,1440p
1.2233979487349986,1.1331421734755975,14238.85453243361,8000,1080p
1.3763556765794245,1.0064810116985587,14081.717041317235,8000,1080p
0.883023556781318,0.9753802250846082,18055.512116053567,15000,1440p
1.1054429186327777,1.3080858305396774,13902.644421163435,8000,1080p
1.1942476680380958,1.6848764003416354,11654.389044402398,8000,1080p
1.2226138766486012,1.67962638349016,11561.562445693487,8000,1080p
1.690865040674998,1.461617723187623,10643.811406247623,8000,1080p
1.4653131136118298,1.5449884482049665,11146.53509323133,8000,1080p
0.9849361907173463,1.047420481616781,16510.10989201187,15000,1440p
1.0605015582113595,0.9231283056187145,16915.67192642065,15000,1440p
1.1079727363520264,1.279761982252669,14052.830801743328,8000,1080p
0.8714992493450002,1.0201922169724789,17737.793185333652,15000,1440p
1.624686799691048,2.116202011070726,8969.641627270703,8000,1080p
0.9898199273832942,0.8983489888688323,17770.88464447504,15000,1440p
0.7297302177385462,0.9630898292909492,19821.617813943194,15000,1440p
0.7630786915000443,0.8052997770885608,21394.346244880468,15000,1440p
0.7482390397232853,0.8903551350993838,20477.573102340186,15000,1440p
1.4558792136233294,1.2058574374274624,12606.217819014322,8000,1080p
0.6471932387706314,0.8502626632938939,22407.62613025124,15000,1440p
0.9578376804193228,0.8918846246487727,18140.253760287942,15000,1440p
1.5484097592022716,1.1851647237008645,12274.92874617567,8000,1080p
1.3092851478218992,1.1291889105923438,13760.421967261233,8000,1080p
1.083745601783912,1.343568790826971,13823.686005465477,8000,1080p
0.8264820118525057,0.7180363648797158,21724.85125815855,15000,1440p
1.0051505551019209,1.1242260284302108,15757.866532157097,15000,1440p
1.1078682676145748,1.1398112084390126,14928.477284009343,8000,1080p
1.119585189823197,1.4720381663072226,12947.26408473972,8000,1080p
0.8468744284426546,0.5837553463811624,23454.308438486296,15000,1440p
1.2245180059994965,1.2865865884123304,13362.419102203672,8000,1080p
1.4052584224678377,1.2592586726291743,12593.063133932837,8000,1080p
1.2041455672487136,0.9912380173864193,15284.086222944343,15000,1440p
1.5334372459602357,2.12160853098801,9180.304173376464,8000,1080p
0.9010287701518355,0.967640734016537,17956.322359385304,15000,1440p
0.8775702574289144,0.6669562773923297,21724.73650890266,15000,1440p
1.3722426604237654,1.1904791903421517,13093.278925284707,8000,1080p
1.2880910278975297,1.7653403147072804,10989.09005478915,8000,1080p
1.1517493935780188,1.5820438473569007,12273.94650684148,8000,1080p
0.9456211066062064,1.2510871883159596,15274.869256679756,15000,1440p
1.115599898557912,0.8993485002823425,16652.750025416506,15000,1440p
0.8569098725556793,0.7569424739636951,20791.512973517976,15000,1440p
0.9150019359626536,1.2805283364312976,15283.065062643425,15000,1440p
1.3036286368075825,1.7634666371611782,10940.133580063599,8000,1080p
1.2618535123831292,1.5023265706724178,12139.01807834049,8000,1080p
1.088900692305207,0.7658541759937545,18091.033253776306,15000,1440p
0.7123994624745419,1.0595588110193583,18936.355613971802,15000,1440p
1.3290242554196232,1.2061052686918603,13235.786053874392,8000,1080p
1.1794346476530704,1.4563624901439631,12730.278638986752,8000,1080p
1.066335275698303,1.4692854924980165,13233.221789656069,8000,1080p
0.8918448057053304,1.0359932131404554,17405.21333845742,15000,1440p
1.001969754305683,1.2944716155588674,14611.490822419351,8000,1080p
0.6890550660806591,0.8823735872921683,21352.81925016489,15000,1440p
1.0745590091204378,0.9514024840689996,16562.22594200239,15000,1440p
1.3148569822385288,1.382917729481053,12437.818419097033,8000,1080p
1.540728863499233,1.0706146097092941,12849.490059142645,8000,1080p
1.1386914123721403,0.826031704341686,17078.4533019201,15000,1440p
1.2506290573574352,1.065122136079946,14489.65333369581,8000,1080p
1.7648600881846532,2.1776017963220307,8511.03523203716,8000,1080p
1.1834221825411126,1.02957369405835,15162.446688134127,15000,1440p
1.4315787392987342,2.082045338093345,9549.80705417557,8000,1080p
1.058959195983928,1.0286932460598472,16072.80566642156,15000,1440p
1.2009311200805917,0.8203072120653381,16600.927988722426,15000,1440p
0.754538165719741,0.9925326552689777,19206.10864590513,15000,1440p
1.2977815899567073,0.9476017101344107,14943.743457359087,8000,1080p
2.043880686649208,1.5618579934051087,9305.841320562515,8000,1080p
1.163174614443181,0.915868893795309,16139.36017550188,15000,1440p
1.6616563682890197,1.131004917975545,12015.217228467425,8000,1080p
1.2273984167858014,0.9329492289908279,15531.959435138702,15000,1440p
1.557037412192615,1.5202624131301246,10903.855296739212,8000,1080p
1.0366503092741288,0.796160300267788,18307.637365972267,15000,1440p
0.9459249378534224,1.4065564737835459,14263.420673173878,8000,1080p
1.5274551312882936,1.098700946974881,12777.013627534065,8000,1080p
1.3118103775092216,1.2921894232481943,12885.72756043996,8000,1080p
1.719621998129713,1.1787311428580012,11577.0682065903,8000,1080p
0.8685131109888268,0.7329458813158357,20952.41411814845,15000,1440p
1.5421932670639944,1.7259932939032552,10266.987937821168,8000,1080p
1.5488698943504255,1.5318887500039016,10891.61335682381,8000,1080p
0.9317477042951857,1.270916101537082,15233.569422239447,15000,1440p
1.7505015759184934,1.3338510347345138,10878.922171254597,8000,1080p
1.2322753415104604,1.7236203844155558,11351.696782026418,8000,1080p
0.8009358085076665,0.7188278842105191,22078.716685214364,15000,1440p
0.9758286667477869,0.8326954825889523,18553.488496300037,15000,1440p
0.9814800920575731,1.185408361222105,15485.07582345272,15000,1440p
0.6915267748805797,0.7655129454277699,23029.181382165036,15000,1440p
1.213685859289771,1.2442864072510627,13651.265499110777,8000,1080p
0.8791119973399766,0.9774102547567176,18073.81083749723,15000,1440p
1.1487999424277944,1.1713360316646022,14462.269614661704,8000,1080p
1.0291157529494401,1.2309312779433026,14846.78484179404,8000,1080p
0.6399620257280776,0.5955815754679372,27157.62678671888,15000,1440p
0.9827571594318097,0.9497146923394925,17363.47774962105,15000,1440p
1.3337461260079102,1.1416594349040794,13555.12507923666,8000,1080p
0.7402719301212584,0.9957059391873997,19328.83626757456,15000,1440p
0.8244359929217981,1.0869073134249634,17555.418688301546,15000,1440p
1.0122335174908577,1.3314969056343104,14316.677237673937,8000,1080p
0.992970672343895,1.0549985836359133,16384.245955853756,15000,1440p
1.1976853199410937,0.9064670961083745,15946.768753091668,15000,1440p
0.949703116333575,1.1813751094644298,15745.28405095744,15000,1440p
1.897221835962529,1.413839051432177,10134.042574614856,8000,1080p
0.8030902446046563,0.9201185192702382,19472.064385598762,15000,1440p
1.3210973843440346,1.1127501024468984,13786.579554432992,8000,1080p
1.330932741723862,0.9864129367756511,14479.683506574029,8000,1080p
1.2809102057848263,1.2320253155333936,13352.683232555935,8000,1080p
1.2248513694425291,1.3615564605149864,12973.372416890326,8000,1080p
1.2568816367422926,0.9309229947006372,15337.033077706641,15000,1440p
1.1517152104924464,0.8088275434320049,17114.868794793445,15000,1440p
0.9990014773539295,0.946909652764653,17243.558290329125,15000,1440p
0.7020164042804863,0.8844125747916035,21150.91973397142,15000,1440p
1.384967677176378,0.9970825821144562,14086.366091196402,8000,1080p
0.709445228793199,0.8889519770546447,20992.549209444842,15000,1440p
0.8308946160844946,1.1366817132086042,17053.68757513731,15000,1440p
1.561756783433439,1.254426637792104,11914.860284703269,8000,1080p
0.972866240712572,1.257207599139154,15046.33227850024,15000,1440p
1.5497977972935018,1.20565510210939,12177.465275226175,8000,1080p
1.9254238334882772,1.4762809428080825,9864.004728985543,8000,1080p
1.5214741032096466,1.3948299738459022,11505.807046663766,8000,1080p
1.3016240784251651,1.7256833239810565,11083.919648638797,8000,1080p
1.0345722451454118,1.058343570300933,16032.384939880647,15000,1440p
0.9735966022626505,0.7856285159888996,19073.415705517502,15000,1440p
1.1673230635228091,1.7132065795668547,11648.702203255034,8000,1080p
1.281011815608317,1.0016630107878475,14699.611005468958,8000,1080p
0.9308946478608566,1.130935535615402,16274.100684386633,15000,1440p
2.2694601556178227,1.5805966972825924,8715.308184273172,8000,1080p
0.9183025276585948,1.1714791194622873,16056.429649589638,15000,1440p
2.071190362179328,1.622307504465764,9084.73030484743,8000,1080p
1.38443761923171,0.9438699274709239,14411.51193600692,8000,1080p
1.8113411116160416,1.7120331368698751,9523.380042417915,8000,1080p
0.9556323163974179,0.7660346199920165,19489.50246461033,15000,1440p
1.453250433271714,1.3432694524000761,11998.638798143013,8000,1080p
1.5561654406638532,1.1394698279379865,12447.689934478363,8000,1080p
0.8664962325633967,1.2759917280172317,15661.433164322905,15000,1440p
0.9577330019881669,1.1780831151969091,15710.356209982841,15000,1440p
2.2656650581986657,1.804679894473618,8243.633497935027,8000,1080p
1.492445149842304,1.457199175302387,11375.75527800425,8000,1080p
1.1113579718306121,1.044238847720112,15566.19108715957,15000,1440p
0.7706870817833363,1.127385944935209,17678.156492224152,15000,1440p
0.7419912862824861,1.0170548240928525,19075.35669593123,15000,1440p
1.8269823990519023,1.403083129641419,10388.158290266632,8000,1080p
1.5894000107124968,2.0223338934583346,9290.394278839682,8000,1080p
2.283352473872645,1.9688084100367664,7891.148269336003,4000,720p
1.2557202829954013,1.0457359857484774,14579.652220945225,8000,1080p
0.9869879852472793,0.9102899203090346,17685.565146641646,15000,1440p
0.7315551101205247,0.642286806688525,24423.794025687548,15000,1440p
1.0582598144840334,1.001474958552871,16290.656660870387,15000,1440p
0.9858780736491817,1.034339743400461,16609.3139644731,15000,1440p
1.0908636218882868,0.8452580730673662,17330.745318035686,15000,1440p
0.8663722035278396,1.1041238735544572,17028.41857451646,15000,1440p
0.8418247649981507,1.223680118436332,16245.14774528459,15000,1440p
1.0762346086594305,1.2683976866121995,14311.170270779136,8000,1080p
1.5377564452733508,1.2333909440041244,12108.497775987546,8000,1080p
1.3112058735967649,1.8947254768510344,10466.360109461848,8000,1080p
1.737185402873218,1.5327639657595085,10261.453073822428,8000,1080p
0.8202702097302609,0.9482597694963958,18973.063727578254,15000,1440p
0.9739740406363316,0.7311216655670189,19678.914138323613,15000,1440p
1.1773086071434014,1.261721940487,13757.282389349013,8000,1080p
0.6668671155469236,0.9161632274242243,21196.329021099224,15000,1440p
1.6586893677464603,1.3697672937612562,11079.713448266726,8000,1080p
1.3086134155585658,1.0381003725872648,14298.476520441718,8000,1080p
1.054838112978565,1.3217891937166333,14118.50815038344,8000,1080p
1.1307242922722753,0.8538184442051586,16907.89086233495,15000,1440p
1.3463311067584984,0.9731301095858986,14466.476854001334,8000,1080p
0.8814599807569898,1.0171072652195643,17673.55466134191,15000,1440p
1.1564732306531544,0.7812020625832481,17316.849792699635,15000,1440p
0.6947018545293318,0.8218976808541008,22124.78061422895,15000,1440p
1.0543071140174147,0.8725993357028767,17413.627944870255,15000,1440p
1.6622748076913654,1.5440280026408053,10465.147549966992,8000,1080p
1.7159937626614814,1.5017598061830604,10427.906078602846,8000,1080p
1.398043942460241,1.1287993445891347,13279.189956881695,8000,1080p
1.685022776334736,1.4478506272178437,10710.433419349258,8000,1080p
1.3141434940626981,1.41199258494988,12308.421526835007,8000,1080p
1.2054892745167098,1.8019619196845498,11157.099428478548,8000,1080p
1.302934906992369,0.9614649780656144,14818.244878660551,8000,1080p
1.1701654294895174,1.4969344084115044,12580.868373643998,8000,1080p
1.3120991974577478,1.8800152506360552,10511.663208077423,8000,1080p
0.8256027847810414,0.9816488116408113,18566.552696057293,15000,1440p
1.5183176324811891,1.4782981918515798,11197.4420369589,8000,1080p
1.0562609057785184,1.0223475722335644,16142.737968667589,15000,1440p
1.2772947145475613,1.3371914716754663,12834.044477578149,8000,1080p
1.513585754591482,1.4737197054566493,11232.340464928342,8000,1080p
1.050932430043942,0.9677738992950726,16621.750034828856,15000,1440p
1.754811443164192,1.9522675945508816,9051.447692003323,8000,1080p
1.49548941789697,1.0906994249993942,12974.470944829074,8000,1080p
1.4645413538309022,1.004655776995708,13589.207431472683,8000,1080p
1.6100764769392972,1.2494371842301328,11734.314284156118,8000,1080p
1.033899619772312,1.3031013331591166,14357.902575054935,8000,1080p
1.7909286332126624,1.3687613685467448,10619.532922950011,8000,1080p
0.5972223328371451,0.8289274544988929,23527.98583848451,15000,1440p
1.2538255311192763,1.5203731016713962,12095.18006511535,8000,1080p
0.8479190315371852,1.173389271839951,16600.35331766972,15000,1440p
0.9463979908521151,1.0397919394864927,16893.868752158865,15000,1440p
1.0631175349117916,1.2958173777469526,14224.399248973326,8000,1080p
2.3740471661618803,1.6141255830370915,8413.485099595908,8000,1080p
1.0197062094184763,1.0703921472274052,16053.996642458016,15000,1440p
1.143866794818638,1.5856212997413333,12293.305864523072,8000,1080p
0.8782478185063709,0.9996383963722704,17868.192297353045,15000,1440p
1.0403923331581515,1.2114739735572728,14900.72119287692,8000,1080p
1.1384387354813879,1.1874463484940339,14426.521856638115,8000,1080p
1.1471127159758305,1.214267716167659,14209.66801589938,8000,1080p
1.0524346910009315,1.3396167675272777,14027.470805601108,8000,1080p
1.6779564264135731,1.2463150463416033,11474.45861734097,8000,1080p
0.7002768376575208,0.9610201513188739,20197.732387798103,15000,1440p
1.6250981617829123,1.645673077422849,10258.874603577593,8000,1080p
0.7055064168823322,0.7527900492956301,23009.33505512946,15000,1440p
1.025604821424969,1.4021128266178189,13821.389825563692,8000,1080p
1.1271357860798883,1.2775785542346267,13953.604150591702,8000,1080p
1.378402551212849,1.0623878311465553,13747.363248606547,8000,1080p
1.2780720053905938,1.212037273389092,13475.084120181198,8000,1080p
1.450221969591333,1.738839150113118,10521.727474169478,8000,1080p
0.8854737933347102,0.9293293510884818,18489.29571403447,15000,1440p
0.875438256829564,0.8829035164640888,19082.997691141256,15000,1440p
2.035561588165066,1.5057229879802119,9475.214792402909,8000,1080p
1.2061342431360347,1.166067141615647,14144.849680842937,8000,1080p
1.4276904304233753,1.0923215720383403,13315.187374989404,8000,1080p
1.365568253329449,1.9647465383452212,10075.453552883791,8000,1080p
0.9491818951379426,1.184599335013102,15725.338439510393,15000,1440p
0.9681699800719017,1.2120125242924302,15390.652815913385,15000,1440p
1.486362990149267,1.1554014236468542,12701.523203495453,8000,1080p
0.7337883277339958,0.805673657748122,21796.20693231451,15000,1440p
1.426292493006639,1.0108928575368468,13767.69805075246,8000,1080p
1.1766262060145585,0.8422736410123179,16620.15678955733,15000,1440p
1.2870662005669542,1.3184355379454302,12878.299601196182,8000,1080p
1.7730079436957409,2.1197262357306084,8619.759391057298,8000,1080p
0.7058555933105598,0.6950913100817063,23951.251770321185,15000,1440p
1.242772109253154,0.9661687368657792,15190.280925337813,15000,1440p
1.214031834558477,1.1779639724294244,14027.797165018072,8000,1080p
1.0942250810111631,0.7758145715454308,17943.1660468411,15000,1440p
1.6940242994587378,2.3626310521997045,8271.452487646573,8000,1080p
1.4844219160183791,2.0568972991396963,9475.12211166262,8000,1080p
0.9355747621990466,1.273858903701607,15186.892694658869,15000,1440p
1.282892692531011,1.6255908018343328,11536.744858619824,8000,1080p
1.1029642864766986,1.1451950111929319,14925.291119175337,8000,1080p
1.5372057103014647,1.0894563627696494,12774.552289769004,8000,1080p
1.0186045484753463,1.1301426337530436,15615.811984545284,15000,1440p
1.2894125196890516,1.8088282011571695,10830.156538267722,8000,1080p
0.9836079312472327,0.6920548045692313,20024.573730017728,15000,1440p
1.6456886338793482,1.2497890621029513,11588.56517753854,8000,1080p
0.8993159241932944,0.7796303359242169,19985.411562637797,15000,1440p
1.0044740918386954,1.0288931282825287,16501.904657437906,15000,1440p
1.6208651957499962,1.862655417551544,9632.333413465427,8000,1080p
1.1371495129390563,1.674936484728353,11932.221143959676,8000,1080p
1.3849444914726337,1.036329006095928,13858.175061055803,8000,1080p
0.7686733373774547,0.7596205082694548,21955.4846049889,15000,1440p
0.9866694734807633,1.3152854372029086,14576.494024391843,8000,1080p
1.1272101071223686,1.1196485592160634,14933.930870997596,8000,1080p
1.2018491814268706,0.8221709869789149,16578.111485138543,15000,1440p
0.8676573307029077,1.2679624057479217,15711.80085447415,15000,1440p
1.340971989930611,1.6283151657530048,11300.500841009027,8000,1080p
2.1981470306993582,1.9137248016010782,8160.378865998741,8000,1080p
1.6970977415895634,1.720790102782423,9817.300487273711,8000,1080p
0.8569162630317468,0.6848442477270964,21763.712175689823,15000,1440p
1.3929464346683005,1.0286137351256548,13856.534484895772,8000,1080p
0.9760397549149563,1.2164924533854884,15303.9630948044,15000,1440p
1.4878298273174118,1.3747957592687607,11721.558053987555,8000,1080p
1.4203238767556343,1.6343469487766058,10984.631050762577,8000,1080p
0.9853910755323937,0.8108657314051798,18680.197547702952,15000,1440p
1.5949332092618234,1.9212269665732997,9542.919071378905,8000,1080p
1.0658530281163783,1.4688563504640504,13237.979976541632,8000,1080p
0.8515463745466381,1.2591853138499003,15897.061755627656,15000,1440p
1.13061841080169,1.472946287558509,12887.880996824684,8000,1080p
2.479677940297535,2.7298681514270453,6440.951171024588,4000,720p
2.581576432156667,2.2842891709420927,6895.881377946674,4000,720p
1.6607814664471723,1.3866761087912909,11010.63137765728,8000,1080p
1.4516190785077316,1.2596370479821177,12375.972772237319,8000,1080p
1.3023195998554602,1.0933839574951287,14006.086811970961,8000,1080p
1.4378927711153775,1.0791122903192152,13331.094368509259,8000,1080p
0.932788144646934,1.293631983397793,15071.024366577198,15000,1440p
0.9560010451974417,1.1894316696349228,15639.936768010833,15000,1440p
1.1736459746522343,1.5115547706565555,12496.06088431997,8000,1080p
1.0300818849950357,1.2495035450341738,14719.532577276585,8000,1080p
0.7716516060862164,0.6370600982587751,23819.232775950986,15000,1440p
1.208674217535688,1.0513610273748286,14846.862267109711,8000,1080p
1.3811265440531002,1.350038487082972,12285.757769109432,8000,1080p
1.8319774503832114,1.4173935231652002,10326.439262599046,8000,1080p
1.330061389189841,1.7881639745573135,10760.74628540569,8000,1080p
0.6902192042968396,0.5818044237963558,26378.78044002939,15000,1440p
1.1763840325274268,1.1273422716578632,14565.285788958548,8000,1080p
1.287068065147373,1.0351116459716754,14449.541454235798,8000,1080p
1.2023482140867605,1.5157981732908579,12344.600774931867,8000,1080p
1.2687197679714675,1.4349873552303032,12410.52764630229,8000,1080p
1.9287310567488054,2.201358217009256,8124.384190240049,8000,1080p
1.442287912696992,1.2125764232457197,12638.849957689159,8000,1080p
0.7228086444423143,0.7099469433630401,23419.50873239833,15000,1440p
1.5150565853725793,1.4566673803072319,11291.234444220694,8000,1080p
1.0432466381497543,1.1437523903654734,15342.682626969612,15000,1440p
1.2091752567127632,1.1507337584555852,14218.527826423991,8000,1080p
1.5211375170653398,1.3278237645762618,11777.777471466927,8000,1080p
1.2249311608367814,1.4914623910123432,12352.566503906832,8000,1080p
0.6458437058725398,0.8099311650158595,23049.190277287253,15000,1440p
1.1521354369651025,1.0447444639545067,15273.676083045862,15000,1440p
1.0044424903199751,1.2509293633465097,14877.560853413883,8000,1080p
1.350930846525326,1.1147254951866816,13608.722120902608,8000,1080p
1.6684903164414804,1.338020214258639,11160.590211598645,8000,1080p
1.2488829957245766,0.8552613547145183,15946.829880277857,15000,1440p
0.8395166691568073,1.09498181963556,17345.287264063325,15000,1440p
1.8989848251629569,1.9070540765258264,8816.103268180343,8000,1080p
1.3961674649445341,1.0211518866759577,13880.843661598212,8000,1080p
1.005826421177184,0.734807339959749,19277.135000577713,15000,1440p
1.3956904830032275,1.684012376899087,10895.347222252578,8000,1080p
1.3679138247259226,0.9257678105625884,14629.071220592195,8000,1080p
0.920161229250033,1.020974987081356,17285.974944826652,15000,1440p
1.1580783381982631,1.451898524881824,12856.218181337335,8000,1080p
1.1887273401673975,1.0298534798369845,15124.277509950583,15000,1440p
1.0368833439071845,1.048685236709781,16088.865315603156,15000,1440p
1.1477418037660603,1.4554381329993356,12889.785883066292,8000,1080p
2.448488622939018,2.3059027473255247,7057.5662344206585,4000,720p
1.5966153684251048,1.071251924045374,12577.249286237238,8000,1080p
1.4110882635131419,1.7457543079506608,10629.11160135587,8000,1080p
0.9542684842004701,0.7467057185250223,19726.59664457892,15000,1440p
0.9009333912657754,1.3287665533291575,15048.855376859146,15000,1440p
0.7448629321179427,0.9044791731301514,20344.131089136747,15000,1440p
1.079965126897539,0.9497106931680837,16531.916904304024,15000,1440p
0.9405974920632234,0.9524419047585484,17725.16306651336,15000,1440p
1.5406542219223145,1.78783519565999,10080.979023923934,8000,1080p
1.2819897868241181,1.4482248414920287,12290.034509372845,8000,1080p
0.9029266385355887,1.1103912139260919,16666.23675887692,15000,1440p
1.2167630512188656,0.9115777719422609,15765.535122407298,15000,1440p
2.0533108179918265,2.757759384866303,6974.421612070055,4000,720p
0.870104068626165,1.1397628351198283,16694.85274744372,15000,1440p
0.8955094867674134,0.8113550278553163,19658.52105573627,15000,1440p
1.3665294328064799,1.287337097960343,12643.601933630249,8000,1080p
1.1333181899506213,1.453526956432545,12971.17921685981,8000,1080p
1.74223853341051,1.2093893367625408,11368.110573516416,8000,1080p
1.1626930352606841,1.5201414188101472,12507.082555573184,8000,1080p
1.5293655258135606,1.3751534255881723,11552.492017243161,8000,1080p
2.321491141497157,2.2912737104050453,7274.255913167326,4000,720p
0.8093269993657762,0.9174213418562368,19432.14954893407,15000,1440p
1.0687558317925911,0.9432789924649083,16676.864433687217,15000,1440p
1.3370677373079198,0.8920455221630217,15052.816117546141,15000,1440p
0.8314063349804668,1.0395794412814245,17934.092511937524,15000,1440p
1.9641975831126008,2.50573177471627,7506.702973108734,4000,720p
1.0906649592862983,1.597811263754108,12480.836435314719,8000,1080p
1.1871790739664163,0.939060999911675,15781.111649729848,15000,1440p
1.2513010911619498,0.9402186453760573,15311.033453436605,15000,1440p
1.0705391924095014,1.3325902491568722,13962.806755065607,8000,1080p
1.1645055030571467,1.5832279372741307,12211.676543105486,8000,1080p
1.0538052916678347,1.0753566000220365,15759.455460368281,15000,1440p
1.3644950565933132,2.013749495196458,9932.505325057979,8000,1080p
1.4487496376661086,1.4084584961269409,11743.782891817284,8000,1080p
1.1395652444745499,1.461559551744431,12899.97006248029,8000,1080p
1.2570320997773814,1.0069229454453372,14821.15648488906,8000,1080p
0.9441815516879133,1.1179222073606143,16271.941628913137,15000,1440p
1.5756371163704206,1.1169043284453168,12461.992763233504,8000,1080p
1.019670210552724,0.8826860183327765,17638.353685028767,15000,1440p
1.36211747409353,1.2738202745680909,12729.599557894351,8000,1080p
1.830736025191142,1.9470638220161032,8882.00364156541,8000,1080p
1.5017176260157963,1.8895033693478958,9894.498779605912,8000,1080p
0.8107099697326112,0.758918932081988,21377.302597581354,15000,1440p
2.0175248167842144,1.9089582377324184,8545.670905519977,8000,1080p
0.9051499852450487,1.1620992868315567,16231.439746157803,15000,1440p
0.8891103822216462,1.0630783160518404,17188.10893110666,15000,1440p
2.7605442937141436,1.9867221666251624,7068.158545623692,4000,720p
1.2058696535822633,1.109540556114538,14491.787182882765,8000,1080p
2.210095518044393,1.6660017896729737,8656.756870678306,8000,1080p
1.4231702727970386,1.3055273950828181,12296.866888177876,8000,1080p
1.2725559173557863,1.3509459796524654,12789.940056176167,8000,1080p
1.1478521600439286,1.107756604548725,14875.99823458732,8000,1080p
1.1855076779900584,1.5769787580388182,12146.460363524931,8000,1080p
0.9629095576090066,0.7817549475155415,19232.598531947904,15000,1440p
0.9947525242947586,0.7086884922680334,19698.02985471503,15000,1440p
1.327824291408069,0.9913761718258982,14468.10335369226,8000,1080p
1.3903186306900457,1.3688684482178992,12160.984753987927,8000,1080p
1.1076391589252677,1.4283087442264215,13231.514716173144,8000,1080p
1.5048512933761267,1.2453765403199297,12200.600833461092,8000,1080p
1.1193918911130576,1.4441160258122847,13089.264042626794,8000,1080p
1.4109271188025037,1.6184099213108574,11076.493488735197,8000,1080p
1.3653305811160765,1.660693953113349,11088.618621707443,8000,1080p
0.9651538719933315,0.8430027400429181,18557.259795219168,15000,1440p
1.1474054566424285,1.6762686293178064,11883.252450004082,8000,1080p
1.1250092309178796,0.8318587848703938,17147.008244438737,15000,1440p
0.8880697750090479,0.7962353848617308,19921.824619105435,15000,1440p
1.5751390004468107,1.5371654037688889,10781.217915108055,8000,1080p
2.462994929051933,2.395044273215609,6906.9907843349865,4000,720p
0.9811432657185577,1.2028712699366482,15363.648662683305,15000,1440p
0.8345112380911321,1.1325625931832297,17058.044017728545,15000,1440p
1.705690440245552,1.8911848009745855,9328.772823551593,8000,1080p
1.2592233257936842,0.9849027310453689,14952.115500705358,8000,1080p
1.0974695514644528,0.8176979426300788,17520.364199719326,15000,1440p
1.3451826430814111,1.043068404536871,14049.792643642988,8000,1080p
0.8837497040262308,0.8647306538367869,19190.625647639547,15000,1440p
0.7340470947979931,1.0522296802082847,18784.56489469952,15000,1440p
1.4062517053568984,1.1819258658544474,12964.501498363385,8000,1080p
1.1952472964501086,0.9315968205890353,15776.629669837923,15000,1440p
1.7058875942612493,2.038846790999633,8960.430446567543,8000,1080p
1.1905197834878396,1.5264259089647547,12350.05620215777,8000,1080p
1.0544511583536906,1.059525589979592,15872.65897151198,15000,1440p
1.3401200932970165,1.1623947716091094,13408.284790052061,8000,1080p
1.0264778890802881,1.3270754672390528,14256.924284255394,8000,1080p
1.0477923629117556,1.2786893009047238,14422.822462720636,8000,1080p
0.9070099281331759,1.354293001906127,14838.53912461733,8000,1080p
1.4414288997120095,1.5674857072836494,11151.673072405145,8000,1080p
1.482791451815294,1.3685392654389006,11767.990221882297,8000,1080p
1.047939068327302,0.830929850972379,17858.84670044299,15000,1440p
1.820752096427815,1.2351022538555798,10980.376730614867,8000,1080p
1.0714475597600033,0.7669078737496791,18252.418106078545,15000,1440p
0.8601605720797709,1.0480047882247072,17584.656287150006,15000,1440p
1.5717253628204668,1.0716428666010898,12693.816785163774,8000,1080p
0.9343542254334036,0.7121153509762268,20379.624671334885,15000,1440p
1.0046342517058393,0.804346327428578,18548.807205025678,15000,1440p
1.030163627994854,0.9638570094381167,16827.52493635008,15000,1440p
1.33515009769362,1.5560129131931344,11605.85960516576,8000,1080p
1.112784276743548,1.083407640990126,15278.460743369811,15000,1440p
1.2332476315487861,1.6890579840220394,11482.177572808612,8000,1080p
2.0724924509481606,1.52182558308786,9335.409855850205,8000,1080p
1.3105433282891905,1.2618827195902775,13043.88595647287,8000,1080p
1.0510323825657617,0.7735646023289438,18390.051215576448,15000,1440p
1.5205607889795631,1.9344478626042445,9711.822858856907,8000,1080p
1.054332387149714,1.2785723852711548,14383.112588509292,8000,1080p
0.8171875509330353,1.012683468875839,18337.0476043195,15000,1440p
1.4072144027458469,1.1916734609769308,12911.073412738533,8000,1080p
0.9265970145685581,0.8277397647062547,19126.562468735527,15000,1440p
0.8661105006857944,0.6125951068011611,22691.759488912332,15000,1440p
1.6521427509431643,2.183161317357687,8748.832270518142,8000,1080p
1.6181728135398548,1.2356139326842543,11757.862441682584,8000,1080p
1.1599088921791496,1.7248332759495753,11631.691861656425,8000,1080p
1.4497054676950871,1.1599034207134442,12858.031005735558,8000,1080p
1.5068772262102188,1.8384461968544925,10030.250518875146,8000,1080p
1.601670579951695,1.0903306287575472,12464.493660494543,8000,1080p
1.9922806087715437,1.4516301582695734,9743.118875530201,8000,1080p
1.0809662361299537,0.8035988939018366,17804.86726899907,15000,1440p
1.4341705983519235,1.1094550889117452,13191.576169407428,8000,1080p
1.6239216026765477,1.3838093698670215,11156.06159803042,8000,1080p
1.7006067284878041,1.5847371413735563,10213.369841682957,8000,1080p
1.6556842603956723,1.383464778693616,11040.732642073692,8000,1080p
1.4057185300157071,1.0462301100726688,13684.802141202515,8000,1080p
1.4408920178283526,1.7393594756633004,10550.8737496606,8000,1080p
1.300498723527888,1.1666134402667532,13600.691728741776,8000,1080p
1.36423504583022,1.177996397932041,13198.81086449888,8000,1080p
1.1405780355874717,0.7765869071590434,17502.110148086784,15000,1440p
0.7408707976597178,0.7590568702458642,22370.700079726907,15000,1440p
0.9929744822124225,0.9814486797973596,16994.54941859812,15000,1440p
1.1917630755152477,1.2472648942957272,13757.296929481492,8000,1080p
1.184572982747097,0.9980515408335775,15373.43305615972,15000,1440p
1.2932204425727805,1.3371812263630591,12756.390933090779,8000,1080p
1.4293832855545658,1.441749382722548,11686.827422062343,8000,1080p
1.088454462930232,1.1975313814247572,14678.320114212114,8000,1080p
0.6638006365584519,0.9783283286741193,20433.49378180401,15000,1440p
1.0544156458381009,1.3487720894445516,13962.468061636257,8000,1080p
0.6156480416237959,0.8088740246795811,23554.86994109784,15000,1440p
1.5044625687533457,1.7438513730664977,10329.799582487825,8000,1080p
0.798110963959019,0.7658952534511115,21454.15512194284,15000,1440p
0.890230851601861,1.2915814396562695,15379.15618792807,15000,1440p
1.1163555577480473,0.7896946116468062,17604.17041417808,15000,1440p
0.8551340756391256,1.152431430520152,16713.99109869834,15000,1440p
2.0203925822616102,1.6305245283404708,9190.68578756817,8000,1080p
0.7990233688443755,1.106068291997859,17613.027598454606,15000,1440p
1.0537136047868088,0.8136315192252628,17969.057550490106,15000,1440p
0.8361221642395602,1.1722636224992167,16707.164640158997,15000,1440p
1.1532175506801392,1.4508191315028538,12885.54505763373,8000,1080p
1.1040523240976086,1.3217395814050468,13832.362093337553,8000,1080p
0.8515891766662851,0.9975125140506529,18146.342177098002,15000,1440p
1.073968683434671,1.3217864912839317,14005.785046020486,8000,1080p
1.3646982371649377,0.9469925691921897,14515.103796634756,8000,1080p
1.4281317231560346,1.3725229166414477,11980.924574986637,8000,1080p
0.8561146910908686,0.7223522632454733,21257.608154430945,15000,1440p
1.1858981964933213,0.9279560791393828,15873.578603216025,15000,1440p
1.1574085305617923,0.9743719672477977,15740.097085266172,15000,1440p
1.096995436409714,1.0853995954520237,15375.049663385502,15000,1440p
0.9646737196128065,1.3159980206982174,14712.521493963026,8000,1080p
1.4413405150384955,1.3297167655953335,12108.891517509532,8000,1080p
2.245604584527769,1.8339277712658881,8225.068236644029,8000,1080p
1.5700374687492815,1.5530447514911414,10744.01172743281,8000,1080p
1.2566963007915093,1.7872917156816257,11023.181372072966,8000,1080p
1.2980607697214943,1.2136947781402687,13358.956061056424,8000,1080p
1.701538845159653,1.7282979567381294,9783.09871228678,8000,1080p
1.1627386907747541,1.5755210588297175,12253.925875675883,8000,1080p
1.0332896574296289,1.4961531256803813,13265.54299787087,8000,1080p
1.0173895705367257,0.9421328302976735,17123.780767044016,15000,1440p
1.0428084423803685,1.5413028473426469,12984.902056442244,8000,1080p
1.225957938651398,0.8832946040023202,15908.209814356367,15000,1440p
0.8050784647618908,0.7414799405555234,21696.19452109429,15000,1440p
0.6567640691436374,0.7202444280598894,24367.62886223536,15000,1440p
1.8294986019208292,1.3818425818019433,10448.72845341888,8000,1080p
1.2393136157577307,1.152453650371624,14029.13756500306,8000,1080p
0.8427852093291215,0.8075125366165992,20332.350378853167,15000,1440p
1.9778718874761263,1.3961491645292998,9944.938541523372,8000,1080p
1.088125911782562,1.620875614278144,12386.272830489384,8000,1080p
0.9607699910800335,0.9925152586092542,17178.459728469028,15000,1440p
1.0416760777080305,1.1517046211983666,15298.042887278978,15000,1440p
1.3872689819675192,1.6058034649930921,11210.698235545105,8000,1080p
1.2111672205089727,1.1127935719931379,14438.467339147042,8000,1080p
1.0949828129909698,1.581972003539638,12534.552990134991,8000,1080p
1.313118444833959,1.1068205241085571,13865.817456819119,8000,1080p
1.1854069738187907,1.3331902230443393,13322.66709491755,8000,1080p
1.5816325702780414,1.9038723301883669,9626.849755830199,8000,1080p
1.5229500441022288,1.1121570956632367,12733.61203938997,8000,1080p
0.885776129976157,1.0321486354625473,17495.17635136475,15000,1440p
0.9752179628891825,1.05217390500228,16550.540885269227,15000,1440p
1.5936444954690259,1.8263217599743904,9811.334233661757,8000,1080p
0.6457496582160897,0.935562503074831,21219.3599855752,15000,1440p
0.8851076551963337,1.288945467663435,15434.044203971522,15000,1440p
1.1456777435535748,0.9102817028695234,16320.570942377819,15000,1440p
1.01809543771294,0.7539220197195198,18935.723155130894,15000,1440p
1.6512241253966364,2.0523855045348407,9059.926761401366,8000,1080p
0.8044138070253591,0.5659676586598791,24485.468346013873,15000,1440p
1.7880772084949685,1.3089412813257841,10834.430633942404,8000,1080p
1.236028292967718,0.9324573364614686,15473.670447533737,15000,1440p
0.9803950164304666,1.1575981951149679,15694.35853154342,15000,1440p
1.2297868392321838,1.348694196799619,13013.255296862359,8000,1080p
0.9302998116841937,0.988575585024923,17486.509055015278,15000,1440p
0.9414703571102517,1.0614625096063053,16752.649356144604,15000,1440p
2.4551797021776496,1.7142057058534315,8047.812499023805,8000,1080p
1.0805853913025805,0.7854625155581991,17981.54906775574,15000,1440p
1.6026068861193918,2.0468143533669223,9194.452982556506,8000,1080p
1.2399113646968303,1.0947614785775288,14372.220114977732,8000,1080p
0.7944284998574911,0.8552560940972305,20339.90747259228,15000,1440p
1.912608899822526,1.4112669772674948,10094.971425159281,8000,1080p
1.2863170123322885,1.2528197446292144,13214.897507195883,8000,1080p
1.0347894628788934,0.9336689082815317,17046.046028506735,15000,1440p
1.0959614265198938,0.9921557065370579,16069.228813269274,15000,1440p
1.1032277481800326,1.1351664536248456,14990.40337619895,8000,1080p
1.2189326730907701,1.303706889310136,13301.318388927819,8000,1080p
1.0109078681296366,0.7007089735754541,19603.938908765063,15000,1440p
0.7754648897329758,0.9922686274852478,18981.612145252864,15000,1440p
1.2990655069343517,0.9517434715071598,14907.72087786566,8000,1080p
1.4721678730265448,1.654158166206973,10732.863936426333,8000,1080p
1.7312095350823578,1.5668730363694983,10173.921141467643,8000,1080p
1.3055511861330151,1.0798798434474248,14066.40208159852,8000,1080p
1.2320041080436492,0.9739053875660464,15211.15533832263,15000,1440p
0.7004485770911097,0.6944789025224247,24054.60677374875,15000,1440p
0.6132088324854698,0.8406144364192726,23080.131345867572,15000,1440p
0.9505334929368614,1.2508227111832022,15242.618135674473,15000,1440p
1.020841222596774,1.0806152585925533,15967.226683185818,15000,1440p
0.6273970745806103,0.772748813653553,23964.954139399142,15000,1440p
1.8242995808040645,1.6530572841037456,9649.407093824286,8000,1080p
0.6702003895450716,0.9489838906452089,20723.047037028304,15000,1440p
1.3798592933221965,1.1685611650384438,13166.75664328368,8000,1080p
0.6623663074843331,0.8251384378172579,22557.529383341127,15000,1440p
0.9269096030246857,1.3112661552073577,14991.866423620355,8000,1080p
1.255210110748503,1.6998438655394066,11354.930322508195,8000,1080p
1.2285151861712784,1.1185772943965897,14296.169527960681,8000,1080p
0.8273514263473237,0.9854865447547966,18509.338691532637,15000,1440p
1.233197710322821,0.9330389807969568,15489.734864870625,15000,1440p
0.7618985224548579,0.9368734226640615,19752.169852116956,15000,1440p
1.736770318729805,1.9728039480396882,9045.35927493941,8000,1080p
0.7730162407895611,0.9867708762868415,19067.324493058673,15000,1440p
0.8053914187543953,1.169674300611496,16989.020502453397,15000,1440p
0.8814936296671002,0.6728165079891933,21587.990187464075,15000,1440p
0.8319927634980326,0.8089207202636481,20448.629578616652,15000,1440p
0.6388319999976348,0.8838013761930681,22037.105270834058,15000,1440p
1.2857117130255094,1.563057878166179,11778.569984652082,8000,1080p
1.0954888850358964,0.8178277605851594,17537.312538828803,15000,1440p
1.6026949112916102,1.8861293447840803,9617.690527565523,8000,1080p
2.073495319439004,3.032692419742108,6571.327517499617,4000,720p
1.1898164648007676,1.2839200275251503,13564.270933502145,8000,1080p
1.3322068056863428,1.8007299522858635,10710.21683237491,8000,1080p
1.5297386979055583,1.4991610874495018,11078.09250152085,8000,1080p
1.2407890779697273,0.9528959867237805,15295.920339726652,15000,1440p
1.3424270483799399,1.0297498292864482,14144.995812036128,8000,1080p
1.415222167631728,1.2025473388165215,12817.94746151129,8000,1080p
0.8093079742100683,1.1139019914594113,17447.097612308557,15000,1440p
1.2368172482170194,1.6259142398388973,11721.124436573282,8000,1080p
0.5413015151507289,0.8114860755313434,24803.917652054995,15000,1440p
1.3922214545827227,1.0000518479004077,14026.169988676123,8000,1080p
1.6335202870408276,2.094677580327202,9000.174667147749,8000,1080p
1.1274003572201,1.6413696215258926,12118.894764669902,8000,1080p
0.7961774765485078,0.7889610619389565,21168.138421527223,15000,1440p
2.7549333269495384,2.0125075931283196,7038.248100503365,4000,720p
0.9350712672356034,0.7586453700930933,19811.124990140925,15000,1440p
0.8846177012254488,1.2556553841422984,15677.640498027658,15000,1440p
0.9008730515788093,1.1999895472000415,15971.740379168004,15000,1440p
0.8602083606393951,0.9938076884717455,18098.242469954235,15000,1440p
1.2937710021145723,1.2904097389173204,12984.55307990622,8000,1080p
0.8610843904382698,1.1017770867421994,17094.65104394371,15000,1440p
0.7067744896595425,0.7195142880601744,23525.69306031086,15000,1440p
1.1303661094195487,1.564492442673856,12451.277627886791,8000,1080p
1.7640900477117256,1.6892429117268692,9716.535414950231,8000,1080p
0.9745380366739007,1.458850236150211,13789.181272357251,8000,1080p
1.7644937117421637,1.5615154041121913,10088.496703166986,8000,1080p
1.580221469719185,1.9738694849899245,9441.072957218767,8000,1080p
1.17769358527637,1.5553023488782423,12277.527229611218,8000,1080p
1.8430649820152134,2.0739080970136836,8566.418845114677,8000,1080p
1.0673428712846462,1.4979160303865822,13080.329622144487,8000,1080p
1.3144014438430955,1.8770327572793464,10513.903745281275,8000,1080p
2.467700395761752,1.82295636752455,7820.348690464808,4000,720p
1.606723478952072,1.5933842839220898,10485.406894505091,8000,1080p
0.7965257013406746,0.6107450395124345,23843.622286681515,15000,1440p
1.351297904786672,1.3188721074776675,12566.40283048696,8000,1080p
1.2856204778632947,1.0414109103187055,14419.415298997963,8000,1080p
0.9532598319750349,0.9646916256473796,17494.932870509507,15000,1440p
0.8057786696545725,1.1642730087780016,17032.259796705846,15000,1440p
1.2457671884895893,1.01866275013558,14818.048210567427,8000,1080p
1.0730185863255854,1.261390193082977,14373.845873087075,8000,1080p
0.822622685490891,0.9465070852621712,18966.631252673425,15000,1440p
1.1834635266667943,1.7454966843595563,11456.090073767864,8000,1080p
1.1040274386187494,0.7529797991992073,18069.09058654372,15000,1440p
1.1190355682320923,1.2394534748181463,14227.08835509534,8000,1080p
1.5960113689432858,1.3715177887829475,11307.195385978928,8000,1080p
0.9429132618829817,1.1664601695084427,15907.298110731486,15000,1440p
1.508839543685668,1.1197739012859422,12765.069000231944,8000,1080p
1.128209059969628,1.6328110971807672,12152.910913417958,8000,1080p
1.115694166328717,1.2355657738875072,14270.83047096626,8000,1080p
1.2128118394658884,0.8593211319647389,16193.184734102073,15000,1440p
0.8152760051179798,1.053693584976159,17953.439252219127,15000,1440p
1.6757388717218236,1.9092323478897892,9359.749338137004,8000,1080p
1.2401895656687416,0.9989713508224876,14985.270488098675,8000,1080p
1.1113366742092503,1.0818913709755607,15299.107666285818,15000,1440p
1.4292556583425426,1.3145775578104337,12229.034841645873,8000,1080p
1.005379751560382,1.218241981591464,15089.991026683605,15000,1440p
1.435403861025952,1.5941588516171874,11075.668399260652,8000,1080p
0.8371779172251702,1.227160384196214,16254.328070595966,15000,1440p
1.098834622938545,0.8246029977892717,17445.03260121491,15000,1440p
1.501081085557836,1.0130493492574453,13346.33698210066,8000,1080p
1.6106869458424662,1.3387443359985294,11376.576971495255,8000,1080p
1.95164524899793,1.6813359220152573,9236.059979535248,8000,1080p
0.6546702674179431,0.6493377327261808,25731.768513913594,15000,1440p
0.8876352112306344,0.9220101030922091,18541.99369038006,15000,1440p
1.9826616095607845,2.7502785528997933,7089.553395611831,4000,720p
0.8039259380310116,1.1490087350928433,17181.54348006293,15000,1440p
1.0355354040195204,1.3396013428827676,14127.36847415734,8000,1080p
0.8258299293625943,0.8113162284959902,20495.685030278408,15000,1440p
1.5680933929666956,1.1044351827153183,12555.312712208177,8000,1080p
1.034214136534308,1.0217490280511934,16320.541426998201,15000,1440p
1.8858055033345995,2.6479808021982967,7400.973433408449,4000,720p
1.316103675663639,1.3174768893183237,12740.99317338705,8000,1080p
1.3524402033574998,1.1327116251482514,13501.96459432231,8000,1080p
1.0304438283575668,0.851353409362732,17831.056039092437,15000,1440p
1.5625026355709997,1.2189717059742469,12063.541805443674,8000,1080p
1.1761751912996208,0.9940689195139796,15461.132613059282,15000,1440p
2.046539346035587,1.4568362768530077,9577.74318596582,8000,1080p
1.5341520439224412,1.1692551080390878,12411.904723879157,8000,1080p
0.7506976923064883,1.0185625926000816,18965.232129071344,15000,1440p
1.2378052074401875,1.3675734708683471,12878.907883664815,8000,1080p
1.630544635484104,1.4054355993079075,11052.256406504155,8000,1080p
0.9094014033342348,0.7651020452650403,20038.437082986205,15000,1440p
1.6141916571375443,1.375358644007234,11223.906146403062,8000,1080p
2.040861977763899,1.81549317448507,8701.074116690615,8000,1080p
1.122461990663633,1.338412164608113,13635.167783008674,8000,1080p
0.8815819962777726,1.310380531197349,15307.940523349498,15000,1440p
1.1468503619660237,1.016302703187954,15511.815849060837,15000,1440p
1.6367464065239175,1.637021930848155,10249.482719029196,8000,1080p
0.8340575281871094,1.064604266535512,17672.674561243817,15000,1440p
1.1383069739041378,1.026080636808032,15502.968060771358,15000,1440p
1.1233481118692912,1.2240369012234535,14294.387930760071,8000,1080p
1.1600141204974228,1.4940210719952247,12642.798443258756,8000,1080p
1.879937447788221,1.727370989632184,9301.79178800548,8000,1080p
0.8712069722303497,1.1351502324697027,16724.056873519858,15000,1440p
1.3329249988803162,0.9918527932689261,14433.39321001477,8000,1080p
0.969020738649234,1.0153313085675573,16909.515651248836,15000,1440p
0.8733111279501312,1.2530818302850593,15779.977012268067,15000,1440p
1.0025241805436624,1.0179056950772591,16607.570698135714,15000,1440p
1.8441226529579176,1.3721395063422315,10432.74159196692,8000,1080p
0.878743299668839,1.0259359814644031,17616.84097284654,15000,1440p
0.8657773083939916,0.9819565907346247,18159.77507141268,15000,1440p
1.2118324067074382,1.612935093773669,11878.652665851294,8000,1080p
1.7276177364422414,1.37584630841092,10811.928707744255,8000,1080p
1.6072025186314554,2.148266258946327,8934.818523945252,8000,1080p
0.8507373219867251,0.6376653083704162,22543.921460249392,15000,1440p
0.9084732454453422,1.2695634406199785,15405.815804056518,15000,1440p
0.9027224409246826,1.138676067386408,16436.98271718665,15000,1440p
1.4669410887892833,1.5671317971440715,11059.204330774619,8000,1080p
1.4614979264043526,1.717272107870613,10555.79096260523,8000,1080p
1.038255737565369,1.162450125660618,15247.122553130741,15000,1440p
1.572717960446586,1.5280247462775571,10821.417696874763,8000,1080p
0.8386731927153412,0.7711060621652843,20844.120023455176,15000,1440p
1.018415071458433,1.5066405984675617,13288.590980246952,8000,1080p
0.7941692497445414,1.1253155652730147,17480.957253466528,15000,1440p
0.9965037916101273,1.2050696271209294,15241.114247890997,15000,1440p
1.2161041956893774,1.2307201820649982,13713.46154021699,8000,1080p
1.579953923934869,1.6016846892689343,10546.273816501054,8000,1080p
1.5408482982728,1.3272338420119858,11699.257677699641,8000,1080p
1.7695099638013814,1.5500085661252354,10108.222532121781,8000,1080p
1.2747810357602882,1.3103074408999633,12979.993645459252,8000,1080p
1.759212730557174,1.1865311581702405,11390.817826493325,8000,1080p
1.2320063426703973,1.4618829057585632,12455.757793149249,8000,1080p
2.0139980078013866,1.8125451441846212,8768.862826644192,8000,1080p
1.1687483080363503,1.0110624112605444,15393.277821306932,15000,1440p
0.988334325457529,1.286062724080161,14753.110942885065,8000,1080p
1.5419717478741797,1.4098842199918442,11367.232129641272,8000,1080p
0.8424440179695488,0.5849966337930969,23506.70898896287,15000,1440p
1.3878989067283114,1.8014427373628439,10520.802016355252,8000,1080p
1.4170447091532836,1.99993734641002,9819.902900973359,8000,1080p
1.3392834223085412,1.1585804556647712,13433.250825191084,8000,1080p
0.8736290898580047,1.104160740741246,16965.620654361108,15000,1440p
0.7772947658900605,1.0202780454251088,18666.521761335698,15000,1440p
1.0373264118926646,0.9797468367586495,16635.2074831371,15000,1440p
1.4067811476302792,1.8335381312119088,10355.2857334446,8000,1080p
1.0213950720136458,1.5149558947509867,13229.412033146977,8000,1080p
1.0460293957409021,1.5380139480781558,12985.243486825033,8000,1080p
1.445502592506163,0.9705891701219413,13887.89636180919,8000,1080p
1.1365219371101536,1.2003684024513923,14358.58218588707,8000,1080p
1.4353825878865352,1.6355995544232966,10926.286915742894,8000,1080p
1.0333060356274437,1.1870291463663856,15112.32730630724,15000,1440p
0.8777841077469665,0.9407105216885677,18451.763044477833,15000,1440p
1.9262747680028593,1.3118460655716189,10362.316208861213,8000,1080p
1.0079702706603777,1.0205039161176728,16541.710128092167,15000,1440p
1.6990938547390624,1.4677775789325234,10595.45128458148,8000,1080p
0.9090248775368138,1.0817031132557835,16855.357515036743,15000,1440p
1.1803562203276763,1.2932106366279514,13565.201161086674,8000,1080p
1.4846814353354036,1.539772256388735,11094.377834851804,8000,1080p
0.7355292590943558,0.9085798093381943,20408.884449490874,15000,1440p
0.9836524548307214,1.247166615366814,15041.305880995904,15000,1440p
0.8505361107963418,1.2680522687008011,15838.108206731647,15000,1440p
1.0868553784259618,1.4501263933814295,13226.122620540242,8000,1080p
1.0008471931017462,0.7627807549709484,19025.799651603687,15000,1440p
1.6421461510108888,2.309720801264035,8490.779777058062,8000,1080p
1.1891974344093013,0.8499705699084432,16454.961988885505,15000,1440p
1.1861160192416154,1.763894797274198,11374.342023474454,8000,1080p
0.9283024144958119,1.06653370547805,16820.6458986915,15000,1440p
1.6236776886827398,1.2405442361024381,11715.025190485772,8000,1080p
0.9718444016452343,0.7426203705893877,19571.37442740534,15000,1440p
1.1609693029334287,1.4682376431918138,12762.187491346158,8000,1080p
1.183704970000101,1.7568792546447007,11410.804600930313,8000,1080p
1.0952308132759494,0.7434496863121756,18249.19120397284,15000,1440p
1.0736135412172232,1.0495660761783696,15803.859327342114,15000,1440p
1.078737166171748,0.8430663989770559,17459.865622323323,15000,1440p
1.388108224652957,2.0381596988915773,9793.289009718585,8000,1080p
1.0578587372985957,1.2519625621624433,14526.851929120841,8000,1080p
0.7494742484476945,0.994726957763855,19237.707140956005,15000,1440p
1.261989858814161,1.1995294383466808,13631.594129163339,8000,1080p
1.0883802843370876,0.9517672807579038,16447.06126854979,15000,1440p
1.4179886262480987,1.0918975208424817,13368.906011492098,8000,1080p
1.031611016324541,1.1339650636990553,15494.460023604615,15000,1440p
0.9366038582117912,1.3785069418648894,14493.661382810973,8000,1080p
0.7316837422106949,0.7908812354420737,22038.09524880082,15000,1440p
1.4767122557361265,1.0389914841741423,13337.990267962487,8000,1080p
0.8821936147995862,0.7519723535443262,20533.062522409855,15000,1440p
1.2197025064109581,1.2061420294058858,13832.061991021763,8000,1080p
0.7343132496254534,1.0007667036610537,19338.83907565341,15000,1440p
0.8369402848770741,1.2404721229526205,16152.03214996431,15000,1440p
1.0582078759749827,1.0520969891296605,15900.277042831982,15000,1440p
1.1373907918058044,0.8256921827092296,17092.722231106607,15000,1440p
1.3716871233694758,1.5528789826490865,11473.302631438972,8000,1080p
0.807675377702513,1.0293907011863093,18265.228663029866,15000,1440p
0.8927167061558449,0.8564309058637033,19183.304924881893,15000,1440p
0.8790757848669993,0.690429039684212,21378.992581048387,15000,1440p
1.9377816546720519,2.4236080928464476,7693.518337610499,4000,720p
1.1930998702267186,1.1469063444318908,14339.462771424885,8000,1080p
1.1988980775193039,1.0308648800953926,15048.4300967557,15000,1440p
1.2557661055343212,1.1148190882256728,14154.4931978501,8000,1080p
2.1496858453903256,3.0627008120182158,6437.44108129583,4000,720p
1.9081888387744876,1.5196851709455794,9788.700490406933,8000,1080p
1.2808257675130348,0.8863294034462637,15483.170033065524,15000,1440p
0.9364597428363659,0.7861556035953732,19478.772245646913,15000,1440p
1.0596010681549872,1.445761108036125,13393.04645007957,8000,1080p
1.1504862227269959,1.7066988725786052,11743.877586065546,8000,1080p
1.3989095082007663,0.9721552225964529,14151.630516100691,8000,1080p
0.9048888878153697,0.7051725212012848,20840.467209566486,15000,1440p
1.3053174247891535,1.0166479771168666,14450.875095923628,8000,1080p
1.4533811107964816,1.8124635282500225,10274.350346866637,8000,1080p
1.3132668497975881,0.9499844878513726,14825.764793253566,8000,1080p
1.160473208920212,1.161233263786959,14452.486735273924,8000,1080p
0.9570214238842727,1.1543547302985582,15892.209416841986,15000,1440p
1.6191379128401522,1.42890840661472,11008.504623381525,8000,1080p
1.3891412661938771,1.230733029567526,12807.649609100125,8000,1080p
1.188269830212401,1.4155579842645247,12886.57867983511,8000,1080p
1.252669194246632,1.4341325622990697,12488.614732461467,8000,1080p
1.010700167469807,0.7400930137777813,19165.274550640886,15000,1440p
1.3920888118825,1.5479579938108627,11412.890412160199,8000,1080p
0.9682742092902396,1.1216380272357842,16055.426354063638,15000,1440p
1.1914957082482829,1.7866910658646793,11266.731922813678,8000,1080p
1.582758397689517,1.3429070073592961,11468.991615410021,8000,1080p
1.0801958842065575,1.0145908102825012,16018.066225203082,15000,1440p
1.291808783022036,0.9817485408713511,14758.559921655818,8000,1080p
1.6342833990949845,1.1796967273700822,11924.189401490625,8000,1080p
1.2781023735995165,0.9900594044078141,14793.667861504522,8000,1080p
0.8579771012649156,1.159219176806678,16634.19289672569,15000,1440p
1.0619948966803778,1.10330369887606,15496.445649047859,15000,1440p
2.284344058682604,2.008377328693698,7816.587421367303,4000,720p
1.3173072880081396,1.0571575841917786,14131.36593126861,8000,1080p
1.3525924898115078,1.3810521895186434,12274.613542028488,8000,1080p
1.474722647644306,1.3453436729151789,11898.454924756164,8000,1080p
1.6045674170230775,1.5087213709614795,10777.80902610132,8000,1080p
0.9823206386762854,1.4456845236497036,13819.753154007056,8000,1080p
1.1343167721775698,0.9213069529232552,16323.23639305837,15000,1440p
1.0506677684262589,1.5631318419831968,12837.415640575311,8000,1080p
1.6465606696999426,1.595317466867372,10350.306392309165,8000,1080p
1.0496886494467872,1.0346784637013968,16098.139232930083,15000,1440p
0.9180311120245811,0.7402022220466496,20235.048536636546,15000,1440p
1.1600911830780725,1.1498120318001763,14526.3367676505,8000,1080p
1.848662322776662,1.3637823449503406,10445.139285073437,8000,1080p
1.432034895046559,1.4531392479458654,11629.950338178984,8000,1080p
0.9341306717758333,1.2945587120204651,15055.679021023625,15000,1440p
1.3443314751292843,1.0203238168354427,14189.988753972062,8000,1080p
1.2485357198258167,0.8574366464238259,15932.987791171448,15000,1440p
1.1072961382749438,0.8934765329680627,16770.73686694944,15000,1440p
1.3486116599446154,1.6040440058834138,11364.153425790728,8000,1080p
1.1004092914705619,1.0544941037915017,15571.200116801225,15000,1440p
1.502420278083165,1.0669126904997148,13059.588776657081,8000,1080p
0.9639181527728026,0.9601567206230824,17439.25481484943,15000,1440p
1.3529414347529958,0.9620530646716552,14494.38951511087,8000,1080p
1.3594186662765309,0.9392079220216629,14597.600223898171,8000,1080p
0.9492621418606667,0.9536898691406538,17632.831414568296,15000,1440p
0.6528058638912059,0.8138310357875057,22878.486152469362,15000,1440p
1.6888110916089791,1.416808961627584,10804.422764153267,8000,1080p
1.2270233199072962,1.072213824163721,14593.723873383806,8000,1080p
1.009240391525502,1.1847147201252115,15294.037613538012,15000,1440p
1.0754986278912042,1.0066687759503095,16115.146139591585,15000,1440p
2.518367541454842,2.4706831153472986,6725.614612521807,4000,720p
0.9273138176277023,1.2046016158583042,15739.10084469598,15000,1440p
1.3664602504256493,1.252823854900589,12810.535493942041,8000,1080p
0.880187845368867,1.235208869402325,15862.004401207249,15000,1440p
1.6077545794863044,1.2635706481758266,11686.043669570805,8000,1080p
1.1771093703801434,0.9389055876668155,15857.369945517821,15000,1440p
0.8335726094121355,0.7776776110607694,20825.090711330802,15000,1440p
1.554528705249617,1.19065853919342,12223.003027543122,8000,1080p
1.5300721899731786,1.2427209527324448,12101.310942820064,8000,1080p
1.0395671623668639,1.5155635799368299,13132.178109112132,8000,1080p
1.724873914676906,1.388845872647147,10776.317167845362,8000,1080p
1.2790003773959515,1.2682626609190406,13172.739326597448,8000,1080p
1.0156375545196248,0.7800805119520482,18685.801867511207,15000,1440p
1.2758994499836183,1.2711630483727245,13173.776466676092,8000,1080p
0.9888260973281391,1.26917747404324,14860.22096042169,8000,1080p
1.2729528047976997,1.0034680570321033,14739.9949467291,8000,1080p
2.030044278704804,1.4912654497123823,9528.963535701978,8000,1080p
2.0067168892936187,1.3827689069490186,9899.564127749481,8000,1080p
1.5696432407331542,1.362441052957834,11443.883817460364,8000,1080p
1.2585551581202954,0.8547432934846273,15877.753553700582,15000,1440p
1.1784956208627502,1.3525687969824796,13257.04386005548,8000,1080p
1.1227079035907148,1.0631520332408142,15350.677980144592,15000,1440p
1.0798892847992874,0.931168881938675,16684.96344609812,15000,1440p
1.169937790210047,1.025020997670399,15287.04419657998,15000,1440p
1.6759403991851765,1.2101437145713854,11626.283461407904,8000,1080p
1.2768110943766606,1.0223880383720672,14593.965142934429,8000,1080p
1.4836596236670223,1.45549933160929,11416.337976469029,8000,1080p
0.8532652941886535,0.9822103523676889,18281.055410870576,15000,1440p
1.0620594630388926,1.1814852309195025,14955.989996703958,8000,1080p
1.9263459680084964,1.5084043780869174,9769.103608401789,8000,1080p
1.5706901243514246,1.2699770855849706,11812.165776627988,8000,1080p
1.23058407216772,0.8360582245500823,16236.20693977397,15000,1440p
0.788975338331912,0.8881397247185836,20007.233098823894,15000,1440p
0.8778181817371252,0.7941325030125715,20069.03212281249,15000,1440p
1.4383960034468686,2.087128534332771,9517.571538768085,8000,1080p
1.5333788978638727,1.362479104266405,11587.043278819741,8000,1080p
1.3475123202490225,1.5082895904292752,11749.565638476059,8000,1080p
0.6959642706831144,0.9787956508510938,20035.368394331752,15000,1440p
0.7068581378960542,0.563969560950928,26403.604540917564,15000,1440p
1.5155456369726712,1.0510570169059263,13073.481377919261,8000,1080p
0.9841421811552934,1.298354082046845,14700.76097865156,8000,1080p
1.4040835030915177,1.2485069579520989,12649.684334157857,8000,1080p
0.988652177262046,1.0863235525651733,16170.999746003794,15000,1440p
1.0281595054413628,1.305586119874459,14377.930326257876,8000,1080p
0.9475654111363893,1.2369051052022453,15360.441694695055,15000,1440p
1.8330662453868187,1.2759959320386998,10792.460904652924,8000,1080p
0.980499016427571,1.2682653864852527,14921.27497061807,8000,1080p
1.393467146508452,1.2040894028345555,12917.690669135509,8000,1080p
1.201835351019729,1.0218526266086785,15089.541490342652,15000,1440p
0.9033509765975727,0.7286065349118651,20560.849019264402,15000,1440p
1.0738993918021609,0.9485135446650053,16591.286277378276,15000,1440p
1.0202139991177783,0.9062974156982806,17417.198643073567,15000,1440p
0.7468535572231282,0.9151232996209427,20189.470065014342,15000,1440p
1.029291729985495,0.7214329331830238,19166.02462163987,15000,1440p
0.9207056955432305,0.8983594589783599,18445.975899540957,15000,1440p
0.9856506008802554,1.0609048749328345,16395.564350225555,15000,1440p
0.9621574621449216,1.1652048462592053,15772.786735688367,15000,1440p
1.4472231742369743,1.2236688324022733,12563.00588589546,8000,1080p
1.2658951716957445,1.2647661280010747,13259.155622295215,8000,1080p
0.854883567733445,1.1635762842094162,16623.779743601193,15000,1440p
1.185776743575082,1.4456799179523518,12751.2766942258,8000,1080p
0.779666891664051,0.6504716728106892,23462.364300569603,15000,1440p
1.4645610290391802,0.9796393044300182,13728.18403652462,8000,1080p
1.5199493058281428,1.08324127824209,12889.733162577664,8000,1080p
1.3293557344930924,1.603055890058916,11442.60639231581,8000,1080p
1.4284064660195699,1.6380500776180598,10942.412365053626,8000,1080p
0.9459444015084765,1.0792333519979644,16568.635489849254,15000,1440p
1.0300007246304896,0.9907905130815524,16604.60089781002,15000,1440p
0.8834582267873595,1.0719220196280363,17160.0547062455,15000,1440p
0.8718763136840311,0.8160699530013127,19878.850803640544,15000,1440p
1.1240209116531419,1.1670564777947192,14645.69994647211,8000,1080p
1.3522024573262514,1.2013468056996717,13140.31120756152,8000,1080p
1.5075388049724137,1.2690146349384663,12084.922089983978,8000,1080p
1.0661688125048205,1.3520272908381021,13875.810962400543,8000,1080p
1.061262767114821,0.8347142329583768,17697.699918672308,15000,1440p
1.215098894193607,1.10178059734861,14482.597011407224,8000,1080p
0.7036844172105275,0.7443681091630571,23172.109705185692,15000,1440p
1.605474706126115,2.175310631052705,8874.98998423379,8000,1080p
1.302102896538249,1.3608953464990985,12600.245639564777,8000,1080p
1.6763215806232175,1.346313824384003,11101.051732674932,8000,1080p
1.5743456012218884,1.0716034387254032,12681.435467354435,8000,1080p
1.5092788653547584,1.319631469384656,11861.256819612443,8000,1080p
1.1178759579110586,1.234562662474072,14263.680127180798,8000,1080p
1.1185419895786919,1.204811197088536,14442.243302720886,8000,1080p
1.0361510082869505,0.7990881240493115,18283.411359742076,15000,1440p
0.9923455577389141,1.4774561498113883,13585.880962598128,8000,1080p
1.0413721947051067,0.9987108064862862,16447.581779959182,15000,1440p
0.7384548537651192,0.8910098550013121,20592.303607116486,15000,1440p
1.5123583535910916,1.3106436295219674,11886.081625418457,8000,1080p
1.0537663064309353,0.7877379485042142,18221.207966300168,15000,1440p
1.4558532841884737,1.6792924320616354,10702.670636991586,8000,1080p
0.9797032042744642,1.002763926133915,16925.593108364897,15000,1440p
1.4656272288900782,1.5044483788339822,11297.500950055755,8000,1080p
0.9846824106870297,0.6752355127657549,20214.512733378793,15000,1440p
1.0898658294552346,1.3093356403653547,13985.66665704368,8000,1080p
1.6688277233531954,1.2375959346767873,11544.921163607543,8000,1080p
1.3101508806697508,1.1236972038321367,13786.576168687729,8000,1080p
0.9431467682471086,1.1726480525325447,15859.019821040805,15000,1440p
1.2664385571129058,1.7426480961807889,11151.035468942675,8000,1080p
1.5808707290225723,1.9251351424616499,9570.557845584886,8000,1080p
1.3860660990874567,1.1316231127800347,13327.471810990945,8000,1080p
1.2248082188075666,1.1390680738341543,14194.66496806466,8000,1080p
0.8765192154397071,1.0824507587009125,17128.60964840464,15000,1440p
1.1548395756640881,0.8625261738703063,16632.795519475992,15000,1440p
1.8301560019634548,1.4858660346676396,10118.880884787352,8000,1080p
1.3985497353139882,1.3302887934493166,12296.232131846471,8000,1080p
1.6752147629219092,1.453176779199719,10725.777623488872,8000,1080p
1.4145275866965594,1.8564419621517678,10258.25263699387,8000,1080p
0.967709940212449,0.9372633782200946,17614.12177027727,15000,1440p
0.9588315128637396,0.9844988812360204,17266.457675893016,15000,1440p
0.9489015301958112,1.007143470762003,17154.22292614405,15000,1440p
1.1984334148684481,1.3437397977079653,13199.11319732365,8000,1080p
1.2330106109956567,1.1798383888979187,13906.561082554275,8000,1080p
2.1905599981263837,2.904573647638215,6585.584271747728,4000,720p
1.4295109325164248,1.2230567320388184,12649.793047079944,8000,1080p
1.731957915318086,1.3819660181188056,10775.610681974944,8000,1080p
1.164832280379586,1.1273493834272104,14638.644279299251,8000,1080p
1.3244669435533214,1.8880291028959868,10444.972231821694,8000,1080p
2.2681160040220494,1.5334312213145154,8826.519838124412,8000,1080p
1.446195234805283,1.22002903215504,12584.999850089256,8000,1080p
0.811785179309446,1.03328043318171,18186.037273057053,15000,1440p
1.4145710616829181,1.2976722545389154,12371.468223117043,8000,1080p
1.3627264767224583,1.2977897930152746,12612.000302974171,8000,1080p
0.9870838897157238,0.7894337972827071,18887.755661297637,15000,1440p
0.7790540984572815,0.7983511376099818,21271.916203129163,15000,1440p
0.9000287026999699,1.2827440719752667,15372.388912534601,15000,1440p
1.3590595187629686,1.0595292115780028,13873.55840166737,8000,1080p
1.6390428228271914,1.138302607501635,12081.475942309162,8000,1080p
0.8497238869302777,0.7821723333528818,20561.62124952883,15000,1440p
1.7364403881538597,2.3348241562726835,8241.771477595372,8000,1080p
0.8872243488892604,1.2815484334488816,15471.621680822253,15000,1440p
1.082605866923831,0.934894503534101,16631.68566972001,15000,1440p
1.0783877839433398,1.0089409910656246,16075.297960598418,15000,1440p
1.268984040276442,1.0395260251374594,14535.103183093075,8000,1080p
0.911801479416447,0.7297719776660735,20440.408472268107,15000,1440p
1.3414063029685217,0.9247337183821343,14806.866161783339,8000,1080p
1.4628434441925868,1.6620401021024487,10737.818386795001,8000,1080p
0.7185058509444328,0.7701179970693565,22540.57131005279,15000,1440p
0.7982499161391071,0.8224696252626046,20703.41668798525,15000,1440p
1.6431078998997009,1.143906891174144,12039.560072471442,8000,1080p
0.9211964702063848,1.039827624744034,17110.667883378745,15000,1440p
1.0071418468354751,0.9491015987927953,17152.48277252303,15000,1440p
0.9977467010333592,1.2071006990129818,15218.482693765909,15000,1440p
1.150289597030891,1.4208840930499982,13050.239324339218,8000,1080p
1.0297317165905815,0.6978531453566994,19422.740230646887,15000,1440p
1.0298569303788427,1.468899759070257,13428.451093970953,8000,1080p
0.8843978743062275,0.9560067808285246,18232.094722420265,15000,1440p
1.4549221231700695,1.163484155745345,12814.830253882059,8000,1080p
0.6211273501532112,0.8863099670030835,22259.255239414375,15000,1440p
0.5588720911265109,0.7075193873297821,26496.097431816434,15000,1440p
0.7779857384814797,0.9582213174271599,19326.284780267397,15000,1440p
1.4118446665504092,1.5643761788621597,11274.174109666457,8000,1080p
1.3284834547293065,1.9363662190878488,10277.481462345326,8000,1080p
1.7114046397690625,1.426121314951001,10694.551211447682,8000,1080p
0.847374283113039,0.7323218679728459,21241.067136192392,15000,1440p
1.3783855293711218,1.0946716326605843,13567.99693721346,8000,1080p
1.5962843766002708,1.7754775143336126,9951.601888087762,8000,1080p
0.7308885166110877,0.8186188068750508,21654.90378226029,15000,1440p
0.7696870580140612,0.7759038572047329,21709.77563959738,15000,1440p
1.930386517100044,2.1316486247360826,8260.497713181447,8000,1080p
1.2735816372244626,0.9071813442247443,15386.556120693913,15000,1440p
0.8955214095036463,1.3103192139690651,15211.63027053804,15000,1440p
1.0493328625688336,1.202536846032958,14900.698682444769,8000,1080p
1.042198556626174,1.1485854453105575,15316.175383030311,15000,1440p
0.985924399302321,1.2109690121849541,15273.582152210098,15000,1440p
1.8275488885285534,1.515893937540776,10035.892266011257,8000,1080p
1.536150368761333,1.0510286240839568,12969.505431511718,8000,1080p
1.1304903716098529,1.410906942587059,13203.142937373917,8000,1080p
1.2055062373793113,1.0158003889332303,15105.71823022097,15000,1440p
1.6058784721813357,1.201958815708813,11950.276515208367,8000,1080p
1.4637334534124513,1.7481654573888126,10446.91409407691,8000,1080p
1.2087730869864908,1.3924124464545713,12899.668850461212,8000,1080p
0.8988540781031715,1.0734634970778854,17012.692287609785,15000,1440p
1.422580350464051,1.376832862477789,11986.237631827995,8000,1080p
1.309489726932782,1.7090204906243618,11116.22276606217,8000,1080p
1.8459339232077923,2.3382049729186756,8019.43549987395,8000,1080p
0.9522573943159219,0.6907916482496147,20422.051400003544,15000,1440p
0.6765687488083472,0.8882459015688149,21443.071223746843,15000,1440p
1.5735787234388494,1.0684990462597288,12700.016776503919,8000,1080p
1.4498343684262753,1.250471234998165,12426.160934320675,8000,1080p
1.6892652903679457,1.2012054440558704,11608.639243562075,8000,1080p
1.9667254350200716,1.3314655906503228,10173.586593026304,8000,1080p
0.873941666937698,1.0595373758877085,17354.43273849334,15000,1440p
0.7709565179210582,1.0137874311215,18800.698003767193,15000,1440p
0.8829049173700353,0.6689926810627042,21621.550309689635,15000,1440p
1.451178320150764,1.7624642026951018,10441.245957339901,8000,1080p
0.7608897847834022,1.0109074688258333,18938.07653875071,15000,1440p
1.192869002333985,1.332566748559385,13286.591032114025,8000,1080p
1.6256295465976964,1.7002266830347104,10088.960461080615,8000,1080p
1.4902566887673219,1.8109388822404355,10164.327219715984,8000,1080p
1.1113030224882026,1.059763504053594,15455.275824019767,15000,1440p
0.9133950625768956,0.8221452223988597,19333.709675583093,15000,1440p
0.601993195313707,0.71653723207867,25448.356217580596,15000,1440p
1.0744538604906306,0.7443757751164275,18448.364455421233,15000,1440p
0.93917450228595,0.9108201129048891,18137.583604014242,15000,1440p
1.651322851894392,1.345214442584618,11197.735486830945,8000,1080p
1.7593186965859633,1.2888350054011488,11008.116807930532,8000,1080p
1.2563304794992205,1.6940390172423112,11372.95923004167,8000,1080p
0.6607699817728147,0.7600700668977048,23615.910905240104,15000,1440p
1.2339945512817299,1.1974108429558477,13800.42673242557,8000,1080p
1.6696422155190407,1.1915309346859668,11727.508346566083,8000,1080p
1.8109361684688665,1.4366568367717412,10332.092705537165,8000,1080p
0.821508810875058,0.9267719593741476,19192.81649206554,15000,1440p
0.9481009282603075,1.072775590618508,16603.90018219225,15000,1440p
1.0859294046205432,1.401456272878087,13489.838871205158,8000,1080p
2.003524126211405,1.7532368280404094,8931.745300968345,8000,1080p
1.2724587810711152,0.9398431714083371,15167.202633615923,15000,1440p
1.0933237861627867,1.1732182099415227,14804.240141004551,8000,1080p
1.2955728105945872,1.041672125960299,14356.403762054757,8000,1080p
1.6681650728396862,1.447013080739141,10771.272250176598,8000,1080p
2.06515504451193,1.9886871278641438,8277.19249374052,8000,1080p
0.8999804101535488,1.2028904739294655,15956.487035879938,15000,1440p
1.1038808722332791,1.3592993630146664,13622.40225860792,8000,1080p
1.3263062533050238,1.1118402327913386,13762.2707213638,8000,1080p
1.3766542426491108,1.1037228296025772,13527.956041594622,8000,1080p
1.2861892981331602,1.2225432556315199,13375.053450654676,8000,1080p
1.5743915211252517,1.3539343303073594,11458.571792338043,8000,1080p
2.3298422810241317,2.069930482258019,7626.401135991624,4000,720p
2.4288505722579896,2.066154022573538,7464.827074611169,4000,720p
1.4964823572336543,1.5557191537183288,10993.517918000884,8000,1080p
1.681423489312018,1.3443248135099768,11089.63094144517,8000,1080p
0.8903700838871585,0.7891976156486872,19978.016967861957,15000,1440p
1.563455203507352,1.2851238358968196,11779.357895934836,8000,1080p
1.3889002803582762,1.0467101704904138,13776.600436374354,8000,1080p
1.5271107900400405,2.216978665134637,8961.973906265695,8000,1080p
0.5700655210157168,0.7675530831401904,25085.201338967796,15000,1440p
1.4203279603753283,1.075414811908307,13444.667604625489,8000,1080p
1.9762363741014373,2.1926675591084894,8048.741956537274,8000,1080p
1.7999438633612526,1.9439244797478046,8962.503198532635,8000,1080p
1.0669391661365581,0.7265158363697732,18709.380471273653,15000,1440p
1.4179004774003414,1.2872849451457031,12403.745680552836,8000,1080p
1.3309598227401516,1.0893094965129544,13863.924866987481,8000,1080p
1.070960348753073,1.008608540342093,16135.282738625578,15000,1440p
2.1175935053350505,1.4284092218780202,9462.607499563774,8000,1080p
1.460638930152246,1.0467761026336773,13382.081371155595,8000,1080p
1.5000542544974613,1.1621771557274836,12603.875031721913,8000,1080p
1.0431500631244977,1.136402716132111,15395.099544891307,15000,1440p
1.6518749083651503,1.4442516423670202,10837.551841046376,8000,1080p
1.05781701758559,0.9970216408855597,16329.47280881182,15000,1440p
1.0829948762760655,0.7824271116774326,17987.5825505904,15000,1440p
1.2731801089998593,1.3089385677415728,12994.922465122647,8000,1080p
0.8613470387425284,0.884240288398553,19222.431028389376,15000,1440p
1.547939421032575,1.4932261321583176,11033.411832773645,8000,1080p
1.039441437871716,1.111954338119183,15596.587282758495,15000,1440p
1.2904821407795954,1.0363730248075425,14420.507342378216,8000,1080p
0.7677898302567507,0.6814903564137496,23152.48100995997,15000,1440p
1.1453772400866211,1.1626206388586575,14538.328785351347,8000,1080p
1.2484084188016478,1.7925030438570102,11034.333755532454,8000,1080p
1.2358118718632434,0.8445568943987949,16129.078913393743,15000,1440p
1.3283212494648504,1.0577168744096932,14062.823080761584,8000,1080p
1.0530365602204326,1.547426152406082,12903.25442355965,8000,1080p
1.596869753784317,1.5725819130475847,10586.825585998004,8000,1080p
1.036915853194044,0.7980898658558511,18285.737015235773,15000,1440p
0.9150813128845906,1.0264772119113883,17282.215071794417,15000,1440p
0.9482111284537487,0.7926339012897099,19274.7955313086,15000,1440p
0.9748564941802721,0.7273994554920226,19711.743117396443,15000,1440p
0.7455138748864512,0.8165162440743665,21481.296418485825,15000,1440p
1.2145724750466393,1.1741169245692915,14047.214344985623,8000,1080p
0.7974338011142208,0.8112660110456242,20858.10649467891,15000,1440p
1.3387394159977246,1.216311616244957,13132.587794361112,8000,1080p
1.1132734924899128,0.9618734699192744,16169.665381696266,15000,1440p
2.0154417698636875,1.9828955015613947,8392.096444640492,8000,1080p
0.9906802126863672,1.1769611937956868,15479.696918346257,15000,1440p
1.1994383914898945,1.766098013326829,11314.793487444553,8000,1080p
1.6495802850967862,1.4976598642543848,10661.541670697585,8000,1080p
1.230088070384606,0.9394450044100449,15466.19979655114,15000,1440p
1.1606907808716442,1.0800591283092624,14974.643918323589,8000,1080p
0.8516206960935895,0.9310679032481954,18822.374256720537,15000,1440p
1.5431655010615435,1.9398273588738526,9633.792933076062,8000,1080p
1.055977931500841,1.1930945761655714,14919.23087656046,8000,1080p
1.767988808232576,1.3228647889913046,10856.040554666732,8000,1080p
0.928968302311209,0.9984094349525934,17409.36991813316,15000,1440p
0.7038049716373083,0.9372394587218813,20446.99788698326,15000,1440p
1.761420587262015,1.180024954170894,11407.46327863481,8000,1080p
1.6090574378757077,1.9032279001667503,9553.44704957863,8000,1080p
1.971114417617042,1.33904661043038,10136.797489816647,8000,1080p
0.9351781949634639,1.296629668141674,15034.641894896527,15000,1440p
0.9373061541205819,0.950398140266152,17775.258603679216,15000,1440p
1.0878390135455143,0.7606012531424424,18152.83544981574,15000,1440p
1.2395389539155577,1.1815825224109577,13859.045210284528,8000,1080p
1.2799851142154477,1.73541001634727,11127.706501846822,8000,1080p
1.5042853662611995,1.1562100345968394,12612.099231285396,8000,1080p
0.7381729131085738,1.0414502708468865,18854.795949230447,15000,1440p
1.2980724502930467,1.2946820866032387,12941.61538337026,8000,1080p
0.8246635816794755,0.9954579386419943,18435.270186835445,15000,1440p
1.2454876213890829,1.100568731791735,14302.483380037485,8000,1080p
1.0853319017605023,0.8821760580548075,17054.280178439407,15000,1440p
0.9007317833046794,0.6759173899188021,21282.116890593672,15000,1440p
0.6852459919941543,0.7526208834426356,23336.25773930355,15000,1440p
1.680624673096407,1.6716453202972668,10009.46584437584,8000,1080p
1.332382503275417,1.3311082016436926,12597.91593716827,8000,1080p
1.071022503226951,1.3202326956489552,14032.141787197554,8000,1080p
1.198560121546811,1.3287564383687394,13276.703256010484,8000,1080p
1.5030104784015856,1.8104043125397133,10126.84318659289,8000,1080p
1.1320418644367274,0.9316076779058038,16259.753078960792,15000,1440p
0.8465039416815618,0.7049344478984148,21627.950052908156,15000,1440p
2.149279256700324,2.468106389271836,7266.976287603402,4000,720p
1.1239699071958351,1.1509872564710548,14749.478599375158,8000,1080p
0.9726763700353032,1.0674668497841755,16447.096298939763,15000,1440p
0.9988453335952013,0.947512373229639,17239.601889386762,15000,1440p
1.330376489331142,1.3909885952510406,12330.000186340927,8000,1080p
1.6221013060836151,1.1059959825842567,12299.573090512695,8000,1080p
1.0936379420734401,1.2858558888217775,14101.499892259057,8000,1080p
1.207275672333545,1.5915045562596384,11988.948491631389,8000,1080p
1.168303105074262,1.3594375898703621,13274.475529514346,8000,1080p
1.1921913134800621,1.6885659691633736,11647.78171426155,8000,1080p
1.1397432286121885,0.7931671016339275,17359.53886475817,15000,1440p
1.0909760870350533,1.5060315435141591,12920.421028144588,8000,1080p
1.3014116753226874,0.9589112760642751,14844.972475906852,8000,1080p
1.5982963355187307,1.7003202707000018,10172.2740183692,8000,1080p
0.8334205413255552,0.842450286854847,20022.087284872752,15000,1440p
1.4698544664729454,1.730678124667584,10484.015095763381,8000,1080p
1.0971308365195183,1.1151969005102684,15167.025860756645,15000,1440p
1.048079932751016,0.7317820074467449,18852.26670798509,15000,1440p
0.781734225995072,0.8223726441018447,20917.828247922604,15000,1440p
1.2575457685988638,0.9183057939487711,15421.287268655493,15000,1440p
0.6945621410489781,0.837139100639345,21906.6428143745,15000,1440p
1.1166043772114917,0.9750574821149545,16041.99639171369,15000,1440p
0.8609375668181984,1.130412371354271,16850.09317387684,15000,1440p
0.7124024101889725,0.7155236625480381,23498.71792429965,15000,1440p
0.7846418540947543,0.8866506839202669,20076.935208394032,15000,1440p
0.9973266014247906,1.2892296957035767,14674.658149523906,8000,1080p
1.0513987861811485,0.7921332003593129,18201.166155498955,15000,1440p
1.0890739897403747,0.7812775545881994,17940.17392171347,15000,1440p
1.9034821274772358,1.592228420367796,9598.74438708462,8000,1080p
1.0268584277855097,0.8044396839782928,18322.757930265256,15000,1440p
0.8223888754143029,0.8190276274806871,20442.36300830384,15000,1440p
1.4532227394134976,1.0279733870269532,13523.49040143696,8000,1080p
1.0380302385049753,1.2869381979618009,14432.209690980677,8000,1080p
0.9272699582526516,1.0932858215093655,16606.535853195834,15000,1440p
0.7795977102520901,1.124102169298576,17625.90435626855,15000,1440p
1.186724546828274,0.8553011417970291,16431.93432232918,15000,1440p
1.5850853699459249,1.2749142256390855,11732.320540114088,8000,1080p
0.7581985044446292,0.5186063344252286,26280.000653584724,15000,1440p
1.0452434199692562,1.3638866263496061,13928.028522690583,8000,1080p
1.325526707034679,1.5373958305001165,11720.342258681243,8000,1080p
0.9286529707845402,0.9915870345502257,17474.082357819785,15000,1440p
1.073540980616858,1.3458186898147215,13869.13752844957,8000,1080p
0.7912109997705579,1.058133416989781,18143.960473723055,15000,1440p
2.566350290159937,2.0629948099703572,7248.202774741421,4000,720p
1.079492036835845,1.1171162408206363,15275.564761049964,15000,1440p
1.4482243463498425,0.9864144875922627,13782.098409097303,8000,1080p
1.0023729061761475,1.1969109602166974,15256.980925811225,15000,1440p
1.398529640070487,2.0028868618090456,9864.840716054241,8000,1080p
2.1953419353677197,1.878483785473931,8236.589952372256,8000,1080p
1.5188005657822765,2.2477143196092664,8908.615263978147,8000,1080p
1.4615889045895063,2.136533081511906,9325.540415142075,8000,1080p
0.8135645022075342,0.5582330190168896,24460.192908097953,15000,1440p
1.3723338127057967,1.1730208027489875,13182.61581166943,8000,1080p
0.7308980331210017,1.0393310718534248,18954.85273951856,15000,1440p
1.2340382739057936,0.8934733877463894,15771.67947175542,15000,1440p
1.6201511957840475,1.3482393030748758,11303.914364669552,8000,1080p
1.3414998266983647,1.5237099753890124,11710.986042123253,8000,1080p
0.8453441861090106,0.8913314328795904,19321.070459629827,15000,1440p
0.8817209155402712,1.1149222176077407,16805.422783337515,15000,1440p
2.606025213462121,1.7645687647189168,7677.316210911165,4000,720p
1.2198364028794426,0.9817447190547668,15241.060920126622,15000,1440p
1.1535615143987072,1.6100441595916257,12141.541145250005,8000,1080p
1.2428918711134773,0.8724651496109843,15862.30204701255,15000,1440p
0.871943981308071,1.121972719882152,16828.402099230345,15000,1440p
1.8373797661622877,1.2502187540456635,10867.485452007566,8000,1080p
1.1806048525312896,0.789061863267823,17035.588676425723,15000,1440p
1.9241901804435273,1.3897348004609988,10125.284124820899,8000,1080p
1.2406786452982714,0.8379372667709541,16142.680235040225,15000,1440p
1.445877631806074,1.1238116865306789,13057.777747902346,8000,1080p
1.357962004032346,0.9392367381653373,14606.673503529417,8000,1080p
1.6397770902290962,2.110832494081696,8946.394244914703,8000,1080p
1.039959872381602,1.240912879551183,14711.224890369866,8000,1080p
2.1407170750857847,1.5048833219459827,9204.089407966894,8000,1080p
1.485129026744662,1.0569834423733637,13199.428588476872,8000,1080p
1.02112874479644,1.098142141567976,15833.007576281214,15000,1440p
1.8605560979778561,1.8747092766729938,8983.145408547169,8000,1080p
1.5354588106414964,1.700870764758672,10368.051590002551,8000,1080p
0.7217097416460762,0.9502978419760774,20068.349168195375,15000,1440p
1.806748254743416,2.1303256219051345,8522.682848045346,8000,1080p
1.38222306026844,1.2638127836241038,12681.0194493203,8000,1080p
1.0450267028257625,0.9010249700210944,17242.312970504838,15000,1440p
0.9267757919076168,0.9313752808782932,18057.967670891325,15000,1440p
1.620408452151924,1.2591192749696385,11652.755305656226,8000,1080p
0.9921316404333547,1.1198062341375705,15887.98250366012,15000,1440p
1.2181033356413622,1.0663674250363002,14688.0549217651,8000,1080p
1.000507751170177,1.2863392206334505,14672.792895073231,8000,1080p
0.9086581369138156,0.8499841143013063,19079.737210234653,15000,1440p
0.7299219127891591,0.8847345048660772,20781.15915751718,15000,1440p
1.0159785227797977,1.3030176951506185,14469.377630096174,8000,1080p
1.425363635648966,1.079801761908388,13394.098462607315,8000,1080p
0.7834554395403912,0.8974618127824594,19961.97727974492,15000,1440p
1.5681095727464824,1.0773243011866103,12683.905022397337,8000,1080p
1.313319601926555,1.6459778090817576,11338.648111264729,8000,1080p
1.0197653867158123,0.9646962175621845,16908.582120039584,15000,1440p
1.23097432772138,1.1416000952077607,14142.625696257088,8000,1080p
1.4702265677320037,1.2288853458286864,12431.656439074704,8000,1080p
1.340152881988399,1.242965226370059,12989.894612803228,8000,1080p
1.0915264045872084,1.3787527340491168,13583.255218081607,8000,1080p
0.9572352918420002,0.9899553840703419,17232.227133728604,15000,1440p
0.808540028598313,1.1024841869642796,17558.349981515963,15000,1440p
1.5587290529675666,1.0807719099923732,12712.415138645003,8000,1080p
0.8090150591826955,1.0794265139746992,17768.318849228894,15000,1440p
0.9652332434238221,1.152461488438878,15844.79174223846,15000,1440p
1.7637196057075761,1.3156700688925755,10896.455319301846,8000,1080p
0.9958958909278962,1.4022467508717038,13991.841609063036,8000,1080p
0.9292864323409763,1.3062489869421325,15009.572968770153,15000,1440p
1.2750600532290908,1.162548633478322,13765.307033477746,8000,1080p
1.239528457514485,1.1074412995804455,14296.917077250087,8000,1080p
1.0135351626127038,1.4380810310098489,13686.657841176746,8000,1080p
1.8245993864057397,2.266328953336653,8202.155895527845,8000,1080p
1.6130067570687496,1.3505844540696657,11322.220107108029,8000,1080p
0.7765833209771557,1.0162315867963239,18716.060344272624,15000,1440p
1.444485087827814,0.9892534514780917,13787.196717347302,8000,1080p
0.9077258688078077,0.8473315862794392,19118.708565772824,15000,1440p
0.9518319780065992,0.8819208780369995,18298.23026009903,15000,1440p
1.3094395390161613,1.5971299306197468,11544.34199854277,8000,1080p
1.7201426009345304,1.5332846638445072,10313.564518024936,8000,1080p
1.2082244848257893,0.9245693716797687,15732.618460828053,15000,1440p
1.9395238252373737,2.027392014013084,8458.569165495595,8000,1080p
1.6126325349116688,1.700971702734579,10126.264210669502,8000,1080p
1.1728561342725494,1.2664189715735281,13755.903103992627,8000,1080p
1.3215846694859537,1.9016907795310602,10410.041751235665,8000,1080p
1.26229686852517,1.084390511080227,14298.63742892003,8000,1080p
1.2619956264984191,1.293876484534306,13128.368925486651,8000,1080p
1.4413396577296993,1.4187095797538594,11732.116902128295,8000,1080p
1.4072266073735598,1.0938580737805295,13415.951987885828,8000,1080p
2.606925186103097,1.7840207006029294,7641.732069982685,4000,720p
1.0156468575328932,0.9789490986140981,16822.67122651642,15000,1440p
2.0110091426395162,1.6077969869374145,9272.238080331426,8000,1080p
0.957639584047083,1.398606963859268,14240.628609011597,8000,1080p
1.9289984865602625,2.02936924095168,8476.835481146885,8000,1080p
1.3442931414983046,1.6341332684931444,11265.825432999814,8000,1080p
1.5790279410235837,1.3699794772906182,11378.212137282913,8000,1080p
1.1920773574563273,1.6430438556041265,11835.272455169103,8000,1080p
0.9768375973508165,1.104285446962999,16123.233122462258,15000,1440p
1.0980667455657187,0.7480991770016066,18175.198442260462,15000,1440p
1.1597029281292022,1.2070587025154227,14177.360138655333,8000,1080p
1.7159282528216764,1.193787248889023,11531.860066825246,8000,1080p
1.298193897357964,1.062219426129502,14215.490001735783,8000,1080p
0.8420378611994147,0.7255245105606379,21405.48446715088,15000,1440p
1.399419029722918,1.8530914197183728,10316.47169827353,8000,1080p
1.4914022035931833,1.7937763293771078,10213.883861484323,8000,1080p
1.4783278499009442,1.6414510890785288,10755.38769133949,8000,1080p
1.440859773752764,1.4840673756175435,11471.886404837043,8000,1080p
1.343190042608322,1.4948016092104455,11823.30186859294,8000,1080p
1.2147837565191755,1.4698324178266988,12498.78188198571,8000,1080p
1.140611849723885,1.390508623237072,13256.750264734468,8000,1080p
0.803592207537527,0.7693033900923913,21332.904771658545,15000,1440p
1.2816483755088177,1.3380958333626978,12808.28559000955,8000,1080p
0.8440275525959748,0.7074969029306102,21626.750310301537,15000,1440p
2.4761269447764946,2.324001323747663,6990.31986708068,4000,720p
0.9965594418780758,0.9178306433598763,17527.478991215783,15000,1440p
1.4133649771010823,1.5641098798696862,11269.425809404718,8000,1080p
1.5001016577951582,1.2215535416606458,12328.685869800562,8000,1080p
0.7388149565933174,0.8743678585287232,20800.142231530986,15000,1440p
1.3974405769841618,1.725991247854382,10742.809154073499,8000,1080p
2.1178264185739906,2.0642962956484503,8023.3016324196005,8000,1080p
0.736873742575945,0.6019612832075333,25062.409747133817,15000,1440p
0.9438459122723714,0.7497217675750608,19812.867474551007,15000,1440p
1.4493217200830149,1.0860695257547182,13234.41975871976,8000,1080p
1.0355367969935285,1.4418339313420554,13544.372514057864,8000,1080p
1.1063681548734823,1.0873669140783027,15295.571682697788,15000,1440p
1.1592361423525224,1.3637612962113173,13299.431655031769,8000,1080p
0.991334634692905,1.3553696779464786,14298.534254731345,8000,1080p
1.1022645154044406,1.2550108675329275,14234.41327342429,8000,1080p
0.9709245942568416,1.3480992734492503,14469.205111369132,8000,1080p
0.9397459143321908,0.6289422344274754,21390.122712746248,15000,1440p
1.3159150914705866,1.265822591123388,12996.840161656752,8000,1080p
1.1688667679502467,1.3751415575368406,13189.592055904737,8000,1080p
0.7960430757746891,1.027356196859989,18402.130846260734,15000,1440p
1.4875728786820028,1.3443067775248378,11848.81989121828,8000,1080p
1.6806820384909853,1.8800823681292143,9423.378850230965,8000,1080p
0.8901064804959115,1.039520384400907,17389.077966529156,15000,1440p
1.3867945590627828,1.0291723640160555,13888.613986999128,8000,1080p
1.0816053175885243,0.856345321108287,17314.389401870376,15000,1440p
0.8917658345398695,1.1666388527204132,16301.183245293048,15000,1440p
1.43938191609183,0.99377107291828,13790.514674398297,8000,1080p
2.401382269354271,1.770741752822937,8042.529853292745,8000,1080p
1.5441916470896266,1.7931203685665145,10054.328706032884,8000,1080p
1.1779785813281876,1.5730349862437631,12197.11614494697,8000,1080p
0.8444779796557953,1.0689310597679331,17536.46570526591,15000,1440p
1.569920835901047,1.1277127446776152,12438.46912403957,8000,1080p
0.8555301928913888,0.9670467888593326,18410.433323792153,15000,1440p
0.9110424188827628,0.7046637686035966,20767.6570529215,15000,1440p
1.9018946444002378,1.987989617825795,8626.074643361773,8000,1080p
1.0138543035549596,1.1221382037793286,15709.058849591109,15000,1440p
1.4940101561021575,1.1415903866818506,12731.228217367172,8000,1080p
1.9049529130449623,1.6885625226272707,9337.494885067337,8000,1080p
0.7895845087786411,0.9772501914656111,18991.268393903145,15000,1440p
0.6850172644650191,0.9652249708968778,20333.034315196484,15000,1440p
0.935775417935462,0.9041380894193669,18236.961610353024,15000,1440p
0.9442204097103089,1.2272494692283713,15452.404993248143,15000,1440p
2.1086836869772383,1.5426511165303114,9189.634422942234,8000,1080p
1.0778558430028038,1.1173731496582284,15285.162555786806,15000,1440p
1.1356887390582011,1.067774586576012,15228.041969040794,15000,1440p
1.4441573105748258,1.3994643552771653,11799.893214678612,8000,1080p
0.9894591994536532,1.1246161154700833,15871.91892508827,15000,1440p
1.2933736702796124,1.1022060271624612,14006.81097599399,8000,1080p
1.5100881421203545,1.6848504468188816,10502.371506032776,8000,1080p
1.8448919935299701,1.3158682727621922,10615.937044590279,8000,1080p
1.559342215507631,1.4742928272000915,11060.800500923282,8000,1080p
1.0251144565256338,0.9297946569578637,17164.190277986167,15000,1440p
2.044046723818955,1.3859973314056018,9782.507588755525,8000,1080p
1.0349114979685785,1.2502438613735718,14683.65459828501,8000,1080p
0.9412043867105723,1.032520864286548,17000.558706460484,15000,1440p
1.0056156310021989,1.3875182715294,14021.126007409837,8000,1080p
0.9877288055891733,0.8970111112396615,17803.21608323388,15000,1440p
1.8588136617158444,1.9370689139323463,8839.691779525132,8000,1080p
1.3543331813169648,1.281567124915912,12729.780379271875,8000,1080p
1.5386520500601626,1.6941860111564506,10379.249243116268,8000,1080p
1.1663312298951964,0.7801932320857163,17238.125004528727,15000,1440p
1.2008702010122712,1.2044399207128593,13950.147923517727,8000,1080p
0.6815795268245874,0.9420667091597166,20666.09785823097,15000,1440p
1.1766210035819042,0.9329716368198537,15905.645174041647,15000,1440p
0.8904168364425873,1.292907402168907,15368.506155246669,15000,1440p
0.7563131121263386,0.6864884359909483,23256.44302488115,15000,1440p
1.1733189439881642,0.9661972772814362,15683.186538351469,15000,1440p
1.299659844218088,1.4770448253465784,12084.263900222664,8000,1080p
1.4839076851731052,1.9255355536632175,9841.61625504945,8000,1080p
1.3574187559554416,0.9485290191529356,14551.2540926574,8000,1080p
1.1212598606106279,1.412935419435628,13240.665494171208,8000,1080p
0.8960643357980684,1.316831583230896,15163.131583126575,15000,1440p
1.5154169122282575,1.0990979086234187,12833.903916853556,8000,1080p
1.0498857313327088,1.2550804688375243,14557.450776294178,8000,1080p
1.8392534961798455,1.3352049195423503,10570.128067771931,8000,1080p
1.8643881628808383,1.4310615186216629,10182.04956620714,8000,1080p
1.6133138984488302,1.8254141813043443,9757.803240554127,8000,1080p
1.4407933918332974,1.0044415785317986,13722.375316344349,8000,1080p
0.7179619974423775,0.7529218046112977,22812.428794953536,15000,1440p
1.4864447858065504,1.5013839945640093,11230.373112557834,8000,1080p
0.9995995996455966,0.7438302811862734,19246.21825570045,15000,1440p
0.9094137241311202,1.1648342065748545,16176.673725102706,15000,1440p
0.9010427214709968,0.9066231538295757,18562.297633914608,15000,1440p
0.9702469445189218,0.8676622510325988,18256.84972969025,15000,1440p
0.9512336005287244,0.8392444997189478,18740.487244919947,15000,1440p
1.1145731766058902,1.392594058289238,13383.40399993443,8000,1080p
1.3617606170822205,1.596659291829081,11342.011287487594,8000,1080p
1.1268697091437254,1.3414632874403585,13593.964852568857,8000,1080p
1.1748582468386592,1.088314139215976,14826.281995467032,8000,1080p
2.609540560200868,1.9613001842871345,7340.9759551267325,4000,720p
1.0671355513337522,1.3634636534457185,13805.004105168548,8000,1080p
0.9969092978158934,0.6806993723650735,20001.346318972242,15000,1440p
0.9594177624233052,0.9405821788756529,17660.22791403883,15000,1440p
1.9932115173590512,1.9969095369328937,8409.37694456849,8000,1080p
0.8191674136429132,0.7945414509092805,20793.361638570037,15000,1440p
1.3593147727212165,1.4576823716147824,11911.418535679488,8000,1080p
1.0514527254823869,0.8747779967984939,17419.736697101194,15000,1440p
0.9027318790243439,1.0154307829262836,17493.006545064152,15000,1440p
1.7817471893084682,1.247596975579381,11076.467437710973,8000,1080p
1.2400045032901252,1.21734526141353,13654.723670989712,8000,1080p
1.0711445985977817,1.0366559714928567,15919.168291408665,15000,1440p
1.5946195118300517,2.0329828704635124,9249.754648905344,8000,1080p
1.4278187194395908,1.4888678062214051,11504.298355270012,8000,1080p
1.1075834445249972,1.2745072717825723,14086.12685079099,8000,1080p
0.7740773856173427,1.0632083431469712,18263.04503141566,15000,1440p
0.8434036923948237,0.653386546381911,22417.59141041878,15000,1440p
1.7156911730849704,1.3837096641235354,10826.102773535094,8000,1080p
1.3273424245336949,1.2205549418818225,13169.459822946363,8000,1080p
0.9928966471019833,0.8071041195140973,18641.343171803645,15000,1440p
2.1881808724248746,2.8865975589392603,6611.999411170418,4000,720p
1.0314133589601322,1.2440816639181709,14745.99226218327,8000,1080p
1.1841869343986906,0.8520067691941209,16478.99801516627,15000,1440p
1.7167832108198937,1.3041445826590101,11107.326720099682,8000,1080p
1.1270111567557632,0.9516052661338563,16142.67626797339,15000,1440p
1.9878261463628795,1.6343774754111398,9263.541066077976,8000,1080p
0.9453470598972624,0.9504185847295237,17699.673002886262,15000,1440p
1.1028564943283004,1.142744546879851,14942.294461151232,8000,1080p
1.565644987606205,1.1648128312435846,12288.939887060722,8000,1080p
1.7041698369652494,1.2423893815658333,11387.665921992751,8000,1080p
0.877384873620329,0.7015060846520368,21251.89952111418,15000,1440p
1.3429114252247951,1.1523715757381765,13447.144867756795,8000,1080p
2.3477460716836953,1.6778540746912247,8335.262018066049,8000,1080p
1.1887783607690385,1.350266702625308,13215.374742164851,8000,1080p
1.744144403551011,1.214271870291239,11342.0252236583,8000,1080p
1.2078617068693047,1.3537804580445383,13098.797505594835,8000,1080p
0.8429155875478416,1.2109853911995718,16336.927800902757,15000,1440p
0.722828199372418,1.0800659297889812,18611.426737302405,15000,1440p
0.9207185692365731,0.8660638170456456,18779.249368926867,15000,1440p
0.8526109095648634,1.198678954691664,16357.72329629363,15000,1440p
1.7590087712407931,1.2643167884411532,11098.517621611985,8000,1080p
1.3378698738493133,1.4761804384207364,11923.891997841421,8000,1080p
2.0449047326481193,1.6547985212987877,9069.492793564876,8000,1080p
0.9723267812369335,0.7736147949376487,19218.53082479364,15000,1440p
1.541804410807107,1.6514197108343676,10508.010312395914,8000,1080p
1.5617723990018932,1.1329520661788788,12451.89719155537,8000,1080p
1.0899510148202063,1.2190797577026038,14531.825387211693,8000,1080p
1.0167130188419897,1.3228265646780375,14342.322838374308,8000,1080p
1.2648041716670624,1.310724456172432,13028.172794238144,8000,1080p
1.391384797538826,1.3079706173935128,12430.535013797382,8000,1080p
1.1939061372613173,1.3199497581386341,13347.79454200239,8000,1080p
1.5246586603383716,1.0333078142684977,13117.619927038699,8000,1080p
1.8364758693785863,1.8807705180791279,9026.690324648733,8000,1080p
1.151543957793852,1.1492649849234704,14583.754164468448,8000,1080p
2.9484153425630892,1.9827010083436982,6804.631976252121,4000,720p
0.8802959730672983,0.968495341247164,18149.388597945726,15000,1440p
0.8219869300151401,0.7263248585724884,21671.624699446602,15000,1440p
1.3635445871313348,1.1973468503545268,13102.637428840733,8000,1080p
1.0217362519333302,0.8002239180667223,18416.66604599761,15000,1440p
1.7867043052672607,1.444836927212755,10383.414471938819,8000,1080p
0.9620751190655686,0.6795575651885394,20439.671018883124,15000,1440p
1.3023016505324758,1.0747474300338018,14116.00302001607,8000,1080p
1.0878927617519982,1.5263229923422375,12835.372117794395,8000,1080p
1.027747147868057,1.0265343395549502,16333.90175856199,15000,1440p
1.3748463996982054,0.928533125409214,14567.478626187394,8000,1080p
2.106815308670348,1.550570703685385,9174.430012758618,8000,1080p
0.9232510949025265,0.834130898061535,19093.419719981273,15000,1440p
1.162797598795062,0.7881954920698881,17198.642146458875,15000,1440p
0.9849679496819969,0.8910775193985628,17885.724281749342,15000,1440p
1.18927671941954,1.4160256089701648,12879.285307643913,8000,1080p
1.4025733610598423,1.2397073682552868,12699.041259214422,8000,1080p
0.9620925939957486,1.2713370703328715,15023.724514775184,15000,1440p
1.2287957488930115,0.9685272144515404,15270.59633915931,15000,1440p
1.038414523248663,1.3426897653874383,14091.962355508591,8000,1080p
1.6556313368290427,1.540674333795588,10497.87957027361,8000,1080p
0.9366317833552725,1.1997734813211722,15706.0238311488,15000,1440p
1.326714437922207,1.6180440198825643,11394.62963798186,8000,1080p
1.5438313285504963,1.4220796184995794,11313.364628622303,8000,1080p
1.6269960142802264,1.7437410665664443,9954.627488054248,8000,1080p
1.0087513944469468,1.221835265179004,15042.873073412342,15000,1440p
0.9437081838248489,0.9112776589242333,18088.78064011122,15000,1440p
0.9883598681170721,1.033973552762538,16591.93862573144,15000,1440p
0.9710654574935248,1.0538490023569254,16570.78986066313,15000,1440p
1.1381602247553404,1.1455671883970935,14692.835846674803,8000,1080p
0.8661529658538076,1.2169137931420386,16108.188494244465,15000,1440p
1.2901983312775147,0.8668974445277169,15555.374210250038,15000,1440p
1.07972768705347,1.028605214090032,15915.148875114075,15000,1440p
1.2890579435942964,0.9998372077569739,14659.663191732847,8000,1080p
1.493050814843388,1.0893858379139068,12993.322397346545,8000,1080p
1.1978524701903361,0.8167649772563617,16655.48565685584,15000,1440p
1.042268254284717,1.1661459091690733,15193.90364148156,15000,1440p
0.9979539245260725,0.9385379065191186,17327.432763756882,15000,1440p
1.2101759620755268,1.0765972368753793,14673.266249313065,8000,1080p
1.7552573888575647,1.3049185997954558,10964.87003506274,8000,1080p
1.0661426422057299,0.9873727954588885,16339.99500785839,15000,1440p
1.7924276475521188,1.61082268208313,9859.52508630074,8000,1080p
1.2907340887736107,1.3174333286381863,12865.137328223196,8000,1080p
1.3547166030747608,0.9292166031160709,14691.511953610254,8000,1080p
1.0481355113137656,1.0169423810910294,16248.506714158695,15000,1440p
1.7961803856124028,2.1838364766837284,8430.72609010052,8000,1080p
0.6531076845722935,0.8888594148436345,21760.796331328907,15000,1440p
1.120027838085863,1.4602301403688045,13004.29347769945,8000,1080p
1.4642987673364591,1.147632444378134,12846.598658305902,8000,1080p
1.6478389591360096,1.6433204296870894,10195.322692043452,8000,1080p
0.9912097411999852,1.4427737069933342,13785.809441270669,8000,1080p
1.5194102326600123,1.3437786208558946,11719.25210549636,8000,1080p
0.6395152243349685,0.9513334834932082,21092.157811667985,15000,1440p
1.506514859807338,1.1210686220396266,12770.07266631701,8000,1080p
1.0638904365129085,1.1201283411483096,15363.618821964596,15000,1440p
1.0543513704348833,0.9747906366461052,16536.26600943004,15000,1440p
1.3599784820292569,1.6953300718715956,10982.338250963072,8000,1080p
0.8448903316672317,0.7665372378897769,20822.798761736663,15000,1440p
0.8884281481901415,0.6378104961651998,21985.049405018082,15000,1440p
1.0859975374335678,0.9007795925513558,16888.87570406784,15000,1440p
1.6875464907670563,1.2934197792208668,11256.226659732027,8000,1080p
1.779852474527005,2.591341295076435,7676.262771358245,4000,720p
1.1552805053316937,1.2752359858618632,13805.473907121026,8000,1080p
1.8081829683737336,1.4888431575510008,10177.18110759247,8000,1080p
0.9935303804391312,0.9622023534774139,17156.96189877846,15000,1440p
0.9376469678172605,0.6750219599917613,20806.77033046527,15000,1440p
1.1877082444794054,1.2417441529008642,13811.520668683388,8000,1080p
1.2102454933559048,1.4197722552993277,12758.253063941063,8000,1080p
1.246279957917694,0.9222313798081792,15473.487002926475,15000,1440p
0.9500882090047538,1.3371316472295451,14670.400796206948,8000,1080p
1.497794038705501,1.0847542490680053,12992.760739017313,8000,1080p
1.1240013738709802,1.2299022788484093,14254.802638687288,8000,1080p
1.4351700134511518,1.0114028977018126,13714.871053725205,8000,1080p
0.8673582261161815,1.1176527406173844,16903.90257904493,15000,1440p
2.061398233182525,1.7471598290362058,8810.271880285418,8000,1080p
0.6890805219849637,1.014375811358176,19697.852738113528,15000,1440p
1.0373015291522125,0.698349082672086,19332.48072590588,15000,1440p
1.0205197110548436,0.9887292486420716,16699.987245513625,15000,1440p
1.2731607415179829,0.9675986312939231,14974.58067435991,8000,1080p
1.1219572795684083,1.584969995475473,12395.764123162879,8000,1080p
0.9243568318294151,0.9940513555872066,17490.767720912027,15000,1440p
1.1898668858951853,1.4843022150832692,12547.610391475517,8000,1080p
1.487320539207993,1.2043978931814454,12465.80310787326,8000,1080p
1.1640748932134586,1.5158436203245835,12520.691144336799,8000,1080p
1.093096373826811,1.5255033962607727,12813.883352199986,8000,1080p
1.0098580078002573,1.045723699582243,16323.570052939875,15000,1440p
1.3388067764742992,1.7708301058303848,10790.466305227053,8000,1080p
1.2710310441825112,1.8037910084276003,10912.641910941411,8000,1080p
1.523750411971275,1.0167533120353593,13207.786976624157,8000,1080p
1.1681857255189336,1.0716100652592786,14981.022885279013,8000,1080p
0.9048023945803139,0.9227678214302886,18360.13287262137,15000,1440p
1.3084720325604138,1.4479854875514262,12173.027066507657,8000,1080p
1.241513824946394,1.4740247034526874,12356.455873885789,8000,1080p
1.529858561675662,1.2212283525452547,12196.790957984807,8000,1080p
0.5737791024259772,0.8168197774607625,24129.48297695516,15000,1440p
0.8610740625898078,0.9738469721960358,18286.58092849003,15000,1440p
1.2562820255980138,1.1927232344388445,13701.24946138131,8000,1080p
1.3780753184728354,1.0742054607869675,13682.94865897374,8000,1080p
1.2975383207698856,1.503791208678138,11978.038159120679,8000,1080p
0.9272751695257602,1.0771206351489446,16740.422186947046,15000,1440p
0.9567864073370418,1.3557955458606077,14509.51044290719,8000,1080p
1.1455782322162824,1.0120136743621735,15551.797305919246,15000,1440p
0.8646846294293494,0.7007189968283846,21435.0033672884,15000,1440p
1.1711923540636315,1.5175378119350886,12479.657655619121,8000,1080p
1.5108789444569624,1.10785312289436,12813.236000099136,8000,1080p
1.360499687655187,1.7207181404005305,10889.990215710655,8000,1080p
0.932563233200816,1.1180924121214075,16362.782350387028,15000,1440p
1.0142437224157457,0.953604178245252,17051.334093823567,15000,1440p
1.3553261385259816,1.0548067723117724,13922.233022550028,8000,1080p
1.3130120750636196,1.9150025098399255,10394.758486198916,8000,1080p
0.9324542784192704,0.6485493272054632,21223.501249853864,15000,1440p
1.4745302756235978,1.5315091454057894,11162.339311075844,8000,1080p
0.8949796037103163,1.0248015306348366,17478.25905761158,15000,1440p
1.402414309299414,1.0417566813036556,13728.348846706855,8000,1080p
0.8825787214837252,1.050160709518397,17361.073852879425,15000,1440p
1.1637694909529976,1.3536530014269696,13328.883849082358,8000,1080p
0.9342950282716911,1.376256526841216,14522.260680896314,8000,1080p
1.7286253477578857,1.7250059525343442,9715.69605509447,8000,1080p
1.5767728148795186,1.1249335939883607,12419.718104773872,8000,1080p
1.6927883353364583,1.2651976869633392,11343.67496906285,8000,1080p
1.2434403209984812,1.4142237776167534,12625.53534040792,8000,1080p
1.7133064416175088,1.337043193490419,11000.19211365348,8000,1080p
0.7822039417090367,0.863029501151084,20394.936746282045,15000,1440p
0.8428481504723779,1.191919159484083,16490.5499689387,15000,1440p
1.7146868142234601,1.2010514417437732,11508.039835650145,8000,1080p
1.5045454947335501,1.0522929535153713,13123.407160503282,8000,1080p
0.8574252160572811,0.7041242454399801,21487.908534019145,15000,1440p
0.9676522179347972,1.3570330598078697,14433.967608975558,8000,1080p
1.5860512107660822,1.49518814848543,10889.914118243307,8000,1080p
0.7782530623494627,0.6719588881682722,23137.605498300338,15000,1440p
1.3666694858790112,1.258020653671314,12784.14982949138,8000,1080p
1.612932688197312,1.5734775984027995,10530.480692052517,8000,1080p
0.6612376576011862,0.9359491041228338,21008.45862495191,15000,1440p
1.0744909505671838,0.7707090292706511,18184.71296696466,15000,1440p
0.9298774998722118,0.6549749171279721,21171.96001348314,15000,1440p
0.6733486983421777,0.7160819753450147,24149.770575422197,15000,1440p
1.1421738393399576,1.206562840013416,14286.16170342169,8000,1080p
0.8612724526239304,1.0814279456639873,17272.05699323024,15000,1440p
1.6631764063333756,1.3388579865216765,11177.231040344086,8000,1080p
1.7345120343319276,1.2510117971049999,11239.043429055568,8000,1080p
1.3007766439090895,1.6491016344986145,11374.853072958702,8000,1080p
1.2185278267565647,0.937283934753866,15564.639083558339,15000,1440p
1.7751919181443125,1.5317509978594295,10146.66199335206,8000,1080p
1.3855558379035042,1.1166995631095704,13409.675122057883,8000,1080p
1.0148634176087428,0.8065890498840846,18421.799414939785,15000,1440p
1.0539809691133069,1.5217162897133873,13027.319839321888,8000,1080p
0.7379462197422856,0.9814015861288651,19515.790746595805,15000,1440p
1.050723227832757,1.3553962095101626,13945.455690700956,8000,1080p
0.8845613985965621,1.0514632724370134,17331.613848746292,15000,1440p
1.1430639159308726,0.8107139858345005,17174.12811849354,15000,1440p
1.371525201494802,1.0744867793822979,13718.01620855836,8000,1080p
1.7215765196676016,1.5624684468646435,10217.40942707964,8000,1080p
1.2775275230121217,0.9788364634251829,14871.019127096117,8000,1080p
1.0070859770594545,1.3242087537191882,14393.045871464292,8000,1080p
1.102272308627764,1.003183737548865,15936.895030856931,15000,1440p
0.7448011499745977,0.9420926553659534,19891.25331646233,15000,1440p
1.0959564848017955,1.145322233048249,14971.110791694495,8000,1080p
0.997039086502534,1.1351354921844097,15737.187909192602,15000,1440p
1.0337062400085282,1.3023728172212845,14363.568688377258,8000,1080p
1.4010808838286941,1.219594659766269,12803.733786125638,8000,1080p
0.6380446383625821,0.8620229583112965,22368.613304094244,15000,1440p
0.9839643850513665,0.6562895058231001,20456.8525559852,15000,1440p
1.2089322763052754,1.5643325052195283,12099.252917909631,8000,1080p
1.502092036636288,1.9545822734386142,9707.143048508065,8000,1080p
1.2965947819506576,1.302507779228636,12910.0069005262,8000,1080p
1.3177146112840683,1.4657856854925075,12054.76142354201,8000,1080p
1.344657053395564,1.2071555735828998,13149.253846169318,8000,1080p
0.9263250679519356,1.0825577718780623,16703.030826247465,15000,1440p
1.3885910298776898,1.0056214400163472,14014.80963863038,8000,1080p
1.6262188047643937,1.1307892573776364,12170.596256410732,8000,1080p
2.140626680032748,1.9884924967474729,8126.292936442892,8000,1080p
2.791007687056218,2.037004525273374,6949.947623228869,4000,720p
1.6346321116004927,1.327044753548594,11329.538476950258,8000,1080p
1.2721688254462804,1.235021643885918,13383.279974312194,8000,1080p
1.3786273112041956,1.1935909818839958,13044.939494507182,8000,1080p
1.3543369501577562,1.1531101994684583,13381.90996568042,8000,1080p
1.9370325145728562,2.225014870609044,8062.0014369522905,8000,1080p
1.2101011031893918,1.5841718302332668,12008.287235885628,8000,1080p
1.5160630851326478,1.6527439224556255,10588.979360260164,8000,1080p
1.0769784084960654,1.0592298595970515,15707.472207263907,15000,1440p
1.0214995955331077,0.7807604693355308,18617.97453878871,15000,1440p
1.4814681680168809,1.1125510055043337,12935.30608505565,8000,1080p
1.3361523501916808,0.9074535292294699,14955.582131322026,8000,1080p
0.9847202625674272,1.1028291450245038,16073.598966314448,15000,1440p
1.378376172710487,1.0308941495959676,13927.217585064305,8000,1080p
1.4167997232222853,1.0449258039075966,13630.452148384313,8000,1080p
1.1775544683903456,1.564332003291063,12237.717479025816,8000,1080p
1.2217916052366582,1.3824179245435904,12884.689813277593,8000,1080p
0.935346659926422,1.0470040256519713,16926.587330944312,15000,1440p
1.2329514648360254,1.5387149399190927,12106.230368284381,8000,1080p
0.9362555130956265,1.032661669545321,17042.073834204024,15000,1440p
1.8128623136937532,1.4678884573493352,10227.66870807795,8000,1080p
1.1130377437492416,1.0052164763612819,15840.60670406654,15000,1440p
1.8804904795059307,1.4546608299523516,10060.842488567672,8000,1080p
1.017083482685249,0.8956221441371448,17542.91487903681,15000,1440p
1.2012288787522887,1.105698898407502,14545.072599243245,8000,1080p
1.0188729489599149,1.3651726251863574,14074.57657851858,8000,1080p
1.349135196128512,1.8249122680542684,10571.496607609562,8000,1080p
0.9797110367884946,0.9706243929890056,17204.441598965353,15000,1440p
1.4979406146266299,1.114771018050638,12842.761359628688,8000,1080p
1.5624128583593795,1.0474358089331022,12856.849678878185,8000,1080p
1.2954608850139953,1.445277301386707,12242.844707493072,8000,1080p
0.6603595510031451,0.6674962692957426,25269.635066589697,15000,1440p
0.8765308966328427,1.2184730660526648,16016.405027219052,15000,1440p
2.019195218901428,1.5355051762098584,9439.45431973586,8000,1080p
1.5277906529897705,1.3672544816813585,11590.296675568658,8000,1080p
1.525846433325229,2.1279341877268276,9183.482940018017,8000,1080p
1.1686734844011424,1.2769700181912924,13720.083063795513,8000,1080p
1.2258293067745862,0.8976790205069269,15801.412958411109,15000,1440p
0.9451799022474634,0.7189177113522289,20163.7402312096,15000,1440p
1.2166046834586675,1.3235056008581074,13209.832741189537,8000,1080p
0.5263985116617232,0.7208980672269395,26901.72695727017,15000,1440p
1.0127823713374582,0.6825208011958814,19792.58491556921,15000,1440p
1.0234641895903536,0.7323052447363254,19110.955769011784,15000,1440p
1.4789250453500318,0.9938095911736518,13569.766647978371,8000,1080p
1.2210881588612277,1.1253713166594035,14300.026209723892,8000,1080p
1.479421859271959,1.8349209561647666,10124.007644507523,8000,1080p
1.0739152842395168,1.3203849054794299,14014.296178934339,8000,1080p
1.1958500465076398,1.1270618758475555,14444.986775899464,8000,1080p
1.2413407964842367,1.2997104419725505,13204.941125224235,8000,1080p
0.8625427470540379,1.010836370603809,17911.180755527334,15000,1440p
1.086240714994831,0.8412565175780853,17408.290623177665,15000,1440p
0.953619511369845,0.9786241607892433,17365.528211307992,15000,1440p
0.8832528354553456,1.0166084829001933,17661.516488500158,15000,1440p
0.9528649418498616,1.207024864604533,15535.251798369229,15000,1440p
0.8596551583497727,0.8214921799495556,19959.245234236358,15000,1440p
0.9254019564714745,0.9370810798832662,18015.96650548446,15000,1440p
1.4718619582479366,1.3250021522425794,11997.162062376781,8000,1080p
1.0137176129293008,1.1411529463158292,15571.437391466525,15000,1440p
1.2987111914306801,1.7848441412412663,10881.73500390038,8000,1080p
1.0710248498292327,1.396898433839064,13596.221658124245,8000,1080p
1.436290193249018,1.787257510444875,10409.162539009325,8000,1080p
1.442114459064363,1.0177881054135018,13640.553282289135,8000,1080p
0.9577569085777159,1.403448602111498,14210.720688266465,8000,1080p
0.8599806543289958,0.910825627712615,18948.674589811246,15000,1440p
1.2947616514843867,0.9150016094720876,15184.627508684478,15000,1440p
1.1043765328650943,1.3311438820592365,13777.10972750869,8000,1080p
1.4220558287208995,1.2112164666114402,12742.48472498556,8000,1080p
0.8798319531975914,1.0595704219684912,17301.428744061704,15000,1440p
1.3936131777107443,1.1235993561389666,13329.995599808719,8000,1080p
0.8404418749045436,1.1302461341581829,17026.76011915185,15000,1440p
0.8233612651074267,1.1059804773046134,17391.647763786343,15000,1440p
1.2164459386429067,1.4623970119890801,12525.718236705108,8000,1080p
1.0882274183063552,1.1449542468267881,15025.392928792235,15000,1440p
1.504216294409573,1.771888941701546,10242.171597585977,8000,1080p
0.9198431169733542,1.274963937575167,15288.1010339664,15000,1440p
1.0445516353734337,1.1515631697938877,15278.997218655652,15000,1440p
1.8719418459767496,1.5361389227946654,9845.550700400829,8000,1080p
1.1993826544078765,1.6438758274746952,11801.400475479462,8000,1080p
1.1394883335166452,1.0247469872516588,15504.05895237315,15000,1440p
1.1097252748744943,1.0923090229590136,15237.924328886631,15000,1440p
1.3392908050516201,1.2104661594977677,13159.855024037553,8000,1080p
1.3887029903550638,1.467438347672956,11748.169305643381,8000,1080p
1.330299425605664,1.2751665190985262,12878.476522866078,8000,1080p
0.9008987849867879,0.9837270417075569,17804.29384163479,15000,1440p
0.8444203940998837,0.9262617379066688,18950.0031617622,15000,1440p
1.4397403538373539,1.6893273320397062,10723.459946694915,8000,1080p
1.2568938761474757,1.7402268685582314,11195.555620931373,8000,1080p
1.3207140968919755,1.2034965100457051,13293.03977559445,8000,1080p
1.3192290736063883,1.0853824557883238,13954.20074711457,8000,1080p
1.2548028343233084,1.80494706634738,10966.39695703396,8000,1080p
1.357843818868423,1.1622269636398792,13314.876801437404,8000,1080p
1.0804705871874747,0.8667539876075443,17231.927140983324,15000,1440p
1.359766337261208,1.1296147400907726,13479.025893332779,8000,1080p
1.3646518754423915,0.9105544050428895,14747.863649903049,8000,1080p
1.3554972552379116,1.5836920857999888,11416.219952727204,8000,1080p
0.8401203208910265,0.812583959515676,20302.744052761103,15000,1440p
1.4834620587900682,1.464864298887849,11380.84049366477,8000,1080p
0.671724900340797,0.9745911646701455,20381.524977572866,15000,1440p
1.887247100861036,1.8388380403847335,9005.277852771098,8000,1080p
1.0571577418868658,0.8259318639428588,17818.818550174772,15000,1440p
2.0368081560595352,2.0699954187925678,8170.449691207446,8000,1080p
1.197598272097417,1.381342535966814,13010.935301452755,8000,1080p
0.9887618076628755,0.7381987298662276,19429.761868217865,15000,1440p
2.5550510410087766,2.435092670693951,6724.141415268103,4000,720p
0.8652946959802175,1.2735771991937113,15687.911031843925,15000,1440p
2.229353960782847,1.6128812460602155,8733.049954942682,8000,1080p
1.5709383352204276,1.8875679131367742,9702.001265991186,8000,1080p
1.5175107831111323,1.3855629181705982,11558.243245834732,8000,1080p
1.0999916554869702,1.4694154113131206,13059.212155817839,8000,1080p
1.8774855642438166,1.8278190123504983,9055.782407728853,8000,1080p
0.8302273181937908,1.0100849850505749,18233.009658657094,15000,1440p
1.1853624745044082,1.730992239716639,11505.60726936892,8000,1080p
1.2763149433225132,1.4786899388535946,12179.445567260198,8000,1080p
1.50147138113717,1.3341675122521701,11833.111782401023,8000,1080p
0.9512144578767365,0.9909276625478138,17277.0219270385,15000,1440p
0.8854596405082494,1.1967111053985469,16115.120273379342,15000,1440p
1.2247283500542496,1.3185239198535281,13193.513045096677,8000,1080p
1.6997291854203065,1.1899314200127742,11611.893776352714,8000,1080p
1.6899296835905746,2.038709134879448,8999.11030099945,8000,1080p
1.4710547040719424,1.924706964613949,9881.268261380976,8000,1080p
0.9955204665285516,1.312863643221423,14535.89628271802,8000,1080p
1.2481256681058388,0.8854052641149563,15727.18327785065,15000,1440p
0.9162432188588638,0.7922477713358571,19639.806234023934,15000,1440p
1.1359108232881934,0.9443284136143124,16130.083215795332,15000,1440p
1.3561803546496998,0.9136068925689467,14783.073629969924,8000,1080p
0.7849584209458553,1.1501695220608241,17339.645226695062,15000,1440p
1.3059287562133068,1.1833176305086024,13479.755229930397,8000,1080p
1.2092867318425258,1.0568480141887981,14806.90063058421,8000,1080p
0.8484847771864774,1.1048693423162521,17177.854063932882,15000,1440p
1.3743071258872515,0.9993413218340728,14136.226462773742,8000,1080p
1.6984947008850086,1.7155761560175742,9828.276390971647,8000,1080p
1.055332936758103,1.3252011744412107,14095.337614421021,8000,1080p
1.4919031570639394,1.9245003861107164,9821.565741856102,8000,1080p
1.2390930498351875,1.4391411614134637,12528.565223709913,8000,1080p
0.8764385498422929,0.9427571833017834,18444.6518803167,15000,1440p
1.3665751394496204,1.2479193236863622,12834.003847823333,8000,1080p
1.8633306859594994,1.268613066625309,10713.612583976761,8000,1080p
1.0929334261373238,1.0152783111359052,15916.063556025667,15000,1440p
0.9274314712529543,0.7163121701207937,20413.42162817865,15000,1440p
1.7984506402952374,1.246968831626243,11018.0000848386,8000,1080p
1.0537733250762782,1.400852390195291,13669.877159372823,8000,1080p
1.0605788341023787,0.9355049918441645,16810.131700800932,15000,1440p
0.8385809161946843,1.003466441648917,18215.835688003484,15000,1440p
1.9051268618950035,1.5784382043519072,9632.210497549439,8000,1080p
1.470166301300689,1.4551842026001502,11470.22620204194,8000,1080p
1.0130297122499865,1.450455915627952,13620.713520826988,8000,1080p
1.1258552255929701,1.2656699279908303,14030.557842854918,8000,1080p
0.9180818272309429,0.7007962105221107,20726.967206604633,15000,1440p
1.240652916728991,1.0471850724439637,14666.437116086969,8000,1080p
1.3330566595864328,1.4674017230471186,11981.764202632217,8000,1080p
1.1563998285610146,1.0088409315068303,15496.859572765763,15000,1440p
1.039295908163681,0.7413700105873249,18843.754826023593,15000,1440p
1.8211200053024252,2.0999991563618625,8557.360951447874,8000,1080p
0.6320744198272553,0.7485464863497141,24303.870707647362,15000,1440p
0.8134632386535179,0.8387887613175846,20308.301639572448,15000,1440p
1.194795520142577,1.146045693618679,14334.347756157646,8000,1080p
2.134635345336338,1.8203142526177736,8484.161724174095,8000,1080p
1.3441020215547415,1.6251648143489836,11300.578174472954,8000,1080p
0.9453961631664233,1.1103414262915798,16322.332272401874,15000,1440p
1.0350109005751018,0.7091403880388121,19238.257723999322,15000,1440p
1.0310734932376757,1.5389269814953526,13056.196810035857,8000,1080p
1.2318523940430346,1.458623193585991,12471.561590926663,8000,1080p
1.2198063166273252,1.0046170505779444,15084.55292040798,15000,1440p
1.7321974728965137,1.217807789912496,11374.36343691445,8000,1080p
1.2582948117869717,1.34476729946056,12890.369328881998,8000,1080p
1.5953274698052673,1.211111049676867,11956.232701007726,8000,1080p
1.1219905429749997,0.982084172532234,15947.357645002146,15000,1440p
1.36693078664972,1.240080368981277,12870.8432748837,8000,1080p
0.8880764129160328,1.210468716831477,15989.378319463238,15000,1440p
1.953316502493993,1.9771685788990554,8536.969688257304,8000,1080p
1.0461282412283153,1.231594775656452,14731.56821582822,8000,1080p
1.2003263755484672,0.8191960944798835,16615.032760456957,15000,1440p
1.6860963466261056,1.317817298842539,11170.238548839883,8000,1080p
1.9604603140162016,1.8302935088215813,8851.65156277042,8000,1080p
1.0490449141824814,1.4249533187704422,13562.8358796158,8000,1080p
1.3345616945013659,1.1168211416116252,13687.960732076115,8000,1080p
1.5609311937078718,1.1071141489913894,12576.409951883721,8000,1080p
1.292640606381517,1.2381890465031247,13258.273610693092,8000,1080p
1.1433105356244817,1.1722164622250557,14491.056261128666,8000,1080p
1.3368895377853172,1.2363071825580716,13039.979312394824,8000,1080p
0.8879854486197545,1.2243050958620982,15885.329831948351,15000,1440p
1.1946930643810423,0.9643937426472342,15541.029610654536,15000,1440p
1.2392317994397857,1.1280843042268298,14174.039515901255,8000,1080p
1.250545260844325,1.5264915742467284,12082.818483356494,8000,1080p
1.1827840776676655,1.3203416853121204,13405.01244334441,8000,1080p
1.1528446193317774,1.7065072560880226,11734.978226516334,8000,1080p
0.9866498093424314,1.4438491559003677,13805.573456250379,8000,1080p
1.071864653971485,1.370623482222597,13737.807567116773,8000,1080p
0.8678666118489874,1.153636556662382,16598.7531074262,15000,1440p
0.7890496085320552,1.1352830893550898,17436.918281772003,15000,1440p
1.237796764235034,1.2241408407760466,13629.277984828937,8000,1080p
2.428436218902112,1.622730684283412,8282.65850355743,8000,1080p
1.1992895254980054,1.1561203383121503,14245.687137321278,8000,1080p
0.7623693720579591,0.6828747842670847,23217.13729348124,15000,1440p
1.592715004366001,1.2883819945660973,11646.408299490513,8000,1080p
1.2137802740571795,1.0062279708504924,15114.552874732904,15000,1440p
1.4445423909409574,1.8223411967395007,10271.082852947387,8000,1080p
1.7604930007683022,1.2309454000552131,11216.821977936359,8000,1080p
0.9102341522141736,1.0284035242357277,17308.253320159343,15000,1440p
0.9633345447938747,1.3621361828997745,14429.092398543562,8000,1080p
1.1265551082325667,1.2055621750650731,14387.969353133758,8000,1080p
2.6429295492754465,2.3210902672479627,6759.528213064249,4000,720p
1.6164495190279689,1.353690510643518,11297.255908742893,8000,1080p
1.9520823707530048,1.642640566413421,9334.35833206372,8000,1080p
0.6183111979243032,0.8656103186339756,22611.9991020982,15000,1440p
2.342385292472592,2.238808871055916,7324.385477291329,4000,720p
1.1539406082110581,0.7697343090574245,17442.880654515957,15000,1440p
1.11049781428572,0.9379332170737806,16380.55247470579,15000,1440p
1.5491032130385198,1.1318657882663206,12515.785144725247,8000,1080p
1.266996263535088,1.5512273323795502,11906.234852565027,8000,1080p
1.4712827192894569,1.2257252374680387,12441.354470581966,8000,1080p
1.0967285428817048,1.2957327468104178,14025.067884930335,8000,1080p
1.0777232216129944,0.7935776825523508,17931.072402792564,15000,1440p
1.0484041346167625,1.1929660615176776,14970.499767450001,8000,1080p
0.8543006260732983,0.6476551611394629,22340.492500294094,15000,1440p
0.8655208497774166,0.6522054408697401,22108.355246117815,15000,1440p
1.5887988481529673,1.7106861971774736,10169.596630688637,8000,1080p
0.9880291096590638,1.437551141494262,13833.569095083696,8000,1080p
0.978305493555885,0.8656151081820165,18197.33017157834,15000,1440p
1.5046592804761754,1.112229449716573,12822.261647146353,8000,1080p
0.9797313475287499,0.6775514588548215,20246.654264893135,15000,1440p
0.8429225545997611,0.9930607644567152,18276.000468917027,15000,1440p
1.0553616538497552,1.4537884603209177,13372.827640123258,8000,1080p
1.1214517640043777,0.8013379480230287,17450.910929110345,15000,1440p
0.9302659382382263,1.3451079022562238,14746.777607634118,8000,1080p
1.541143983747684,1.578060161661625,10757.369648082751,8000,1080p
1.3628050110592789,1.1091258048093537,13574.179254773773,8000,1080p
1.0925781154442675,1.2805825685783252,14139.131928953093,8000,1080p
1.3909909201407349,0.9629434127334313,14254.61684779875,8000,1080p
0.6202696893202508,0.6407857198286651,26608.2138473565,15000,1440p
0.9854985512737078,1.440513757291503,13831.105424128998,8000,1080p
1.336095246256774,0.9477530817134716,14692.057957202995,8000,1080p
2.0368499170166854,2.2246599051701543,7873.836597842495,4000,720p
1.345894766579463,1.214108965609157,13107.180891222124,8000,1080p
1.4550593415760626,1.6617078958769043,10765.780516680737,8000,1080p
1.4835058814172426,1.3073807264459967,12022.857505375314,8000,1080p
1.1050150047071063,0.755254435074489,18037.404304152547,15000,1440p
1.3096838674504756,1.1300075337822282,13753.555873109992,8000,1080p
0.9156983089584534,1.3038092505107328,15117.962476336337,15000,1440p
0.9066764128728385,1.2684330901476177,15426.548389129275,15000,1440p
1.2712682427663633,0.9820075984424357,14891.400061343262,8000,1080p
1.2303771249844477,0.852648699536189,16108.505043484914,15000,1440p
0.9883926969084126,1.2894747499338166,14730.634149285539,8000,1080p
0.9153581124735153,0.6376904462717343,21605.526634086407,15000,1440p
1.046329766340662,1.0406283520526394,16078.153032525992,15000,1440p
1.1643524773934055,0.8531160001570395,16631.94858972016,15000,1440p
1.0779454841498992,1.1915462566746913,14784.998507114386,8000,1080p
1.3911303314670083,1.172403309208902,13089.132698548447,8000,1080p
1.3378981048851937,1.4531192915182067,12022.294107961985,8000,1080p
0.8819954132536197,1.2081544708929046,16053.600870686534,15000,1440p
1.9466211866519396,1.391244847427552,10052.659890304303,8000,1080p
1.0748719839767127,0.8747895485556199,17210.388285405403,15000,1440p
1.2161737032357158,1.2069878637194447,13847.377103361308,8000,1080p
1.3245837734338384,1.2100745151925336,13238.246808481796,8000,1080p
0.6745059435756728,0.9540175692640147,20604.20481218014,15000,1440p
2.0347521346192994,1.3566764755186105,9893.893063146486,8000,1080p
1.0465033838031759,1.1359403380344477,15374.706648447767,15000,1440p
0.808207414674827,1.2082920103379668,16639.94126841227,15000,1440p
1.3644152949497517,1.2884208825613481,12648.512668988436,8000,1080p
0.9840738272629896,1.4738084059302583,13651.76555119426,8000,1080p
1.054280683522125,1.0623201572237422,15852.980568681898,15000,1440p
2.4603898662768944,1.7756582893249626,7921.163964018391,4000,720p
1.0725266970003442,0.8787082817755756,17196.51008975347,15000,1440p
0.6649794074879033,0.8796858665975523,21722.785229224795,15000,1440p
1.2914157281405307,1.1143477748719182,13947.518930262186,8000,1080p
1.3767361371576476,1.2590807243148134,12730.18337899823,8000,1080p
0.6411534933172439,0.9599747096514185,20956.742837823043,15000,1440p
1.4203488230085064,1.6887938848907957,10792.181367149633,8000,1080p
1.2741809054261974,1.0782433982124777,14263.766935284075,8000,1080p
1.4969719049019086,1.008335225919829,13393.34071547315,8000,1080p
1.317821967635741,1.08523367037833,13963.235586059918,8000,1080p
0.9117720651610902,0.703276487576931,20776.113475421258,15000,1440p
1.2142604966496438,1.388615376178495,12891.291647934651,8000,1080p
0.9226410140061887,0.8842820553331574,18569.92838785787,15000,1440p
1.4583032421517033,1.7561692298263265,10438.550117479226,8000,1080p
0.7834422455486632,0.6710579356291655,23069.39004492128,15000,1440p
1.2715521703364543,1.695720777277453,11308.171709307142,8000,1080p
0.798780781950684,1.1600580030613732,17129.75680119253,15000,1440p
1.1063825444633117,1.5656046314660808,12557.856677709848,8000,1080p
1.1619760196149347,1.2472508894580425,13927.468547539625,8000,1080p
1.0931641073195333,1.5617602532593649,12638.564208542482,8000,1080p
1.66800647739768,1.1466433367452666,11921.352287377616,8000,1080p
1.3864124019578865,1.141466736073733,13273.74853298081,8000,1080p
1.8590580774977306,1.719792036139399,9375.757836893357,8000,1080p
1.0470524415501554,1.4688867744033707,13336.741916192545,8000,1080p
1.1166595054146615,1.4139381105277309,13259.489295576674,8000,1080p
1.5171403222248263,1.1631323576220072,12519.036683206985,8000,1080p
1.5901425445491766,1.8113488693980226,9864.62345970245,8000,1080p
0.9523461714466296,1.3064028145837812,14855.316906625161,8000,1080p
0.8658534624802664,1.2014677101348892,16230.875223685603,15000,1440p
1.0375041283247235,1.3034843801749312,14333.44584058002,8000,1080p
1.099215533603458,1.3786405332952696,13541.71957291957,8000,1080p
0.977090332009997,0.6834562523254056,20206.859787332873,15000,1440p
0.6193940833888483,0.8667761225223141,22577.785415519058,15000,1440p
1.5460853232965728,1.5276178167559382,10916.614413006311,8000,1080p
1.6284070891679392,1.7304857087456889,9989.729955312148,8000,1080p
1.3623414625149097,1.288982492487352,12655.726938495289,8000,1080p
1.2518908179066044,1.0884261139988947,14337.558961588931,8000,1080p
1.546483069214517,1.134842188066635,12514.122227015456,8000,1080p
1.882081342956303,1.5806619355897193,9690.129848173217,8000,1080p
1.7959615231396693,2.0030617600956306,8832.383878264782,8000,1080p
0.9307292263847545,0.6654326001691321,21021.948678251516,15000,1440p
0.7468270737098778,0.9637668620392091,19615.66172939001,15000,1440p
1.5197808258798857,1.0729934855877583,12941.516680256856,8000,1080p
1.287857347001668,1.0383474380478601,14424.539153067548,8000,1080p
1.3186210738394963,1.13830865208581,13657.058094066178,8000,1080p
1.582481193053123,1.0650271027777267,12673.966707805854,8000,1080p
1.1643145039841905,0.944292792688529,15913.077818210757,15000,1440p
1.458405485986575,1.370818446919496,11859.942088618687,8000,1080p
1.336932955503121,1.4011184159894436,12254.858454941563,8000,1080p
1.8177123586993316,1.364510671693299,10544.336986920734,8000,1080p
1.6982527126302125,1.6205350667293736,10110.448221089591,8000,1080p
0.6574843189972717,0.9122931936313432,21375.278808659084,15000,1440p
1.6187837601510737,1.259996675099659,11655.780200923005,8000,1080p
1.4399306001499803,1.3051280460905859,12223.575640525467,8000,1080p
1.688929848964662,1.1426766940283954,11849.962729826291,8000,1080p
1.812480335480472,2.1294433167089837,8512.197333239299,8000,1080p
0.8338729938422625,0.8211267206952443,20274.5847659417,15000,1440p
1.3229887483400766,1.189634293217714,13354.343825167156,8000,1080p
1.313775782584403,1.221844537393215,13233.224128877539,8000,1080p
1.5747846700538455,1.7556531087639438,10075.081484305907,8000,1080p
0.7218935545273023,1.0608373420574169,18821.92767527739,15000,1440p
1.6509804527802936,1.2501529287719542,11565.973565147406,8000,1080p
1.0975290276169045,1.1522352429182123,14914.643475966895,8000,1080p
0.7868623622260892,0.9997991128998888,18780.52024244496,15000,1440p
1.874354724695418,1.2825675184297,10628.843353070239,8000,1080p
0.8831669288277995,0.7600520948640088,20419.9388615971,15000,1440p
1.2892322347353435,1.5600272703446867,11776.544726857906,8000,1080p
1.2235823657084972,1.449520961675527,12552.613157994656,8000,1080p
1.1922551893535929,1.2745917663360185,13602.153924713095,8000,1080p
0.7127548550449446,1.0678457473789713,18844.446056191744,15000,1440p
1.1087184231009983,1.3620603259105017,13580.508579905965,8000,1080p
0.9385813812725718,1.238711640981899,15411.077726807838,15000,1440p
1.1377398166097659,0.847714934453879,16900.12425718807,15000,1440p
2.1520938554012052,1.5447814625447878,9076.430529619012,8000,1080p
1.7697208845414387,1.1867619582919833,11349.442490876167,8000,1080p
1.4089373961075042,1.7711124345094722,10551.542833368101,8000,1080p
1.6462410377552994,1.7844701891380306,9780.60518092195,8000,1080p
1.9476949102695633,2.180915252649358,8127.294822206481,8000,1080p
1.2858989328551071,1.9151793757850089,10482.227788502498,8000,1080p
1.5262809013370044,1.3756134771350994,11562.940487746826,8000,1080p
0.771144230596939,0.6251586300836184,24030.912594167134,15000,1440p
1.4497744472866074,1.4793581444141788,11455.415878089967,8000,1080p
1.647153358788461,2.2895710467996926,8523.43942399669,8000,1080p
0.7202395170043182,1.0442088921211625,19016.95273517841,15000,1440p
1.022723800494608,1.45587043134134,13537.68663261413,8000,1080p
1.009344728257474,1.3587994742309606,14169.083100911323,8000,1080p
1.6563909880667673,1.128887260793405,12047.066397668377,8000,1080p
1.3091380994542199,1.0793857451834707,14048.187994995624,8000,1080p
1.3745451705764982,1.0572256094406853,13798.353148960405,8000,1080p
1.8454291089716768,1.6216771993457457,9677.935723950697,8000,1080p
1.3245106984987722,0.9837181767172831,14536.873860422196,8000,1080p
1.6903634460232064,1.7527125892167659,9745.480975897575,8000,1080p
1.1962997949053762,1.0827038371011344,14723.290269817411,8000,1080p
1.4852583533802795,1.0579278051165761,13193.856017143577,8000,1080p
0.9350256848810685,0.6919736723210399,20623.50661139924,15000,1440p
0.6588276237623271,0.8645657186524519,22026.111750502867,15000,1440p
0.7671817981730813,1.060478717991407,18359.225744186355,15000,1440p
1.026717424782503,0.8630921986388094,17755.456202648093,15000,1440p
0.7402018932070166,0.8985518517127346,20475.579143004885,15000,1440p
1.1047604716060824,1.4394745982993418,13188.416588113183,8000,1080p
1.305399594931239,1.0474647517583593,14261.09926278154,8000,1080p
1.0104282903034563,1.5035854242838418,13346.956623706532,8000,1080p
2.338579852449302,2.11058670394598,7541.734294430601,4000,720p
0.9228326566103886,0.9889200082565883,17551.65959312774,15000,1440p
0.9149528693621061,0.8313179246477296,19214.907627786284,15000,1440p
1.6368436889412612,1.7887195770776407,9795.303544049288,8000,1080p
1.4097916951912086,1.2452108928732504,12638.191823557407,8000,1080p
1.0854612645631738,1.145029281420835,15043.521282981743,15000,1440p
0.9133398216136979,0.9696390353738822,17819.86657762102,15000,1440p
1.296050566805612,1.6737845242746574,11298.415895474745,8000,1080p
1.088227046799352,0.9263653030018826,16655.693149688857,15000,1440p
1.725772990075984,1.4880887819408213,10440.533657097354,8000,1080p
1.4418254842271854,2.0713470851206806,9551.034382073796,8000,1080p
1.6396214052992435,1.4310559286495654,10927.371504986457,8000,1080p
0.8221937115676223,1.1291111754510552,17195.894000586708,15000,1440p
1.2707459738617857,1.0213552816040883,14639.157812066203,8000,1080p
1.3080962036093784,1.2678408718424483,13026.10701160643,8000,1080p
1.1246111138437453,1.3234620246521547,13706.466311139664,8000,1080p
1.6902382428953295,1.317810925175241,11154.881494680672,8000,1080p
0.7904703413649601,1.1548064000403822,17249.181715789702,15000,1440p
1.278787988384576,0.9975246830719484,14740.695520765086,8000,1080p
1.4299482232755325,1.2681508603152871,12436.323115066407,8000,1080p
1.7238298145175168,1.3389364169740157,10955.596824527927,8000,1080p
2.483396474289138,1.776397842608382,7877.007551021444,4000,720p
1.1441197722567804,1.153892201738121,14601.504421958442,8000,1080p
1.8139855066393016,1.4325245547503844,10335.539199172186,8000,1080p
1.2616513066273207,0.9774635032317567,14985.579056623634,8000,1080p
1.2773098107168774,0.9975268703292297,14750.259778899665,8000,1080p
1.1678535672557298,1.0350422057726247,15231.965311673466,15000,1440p
1.128000054421667,0.7717004336911168,17663.01172735599,15000,1440p
1.5480181444900947,1.9841848602080303,9499.576314093443,8000,1080p
1.0502510248244685,0.9102449870897837,17115.276846310462,15000,1440p
0.9093063734708848,1.0273367175764327,17326.079418099747,15000,1440p
1.3063327759060614,1.0778369388456932,14073.843733684775,8000,1080p
0.7739654501118622,1.0016716999267472,18897.122083343656,15000,1440p
0.8481314080316432,1.0913879394542398,17300.385295715245,15000,1440p
1.701213115992092,1.6025935408622507,10156.294082883232,8000,1080p
1.2840079682630128,1.645664631114224,11453.304375080239,8000,1080p
1.2499274058873686,1.6094006728240675,11735.07589066918,8000,1080p
1.7809400815080791,1.2332978289779968,11131.978628252677,8000,1080p
0.9245079639226137,1.1268966383405445,16356.808385328743,15000,1440p
1.5868673433860863,1.3131563070063537,11570.399432935423,8000,1080p
1.1154153470897203,0.9257181629133637,16439.116714099364,15000,1440p
1.1970834738895222,0.9152217870468882,15885.219158676391,15000,1440p
0.7611114142600017,0.5394133602525726,25800.68650562687,15000,1440p
0.7068571624978502,0.48522195828059,28147.822921425384,15000,1440p
1.0805869609324152,1.2959972628363388,14118.764091932686,8000,1080p
1.219266941542532,1.5329611377542476,12191.733763785114,8000,1080p
0.674253950211817,0.9704093022259264,20402.00749318448,15000,1440p
0.7778436213267491,1.0140498186439366,18725.68493835712,15000,1440p
1.4887735954616115,1.3292926664558566,11906.899583393366,8000,1080p
1.0675595042970907,1.2537581305022998,14454.907633913612,8000,1080p
1.0994005660188644,1.3670285369642454,13604.458348069444,8000,1080p
2.461683802077176,1.833982938852638,7811.227924244657,4000,720p
1.574409820911539,1.682849491767544,10301.430981987618,8000,1080p
1.7147355978683703,1.268594938246087,11247.30618810408,8000,1080p
1.1376034160526183,0.8486377776739664,16893.43273414101,15000,1440p
1.64846048452592,1.5707629027859025,10423.144952366683,8000,1080p
1.4016502488473475,1.5080979084021757,11531.730646997903,8000,1080p
1.1167361433807625,0.8206821498834411,17319.146885656155,15000,1440p
1.4601816248207653,1.9576308983195876,9817.516839446047,8000,1080p
1.1331358215467375,1.6314350742601742,12137.302049621076,8000,1080p
1.2358032368322163,1.2379439004660262,13564.212564040485,8000,1080p
1.2309635955540001,0.901554297865238,15734.654374317803,15000,1440p
0.957579855405871,1.1282213318004244,16087.071100454461,15000,1440p
1.1936729726514297,1.12675925481119,14460.423193092605,8000,1080p
1.4743682791357695,1.0784818218469907,13143.91001143494,8000,1080p
1.7434808805625464,1.7519475041857278,9599.519231007345,8000,1080p
1.3251331709073053,1.0292157239091435,14252.10684528386,8000,1080p
1.526574532311502,1.4917388470257804,11116.947706525887,8000,1080p
2.4646665732214683,2.1807892650285656,7223.065543690567,4000,720p
1.6894816646895512,1.2995567562731192,11225.828267939502,8000,1080p
0.8231771196877782,1.0707978102786417,17716.40768264811,15000,1440p
2.228318597584435,1.8716463111530537,8184.077851127875,8000,1080p
1.5520953802315194,1.4434425584120876,11201.471217284465,8000,1080p
0.6610212011506644,0.9770741285650737,20483.80908687577,15000,1440p
1.6073181091096862,1.2716023484995878,11655.213297509588,8000,1080p
0.9663432008196752,1.1419382784854286,15915.537052035217,15000,1440p
0.960986101933551,1.364879666669725,14426.641663052653,8000,1080p
0.9032730424421773,0.8699996294924452,18922.31946674758,15000,1440p
1.0103253725924684,1.1042552314711078,15868.12625421734,15000,1440p
0.8327531549180085,0.927564560040526,19061.577188519288,15000,1440p
1.1733946149541743,1.3845262677579906,13117.853732998268,8000,1080p
0.8496197041346171,0.6522452607662034,22341.843497371854,15000,1440p
1.1398190726416315,1.3841465324938236,13294.330133393089,8000,1080p
1.1463717168166112,0.9999916564189273,15633.15532607991,15000,1440p
1.003230841090877,1.2746834307891366,14730.33134486961,8000,1080p
1.5690348099711668,1.4699381983368842,11041.372170225835,8000,1080p
1.7054636471596778,1.1902706156528629,11587.538411556307,8000,1080p
0.7431003491764525,1.0111786467395187,19127.192469450983,15000,1440p
1.5424219316298726,1.6044660211029866,10662.73490000184,8000,1080p
0.7236033141842609,0.9909271077915854,19570.625035239358,15000,1440p
0.7160329062049352,0.9917351235480144,19648.120479719997,15000,1440p
1.468517956770119,1.715437544077663,10538.599547344667,8000,1080p
1.2270096422299508,0.8268875786132925,16336.957691692074,15000,1440p
0.8596225725348227,1.2713748642756388,15745.880975916187,15000,1440p
1.5371352355709633,1.4071465412029869,11396.474435529602,8000,1080p
0.9750945375954638,1.0618811639736856,16472.671703522,15000,1440p
1.220215085650061,1.5132275608710424,12275.52077696061,8000,1080p
0.7931208429783619,0.9219963553324563,19563.929527992044,15000,1440p
1.4681057163430926,1.2928491442269927,12153.198329751627,8000,1080p
1.0753515944271503,0.7938659425341885,17951.05777498064,15000,1440p
1.085403893756104,0.9248491627105786,16691.645806511984,15000,1440p
2.026966384443599,2.0007504491986157,8330.881585252144,8000,1080p
1.2045631373678047,1.5218984082651985,12306.952230353081,8000,1080p
0.7345676224600565,0.9923746580949825,19429.967276738174,15000,1440p
0.8615277207616227,0.9300334802472124,18729.157553258785,15000,1440p
1.2123224372771773,0.9936870618077214,15210.465781729006,15000,1440p
1.2500508612106935,0.9027256726183366,15586.583870978238,15000,1440p
1.6338409502925424,1.9502175635994135,9362.132864165489,8000,1080p
1.2016524455960944,1.2353805993196794,13768.558481388862,8000,1080p
1.2473805608869142,1.6365918807643187,11634.796336953983,8000,1080p
1.0963681750253527,1.417984943161226,13345.154965425218,8000,1080p
0.8821275701146041,1.2028748337080177,16093.234203702428,15000,1440p
1.0252996924613442,1.1140788642017774,15684.19571912334,15000,1440p
1.0215979745354873,0.8169110410413469,18250.893368326648,15000,1440p
0.5769868500797167,0.8496961265702035,23519.192805391966,15000,1440p
0.7202511490807135,0.9294859019385091,20339.26071992489,15000,1440p
1.6770314218040059,2.262990099483984,8516.306781245976,8000,1080p
0.8519976876496346,0.8520491204235342,19691.027171924514,15000,1440p
1.317480029381986,1.7515727638769234,10933.155686895121,8000,1080p
0.5772382760742045,0.8598838710971279,23348.35077592028,15000,1440p
1.8526878134645226,1.4437533814744323,10178.98697890207,8000,1080p
1.312943526581455,1.2483605482566569,13100.526536319518,8000,1080p
1.1677711403448485,1.4721930992506762,12710.184288382996,8000,1080p
1.0377865741333872,1.011563440780082,16373.206995300307,15000,1440p
1.0333490897628017,0.9591998272393993,16839.95394727011,15000,1440p
1.7044102343487808,1.7303752126268102,9769.003775634797,8000,1080p
1.448314207340147,1.184877726270323,12742.873609669707,8000,1080p
1.146118383734505,1.6835894841555339,11857.913808261676,8000,1080p
0.8542377902869137,1.250394725296331,15943.13104618231,15000,1440p
1.6656007941627804,1.3348088039832744,11183.283782565286,8000,1080p
1.2091082485571252,1.6121178402704452,11893.563629260343,8000,1080p
1.8660059735237398,1.3376460335725877,10473.80674482573,8000,1080p
1.0736363523236914,0.955541196436047,16535.9763715644,15000,1440p
0.7104760802571898,0.7084905086317931,23647.090962354738,15000,1440p
1.3453113127802534,1.4249925798152296,12112.18454758154,8000,1080p
1.7805757163925717,1.5136619611373856,10185.79570893602,8000,1080p
2.071069535072856,1.8950040227739535,8460.365525398067,8000,1080p
1.3378370191464988,0.9607875895106159,14597.612795767865,8000,1080p
1.0649137035074638,1.182510618008304,14930.172143624986,8000,1080p
1.7906799010278664,1.578632825719522,9958.835739296965,8000,1080p
1.2744600602419986,1.7899656594116744,10949.664005493389,8000,1080p
1.3477675437011472,1.2846292331583962,12746.722794589701,8000,1080p
1.5289933801351134,1.3634648359337938,11600.66265213099,8000,1080p
1.2928915273522006,0.8727834820502092,15493.752227052255,15000,1440p
1.6652086488979618,1.5446781421065334,10453.462749538137,8000,1080p
1.319656001802173,1.214211559435279,13242.377981118001,8000,1080p
1.0441192599507871,1.37353131252468,13878.941970362217,8000,1080p
1.2197093248383462,1.1367016814346294,14239.63472869339,8000,1080p
0.816062887306208,1.0852835718435205,17647.721086563753,15000,1440p
0.9935669129842621,1.1991866421612352,15302.418240874104,15000,1440p
0.8951809111135571,0.8880693386240017,18816.44598392077,15000,1440p
1.5527732835616874,1.591247289991055,10672.459424170847,8000,1080p
1.055288353280415,0.9339191517252778,16868.241204380523,15000,1440p
0.7277962650625812,0.9519006985447162,19976.47952398443,15000,1440p
0.8029231474273997,0.8622931232429931,20150.194656992786,15000,1440p
0.8954890805870627,1.1813142334047866,16156.76928765325,15000,1440p
0.8054864859032428,0.9324090197930323,19307.50835710152,15000,1440p
1.1311389145850608,1.3400432383904868,13578.291652680135,8000,1080p
1.6002690145803216,2.2175344139162423,8788.936525528137,8000,1080p
1.2247439107785574,1.1134017663118796,14350.873142239268,8000,1080p
1.2653087725521637,1.1940979379317325,13643.303426377191,8000,1080p
1.216557149690378,1.647689468022609,11714.924194199515,8000,1080p
0.9245673756192809,0.8113152269594064,19329.89705073041,15000,1440p
1.624185145675931,1.175550936908199,11984.855361448774,8000,1080p
0.8976093009074092,0.8717830119444244,18963.816987493494,15000,1440p
0.8301698988671241,0.6631107470723753,22470.27850474094,15000,1440p
0.9155083209120254,1.1562571275433227,16196.057340862244,15000,1440p
1.8291245980379802,1.8513799619784046,9116.802181016894,8000,1080p
1.5972534452914215,2.3282469711851226,8547.810072611794,8000,1080p
1.5802598076077983,1.1838449622493856,12139.348828566182,8000,1080p
0.7882792753610995,0.9857458463413321,18914.29359681204,15000,1440p
1.417609488990677,1.0096544205846225,13823.97351504767,8000,1080p
2.1822831510840284,1.836651383699094,8349.08648289558,8000,1080p
0.9715515085585913,1.451667916627746,13847.046475132882,8000,1080p
1.9094707303455496,2.0433713797340096,8488.685119609963,8000,1080p
1.0049725595188055,1.0613053847536942,16239.069914582053,15000,1440p
1.1063706731620802,0.7609438446790422,17969.352071869303,15000,1440p
1.5498361519512456,1.1501222407610585,12427.758920496599,8000,1080p
1.3728632026387622,1.45220476208851,11877.389294327755,8000,1080p
1.6595244870803996,1.5487734894653824,10458.639517058331,8000,1080p
1.0855215491669752,1.1715558577205687,14866.318672814488,8000,1080p
1.3495742752508497,1.9087645975381378,10298.017888875676,8000,1080p
1.4700460420193888,1.2987530526319633,12118.767325812487,8000,1080p
0.7663402204765705,1.0315869233552895,18662.84299400842,15000,1440p
1.3510963010022272,1.202902135221819,13138.000213347226,8000,1080p
1.06707693801269,1.2518502721612579,14469.808216827558,8000,1080p
1.833255907168023,1.878908974222129,9039.046775162195,8000,1080p
1.9404204991113054,2.3659657315833815,7791.784155548711,4000,720p
1.2865916508436077,1.293526386465284,13004.998808115717,8000,1080p
0.8951972342557988,1.187752649824254,16109.092329323857,15000,1440p
1.5382823299586552,1.2725501486014532,11937.54243838422,8000,1080p
0.8753109710644027,1.1523208180612052,16548.582528620715,15000,1440p
0.8749731180008541,0.9962217049165275,17932.08894608059,15000,1440p
1.5035122080673133,1.6702952591662665,10572.296002960575,8000,1080p
0.8123747212872453,1.1964032896299006,16703.90248083216,15000,1440p
1.7728203636831716,1.8568028860743675,9244.604657588485,8000,1080p
0.9516422907708434,1.0430395563284898,16821.94684269818,15000,1440p
1.6128265298364255,1.1412633814252011,12183.491854348713,8000,1080p
1.6087523719361219,1.3460411392446598,11355.931259843306,8000,1080p
1.0868777281394024,1.3403394398175443,13824.239727277332,8000,1080p
0.6585286610321434,0.6655363989975921,25341.9813066032,15000,1440p
1.5216559514937649,1.3268862216178376,11779.510346285955,8000,1080p
0.979807017321582,0.9210993349919323,17651.806970481364,15000,1440p
1.2445407974231593,1.4348433011933608,12523.188451153974,8000,1080p
1.770181852510294,1.7993488790198215,9400.236200128344,8000,1080p
1.2104843888465755,1.5719916795229807,12059.198776743424,8000,1080p
1.7027223726410399,1.3838729808668448,10871.017466499366,8000,1080p
1.381418882004714,1.1070010030805075,13484.232384218732,8000,1080p
1.2962139081325221,1.1349210707764235,13801.961754940769,8000,1080p
1.3056516770027928,0.879465104154703,15355.898727859118,15000,1440p
1.2676200167335898,1.0365844725979982,14562.263095726192,8000,1080p
1.284189898082984,1.1183456829224618,13966.258092193451,8000,1080p
2.351491328011698,1.5975695900103513,8496.81296301863,8000,1080p
1.2693636512077502,1.5068330491972808,12086.474994766979,8000,1080p
1.2032987308243328,1.7727284758491528,11274.907677173469,8000,1080p
1.1088499190455372,1.2692337892952632,14109.86160088161,8000,1080p
2.5966164137521237,1.733291970534013,7749.455420759913,4000,720p
1.2602211076665446,0.8706941492731497,15746.488224120685,15000,1440p
1.7537339167102752,1.7697632999711859,9523.04768147443,8000,1080p
0.7656974267994001,0.8839325169132874,20340.581309091525,15000,1440p
0.9091846677322876,1.2633561762691468,15444.787651586194,15000,1440p
1.0748735631652944,1.1053116446142022,15390.633731606204,15000,1440p
1.2946107727017733,1.1102385649774011,13952.820858366978,8000,1080p
1.3612272858671384,1.2909876821435269,12651.475240398036,8000,1080p
1.8112470352277596,2.54037217945189,7710.79231537729,4000,720p
2.971989435724322,2.271830704624011,6398.852573492551,4000,720p
1.6308291503422956,1.3430265691956105,11283.14053017134,8000,1080p
0.9950578292146933,1.2721249227072464,14800.056136434165,8000,1080p
0.9173963554337751,1.1676737895929987,16092.711355554486,15000,1440p
1.628050735752517,1.7972277005865396,9796.118074378513,8000,1080p
1.3971732514402084,1.4145681039976037,11933.683706400261,8000,1080p
1.9814094048131918,1.5913601991006339,9391.714473623619,8000,1080p
0.9241337134607889,0.9443986802929804,17957.639970367953,15000,1440p
1.3473195793797248,1.0949342566669782,13739.125517892458,8000,1080p
1.151718099605223,1.3891846490175443,13205.712819267615,8000,1080p
0.683290499796995,0.8617480519639019,21717.537055471952,15000,1440p
2.0109263602841376,1.3871609045474913,9874.505680672266,8000,1080p
1.3740148493554265,2.059887562342449,9771.515895645147,8000,1080p
1.2689023903501033,1.6580397394067867,11463.988870455396,8000,1080p
0.7438722942775786,0.85053777810899,21045.04517446666,15000,1440p
1.365929296907266,0.959580132527458,14428.852265783451,8000,1080p
1.3775971897515813,1.2502228366502162,12768.923161737668,8000,1080p
1.1089857872030129,1.576802113005608,12493.329051558252,8000,1080p
1.1616659872927577,1.5110370384266527,12554.493214212667,8000,1080p
2.1423678501903085,2.124642660488397,7863.686277787695,4000,720p
1.3952644614267378,1.0410386267846632,13772.683769257053,8000,1080p
2.1528302115779603,1.8368593671836742,8410.28639887693,8000,1080p
1.3266823895437063,0.9404111172456588,14800.638747150508,8000,1080p
1.1788325450407053,1.1096219095821067,14662.48626107375,8000,1080p
2.2857107906050325,1.6002684031684318,8634.743092233879,8000,1080p
1.9728156617544161,1.3848768940406349,9993.300888161517,8000,1080p
1.2599086122661198,1.7611841925137264,11106.720040811586,8000,1080p
1.112761785419238,1.6430932384067622,12175.6883834244,8000,1080p
1.403634698986501,1.4208280188671396,11879.934469624939,8000,1080p
1.566312630258258,1.276518666454323,11803.1738425006,8000,1080p
1.8143209072085327,1.6356598914503029,9725.976449794773,8000,1080p
1.4815376072220736,1.6342202671469417,10769.268137305195,8000,1080p
1.7149583292477009,1.2766395445950027,11216.224043139653,8000,1080p
1.8766965675601621,1.3314485682954282,10459.137781823347,8000,1080p
1.2395152437023182,0.8408602272519157,16129.026932147559,15000,1440p
1.4796466981875749,1.038653356137323,13324.239080396328,8000,1080p
1.4684783457502188,1.0738221173995273,13198.452537914509,8000,1080p
2.0641138817535434,1.4731583739716743,9485.96250845289,8000,1080p
1.2742951557963513,1.6695124087685764,11398.310271330214,8000,1080p
1.1755911011555515,0.8000407242831724,16984.15239517041,15000,1440p
1.335739003107071,1.167370175966268,13405.10125587969,8000,1080p
0.9329541905852291,1.124886632520516,16305.649894416425,15000,1440p
1.2906511154650593,0.8667511446465337,15553.164386814156,15000,1440p
1.0850036984639706,0.7362007032909501,18424.308643042375,15000,1440p
1.1840245549254242,1.3279494534754384,13357.794263707749,8000,1080p
1.442693845941279,1.0486508131281091,13468.402245289439,8000,1080p
0.863374912052267,1.1804431017890806,16417.524345494236,15000,1440p
1.2670835311347233,1.4726638571790005,12247.272191270264,8000,1080p
1.6181051557029456,1.6537277979060327,10255.545584314737,8000,1080p
1.4753160316429232,1.346516043003973,11891.009497508374,8000,1080p
0.8076439708168804,0.891909772016445,19743.08381920387,15000,1440p
2.0609542275666404,2.0371471833683192,8187.799333239228,8000,1080p
0.9628040794100154,0.7917597887186485,19124.08696514855,15000,1440p
1.3715422464864118,1.0698674462868267,13743.875966136988,8000,1080p
1.2153551388315806,0.9801291449161837,15283.385195871899,15000,1440p
1.5571786583674598,1.0483504027568287,12878.164554234996,8000,1080p
1.091073670249216,1.4539755384428872,13184.197730009146,8000,1080p
0.9547907745477955,1.1903393591879567,15642.142857582645,15000,1440p
1.5716704959319259,1.5088613424609885,10892.415258238345,8000,1080p
1.4478357147906589,1.3094123894151009,12169.536701763564,8000,1080p
1.0604177838433035,0.7351532886443197,18687.331576083456,15000,1440p
1.58670869523511,1.522471624332139,10792.05081443146,8000,1080p
0.6878375223978895,0.5681961367783098,26714.596185270628,15000,1440p
1.647436259470525,1.4005230947486655,11008.818721139342,8000,1080p
0.7219472158454545,0.7350574700062356,23029.735131143934,15000,1440p
0.5877460727333923,0.7545086731447324,24998.557168854077,15000,1440p
1.6103500139521745,1.9527152014580604,9417.293810642952,8000,1080p
1.027514375902454,1.2565020995788587,14690.97633935808,8000,1080p
1.2901851350841014,1.7090811222720044,11187.546926753575,8000,1080p
0.9174390144049543,1.2521878947777272,15465.530897494382,15000,1440p
1.2989407866092602,1.0872313595152427,14062.033225263052,8000,1080p
1.1976044779552506,1.74917888546663,11386.799727631056,8000,1080p
2.0743616447279534,1.4466752890676768,9529.701798336087,8000,1080p
1.0401662744668634,1.1647406369358795,15218.071940575923,15000,1440p
0.9264332460946552,0.61838821898755,21720.588921396466,15000,1440p
1.0875802745064662,1.1791102681184589,14803.26995194612,8000,1080p
1.1310126438330363,1.6298216389134317,12153.72911358525,8000,1080p
1.1211474013759415,1.343734186529543,13612.999571518014,8000,1080p
1.0043644977379742,0.8171756853414491,18420.912320075317,15000,1440p
1.3825889538252347,2.0289151303619093,9835.671062371008,8000,1080p
0.9902008972178978,1.4437723874708208,13785.867006461938,8000,1080p
0.9281818608497088,1.246083926128383,15432.534605916651,15000,1440p
1.0537059688789274,1.153318546628533,15203.470448213322,15000,1440p
1.518930689965534,1.3569508843127414,11667.529115283804,8000,1080p
1.56506755409102,1.5757409178243897,10683.374137594887,8000,1080p
0.836344826721201,1.1145881424411532,17199.172155262113,15000,1440p
1.3496114856592296,1.4125871273205552,12147.726033285633,8000,1080p
0.8956507554753238,1.0415395401660383,17321.18526274717,15000,1440p
1.1521862085731964,0.995437732324131,15623.979301506657,15000,1440p
1.0041290104717218,0.9502873452940883,17168.51780379835,15000,1440p
1.2975809569766896,1.7921953248908882,10859.825741078714,8000,1080p
0.7928428610993524,1.161643326314349,17167.90439148681,15000,1440p
2.1504170495063093,1.767629507632131,8564.071792068395,8000,1080p
0.9942903381730251,0.8134936461955115,18561.084891854844,15000,1440p
1.8554331580528491,1.5120853139043526,9964.141928076246,8000,1080p
1.1999308387887082,1.250108605696871,13695.466036484662,8000,1080p
1.3234341945278716,0.894003676986711,15132.073115122375,15000,1440p
1.3396451533042584,1.4647787865280215,11964.821553337168,8000,1080p
2.1493394604578215,1.851816105043036,8386.1853033949,8000,1080p
0.9158743023077474,0.8179409351365123,19352.94561689347,15000,1440p
1.2697329831707844,1.2448072262255827,13344.162035911517,8000,1080p
1.5947133492014907,1.1754409982563832,12112.838416672474,8000,1080p
0.997860652591844,1.3718176969608944,14159.909933064622,8000,1080p
1.5556315637802745,1.5433447986066176,10827.585652881755,8000,1080p
0.7389809477235472,0.96519360174058,19689.55117335316,15000,1440p
1.6322239589174268,1.966715483024798,9323.422230714674,8000,1080p
1.2404752470225766,1.0964712242088668,14358.237303706253,8000,1080p
1.2163361541565072,1.084162041032072,14585.724114097571,8000,1080p
1.0425506123676218,1.5454836085846209,12965.219597310412,8000,1080p
0.9283391987071321,0.8410535146677558,18963.812694808297,15000,1440p
0.8303117466936227,0.8907958506770004,19495.83631567364,15000,1440p
1.7353172231169562,1.1692346116001553,11552.361227964806,8000,1080p
1.31840322258815,1.4016200948267745,12336.082483252278,8000,1080p
0.792993034256894,0.7513526944480693,21727.27995831453,15000,1440p
0.9257845336727561,0.9111632171872175,18266.405228069973,15000,1440p
0.8002731530913046,0.9146506934385775,19566.135293935527,15000,1440p
1.456352881660119,1.0792488784506649,13233.320992226303,8000,1080p
1.4745885512410681,1.0330657450659593,13380.80454288095,8000,1080p
0.9387596411840076,1.394439635789354,14381.297101860491,8000,1080p
1.0959543593950452,1.5841806947911619,12519.679539129951,8000,1080p
2.248456861730363,2.8268490880748227,6611.3121714934205,4000,720p
2.115922108824779,1.6145461151827618,8994.697176096943,8000,1080p
0.839475815658188,0.8298278465534391,20100.85567987337,15000,1440p
1.4478434573103622,2.141407984453676,9348.587733242988,8000,1080p
1.2927938214514265,1.2869252950694712,13007.00986596274,8000,1080p
1.333023265955241,1.4853984097587876,11905.398077631235,8000,1080p
0.8916482458163963,0.9120796450291475,18602.82372429829,15000,1440p
1.4080814633035252,1.4621824462952884,11690.364738861248,8000,1080p
1.4405025788746146,2.152867575958764,9337.872402281333,8000,1080p
0.9983400567394954,0.8286668531620013,18365.793702339688,15000,1440p
1.3874994089821313,1.452936503652135,11813.12764380629,8000,1080p
1.1524387102170268,1.4071942750218154,13109.079385015426,8000,1080p
0.8982859101062287,0.7741151044759734,20063.628105596756,15000,1440p
1.3673814052482238,1.8757728695022284,10346.233684051887,8000,1080p
0.8216812743016852,1.0711754771125883,17726.873401766592,15000,1440p
1.9225018931104054,1.4618792751701275,9914.495540420363,8000,1080p
0.9987267246154128,1.0737609839850222,16190.413029112502,15000,1440p
1.3413017967317487,1.1385314902197985,13530.922492474638,8000,1080p
0.773490927854533,0.7258899043497449,22378.858845801555,15000,1440p
1.481709753084458,1.217260506305973,12432.30890864961,8000,1080p
0.7023978939345613,0.8097995435614435,22189.18718415607,15000,1440p
1.633335908651296,1.2089683035237384,11805.362654802855,8000,1080p
1.310102341705169,1.4609084606405538,12109.094620488459,8000,1080p
1.2822311287197807,0.8747647425108964,15556.094681282571,15000,1440p
1.4636744846419523,1.1253237995421552,12960.391748801134,8000,1080p
1.2205442297989024,1.4686156091158824,12477.663660759172,8000,1080p
0.8045332329508372,0.6470325214209953,23116.026193743277,15000,1440p
0.948983898348563,1.1251356991296368,16177.674633997414,15000,1440p
1.1565426893791246,1.4948224930745269,12655.530148037828,8000,1080p
1.1124982339393616,0.8383812168915061,17199.643978878026,15000,1440p
0.9956833686186863,1.0281155348662026,16579.923994533652,15000,1440p
1.0133675360437406,1.362086146364061,14125.483585934893,8000,1080p
1.5125210553558714,1.219269585972623,12282.944195050824,8000,1080p
1.573542015878022,1.112221676595951,12493.441658335758,8000,1080p
2.7132622470999035,1.9744220064141347,7157.997464280263,4000,720p
0.9790416499744429,1.0891497001541968,16224.046192782378,15000,1440p
0.9408199663213841,0.6443982365942986,21167.074626246107,15000,1440p
1.057839949397723,1.024449026971976,16114.205271594634,15000,1440p
1.422161429810968,1.671035854145954,10847.815033988405,8000,1080p
1.1024264835782454,1.4220051742976811,13291.875775410343,8000,1080p
0.766659215821534,0.5606785815653832,25279.497100178585,15000,1440p
2.186675792559744,1.4983905254300645,9105.516456025092,8000,1080p
1.8703829279375617,2.096407718713384,8458.836119402747,8000,1080p
0.9157956989095337,1.2059015705885126,15814.9008731761,15000,1440p
0.8853251029961353,0.9308294103626691,18475.538151180917,15000,1440p
0.6800502492725402,0.7872993701280764,22867.373634993903,15000,1440p
1.4602400206252606,1.4423181257492297,11560.29623107188,8000,1080p
1.3255183202957463,0.8855398975934026,15175.734283484275,15000,1440p
1.6837835264430276,1.4385786495981605,10746.489391100467,8000,1080p
1.637026094548548,1.7245160458151092,9981.856719002793,8000,1080p
1.5088874759208866,1.16980394402466,12526.426803085107,8000,1080p
1.237046683998515,1.5777337667091467,11920.799006389328,8000,1080p
1.303464403408283,1.0278109177547623,14393.165704366525,8000,1080p
1.7072313826236547,1.9485651980752112,9178.4187821483,8000,1080p
1.5811012382886451,1.1289116011404996,12381.650563348672,8000,1080p
1.6865409282965746,1.186693215983464,11678.279706789406,8000,1080p
0.7839765923428569,0.7458807302169227,21933.046634607883,15000,1440p
1.3732113616483783,1.589152832192732,11326.909793792805,8000,1080p
1.483012456556339,1.4249362031036732,11538.866715729113,8000,1080p
1.2252103677826984,0.8939403226454636,15833.905607354673,15000,1440p
0.8763372991834374,1.1627187330072157,16455.865591859634,15000,1440p
0.8402807861415664,1.1554348166990103,16813.233284462338,15000,1440p
1.4725464493249172,2.0559038582247595,9509.679625699984,8000,1080p
1.263666131021743,0.9273210826461287,15314.754824071952,15000,1440p
1.48730944546902,2.0777595438328493,9412.000749688383,8000,1080p
2.2936173910066686,1.5493082658646724,8731.480907001938,8000,1080p
1.1605756987012137,1.0345480936467013,15285.895090276443,15000,1440p
1.232426657488682,1.0572456269237525,14654.68758495742,8000,1080p
0.8150690277978049,0.7090841685797332,22015.130814769127,15000,1440p
1.2665821997936273,1.2131832912370781,13531.29242316104,8000,1080p
0.6378793592272846,0.9495835699179481,21137.143667390923,15000,1440p
1.4004649121024129,1.2252074652321585,12779.367406859226,8000,1080p
1.5473492591783808,1.6797126730990806,10397.827096029529,8000,1080p
0.9406642085846642,1.3753026660121814,14488.303942534161,8000,1080p
1.3211764937292354,1.6422112374334434,11322.997543367364,8000,1080p
1.1696290625428125,1.0586538674874697,15058.425277953369,15000,1440p
0.8406189461635409,0.9486301255302378,18753.360016130093,15000,1440p
1.2412583843332619,1.3859742232758436,12771.778145116727,8000,1080p
2.1223294501526335,1.8637471357843571,8417.909509912864,8000,1080p
0.6057954355845658,0.8542030928290472,22982.510836130194,15000,1440p
1.0887342375284559,1.5347056831111507,12790.242206811916,8000,1080p
0.7027006406744556,0.9498194916692306,20305.006482681358,15000,1440p
1.1544884532384232,1.7245473063911423,11654.746519826944,8000,1080p
0.9600471631906359,1.3250197123385807,14684.223188097663,8000,1080p
2.084307032868195,2.1161267263856205,7988.325473786489,4000,720p
1.3675550886093366,1.3292586251840985,12442.250582002984,8000,1080p
1.5316851463870071,1.2144135476850664,12218.946126165463,8000,1080p
1.2850499657411436,0.8634684445936192,15617.47473914913,15000,1440p
1.0156311961152447,1.2101835743982232,15075.12325127549,15000,1440p
1.5829783269927014,1.5097730371073468,10849.379096390414,8000,1080p
2.1812599077810946,1.504844779285016,9102.951448377624,8000,1080p
1.2992268416179749,1.8350157366296092,10705.754632036469,8000,1080p
1.3375291886367038,1.455793476249476,12012.372369937882,8000,1080p
1.0937927592726597,0.7513142413484128,18185.62933678394,15000,1440p
1.142072596715489,0.9318611451140184,16179.12439690584,15000,1440p
2.063105858561891,2.288848591336193,7710.198345661865,4000,720p
1.1376223116565083,0.8562005341284402,16829.194264142334,15000,1440p
2.3422212906374926,2.080856131204975,7586.218553240389,4000,720p
0.9768627491701041,1.2656389701903967,14962.945941271695,8000,1080p
1.5696293942288255,1.6305428943293148,10485.195475246797,8000,1080p
1.5720364150646675,1.120366741090436,12462.632842815981,8000,1080p
0.633497020348142,0.9417825521097722,21300.62027506959,15000,1440p
2.3350559789613596,1.936092525915602,7856.067744234661,4000,720p
1.5887369166876337,1.1537775949769764,12234.915023160127,8000,1080p
1.6226423651522217,1.7649895371643782,9904.98170035951,8000,1080p
1.0580309545144586,1.1559640630255683,15155.604115714035,15000,1440p
1.274168281496849,1.118370315333252,14024.61471027327,8000,1080p
1.3381147382375904,1.3653181990807377,12411.786339070182,8000,1080p
1.0197581237855358,0.8594097270722456,17856.005776537444,15000,1440p
0.899266507481226,0.9128806950069401,18516.394227758174,15000,1440p
1.7520479524013592,1.6441929165922886,9879.874041425875,8000,1080p
0.7215723200166011,1.0199572978676426,19267.21868834177,15000,1440p
0.783694987955687,1.0706776282566008,18094.762458549325,15000,1440p
1.2352535055926017,1.4233773922007051,12620.944121220644,8000,1080p
1.0417858997742544,1.1480551116460507,15322.770842727523,15000,1440p
2.336269533724397,1.775888158744313,8159.811590264135,8000,1080p
0.9619385538562637,1.1934120409360098,15567.969350821033,15000,1440p
1.1640578990828236,1.0247040753012426,15330.324810418211,15000,1440p
0.9148186934259128,0.664833303517548,21241.660862598834,15000,1440p
1.2582277437657223,1.66729535607786,11469.549497590377,8000,1080p
0.9394028383278162,0.8341365878686836,18919.47340125402,15000,1440p
1.4564612229206226,1.1358387638451972,12943.884647340856,8000,1080p
1.5396935787695836,1.2430978907382948,12057.831989090408,8000,1080p
1.3824379490335945,1.7438222316794374,10733.090037421955,8000,1080p
1.1364961690621838,0.7593760856672713,17698.677701672623,15000,1440p
1.094429197193953,1.1522443710262462,14935.161242218917,8000,1080p
1.4094644705394326,1.1444881956010975,13138.23566303859,8000,1080p
1.3162301042230877,0.943856829219498,14846.52271711052,8000,1080p
0.8240032714266311,0.6374665271277838,22959.3742088887,15000,1440p
1.1132422635263342,1.0360427018757794,15611.90467534036,15000,1440p
2.067890533756605,2.4393647320180407,7444.537755558676,4000,720p
0.8409662792891497,0.8514402317855296,19826.461184371663,15000,1440p
1.6446006369851034,2.462246325332787,8170.363373136746,8000,1080p
1.0266542072622507,1.0151654027762849,16433.592779220453,15000,1440p
0.8851699163272514,1.043202418835505,17400.390675677256,15000,1440p
1.4400867684474907,1.4378404005930474,11659.235981008718,8000,1080p
1.6954237105130636,1.5774230921147596,10252.368663592377,8000,1080p
0.927657337196346,1.1022732487838431,16529.84207033741,15000,1440p
0.6884483757151008,1.0198748103574058,19641.73540086568,15000,1440p
1.2794287730628744,0.8875395156611114,15484.505322299132,15000,1440p
1.0689112714331608,0.8690029087403328,17314.715142337212,15000,1440p
2.336965831171151,1.5749852541686384,8577.41604330042,8000,1080p
1.3896398059370305,1.0625723044993178,13683.331819949824,8000,1080p
1.1133906508865794,1.3176585040457354,13802.449009277323,8000,1080p
1.0111424867771728,1.2561874059385936,14799.095670991712,8000,1080p
1.4960417547998022,1.8182528371757294,10124.154950269345,8000,1080p
1.3292144122702967,0.9211926300450191,14910.383485770537,8000,1080p
1.816140061954575,1.2794942539404406,10839.275113248861,8000,1080p
1.105526247737504,0.800034615469382,17608.690778593624,15000,1440p
0.6755289731052506,0.9843793963834438,20214.62908240884,15000,1440p
1.0364122364454658,1.4258378719820164,13627.548186577018,8000,1080p
1.318955886047083,1.6155692400426374,11434.365206717983,8000,1080p
1.4339021340180997,1.2511229002315962,12496.878640603238,8000,1080p
0.8724274459335354,0.9731376464030598,18181.115442272534,15000,1440p
0.9339115901119888,0.9619207583848963,17699.0502491445,15000,1440p
1.6125664725419377,1.8516100728355003,9686.120658248406,8000,1080p
2.7144463750040355,2.3713891774941134,6597.624255372974,4000,720p
1.2752432010730264,1.4872076525316889,12146.61681897975,8000,1080p
1.1478417483809118,1.3990394099134542,13174.714450544383,8000,1080p
1.175582032249926,1.2206379983040285,14003.067987142624,8000,1080p
1.8911954808972236,1.3806923962792115,10255.373429531062,8000,1080p
1.6134184438247248,1.429346320788384,11027.612909888052,8000,1080p
1.256410279172353,0.845350239902749,15964.916885376608,15000,1440p
1.052446623298757,1.3570723166072491,13925.780554897376,8000,1080p
1.1124289222998065,0.8001796540015624,17543.80505021475,15000,1440p
1.4815545539466977,1.5150742516462115,11197.39353014761,8000,1080p
1.870314448432974,1.8317332586263366,9063.74921533728,8000,1080p
1.8577488239135216,1.4253077369053602,10220.485507453648,8000,1080p
0.9351060406556094,1.2386228770519225,15436.346145400381,15000,1440p
1.0580807991872385,0.7237138224123596,18831.817984654517,15000,1440p
0.7456761113552317,1.099093846129414,18188.951887395033,15000,1440p
0.8702406112065697,1.0660844325862064,17328.92527913354,15000,1440p
1.3011574792683491,1.093179594308942,14014.08029399451,8000,1080p
1.470091070337218,0.9840832497487118,13672.3914537681,8000,1080p
0.8674494981423548,1.0306672549187694,17677.74924587026,15000,1440p
0.9514477922544501,0.9765363709248903,17403.893994993767,15000,1440p
1.543311240967382,1.1818529482383153,12312.811144703945,8000,1080p
0.9916726841814313,1.1840931306712892,15421.895027002862,15000,1440p
0.909416034909617,1.0161651288252596,17425.612917254282,15000,1440p
1.9053256699458838,1.5956487842191571,9584.312150601656,8000,1080p
1.267920395072112,1.8487568531106189,10766.09136206352,8000,1080p
1.2226519631989883,0.986492061859171,15188.88384794949,15000,1440p
1.3684508494843701,1.3428779208401638,12375.641186437042,8000,1080p
0.7093153433428987,0.9769770172142023,19898.347869473007,15000,1440p
0.9819870968930755,1.3251758974541867,14543.58971698623,8000,1080p
1.0901774549783683,1.0507668923427123,15672.725001930092,15000,1440p
1.452024352468416,1.0016578562286687,13675.133593529841,8000,1080p
0.8118724486084652,0.8298955020781595,20437.98697980843,15000,1440p
1.2069616817686502,1.6321925944666411,11818.460265038171,8000,1080p
1.6172706872615692,1.1078998053787916,12312.782664650756,8000,1080p
1.2730463493444995,1.332806202663626,12876.565857167261,8000,1080p
0.6929899076389932,0.47692692628058286,28681.040418559056,15000,1440p
1.6012727106557993,1.4931323825175182,10843.580911247103,8000,1080p
1.0311684005510382,1.4949578051983874,13282.959467199467,8000,1080p
0.857999711946361,0.8552127991292665,19585.679991872756,15000,1440p
1.5155021572305676,1.0737331594056398,12959.205285208329,8000,1080p
1.5320074536627408,1.0253206021700478,13120.894647625906,8000,1080p
0.9676362654869579,0.9608353012902966,17399.49531953647,15000,1440p
1.2406161469195105,1.1831172211901797,13844.110264558372,8000,1080p
1.1342826158060035,1.6541539465511208,12033.421327554152,8000,1080p
1.4392728042300853,1.0259777565789079,13610.962120210948,8000,1080p
1.0760793703025044,0.8678942741273517,17260.744298743364,15000,1440p
0.7862393267012682,0.6005845625322537,24195.164404432824,15000,1440p
1.0253524471904085,0.9117998671691805,17321.52487508082,15000,1440p
1.3621396789222215,1.344788794333692,12395.758636223025,8000,1080p
1.3854413556286096,1.0548482868886613,13750.184164772776,8000,1080p
1.4189144733299506,1.6761813825895573,10841.160843476193,8000,1080p
1.133934199279061,0.7935536108878927,17408.375722538865,15000,1440p
0.8792232697193842,0.87034367000253,19178.70716357576,15000,1440p
1.0657827552270052,1.4236661308861247,13478.65874538593,8000,1080p
1.3494074149746205,0.9414053838916077,14647.39153570593,8000,1080p
1.2782874773200086,1.7550115133556679,11062.025900890716,8000,1080p
1.5825626459600368,1.5472474494619424,10720.916278300903,8000,1080p
1.0586782068336098,0.7695402158599172,18353.623168594935,15000,1440p
1.418843502032884,1.2747886736582354,12456.946535913265,8000,1080p
1.2181484088891041,1.1915709489289101,13924.622338753725,8000,1080p
1.2436284861265843,1.3586020651935147,12894.488531378589,8000,1080p
0.992422766558805,1.039638452735603,16512.510391616594,15000,1440p
1.1331730617459295,0.8183730004522869,17193.768904539396,15000,1440p
1.2909291130373153,1.2219270721330768,13353.104804811874,8000,1080p
1.3804062646582247,1.0171483878533853,13995.273044078196,8000,1080p
1.5498959277460131,1.1455782383221425,12448.433905395317,8000,1080p
1.3928778014205654,1.138496524510754,13255.420842452833,8000,1080p
0.8264903051809647,0.7246765680953944,21631.735810040005,15000,1440p
1.2350245015679255,1.7736610186034332,11152.522181211189,8000,1080p
0.8495958093388026,1.1370393158108194,16890.082922234084,15000,1440p
0.9781521430911482,1.3218630201309265,14588.787298686257,8000,1080p
1.9431200804129405,1.4637374563491916,9849.085744832772,8000,1080p
1.133524064031473,0.9268815175280638,16285.352893774629,15000,1440p
1.4712277277191785,2.0101844372117874,9638.16704554583,8000,1080p
1.1841121517544333,0.9773399990575169,15524.022582408435,15000,1440p
1.1099944325032352,1.2212470330460727,14393.374730100559,8000,1080p
0.6064153853547848,0.9005259375829663,22266.581644059188,15000,1440p
1.01825493939607,1.1980183155321993,15140.024780512007,15000,1440p
0.774860798590603,0.8656925155585701,20453.118902388163,15000,1440p
0.9818807652578593,1.2981729054320215,14716.509717004761,8000,1080p
0.9597117066742726,1.2510225399851513,15177.958205832801,15000,1440p
0.8834323540294245,0.7540881223603563,20490.999950105663,15000,1440p
0.8561660262188219,1.2132046962831518,16214.799810944944,15000,1440p
1.3982433616251402,1.5875260326683673,11238.119080505763,8000,1080p
1.930520086875155,2.3076777980079997,7917.146134134575,4000,720p
1.4751101863261753,1.4281520827375318,11557.492534362456,8000,1080p
1.1375300182729065,1.59949861999944,12259.437672957656,8000,1080p
1.6083008282711961,1.2203313591918523,11862.4231700108,8000,1080p
1.1872446926553422,1.207437031900351,14012.063338490487,8000,1080p
1.107489802457835,1.4455314356658175,13143.028933304484,8000,1080p
1.2304685310504724,0.9619501133105477,15304.755816733821,15000,1440p
1.6025525573988275,1.542935962311638,10667.47876831819,8000,1080p
1.1275775606380065,1.3068919483928279,13783.056996823125,8000,1080p
1.9457472640171802,1.5894162087886772,9491.621040474223,8000,1080p
1.5134261466732764,1.9209755810636617,9770.095248033296,8000,1080p
1.4319120609415987,1.5829668454709893,11129.611848963612,8000,1080p
1.3861829134651877,1.0890272651029753,13556.195061952381,8000,1080p
1.3841826874192875,1.2825845829234963,12582.43731020703,8000,1080p
1.0605448068017005,1.376961586780442,13765.884712486288,8000,1080p
1.280173821667064,1.8483187566559358,10725.431229242855,8000,1080p
1.5603922324197403,1.2671982147118575,11866.79352168513,8000,1080p
1.018594689541916,1.3265959692016438,14307.762942385609,8000,1080p
1.49033316488054,1.7802174188334177,10259.56674300888,8000,1080p
1.5207591465926629,1.5440457239161893,10948.309408823448,8000,1080p
0.9605908607294635,1.1142116054385238,16172.350162072367,15000,1440p
2.077983670757898,1.5187069265069844,9329.251736448114,8000,1080p
1.1962394437698975,1.4772002827105828,12551.033661856147,8000,1080p
0.7475439287282909,0.8358699844415366,21191.194368645887,15000,1440p
1.3476145413699037,1.134328357318585,13519.421424937245,8000,1080p
0.8870276873004895,1.2743419305653982,15524.615374732282,15000,1440p
1.1876840379300204,0.8903458127363035,16147.23291354102,15000,1440p
1.3229756179039842,1.1880567189318392,13362.803619758348,8000,1080p
1.1787686653641565,0.9352601937083422,15872.267711010127,15000,1440p
1.3044610080286112,1.6355507789720891,11413.026351921902,8000,1080p
1.1906760644309435,1.1083105551760322,14595.314176180944,8000,1080p
1.030508311306924,1.3146806981706818,14307.773004391785,8000,1080p
0.9816277167309866,1.09499586254356,16158.167678959899,15000,1440p
1.112376044137501,1.4739105126729273,12973.980749210343,8000,1080p
1.6059293151360876,1.4178379775936487,11096.896272632277,8000,1080p
1.1821658698552682,1.4054308694201856,12967.411610433352,8000,1080p
1.0552983060856345,1.3274785620722078,14082.070565819029,8000,1080p
1.0789719653964438,1.0708834594204326,15607.762090726705,15000,1440p
1.0703509224846626,1.2651144855815486,14367.342750661166,8000,1080p
0.7339169940317686,0.9493276630463882,19934.376062862495,15000,1440p
1.5079728150037799,1.233122158005292,12241.251153426909,8000,1080p
1.9564329632982471,1.7738127236152643,8995.233777152005,8000,1080p
0.789521260084461,1.0422532697185252,18317.992446160337,15000,1440p
1.4205119792790726,1.0538700145473603,13560.732370231472,8000,1080p
1.0699733210081819,1.0660488054300052,15708.841020271617,15000,1440p
0.8862902013567941,0.8540962972217798,19279.87376792736,15000,1440p
1.469832266013431,1.8772571208016267,10024.958440661458,8000,1080p
1.5133486888894243,1.8170601269056141,10075.169102622573,8000,1080p
1.553867076758134,1.5047389495891013,10970.498230552645,8000,1080p
0.9948891491112279,1.3065020609516775,14580.064377269797,8000,1080p
1.546949473184079,1.4742643820298846,11106.275029850101,8000,1080p
1.1610222158832022,0.9597207802177639,15822.017124041235,15000,1440p
1.3421601345845515,1.0039871366629425,14301.9291291797,8000,1080p
0.9689001842614242,1.1792846602710532,15619.899789071764,15000,1440p
1.8304256674672577,1.848163236729232,9121.549831708977,8000,1080p
2.130814156886535,1.772985541620812,8595.326244025748,8000,1080p
1.1488069229959457,1.5131587507472466,12605.13324081169,8000,1080p
0.8871219076993774,0.7517171273236821,20474.51353239696,15000,1440p
0.984950236325832,0.7065428327912089,19837.167891864556,15000,1440p
1.077322033072102,1.4861123462009131,13089.63953643938,8000,1080p
1.7020184701609764,1.6001373843846192,10161.37138221702,8000,1080p
0.7407358387866805,1.058219450094661,18652.17674246113,15000,1440p
1.0322874931859245,1.28644378302942,14471.030922896709,8000,1080p
0.9350946160934788,1.171434625886215,15928.77579447504,15000,1440p
1.161219649190598,0.7819502197221662,17267.884057287418,15000,1440p
1.1918418656902539,1.0519302325419266,14954.47422063801,8000,1080p
1.5405388271314855,1.263504448381924,11966.445843763346,8000,1080p
0.8938913160366172,1.261647744728342,15566.608191313488,15000,1440p
1.5524597674451726,2.2835483100654894,8747.226627785101,8000,1080p
1.2307149564275015,1.5570622008088053,12036.267645318017,8000,1080p
0.9777503544219264,1.4286669915452435,13943.729277148326,8000,1080p
2.6877166640377346,1.989317311908477,7174.2972517559265,4000,720p
2.5877627319730547,1.8088485821830793,7631.885013797333,4000,720p
1.2935620075408296,1.311789311455381,12879.043127637715,8000,1080p
1.031293978032505,0.7477817126783104,18860.598329345725,15000,1440p
1.6556697727995675,1.2158798620276978,11685.130423322258,8000,1080p
1.1758908003165156,0.8693622285253886,16406.00528483252,15000,1440p
1.3606963854568446,1.8332624599268117,10505.593097574638,8000,1080p
1.359280094739234,1.3084562288227854,12577.866749288547,8000,1080p
1.0185168231110096,1.1484601376136165,15484.443355032057,15000,1440p
1.2168275632370362,0.9443492552942303,15526.000331062018,15000,1440p
0.9971383262503832,1.3131465215193692,14523.937181335876,8000,1080p
1.5500761722390022,1.7468644958036406,10177.444903769196,8000,1080p
1.023161458680991,0.7021238156345051,19448.628293261623,15000,1440p
0.8125792350895367,0.9133226479987155,19441.679929081016,15000,1440p
0.8099774776916207,1.0382751305970623,18154.678559370957,15000,1440p
1.0672677835398596,1.4903194744069268,13119.564892944169,8000,1080p
1.0671679515814683,0.8631850798934262,17382.536485754936,15000,1440p
1.1436828610847165,1.1488441703956802,14636.43897726792,8000,1080p
0.8237848000528392,0.5655673075371035,24151.136214278773,15000,1440p
1.0229656291587006,0.791587773357793,18491.84044595513,15000,1440p
1.1893502749115,1.4079552420478247,12918.939177891672,8000,1080p
0.6705974625281633,0.9599723216122128,20578.34772014351,15000,1440p
0.9246195483487764,1.0348252037765215,17124.45934676414,15000,1440p
1.6202130997723825,1.1887644292586246,11945.4255697001,8000,1080p
1.2527535615232166,0.9078084683981942,15530.418259373244,15000,1440p
1.4108715396552707,1.4792497587207258,11610.042809917615,8000,1080p
1.5790985760374276,1.516072142225148,10840.89863024914,8000,1080p
1.2819498528456106,1.2812065659822038,13091.059037023246,8000,1080p
1.2543618565461159,1.2470555970319979,13414.16721627275,8000,1080p
1.6023530866208842,1.2793438099580174,11643.983806844924,8000,1080p
0.8656725056027474,1.1549885010220924,16605.671060108594,15000,1440p
1.0090452977673214,1.4236643146613415,13793.028082172696,8000,1080p
1.5055317923414522,1.4530143785231886,11341.527244171299,8000,1080p
0.9314144162703495,0.9325619293502698,18001.53316260454,15000,1440p
0.8439352767780253,1.1056498715455563,17211.06258367476,15000,1440p
1.489998036265939,1.657585561369848,10660.37833759313,8000,1080p
1.3552846035016823,1.2678439840849232,12791.760251018255,8000,1080p
1.5544075548358811,2.0795044605753965,9233.694117440646,8000,1080p
1.0320981728259175,0.7588277337250839,18735.80134011225,15000,1440p
1.391132549144496,1.5844626695925257,11276.544534253564,8000,1080p
1.3902633316983684,1.6151663700195549,11164.603843776506,8000,1080p
0.8668227115033492,1.097452127265523,17082.35086950997,15000,1440p
1.6293121892761473,1.1668889476488569,12000.006564942596,8000,1080p
0.9733420952468578,1.2600559352979985,15023.937310365638,15000,1440p
1.037502295474873,1.0733667093410433,15896.02761869451,15000,1440p
1.4106356880697273,1.0050813242552696,13890.050791878837,8000,1080p
1.254150685110453,1.036697791275607,14647.163418216978,8000,1080p
1.799533323106826,2.0298632683787234,8762.328789503395,8000,1080p
0.8157601318141965,1.0369482137910184,18111.01681470482,15000,1440p
1.212324420656224,0.8343364480057007,16394.720060259602,15000,1440p
1.6176597180383534,2.0875588692315583,9055.992570933218,8000,1080p
1.0587837917025293,0.8971366121728446,17155.31569358177,15000,1440p
1.0853527040475004,0.9912519188909641,16158.31517918869,15000,1440p
1.077577008550097,1.0663757141389067,15650.733173777788,15000,1440p
1.1877736617600887,1.1595715004239844,14294.630606765766,8000,1080p
1.2124805075688125,1.1940570270311053,13943.032891684508,8000,1080p
0.7207947963679975,0.8426608807032054,21461.70978307296,15000,1440p
1.7115582945249879,1.2685115237861588,11259.612709012246,8000,1080p
1.2749146715701054,0.9326012981674452,15200.08573436923,15000,1440p
1.5541733297247025,1.1202987359738035,12546.188995709856,8000,1080p
1.1313317660206657,1.409940161949016,13203.794379772615,8000,1080p
0.7504289781213629,1.0123564668343108,19034.892814674757,15000,1440p
1.416895185608262,1.0977546143650054,13343.58048598127,8000,1080p
1.7113182530306201,1.481534703421436,10509.231855539681,8000,1080p
1.3383724237988202,1.4239901590926425,12147.004961556275,8000,1080p
1.2343294034109193,1.455538390149773,12474.379625766875,8000,1080p
1.3240582545692705,1.441090215963226,12134.766851610786,8000,1080p
1.0215288082408525,1.02999965328979,16355.820857081888,15000,1440p
1.7600469313946638,1.2780297527847193,11044.629707582055,8000,1080p
1.0854762401635545,0.7985848585024116,17809.630496462483,15000,1440p
0.9846465001268643,1.018871553164227,16747.756250502265,15000,1440p
1.5982449409457786,1.4918623537925944,10858.662434516184,8000,1080p
1.6652671838210826,1.1713515949228406,11829.024136566622,8000,1080p
0.9317361576607194,1.33568921521247,14798.472488415875,8000,1080p
0.7551065097850321,1.1066799992586267,18022.706597673143,15000,1440p
1.1642195812269003,1.2670985463955657,13800.92206724595,8000,1080p
1.0433431895613214,1.2719486871240138,14492.527848384228,8000,1080p
1.0684119703967534,0.9467085979366603,16651.32723435545,15000,1440p
1.1744907011330648,1.3776353019356267,13147.639246516022,8000,1080p
1.5586870370319996,1.1539093315937006,12369.858040103436,8000,1080p
0.8259258968570222,1.1859040513622894,16678.562733246577,15000,1440p
1.3455145323169406,1.379084189477538,12315.366564475351,8000,1080p
1.509907050390719,1.7194111694972027,10390.562253466787,8000,1080p
1.8797340020745557,2.5625458389903057,7553.425988570015,4000,720p
1.4176037448860652,1.9300528321500774,10023.259921633751,8000,1080p
0.9133733210602865,1.313337128355966,15069.059387041782,15000,1440p
1.078863235710517,1.2046752803626664,14694.051255899481,8000,1080p
1.6625400534135812,1.2504609020168045,11518.85375713598,8000,1080p
1.6238939186431842,1.3110482078941048,11432.74059703122,8000,1080p
1.1006107454669058,0.9394225839826464,16447.982253826096,15000,1440p
0.8675105317677643,1.1189593287951491,16891.48809460998,15000,1440p
1.2082051982054218,1.2431502942402193,13688.113414559792,8000,1080p
1.4569721223712357,1.7348014874539746,10512.78571158984,8000,1080p
1.4129710915218716,1.0131458515928324,13830.508910638931,8000,1080p
0.8076400717754403,0.814516370487646,20685.07766932016,15000,1440p
0.8115401558478459,1.2033507982918799,16653.224796637365,15000,1440p
2.180043104892345,1.568777938439701,8950.66251820225,8000,1080p
1.455224776679472,1.5453820381044283,11182.548754697988,8000,1080p
0.729262035352909,0.8011084826370775,21925.691592694126,15000,1440p
1.4016597633005439,1.3108351978834707,12370.320490974613,8000,1080p
1.0652261696498255,1.0954436779832573,15529.643289444419,15000,1440p
0.8854793512545487,0.863000877928644,19190.62705997828,15000,1440p
1.875461467837214,1.6995979799325522,9385.699032482467,8000,1080p
1.1464898902363705,0.7890888227509743,17335.607058941336,15000,1440p
1.6004955472677884,1.3467874616346278,11384.869352093829,8000,1080p
1.0538301677661865,0.75512789519639,18549.03808275525,15000,1440p
1.1505022959456277,1.260626142999812,13916.48468742535,8000,1080p
1.237566443199989,1.278484901359725,13336.14756016504,8000,1080p
1.505176970785386,1.414126427598787,11493.985866139263,8000,1080p
0.7822346705270876,0.8907234489987815,20056.94679882938,15000,1440p
0.8454726529559718,1.069174105911697,17525.129293219732,15000,1440p
0.9711600092209919,0.7311887392603219,19710.66858652454,15000,1440p
1.7539722018143644,1.4753377587284486,10390.588828568147,8000,1080p
1.0656715528599985,0.8828648619652779,17220.325853139777,15000,1440p
1.5662504985406964,1.69516435979715,10288.30536974396,8000,1080p
0.9182451157823104,1.262449294059046,15387.039948637763,15000,1440p
