Total Network Latency (s),Total Computing Latency (s),Throughput (kbps),Selected Bitrate (kbps),Resolution
1.1469989852172378,1.1964350783394695,14318.487779030287,8000,1080p
1.0586818926380226,0.7631484357537044,18417.97859936888,15000,1440p
0.8985894989767856,1.2392170509091063,15695.728877709262,15000,1440p
1.6669667158614712,1.4605546227054431,10728.76197077371,8000,1080p
1.2685204944188104,1.7054505840929242,11282.702862326305,8000,1080p
0.9771437578765553,0.786087141095707,19030.083932602323,15000,1440p
1.1646839864673795,1.7058283308465172,11689.353080846144,8000,1080p
0.6478128219573476,0.7900703287727808,23335.99359792326,15000,1440p
2.0099227705030698,1.7515008616230787,8920.673468793337,8000,1080p
0.9335908969487801,0.7436799641484473,20005.374670403296,15000,1440p
1.1626503188727073,0.8002460499285442,17094.347176612195,15000,1440p
1.4258664884263212,0.9560521398809931,14087.14454021677,8000,1080p
1.4613902019616736,1.2090023991236862,12565.35536623419,8000,1080p
1.09042763945652,1.0065158744097247,16001.590781114526,15000,1440p
1.2659935967164497,1.003840563314873,14782.76809418401,8000,1080p
1.5265372610119463,1.169321148910295,12446.659615542581,8000,1080p
1.0786866970757885,1.396502303321439,13556.311051242981,8000,1080p
1.014546453402748,0.6858599122769538,19733.184183056925,15000,1440p
1.949453551906682,1.490264047137542,9754.996168674892,8000,1080p
2.1198390576734583,1.664623797912319,8866.365790979942,8000,1080p
1.4053163612442239,1.2597253755071662,12590.58405625643,8000,1080p
1.004730694951592,1.3377682784266767,14324.203502898015,8000,1080p
0.9326413547205779,1.2718953487051674,15220.627512283198,15000,1440p
1.1876351825476286,0.9070398147516563,16018.920378226952,15000,1440p
2.478857465067515,1.7909742582949244,7858.490491886716,4000,720p
1.5695913167090125,1.6136961739258717,10540.81106363026,8000,1080p
1.5786952511732388,1.468251672244393,11012.476699910285,8000,1080p
1.301281487226527,1.8442424699477864,10667.358588533089,8000,1080p
2.3398182227403033,2.0666644594532113,7614.788124685617,4000,720p
1.5309817182744077,1.3251206098549244,11748.329767294164,8000,1080p
1.1312314041748421,1.0816493792604533,15163.235295445878,15000,1440p
1.0116356172882157,1.2728789133241505,14687.773507400587,8000,1080p
1.3949912968072191,1.1023984679728513,13435.801040433482,8000,1080p
1.482017411143637,1.2418848829862188,12318.515268448306,8000,1080p
0.7845663053529304,1.0727226893331891,18066.349445887216,15000,1440p
1.4705209809405708,1.0569576998097585,13275.851644390028,8000,1080p
1.0859847786761598,0.8347481799594532,17469.59766017411,15000,1440p
1.1800836459796118,1.210086662845181,14038.5109279088,8000,1080p
1.4309218722775319,1.0818631747425156,13353.482837615873,8000,1080p
1.3254778151235656,1.385249536407376,12378.386922996668,8000,1080p
2.651370890577821,2.4689123095434753,6553.2375238942095,4000,720p
1.5633888864582808,1.4912813706941859,10984.633094663091,8000,1080p
1.9984190847522771,1.361985476934988,9985.235820282383,8000,1080p
1.2466388701361928,0.903331752381551,15606.925810319102,15000,1440p
1.3198030070381197,1.1261442755301108,13718.379066930684,8000,1080p
1.7520315675652836,1.2217091652990255,11283.576819314827,8000,1080p
0.6115611994668322,0.8578668746596729,22835.028533088484,15000,1440p
1.0322982781820318,1.0627682620301446,16015.92663333824,15000,1440p
1.405708378596678,1.009148833243917,13894.99629024647,8000,1080p
1.6299576742367456,1.0882620940390786,12344.267520828047,8000,1080p
0.6992710636556587,1.0256219162508053,19453.05151732924,15000,1440p
1.5465838643654544,1.3400448090355446,11624.090174530998,8000,1080p
2.3610202554184885,1.7094763598929048,8243.326348382945,8000,1080p
1.183193991180376,0.839907822605489,16585.636852951568,15000,1440p
1.1671873064611336,1.267552220500892,13781.528425698962,8000,1080p
1.1188864818460105,1.5966956699720423,12356.257378380424,8000,1080p
1.2361852340276362,1.4935264448277294,12292.298948609176,8000,1080p
1.0463064731893978,0.8564710557212076,17634.448321034604,15000,1440p
1.1370697996973063,1.5610631019426282,12436.167239799604,8000,1080p
0.7352546866735314,0.8633729013907574,20989.523920721058,15000,1440p
0.9549230633502372,0.8618562525618143,18469.184290088175,15000,1440p
1.2849885767029314,1.1518400965680864,13769.71322114288,8000,1080p
0.8209807717676226,0.619955748222731,23286.54422626795,15000,1440p
1.6781237406837715,1.2472017526080093,11470.324268853312,8000,1080p
1.6095869531800486,1.7715906220964175,9923.889311627292,8000,1080p
0.9060049002496738,0.7724294076863919,19991.50746701618,15000,1440p
1.2159770326588852,1.0352748273396057,14904.788129757499,8000,1080p
1.2770146044870088,1.7925691161337491,10931.264644970926,8000,1080p
1.1074407461105331,0.7458444556445241,18105.379554222967,15000,1440p
1.142399864217052,0.7881448428628888,17380.810647349885,15000,1440p
0.8941015333102642,0.8320274683613043,19439.121854453624,15000,1440p
1.1642541111574858,1.6319474499231938,12000.004744662197,8000,1080p
1.3691427776218645,1.5687115065157216,11421.40785578478,8000,1080p
1.00275758896237,0.9844660264465499,16885.08114528186,15000,1440p
1.0642190644691343,1.0218544234446838,16084.97121237861,15000,1440p
1.3537510166682598,2.0050833734312308,9989.903669828182,8000,1080p
1.4759081985460178,1.9007895087829145,9937.055344685428,8000,1080p
1.301794645260764,1.3366240424430575,12717.629751630491,8000,1080p
0.7050917432422339,0.885691171648348,21093.030158868634,15000,1440p
1.0283084645836083,1.0283385015346738,16315.11511347554,15000,1440p
1.395151714320717,1.449578070445685,11795.296755313917,8000,1080p
1.6355562655762061,1.1902729637074079,11874.18958381519,8000,1080p
1.0275483190223622,1.1500707423244,15408.770338025995,15000,1440p
1.0437870169187673,1.1742367868886636,15128.0756962125,15000,1440p
1.6287635964222886,1.6993826522637123,10082.018484989283,8000,1080p
1.0051300033606978,0.7253349551411672,19390.414024361093,15000,1440p
0.7424317817071989,0.5796582877840727,25379.838162547763,15000,1440p
1.126857488512917,1.1800746869784136,14545.04486801983,8000,1080p
0.9569085431392264,1.2963868101689329,14891.271111324711,8000,1080p
0.9933158146741242,0.9118673415847472,17612.181742090055,15000,1440p
0.7319137090041119,1.019719544745663,19156.083003202297,15000,1440p
1.7124056117018633,1.6830080435655996,9882.281043414387,8000,1080p
1.0976833775608748,1.273587609775306,14150.3995870561,8000,1080p
0.8763708677954278,1.1621691086470267,16460.031389012693,15000,1440p
0.863426559952188,1.287179402677914,15602.31515352274,15000,1440p
1.3450056010518203,1.288929969132183,12739.2759260455,8000,1080p
0.9952060753865776,1.0597734213959749,16328.353666075805,15000,1440p
2.549118411648527,2.222039507427013,7032.764911395243,4000,720p
1.1221784558546044,0.7768667275810914,17669.106713561352,15000,1440p
1.1406637551313774,0.9487857119462677,16058.982295910724,15000,1440p
1.465771782790906,2.022142554397629,9620.199568045256,8000,1080p
1.415270076945389,1.0146799862932918,13808.692000558256,8000,1080p
1.28666283580753,1.2455367191069269,13251.10097854572,8000,1080p
0.7982620220778542,0.7035080495260724,22343.255225590598,15000,1440p
1.3055796684513745,1.3722523703252647,12530.446836885729,8000,1080p
1.1669359562836743,1.5455511753520812,12370.356197695626,8000,1080p
1.1228837133708858,1.2682879624833392,14032.631926360107,8000,1080p
1.1253899366571458,0.8743965112333876,16779.007596233463,15000,1440p
1.7747943844722178,2.412191049339481,8013.983456697415,8000,1080p
0.8316712947346341,0.977539240676204,18546.449594038215,15000,1440p
1.382803751013014,0.9390266781222469,14451.71515496804,8000,1080p
1.032214556544491,1.4406789015878367,13568.89512957111,8000,1080p
1.6477144041370604,1.6357956179853557,10219.074031731103,8000,1080p
1.0400942530600992,0.7889152570501701,18345.684817121062,15000,1440p
1.3534309059104965,1.223465315512273,13021.258567205221,8000,1080p
1.1173856828479038,0.7760455920227896,17721.494540271342,15000,1440p
1.0942558590731866,1.4417527859011166,13231.197798357663,8000,1080p
1.309551223103253,1.4715229192072032,12065.27776067261,8000,1080p
0.9566903962049097,1.4229396693499465,14100.692576422018,8000,1080p
1.6326241719035757,1.8049845220466016,9760.980666313826,8000,1080p
1.0616732077844793,1.3232045853843415,14069.665161088089,8000,1080p
2.104190158394209,1.9954763242121878,8184.673592927856,8000,1080p
1.8209611909069514,1.3387100861541115,10619.595855936735,8000,1080p
0.6970184830936499,0.754069410792721,23123.638575836343,15000,1440p
1.1885812893358456,0.9014945517201283,16054.169586041058,15000,1440p
1.2133187848198932,1.580457183859012,12010.423303865307,8000,1080p
0.8659083165930563,0.7928734248166549,20228.358657651883,15000,1440p
0.8719049855020105,0.6770253195608729,21662.970819489365,15000,1440p
0.6094891064668557,0.752656156830984,24633.519569537395,15000,1440p
1.3023343668645893,1.188097384954624,13473.339301705066,8000,1080p
1.0869191023427167,1.5572707483146828,12689.872473286168,8000,1080p
1.1046382093675735,1.3301104817478526,13781.47655338826,8000,1080p
1.7357414846791757,1.2251905714834257,11332.388370804729,8000,1080p
1.1303610161298885,0.8445244489341293,16990.57114631825,15000,1440p
1.4411251161332854,1.2592000375541665,12426.070969334734,8000,1080p
1.2168606079291902,1.1894344608745726,13944.437835165767,8000,1080p
2.0934371408866093,1.6515491623532155,8959.82769575732,8000,1080p
0.9765823238444807,0.9687957720050925,17248.283031246076,15000,1440p
1.687472987911872,1.6864459777031708,9945.239450611183,8000,1080p
1.1161890912056298,1.4024700010305249,13322.339693939757,8000,1080p
0.9279343789912772,1.3537929770207633,14705.714910060857,8000,1080p
0.7853417869446104,1.0881988078574427,17909.637022594194,15000,1440p
1.2341909976680419,0.8567676734086107,16047.391306267442,15000,1440p
0.7487788037334902,0.6186822543057069,24537.760547356072,15000,1440p
0.7889928803977939,0.9599700211566191,19185.33090106032,15000,1440p
0.9616064027852453,0.8780660657427752,18239.351066034025,15000,1440p
2.5086566358919375,1.822665626126768,7746.925758500648,4000,720p
1.0074684733519375,0.8311874270350215,18249.435358153863,15000,1440p
2.0626096632537774,1.7629628637417816,8771.08766419133,8000,1080p
1.4231032462654967,1.2464922962458709,12569.106992302794,8000,1080p
1.342938699001765,1.5548873173444395,11579.174115604059,8000,1080p
1.4616435964693058,1.4270305737912496,11615.85904891912,8000,1080p
1.7223299714227134,1.4170123879108154,10688.363408418916,8000,1080p
1.5030160706143938,1.2057299027454598,12387.441395392278,8000,1080p
2.479808771470114,1.8692371733612125,7715.354683681406,4000,720p
1.1651893427918076,1.3904574724078365,13129.526271171695,8000,1080p
1.4049527277681313,1.8085730043566883,10441.62542859535,8000,1080p
0.7893853828310059,0.8508467720855822,20457.123645223484,15000,1440p
1.3896615259261815,1.4831654999911592,11679.934676639823,8000,1080p
1.3728196071910064,1.178822962414902,13150.130194442694,8000,1080p
1.1003567332589559,1.5001136104428698,12903.216558983919,8000,1080p
1.1059711564599817,1.0239741657086263,15753.658861926318,15000,1440p
1.2807915319545813,1.2399382722580408,13311.39574893117,8000,1080p
0.6392732814922569,0.7423618191916738,24286.030358804604,15000,1440p
0.8267545025594124,0.844855595435119,20073.12114245781,15000,1440p
1.574190893410432,1.6644105066941015,10360.778575256883,8000,1080p
1.0636359726942424,1.356478952214699,13864.809333904881,8000,1080p
1.3943356197051024,1.317715561406217,12372.344679074371,8000,1080p
1.1533288680789564,0.9234374926945046,16157.056775275938,15000,1440p
1.4017838196568388,1.0438169299047773,13720.322912893598,8000,1080p
1.8141660088755684,1.8115247775907783,9254.631455404022,8000,1080p
1.0901582066887203,1.5244835158891854,12833.281022884088,8000,1080p
0.975522410152722,1.452342973345787,13820.548794863034,8000,1080p
0.726003871215071,0.7248412483328329,23127.50792479893,15000,1440p
1.8941633762877352,2.3779090822673217,7854.3686525740995,4000,720p
1.1225063900463417,1.2148821019932068,14355.522034217434,8000,1080p
1.5773721754570162,1.7963151757719527,9945.92222298749,8000,1080p
1.027269529552037,0.8544813060033418,17831.495735776713,15000,1440p
1.3364249922875497,1.0500879188976786,14060.025337694762,8000,1080p
1.435775101917126,1.2542101228297706,12473.835057275144,8000,1080p
1.0704276246116533,1.0012728752832187,16196.56509312167,15000,1440p
0.8074095620491797,1.1298473625885301,17320.58952700612,15000,1440p
1.1088138984810831,1.5423284542704911,12656.593851014617,8000,1080p
0.7374254460776917,0.6642615993102174,23938.604633899573,15000,1440p
1.1283383613198994,1.0098799905785631,15692.70601863836,15000,1440p
0.998736351078405,1.2364749562652633,15011.749399154654,15000,1440p
0.6383456358440658,0.8507591005137862,22533.292105476467,15000,1440p
1.0902051166435016,1.112612970611678,15232.50249039424,15000,1440p
1.0636139192161607,0.9097719639858137,17003.48233238361,15000,1440p
1.5312153532273696,1.431337581537028,11326.188169079409,8000,1080p
0.9705769875688282,0.81491842569385,18792.78532487809,15000,1440p
0.7047842838436656,0.7771472252051063,22642.363560741112,15000,1440p
1.254542864689258,1.1999162687328881,13670.804921170762,8000,1080p
1.450324710157526,1.659480319797978,10789.882863003828,8000,1080p
1.2171818053614356,1.1160480645139679,14381.10853680775,8000,1080p
1.128780803512833,1.4233563367099462,13147.581872136774,8000,1080p
1.3134877586132043,0.9522256391216202,14809.65422791182,8000,1080p
1.1473527877234047,1.575318756740203,12324.083699420506,8000,1080p
1.1010327885073696,1.5234746379003736,12785.039837333266,8000,1080p
0.9461097224726367,0.8629395173299581,18548.103203460338,15000,1440p
2.2813933197487892,2.2987897533698542,7326.002359367005,4000,720p
1.0278669320864104,0.9221539714406346,17207.21656845287,15000,1440p
1.1301876981989218,1.4245117927633413,13134.394913650394,8000,1080p
1.1193283437356605,1.0032546247171459,15808.301724223531,15000,1440p
1.6217542826326983,1.6641210362716574,10211.717957450805,8000,1080p
1.5722100910019263,1.3481058013161824,11490.000820892334,8000,1080p
0.9056922238085686,1.085786193827369,16849.006096602392,15000,1440p
0.8692912602820339,0.7203582939706571,21108.06869994327,15000,1440p
1.1047697236737966,0.9987205584598424,15951.788456072469,15000,1440p
1.5640313815759195,1.854301146949907,9816.02337396664,8000,1080p
1.7629178950138273,1.9421475246679418,9056.366946115088,8000,1080p
1.6192089646383518,1.6917103597370198,10134.475869879518,8000,1080p
1.6460504427722524,2.009716665618479,9178.492777339598,8000,1080p
0.690566252910562,0.513294451279147,27872.354237681277,15000,1440p
1.107220642582167,1.102228343471344,15186.787389888774,15000,1440p
1.0119311842350396,0.9941506561556472,16726.35249689775,15000,1440p
1.4297664666178744,1.743936393570229,10572.644471830376,8000,1080p
1.1900160538929303,1.1472374865778343,14356.350913149772,8000,1080p
1.3739369102336103,1.4295135418316613,11968.976293224947,8000,1080p
1.5559957424913142,1.2383650726382542,12007.909579294666,8000,1080p
0.81228247970992,1.099741304953254,17549.170815315465,15000,1440p
1.255487239950823,1.1220142770290213,14113.31675725886,8000,1080p
2.1430916217768465,1.940474160040282,8216.944159295203,8000,1080p
1.7357990425943368,2.0961000781505517,8756.60630478114,8000,1080p
1.0436392458611785,1.2383547717585752,14703.996478921155,8000,1080p
1.4737956799805834,1.1401783906458305,12836.558853837063,8000,1080p
1.6221318674861616,1.1669966032603316,12030.436156646223,8000,1080p
0.8568763010734065,0.9171160615022237,18914.642874382433,15000,1440p
1.5944670368021945,1.307806865454435,11561.42842820939,8000,1080p
1.49282245595571,1.1162022641362626,12860.909956735539,8000,1080p
0.9937666585735432,0.9861583218189596,16947.32494023492,15000,1440p
0.9187597430839338,1.2981868812128254,15135.426190354874,15000,1440p
1.3042502818117025,1.405732033169425,12381.790026638486,8000,1080p
1.4242459775653789,1.0268247494495837,13689.703699764012,8000,1080p
1.0573629288574966,0.9331433070334711,16857.235307771214,15000,1440p
1.2363489769551432,0.8374222975428591,16180.391932626475,15000,1440p
0.7580187104685615,0.5396545897935018,25857.38027685684,15000,1440p
1.4553030405610823,1.0574211611958546,13353.80619032451,8000,1080p
0.9163485424151045,0.9731596946795191,17758.28828965282,15000,1440p
0.9904384891265998,1.2527622434337107,14958.28327485528,8000,1080p
1.417436887702214,1.571318583323538,11226.891033840246,8000,1080p
1.1800818655008216,0.9651117186420826,15641.6801952195,15000,1440p
0.8883597378412479,1.2649056119199926,15583.045537662414,15000,1440p
0.8757048688196236,0.9812606327612281,18069.496698476523,15000,1440p
1.4664029585806573,1.48418143841265,11372.130901997754,8000,1080p
1.6918249729001253,1.1412609930969317,11843.77473988548,8000,1080p
1.2755954016092461,1.1540209292558872,13810.58876405066,8000,1080p
1.3668574299998466,1.3323507607204992,12431.21301845384,8000,1080p
1.4527181515902663,1.1801419767230394,12744.47952595797,8000,1080p
0.8630334767148333,1.1084125940165743,17020.21297876603,15000,1440p
1.3368971238280836,1.0823066937619015,13870.031022614283,8000,1080p
0.8624134717520916,0.9302107050331135,18718.05168899077,15000,1440p
0.8020772994070898,0.983150637906273,18795.600997874233,15000,1440p
1.3547771503151358,1.0586136949429066,13903.438834173718,8000,1080p
1.429612364326372,1.1421870927247662,13047.063956718455,8000,1080p
1.1132449937267703,0.9416817513446463,16328.772828753006,15000,1440p
1.6395548481971822,1.4255418514134557,10947.267015837526,8000,1080p
0.9052318553512528,0.8326548750302114,19307.60584876256,15000,1440p
0.9878306434279306,1.262324149121032,14912.054988888,8000,1080p
1.027204603561458,1.5404054377098424,13068.352070856601,8000,1080p
0.9317046875174788,0.8986797727197557,18331.90388627482,15000,1440p
0.8878009466494793,0.8704603696241532,19083.870918068944,15000,1440p
1.38954890328866,1.3953653614611226,12048.640931147222,8000,1080p
1.838257214742617,1.420130490547324,10297.86355550167,8000,1080p
1.0705801911775068,0.7140869289461662,18801.507363274985,15000,1440p
1.194844482655506,1.1798731391567645,14129.861879911798,8000,1080p
2.7872434851927665,2.5296770870483347,6310.877046985242,4000,720p
0.7864405989740233,1.0438931835592309,18332.4114542427,15000,1440p
1.436498621238226,1.2034417780158413,12710.299069433926,8000,1080p
1.2618034654380375,1.1823446161577373,13728.477522561743,8000,1080p
1.0907504011030467,1.2811791354493058,14146.470830146178,8000,1080p
1.3338362943546298,1.4172700682095387,12196.704735445268,8000,1080p
1.359617932236487,1.0889765043570405,13703.548247328683,8000,1080p
1.1880469561366716,1.0251636238238082,15160.975780532897,15000,1440p
1.077960020308354,1.210391116167567,14663.148266517392,8000,1080p
1.5667202852250772,1.5307268554162385,10832.931274188806,8000,1080p
1.303344024207808,1.171040742930827,13560.717171243405,8000,1080p
1.1999238318842709,0.8310183234321982,16521.60890558275,15000,1440p
1.9888924842551816,2.0275266403146723,8354.315363836331,8000,1080p
0.7338802531524633,0.8016375407651049,21852.193529058717,15000,1440p
0.9154366070096529,1.0276912625964316,17268.25729014027,15000,1440p
1.4380286302164755,1.0083914159505083,13715.728029850234,8000,1080p
1.147626981622693,1.2940399370436018,13742.428069725558,8000,1080p
1.4988354821547525,1.8907793277880087,9899.187335851479,8000,1080p
1.6894108921270878,1.3113873597117967,11181.835359787316,8000,1080p
1.0019543322203743,0.6748367795949277,20011.09843889488,15000,1440p
0.9558869656637405,0.9398014949206026,17700.393655219537,15000,1440p
1.4978024631572264,1.6315869598000847,10722.357452173737,8000,1080p
1.7543208212269592,1.6125376919670629,9966.09506116967,8000,1080p
0.8161603184760272,0.6189928633951357,23380.383657897404,15000,1440p
0.974857298470089,0.6718110358008358,20377.164788837996,15000,1440p
1.4488709639962563,1.1897669935544075,12716.572921260924,8000,1080p
1.5537378064973186,1.0681470293189492,12797.828318631526,8000,1080p
0.7289217284828632,1.0341079917996345,19032.25544866222,15000,1440p
1.4676965904937556,1.6017657901817854,10931.69677245407,8000,1080p
1.4630504606524666,0.9829012659648975,13718.354142010889,8000,1080p
0.7910921345919493,0.8650568784188037,20260.515048099805,15000,1440p
0.749278401600308,0.9689451141710461,19528.560569686164,15000,1440p
0.7185525998297397,1.0453395088119894,19022.950346911137,15000,1440p
0.7209351685102814,0.8942773968268412,20774.003818498415,15000,1440p
1.1047436823130792,1.0691362202452386,15435.274028023196,15000,1440p
0.9140943446174052,0.8727592967881002,18778.50050080583,15000,1440p
0.9445720741877713,1.3654213461513685,14525.769512829924,8000,1080p
1.1197444530159513,1.2760070142312228,14005.806720241959,8000,1080p
1.1949076213672654,1.3001071886942328,13448.590310841857,8000,1080p
1.3571594960168516,1.4382095991533126,12003.578367513368,8000,1080p
1.3999541142824539,1.5575159002526595,11345.65416896524,8000,1080p
1.168256471530233,1.43328088844848,12897.924325897267,8000,1080p
1.9278880393552105,1.4605233170931875,9902.703205188895,8000,1080p
1.1580983362098176,1.3784423601907165,13228.42249194553,8000,1080p
1.0609060166540956,1.5612236183278596,12796.633527324026,8000,1080p
1.6933382260634395,1.479092197241607,10576.885076345632,8000,1080p
1.311524790650585,1.3260041480982019,12721.919940684267,8000,1080p
1.2426697414733874,0.88828363257088,15746.206561206043,15000,1440p
0.9621958782531773,0.9831661193714732,17248.425763930332,15000,1440p
1.004509150104853,0.8008524143283648,18585.99000944955,15000,1440p
0.783455921571499,0.6522190288069268,23371.886506172916,15000,1440p
0.8133135849115427,1.059675794089408,17914.907781216505,15000,1440p
1.219666335994887,1.5246302388002102,12226.970039674135,8000,1080p
1.8034745824744125,1.5052319539246992,10141.25357775535,8000,1080p
0.9392425136989578,1.117881036681712,16311.3353078821,15000,1440p
1.654590262410346,1.157118048544395,11933.823956513572,8000,1080p
1.1317799735844172,1.007535593834594,15684.65751898488,15000,1440p
1.2994928815462148,1.913670830247754,10442.801864355035,8000,1080p
1.9796173533097756,1.5741228569495351,9442.004765326272,8000,1080p
1.1627427598448812,1.3169549991309066,13531.662025560443,8000,1080p
1.1970010494350694,1.128134754143938,14431.170836710155,8000,1080p
1.0862464861279104,1.2658367455706059,14265.835301997051,8000,1080p
1.087768793807432,1.0436498476722125,15742.769321331589,15000,1440p
1.4134866814316542,1.099017691401517,13354.974567532023,8000,1080p
1.4253736030349529,1.2559754973700719,12514.010948791232,8000,1080p
1.1900940134282063,1.375792269564756,13077.131368760674,8000,1080p
1.28468326928388,1.0320026882031577,14483.806875748174,8000,1080p
2.576851823518212,1.8447557608877596,7588.740375409847,4000,720p
1.649212142363704,1.6067762619758754,10305.451934435232,8000,1080p
1.4579904503059162,1.098725586115143,13124.035490061753,8000,1080p
1.4572664306820349,1.1318697745761213,12959.701359803268,8000,1080p
1.4674900160678912,1.0492549227638563,13332.472227231614,8000,1080p
0.9582089749775589,1.3948929315488894,14259.659518754826,8000,1080p
0.9473136239539128,1.2191194818182431,15488.330523845365,15000,1440p
0.9901675626383796,1.1491979314015492,15684.291484311352,15000,1440p
0.9301575991328034,1.1233111510974236,16340.366512145854,15000,1440p
1.605021520616491,1.2400217015811577,11793.997271535627,8000,1080p
1.2121651794292954,0.8137966173312947,16562.22346030998,15000,1440p
1.1971838722000383,1.3108098863234625,13378.99342291588,8000,1080p
1.001540905885043,1.4543293560596477,13662.94975754533,8000,1080p
1.9113735192487018,1.4088906220403186,10105.95259055902,8000,1080p
0.8134495172964272,1.0108226786321253,18393.32533537893,15000,1440p
1.3497660035754964,1.2046469487318487,13135.868250938447,8000,1080p
0.974379234071608,0.802038327476817,18888.820244915885,15000,1440p
1.0632461878855102,1.067259938968701,15749.512088728248,15000,1440p
0.8058351824008265,1.1080164537392543,17532.410227823973,15000,1440p
1.3082309949195141,1.2537794631225212,13096.91453236428,8000,1080p
1.3858568191893077,1.5864480197949848,11289.02781434301,8000,1080p
1.1551521053307359,1.1222443692433193,14733.68048761722,8000,1080p
1.2014190576562898,1.7784488970908072,11260.375462793882,8000,1080p
0.9084711951095608,0.9573404142127775,17983.826358646653,15000,1440p
0.5413528949498935,0.7644458741835992,25696.480034413104,15000,1440p
0.9124532810118569,1.1587176541854343,16200.706291199353,15000,1440p
2.449493257418312,2.1947511453522166,7224.949655961919,4000,720p
1.4637395619048241,1.6405302658223462,10809.12222909672,8000,1080p
1.573481418264051,1.6719957070393585,10338.828685123794,8000,1080p
1.105243952843468,1.1832655496973323,14662.133568921801,8000,1080p
0.8928293634746282,0.865318334764784,19085.10418868733,15000,1440p
1.1567422450733231,1.1961127852286422,14261.15573116871,8000,1080p
1.4263795054472825,1.3342234070682775,12154.747735676336,8000,1080p
1.1764089494174663,1.573872284994048,12200.363941027921,8000,1080p
1.3313375242178487,1.0891909998562075,13862.440234136817,8000,1080p
1.609354610056231,1.2236499642302499,11844.115009398107,8000,1080p
0.9148278579588415,1.1095526983446073,16575.16018691215,15000,1440p
1.2869742962749597,1.2044925688811372,13467.741622121765,8000,1080p
1.7134229092044588,2.134387963652023,8720.395338737204,8000,1080p
1.3018326251060486,1.578303815233583,11650.292510462868,8000,1080p
1.3129509923748817,1.5887446611588114,11563.732384937517,8000,1080p
1.8950953040543266,1.4184728848871955,10126.374375509244,8000,1080p
1.2445749577045522,1.5445197061575726,12030.581978718641,8000,1080p
0.6248114169364759,0.8291051435567979,23078.65039285054,15000,1440p
1.383418997825944,1.1130528052421997,13440.741433074418,8000,1080p
1.2535451084405553,1.2774642493709265,13257.332256177002,8000,1080p
0.7996624482238617,1.149624499528913,17213.695520140354,15000,1440p
1.2510941265589675,0.9787420417964108,15047.936021572456,15000,1440p
0.7886231512182842,1.0559352342765569,18191.038171447377,15000,1440p
1.3945623337771473,1.0099850392109047,13954.57306308048,8000,1080p
1.1671484086529689,1.1567645594168368,14438.764472264045,8000,1080p
0.7287050513681982,0.952483213621588,19958.759348230313,15000,1440p
1.0285359662427311,1.0242125557002717,16346.099700629418,15000,1440p
1.07761866812745,0.7203859101864212,18662.03924322963,15000,1440p
1.5838350676722996,1.1809345025426075,12136.42987158304,8000,1080p
0.9183263040412188,0.8558884541807124,18912.271947071007,15000,1440p
1.196154902951261,1.064794460866776,14840.859568538523,8000,1080p
1.4283439346627553,1.9016983871293458,10076.277944102012,8000,1080p
1.109708452509249,1.2673318424711648,14116.055193030068,8000,1080p
0.9693100718734147,1.1289132833609632,15991.830381781194,15000,1440p
1.0616198438818005,1.392091932524482,13674.968805482105,8000,1080p
1.3266485638902914,1.2894253694229127,12826.255241763753,8000,1080p
1.2186661873604867,0.8730951867278238,16041.233199759521,15000,1440p
0.8491003555196501,1.2197697730942334,16218.723222844848,15000,1440p
1.517859452560621,1.6073703232102186,10736.628794509606,8000,1080p
1.5923093016074106,1.461455011984136,10987.891845699274,8000,1080p
1.4298434632258352,1.1278151256781672,13119.19899926073,8000,1080p
0.666583337516842,0.9930499599798086,20217.979508252014,15000,1440p
1.2495257318730513,1.252318133105918,13411.880920987074,8000,1080p
2.145345248200185,1.8857461037265542,8323.907614736143,8000,1080p
1.3026367990950525,1.018574084402744,14455.572407724261,8000,1080p
1.014608635218135,0.9149425771094779,17389.75974601025,15000,1440p
1.008863006868298,0.8129989640680302,18417.658711408872,15000,1440p
1.4134259160449991,1.1148975299555115,13271.415907279934,8000,1080p
1.2945011194976168,0.9902360844912492,14686.342018424766,8000,1080p
1.2245349128530623,1.2561203924659998,13526.438730948243,8000,1080p
0.99706044592799,0.7481475603725444,19226.609022455825,15000,1440p
1.115948858232595,0.9381115903290718,16335.659460994015,15000,1440p
0.9917159363876101,1.0374254710779596,16536.270895930327,15000,1440p
1.2428399263680077,1.1432894020617237,14062.285560222155,8000,1080p
1.920283189691241,1.8453233135464857,8910.764300823621,8000,1080p
0.9595120539960114,1.1083853982124054,16226.352019615602,15000,1440p
0.9955272231491767,0.7101506436701681,19672.19757771171,15000,1440p
1.6192029557403966,1.781906745686372,9865.730583733857,8000,1080p
0.8721205232079005,1.1413422414792422,16665.03726241681,15000,1440p
0.8611794647742016,0.9120267729667256,18923.028402352396,15000,1440p
0.965582004094246,0.9042783937949765,17944.88617325532,15000,1440p
1.0724803668772942,1.1676332679978663,14978.897265571066,8000,1080p
1.3152410963798726,1.2373926945297178,13145.023825780905,8000,1080p
1.6582971015644883,1.1105440111075346,12118.583419768303,8000,1080p
1.2575080615283631,1.1102351806736206,14171.48253321362,8000,1080p
1.4436664547204718,1.0590052680903121,13407.444409974221,8000,1080p
1.0777749026606052,1.5401373479439147,12817.248550730346,8000,1080p
1.0970827509092478,0.9610738630860614,16303.148055805084,15000,1440p
1.729702199967841,1.2162039441686523,11390.190439972588,8000,1080p
1.0492056659192008,1.1113629406658112,15530.370985550895,15000,1440p
0.9721916660901282,1.311835692996221,14690.906335475054,8000,1080p
2.364797242387022,2.654902548251104,6684.549554652634,4000,720p
1.975544118586783,1.9769374453489077,8489.459459132331,8000,1080p
0.8540736888897665,0.9636715535996366,18459.37000173203,15000,1440p
0.9322380451918636,1.0085284926755813,17289.26758850156,15000,1440p
1.4323790633049278,1.5062407530457047,11418.432494500108,8000,1080p
0.860451052159652,1.0340074713777474,17711.885260673847,15000,1440p
0.8499607933828408,1.224519157008711,16174.864449119743,15000,1440p
0.9879914418277872,0.8370956705411435,18385.11256399534,15000,1440p
1.1561161810628542,1.299972188892448,13661.7364466453,8000,1080p
1.2172712338863434,0.8146025812753699,16514.033376294807,15000,1440p
2.027227586549804,2.002946879791388,8325.801346873826,8000,1080p
0.9591764603012002,1.1544325807382503,15875.42035848706,15000,1440p
1.1088850414897022,0.8610012709211241,17033.68960360699,15000,1440p
0.8417087235194662,1.022370337557069,18000.54123274245,15000,1440p
1.1171064349884792,1.4647190624360293,12996.398104160065,8000,1080p
1.732087917191808,1.3392774343444886,10924.92366081296,8000,1080p
0.8316864450943091,0.8783784818327602,19621.729837063096,15000,1440p
1.1622900058076913,1.3822741562330503,13186.710911266364,8000,1080p
1.958129631391488,1.4685371992314682,9792.148947815833,8000,1080p
1.3998851744646748,1.1694977895268954,13059.334661374398,8000,1080p
1.1597275439841785,0.8945080250849851,16334.266870476073,15000,1440p
1.1744018473785547,0.8623884905640311,16474.170843668766,15000,1440p
1.3443628550157636,1.2958382528102221,12709.043981740331,8000,1080p
0.9707420608642942,1.0140677584784186,16905.615678136786,15000,1440p
1.6114867173404221,2.1095150575911292,9017.580218869216,8000,1080p
1.008736572206341,1.1992806949600279,15196.63478133106,15000,1440p
0.803356027872171,0.7925574461234579,21025.2200678468,15000,1440p
1.2494641108870796,1.2341208764138503,13510.482698023448,8000,1080p
1.2750584313279811,1.4266433639041673,12419.739313648706,8000,1080p
1.2316798279531758,0.9818582508710743,15158.732673721555,15000,1440p
1.0524579953066975,1.0451557904301354,15996.477630038682,15000,1440p
1.2551757203945926,1.1346241029012816,14040.6872880774,8000,1080p
0.896895725045993,1.040815183349648,17316.531508707838,15000,1440p
1.3938373830852409,1.9361630117002586,10076.404811405855,8000,1080p
0.8696502765268534,0.9441141598728957,18499.88417823663,15000,1440p
2.0328254156590964,2.0936849406268605,8131.4304588830555,8000,1080p
2.4387259297484203,3.240124117851229,5908.66666996831,4000,720p
2.0650200608055886,1.8505034949291779,8569.590125656478,8000,1080p
1.8329786510258457,1.7131288748246984,9462.327849732044,8000,1080p
0.7704777012866991,0.7581924706171698,21950.079629152395,15000,1440p
1.1335583042786799,1.4458847427268302,13008.401964506846,8000,1080p
1.9404044641722689,1.5718097967708908,9553.640383827094,8000,1080p
1.1577147207196743,1.5119729483871132,12568.673252787843,8000,1080p
1.0943124431759979,0.8637332131062185,17136.695404595685,15000,1440p
1.1833821996346776,0.9906541080414009,15434.16357929541,15000,1440p
0.7276879419406432,1.0469166919274584,18908.116974123688,15000,1440p
1.0309921148246117,1.0094551913666356,16444.64520019073,15000,1440p
1.0880363975152583,0.8159882240097063,17622.898160384975,15000,1440p
2.394546412241404,1.9462418808155877,7730.0319054190395,4000,720p
1.6031044608547436,1.3678080386352003,11294.3184983606,8000,1080p
0.894454266716331,1.1857508923988664,16130.347457782565,15000,1440p
0.8138158826166965,1.0505118523808141,17998.140225084837,15000,1440p
1.3329233075471218,0.9028843536253606,15007.745336378212,15000,1440p
1.4912507230002676,1.3564232668012544,11783.101619135372,8000,1080p
0.8830328090911578,1.209529621783409,16035.092432571411,15000,1440p
1.2429803547746998,1.5712406819099256,11923.168636224029,8000,1080p
0.864722587768954,1.2850580246948864,15608.305240758324,15000,1440p
1.4288434578638012,1.0813271786051764,13367.39085084692,8000,1080p
1.2068012138028492,1.612497406588696,11901.694895782253,8000,1080p
1.1831953443157075,1.3414780854557757,13290.602897118906,8000,1080p
1.3931101731545288,1.0481517801201037,13744.707713562297,8000,1080p
1.0719793743666144,0.8637907256705273,17333.893110218094,15000,1440p
2.1961285227277756,1.7323645515649275,8541.298499308474,8000,1080p
1.1730109986223558,0.8422668121130747,16650.028011649203,15000,1440p
1.9779864546440156,1.3917717106415044,9957.51930974457,8000,1080p
0.8437468495910792,1.0249898640257422,17955.676557056304,15000,1440p
0.6997985479458192,0.9011958587045049,20958.494208736283,15000,1440p
1.2992865830283231,1.2412786491877632,13207.467210251914,8000,1080p
1.9802743934499882,2.053116312379648,8319.162324518255,8000,1080p
1.0816152419182736,1.1545282308894156,15005.491556348683,15000,1440p
0.8548497132396219,1.0930233697262102,17226.190090840013,15000,1440p
1.6781974219532183,1.1550681457468912,11843.023958829832,8000,1080p
0.8336310463918777,1.0199352446602086,18102.63391278791,15000,1440p
0.7458954711840159,0.8177533679600554,21459.05855586311,15000,1440p
0.6821261681684213,0.9706415336500104,20301.964978552198,15000,1440p
1.0780259186151535,1.5600900423106796,12719.08911396914,8000,1080p
0.760704202984139,1.125837794497766,17786.209925242783,15000,1440p
1.1495790177420877,1.4527764351845074,12893.869652689016,8000,1080p
1.207682249239876,1.4853602298129878,12459.674238707517,8000,1080p
1.2303588085258979,0.946604139772077,15413.414374477075,15000,1440p
0.7637022008482038,0.6697665667631495,23407.857051474588,15000,1440p
2.3527405525565057,1.7789710461620207,8121.19413426801,8000,1080p
0.6459457659965461,0.6890505737575806,25134.474905137115,15000,1440p
0.8823725164215589,0.9235366187575181,18580.354540746415,15000,1440p
1.247579804174175,1.2107875719374042,13649.07146346586,8000,1080p
1.0824139077564467,0.8456202847977496,17403.44239203984,15000,1440p
1.0067769676405995,1.1592139477260957,15491.492490548764,15000,1440p
1.258591229960057,1.2617324651071533,13313.540663714306,8000,1080p
1.0955547950553381,1.2135015250939192,14531.664605664986,8000,1080p
1.3684597301965997,1.4152801444318248,12053.723950941669,8000,1080p
1.3327046984546465,1.2956369513034025,12766.389028263826,8000,1080p
3.0630616063115204,2.35387233234657,6194.358723952293,4000,720p
0.9899809809380568,1.2544407693154525,14950.14562045213,8000,1080p
1.4422491581772996,1.5287016938535074,11294.17269796426,8000,1080p
1.3637334612142373,1.2814162446558517,12685.267652540175,8000,1080p
1.308961167030925,1.3642011988562317,12552.335925492544,8000,1080p
1.2791173959572728,0.9071130556052143,15348.076400646067,15000,1440p
1.1988397494259702,1.2427507429524902,13742.858233082796,8000,1080p
0.9965646994002856,0.8558926067805647,18113.47116505376,15000,1440p
1.1442824382681764,0.9210640565540218,16246.393563559724,15000,1440p
1.038203034935394,0.7585651975940169,18674.88048403636,15000,1440p
1.5661451561949593,1.7200674586894782,10210.669829462624,8000,1080p
1.2732682495765462,1.1225279974599933,14005.54493793238,8000,1080p
1.7877375968907998,1.5961796043679986,9915.854911437533,8000,1080p
1.499480714778103,1.4103847922024202,11531.265592690017,8000,1080p
1.1957662049579074,1.7041968156546927,11570.64133628567,8000,1080p
1.88572797521044,1.3634710602394096,10326.985707526657,8000,1080p
0.9571902517462108,0.878492570969613,18278.99220103693,15000,1440p
0.8404960565883864,0.8186189728822831,20224.29512359088,15000,1440p
1.3192046239571262,1.0033539019453175,14447.184699882742,8000,1080p
1.6402239678136514,1.8150300807405408,9711.133111627618,8000,1080p
1.1258591428233413,0.7925134026382334,17491.092686549342,15000,1440p
1.7611607402917289,2.2741422884918414,8315.219888235973,8000,1080p
1.274621170853822,0.8743928960531062,15613.872666871293,15000,1440p
1.0866663626392201,1.0635300669917074,15605.286818265009,15000,1440p
1.0802319633144186,0.8660221705425111,17240.51932185471,15000,1440p
1.1083465544626547,1.1865503385217078,14621.324427506052,8000,1080p
1.7152815727324993,1.1510436188196365,11706.428879351974,8000,1080p
0.6710298680705058,0.8295639212382973,22360.76960937956,15000,1440p
0.8061806289762242,1.1512369723597877,17142.193866601498,15000,1440p
0.9259408966084163,0.8554636244747179,18835.94186658859,15000,1440p
1.1977498725110616,1.0986925260675404,14611.484277057738,8000,1080p
1.8952489372616308,1.857503913847829,8941.284793129931,8000,1080p
2.2660404719302454,1.7055090349510027,8448.700423313974,8000,1080p
1.5895262927039968,1.0887353490875284,12528.436907140629,8000,1080p
0.8615420364886895,0.9785155119360783,18235.534007469058,15000,1440p
1.049715408739375,1.0056317197369962,16325.433078972846,15000,1440p
1.0853590246573777,1.06802879822539,15582.159257815554,15000,1440p
0.9137698458568205,0.8817621657476308,18687.738109451155,15000,1440p
1.056698577066559,1.57963199467381,12727.702800126883,8000,1080p
1.638835505231331,1.4328685442582654,10923.71903653137,8000,1080p
0.9322784447406586,0.9851853547658581,17499.382261420345,15000,1440p
1.0398884719956125,0.7407344103606122,18844.210266240545,15000,1440p
1.4843044709870776,1.1681221377232927,12650.46576210997,8000,1080p
0.8152547379517692,0.7410129886337984,21560.835212857633,15000,1440p
1.283542807064456,1.1007430081558853,14073.158421612763,8000,1080p
2.1244693971475552,1.432837427316485,9432.53805638637,8000,1080p
0.64609350174598,0.8595460467162074,22285.83330869027,15000,1440p
0.8546169175653411,0.8540049929266518,19638.301366706746,15000,1440p
1.1998759024378527,1.5331388098466123,12277.442872582493,8000,1080p
1.454068981759903,1.4267880746482198,11647.37831242344,8000,1080p
1.0755014969464602,0.8271741148066236,17635.392913395088,15000,1440p
0.6073111853041123,0.824252713909814,23439.0040279898,15000,1440p
0.7049284450897555,0.8733389400167046,21260.296142872285,15000,1440p
0.632095296683982,0.9148067558296104,21691.374670734145,15000,1440p
0.8913735556351245,1.2911399792434544,15374.214850798968,15000,1440p
0.8300296792627977,1.0129103441685294,18207.012476469954,15000,1440p
1.1203260393037775,1.4240701334943733,13187.581540456084,8000,1080p
1.1726061454159555,1.2695056189268696,13739.924801938594,8000,1080p
1.0638455076308904,1.4026570840313055,13604.053007455954,8000,1080p
1.231315150076388,0.9198135053172305,15598.5240194107,15000,1440p
1.9190856658373279,1.4342564314377402,10006.265697516037,8000,1080p
0.8712633729580421,1.255746784335182,15775.398102800067,15000,1440p
0.9412561518977621,0.7180100028575901,20222.45310303902,15000,1440p
0.7397818173980392,0.8359282661764887,21294.800578975253,15000,1440p
1.0522136424929862,1.5083227638429342,13104.454174903049,8000,1080p
1.650339892806069,1.468665097578567,10758.056528746389,8000,1080p
1.250853540994967,1.2961422634214437,13174.121426434103,8000,1080p
1.0247114410065048,0.9500204789257263,16991.89224689877,15000,1440p
1.1569808462186124,0.7913782748678719,17221.892841443256,15000,1440p
1.3840641593611276,1.3947908570964678,12074.912797276565,8000,1080p
1.7259254608091057,1.8830838322654997,9297.408035049457,8000,1080p
1.0157353327478416,0.9675345828750062,16918.741990528404,15000,1440p
0.6626892035012522,0.8638764267851029,21980.340271191497,15000,1440p
1.3924862950170658,1.0985453210647909,13470.094792605547,8000,1080p
1.0384688823740698,0.8749692912098357,17536.198693659342,15000,1440p
1.9221208655382915,1.3958970661313972,10112.794050849141,8000,1080p
0.9109432185121454,1.2261477995390826,15700.98405569906,15000,1440p
2.1908969840149637,1.5236443119708434,9033.263955434084,8000,1080p
1.4280230372471572,1.456998604957515,11630.565091483479,8000,1080p
1.7081137653177871,1.417144192231558,10736.531977767216,8000,1080p
1.4754345223690883,1.3199815780648283,12003.376525874462,8000,1080p
1.1946038796508727,0.929128375353572,15799.746847057128,15000,1440p
1.4079287196032269,1.351809973543026,12158.554026630005,8000,1080p
0.9968022685401692,1.0605572542718502,16309.464450888714,15000,1440p
1.3700036049476072,1.461653688106625,11849.75035019443,8000,1080p
1.1997819271623706,1.3424511580187586,13198.802342551258,8000,1080p
0.654079888318757,0.7646392457221604,23651.215518907815,15000,1440p
1.5768322679403073,1.2792870111684858,11748.26004132087,8000,1080p
1.4856407888319145,1.757474018892557,10346.35959235234,8000,1080p
1.711139689204044,1.2601367066620834,11292.935267376524,8000,1080p
1.5353864992483324,1.1104220838569678,12682.108680975796,8000,1080p
1.1458035735862198,1.6282575387466869,12095.779667875333,8000,1080p
2.3084946658434053,1.6368526802042545,8504.810617907675,8000,1080p
0.9902609847610157,0.974650227661254,17076.818427146816,15000,1440p
1.2803331781424463,1.096241229653229,14118.822406710367,8000,1080p
0.8479188674108188,1.2086411932972405,16315.804552018502,15000,1440p
1.1944888793379524,1.4086383375792346,12890.04693352544,8000,1080p
0.8508710109254538,1.1994118091652377,16365.757773123109,15000,1440p
0.8731953788372425,0.6479005885108239,22059.37871132484,15000,1440p
0.641804065409774,0.8178621681210224,22987.742834082666,15000,1440p
0.941982142073563,1.2285932732111489,15458.772712395577,15000,1440p
1.365585464981113,1.640482506282738,11162.233296372404,8000,1080p
1.2111027364869311,0.8699659698835875,16123.654109681223,15000,1440p
0.935704900728826,1.2993146346044675,15013.037456514334,15000,1440p
0.9258170267356456,1.3070775432957045,15027.324823280345,15000,1440p
1.3666473124888756,1.334685106189521,12421.437572061646,8000,1080p
0.9422882850214775,0.9523966837171591,17709.768406691088,15000,1440p
0.7557795640980102,0.6221989734390817,24350.475051645564,15000,1440p
1.0509207471629685,1.3937428274406667,13725.582672634348,8000,1080p
1.3219446856330987,1.555292809818477,11662.030698906108,8000,1080p
0.9119208884638051,1.2110648486103095,15805.302604738412,15000,1440p
0.7886614293234612,1.055971809086135,18190.300001820375,15000,1440p
2.162224229530707,1.6732837269997431,8748.367199413373,8000,1080p
1.4734668911378068,1.032386654014954,13390.420228231842,8000,1080p
1.043236450586537,1.24374087625976,14671.956562976071,8000,1080p
0.6862427441238083,0.8832559622055697,21379.075920664192,15000,1440p
1.6038812645099239,1.3531500992069472,11347.337201666813,8000,1080p
0.7550686984947214,1.01157078719279,18993.36693866652,15000,1440p
1.4506179020633692,1.0633955123855303,13346.958217148382,8000,1080p
1.3202837132535499,1.0399016546486979,14216.862987259114,8000,1080p
1.6831892112860924,1.2582441594157145,11407.510479149194,8000,1080p
1.26237747653491,1.0953999493497006,14231.382331354183,8000,1080p
1.250639877966559,1.1926895690848434,13733.077232173222,8000,1080p
1.3231519708204291,1.5065735407255558,11857.8398728391,8000,1080p
1.008683813683631,1.144164130226261,15586.06686316181,15000,1440p
1.5497286544723474,1.1418964108355345,12466.235521611132,8000,1080p
1.107931747726602,1.4222225654185536,13261.81246166347,8000,1080p
1.015593274355214,1.2491381165007036,14816.075820505434,8000,1080p
1.6271693988912532,1.9286722898265318,9436.424604184087,8000,1080p
1.3564087469517419,1.4304862688739797,12040.077509004495,8000,1080p
1.5104896043771698,2.250801797770355,8920.987079289298,8000,1080p
0.7293508504043803,1.030035315687817,19071.669794089787,15000,1440p
0.9822885142536516,0.9108220575793792,17724.496656056624,15000,1440p
2.0459172356955437,2.375639047917399,7588.828423231559,4000,720p
0.8383141307161436,1.1756665471395458,16660.751698832497,15000,1440p
1.0733912832899168,1.4400184601833237,13350.163890759677,8000,1080p
1.3803710992164988,1.461243220393524,11808.228783350494,8000,1080p
1.1536066938824778,1.538918249116868,12462.069139690844,8000,1080p
1.1128833818836423,0.9528704846044354,16243.189735399028,15000,1440p
1.288171669055683,1.3570039644418896,12685.143313388528,8000,1080p
0.9055839460007558,0.8881148864881845,18706.837174800297,15000,1440p
1.5573456335938123,1.0941117762160468,12655.089942555875,8000,1080p
0.7475798745337516,0.8498303283866568,21005.520021504373,15000,1440p
1.1797979365661397,1.2252744622260987,13951.526788486748,8000,1080p
1.4359784250396446,1.4323987270455298,11698.054412268455,8000,1080p
1.1131307437955222,1.3350053970636606,13706.113577582308,8000,1080p
1.1811983305251041,1.1849764033849788,14180.87663566232,8000,1080p
1.2683508044230185,1.1378888788825112,13944.758800546913,8000,1080p
0.8520172136849586,1.2368275387034489,16063.63132618329,15000,1440p
1.5099616726524225,1.1759158065314572,12492.912375956821,8000,1080p
1.0135529843615982,1.1551416581338687,15472.179136012292,15000,1440p
1.4423553724842038,2.0845146833374297,9513.940539037816,8000,1080p
1.05970488738452,1.1337712217506826,15297.377464133462,15000,1440p
0.8279423687298689,1.0362734658834691,17999.220571452563,15000,1440p
2.1578444871039735,1.5987337917795763,8932.179635019434,8000,1080p
1.343898214274884,1.6622070805271851,11162.094707068243,8000,1080p
1.378662029050569,1.1314301186303535,13367.808839608135,8000,1080p
0.9868917264897342,1.1059518409602802,16032.938401069203,15000,1440p
0.9629327675962447,1.4085332774787815,14149.235688904175,8000,1080p
1.5834453914405795,2.3113925101109514,8615.103593048994,8000,1080p
1.2530657754037555,1.7488399523473606,11177.71010921698,8000,1080p
1.5167350846844059,1.6219211365854735,10690.699979376557,8000,1080p
0.8618303010852245,1.1085989031701033,17028.996488448323,15000,1440p
1.3330045551966119,1.1133323145782417,13716.194369865403,8000,1080p
0.9172115571387706,0.8672988844961079,18803.158119522755,15000,1440p
2.220284451152757,1.6928421914537033,8574.839269104263,8000,1080p
1.2391290963494834,1.332671078932958,13047.060313041222,8000,1080p
0.9452469832427453,1.3071831759382067,14896.991084598758,8000,1080p
2.0675285208980054,1.8974780160801341,8462.642290010679,8000,1080p
2.123170974259274,1.4468513822641769,9398.94170093542,8000,1080p
0.7502146419875931,0.6657660512511144,23696.95586968244,15000,1440p
0.8359419312706601,0.96856012150315,18594.842798001497,15000,1440p
1.3835828924063482,1.0565976070479712,13750.799175513264,8000,1080p
1.1990414491339758,0.9726364727392329,15450.9246799623,15000,1440p
1.3890157195382091,0.9693528806025005,14227.81493868177,8000,1080p
0.854641826157112,1.0146286733592533,17950.549162724983,15000,1440p
2.0570683305011173,1.7277722164354263,8865.481011388714,8000,1080p
0.764942256480637,1.0347640117667878,18644.393583557223,15000,1440p
1.8802167918144383,2.1916588534836348,8240.534565132506,8000,1080p
1.537540083930462,1.573922817047824,10784.133723545292,8000,1080p
1.622338968438703,1.1968573706814216,11902.126692769609,8000,1080p
0.9538391596382213,1.3775458664554305,14392.488424025812,8000,1080p
1.0824803807106669,0.8715507730954162,17171.902267086334,15000,1440p
3.374625284324252,2.53021811369453,5682.526993223618,4000,720p
0.6501976374404077,0.6257281033625521,26298.107269850734,15000,1440p
1.2195487345542844,1.4883299296721233,12391.408981238788,8000,1080p
1.208898710638479,1.2984687554844256,13382.335239391374,8000,1080p
0.7089685015753938,1.0430852409973848,19151.48558783789,15000,1440p
1.125435732243843,1.1344737168155417,14847.68870450361,8000,1080p
0.919192023268822,0.7349396257730472,20285.224588644985,15000,1440p
0.7656421290919273,0.8305204135974358,21021.939246528345,15000,1440p
1.5212722421189735,2.0089908723669434,9504.796359884425,8000,1080p
1.9474842630152158,1.5950043699686833,9471.994260638325,8000,1080p
1.1735287655565367,1.2279056620315238,13972.662178288672,8000,1080p
0.9389570139007714,0.7511246667991288,19853.73392492153,15000,1440p
0.6947764860207263,0.8130655400918357,22253.280793949118,15000,1440p
0.9465283040795563,1.077157868158349,16580.847594018807,15000,1440p
2.3134548929898107,2.562920840819522,6881.018574380427,4000,720p
2.007755130608817,1.7769070130007885,8865.898916936772,8000,1080p
0.9572337993500861,1.291941766410516,14918.54727163236,8000,1080p
1.3438638897662656,1.2488599266992761,12941.768724808546,8000,1080p
1.385241276154615,1.758883704585422,10672.105023033228,8000,1080p
0.839140226340358,1.1592972996006314,16790.333230057055,15000,1440p
0.8775944363696132,1.295700382043076,15439.429439447693,15000,1440p
1.3314763939308456,0.9879258447106176,14466.844707218072,8000,1080p
1.058535671953426,1.4737744414794374,13250.52244668121,8000,1080p
1.2060967391930628,1.4565780041427905,12601.776497103181,8000,1080p
1.384616669458788,1.024588379284311,13927.594920783356,8000,1080p
1.1699837432468325,1.3041604264704076,13562.03587919244,8000,1080p
1.9211839148502163,1.4666432921765893,9904.410688480108,8000,1080p
1.2366084377322164,1.3983540762232705,12734.310952162125,8000,1080p
1.1912983778829918,1.2952395392819978,13494.438097391603,8000,1080p
1.6749917633565683,1.4342019449870154,10792.004341818913,8000,1080p
1.8170310803342182,1.498466299888695,10120.482133436042,8000,1080p
1.1980993257017958,1.4664533993443256,12592.894741619046,8000,1080p
1.005628645430694,1.446774068909623,13682.268333741411,8000,1080p
0.9277067187204915,0.9652120110400568,17726.292984720265,15000,1440p
1.3554491627750636,1.1755909053397524,13257.171398709705,8000,1080p
1.4041970659345633,0.964763510007572,14164.200257598379,8000,1080p
0.7445152411734769,1.0505351845200437,18692.75175767622,15000,1440p
0.9341159346043082,0.7771778002141805,19607.64030002074,15000,1440p
1.0135471725771523,1.2650127451731288,14726.157402579835,8000,1080p
1.5206167876251953,1.940330880625635,9695.157285333491,8000,1080p
1.022634994762049,1.194631538025791,15133.242442355788,15000,1440p
0.949909376753379,1.2234709087298499,15438.822291764514,15000,1440p
0.6835530290185615,0.7605785292383956,23235.024404909236,15000,1440p
0.7857302788050933,1.1141796807203068,17661.064321375492,15000,1440p
1.116870250143158,0.910369202960877,16551.785211472023,15000,1440p
0.6092249879104726,0.8725602734939301,22644.598292331415,15000,1440p
1.9120216322849934,1.4941851934036796,9850.967283296399,8000,1080p
1.4188260516073976,1.2683514521776287,12486.868453139727,8000,1080p
1.2923215734113207,0.8955816362581375,15336.342051927106,15000,1440p
0.9114368206895695,0.7425911293534007,20286.49636732456,15000,1440p
1.8197127186164306,1.9995888251843896,8785.4890783533,8000,1080p
1.0360924262241842,1.473729801747815,13369.24648528308,8000,1080p
1.331609216194834,1.078215400692535,13924.014123210474,8000,1080p
1.3484841080504313,1.1469680719948276,13446.233219099971,8000,1080p
1.4532456819520043,1.7709527309340223,10407.0617570849,8000,1080p
1.099600569688961,0.8231672746973295,17451.109398342323,15000,1440p
1.0906874127996775,1.4727836200156212,13089.452375496236,8000,1080p
0.975094801368048,1.1370118044045532,15886.713250312432,15000,1440p
1.6983752588237584,2.143902055261153,8732.954250073808,8000,1080p
0.6743830724022388,0.5699234118208347,26966.372373242826,15000,1440p
1.1192073919551977,1.5667289584491397,12492.638552268283,8000,1080p
1.0802682005424078,1.38859769830297,13591.030608706818,8000,1080p
1.4886076044737186,1.0803918524138596,13061.284193750756,8000,1080p
1.0859694651020324,1.1002690135367117,15348.020048065655,15000,1440p
0.6481712134792676,0.8836266283925645,21905.26130980641,15000,1440p
0.9918968412433637,1.1163104355091258,15916.097231050113,15000,1440p
1.5159495504586018,1.944967858032304,9695.242052780171,8000,1080p
1.2213078683549907,1.0410711048575252,14831.481549863252,8000,1080p
0.6877498179494519,0.7944644662312446,22638.043876730975,15000,1440p
1.6349308717996,1.110226869542929,12223.134392120612,8000,1080p
0.9508693609676503,1.1379658273898743,16063.704875818488,15000,1440p
1.4271673303393217,1.5047060214748404,11444.707179877823,8000,1080p
1.1150997920658117,1.2622211435601873,14114.388805129673,8000,1080p
1.4738264299967065,1.0568853930819806,13258.890915197142,8000,1080p
1.173681180885187,0.9645315706642421,15692.747120549722,15000,1440p
0.9284715307373541,1.1105419616263164,16456.208909683548,15000,1440p
1.868938104826274,1.4389622276745027,10143.725211524981,8000,1080p
0.7409580670506042,0.7552118216966555,22426.88631308779,15000,1440p
1.8729458101893448,1.869909214951434,8964.929652528534,8000,1080p
1.2231182632753241,1.7591358749323924,11251.365727055587,8000,1080p
0.9462112367267611,1.151435396036156,15996.227141367346,15000,1440p
0.7028122199713802,1.0394623647736614,19258.980354643834,15000,1440p
1.318253826059554,1.5352160962665442,11759.167930057249,8000,1080p
1.2615360665043593,1.5586032037538597,11898.147142544372,8000,1080p
1.0335692638454939,1.1708952661925096,15221.125830235764,15000,1440p
1.2764185597061555,1.8713825848128718,10659.641590900748,8000,1080p
1.3906731385023292,1.7481154797132725,10690.249035972247,8000,1080p
1.3834897742266867,1.0128812723989333,14002.1855326823,8000,1080p
1.6827239076213907,1.8506767046169021,9496.356536471072,8000,1080p
1.254096599364942,1.3657818940343571,12807.629088348689,8000,1080p
1.5298024278031799,1.0803983843205243,12855.115148286057,8000,1080p
1.3850370775550418,1.089952488903932,13557.403414838276,8000,1080p
1.0836117647927972,1.2881522149374638,14147.458299715016,8000,1080p
1.191531586229195,1.3905069679517077,12995.325707150192,8000,1080p
1.6292168657180452,1.4534208821689871,10884.974085261752,8000,1080p
2.0036739613923293,1.6573005340359335,9165.437246804635,8000,1080p
1.7412938765008905,1.5340048513917213,10244.693625729078,8000,1080p
1.42299881386525,1.838818490055084,10287.035990541648,8000,1080p
1.1308463816715504,1.0974797084295105,15058.133613863585,15000,1440p
0.9013433170022798,1.267374116405287,15472.016539876324,15000,1440p
1.2366717040910988,1.1505447622254044,14055.88159827617,8000,1080p
1.1540910414768333,1.1318874208356546,14678.367514476253,8000,1080p
1.355921117900914,0.9689931017993374,14432.546248663804,8000,1080p
0.9525639942958802,1.086239555155192,16457.903464526633,15000,1440p
0.9851444845227366,0.7801364761938561,19007.98385452422,15000,1440p
2.766353582643763,2.038822217162222,6982.976981061713,4000,720p
0.7644460098527182,1.0430965017598257,18563.564499551074,15000,1440p
2.2125268665328557,1.9252913212106302,8109.208881963599,8000,1080p
1.5306475259646553,1.778558531632515,10139.722766119927,8000,1080p
1.2867919737995719,1.3837431707662449,12564.684673137066,8000,1080p
1.0738417793677526,1.5988941701773312,12554.338562966228,8000,1080p
1.1059145306903915,0.9581588506368659,16256.414284274892,15000,1440p
1.1632070412059794,0.7977927598691412,17110.879859143148,15000,1440p
1.5099689142705919,1.3593364084880757,11694.270293877054,8000,1080p
2.6848442240103036,1.8250420033908963,7440.194787205436,4000,720p
1.7686222972720056,1.5387081907565439,10145.47294909173,8000,1080p
1.2648150843215629,1.065500749169759,14399.09196760172,8000,1080p
1.1362632552179515,1.2924510719601188,13815.71789836106,8000,1080p
1.3564915234794004,1.17385394263717,13260.810608401796,8000,1080p
0.9174682166641179,1.1570276372612713,16174.740449110972,15000,1440p
1.1659823940781429,1.179849818357922,14303.849960843914,8000,1080p
0.8541093195727909,0.7033138613911918,21544.83919985777,15000,1440p
1.043807685096768,1.222091791484675,14808.43803831205,8000,1080p
1.382505175122972,0.9586518480879909,14332.414129992507,8000,1080p
1.0068104466336005,0.6988429215870693,19672.480132938053,15000,1440p
1.3718001591348155,1.0365375197415396,13932.610984874558,8000,1080p
1.114920123989476,1.0945173593222457,15186.866455123829,15000,1440p
1.0937277000040606,1.3943320415914673,13486.184209741852,8000,1080p
1.1207388758768255,0.8446164439084085,17072.959613056988,15000,1440p
1.7702126805280933,1.283680330755245,10987.428792045144,8000,1080p
1.079947810858616,0.7825720164835104,18015.610629972845,15000,1440p
1.7393206215378312,2.2971972216688012,8312.717372591662,8000,1080p
1.027931679452491,0.7146432031631442,19255.661455210586,15000,1440p
0.9842489130272427,1.2036562029169633,15336.328689701586,15000,1440p
0.886254221847454,1.0935970428425374,16947.955939131625,15000,1440p
1.5297210218356572,2.280163940808333,8807.203453385595,8000,1080p
1.1916431657426738,1.7857772544783832,11269.631850482428,8000,1080p
1.2274620178717515,1.607432581523916,11836.218534245687,8000,1080p
0.97728591682323,0.770101441372042,19202.62948145369,15000,1440p
1.0506921953954342,1.4006502598228487,13688.18621346486,8000,1080p
1.354890377009885,1.1604407717422356,13339.96599876985,8000,1080p
1.062553703248732,1.09944903670262,15520.069137726912,15000,1440p
2.0880590377830157,1.4557505333031657,9468.463619989472,8000,1080p
0.9592068631539823,0.8033642361576501,19037.207641214925,15000,1440p
1.535389525704254,2.2888592504650003,8774.123746628075,8000,1080p
1.5661066181260968,1.5108867238175943,10904.941373322623,8000,1080p
1.7344795463539762,2.1386892726999975,8663.302212630048,8000,1080p
1.0763286124177527,0.8156625063921843,17734.983883595472,15000,1440p
1.7155243729391745,1.3406594581435782,10979.192959119951,8000,1080p
1.1610099184474,1.656710693439697,11908.360203791734,8000,1080p
1.2942154514243436,1.3342219858155442,12765.923785972012,8000,1080p
1.0890473507554885,1.304973913257089,14015.92897456558,8000,1080p
1.626584284954919,1.2262957412627253,11761.599398375876,8000,1080p
0.9453448329321147,0.9267730986136514,17923.246946464984,15000,1440p
1.0225969931239358,0.6896477367744829,19596.75005219065,15000,1440p
1.4682357390623706,1.7576915315055859,10401.484344094468,8000,1080p
0.6083430654827546,0.772182374208801,24305.551375784074,15000,1440p
1.4603664360062756,1.2609984578297881,12330.001050576253,8000,1080p
1.0813087083586908,0.8496408675128231,17377.16635342772,15000,1440p
1.1084650619397785,0.7461033837742539,18092.851777752057,15000,1440p
0.7762453825806789,1.1483659279833973,17434.394059632577,15000,1440p
1.003035791789221,1.1432006647043345,15634.079785793983,15000,1440p
1.2483690754732613,1.395332691289584,12692.21529517933,8000,1080p
0.970993314707413,1.1409815096453348,15887.704537521346,15000,1440p
0.7664165824647531,0.951529606445743,19531.71305166425,15000,1440p
1.6966541547792688,2.3866449249139565,8217.480851909802,8000,1080p
0.8089316201301883,0.8996546281656964,19638.711264044545,15000,1440p
1.1286225701760033,1.2538207918389523,14084.041843337372,8000,1080p
1.1215199966519591,1.6308077332124558,12191.292350803353,8000,1080p
1.9301264552885633,1.4160998722216598,10027.5440797713,8000,1080p
1.5557606427091617,1.906640117056424,9691.088446466183,8000,1080p
1.0680975204050465,0.8610616546956902,17393.29363438756,15000,1440p
1.0247293176180097,0.7906140122310459,18483.79391836035,15000,1440p
1.0300770820337612,1.258471284835266,14661.884575289077,8000,1080p
0.8459025452556846,0.7617728128871312,20871.397841640137,15000,1440p
1.9162339446617582,1.36346205821738,10230.95798224703,8000,1080p
2.093815803886432,1.5091998862422003,9312.87423808084,8000,1080p
1.2766436478800758,1.910626470962637,10527.63987640417,8000,1080p
1.4852344393218981,1.36724931651103,11763.233333541655,8000,1080p
1.343325052971604,1.4810633831092357,11880.246913402814,8000,1080p
1.0348233966746194,1.5224934416802693,13120.952201443068,8000,1080p
0.8202748887496412,0.964549042930259,18799.855495224183,15000,1440p
1.036385226014344,1.033258462813903,16212.661233005396,15000,1440p
0.6913016557007838,0.9615267421582359,20301.21943903221,15000,1440p
1.405331413960553,1.1896416358834545,12930.551244845132,8000,1080p
1.7227047612335797,1.6333698969647374,9998.118462005084,8000,1080p
1.0623723896869481,1.497323945349262,13108.754949061304,8000,1080p
1.187776523842449,1.7760178696005466,11321.443914677333,8000,1080p
0.7445180379509337,0.7509637208510545,22437.20580509122,15000,1440p
1.454585305380564,1.7284744594713068,10541.565185334028,8000,1080p
1.5217474357103618,1.4420779883745303,11321.325381490793,8000,1080p
0.6863393040574629,0.9745074588124808,20203.207634892173,15000,1440p
1.1342140350452865,0.8721008596656354,16724.409557271745,15000,1440p
0.9556947923645828,1.2918124752775766,14929.621133195118,8000,1080p
1.091418993725923,1.5009662685192022,12943.458863417667,8000,1080p
1.035286283173189,0.7597951415461397,18692.428954996525,15000,1440p
1.4747015650930766,1.2186891488850196,12458.063297634462,8000,1080p
1.4201104801960645,1.2923742692174223,12370.36706188132,8000,1080p
1.4965027017845312,1.0927840483576496,12958.947863985126,8000,1080p
1.0716613757186881,1.5717490605433897,12693.614105362973,8000,1080p
0.8448383015490692,1.0974965055786627,17275.307983395156,15000,1440p
1.3900902652123226,1.3265490095156287,12351.449201278368,8000,1080p
0.9114196941342265,1.073901791752712,16901.25868204646,15000,1440p
0.718682406722874,1.061120365558864,18852.893434356574,15000,1440p
1.325728682299669,1.9781477828220826,10156.079488511832,8000,1080p
1.4810820919608416,1.8381487020646248,10109.09878891132,8000,1080p
0.7806440328766916,1.1518522352288119,17363.25836887366,15000,1440p
1.016613459046642,1.3925984793022828,13927.555092141642,8000,1080p
1.304800046126747,1.10774583204114,13908.308357427628,8000,1080p
1.0537422910700354,0.936895046942599,16856.12510086809,15000,1440p
0.9300137111934853,1.1774730489359184,15921.538694715071,15000,1440p
1.1231027033130518,0.9553843386463126,16143.681111607337,15000,1440p
1.3407689692179847,1.0843395421241908,13836.260044887356,8000,1080p
1.1784861774285382,0.9179741743152865,16005.278598323883,15000,1440p
0.9074094636944176,1.3115956962385527,15121.385297280509,15000,1440p
1.635702424078596,1.5214637057892717,10628.022289534794,8000,1080p
1.2594663621625641,1.6209733953337313,11649.065706955045,8000,1080p
0.8166475713374266,1.1904780544238556,16717.654126543846,15000,1440p
1.2246582067305702,1.6787051266694846,11557.090224978923,8000,1080p
1.315469346542209,1.7533274070675273,10934.067875472983,8000,1080p
0.7549777574270127,1.0442364825407076,18649.49223645651,15000,1440p
0.6963122475782273,0.9255869612114025,20688.358325940964,15000,1440p
0.8866588775725859,0.862704354911882,19180.940457028795,15000,1440p
0.9740204858472091,0.7059191740531464,19973.593576563493,15000,1440p
1.5982492233397865,1.4047891644610824,11173.494197179403,8000,1080p
2.0677020225714373,1.5875481171251051,9179.790908314055,8000,1080p
1.008187599687948,0.7614294811894611,18961.408297078084,15000,1440p
0.9676692294488293,1.2726133013095615,14977.767999932135,8000,1080p
1.6476415263787394,1.4507849336542633,10829.50731050838,8000,1080p
1.4715519975493714,1.5736733703946166,11018.70237691294,8000,1080p
0.9141429675409929,0.9961617841846506,17564.962851968587,15000,1440p
1.4044881951364923,1.1536878485429203,13116.545314738707,8000,1080p
1.9062275933757744,1.391644889542749,10174.569263607573,8000,1080p
2.1047195538881214,1.613795913960979,9023.609634037339,8000,1080p
1.4161049197401783,1.0219128953397691,13762.997051315511,8000,1080p
0.9431674843194117,0.896005267801176,18244.306828334287,15000,1440p
0.9371116146956531,0.7402311713186529,20004.516834470003,15000,1440p
1.0409158745905946,1.0131248168425229,16335.816588223895,15000,1440p
1.2190380261478977,1.072487962133369,14642.83284221757,8000,1080p
1.2021646413865026,1.7924986247556538,11204.742910285919,8000,1080p
0.9727112522832045,0.8459393121738367,18450.180950521237,15000,1440p
1.1079956857180866,1.3905239328338252,13429.725246443102,8000,1080p
0.9524090664157797,0.717119924166853,20098.142763181466,15000,1440p
1.2083813153788892,1.2990687524176108,13381.894391814154,8000,1080p
1.3955824871834068,1.7264438271987628,10747.64547801072,8000,1080p
1.0018375409660287,0.9937065589475067,16814.67826316335,15000,1440p
0.9656980668499133,0.690716851271137,20257.262617546563,15000,1440p
1.3007805204458291,1.0742958151682158,14127.727811041046,8000,1080p
1.4379832263080905,1.3235165011882275,12150.800402367498,8000,1080p
0.808863552061444,0.8963899507324189,19677.093138952594,15000,1440p
0.8150479525106477,0.8237235304233753,20475.357515939213,15000,1440p
1.3879607050361824,1.4569528688137185,11794.534747356916,8000,1080p
0.6995219510306138,1.0012117866583736,19729.385768283086,15000,1440p
0.9724976549268026,0.741847415972727,19572.740966551,15000,1440p
2.0151603473157547,1.69337562194359,9047.89174977353,8000,1080p
0.9797351412604742,1.3575434411730578,14356.19709699463,8000,1080p
1.1155810405119975,1.1016807440786893,15133.274849723823,15000,1440p
1.1577048000882084,1.6327795801781027,12024.590510984233,8000,1080p
1.4627067794348696,1.6249646245025937,10867.2289276672,8000,1080p
0.9586776628383594,1.2652240688308987,15088.091133781383,15000,1440p
1.0737123758381568,1.172997257096055,14934.921499480899,8000,1080p
1.6000733424195877,1.5455988704372097,10666.85583541044,8000,1080p
0.5765821656658429,0.8428702580187716,23638.99729227938,15000,1440p
1.504646818275838,1.2329138723852098,12257.055017800356,8000,1080p
0.894786720575352,0.7381902929253529,20548.012447564997,15000,1440p
1.437984786332907,1.3473577253117273,12046.788450511762,8000,1080p
1.29472471209573,0.8704513684340678,15497.32250496207,15000,1440p
1.0532130802323931,1.1428604028730343,15279.28471343832,15000,1440p
1.0240983311385483,0.9993366153295205,16582.90623999041,15000,1440p
0.7065828897109886,0.7950639659726954,22345.088575917554,15000,1440p
1.3609050227514408,1.2269908501117326,12965.912713820415,8000,1080p
1.3767323053298959,1.2311666516603934,12866.461681753317,8000,1080p
1.0262751161164496,1.2630526547131329,14656.892921820843,8000,1080p
1.6664272165257732,1.3581703756235688,11093.850000771681,8000,1080p
0.9796502202377528,1.4470726295407577,13827.055694910752,8000,1080p
1.0475613212425674,0.7963170027703754,18197.747412623994,15000,1440p
0.7765245143960481,0.845000201757261,20693.136321474085,15000,1440p
0.6081420885862863,0.791040401255547,23981.45505937047,15000,1440p
1.1942478917215156,0.8701654822351199,16253.736980830485,15000,1440p
1.0405177310344298,1.0023161299150605,16425.43362993024,15000,1440p
1.1414284996407937,0.9835233146521294,15790.679004721442,15000,1440p
1.4885258250524964,1.0375918034627836,13283.004568445825,8000,1080p
1.3345225943970558,1.0978511133441708,13794.932864637658,8000,1080p
0.8113599476285654,1.0296107257544564,18226.48914789033,15000,1440p
1.0446063791507272,0.9069611245751705,17193.57999963541,15000,1440p
1.289152228438319,1.679720649461975,11302.077717699736,8000,1080p
2.0174550436616236,1.5713183350533773,9349.833065250425,8000,1080p
1.0404508142105162,0.8896800999422272,17384.536848750056,15000,1440p
1.418650178150014,1.1420743177778434,13103.491630341057,8000,1080p
1.0634318258443918,1.3161746576117188,14100.832315461657,8000,1080p
1.2457532625465624,1.0430432285537417,14660.295107263652,8000,1080p
1.3770144036538878,1.2787873042074323,12634.389043683881,8000,1080p
1.2826781988896125,1.2606141435337386,13193.30516602271,8000,1080p
1.183870262496893,1.3467835002952764,13259.19511129728,8000,1080p
0.8450846464374904,1.2409988522144328,16084.894023505612,15000,1440p
0.710185491686855,0.6842735794498495,24062.686883056263,15000,1440p
1.0917045686415452,1.3774737016888479,13589.311230861507,8000,1080p
0.7804797609665718,0.9792273746868932,19068.191132577074,15000,1440p
0.883719672919087,1.160155839372268,16417.062486541894,15000,1440p
1.3683483921710393,1.3703635013126987,12251.902830610481,8000,1080p
1.1011690802690428,1.0357531429921634,15702.224271312884,15000,1440p
2.2363665476842023,2.993250147595159,6416.231619860154,4000,720p
1.2620425778859021,1.3033654466060167,13079.569284751686,8000,1080p
1.0951134162341807,1.2068472453523313,14576.457608478102,8000,1080p
1.4036067473683136,1.4220982118310694,11874.71179209987,8000,1080p
1.2092895241754977,1.1665948787490632,14122.922798220592,8000,1080p
0.6605406961728001,0.9226562955836427,21194.097875826417,15000,1440p
1.0737118136141195,1.4525945381356116,13282.012285153007,8000,1080p
1.1191778873584495,1.6045228961621083,12319.426642976821,8000,1080p
1.0338032435514273,0.8525023847286293,17788.43867978866,15000,1440p
0.8779053459574199,1.0983696078607523,16978.625335089477,15000,1440p
1.926571562074636,1.9004674591270494,8767.726645615427,8000,1080p
0.895976750538392,0.968562689634513,17996.096664433328,15000,1440p
1.0927551344179354,1.088502250741155,15383.06860451166,15000,1440p
0.9028098216772612,0.6054190120160746,22247.57361111592,15000,1440p
1.9286845132012054,1.7591018105163625,9098.800487489902,8000,1080p
1.012784507797266,1.0963287516078588,15909.26037298918,15000,1440p
1.0139640670427774,1.2387022481657708,14895.429373388391,8000,1080p
1.9468177342078645,2.4699208281910705,7597.106218977796,4000,720p
1.1929784187966805,1.2376569834475384,13804.798518535117,8000,1080p
1.5316640289445274,1.2793333706108223,11936.842063712946,8000,1080p
1.7730772172907843,1.7523523776953898,9517.827854999781,8000,1080p
1.3491363798741132,1.1348672677105416,13508.205606955118,8000,1080p
0.8899357679473321,1.0675945988615012,17141.2063735698,15000,1440p
0.9503644778639573,0.8022968652585516,19144.846282864917,15000,1440p
2.0784093795105214,1.6645553045455892,8964.667003921159,8000,1080p
0.9265533949755784,1.1520918950037375,16142.452087308215,15000,1440p
0.7832930950661244,1.1033646009214948,17785.11919324882,15000,1440p
0.9419637738825549,1.0451291654502146,16886.191549383184,15000,1440p
1.0716681390110716,0.9633748509477227,16488.31605305764,15000,1440p
0.8588830815722355,0.8797681367457797,19299.11626120207,15000,1440p
0.9340787823568226,1.04967724375872,16914.59612889193,15000,1440p
0.8977171241014034,1.2812435703452745,15399.282825760545,15000,1440p
1.4610746061539444,1.3728067183258097,11840.450660424161,8000,1080p
1.105081970455402,1.2830924358515947,14050.243529695805,8000,1080p
1.4462274952759266,0.9826735640534794,13814.65575599198,8000,1080p
1.4968347018548327,1.2432709201437806,12245.671017428022,8000,1080p
0.7886092764240363,0.7740749738896854,21472.304461546646,15000,1440p
2.1022548707974056,1.4827017756036804,9359.787386462558,8000,1080p
0.942496345331204,0.7579407952000995,19732.82704794126,15000,1440p
1.3089593316486543,1.1640648564479663,13568.177845371334,8000,1080p
2.368898346004242,1.9669613643725405,7738.818652203152,4000,720p
1.7450857174726375,1.8518335972717381,9328.658516874359,8000,1080p
1.479942301633102,1.0146130748880013,13451.067198514098,8000,1080p
0.9522922576916002,1.0240846379823931,16977.74957471212,15000,1440p
0.9655434074945494,0.8586871941379611,18393.744721732008,15000,1440p
1.453785016053836,0.9998293316993787,13675.511814122681,8000,1080p
1.6049228691789474,1.406553343136135,11142.187297639292,8000,1080p
1.581274281854071,1.3722350417105036,11360.868825531024,8000,1080p
1.3850944221367356,1.0043435902930338,14042.813341652334,8000,1080p
1.068346083775727,0.9292089129741701,16797.75127823485,15000,1440p
1.419320387254751,1.1766772352579011,12925.447892946391,8000,1080p
1.1668131291932213,0.9371405119912017,15948.275353210965,15000,1440p
0.8653071978014555,0.9691517222500436,18291.18746309022,15000,1440p
1.15681368315319,1.5406321766897082,12439.334742367819,8000,1080p
1.1222135907810966,1.5653942611843712,12484.869016683886,8000,1080p
1.9712880453855768,1.5029770002997613,9657.994297720888,8000,1080p
0.7989278662498561,1.0011951655419389,18640.077043290094,15000,1440p
1.8727016163400874,1.5556995797768944,9787.195278663377,8000,1080p
1.6240448999100583,1.4196317066317274,11024.3091949655,8000,1080p
2.2367154980632913,2.484152325975459,7107.68300462474,4000,720p
1.1860893502433412,1.405449649466129,12947.68552731087,8000,1080p
0.8559417407059191,0.8530738629029166,19633.7774383949,15000,1440p
1.4780417551776508,1.1011953342035352,13009.440713358548,8000,1080p
1.5702458297974993,2.218368878484772,8856.649351713393,8000,1080p
2.0104855645955,2.1531193681318292,8058.985552699999,8000,1080p
1.0627750937364173,1.2286405440590975,14643.538014902204,8000,1080p
1.1184119747954788,0.8926284534881936,16685.110616417154,15000,1440p
0.9438807158638107,1.0325013198774293,16977.705419901493,15000,1440p
1.7430565102746427,1.450519042489216,10506.853977811967,8000,1080p
1.2402773577457236,1.591749017320614,11848.206039117138,8000,1080p
1.3654311301912745,0.9129216871912418,14727.495997985501,8000,1080p
0.7502703881133295,0.5126354829447481,26569.22639205699,15000,1440p
0.953964362752659,0.8704088371238582,18392.307013867085,15000,1440p
0.9370297989470044,0.8284504877319616,19005.83781828515,15000,1440p
1.1976226201180726,1.258188269197334,13663.280078277441,8000,1080p
1.3742124813378636,1.4044422515599024,12075.783148850309,8000,1080p
1.2714783081745842,1.0619547398307518,14379.856336003719,8000,1080p
1.6534300318785726,1.1968303179440805,11772.409493079396,8000,1080p
1.1862964150707307,1.0025185156119738,15329.953907767876,15000,1440p
1.2659818501566567,1.009251494163467,14747.688224491367,8000,1080p
0.9598251098268491,0.7822013678242119,19261.72330356575,15000,1440p
1.342785463821687,1.2926473610497924,12732.038427743393,8000,1080p
0.9331296664569899,1.3104771793955516,14955.575689220075,8000,1080p
0.7891562441964514,0.9325298678657908,19489.285395819552,15000,1440p
1.5013432430591749,1.5184807079157094,11111.386804243235,8000,1080p
1.139837053459714,1.4544421260023972,12934.00967237345,8000,1080p
0.8878726025080522,0.8747462450259093,19036.69193538082,15000,1440p
1.184941869150149,1.0463978644680032,15037.79612510685,15000,1440p
1.0740938405376126,1.1058750331973826,15392.16105526789,15000,1440p
0.7919510401297076,0.7659324536834335,21538.47327688848,15000,1440p
1.0091139519258219,1.2901462987645633,14593.57721246423,8000,1080p
1.8557132003189016,1.298277032089318,10638.724132756624,8000,1080p
1.6478690149919717,1.5272132441936495,10568.051238019389,8000,1080p
1.501479378171107,1.738608068253467,10356.02666743677,8000,1080p
1.014486901959771,1.5128415980564083,13276.64053160687,8000,1080p
1.8307104220415809,1.3055860965481376,10698.743502444164,8000,1080p
0.8192938323890049,0.9523591261517232,18939.618980253366,15000,1440p
0.9087954110695348,1.1046360058038447,16665.296726176082,15000,1440p
0.8973675901873501,1.1030783774505655,16773.475786311974,15000,1440p
0.9032219124694314,1.1179075671779297,16601.822069239446,15000,1440p
0.9210903308504352,0.7992542473450093,19504.48324439568,15000,1440p
1.2544073148477302,1.0863079579640567,14335.119008170823,8000,1080p
0.9080895023163728,1.1903124732540977,15990.469123952244,15000,1440p
1.3945413223578516,1.878155630133061,10252.838098700546,8000,1080p
0.7448897253633302,1.03207165154589,18883.03957307351,15000,1440p
0.9133749611198133,1.0661066205919085,16951.12109655721,15000,1440p
0.6710861945620267,0.8314377346898382,22332.044998915517,15000,1440p
1.8932370881581668,1.4703896111146613,9975.670607934593,8000,1080p
1.1544285037731745,1.074334151552356,15055.184059111525,15000,1440p
1.3975326737303646,1.1264346738949353,13294.320955288913,8000,1080p
1.8521573318682025,1.4901430276400014,10039.322739066245,8000,1080p
1.9411689598263482,1.3034755413873633,10341.48178250296,8000,1080p
1.7109096672222759,1.5595836405811625,10259.746418052195,8000,1080p
1.7361310889374826,1.180200944993301,11505.696748382108,8000,1080p
1.7529560558766222,2.0181462219871293,8897.77829600736,8000,1080p
0.7483975797812931,0.9639872131953221,19595.147152453268,15000,1440p
1.3164073659483202,1.4135018043308831,12291.40967960051,8000,1080p
1.19732899509547,0.8726229884807084,16210.246549791587,15000,1440p
0.6987952987506231,1.003732107836738,19708.600208238844,15000,1440p
1.3210888173297965,1.0199541248619253,14333.112560757132,8000,1080p
0.7236254936643292,0.6493406727287994,24439.372812914742,15000,1440p
1.2223972542355772,1.7708776430471656,11209.939999316566,8000,1080p
1.4216120413893085,2.003341492526542,9797.047366548131,8000,1080p
1.526363569453225,1.7100998728431338,10367.62274570672,8000,1080p
1.3361661366454445,1.68951843399489,11089.864530359413,8000,1080p
1.488548199644785,1.3749589328219916,11717.949510080123,8000,1080p
0.9022748864725932,0.7978119200532957,19736.893358150435,15000,1440p
2.569211676118474,2.3267938843656837,6853.430124920417,4000,720p
1.6494304309000294,2.444424684274038,8196.292017181779,8000,1080p
1.4066260936066888,1.1226681121118265,13266.322250743442,8000,1080p
1.3891995659587302,1.7168254000090584,10803.014260236305,8000,1080p
1.3444696888516003,1.5106577190194255,11752.341386761591,8000,1080p
0.9630065417064245,0.7165019350874556,19978.72143167397,15000,1440p
1.225323274871376,1.679258883878054,11552.24062053968,8000,1080p
0.9813202260142015,0.7905229641655607,18937.58555270105,15000,1440p
1.2950624774365918,1.032376191057153,14416.89203424446,8000,1080p
1.1163486366690856,0.9322723356192777,16379.033727512231,15000,1440p
1.0607450096134903,0.7890366142270833,18139.672038871948,15000,1440p
0.7976766157503051,0.8153276325489957,20802.444900798433,15000,1440p
1.5827943791399914,1.0849056154854615,12578.038035611673,8000,1080p
0.8018528491528275,0.5503672163943102,24814.327826457113,15000,1440p
1.4396167094269843,1.209877139802361,12664.4687285309,8000,1080p
1.104865583345139,0.8681954752992402,17006.28161150475,15000,1440p
2.1450586649697985,1.522595112235269,9148.745775445066,8000,1080p
1.0586704719005,1.2508468763804512,14528.763780439083,8000,1080p
1.1654121014366965,1.5718716352968174,12258.2951667413,8000,1080p
0.9643029003365655,0.9679414317289246,17365.52228057602,15000,1440p
0.7420649330826551,1.0574551636725205,18646.322461474057,15000,1440p
0.8300424802902627,0.8517198215894589,19951.946813468167,15000,1440p
1.0395522536681745,0.783155042267667,18409.11707261916,15000,1440p
0.9949259477625487,1.1522976288007865,15626.892497941175,15000,1440p
1.8972738941781557,1.4574761608355815,10002.066159847667,8000,1080p
1.0142570869188374,1.1620003037030127,15418.411509868352,15000,1440p
1.5751381577641148,1.3189228325553681,11594.238031692566,8000,1080p
1.0891854321490566,0.8506248169849062,17297.790861235284,15000,1440p
1.3899365330093094,1.1903716444601657,13004.04048360884,8000,1080p
1.6931788821434284,1.2680786058138531,11331.142981134793,8000,1080p
0.990519503046996,0.9238375394419163,17527.781524169015,15000,1440p
1.2399184969326074,1.7646099780366407,11167.952735193643,8000,1080p
1.3749195807079428,2.005576646483339,9925.889498145965,8000,1080p
1.2660194197734955,0.9981999477783008,14819.426280361242,8000,1080p
1.5591888714005018,1.2299612087650198,12030.34294877697,8000,1080p
1.5100638874327645,2.167479802743296,9124.142315327217,8000,1080p
1.3528905786525727,0.9046884171524849,14863.015674024915,8000,1080p
1.7045168457316413,1.168980789211311,11677.208845402845,8000,1080p
0.7631210514750443,0.8726747261499502,20512.60460441923,15000,1440p
2.3015867746545213,1.8705500213644735,8042.505229458741,8000,1080p
1.0896261017120867,0.769835597742383,18045.239657178325,15000,1440p
1.5258636180923146,1.0243814518651388,13157.336287119966,8000,1080p
2.014699397279655,1.7858491921781496,8828.83910314299,8000,1080p
1.8077110805517174,2.059340292112151,8677.007043970454,8000,1080p
1.2373286631743248,1.181519925959248,13872.06795445561,8000,1080p
2.084977353267907,1.5544009837403872,9219.825171455795,8000,1080p
2.0063997870884567,1.4405530854481943,9734.520093773988,8000,1080p
1.6712074101386296,1.1608373039672601,11848.129315498301,8000,1080p
1.008171342657535,1.0819661377286474,16053.696139547887,15000,1440p
0.870522216360951,1.053752922044273,17437.439859982194,15000,1440p
0.8608525534107847,1.095158652191056,17154.519311496333,15000,1440p
1.9507247344977043,1.4011382693281622,10010.681212716769,8000,1080p
1.2744041007076141,0.8636886995414204,15693.627515181637,15000,1440p
1.3155892232628037,1.1057664509764618,13857.70473829378,8000,1080p
1.1781335299035163,0.9268499536197725,15940.47281731499,15000,1440p
1.053880830416011,1.2481812308315883,14575.815554605519,8000,1080p
1.5684135773378134,1.3837721208620197,11365.962520738662,8000,1080p
0.8286969180490025,0.8531555227547698,19950.87748837469,15000,1440p
0.9527702155917257,1.3148809268538264,14796.999137977267,8000,1080p
1.2992580317715117,1.3170733737488893,12824.99301472317,8000,1080p
1.319215237602172,1.588001656010816,11541.771126095693,8000,1080p
1.1673169054234838,0.7984620931428714,17069.279926416595,15000,1440p
1.7565013568049404,1.854367255885244,9292.620584995791,8000,1080p
1.5800474184985136,1.2560189442727907,11831.32822294461,8000,1080p
1.3929909763009312,1.430348623759455,11884.660279366439,8000,1080p
0.802380216134681,1.0792908352717046,17832.25180348126,15000,1440p
1.2342293011731698,1.4439676976243858,12528.739302995677,8000,1080p
1.6133239265485384,1.1543709574231766,12123.602277953596,8000,1080p
0.8901801065123219,1.1808705403441269,16201.647241669685,15000,1440p
1.03026571137484,0.8543312716950786,17804.56633510122,15000,1440p
0.9462371653959862,1.4070842650098796,14258.329341016977,8000,1080p
0.928158727970107,1.130039189737892,16302.82088583885,15000,1440p
1.0295081449059813,0.7495923351432987,18860.335532634203,15000,1440p
1.152885382985958,0.9886999136122987,15668.03435440962,15000,1440p
1.682956044679153,1.5260932154550975,10456.191002376901,8000,1080p
0.9215854399797224,0.6698622859424136,21084.218760975942,15000,1440p
1.726884862106484,1.1758713333567075,11559.507495821823,8000,1080p
1.005289765617274,1.4914527263814596,13439.284230364683,8000,1080p
1.4887054395326418,1.5686597121751724,10974.950761526416,8000,1080p
0.5976853175224676,0.8886730130177923,22574.92780210252,15000,1440p
0.9729801508763162,1.1896912035721425,15515.270931471376,15000,1440p
2.2023365859527,2.4372780015811615,7232.159345769172,4000,720p
1.1325745235013351,0.9972252275990843,15754.735619000416,15000,1440p
1.1860484880957347,1.3523489214156117,13218.746550194199,8000,1080p
0.8151512435726813,1.0352335522423306,18133.759029953966,15000,1440p
1.0464796558127714,1.0715512796063815,15842.27663481207,15000,1440p
0.8751623716445358,1.1578656725375545,16504.657717842412,15000,1440p
0.9378533596406727,0.8230127656414282,19055.640584047458,15000,1440p
1.0785160734752186,1.2380776729309566,14484.383397846228,8000,1080p
1.6487357720585571,1.2130906996248807,11724.831093711273,8000,1080p
1.2413763179963953,0.981702678753333,15093.675055658636,15000,1440p
0.7995618358638727,0.686113786204994,22585.301597177735,15000,1440p
1.3938814325460094,1.534206565217956,11459.502592006746,8000,1080p
0.8682884731214275,0.9030921278493618,18942.53103009641,15000,1440p
1.3800325662117605,1.5802218222695044,11334.982605064166,8000,1080p
1.3108044260036698,1.3494330615460512,12613.32198987473,8000,1080p
1.516064952417039,1.06130651797521,13018.85753972956,8000,1080p
1.2735681520222837,1.0206871625884015,14625.413216355082,8000,1080p
1.7782399635418005,1.2076662278696644,11237.60421426318,8000,1080p
1.0375665982490792,1.1189076380523573,15559.857583807317,15000,1440p
1.2721582356245085,1.7117173773112628,11245.251596458646,8000,1080p
1.4956167710015853,2.0637910674427347,9426.970306011728,8000,1080p
1.5281274835095324,1.9842037413215614,9553.322238740058,8000,1080p
1.199638788362774,0.9155432458270218,15863.61431670006,15000,1440p
1.430831987606388,1.047425845681868,13539.524237265732,8000,1080p
0.7256206946511993,0.9567782009670266,19944.397305176462,15000,1440p
0.9264616419951421,1.0351747709919257,17105.326847448363,15000,1440p
0.993848761382113,0.7319277023125614,19443.092837275173,15000,1440p
1.4053526912865415,0.9606669841773394,14181.805987484584,8000,1080p
1.2342978958841133,1.0916041196194657,14426.416838000443,8000,1080p
1.014602056850247,1.4467144854411826,13632.717053435797,8000,1080p
1.1605740478064346,0.9802114704634313,15673.88779195308,15000,1440p
0.7068311895149372,0.7711317584409677,22703.16183934612,15000,1440p
1.3088045080554322,1.091932254138587,13976.722699632759,8000,1080p
1.1022928336249491,1.37156902368801,13563.583552901335,8000,1080p
1.0201469221429118,0.9091990025779162,17391.610063319906,15000,1440p
0.9728388629041106,1.0847399823407122,16307.725984618342,15000,1440p
1.3739140210421292,1.111060308285677,13502.929025861038,8000,1080p
0.8862643656744607,0.641558289800213,21962.255815335517,15000,1440p
0.9117198378504753,1.2826585967981692,15291.087202728824,15000,1440p
1.175653738219941,1.541700042146157,12348.20149015685,8000,1080p
1.6123068746832623,1.187631964236101,11983.987483437437,8000,1080p
1.3292594197609082,1.1636072300981057,13460.179268673555,8000,1080p
1.3462482716313102,1.3080419411696804,12641.583741738263,8000,1080p
1.753965303691915,1.4481770632580393,10478.744588723783,8000,1080p
1.8274023195505833,1.4322232806026605,10293.952777405637,8000,1080p
0.9493015829910249,0.900006456136672,18144.317382531546,15000,1440p
1.490432837953829,1.684728817234123,10567.786980286446,8000,1080p
0.9141414384748263,0.9205498429339161,18288.870907063825,15000,1440p
0.9474458654119061,1.3464517613503202,14627.693759534142,8000,1080p
1.9716066078699932,1.3411037277006173,10128.996682778268,8000,1080p
1.2793233017829773,1.5880295574697783,11702.233260800846,8000,1080p
1.8629683653270326,1.7465571267466116,9296.078410772836,8000,1080p
2.5263587475960247,2.6923339789599754,6429.662323143474,4000,720p
1.8861692672645005,1.3984165837299458,10215.726889842446,8000,1080p
0.9522157789220586,0.8141328363431327,18996.494638722434,15000,1440p
1.0507124471991751,1.000465573336074,16358.615226992373,15000,1440p
1.178097395108446,0.8765645462248515,16330.877272309861,15000,1440p
1.0803374502191163,1.0830573328724316,15510.082700694062,15000,1440p
1.3089969665291843,0.8795648010024824,15331.727209072016,15000,1440p
1.8715646083996653,1.8684856378586707,8971.652729416914,8000,1080p
1.7050609098315819,1.4596360261912558,10602.73153427727,8000,1080p
0.7580600923523495,0.7011326228815471,22995.202518278405,15000,1440p
1.049389960619447,0.7552658698350403,18593.25830097454,15000,1440p
1.0081942677596638,1.0259561008497213,16495.551419307787,15000,1440p
0.852722589376181,1.136702786418557,16866.393888534592,15000,1440p
0.84309871749582,1.2576514217469303,15972.595394945562,15000,1440p
1.4475832820848684,1.6564513294650836,10809.941318033536,8000,1080p
0.8320632561317732,1.0826198562520655,17524.796548826143,15000,1440p
1.3350385008592618,1.1555137403825062,13472.687480456161,8000,1080p
0.8402209940206882,1.1643350929288079,16739.083639741224,15000,1440p
0.8887537921354838,1.0835840001170156,17012.5179022602,15000,1440p
0.6807328514373727,0.686835912450871,24535.828022715817,15000,1440p
0.6662588101848351,0.8405701048229829,22268.242708778856,15000,1440p
0.870964209345345,1.0095089144199232,17843.611576226103,15000,1440p
1.3590488857649463,1.2373167012114585,12923.616060970744,8000,1080p
1.0596919132841176,1.2761780445370743,14364.854467882391,8000,1080p
0.9506677207080336,0.8185514019171312,18965.673370188302,15000,1440p
0.6957051480023025,0.6004503931452189,25887.65849065719,15000,1440p
0.7063950632746725,0.8429377151903135,21657.34338444987,15000,1440p
0.8725547119112047,1.1964099559864692,16217.982124409831,15000,1440p
1.2744599529933125,1.6904820963453373,11317.061663139266,8000,1080p
1.1373401636612432,1.0365807081425737,15434.983138166439,15000,1440p
1.2824099592009441,1.0577444638226792,14338.554614120556,8000,1080p
0.8007523990876984,0.9789972440648576,18853.45623138512,15000,1440p
1.312304183980669,1.5960131037099212,11537.404169076955,8000,1080p
1.3003999322767312,1.0782751991543973,14106.35338833008,8000,1080p
0.9694638204983543,1.2112474244130187,15386.921160836082,15000,1440p
0.7611624714104113,1.0602203879146308,18422.503444681817,15000,1440p
1.5104364074448235,1.5143243365851382,11093.251612124079,8000,1080p
1.415379271785448,1.2545737414499882,12567.42415827719,8000,1080p
1.4919231374857267,1.687398508786567,10553.959533896817,8000,1080p
0.8877143772989508,0.6524961247844595,21785.614339476084,15000,1440p
0.7854971695312912,1.120170149981584,17607.70710418498,15000,1440p
3.3991037319341655,2.3729870619611533,5813.219715027327,4000,720p
1.2120664744172764,0.9001890789413716,15885.592984544832,15000,1440p
1.3436668928044706,1.7817287082582554,10736.059137150673,8000,1080p
1.1263260190200872,1.0740035041361786,15249.730391231491,15000,1440p
1.3978480451598632,1.4403689818146912,11822.363012094222,8000,1080p
1.584499505603258,1.0866555150303228,12561.768875563464,8000,1080p
2.081433223973712,2.234390600196485,7774.745533421191,4000,720p
1.714268969504266,1.305866077543669,11110.242249861692,8000,1080p
1.7136760383294292,1.4222543489856918,10699.992619647463,8000,1080p
1.150288266084886,1.095076354356346,14943.867777433086,8000,1080p
1.732450600576699,1.3266225071236488,10968.823175731319,8000,1080p
1.1813272586426784,1.020502784689965,15239.337886957306,15000,1440p
1.1501393484119378,0.7836721103631834,17351.44956750511,15000,1440p
1.0543862294351567,1.1562992989808198,15178.292691879506,15000,1440p
1.1265926991244297,1.1893024376791141,14488.752736150507,8000,1080p
2.3094530675665257,1.7570022388597946,8251.518699092327,8000,1080p
1.3026379499697072,0.9865957257173239,14657.495369025553,8000,1080p
1.0701457173357614,1.3880419188350925,13650.069468361704,8000,1080p
1.2108246485522132,0.8379810762736744,16377.556736303799,15000,1440p
1.2413152391499074,1.2535649053419549,13449.316222296564,8000,1080p
1.0905348620395667,0.7850688034540609,17889.937313152474,15000,1440p
1.7912070404654605,1.8809395138609621,9137.552519647421,8000,1080p
1.5459354553993567,1.078924202935746,12783.32420304822,8000,1080p
1.514596218027433,1.5046090443085958,11113.663724220645,8000,1080p
0.8652737396437603,0.72272094593777,21130.06567632953,15000,1440p
2.179824121263508,1.4708864980094178,9191.20563072257,8000,1080p
1.6892650737307966,1.7507179795498187,9754.243401867949,8000,1080p
1.5936442761190317,1.2406740543673618,11838.625054597085,8000,1080p
0.967378195717376,0.896544368740014,18002.052574414804,15000,1440p
1.0976459375013912,1.0892576779821006,15343.35201717686,15000,1440p
1.0306784329507768,0.9957641902392769,16558.29364029965,15000,1440p
1.8790717857009127,1.5205839569016766,9869.949942141075,8000,1080p
1.4373225695581002,1.814451432180229,10318.80812813637,8000,1080p
1.0434675773742315,1.3733747797215956,13883.583222333262,8000,1080p
0.9658698456636714,1.2644940981857145,15044.375198286427,15000,1440p
0.9330510898610854,1.0045108291673701,17317.863068254912,15000,1440p
1.3477636067582504,1.029110412843525,14117.042688540032,8000,1080p
1.3168421755800876,1.8917250742919003,10457.761794252161,8000,1080p
1.0256179905121594,1.062610161071874,16068.374509053123,15000,1440p
1.0626622609581822,1.405374220681487,13595.598059274926,8000,1080p
0.7687740559660237,1.132448904960176,17648.867434071817,15000,1440p
0.7681905521108758,1.023843239628377,18724.21834603568,15000,1440p
1.026800630567472,1.2705509362447394,14605.701837163693,8000,1080p
1.7390178479733351,1.4740463706849432,10443.125227671848,8000,1080p
1.0178220562401092,1.305433637557711,14442.849355573366,8000,1080p
0.8255006603953459,0.8043322784381761,20587.65116381501,15000,1440p
1.2661098638598196,1.8675319160163346,10707.807195922094,8000,1080p
1.2027411417532854,1.1283508000670996,14394.29796741386,8000,1080p
1.3642405227674768,1.319245661820424,12504.04499665904,8000,1080p
0.9349428350347672,0.8197923551413181,19122.219801514817,15000,1440p
1.9510578149236837,2.220885321719119,8042.878558263747,8000,1080p
0.7113114415383921,0.9222934681440056,20540.114565720534,15000,1440p
1.344264548324981,0.9373439614056138,14706.480913310585,8000,1080p
1.7709515419766717,1.4357764624612663,10463.759930234957,8000,1080p
1.115651834647411,1.2171994823707029,14383.44216591128,8000,1080p
1.1401320566682178,1.0662594766772957,15207.832106354212,15000,1440p
1.262211640389396,0.9985503127920592,14842.089832934671,8000,1080p
1.1231029672716948,0.9317235392684273,16329.569378827176,15000,1440p
1.9137720947708219,1.598357406012698,9553.870947103274,8000,1080p
1.6600612558684482,1.670960493187666,10073.315195107345,8000,1080p
1.1894185819277285,0.9037180479981886,16030.693610855016,15000,1440p
1.051664374927742,1.2572091862767576,14532.814859942018,8000,1080p
1.0015638628698489,1.231403612027771,15026.83419136611,15000,1440p
0.7736609023636396,0.7900638370652564,21458.01697315012,15000,1440p
1.631906065815497,1.3490258491631995,11256.356386871654,8000,1080p
0.9671211266246847,0.9051123075846778,17922.141217486547,15000,1440p
1.0872593837616356,0.8680413229330428,17160.752760490643,15000,1440p
1.3334547669124743,1.1237313813665912,13655.632896799638,8000,1080p
0.9525047791560425,0.6919563303409598,20404.515379669527,15000,1440p
1.4117886812834664,1.3218204618945182,12274.773108561878,8000,1080p
1.3854128650553938,1.1479364139714916,13245.087157065444,8000,1080p
0.9057214070837865,0.9350875721744853,18228.090137587384,15000,1440p
1.046195050759933,0.826564138822208,17917.109784673827,15000,1440p
0.7652307058010003,0.8961030142173146,20197.285828659453,15000,1440p
1.3964520258292217,1.4940196055002517,11608.6356414322,8000,1080p
1.1388777390455191,1.3046171704593854,13732.14729012827,8000,1080p
1.9941282433118617,1.6385911691673778,9236.725491303483,8000,1080p
1.5708181811185016,1.6933191925149784,10279.724214746768,8000,1080p
0.9410781883028199,1.0344508834053945,16985.03579650484,15000,1440p
1.3026477580103655,0.9604613065872218,14826.696832645339,8000,1080p
0.7740391776759904,1.1121422744427631,17789.609776041536,15000,1440p
1.3226863700761446,1.8342194550131616,10628.898630211996,8000,1080p
0.7914512669768522,0.7899315375052133,21218.41207890821,15000,1440p
1.0852716881785154,1.2264925457189448,14514.64275984137,8000,1080p
1.2020398863245962,0.918255020303677,15825.360847260059,15000,1440p
1.4228181673761187,1.0486280562386012,13576.840830840949,8000,1080p
1.4215707479221622,1.527140096447744,11379.356529334455,8000,1080p
1.535297773929869,1.5328498404519095,10936.381236259751,8000,1080p
0.9405901237880422,0.8108572372930888,19158.11616472879,15000,1440p
0.9062013028174588,1.0327159164147597,17305.75790816229,15000,1440p
1.286780483249067,1.5692542058147676,11748.608001326005,8000,1080p
1.2544590845939751,1.0125932076404598,14800.907819787577,8000,1080p
1.7286078936972795,1.2383633510929895,11309.321604959443,8000,1080p
1.0416863611329923,1.4124335340671132,13672.694665663032,8000,1080p
0.9937814090515585,1.1608395593582839,15573.241183466207,15000,1440p
1.6551483816508195,1.4449815070022511,10823.556820252641,8000,1080p
1.725195951486033,1.9526149440260065,9123.479415688776,8000,1080p
0.9867363350704949,1.3585961305730696,14306.897845629142,8000,1080p
1.0084409048952747,1.3793914926447834,14052.255943326565,8000,1080p
0.9429766387803766,0.6386315077838505,21215.38895262474,15000,1440p
0.9286021055913101,0.8713448944636628,18641.90001093099,15000,1440p
1.3001403056998404,1.3368766970342625,12724.38970443126,8000,1080p
1.0066359720478686,0.7720760787929737,18864.454189838074,15000,1440p
1.206032654948858,1.486240106263624,12463.236445956742,8000,1080p
0.7652393489691487,0.7539113819474899,22087.625221859078,15000,1440p
1.1181222673267779,1.362623782458367,13525.94394049569,8000,1080p
1.5419740068712255,1.0909315631360275,12744.259567162359,8000,1080p
0.9218320235800874,0.7820243527493216,19693.22794230215,15000,1440p
1.2202354678749587,0.8958632680173524,15856.742141028148,15000,1440p
1.0139256335531774,1.152195558320182,15490.560789436076,15000,1440p
0.8183506966553202,1.2149198760987936,16502.68904179817,15000,1440p
0.6969566586314282,1.0076348137669027,19684.735341770476,15000,1440p
0.8657539824891755,1.0119376933046795,17870.043539397262,15000,1440p
1.482035678121059,1.6701462277886088,10644.827297908349,8000,1080p
1.570952946520845,1.3443095574914357,11509.917873199747,8000,1080p
0.938553745663402,1.3911767186140747,14402.709890479238,8000,1080p
2.2657618757802003,1.6806071026739358,8502.608900281766,8000,1080p
1.3013472150077865,1.2421765970455487,13192.104528760903,8000,1080p
2.504173922317278,1.7553963627221756,7877.421841787783,4000,720p
1.37061801148486,1.218048010851256,12962.055247945478,8000,1080p
1.8648520440968783,1.925810599825098,8851.864476466098,8000,1080p
1.3824221525299332,1.1110362450874454,13456.984897788108,8000,1080p
1.3691478191969877,0.9451404839144988,14498.812423191674,8000,1080p
1.3595146378451493,1.8598679488028653,10422.629525040855,8000,1080p
1.0107748899319409,0.747301326355134,19085.880173536756,15000,1440p
1.8861176260944654,1.770584042115895,9176.146988338263,8000,1080p
0.7074887708902285,0.994203612212965,19718.271253474373,15000,1440p
1.3901915099023883,1.4468928775797296,11827.082813627267,8000,1080p
1.2488999865329133,1.0523614769368685,14580.886410624329,8000,1080p
0.7846837901061992,1.1759508049293779,17114.067090809,15000,1440p
1.4012986921691195,1.9682146882300042,9958.242693200236,8000,1080p
1.0643363067881164,1.4189917108706818,13511.880734802824,8000,1080p
1.1573208625988245,1.4137905536202997,13050.55540896883,8000,1080p
1.5561470752609492,1.6584048050079931,10438.292256522145,8000,1080p
1.4295061463927115,1.1469073618428005,13023.698211775081,8000,1080p
1.2624909200474135,0.9728815138615938,15010.667346077626,15000,1440p
2.1481630689798963,1.6378723827181991,8862.682990712705,8000,1080p
1.1155202951207432,1.4012786508067776,13332.18613043964,8000,1080p
0.854815475999936,1.083550093727275,17310.683043509776,15000,1440p
1.0331065586379802,0.984574551092414,16630.19584124649,15000,1440p
1.4200028840340313,1.5543766543648083,11281.153452952723,8000,1080p
0.6261003500841931,0.6667455484533988,25953.93003756692,15000,1440p
2.0615255934352845,1.6393340977131072,9066.658776676812,8000,1080p
1.0574210400024653,1.5268135168068169,12984.282681146862,8000,1080p
1.5119515637414203,2.021644341815544,9495.83169576125,8000,1080p
0.921769939276238,1.0248799862095979,17237.013990394622,15000,1440p
1.387608585407619,1.2992442259032506,12488.377427578314,8000,1080p
1.335276589063828,1.040843795966991,14121.520193752636,8000,1080p
1.3889204212222286,1.0585335300165164,13709.933942992835,8000,1080p
1.4776800932666756,2.055047615297539,9498.165374777023,8000,1080p
0.9710600901016407,0.9250461474131005,17696.49365426927,15000,1440p
2.0980325117360255,1.4178536044564902,9543.66293193175,8000,1080p
0.7639218720529726,0.7535380468070731,22112.2361012388,15000,1440p
1.174165686200319,0.9282509130133116,15959.934873302656,15000,1440p
1.6196878560531653,1.6251361640170334,10340.909643313747,8000,1080p
1.381032464845817,1.6575293267652687,11042.866428662948,8000,1080p
0.8876799386842067,0.9903085374951737,17867.219328344254,15000,1440p
1.1650756503651858,1.1812949580073726,14300.56781322936,8000,1080p
1.210245663821445,1.3627796580328249,13040.847952409093,8000,1080p
1.6534504631172238,1.821418652305945,9656.315356186804,8000,1080p
1.460977021198084,1.3126607547377294,12097.625829558398,8000,1080p
0.984052820297629,1.109675476746025,16026.163493791855,15000,1440p
1.3863643474709668,0.9997766124239809,14062.217012308136,8000,1080p
1.4548518472149434,1.0940224088149575,13164.412454094154,8000,1080p
1.5831542196760264,1.9424730760324953,9517.294139639564,8000,1080p
1.1876121992084316,1.543420808922873,12286.351684544248,8000,1080p
0.9262521066035162,1.379089510439191,14555.080146014818,8000,1080p
1.401915323964462,1.6147053527143391,11123.185708898049,8000,1080p
0.8510122373962133,0.9306038306530272,18833.705309326284,15000,1440p
1.4147022511878435,0.9879914496517253,13965.338981109051,8000,1080p
1.458471450335921,1.2282160997779383,12489.145601831517,8000,1080p
1.3093527720305311,1.0259095967898344,14368.5919184103,8000,1080p
1.4888187623479783,2.0195602002817052,9564.084255838054,8000,1080p
1.241174290804209,1.511104861161633,12191.50752787319,8000,1080p
2.363815456408831,1.88112725163727,7904.56651779989,4000,720p
1.2462360514864126,1.1878831399963246,13785.040649369519,8000,1080p
0.7333348177829553,0.4967216561145331,27278.773545804197,15000,1440p
0.8896511863714318,1.2726875530732666,15517.657519569288,15000,1440p
0.9437079047799007,1.2486726965170103,15305.021390971417,15000,1440p
1.090651752205438,1.1438679385798014,15016.395755370826,15000,1440p
1.7503599330007933,1.7896091042219588,9478.736013557,8000,1080p
1.2772320898493417,1.0052660383878236,14700.74896662237,8000,1080p
0.629127815434388,0.6363487920818249,26515.252672950028,15000,1440p
0.8774422594001414,1.2944550496600773,15449.363954743802,15000,1440p
1.4345043778070568,1.2211130417286946,12635.265815459934,8000,1080p
0.8219838174977181,1.2162241100295172,16462.712928758163,15000,1440p
1.2985929626854344,1.237026145261779,13233.230454382006,8000,1080p
0.9744704683389734,1.1475180735825403,15812.730058200796,15000,1440p
1.6314577344088304,1.2219451150053144,11759.444344456771,8000,1080p
1.0134295603529666,1.4388992061218753,13682.68091077919,8000,1080p
0.8548067211014438,0.9253116287584324,18849.55121250296,15000,1440p
1.806283289452401,1.837327957098103,9209.114180819044,8000,1080p
1.026749658334214,0.9428902124946497,17035.820860937198,15000,1440p
1.4588515343928563,1.9375185525863259,9879.498152642183,8000,1080p
1.1288782935443533,1.181173163478839,14525.404573991325,8000,1080p
1.0051042599661093,0.992423747975195,16797.97823439879,15000,1440p
1.0149413159087186,0.9190891846084763,17349.48440111308,15000,1440p
0.7107469075227275,0.8675806918510067,21259.48504817003,15000,1440p
1.267671952257968,0.9187732286365393,15346.569076235599,15000,1440p
1.6953803811815136,1.7925965727199054,9620.026864703977,8000,1080p
0.8163947506289473,0.6309605434807442,23183.272370341016,15000,1440p
0.5393011229100729,0.7719218002694531,25590.18104918068,15000,1440p
1.8552005393531925,1.3219299501211694,10561.238234049175,8000,1080p
1.212861659070355,1.744115681745332,11347.544513392839,8000,1080p
1.3270610470060256,1.3253642800868854,12650.471874650679,8000,1080p
0.850964655632331,1.0056035168079314,18073.36379999246,15000,1440p
1.8415067577899833,1.7692342993092012,9292.948862679488,8000,1080p
0.9780126728957262,1.134976012672321,15880.081246615555,15000,1440p
1.6903197449547862,1.661792014771956,10009.938332943677,8000,1080p
0.9336413176405335,1.2269087404599177,15530.50431495253,15000,1440p
1.4293994256616123,2.057892971606045,9621.915279111774,8000,1080p
0.8228774898813161,1.001472782490358,18392.538159012027,15000,1440p
1.450972792473473,1.2078569029783741,12620.00046764849,8000,1080p
1.6565913824632874,1.5251147978959545,10546.04985436192,8000,1080p
0.7252752301525925,0.8165604623595898,21762.650951041516,15000,1440p
0.9453163381104915,1.35287334787659,14600.37533219902,8000,1080p
1.0715501601006148,1.0666713034732984,15692.683181617545,15000,1440p
1.1360102683070523,0.820667903393036,17148.671910028897,15000,1440p
0.8751354109096573,1.2557744977455312,15746.527745593954,15000,1440p
1.4874519789119933,1.252362267348746,12246.973328865131,8000,1080p
0.8451010862737819,1.1653199930521745,16690.250786292967,15000,1440p
1.1656753115628868,1.5908065949347705,12172.919372662865,8000,1080p
1.5388256301834227,1.079295001604904,12816.22840162273,8000,1080p
1.5594597913151516,1.31986573354011,11653.57362699958,8000,1080p
1.6394321379511887,1.8861925470597958,9517.301187121528,8000,1080p
0.6966204265847104,0.626362248058575,25362.714601721636,15000,1440p
1.162462491786032,1.3593513306333058,13305.6737581877,8000,1080p
1.1199505554083815,1.546653428109565,12583.207783156819,8000,1080p
0.7251771811541473,0.6717126856586174,24020.814236815953,15000,1440p
1.1031064994695243,1.1242824764317403,15064.468919903371,15000,1440p
1.2657779475465902,0.8639567850717838,15755.216593921512,15000,1440p
1.6479132127796183,1.1033943576398184,12195.812769447884,8000,1080p
0.7782632181796456,0.8297589437027628,20866.896486501144,15000,1440p
1.021083269116423,1.0162532620682063,16469.754253358155,15000,1440p
1.5587759929069356,1.2541534771731273,11928.643201653029,8000,1080p
1.3686025167553957,1.5773934567299481,11389.843130132484,8000,1080p
1.2437472167063788,1.0205209176753132,14819.107105953586,8000,1080p
1.3591831546369602,1.0467688090906424,13946.426406624205,8000,1080p
0.9098167444583949,1.2769318066149975,15344.440028794987,15000,1440p
0.9813647796592476,1.2538880226625126,15011.470722750897,15000,1440p
0.8856504163551455,1.16453189689086,16366.560077710385,15000,1440p
1.53853936199407,1.2847813658529854,11884.73972122437,8000,1080p
1.4505841226922467,1.0194378459003213,13584.669459081571,8000,1080p
1.1379604178861729,0.9920642703827256,15753.071870387646,15000,1440p
1.104482065790547,1.6435153279363484,12210.50357492979,8000,1080p
1.5333853617746633,2.10074043282052,9233.150940978292,8000,1080p
1.169229021892343,1.6837431455617329,11761.219538970538,8000,1080p
1.6212103612967625,1.2157220823891828,11827.71626257116,8000,1080p
1.7051932843950783,2.0063138425322604,9040.648677880581,8000,1080p
0.9775306352721502,1.2915943350925403,14787.388283249635,8000,1080p
0.6273942252343679,0.5334388995466844,28905.474252665546,15000,1440p
1.3349738727562477,1.1676360894865618,13407.775285098327,8000,1080p
1.3451516398202148,0.9023672268577629,14929.54408413767,8000,1080p
1.3349200174492368,0.9568158057409695,14641.492121587828,8000,1080p
1.5707562551696486,1.3434991215083947,11513.89554550592,8000,1080p
1.132229775919554,0.913394654664633,16403.026625184353,15000,1440p
1.8360990799855084,1.2871854747129547,10743.315702542353,8000,1080p
0.8421592767747246,0.6564866369933813,22389.83317655919,15000,1440p
1.2148495661153813,0.9493116910639574,15504.589544188217,15000,1440p
0.7491254966722762,0.7808100344517708,21931.925442209635,15000,1440p
1.0236061450154437,1.3316106789015576,14246.854752079706,8000,1080p
1.3979835128125297,1.267988703252684,12586.18968262316,8000,1080p
1.2998677085453758,1.0355125436256778,14367.866632770656,8000,1080p
1.6507931414828154,1.2329343616957114,11635.784575004174,8000,1080p
1.8987752314433706,1.4722179589034357,9953.871190273136,8000,1080p
1.7876850345501598,1.682869796488907,9668.319226627511,8000,1080p
1.29720334039863,1.1316746305543892,13814.787075051878,8000,1080p
1.059307610162073,0.8205373073496911,17849.574551295405,15000,1440p
1.3512709805536407,0.9221008277528744,14759.764274984758,8000,1080p
1.1629527793109,1.1665932053523163,14403.850458805595,8000,1080p
1.2315817805752298,1.4699596787211184,12420.476422649346,8000,1080p
1.6573799618330511,1.3624157150599938,11111.490839182505,8000,1080p
1.3354756770534295,1.067745488806433,13962.273833417394,8000,1080p
1.0122246894271982,0.842047068863915,18095.746672496152,15000,1440p
0.7916857954743104,0.6612649437387819,23093.991485336137,15000,1440p
1.4629270544189685,1.6844938554181734,10660.929364460573,8000,1080p
0.8110641678008651,0.762080901597526,21329.521766757363,15000,1440p
1.1411910823439058,1.5074744184076938,12668.429437570889,8000,1080p
0.9008314651006822,1.0818857992713546,16923.457823739336,15000,1440p
1.4444055632056123,1.0087275912142053,13678.194328565032,8000,1080p
1.6719551409057767,1.4664047972122474,10691.709256307146,8000,1080p
1.4186655579822567,1.2979921359316267,12351.365457330841,8000,1080p
1.1904211812708205,0.9356558261602472,15782.322033830616,15000,1440p
0.8523245871378381,0.8791458533479487,19379.153819447165,15000,1440p
1.3108220875199612,1.4790919892266017,12027.048531591068,8000,1080p
0.9659211077957001,0.7949408021228407,19055.686201737568,15000,1440p
1.0764949976340188,1.1755796885085092,14899.342462515662,8000,1080p
1.6325162609112436,1.202199286089522,11836.966158915606,8000,1080p
1.2765037077323653,1.1717032875564308,13705.716904073237,8000,1080p
1.0423545748062393,1.2558935364224928,14600.00416667829,8000,1080p
2.5801404714690284,3.1374378553692814,5868.644045066337,4000,720p
2.1571587490735644,1.4758419627069865,9236.010301675613,8000,1080p
1.1288172537291332,1.1342869165024247,14826.728898019199,8000,1080p
0.837812746456041,0.6279006244815675,22892.901617275566,15000,1440p
0.699918969721474,0.8481124142731207,21675.55021618164,15000,1440p
1.5568518343357292,1.3096964734677756,11705.517715733566,8000,1080p
1.1251971880937413,0.7586572272020959,17811.58444493211,15000,1440p
0.8242863141760592,0.9192126029356533,19245.45617475141,15000,1440p
1.1473074109542625,1.5461508303857074,12457.750963054466,8000,1080p
0.935402183385219,0.7412215730942683,20013.095884109596,15000,1440p
0.9215861825969197,1.3516367615772995,14760.730831963834,8000,1080p
0.8918039783669749,0.8101611640383704,19715.11117588363,15000,1440p
0.9892182205672572,1.4446230661349286,13786.614675053726,8000,1080p
1.5739722993567324,1.0930473567346255,12581.246607374313,8000,1080p
1.5771627479864447,1.6064669306313153,10539.678099297142,8000,1080p
1.5278627962546594,1.9736184026580625,9582.925080511443,8000,1080p
1.534541290396594,1.217775344245443,12191.341496711206,8000,1080p
1.0184031045319806,1.3861097211212599,13954.773558292074,8000,1080p
1.2240224730294977,1.2547318629235973,13536.812225927233,8000,1080p
0.8309632397471226,0.6132177712809584,23234.228773104645,15000,1440p
1.5653793920700916,1.3678774601115702,11439.30916757027,8000,1080p
1.3127700651575855,0.9668323368559628,14719.422988132374,8000,1080p
1.4663583479525226,1.169414210956872,12730.39735032519,8000,1080p
1.4254839661134322,1.0086500270121257,13784.956824383491,8000,1080p
1.0199155981263472,0.6998079427700858,19511.526825125173,15000,1440p
0.911563931253351,0.9320284950048845,18200.569454552515,15000,1440p
1.7321412811840868,2.3934188149407856,8133.303410491483,8000,1080p
1.034501454085759,1.3156591302848117,14277.506066244694,8000,1080p
1.1146749491891315,1.2679659177793534,14082.874370694584,8000,1080p
1.775745158539947,1.802898066520862,9376.299868347407,8000,1080p
1.0979106943290375,1.1933728430795698,14644.382265299799,8000,1080p
1.0530597318005115,1.3193658532967496,14143.51295601307,8000,1080p
2.3695093340852544,1.9728520709557298,7727.231538362318,4000,720p
1.2440722476108255,1.3881918311150192,12747.365384495208,8000,1080p
1.695924394861705,2.4812091274906223,8032.884709202216,8000,1080p
1.0847572972498531,1.4434083613945947,13272.244200164962,8000,1080p
1.5337012256729807,1.2343188131395795,12122.17813798572,8000,1080p
1.8182211618776447,1.264958200171234,10883.061949954777,8000,1080p
0.8360050154368298,0.8419516691213974,19997.197966307584,15000,1440p
1.0399017031083966,1.277734872052892,14477.866098426102,8000,1080p
1.4263667542640075,1.0095908013222212,13774.637379478032,8000,1080p
0.9514610057193393,1.1798149527032993,15743.823256390362,15000,1440p
0.7660824887519642,0.8201207844311444,21153.929365348453,15000,1440p
1.5631970243562234,1.1899491496968908,12187.66817259179,8000,1080p
0.8263779945624832,0.5759999960914743,23926.810192131496,15000,1440p
1.195664063097423,0.9475828169799778,15655.887481701699,15000,1440p
1.5589732708567121,1.7325531033969357,10194.185974769367,8000,1080p
0.48045637965353255,0.6367270346973475,30034.846175635554,30000,2160p
0.7641005831075948,1.1087390047665049,17916.340629091654,15000,1440p
1.4315702854219068,1.0799782521514687,13360.057151202756,8000,1080p
1.042930311494528,1.4040884914103122,13712.37195242135,8000,1080p
1.3907520746868678,2.077122013470461,9675.793049865113,8000,1080p
0.7894467160312546,1.0797398734787147,17951.35498420022,15000,1440p
1.194452876298965,1.1141123654977263,14534.7557835903,8000,1080p
1.5374190398532543,1.095937870473231,12742.075283612012,8000,1080p
1.644918936528524,1.5675982229078789,10444.903586409704,8000,1080p
1.2009071603173074,0.9906597273046085,15310.704039889079,15000,1440p
1.5590030052765647,1.9475728833578247,9569.002087979203,8000,1080p
0.766749537455,1.0306025731534894,18668.81386343393,15000,1440p
1.4039744241469052,0.9990519393702699,13963.405691017162,8000,1080p
0.7626555492866498,0.8507168326726673,20797.698271772024,15000,1440p
1.2345412813436298,1.1483823347855373,14081.203347384666,8000,1080p
1.6267510329356356,1.3197109641616862,11388.041669315884,8000,1080p
2.2880553236314305,1.5683829323987326,8700.886614101039,8000,1080p
1.7254069534735552,1.7128861070714403,9759.037815898499,8000,1080p
0.8663374899318615,0.5968436924267569,22932.520185853493,15000,1440p
1.6368478083211022,1.376223772575077,11136.28770479455,8000,1080p
0.8122338651430809,1.2015473701244648,16662.40176060735,15000,1440p
1.975676882074177,2.4025896601829864,7663.862324540299,4000,720p
1.233666886849928,1.7773725807256553,11143.803447723394,8000,1080p
0.9695633648344354,1.4032390627131393,14141.266719235618,8000,1080p
0.8968390409693953,1.0130112050985076,17569.142957194457,15000,1440p
1.5514137166958537,1.4649547167846764,11124.115883046217,8000,1080p
2.3044866381255473,1.7867601090965644,8201.517550312237,8000,1080p
1.1419812040847424,1.5161205608214638,12623.456499297725,8000,1080p
1.2614283767682217,0.8554250867324622,15851.088692984138,15000,1440p
1.090587435526796,0.9600332849716635,16363.061030536977,15000,1440p
0.7591261488720438,0.7955291565109701,21583.19717806085,15000,1440p
1.7060059231603268,1.4830964966239162,10521.591213828156,8000,1080p
1.6001761835874178,1.2052056345792554,11960.73624727772,8000,1080p
1.1799467272401727,0.9716859885826508,15594.8697717994,15000,1440p
1.23643927497478,1.2598382966496204,13441.78723609056,8000,1080p
2.0154996447600526,1.977349772796702,8403.630713559976,8000,1080p
1.2557872534771914,1.5035261890171694,12160.427838044925,8000,1080p
1.149969119015189,1.2385923267028789,14047.966846384646,8000,1080p
1.1362325686134493,1.3249333877215257,13633.551168555616,8000,1080p
1.1581902013077454,0.8701854939995579,16542.51334091066,15000,1440p
1.1315658392824919,1.0320806598221608,15508.278276458423,15000,1440p
1.217137911113557,1.2890597054986694,13388.581881008044,8000,1080p
0.9734807508297691,0.7759493813385248,19180.20696168739,15000,1440p
1.0064877733970505,0.8212742984548356,18358.205653103796,15000,1440p
1.513887919242249,1.0400921109544274,13138.094896308194,8000,1080p
0.8610195202193666,1.1468458383714943,16711.495049423444,15000,1440p
1.3255230909462608,1.2830069796752874,12863.348741080377,8000,1080p
0.919572500369319,1.252136059956746,15450.706698398824,15000,1440p
1.6293618650744706,1.425092575279252,10985.409229451205,8000,1080p
1.0192435495209222,1.3874129266908712,13942.343800065924,8000,1080p
1.2079658668506525,1.0450531651607464,14893.097449800076,8000,1080p
1.2569885721029435,0.9002921495737128,15554.04063219052,15000,1440p
1.3562435096859349,1.2412308095454496,12918.099613754432,8000,1080p
1.2682823003138186,0.9327417250862078,15244.91855280936,15000,1440p
1.029246357932818,0.8369831413284319,17979.79938334625,15000,1440p
1.0177941138554631,1.4019008423811083,13867.215746975096,8000,1080p
0.6842320768272779,0.9726450764219,20251.611252046605,15000,1440p
1.3001811241906844,1.7909950858946766,10854.90755607019,8000,1080p
0.8695908369259787,0.7468593921692804,20758.097834401433,15000,1440p
1.1257060212490704,1.3789917311024833,13396.599237771175,8000,1080p
1.020266632473272,0.9185977305254132,17306.229688034527,15000,1440p
1.5675235074132468,1.4891473703000904,10977.443546392444,8000,1080p
1.4861053478810466,1.7750806792442535,10289.027280537524,8000,1080p
0.9176412673702952,0.9956392113288481,17537.644048307,15000,1440p
1.410435890541756,1.0223014693672683,13792.870760719856,8000,1080p
1.0741431358446343,0.8106018258703325,17803.168429466532,15000,1440p
1.0272843454583684,0.9520386927512829,16952.47887901656,15000,1440p
1.0367795098273167,1.3278852657908728,14189.931844029745,8000,1080p
1.173587412845307,1.2379756497214716,13913.976590886203,8000,1080p
0.9863849844764531,0.8699801340482541,18075.340710272783,15000,1440p
1.763610586249592,1.5816883951736276,10030.32380254534,8000,1080p
1.1312252587969227,0.8924712931825902,16580.7625491965,15000,1440p
1.0407697826654194,1.2012561596139861,14966.121206379148,8000,1080p
1.2494857385713576,0.9095679449170799,15541.26803636733,15000,1440p
0.9809720339975351,1.3427999079849617,14439.640738313356,8000,1080p
1.1909616336198874,1.2215808441378484,13908.327960793522,8000,1080p
1.553834541442246,1.4705343951744039,11094.68874440207,8000,1080p
1.8147166309554332,1.9901191356439945,8818.891026665595,8000,1080p
1.7491698608678992,1.1863778315909126,11430.382168955615,8000,1080p
1.5733878379269794,1.361577421179563,11432.650487390978,8000,1080p
1.2252645966072393,1.8330079567049653,10971.694450077544,8000,1080p
0.8991681137278401,0.7235912448717968,20677.392382414517,15000,1440p
1.3694615738497784,1.2591552524619705,12765.052579793732,8000,1080p
1.335521539586992,1.2080305923132943,13191.95764819316,8000,1080p
1.4886191704996243,1.086297225205987,13031.270473853576,8000,1080p
0.6338515356471309,0.8600618360429505,22460.761538026454,15000,1440p
0.7418582989685263,0.8648023559412616,20884.57938984262,15000,1440p
1.7397605932713311,1.7649329657740465,9574.141486178805,8000,1080p
0.6579242837551414,0.8264795190276176,22604.652411356463,15000,1440p
1.3910313405460994,0.9781326427062373,14162.984173825404,8000,1080p
1.2167026754058996,1.4880420706823438,12405.766587966697,8000,1080p
2.603529697515965,1.786602474288891,7643.148471815876,4000,720p
1.0726385614219054,0.9915365233307756,16255.613318780233,15000,1440p
1.6491724311801927,1.1187345110691018,12122.673449683442,8000,1080p
0.8541451032325033,0.7089593775045794,21466.531772832863,15000,1440p
0.9307925555735452,1.1432379905853547,16178.36924443699,15000,1440p
1.0178507265008991,0.825142612471097,18206.48576989233,15000,1440p
0.7290571263936808,0.8868992161283297,20764.44215543092,15000,1440p
1.284466539829866,1.2870532407803463,13048.482944991252,8000,1080p
1.5977557637599753,1.8366136647461315,9770.18713289549,8000,1080p
0.9227931329597288,1.3577832330888306,14713.136775217086,8000,1080p
1.1058255430834505,0.9648647394119094,16204.466831014448,15000,1440p
1.0078192526194398,1.4475981624897292,13665.469583104734,8000,1080p
2.1244194177912705,2.5564496631751528,7168.419244289626,4000,720p
0.9556325015729099,0.7823348537190831,19306.710162207033,15000,1440p
1.1917152180006585,1.4329723547832043,12784.162331523003,8000,1080p
1.6013606420757676,1.9556879153046014,9433.222925894372,8000,1080p
1.4513400642189995,1.0944566022313578,13180.326788150544,8000,1080p
1.1181679267426556,1.0905096078117946,15192.091862685076,15000,1440p
0.9385691173261488,0.8449979684437163,18813.10339695826,15000,1440p
1.1288122079605565,0.9505562873698377,16136.837734799134,15000,1440p
1.0209650960504963,0.6941633839945758,19563.800840808275,15000,1440p
1.5792827463657255,1.9197602321281064,9589.602701720329,8000,1080p
1.214821042777177,1.1898080604343209,13954.098765246767,8000,1080p
0.9208106754039326,1.1704226283200447,16045.283871602334,15000,1440p
2.0119151305356606,1.500483137944698,9553.139887669215,8000,1080p
1.1625111614323698,1.3295102274598023,13464.744784922019,8000,1080p
1.23493516360088,1.5832899048476108,11906.22863150977,8000,1080p
2.2659915802690596,3.1945954385103223,6144.8397186243365,4000,720p
1.5570557458543572,1.5324689958761468,10860.709916569724,8000,1080p
1.4082619173851607,0.9552451983433774,14196.882157326203,8000,1080p
1.3096984004735963,1.009320253567502,14469.237641330908,8000,1080p
1.030255264569667,1.1005444483641034,15747.34208772767,15000,1440p
1.1860069721010877,0.8707085899255562,16314.57096913108,15000,1440p
1.518285171752575,1.4724893157070498,11219.311967750957,8000,1080p
1.262137324250591,0.8813449264202864,15654.168346622871,15000,1440p
1.994326425200777,2.785436050830728,7020.1044859993235,4000,720p
0.5987853058767035,0.8289916157345937,23501.172691692358,15000,1440p
0.799299858958014,0.8007913681308487,20970.324336473925,15000,1440p
1.0326115581029391,0.7708103063421528,18605.98047607935,15000,1440p
1.2471451144542023,1.2608433444808256,13379.021693843155,8000,1080p
1.0378880188206365,1.452739931484891,13472.277943353141,8000,1080p
1.1931391377067528,1.3873602637440492,13003.076838977413,8000,1080p
0.7280917843742201,0.8753781437445725,20926.13737968033,15000,1440p
0.6330262979113854,0.9369842391099372,21372.106243096052,15000,1440p
1.404917365535893,1.3175802776228702,12324.870908269602,8000,1080p
1.7446424007272594,2.3182939967537655,8258.66533889218,8000,1080p
1.1858155001837334,1.7412935727750214,11463.335039333811,8000,1080p
0.8706034120067904,0.9929929064211952,18005.204060665048,15000,1440p
1.098800383054212,0.9568542530777526,16322.99093934276,15000,1440p
0.922165245644854,0.8913200025217963,18502.73225763594,15000,1440p
2.0231004694716437,1.5242514647085583,9459.008472401394,8000,1080p
1.046052398572885,1.179601323813889,15076.214085997388,15000,1440p
0.8875350503960265,1.2724805072316028,15534.347371485244,15000,1440p
0.8291124757418786,1.2141347151760442,16422.110916949685,15000,1440p
1.2450143950572399,0.9075494588592823,15588.123873281978,15000,1440p
1.4326825412760067,1.1878964654754045,12804.205449846597,8000,1080p
1.2792081451561161,1.0347239662266512,14501.044276510096,8000,1080p
0.8987186168339056,1.153909353408413,16347.059713913379,15000,1440p
0.6103622139147771,0.8508584471155844,22963.288772785014,15000,1440p
0.9224284156464814,0.7578618323577809,19969.426139236206,15000,1440p
2.438429988628166,1.7943195880542229,7927.33692180765,4000,720p
0.9831829381240935,1.1319926582044892,15863.662600042344,15000,1440p
1.1082077268378563,1.3624591758906113,13581.123365089945,8000,1080p
2.2920654573503167,2.280141924344205,7338.781730316938,4000,720p
1.1302389674841884,1.385182777570997,13339.485541922058,8000,1080p
1.396067211387823,1.7771844459806985,10574.147790038704,8000,1080p
0.8500422902477084,1.1768171915941514,16554.888141287534,15000,1440p
1.683060730993422,1.309431267116398,11212.87275661701,8000,1080p
1.266286585656332,1.701036644940912,11307.980085892556,8000,1080p
1.0066877319908354,0.6867664062656613,19814.195874560923,15000,1440p
2.0417821670847713,1.7843415464181787,8769.824112477467,8000,1080p
1.2208010074104954,0.8653861144171866,16084.095069383513,15000,1440p
1.5586556543944627,1.1489683670090012,12392.574351075327,8000,1080p
1.5178464651329713,1.8465669482245102,9973.337957452351,8000,1080p
1.192265930906437,1.4495911188736155,12701.07782811094,8000,1080p
1.1462284124678812,0.9387307673152845,16093.567838335155,15000,1440p
1.3425062347477525,1.2667375895828545,12859.82999638153,8000,1080p
1.2765293371111601,1.3771949093844313,12644.279843435399,8000,1080p
1.1309810307552286,1.4818314268763102,12842.265774565545,8000,1080p
1.4874483988047136,1.269442110965718,12171.115204279224,8000,1080p
1.4166250001073226,1.7716020099442307,10524.480187330646,8000,1080p
1.0627839278189963,1.1532152690594746,15141.897184469142,15000,1440p
0.7729603824722935,0.639465544280021,23756.595913779318,15000,1440p
1.3216013152856612,1.0193041181778166,14333.954511932021,8000,1080p
1.3224171314781177,0.9902566448129282,14508.934352951834,8000,1080p
1.3786096638234795,1.6695402000896353,11008.130668786713,8000,1080p
0.9036579213596154,1.1361139357116314,16450.090672482485,15000,1440p
1.5093228374585983,1.0724635122841495,12996.59516882309,8000,1080p
1.006290864798126,1.3882208825470195,14013.058001157284,8000,1080p
0.8386231601876565,0.8515736372140831,19852.381717668413,15000,1440p
1.9862771498966272,2.2723745098219696,7879.121064862396,4000,720p
1.5517491786124453,1.1891106795771473,12242.30122519418,8000,1080p
0.7208671821711773,1.0621876728002366,18818.507970433668,15000,1440p
1.4341473179145634,1.414631959127088,11778.529937512392,8000,1080p
1.1930350584736673,1.6532286323029206,11788.940044007255,8000,1080p
1.2201659005208056,1.2922674202583662,13355.352248549978,8000,1080p
1.2020048906316818,1.521085101115748,12322.189902533422,8000,1080p
0.9695608176306776,0.9856600308979877,17161.453666602545,15000,1440p
1.017718649540138,0.6888778832526721,19661.607975429826,15000,1440p
2.471108023582517,2.3686720519352167,6933.048914709318,4000,720p
1.0081004702231924,1.3661637673118425,14132.560087261503,8000,1080p
1.61868712080033,1.114386075760913,12277.180150981043,8000,1080p
1.49036081533543,1.0054039008850977,13444.549392786234,8000,1080p
1.1217700913739663,1.103229398216873,15080.647054966474,15000,1440p
1.1536507436949217,1.0308843880612908,15359.987354849542,15000,1440p
0.9036535407654747,1.1159904447784086,16614.03308710565,15000,1440p
1.4111838063767155,1.47693546346241,11618.090828315775,8000,1080p
1.2127703408260544,1.264724689135038,13543.69296172794,8000,1080p
0.8863844515309895,1.0501789626755693,17326.79227225192,15000,1440p
1.3576563582277916,1.0140590900466122,14147.747793443476,8000,1080p
0.7511886057415134,0.6443065924294613,24044.820823445745,15000,1440p
0.980906210667747,1.4325838109124742,13902.867507208668,8000,1080p
1.1823034268553623,0.9074014617431918,16057.019430386195,15000,1440p
1.3087542223980395,1.196005340402809,13396.268647230589,8000,1080p
1.1063827796877839,1.5212629947270864,12769.769931212275,8000,1080p
2.2204117738451163,2.7352400223557343,6770.942225142578,4000,720p
0.8134155487415616,0.6834280936125793,22416.791607724448,15000,1440p
1.461624677399298,1.2491049792025084,12378.376397026666,8000,1080p
1.4173907872206983,0.9860981618389768,13960.718235516586,8000,1080p
1.0219462075845773,1.380904036500136,13964.42915350368,8000,1080p
0.9799350953003917,1.2750353015647429,14880.20953474487,8000,1080p
1.142073340550192,0.7843570446978951,17417.931245763048,15000,1440p
1.1801312437209093,1.1839733483651396,14193.294202094541,8000,1080p
1.4117325676252528,1.1302361675286323,13200.174941557136,8000,1080p
1.3350734739081067,1.7520218926885318,10869.256700997874,8000,1080p
0.881943327276949,0.8046199748266072,19895.151257085596,15000,1440p
1.8316256238909037,1.321562858748952,10641.429202452295,8000,1080p
0.9565635464116278,1.1940548440441183,15602.224992082089,15000,1440p
1.2711493270392695,1.6742588103983842,11392.116282122635,8000,1080p
1.2155548684918287,1.1934501200690182,13928.751563127982,8000,1080p
1.046114314540797,1.465530768562384,13359.54360181452,8000,1080p
0.9149925837316467,0.7065695510580309,20692.658813442344,15000,1440p
1.3155387704485637,1.6273838482188108,11401.73777834303,8000,1080p
1.179530055195896,1.4411873681869345,12803.5291789253,8000,1080p
1.0907050277528256,0.7542972182181593,18186.661871699256,15000,1440p
1.2350069023641788,1.1973626501747066,13794.956430438864,8000,1080p
2.2254493461799885,2.3031730907598873,7409.412568002406,4000,720p
1.412836552044237,1.5577439378961095,11295.580817833292,8000,1080p
2.7892111839548424,1.931644639578467,7107.701072490347,4000,720p
1.4407699357247579,1.573460126499642,11132.007612994863,8000,1080p
1.5737168782057815,1.2795226490499902,11760.117466293637,8000,1080p
1.2845072188476052,1.6502070973699727,11433.628075678183,8000,1080p
0.9166954982553857,0.9465364015838351,18008.72559282365,15000,1440p
1.126227398612064,1.299558131607942,13832.398446600013,8000,1080p
1.0253543875961297,1.2064890992169433,15034.401918529484,15000,1440p
1.1471962053046831,1.109781875161397,14866.972918527768,8000,1080p
1.5747332795457507,1.9130003034527272,9620.69814149983,8000,1080p
1.4600914897559736,1.8547339652020758,10122.533586138596,8000,1080p
0.9196838171381434,0.75060391561387,20089.013013772645,15000,1440p
1.0316686357386817,1.1064155978599175,15693.69039475339,15000,1440p
1.604081282543774,1.3066821948575007,11527.708197698477,8000,1080p
0.7688667435433285,1.060845186086133,18338.64197780859,15000,1440p
1.4185043675945994,1.5266333923444273,11393.162131979416,8000,1080p
1.2674493232401427,1.7018687454358719,11300.383193694552,8000,1080p
0.952314149108174,1.0989508447458634,16357.9216242344,15000,1440p
1.1811819029374253,0.806807920410769,16878.573323623586,15000,1440p
1.82715643301568,1.9639311438778628,8850.872294407627,8000,1080p
0.8121014954067242,0.8322645145148898,20405.695445869453,15000,1440p
0.9885682970122809,0.6921959863348168,19963.79405039428,15000,1440p
1.0756603345525129,0.7485565435336978,18393.883097497714,15000,1440p
0.6942316775208028,1.0068329618549627,19725.547885301625,15000,1440p
1.4934814402914072,1.33713893074868,11854.091189088245,8000,1080p
1.6181640118192429,1.610292421579987,10393.335853279787,8000,1080p
1.0018416377478385,1.3868566896517656,14047.161843382784,8000,1080p
1.4458463456045805,1.207344575737059,12646.821504662968,8000,1080p
1.5982162008096676,2.154610736895642,8941.108278368167,8000,1080p
1.062137579088751,1.256766213869656,14469.954338723119,8000,1080p
1.7165748151415092,1.6773661594146014,9886.569109938202,8000,1080p
1.4789528827631684,1.6300101679190857,10792.805013438987,8000,1080p
1.7727230613407847,1.4017679614928997,10570.019495612843,8000,1080p
0.8671863698017755,0.9218426789562134,18755.666389707167,15000,1440p
1.7802660837697304,1.6424992902075144,9803.31057895734,8000,1080p
1.1687678679325053,1.2228456787759079,14030.039278787784,8000,1080p
1.0277766669052997,0.8090328992636584,18267.77942472536,15000,1440p
0.9614212574515212,1.1521356368226972,15875.812045041908,15000,1440p
1.6559307342827962,2.171256453300659,8767.387210340967,8000,1080p
1.513182507656558,1.1299911712709625,12694.7511120854,8000,1080p
1.0808750294617575,1.16512181032102,14939.661270068944,8000,1080p
1.1590058760754798,1.339867966294571,13427.821537471209,8000,1080p
0.995493592766101,1.2552829889852528,14907.935453056354,8000,1080p
0.735622628508925,0.8380528655618954,21322.3324163234,15000,1440p
1.2422856044719737,1.461545921616576,12409.956639769242,8000,1080p
1.7336194965709066,1.4120081788804946,10667.006862210705,8000,1080p
0.7121014175170033,1.0018313535105294,19577.44934177525,15000,1440p
1.1675100743681723,1.6643772850414862,11848.78766046501,8000,1080p
1.229740646524591,1.083321915784541,14506.495650728351,8000,1080p
0.9200439808906113,1.3696635976293858,14654.461694051188,8000,1080p
1.699501066176249,1.4208906455272587,10753.27558208444,8000,1080p
1.0422904433172124,1.1050715627231853,15625.885111878406,15000,1440p
0.8891741037941793,0.8297881305095548,19520.16823312656,15000,1440p
0.7357960902012258,1.0965638255565118,18312.140377794833,15000,1440p
1.5167837702491123,2.23837329216843,8935.560202213726,8000,1080p
1.162701229482701,0.9121315850630087,16172.11361067992,15000,1440p
1.136767238649226,0.8062375873840639,17269.350827348437,15000,1440p
1.239935127140427,1.4991090708419632,12250.416413403098,8000,1080p
1.2339396164957845,0.9172376753057621,15598.171349186738,15000,1440p
1.2487800106596152,1.4652539369627944,12363.305930419507,8000,1080p
0.8308046240328546,1.100604654137723,17373.030345894687,15000,1440p
1.3953249740978406,1.1484449785560313,13190.828032618765,8000,1080p
1.0228442951377152,1.0793111490626823,15961.917608221016,15000,1440p
1.435454125601325,1.5954950980483007,11070.60182275058,8000,1080p
1.1395814749866797,1.2120920033932576,14268.320967380036,8000,1080p
0.9691545002014739,0.8692090038931819,18252.337976283234,15000,1440p
1.4166072935296763,1.7763215819583296,10508.981975012379,8000,1080p
0.7809773622801738,1.0494798721685679,18331.175057528842,15000,1440p
1.1381430025323687,1.0904832158635507,15056.10574040146,15000,1440p
0.8663525661442163,0.8323628792337546,19752.826814695858,15000,1440p
1.6748615007339895,2.106803726272842,8872.92501736283,8000,1080p
0.7595302482683608,1.0694343013700531,18346.135799424712,15000,1440p
0.9109479705892034,1.0223117082061663,17356.401919533153,15000,1440p
1.3222990282687108,1.3501086134967413,12555.880875207044,8000,1080p
1.29502588199341,1.5325447259632907,11866.876783051435,8000,1080p
1.2348498272085267,1.264568776379908,13424.894874282221,8000,1080p
1.6419969550086362,1.2063373235484642,11780.37011056086,8000,1080p
1.4122292811245225,1.2293942302450447,12702.200694225152,8000,1080p
1.0291005692182311,1.2614781840298621,14648.888169603008,8000,1080p
1.7317884241176906,1.7169508864165768,9729.477637670983,8000,1080p
1.7084112963853502,1.5885992751539788,10177.229120722503,8000,1080p
0.8380773147973665,0.9853148359649263,18402.202721982838,15000,1440p
0.9683411472850847,1.3159120025961557,14689.454188448646,8000,1080p
0.8138377433434711,0.8419035815858984,20265.503732251993,15000,1440p
1.4807574880782877,1.1260749882340013,12871.725477145814,8000,1080p
0.970939029046017,1.3806935822014084,14268.568925058844,8000,1080p
0.8753523223816931,0.7888966934369922,20161.90586929309,15000,1440p
0.7937631527811879,1.038434633060291,18313.760806445553,15000,1440p
1.1993630733724003,1.2771818468598506,13548.88890804099,8000,1080p
1.3391001995814191,1.2987048773814767,12720.58814847447,8000,1080p
1.0679267141064572,1.1399636600697172,15197.508169996934,15000,1440p
1.137610722091582,1.357381341215758,13448.712921162776,8000,1080p
1.4616896386081422,0.9941229941079599,13663.270378607493,8000,1080p
1.0205400029677427,1.188626674918564,15188.728100907401,15000,1440p
1.3676798910263441,1.0821109486789267,13696.855852411001,8000,1080p
1.232471873329985,1.4544673101308416,12487.975986408921,8000,1080p
0.9252941585800282,0.6279935531911726,21602.200124108476,15000,1440p
0.9004935460420176,0.859133899830482,19069.05469035933,15000,1440p
0.7529354243339181,0.9897902247738637,19253.995611517374,15000,1440p
1.2810058569942944,1.410993216577458,12464.503546607792,8000,1080p
1.1829444723156564,1.1442660978611197,14418.305085925762,8000,1080p
1.0968392768875563,1.1959884976035793,14634.5191615829,8000,1080p
1.5191666432386308,1.0360192565941782,13131.894631304725,8000,1080p
1.1523420306800707,1.3562998883903445,13375.536677802824,8000,1080p
1.2239431804343066,1.323797681885628,13170.268804122346,8000,1080p
0.9110353764894754,0.6092473157877143,22071.179373712228,15000,1440p
1.2053117528291224,1.6239686607420938,11859.70532968361,8000,1080p
1.0097625481023143,0.8809329474465071,17747.13700804581,15000,1440p
0.8274356958939226,0.5879460743789837,23706.983306369853,15000,1440p
1.1380362668247077,0.864801204291977,16753.44728860684,15000,1440p
1.1561218246570255,1.2626069114935103,13872.75534395092,8000,1080p
0.9867039782330411,0.905954360783612,17728.73175696016,15000,1440p
0.8009332439059615,0.6796003666502162,22663.7421540163,15000,1440p
0.8985924490596098,0.7326155458792885,20570.29643313934,15000,1440p
1.5142210946446775,1.0161410117332434,13260.723402166099,8000,1080p
1.1276545755812617,0.8396419962643773,17056.112677775152,15000,1440p
1.816100741105682,1.8125749541015084,9247.018697294774,8000,1080p
1.5008452968300465,1.5358210140707798,11049.759362610403,8000,1080p
1.0052745556650902,1.124182470611977,15757.271260206298,15000,1440p
0.9951743915707321,1.2262252877811812,15105.085461158167,15000,1440p
1.4107204091082268,1.687914377256884,10828.779224853863,8000,1080p
0.8045668052999494,1.1882473819704225,16837.71232377701,15000,1440p
1.4294476520401045,1.0277878780260468,13655.3584666329,8000,1080p
0.7515934707890972,1.024443511149477,18892.867851982886,15000,1440p
1.4554302748473913,1.6762441474006229,10714.533976336395,8000,1080p
0.9499521865823893,0.9582443392077405,17584.369086987026,15000,1440p
1.5233855100661944,1.1608814615641867,12500.407878438251,8000,1080p
2.335866182030503,2.02725554479428,7690.464328259503,4000,720p
1.6146684656764878,1.3956037144592155,11146.64388868895,8000,1080p
1.2009888930622987,1.4732490205190991,12547.287520526987,8000,1080p
0.817914052451232,1.1569217304565902,16990.998588547547,15000,1440p
1.688569664158642,1.2291701483835267,11500.145371346422,8000,1080p
0.8323885724089283,0.7483482504695614,21227.083164228476,15000,1440p
0.774052608428466,1.0221311750721158,18680.956986821126,15000,1440p
1.3150470287098879,1.24471920500968,13108.39699265914,8000,1080p
1.1050642858609134,0.9080586293284123,16667.850605060717,15000,1440p
1.0881799727023753,1.2579537196000627,14302.011905839221,8000,1080p
0.7614285817677353,0.5172293170841378,26241.915081531228,15000,1440p
1.4684426775312578,2.185676243948556,9182.63272789475,8000,1080p
0.9890045337330456,0.8383944900870258,18361.852864437024,15000,1440p
1.4801827877429825,1.5478981534418286,11081.08820462078,8000,1080p
2.216941102895989,1.6048056497043635,8779.867995483806,8000,1080p
1.7516611329419083,1.4061086806693128,10625.990487136616,8000,1080p
1.6836891704161165,1.1695376967291593,11760.169647348106,8000,1080p
0.9034292564228089,0.8718892231109417,18900.514125675272,15000,1440p
1.3864521190808283,1.6854405302070525,10923.048371426166,8000,1080p
1.0887441735590546,1.4902298872969701,13010.767540974206,8000,1080p
1.0800518290059011,0.7737902766314855,18099.940603335977,15000,1440p
0.9971774741715319,1.1326792978305003,15754.313830436286,15000,1440p
1.3231253434241976,1.2284671045956852,13150.388505828707,8000,1080p
1.0518899991038684,1.5437033013758719,12927.461322156354,8000,1080p
1.805324305942676,1.2626166127000868,10937.118050775327,8000,1080p
0.8592713911487341,0.9808612589496112,18234.789757252933,15000,1440p
1.1025007515004295,0.8036564034607063,17603.182357062335,15000,1440p
1.9454155451119228,1.6447691507818831,9346.157605311264,8000,1080p
1.1381669775044059,1.3664781945121733,13396.880474284559,8000,1080p
1.680173823287152,1.5309520798074183,10449.4289581307,8000,1080p
1.3206528366984198,1.4707496175390835,12020.635701979309,8000,1080p
1.0181324014449626,1.3434179183029653,14208.645786375453,8000,1080p
1.4353753444894541,0.9863785910093166,13855.425816863313,8000,1080p
1.031684588278015,0.6935472993356107,19449.23012431282,15000,1440p
0.9831879641754699,0.9682370267340663,17194.835648979093,15000,1440p
0.8638958387921634,1.1715973331371783,16484.669397439167,15000,1440p
2.338249772659129,2.150328932403392,7475.513788396995,4000,720p
2.429450959654802,2.4209536052266154,6917.86253108566,4000,720p
0.880073789995614,0.8869623177831502,18989.1037609748,15000,1440p
1.1346136681432737,0.9962259443706774,15747.047221640814,15000,1440p
1.0320497969007254,1.5295219696866427,13099.157492941376,8000,1080p
1.0301629218372352,0.872667090310846,17633.961933426108,15000,1440p
1.1830722724966591,1.4168152672375127,12906.109009403846,8000,1080p
1.217317022675275,0.9537208894239693,15455.47952571458,15000,1440p
0.9685745913938513,0.9150683488065996,17813.5841373574,15000,1440p
0.7672630708412279,0.6869427188142944,23074.060245591856,15000,1440p
1.0295269278015726,0.81464631152384,18194.837276932834,15000,1440p
1.4430836919010843,1.3230761884740663,12130.329934309255,8000,1080p
1.2798907690546002,1.1993397530476069,13534.212208531655,8000,1080p
0.7367143882926045,0.9548505310471426,19836.325296398907,15000,1440p
2.1706014490109915,1.4471635716278537,9274.906415584386,8000,1080p
1.1375962709561804,1.2773426442471139,13894.526188119058,8000,1080p
0.9738133702993874,0.7864171632105883,19062.521278443575,15000,1440p
3.1487810310491193,2.523932267962194,5915.058673218711,4000,720p
1.2126750642460578,1.1589625115270175,14148.212333439002,8000,1080p
1.1947665981150537,1.5241241966947652,12341.22093614542,8000,1080p
0.9728589929414414,0.9027613681442991,17889.778068188778,15000,1440p
1.0371051298644307,0.9846542180850992,16596.64986044503,15000,1440p
2.1216695334346225,1.563771049112464,9104.591770900242,8000,1080p
0.7201630302419698,0.8747015966874391,21039.047097434413,15000,1440p
1.47030080062841,1.6476082212675178,10761.83806658872,8000,1080p
1.298167296577532,1.3660553757435696,12594.454791110607,8000,1080p
1.9944552070092056,1.5644561824485383,9428.285317638252,8000,1080p
0.9960612916101712,0.8159767017761683,18517.51018602729,15000,1440p
2.088558253496292,1.7499806570889476,8741.459389005946,8000,1080p
1.175984437246286,1.5045122291149409,12517.990572825493,8000,1080p
1.683457578910247,1.1791510361408863,11721.627547536964,8000,1080p
0.8717122604155132,1.1734838123745424,16406.462170751707,15000,1440p
1.4183943412452698,1.2649848887249007,12504.543385160288,8000,1080p
1.1188425815430283,1.0553310731939862,15433.188571157949,15000,1440p
0.8123090108732381,1.0714026445459903,17812.934322229008,15000,1440p
1.5101098800986537,1.5116691270103175,11104.19786525109,8000,1080p
0.6435693891704237,0.9176141743926234,21492.944701146884,15000,1440p
1.4431585613991806,1.7353867646011298,10556.537207610902,8000,1080p
2.1311259059964085,1.654813855628761,8862.906996068072,8000,1080p
0.6374266847383474,0.8449344323436647,22635.80150162802,15000,1440p
1.3700681318140766,1.7628305641539186,10710.346952228034,8000,1080p
1.3817245113324665,1.3998795336387626,12062.979294505256,8000,1080p
1.2195437028795948,1.3963355591348523,12827.20975973496,8000,1080p
1.3905956511432562,1.4495795756978642,11814.211913016252,8000,1080p
2.2156527407908393,1.970218303350865,8016.116991219972,8000,1080p
0.9993505718510981,0.8553448706543315,18091.612903665056,15000,1440p
1.6064670502292817,1.2293151184946087,11832.513925108566,8000,1080p
0.9512846798074396,1.1179676090295119,16215.727865092604,15000,1440p
0.6496310676861085,0.7909824973048606,23291.76457547125,15000,1440p
1.562860753821594,1.6375356297565087,10484.461291162164,8000,1080p
1.493905334552745,2.1549713856065873,9195.825064359753,8000,1080p
1.658182926597576,1.3075438161987605,11314.067313012816,8000,1080p
1.2596157613921353,0.9248397894480207,15360.546927629059,15000,1440p
1.1577962365341823,0.7874223264582418,17249.69761155353,15000,1440p
1.673575266759333,1.8766662762110096,9451.309606367338,8000,1080p
1.3940258711190558,1.887105105402027,10226.48356316976,8000,1080p
1.6094354120345873,1.2731369924130203,11640.447243659122,8000,1080p
1.0354590174428653,1.3236147299526246,14223.562123500977,8000,1080p
1.0682216155283684,1.1080004933855745,15418.66147878883,15000,1440p
1.955560253831653,2.1242583370836865,8224.491175837256,8000,1080p
1.338893262678074,1.361786620089123,12424.438828943743,8000,1080p
1.1042752325208736,1.49578555298732,12905.249056876042,8000,1080p
0.8216112937382863,0.7670094396608614,21121.73868472942,15000,1440p
0.7241968895994665,1.0018199542937514,19440.385022149807,15000,1440p
1.03353319722536,1.3702790784532033,13958.840438373267,8000,1080p
0.9682607089951908,1.158535677478088,15776.983736389087,15000,1440p
0.7519054647235743,1.124736326347349,17880.040911191605,15000,1440p
1.6064774550729524,1.681820479375374,10204.194592127002,8000,1080p
1.3618350828048909,0.9863253192399564,14289.66776323279,8000,1080p
1.2946240243092626,1.6868846798628507,11254.178783059157,8000,1080p
1.0991495097375603,0.9112224979657144,16690.658182379815,15000,1440p
1.036614117138371,1.3680124595974086,13954.113426438671,8000,1080p
1.1612513049778386,1.4123529608465013,13037.914354424776,8000,1080p
0.7586243519364071,0.6757924495489016,23392.386344927836,15000,1440p
1.0143087059352034,1.4479647926719528,13627.418732720336,8000,1080p
1.0353426257101026,0.8985872678290943,17350.386956682058,15000,1440p
1.706714103066259,1.7327818111055002,9755.624904726776,8000,1080p
0.8164576968457804,0.7718550286569856,21125.834642783368,15000,1440p
1.8057303625792949,2.3219840991269516,8129.058419930002,8000,1080p
1.4846659322184104,1.0081587176228723,13460.40605067685,8000,1080p
1.627645834177141,1.9613415025212673,9349.275673640992,8000,1080p
1.0855120544732382,0.9772107866309641,16267.057954348282,15000,1440p
1.5830067233619851,1.3802326391962567,11323.564482833943,8000,1080p
0.9577116802762121,0.8429247493694964,18634.762380433534,15000,1440p
0.8410993886164632,0.8931640784444542,19347.943745171087,15000,1440p
1.2365932260593282,1.800347851923195,11048.759636222714,8000,1080p
1.228016417820168,1.132849051574225,14212.767493527428,8000,1080p
1.7628188247915535,1.3825413971946388,10667.91388962485,8000,1080p
0.601097950033172,0.7627492974667277,24602.778692048843,15000,1440p
1.1733418229061778,1.211283542516308,14071.154524541065,8000,1080p
1.0540251088431283,1.0665188426607675,15823.50225573165,15000,1440p
0.8656158574531007,0.8675379459362386,19360.33139954531,15000,1440p
1.2178829313901716,1.1104567444370685,14411.313069291911,8000,1080p
1.4382287135015515,1.285900217253997,12317.490417273877,8000,1080p
1.2335725424395219,1.1176942836044552,14270.788677972192,8000,1080p
0.7540382944212086,1.116685584286528,17936.60324856644,15000,1440p
1.433740233668792,2.1102922309692986,9467.868123331797,8000,1080p
1.3727644196874373,1.6123115702143775,11240.729587290565,8000,1080p
0.9942365270084839,1.140362844923732,15719.311286795188,15000,1440p
0.8975635876477793,1.3165113803918587,15155.056845120922,15000,1440p
1.8816492491742276,1.3050867677605933,10529.404325204981,8000,1080p
1.0779018615103007,1.0041316933913795,16116.18214365644,15000,1440p
0.8752586739473063,1.1268877481416542,16759.229809471493,15000,1440p
1.4492772396796854,1.1505129059154786,12906.592502033836,8000,1080p
1.265952465657885,1.504644769824203,12110.902144230819,8000,1080p
0.869242713870965,0.732449616625637,20949.361722670237,15000,1440p
0.918470613204799,0.6179266140109093,21839.685340234602,15000,1440p
1.026998246894819,1.466335183370352,13457.659369862708,8000,1080p
1.3558815992265456,1.195930808852946,13149.254974135523,8000,1080p
1.646634426431088,2.1740538732178534,8782.300299944149,8000,1080p
1.0301530362710147,0.82532400860748,18083.99198072391,15000,1440p
1.1756309812763113,1.151416624421365,14419.314808104233,8000,1080p
0.6464540264039125,0.8952730139282503,21764.184659283623,15000,1440p
1.0696335861451383,0.914763112879621,16909.135162586434,15000,1440p
1.413281373955637,1.4677773611514155,11646.5629773956,8000,1080p
1.0936904264327625,1.0994749511036899,15299.544823970893,15000,1440p
0.9497150871499809,0.9676386206194834,17500.38705119007,15000,1440p
1.276182868324586,0.8945272699980431,15457.813278528514,15000,1440p
1.615449809947896,2.4047614910695234,8346.434922838054,8000,1080p
1.164733357595512,1.4024140128853209,13070.707348489765,8000,1080p
1.4827447498843318,1.59834452561807,10890.444579710733,8000,1080p
0.949562745868024,0.8725256144601046,18415.370368733045,15000,1440p
1.3590194951108856,1.1138218825815729,13569.180903674238,8000,1080p
1.4817193790197736,1.3921995392961042,11675.497101241453,8000,1080p
1.467794188477132,1.7532843527454849,10417.141827055179,8000,1080p
1.2064189273564823,1.3607348602791391,13070.674675436576,8000,1080p
0.7670903408938174,1.0009778610176194,18978.01904006006,15000,1440p
1.2763949706806736,1.0732661731993403,14280.540871774941,8000,1080p
1.0202933237047447,0.6937802907878783,19575.8406851927,15000,1440p
0.9389727467792044,1.2324946721896541,15452.422498668497,15000,1440p
0.6928018803133357,0.8640325924743474,21552.98625930161,15000,1440p
1.7016018512659787,1.186048706339986,11619.976631735744,8000,1080p
1.1366607605654264,1.5129754263517257,12663.78839694235,8000,1080p
1.4435775613648139,1.1697113661726248,12839.92429861902,8000,1080p
0.8773100461460425,0.6877660787542134,21439.488767447947,15000,1440p
0.5628380662888448,0.6564235989790701,27520.28785603368,15000,1440p
0.8494977943223512,1.0847598008342756,17347.447456853813,15000,1440p
1.0691389072541753,1.367190566982223,13772.534607831205,8000,1080p
0.8167734080919216,0.9968572830101685,18501.24844303884,15000,1440p
0.7124259325736935,0.9896926684268099,19713.33371263127,15000,1440p
0.834078570031748,0.6194628811132131,23084.606203399995,15000,1440p
0.8917882248899497,0.9963695425984654,17770.989573945055,15000,1440p
0.5739944804198658,0.8584629958093999,23424.38261296742,15000,1440p
0.9854674491659078,0.7263317323154533,19601.850709475504,15000,1440p
1.1995096547992636,1.4793781032057889,12525.508730155881,8000,1080p
1.3052343685744494,1.8493690533231957,10636.656185396325,8000,1080p
1.1852108762839224,0.9549116198850962,15678.743651386765,15000,1440p
1.576607420266164,2.220399461997525,8837.074316809141,8000,1080p
1.3289265344408427,1.9931203404775482,10100.529361381841,8000,1080p
1.046658997894931,0.911742474129777,17133.581892843198,15000,1440p
1.1064024389868556,1.295901560321694,13967.604437097847,8000,1080p
1.773208567498299,2.044445702407005,8789.279915813935,8000,1080p
1.0070041551177917,0.8299486843087531,18266.35462806706,15000,1440p
1.7387313399019881,1.2911477992582296,11074.511707849897,8000,1080p
1.1571749907454907,1.206134069986463,14198.071914304626,8000,1080p
1.185322645152471,1.2044284561772696,14040.973547968719,8000,1080p
1.4213484452280103,1.9934887516754778,9826.070780307344,8000,1080p
1.0524473845642317,1.2235892590425645,14742.483208366482,8000,1080p
1.8406067787869667,1.5253278606696856,9968.830531247791,8000,1080p
1.0896688497279594,0.7603273956672332,18137.567621296534,15000,1440p
0.9919780901153764,0.8813032231129675,17912.115902215206,15000,1440p
1.0822641508801099,0.8579834580635073,17293.891689560678,15000,1440p
1.4775023559346125,1.9698402368075436,9733.419611570847,8000,1080p
0.7839113126725286,0.9789093197813186,19034.512860955238,15000,1440p
1.3884915892958434,1.8102363478112284,10489.929953325951,8000,1080p
1.0878060756693024,1.2958630710124885,14076.799226398412,8000,1080p
1.6684339334342517,1.8068432719098875,9655.18144808747,8000,1080p
1.7698861311002452,1.386528128500981,10630.553926162782,8000,1080p
0.6190029622928855,0.9230078181148332,21760.17990686678,15000,1440p
0.8940909757113548,0.9968615697519504,17744.72452019084,15000,1440p
0.5886950822308908,0.6183418514033571,27799.01017524916,15000,1440p
1.151783073621418,1.2723563125345099,13841.791520581184,8000,1080p
1.5936813846832583,1.3897410695916679,11246.959662692112,8000,1080p
1.509522715818415,1.0386550944858637,13168.010436443308,8000,1080p
1.6229758472635931,1.1302186256870346,12187.454366069302,8000,1080p
1.1147490882283195,1.00340767787438,15841.335512544923,15000,1440p
1.1096324140242542,1.240724428560806,14276.313873724328,8000,1080p
1.0577363862677294,1.0642627413119736,15812.651175908499,15000,1440p
1.0163927750420174,1.1965108755984812,15163.078605021086,15000,1440p
1.4325044881699802,1.0691951100198733,13412.654350777715,8000,1080p
1.0001534493916875,1.2235035660492635,15089.751597031325,15000,1440p
1.69495771417191,1.6524836168597035,10023.904433796068,8000,1080p
0.9364184583277534,0.9848428785177709,17464.793235829264,15000,1440p
1.5140197010728682,1.3237498728203516,11824.227135526613,8000,1080p
1.2131438208665435,1.0114563813511082,15083.353838838266,15000,1440p
0.9514767302117974,1.2106537709277974,15519.152050403274,15000,1440p
1.230960842859088,1.418946325017166,12662.493391001286,8000,1080p
1.2386841580534196,0.949220516802497,15336.331781552462,15000,1440p
1.437641282868963,1.6157646870876472,10989.181369969227,8000,1080p
1.5267727196579333,2.2778602905951084,8819.361002644597,8000,1080p
1.7638268741928644,1.571733429077805,10059.60886604219,8000,1080p
1.465963746898924,1.8763626638604536,10039.244489103152,8000,1080p
1.2206853953713115,0.9388718993520822,15537.64379485834,15000,1440p
0.9165107311854852,0.8731123008010364,18749.441307063327,15000,1440p
1.5293467232694091,1.483037807828247,11138.827614339594,8000,1080p
1.2281838243582919,1.2998250647549008,13273.067252453631,8000,1080p
1.3688914390047813,1.4426646328935975,11934.470144621322,8000,1080p
1.764646683272089,1.2740981535701574,11042.201238215364,8000,1080p
0.9134570175810914,1.1503733572048822,16258.328402342519,15000,1440p
1.503286653086525,2.1056144016682774,9297.686883321818,8000,1080p
1.2556296860082032,1.0120049855507165,14797.106615472809,8000,1080p
1.5550473223117887,1.437830132920803,11211.428634117701,8000,1080p
1.2908408640609739,1.2940271468389744,12981.100721006516,8000,1080p
2.0709467529440704,1.4310784172442954,9581.43656009051,8000,1080p
1.053247925082253,1.2956936891744075,14284.915298168678,8000,1080p
1.1850598419272425,1.083846985948945,14788.810006538992,8000,1080p
1.0046403416654677,1.070209314220934,16171.982343301463,15000,1440p
0.5639073147396657,0.8204354929509899,24238.528068040534,15000,1440p
1.0574947663641938,1.4895255726630097,13173.994524447187,8000,1080p
1.2374337077603392,1.1405059599752432,14110.716287412184,8000,1080p
1.3263382076320975,1.5109423227315566,11826.265200395723,8000,1080p
0.8654041999883956,0.5904768106831214,23047.509895415977,15000,1440p
1.1032032717616815,0.7429780627611067,18175.04671537227,15000,1440p
1.4245798033883814,1.584163059595071,11152.30962832351,8000,1080p
1.4105118760187094,1.684323162411385,10842.074483239996,8000,1080p
0.8501425913851361,0.8377813621448609,19879.113587923668,15000,1440p
1.6327026610102513,1.1369619066272476,12114.980417510144,8000,1080p
1.1601112100369,1.523938092526222,12501.421627373735,8000,1080p
1.7150774565008915,1.6092720534720464,10093.533155685893,8000,1080p
1.4760426184965882,1.9297873068369542,9852.05742377577,8000,1080p
1.9580381710334722,1.357248678059179,10121.124815846144,8000,1080p
1.262495240689628,1.1517872413859485,13898.304050631643,8000,1080p
1.6351363838595472,1.264140483567888,11573.37968545697,8000,1080p
1.2299654541492655,0.9695970534964553,15255.048166789604,15000,1440p
0.670136784847967,0.9668496674765924,20497.684603529808,15000,1440p
1.191410055873476,1.3915811385349408,12990.532864625186,8000,1080p
0.7743315061043811,0.874645376925789,20348.636991405343,15000,1440p
0.9245081968355457,0.7688924038254614,19814.82230896946,15000,1440p
1.0300375385880893,0.7517396841439883,18832.001875380083,15000,1440p
2.0836584973214034,1.806490961693053,8625.486592101475,8000,1080p
1.0295525009544446,1.097421806911789,15775.663991758125,15000,1440p
0.6524502872684194,0.7429985651968439,24045.61940104162,15000,1440p
1.5048498321742083,2.124246141143906,9245.947819153675,8000,1080p
0.9675173422163429,1.3676189483685897,14369.367704698252,8000,1080p
1.0093639292664396,0.7539110152079009,19029.60857304253,15000,1440p
0.9231722709538925,1.305535124943203,15055.557343135986,15000,1440p
1.304159910585145,1.2905367504981902,12931.92861549773,8000,1080p
1.1275526456573517,1.0323727689461224,15534.99568695062,15000,1440p
0.8593955052209833,1.1472029662495258,16722.046028177265,15000,1440p
0.6148383922138548,0.8869785877577553,22342.557347190403,15000,1440p
2.045745158935439,1.4332284907302992,9644.92272116632,8000,1080p
1.3433429603276006,1.7667237224903058,10788.97509991576,8000,1080p
0.9598095851266901,1.320873846006963,14712.446077323932,8000,1080p
1.356413239166434,1.0782145781214245,13782.160772885265,8000,1080p
0.9629513833135779,0.9287000943135444,17738.168154574912,15000,1440p
1.7012996914112215,1.2032595782986808,11552.331656620423,8000,1080p
1.0123362062090109,0.9601129844070446,17011.55708326253,15000,1440p
0.8069112471801299,0.6134463540035215,23623.93243225333,15000,1440p
1.2604871541851261,1.3420468374901284,12892.985108871131,8000,1080p
0.7868003341640262,0.8506591869227258,20491.762738495385,15000,1440p
1.484940191911122,1.0527838904728983,13222.253842694308,8000,1080p
1.5422547873689236,2.238424168795408,8875.239709335827,8000,1080p
0.9574315260615374,0.8180126590864047,18899.17592492721,15000,1440p
0.6606412155246554,0.9868068269818658,20367.520634488952,15000,1440p
0.816559124270791,1.1600508841766757,16975.74729288931,15000,1440p
1.0541019734074548,1.1771361018799449,15038.481268153308,15000,1440p
0.7205301365010819,0.9906629572440098,19608.793491892415,15000,1440p
1.9896545581117115,1.495396498312571,9628.103421367772,8000,1080p
1.1905097145674892,1.1942299450935288,14070.48013147466,8000,1080p
1.2063642705309348,1.6350154226552291,11809.20384574648,8000,1080p
1.60721298247703,1.3763280049053077,11246.512832203312,8000,1080p
0.8702223691240538,1.1318700291378978,16759.682035219324,15000,1440p
0.7162105432414078,0.8080258506413834,22013.929161292697,15000,1440p
0.7859808143252927,0.906166048705068,19829.503415507003,15000,1440p
1.9580100723851743,1.3646627684161252,10098.626499715203,8000,1080p
0.93266772164376,0.8530485524439293,18790.460997026385,15000,1440p
0.9747643578808988,1.0279115629107372,16754.798742842177,15000,1440p
0.5931661221716483,0.8794484680914744,22785.616971243362,15000,1440p
1.2432201903009787,1.7691466797401045,11138.892919620503,8000,1080p
0.950570007502985,0.8405698220804185,18733.563648017553,15000,1440p
1.5700067819805945,1.1568721149621826,12305.06864005561,8000,1080p
1.0453716084235187,0.9404645645867757,16896.878229957623,15000,1440p
1.2172995299063418,1.6282635423903649,11791.842650290508,8000,1080p
1.8160041207835982,1.6965773987458732,9552.641501255404,8000,1080p
0.8408257096199898,0.9807774488515795,18420.275483137673,15000,1440p
1.3095484339411463,0.9418214876036208,14904.00652460382,8000,1080p
0.9157603712481565,0.8436898940156338,19070.974987161266,15000,1440p
1.1827294700450892,1.0029252406407845,15352.119360825473,15000,1440p
1.344163579938314,1.8998539444715503,10343.480498337954,8000,1080p
1.4982259250779608,1.05865583612933,13123.184853161338,8000,1080p
1.3984244467758877,1.0573584090426738,13663.436048711903,8000,1080p
1.3009966710610201,1.6999490894681033,11181.285727098153,8000,1080p
1.821999581546875,2.0780714542332155,8603.54380527032,8000,1080p
0.9436060794089762,1.2342111076578268,15407.368533624645,15000,1440p
1.6602305414347878,1.9913035753860993,9189.132821032847,8000,1080p
1.1687178170819363,0.785497355082927,17170.2852776589,15000,1440p
0.8629211671070214,1.1062695000698726,17039.707002118237,15000,1440p
2.3609640040155524,1.618357092092038,8432.20016419926,8000,1080p
0.8203207122794005,1.2054703575557468,16563.619269350693,15000,1440p
1.7630453166436495,1.7025508894768802,9682.152796895407,8000,1080p
1.290055841371078,1.0676975097253332,14231.527646603234,8000,1080p
1.205194418528865,1.6121868898322274,11909.794354218617,8000,1080p
1.093241300715493,1.1027757050834783,15279.67766706432,15000,1440p
1.0110398742834845,0.9527989371466254,17086.143630884315,15000,1440p
1.4410575889143922,1.238752458901248,12521.197921229828,8000,1080p
1.1593413084697912,1.0024820576128317,15521.35689087449,15000,1440p
0.7742765286690764,1.000366418043963,18907.70876595142,15000,1440p
1.1002576068133234,1.0643912794039545,15501.096835448609,15000,1440p
0.9115379405058881,1.0115172641999002,17448.501695578496,15000,1440p
0.6160249891292973,0.8793804572714721,22438.350803630416,15000,1440p
1.7134412878135776,1.4254538788976607,10689.886159898893,8000,1080p
0.8911838623314835,0.9565371090130003,18159.902128287427,15000,1440p
0.7659622681825883,0.9804276847120982,19213.59656494969,15000,1440p
1.0555763086344556,0.8558805935941898,17554.375388154196,15000,1440p
1.385404003212053,1.0453488754153153,13804.131343432982,8000,1080p
1.9332004523881596,2.4274238287920746,7694.86886196906,4000,720p
1.5172381364683536,2.222614834298894,8972.125979892775,8000,1080p
1.2029350396520855,1.7556137259554327,11341.517297285387,8000,1080p
1.4590513852620106,1.9839095231596218,9745.80684837995,8000,1080p
0.8187096072850052,0.5706494943501143,24151.014637259876,15000,1440p
1.607559469440607,1.295010727610837,11560.248235886265,8000,1080p
1.1669301355743587,0.8583532989466143,16567.770924338012,15000,1440p
1.1108253514472486,1.003359478106202,15871.096760772438,15000,1440p
1.7001931370604937,1.6501981293002008,10015.078637799796,8000,1080p
1.0153593526678435,1.2285276450340339,14953.708468548308,8000,1080p
0.8194898581011761,1.196660467894374,16642.822495604953,15000,1440p
1.503829696060356,1.5193871013848956,11098.916898171161,8000,1080p
0.9951787834217264,1.1995005541848687,15288.990708133584,15000,1440p
1.384001025919796,1.0393720922099872,13846.168280473186,8000,1080p
2.1177114692663923,2.438771586193003,7364.107710177133,4000,720p
1.2266924872938403,1.6131613951737767,11815.548753108294,8000,1080p
1.2675208589066034,1.8774743570241017,10669.152000624003,8000,1080p
1.1438090679609405,0.7973702663459519,17285.59098429758,15000,1440p
1.0726759969563682,1.150158264485371,15095.336877809532,15000,1440p
0.871738050885,0.7511733793764107,20675.454848817728,15000,1440p
1.3310561014981335,1.588666698756785,11492.334819274758,8000,1080p
1.078083608857211,0.7977554857923284,17887.692017778812,15000,1440p
0.8912769377694995,1.1048379636934658,16809.87000067368,15000,1440p
1.2908155181381076,1.7138581376742097,11167.413118257104,8000,1080p
1.323831826994022,1.9115574729824432,10371.064774258875,8000,1080p
1.4057201259129564,1.635633849547858,11032.72827521366,8000,1080p
1.6607573179085464,1.525725340386554,10530.241522780796,8000,1080p
1.6195277539569162,1.1663486467871023,12044.479787774751,8000,1080p
1.3479819290312134,1.2465958131527117,12932.521332645189,8000,1080p
1.5650136975615205,1.6791818849190436,10342.912795147739,8000,1080p
0.6522643668561033,0.7889860484360397,23281.472562974755,15000,1440p
0.9546541069071002,1.1038771454229752,16300.180996533014,15000,1440p
1.424202039572109,1.1802338665124656,12883.569882295416,8000,1080p
0.8873107785566577,0.863465207553565,19165.46278119189,15000,1440p
0.9902225008779517,1.3145965597562066,14558.380123239558,8000,1080p
1.4376954678666387,1.2293928630804143,12580.922652863619,8000,1080p
1.149905422883499,1.35647413262023,13387.609999578164,8000,1080p
0.9863519595165325,1.2345867388209233,15108.220692952078,15000,1440p
0.9644454514116124,1.3630623610460155,14416.463747363192,8000,1080p
1.2602527859903203,1.0056141044080937,14808.65100336941,8000,1080p
1.2085522003829028,1.2784445804101776,13491.948304532907,8000,1080p
0.855701990996327,1.265805577751998,15816.315008386648,15000,1440p
1.4457327951077241,1.5106278421400972,11349.911637044723,8000,1080p
0.6277694305703666,0.6660629297464201,25934.141878925035,15000,1440p
1.4828999067023965,1.3183083532101598,11978.556710755754,8000,1080p
0.8434258157038139,0.6363231197033574,22675.760189526394,15000,1440p
1.4471831584804142,2.0459197787847767,9605.909875152529,8000,1080p
1.1325258795946944,1.3087155445654577,13744.823296837001,8000,1080p
0.8889975668771163,1.1258896128982654,16653.25599210008,15000,1440p
1.7701379334360745,1.2317517627830175,11177.76980355478,8000,1080p
0.8749316855351835,1.119101423356836,16827.419690460632,15000,1440p
1.1400938988068174,0.7802649241204505,17473.001190919018,15000,1440p
1.258711932653942,1.3607622989019084,12809.60568185096,8000,1080p
1.0918403127456866,1.274020324843189,14182.759316794078,8000,1080p
1.1474493085111135,0.9514799998014407,15986.451695686821,15000,1440p
1.3695904586239815,1.022078871108992,14029.712043740721,8000,1080p
1.0973448055920896,0.8021530429645019,17664.896027914776,15000,1440p
1.5089674536178015,1.7733659924654661,10222.737132340933,8000,1080p
1.7643550751343215,2.142763704054293,8588.02455116765,8000,1080p
1.7866174023925054,1.2399002750938541,11086.811833152171,8000,1080p
1.1423934289100535,1.4649726334593436,12869.091334842338,8000,1080p
1.1213438683089283,1.4489517367754585,13054.697651750586,8000,1080p
0.8259777716874006,0.7520103348362115,21264.058874259907,15000,1440p
0.902607793180396,0.8541764134369358,19099.916696432898,15000,1440p
1.0079239363305956,1.3440215569203775,14266.670760987507,8000,1080p
0.9933430199852483,1.4819204978027356,13555.902940785018,8000,1080p
0.7038858160671608,0.7729808776248634,22720.01402923994,15000,1440p
1.4304324013633798,1.3841631020517944,11921.58232303211,8000,1080p
1.0697447227679073,1.5464166816428957,12825.826397189334,8000,1080p
0.8741828407910555,1.1028498069737358,16972.11830969824,15000,1440p
1.3674988404022592,1.206257624129628,13037.143359289377,8000,1080p
1.7699699284196657,1.1829985756243802,11362.949504557095,8000,1080p
1.112716240504163,1.0660505896827108,15400.65303689336,15000,1440p
1.382285883565357,0.9940617701045726,14120.169642762485,8000,1080p
1.437365490334331,1.0979148681806754,13234.998601753807,8000,1080p
1.4437871668426288,0.9672429178734674,13917.052388813765,8000,1080p
1.1645767278507138,0.9030125498865833,16228.770559654327,15000,1440p
1.1159619362543338,1.0518693597616908,15478.34098606535,15000,1440p
1.3805223758707879,1.5017797961418102,11641.53860265465,8000,1080p
0.8650201162125384,1.0251218092728391,17752.334651475136,15000,1440p
1.5655899263748492,2.2314161145526716,8837.07627491776,8000,1080p
0.7946405834430059,0.6464518781056741,23284.024374078326,15000,1440p
1.0859056078499612,1.2793069238450727,14186.645618672228,8000,1080p
1.7477483715730655,2.37758172877907,8133.756859150693,8000,1080p
0.9054015073629108,1.1259683349632255,16518.130426499087,15000,1440p
1.2738027678739,1.8713316155034936,10668.679906760508,8000,1080p
1.2841742355190897,1.8939814494902025,10557.831436096529,8000,1080p
2.574385092136883,1.9588177258159116,7401.926043792866,4000,720p
0.858915170550475,0.7489986593583609,20868.302377809912,15000,1440p
1.3639678521887624,1.3466654225067347,12378.816534586143,8000,1080p
0.8995518736702888,0.6492913328087648,21664.18902806724,15000,1440p
1.0798418563507333,0.8163363834650912,17695.821677216976,15000,1440p
1.6740463813245108,1.772347532538737,9736.098901819101,8000,1080p
1.2020717151978557,0.8547853554503639,16313.44855159299,15000,1440p
1.2328714664243938,0.8730572123347315,15933.318321003753,15000,1440p
0.9097195762689518,0.8110118996649864,19500.097760336554,15000,1440p
1.5289926740400805,2.0984293383158787,9250.214583719437,8000,1080p
1.4216093910049705,1.099776929578898,13307.929739314966,8000,1080p
1.2506930133485874,1.0208398739896622,14771.71305202568,8000,1080p
1.0761274518102546,1.460628103519154,13227.302066809829,8000,1080p
1.0079374762602273,0.8502755973939462,18057.36515135762,15000,1440p
0.9332587762734031,0.9714612000062947,17616.464581601424,15000,1440p
1.3625685994368133,1.463017837436251,11875.209889927493,8000,1080p
1.34964891614116,1.1868611120771715,13228.582432835461,8000,1080p
1.0965943511687222,0.8965559472339806,16834.872927992583,15000,1440p
1.1516043083227618,1.700631744158486,11764.254915300566,8000,1080p
2.1326152779727545,2.2612856190150037,7636.592810503137,4000,720p
1.917157084679455,1.7953571325179065,9038.196229543546,8000,1080p
1.97694447573377,1.3470814309990302,10094.515789433422,8000,1080p
0.9406409184195257,0.8545455251134146,18691.33544366825,15000,1440p
0.9155273492153726,0.7356402941849696,20321.638529022694,15000,1440p
1.6832273131662896,1.5500637218791475,10377.795143185576,8000,1080p
1.3109465305370176,1.5004206706309293,11935.27191540836,8000,1080p
2.2607841468091974,2.6058807615294675,6894.748792444494,4000,720p
1.4884106484550943,1.883875647377559,9950.054371559534,8000,1080p
0.9021923220765303,0.6474070426605943,21653.617550167364,15000,1440p
1.5513859825024963,1.4178197365716325,11300.81078062287,8000,1080p
1.4876493462313636,1.5071475958083653,11204.242774852837,8000,1080p
0.9363512084587592,1.3335293091398923,14782.466187029902,8000,1080p
0.926808877116103,1.0929335360731964,16613.2234392283,15000,1440p
1.9532811754728177,1.498442040109786,9721.066813387723,8000,1080p
1.2058612201717012,1.8072106231953537,11136.286734704445,8000,1080p
1.3401339008950184,1.089592247479704,13809.964560181,8000,1080p
1.3378939742841247,1.3017051033728082,12711.94261432495,8000,1080p
1.0596747589145996,1.0531430941047073,15881.365235554633,15000,1440p
1.2147315599665613,0.9147836590191372,15756.840665352081,15000,1440p
1.4693825275057364,2.125131091922414,9334.901895666808,8000,1080p
1.3210512385309776,1.5471056635130764,11698.952723293034,8000,1080p
1.0851621176997117,1.0834338257822669,15472.883319205952,15000,1440p
1.2649974908018335,1.442893982389728,12391.350366952574,8000,1080p
1.3397509839098596,1.7898486952858288,10721.637090857428,8000,1080p
0.8850739965162896,1.0192210452702248,17620.395612919787,15000,1440p
0.8571871905192971,0.9648658611490235,18415.727231035704,15000,1440p
1.2296765532639393,1.06306048796831,14635.098311128566,8000,1080p
1.0380387676514826,1.4736309998214971,13359.412305925673,8000,1080p
1.2011775210260704,0.8034213977129474,16738.725979712308,15000,1440p
1.0712807015495753,1.358488963435666,13809.717226922336,8000,1080p
0.5614629794443574,0.8179167718338282,24325.73913667153,15000,1440p
1.1907767034717525,0.8287775836579918,16614.770998648735,15000,1440p
1.2258798159141238,1.0825289672002842,14535.74091618633,8000,1080p
1.3892253811430428,1.3462050503063383,12266.600391010865,8000,1080p
1.4214373997709866,1.0803534519205473,13412.165120562684,8000,1080p
1.4327753399707286,1.7235021177944112,10631.01468391148,8000,1080p
1.1698396448818538,1.0899485160310438,14848.485614883855,8000,1080p
1.5120284544978853,1.4317008325563687,11398.613366916434,8000,1080p
1.1509461071357745,1.4257718574445544,13022.159375314102,8000,1080p
0.7779896746099604,0.9709905522712707,19185.14085195464,15000,1440p
0.8535636332869402,0.7693247742258457,20675.748156600006,15000,1440p
0.9654002989947981,1.0584968774865775,16579.118934458762,15000,1440p
0.8911810616301395,0.8463843185684051,19311.176651186426,15000,1440p
1.1506223187590847,1.352636570465291,13404.299549055711,8000,1080p
1.2954268692782818,1.7884017791246118,10880.770569849188,8000,1080p
0.8448687791942887,0.6519526647700137,22417.124056648827,15000,1440p
1.303509709892828,1.935020388082961,10361.00668663628,8000,1080p
2.5439791984051747,1.8076977984500302,7710.68993039891,4000,720p
1.1715306576976352,1.155898236396343,14416.952580225687,8000,1080p
1.4990369898572384,1.0866723756554795,12976.876847621474,8000,1080p
0.9127765500793784,0.9147299849178593,18360.77264700491,15000,1440p
1.2519542555908274,0.9658264672197221,15129.733816730599,15000,1440p
0.9852609327663103,1.2909159746603796,14741.57473899278,8000,1080p
1.6696078424014686,1.9481685751399178,9274.877197304342,8000,1080p
1.316374854632011,1.5625829839742549,11655.061963757016,8000,1080p
1.4410036382118452,0.9957919263709594,13769.900309936233,8000,1080p
1.4402835729137506,1.0629444247907212,13404.464967142556,8000,1080p
2.1219405570026715,1.5719045073508289,9083.876398555098,8000,1080p
1.394279353992729,1.1673233146583786,13098.999470385912,8000,1080p
1.9254386885468477,1.4365090741607882,9980.652398053928,8000,1080p
0.9706276369569358,0.9942550596472552,17077.066258454233,15000,1440p
1.2466967980945514,1.512016232022706,12163.074460330436,8000,1080p
1.0094755690831014,0.9492500163132289,17130.746772376777,15000,1440p
1.1806434678632591,1.401819311092579,12993.19094680892,8000,1080p
1.9928780075139099,1.609525235749078,9314.457525750793,8000,1080p
1.5196713600181528,1.3060764211711278,11874.53184016227,8000,1080p
1.069782964754754,0.8608663239136807,17379.869143992706,15000,1440p
1.1673456458384963,0.9147116954006369,16115.998025313813,15000,1440p
1.0743115625312267,1.2262731967142075,14585.175297347216,8000,1080p
2.3271572149172113,1.7218377244178922,8287.10149129257,8000,1080p
1.1394404066681987,1.0700340512868016,15186.612309180808,15000,1440p
0.6857274609802732,0.9356450633615555,20695.078704149688,15000,1440p
0.7928083882408635,1.083160352092932,17886.455823368135,15000,1440p
0.8165363838331801,1.1077289135272408,17437.529038240067,15000,1440p
0.9516114404613654,1.071936377722008,16581.981260083725,15000,1440p
2.222815846508852,2.1749418919934387,7629.895504754967,4000,720p
1.8250600386801985,1.5245236376404006,10017.493289452132,8000,1080p
1.1569132600415193,1.1803553053620606,14356.258624565082,8000,1080p
1.4504897079137182,1.1883503359679792,12715.599067021089,8000,1080p
1.3047361479398396,1.7224488705660979,11084.36775250716,8000,1080p
1.467262314141996,1.3204759379953719,12036.435620981887,8000,1080p
1.3597790516065622,1.3264879672502277,12491.100759700334,8000,1080p
1.2161524703966262,0.9063573391101407,15808.846606837331,15000,1440p
1.783699580997838,1.4537642002433564,10364.419269931026,8000,1080p
1.2704566181843704,1.205533322247253,13551.925818467045,8000,1080p
1.0318441002145744,1.1132852586876631,15642.14850761791,15000,1440p
1.1268745590312552,1.1021836731371157,15053.187716571721,15000,1440p
1.8928551738540458,1.8151575197401204,9049.168590487154,8000,1080p
0.9485199471100431,0.9652419916126934,17533.23196635134,15000,1440p
1.3721688540616914,1.6695614479548877,11031.363292713488,8000,1080p
0.6378836933564513,0.7016561616884722,25049.22259209279,15000,1440p
1.3318656955584245,1.1520561103189035,13508.650683207994,8000,1080p
1.3413014617510406,1.3353613258954886,12535.920533158725,8000,1080p
1.1629688028093355,1.09429921659748,14865.063302858349,8000,1080p
1.2173260375699853,1.6979539603296327,11509.848804977593,8000,1080p
0.9361900230358667,1.0712479113053788,16715.053265649836,15000,1440p
1.063812625145557,1.3594091357070437,13847.033128405881,8000,1080p
1.104140891319864,1.2108827537197386,14494.207034082363,8000,1080p
0.7259371793646915,0.774763892733927,22359.171072675137,15000,1440p
0.9519038188178376,1.048754304189885,16771.697080136502,15000,1440p
1.667318271668563,1.704807982577758,9950.526602539532,8000,1080p
1.3524201871253574,1.4857539916997267,11822.54149528289,8000,1080p
1.9126302937989492,1.670734345845593,9363.945725414225,8000,1080p
0.6339300072333401,0.853023625394255,22565.889926712764,15000,1440p
1.0098651277271313,0.794676371830517,18594.43631982156,15000,1440p
0.9545871475178342,1.334066722389318,14661.208687428678,8000,1080p
1.4758742681808021,1.1035943441178375,13008.273037328672,8000,1080p
1.0866515460917658,0.97776999438886,16253.672683626459,15000,1440p
1.2350856285983225,1.8078105396480426,11027.136696332815,8000,1080p
1.2700485090174276,1.329747433903296,12906.563721421726,8000,1080p
1.472253379747389,1.2293230485019948,12420.315653162255,8000,1080p
1.8768004189203837,1.412531869186178,10200.985811413702,8000,1080p
1.0591989934786796,0.8392247716965804,17674.89040936142,15000,1440p
1.8822570058723422,1.4399811172534434,10099.947913555854,8000,1080p
1.410715788826393,1.6830784906613074,10845.721780039059,8000,1080p
1.1633084824035707,0.8881855397068881,16356.095430139805,15000,1440p
1.2732710533349392,0.9103457943149087,15366.446744589595,15000,1440p
0.7577903488023575,0.9292919519110806,19889.03089423107,15000,1440p
1.66028292265637,1.5022616664133461,10609.947482154003,8000,1080p
1.4084589638482337,1.9525775496389848,9983.358367382285,8000,1080p
1.181905981692188,1.4993258175003148,12514.558424268082,8000,1080p
1.1172044103711196,1.5169498193791415,12738.218446374427,8000,1080p
1.1517761268268072,1.2771247739308351,13814.656657887292,8000,1080p
1.6545612523965394,1.8897654160170885,9467.08222439844,8000,1080p
1.1419105614211058,1.4143216910942473,13126.51930081164,8000,1080p
0.9129762746531754,0.9517462379858287,17994.32986547306,15000,1440p
0.956938124585519,1.0315957613376718,16873.95534847631,15000,1440p
1.889052326872146,1.362917689206528,10318.186156113756,8000,1080p
0.9803884862374845,1.080306986267097,16283.061931134222,15000,1440p
0.8201992505610517,0.7976541356880237,20740.094427094242,15000,1440p
0.9875721992903587,1.0193998712935497,16718.933208790335,15000,1440p
1.5248288667595162,1.1355864999794532,12612.478645065743,8000,1080p
0.9756572197029558,0.892981259416588,17956.620488629786,15000,1440p
1.1137363504113373,1.2864790953552847,13979.758383432454,8000,1080p
1.1928263952867428,1.3353900134537657,13271.977780065095,8000,1080p
0.7784064734463165,1.0668210497082067,18184.441527642488,15000,1440p
1.0312065877893997,0.8879029720495237,17484.375411488403,15000,1440p
1.7059569189526662,1.7436326990737452,9727.079367544378,8000,1080p
1.1150302043630596,0.9995038234013831,15868.475777367785,15000,1440p
1.307607204390994,1.2203200617257959,13273.495819974194,8000,1080p
0.89968783374627,1.1742891081313496,16178.787392699936,15000,1440p
1.2132682302989135,1.6151218225911568,11863.438695703879,8000,1080p
1.8135245006158769,1.3331898602344943,10663.323121241998,8000,1080p
1.3055586923184517,1.2429550805550076,13166.274538970707,8000,1080p
1.5910670418716757,1.1236906236188005,12360.010039399855,8000,1080p
1.3990923786434506,0.9943920064032781,14019.072867001347,8000,1080p
1.1119499483056188,1.575091821613244,12487.499217778517,8000,1080p
1.2574528753447225,1.2195939481079467,13546.143610329354,8000,1080p
0.936901542959447,0.8339212751823833,18948.497645410695,15000,1440p
1.5543349440385656,1.3760328955063217,11450.587037977904,8000,1080p
2.4376866520979728,1.834908433049899,7853.407901123095,4000,720p
1.537570992412706,1.0480014029343487,12977.56429500249,8000,1080p
1.0951243013930534,1.2724369707111496,14172.571749401033,8000,1080p
1.0737807983868268,1.1245409752317521,15263.658124427913,15000,1440p
1.767497459619506,1.8058432123060895,9390.21355104053,8000,1080p
1.150484852105773,1.4952265807670082,12682.574366610246,8000,1080p
1.213786404239463,0.961918198103668,15422.328915360782,15000,1440p
1.267590193394981,1.3818979207882285,12664.496141868613,8000,1080p
1.1355179881400257,1.304960938621438,13749.117696552707,8000,1080p
0.8786780662304865,1.1466495422931857,16567.40956810386,15000,1440p
0.887201451596225,0.6089918932051726,22426.534723327462,15000,1440p
2.0893609308193897,1.4867308453562464,9382.989615519311,8000,1080p
1.5375379787370351,1.1226621825814125,12613.498971960727,8000,1080p
1.696715252275826,1.1932038988256901,11610.85492208682,8000,1080p
1.3421334973756482,1.5592315869816056,11565.04990733815,8000,1080p
1.636900360820448,2.016251574081529,9185.063363892186,8000,1080p
1.3983891128287231,1.5202407040256767,11496.638527514197,8000,1080p
1.8366869620792856,1.7438618042579754,9371.30987167776,8000,1080p
0.6947304943464647,0.7463232789112728,23284.649485455855,15000,1440p
1.3797693592613482,1.8729875915680823,10315.68989236772,8000,1080p
1.044424887644589,0.8449456214657081,17759.582801893503,15000,1440p
1.2114751581535645,1.4304605399586898,12700.699727088622,8000,1080p
1.129481699041989,1.276856737240562,13944.186525913954,8000,1080p
1.0471317191514615,0.9979781287644414,16407.153891608366,15000,1440p
0.972548210599802,1.3521906476828296,14433.634935146165,8000,1080p
0.8515446839263522,1.1193574708132843,17024.9100998282,15000,1440p
1.7986579009237462,1.8284898546044932,9250.914013320447,8000,1080p
1.4071779257018204,1.193069533885565,12904.322577561334,8000,1080p
1.234147832262131,1.1940012695794,13818.933925660496,8000,1080p
1.3709144426593716,1.3004293025583384,12560.881414108453,8000,1080p
1.3402372861969374,1.59888853899123,11416.466662447769,8000,1080p
1.3290081757827463,1.3061504725877946,12733.363139539433,8000,1080p
0.9496739400616627,1.2166080069186844,15489.41126835897,15000,1440p
0.6560098232341622,0.7306758990993818,24197.57516759738,15000,1440p
1.088137591292165,1.2546614901280908,14322.368600067306,8000,1080p
0.8540448691114086,0.9794294609415113,18301.009973251992,15000,1440p
1.385905360260472,1.675164176672139,10961.669310401783,8000,1080p
1.1571608857444966,0.8858000444647911,16424.411991355395,15000,1440p
1.5654201930626594,1.1617529210495852,12303.74112533106,8000,1080p
2.2822271905644924,1.6430260981654086,8548.34822923166,8000,1080p
1.4676438715903433,1.4171524004480998,11631.473711067265,8000,1080p
1.7449907231928692,1.8125003636602304,9432.049492408349,8000,1080p
0.8876445583628657,0.7239407208781564,20820.761043314134,15000,1440p
0.9088667962405497,1.1208488386216544,16531.59261507979,15000,1440p
1.2154106246953207,0.8613048151690776,16157.452945113644,15000,1440p
1.3709804604904785,0.9479678930980646,14469.676285836613,8000,1080p
1.7942542038770817,1.6191567543398444,9830.176445419256,8000,1080p
1.197406343714739,1.1371657822813808,14372.84015617334,8000,1080p
1.1612537302790384,1.2627663837308525,13842.47259586192,8000,1080p
1.0033953202303025,0.863369142250844,17974.646868626518,15000,1440p
1.0924950668385507,1.502908991663047,12928.403918491193,8000,1080p
1.0119896239577852,1.3108912179677712,14445.180051588437,8000,1080p
1.0259749731836367,0.7927745577384342,18449.17699194597,15000,1440p
2.4574182539109644,2.0416207673940163,7458.13313489939,4000,720p
1.5950158642054146,1.5586905866414995,10639.681442446587,8000,1080p
1.2391792013444753,1.241222612280028,13527.82110369786,8000,1080p
1.1540009098908164,1.5230178372949266,12534.253648867649,8000,1080p
1.4479266815514604,1.9604082321020067,9844.8165600112,8000,1080p
1.1818406478510146,1.3637812830892708,13181.231506599206,8000,1080p
1.2409231146574344,1.1075818674646605,14287.571137992825,8000,1080p
1.8092130197894816,1.4252149012651578,10374.147397620478,8000,1080p
0.7438145567456278,1.0435114579032991,18773.53752196735,15000,1440p
1.4538019577558428,0.9851090531293274,13757.956666004746,8000,1080p
0.8082057064206226,0.8837205450331326,19832.088999842043,15000,1440p
0.9064462551832603,1.2396463993279108,15635.127369485781,15000,1440p
1.5502445883730656,1.6534640647017071,10473.621553506746,8000,1080p
1.2326819822629376,1.08477615767737,14478.98083754138,8000,1080p
1.0540384647765655,0.7229413081733633,18882.844087919442,15000,1440p
1.1053708101011153,1.4636134387358033,13061.361514844408,8000,1080p
2.0778011082621446,2.282159208018425,7696.04068979804,4000,720p
0.9058845612266292,0.8340400351069132,19284.992045464274,15000,1440p
0.9967661292140401,1.1374635374911284,15722.034288747123,15000,1440p
2.285031466046518,1.603007854266461,8630.167864994466,8000,1080p
1.1401099829693218,1.6477434636275325,12035.938273929016,8000,1080p
1.3980346534549146,1.0267142242170602,13838.312209970352,8000,1080p
0.9957199180439738,1.2324340324959706,15059.296953816329,15000,1440p
1.0615828381084864,1.0113761349203296,16186.73231673918,15000,1440p
0.7064333147124444,1.0014189095990063,19647.151856787863,15000,1440p
0.8924175867471783,1.0711489987184772,17088.512428542184,15000,1440p
0.9493782448952979,0.89245633658939,18217.94005678406,15000,1440p
0.9805503040153041,0.7120242446849252,19824.492827076534,15000,1440p
1.5323337254636051,1.1683127875136643,12424.59234807766,8000,1080p
1.201770414025314,0.8756578269078947,16151.909047374314,15000,1440p
1.4184195287027486,1.3355706164276697,12183.933213897173,8000,1080p
1.2271283708112781,1.3840748886867873,12850.180037861146,8000,1080p
1.6310638016339454,1.4354979235543468,10942.037045720872,8000,1080p
1.1347901547747443,1.3769661722946798,13358.951916784627,8000,1080p
1.4074987772233838,1.253530725027935,12609.56782764409,8000,1080p
1.4986738459463722,1.3658761463000153,11713.683507295513,8000,1080p
1.0292716539715183,0.7143323453594381,19244.29630402045,15000,1440p
0.9605981186586998,0.9675146828430234,17402.732855601556,15000,1440p
0.7257700929140066,1.0444872372109226,18954.55052155159,15000,1440p
1.1666102264023004,1.067276238849074,15020.652357202134,15000,1440p
1.0355493478359654,1.0873298353945828,15806.095921548227,15000,1440p
1.2861115834626997,1.3545506490522017,12706.824669523745,8000,1080p
1.0042922353236916,1.2000060259470562,15222.27394974051,15000,1440p
0.7111563615902685,1.0019306939039858,19587.11432228935,15000,1440p
1.1700859688916467,0.8019965775314302,17014.719825425334,15000,1440p
0.9704984180553965,0.7117679397549955,19945.9686298868,15000,1440p
0.9831009448698989,0.749046215725224,19371.58271729726,15000,1440p
1.1615892610059566,1.1983125284767757,14218.571361545857,8000,1080p
0.9467798675772392,0.9631520995720355,17568.391218710607,15000,1440p
1.382859993431017,1.1612415143467174,13189.108963387906,8000,1080p
0.9186178940318181,0.8795477927176771,18660.367199340573,15000,1440p
1.2530153689512125,0.9177305763278427,15457.558298323338,15000,1440p
1.3563059248534015,1.449817998419597,11957.573121312078,8000,1080p
1.004668397151059,1.4993803336273974,13400.071487254414,8000,1080p
1.1295509833102584,1.5084979734263981,12719.412167963636,8000,1080p
0.8699235765318075,1.038543319847979,17581.877927068137,15000,1440p
0.8550677818749374,1.0704922107065804,17425.804508440673,15000,1440p
1.007757517950472,1.2630884170725385,14776.181634559012,8000,1080p
1.0414050553258176,1.5397683778524887,12999.681295604778,8000,1080p
0.9626209090300798,1.3501788815835347,14508.143824718003,8000,1080p
1.2771697958592962,0.8688700633228621,15635.512013643294,15000,1440p
1.5637663853631936,1.1717487093153869,12266.220744046963,8000,1080p
0.9923725495616219,0.9570657178925434,17212.359355097622,15000,1440p
1.0693802767873777,0.7947501227688383,18000.04549466504,15000,1440p
0.8693974922719158,0.9627297229842761,18314.46622297349,15000,1440p
0.9813139945187166,1.084937389897383,16239.278653638807,15000,1440p
1.5094072656866333,1.026852675130092,13229.886834546942,8000,1080p
1.1117836065819118,1.4092561622321682,13309.759098240767,8000,1080p
1.5314268071152968,2.03593986750929,9405.93862657281,8000,1080p
1.6253850002833792,1.930177970631481,9437.16431813506,8000,1080p
2.0893965048748386,1.464075891230224,9442.716379837027,8000,1080p
1.1692893562415942,1.3995903402925773,13061.893106660573,8000,1080p
1.5794345648178096,1.637354188625059,10431.033733280534,8000,1080p
0.5904363351437438,0.8286003868769178,23645.922250848867,15000,1440p
1.6603626502853066,1.4223182640920888,10884.821663995328,8000,1080p
1.2112991165187768,0.8475967804403237,16297.294122329562,15000,1440p
1.3558542586505633,1.1030284759476487,13646.210747615372,8000,1080p
0.9102657054289123,0.6333470666196421,21737.596764938236,15000,1440p
1.1432354888303562,1.276094835318957,13869.305759972416,8000,1080p
1.3490876267970795,1.071474280178741,13862.249051883135,8000,1080p
1.5093169039427856,1.2623861414593796,12106.07032945384,8000,1080p
1.237751274738031,1.282918040212478,13311.715186511408,8000,1080p
0.8231493538231659,1.200279085307292,16582.959570549272,15000,1440p
1.1883102951849285,0.8087621446596753,16801.81015497412,15000,1440p
1.0785220040632644,1.6044407172399167,12506.48461626846,8000,1080p
0.8034403600347559,0.763744958247802,21410.63447223429,15000,1440p
1.3464606016111105,1.6392760024554371,11238.242500794997,8000,1080p
1.2764509960611776,1.0131218018909371,14655.324360078188,8000,1080p
1.4297427865826458,1.154249568443539,12985.49971896491,8000,1080p
0.7691459908795985,1.0278794597175627,18672.207446394084,15000,1440p
1.0184149156010256,0.6953139552232359,19579.778675176978,15000,1440p
1.3519969667329694,1.2329868466889553,12980.519191561838,8000,1080p
1.149692924854931,0.8242972101991766,16998.27745039884,15000,1440p
1.059033225184291,0.865166437817183,17438.123831525845,15000,1440p
1.2621856086479457,1.0780721336119152,14337.921586191738,8000,1080p
1.53464622604215,1.6998379232206735,10373.967053648244,8000,1080p
0.924636511667449,0.8720049483592357,18676.1981990005,15000,1440p
1.1577013886927832,1.3816508873482043,13213.77593671781,8000,1080p
1.24939688437035,0.9118533910340363,15525.472631216535,15000,1440p
2.0185806747034185,1.6501963097003238,9145.944859184005,8000,1080p
1.174388499660577,1.4770637983076917,12655.114340813068,8000,1080p
1.0450342556949614,0.9236565197495903,17044.033739845734,15000,1440p
0.9291052441492859,1.2244389234102835,15581.028012081319,15000,1440p
1.3857957302968942,0.9989432276302936,14070.484271857356,8000,1080p
1.7249182031239025,1.8622664243420506,9353.974072893874,8000,1080p
0.9012699266896438,1.0333498514031847,17344.199816399254,15000,1440p
1.4673160017751696,1.0952271233044186,13094.192121725895,8000,1080p
1.2179624785375316,0.9755478828944646,15297.138591173354,15000,1440p
1.8056329312138208,1.5381741730468539,10034.798944366432,8000,1080p
1.476042914988008,1.113763192405227,12956.349088918536,8000,1080p
0.891184199926078,1.233655435427357,15791.512658986489,15000,1440p
1.5524118894372771,1.3931375740627965,11391.569693801259,8000,1080p
1.6328344579352445,1.6505649887412843,10219.418180740677,8000,1080p
1.22626244882086,0.8569547418715391,16107.02530197896,15000,1440p
1.0457325527523513,1.1143202644005934,15534.079413959138,15000,1440p
1.2580973372641193,1.061008052147798,14468.69648666928,8000,1080p
1.3526272390067526,1.099429939514446,13684.196393917782,8000,1080p
0.9680657286413198,0.7987666517747144,18991.293329194574,15000,1440p
1.0234262829144054,1.0072667816366394,16523.63549457356,15000,1440p
1.4314854803274022,1.2802573134161728,12373.751698507487,8000,1080p
1.4410498297848655,1.3690532361963548,11940.641041321947,8000,1080p
1.0170235932817324,0.7110909109107444,19416.787440065786,15000,1440p
1.4927259711819636,1.252885269121381,12221.115468733582,8000,1080p
1.0012240380680508,1.375677165724979,14116.881234463699,8000,1080p
1.1025735671533157,0.9619694741043661,16252.716135944182,15000,1440p
1.1776592731977389,1.4059863266329398,12987.24252358722,8000,1080p
1.2779738997999404,1.1605095778039558,13760.368814543404,8000,1080p
1.6469914172733087,1.9878027102753433,9231.45323298668,8000,1080p
0.8341865332678883,1.1246223236675266,17130.01852181555,15000,1440p
0.7733735715573204,0.6874108655028017,22970.146141157842,15000,1440p
1.1839400162778158,1.4525384697159445,12726.988738295138,8000,1080p
1.2177495848699835,1.252930208852693,13581.052504356356,8000,1080p
1.3556977756565942,1.229064739745784,12981.630536674846,8000,1080p
0.7776711490662948,1.077344867739392,18088.48640443563,15000,1440p
2.2813726006169763,2.2652939552321167,7380.007217998788,4000,720p
0.7696680418063856,1.1490382104516077,17488.050586436613,15000,1440p
0.9863072212493253,0.7661745522607404,19146.807976663546,15000,1440p
1.8304431346926744,2.262379455906779,8198.359752281729,8000,1080p
1.1982414078522297,1.524818487623513,12322.326091963447,8000,1080p
1.1602677008276125,1.3853598752745815,13181.202276013119,8000,1080p
1.2098892438928481,0.8910915099787204,15970.84215939046,15000,1440p
1.2949881560454068,1.0193354403953334,14498.591316963735,8000,1080p
1.8235789096033583,1.6304382842397738,9714.61058729284,8000,1080p
1.6996441449754023,1.324496205639606,11095.527359759,8000,1080p
1.1949191629158684,1.372230074356127,13070.697843673835,8000,1080p
0.7501930751524089,0.8199703204517732,21370.02562531947,15000,1440p
1.5359478888377218,1.2576782328586216,12011.067529546548,8000,1080p
1.1435925427842937,1.309693072935682,13677.344286777081,8000,1080p
0.8105112946102374,0.8083272414346588,20727.472970824692,15000,1440p
1.2965930925895512,1.4380398135397052,12270.177808799468,8000,1080p
1.3935597447869459,1.42081978210982,11922.497189637497,8000,1080p
1.0941697164765232,1.2528907128862385,14296.364754916085,8000,1080p
1.2005732210515052,1.005069873265083,15212.992567320482,15000,1440p
1.0274208236888238,0.7332703489656562,19057.534064541345,15000,1440p
1.8137359748133877,1.3099767517450558,10741.843100587761,8000,1080p
0.7806708873634358,0.7421531384687396,22034.346339961085,15000,1440p
1.988108362638109,2.0867682503336544,8234.465773315555,8000,1080p
1.6917407507726614,1.2883763977919498,11259.433883718855,8000,1080p
1.0949977012324554,0.7843826621234666,17853.986693828923,15000,1440p
1.403014081868392,1.511212531390379,11514.009187665224,8000,1080p
1.5000176854186107,1.2754692044483236,12089.566022633495,8000,1080p
1.5270295358622303,1.885345721357024,9833.160033912423,8000,1080p
0.9427328921409861,0.7204507580957131,20174.820739263905,15000,1440p
1.7136457270700334,1.5793726760615325,10189.567105999377,8000,1080p
1.2042829942208935,1.5916402923163433,12001.19908924873,8000,1080p
0.9181818551184027,1.173700605238295,16040.304670979678,15000,1440p
1.6943445003691384,1.9995707897522543,9083.703703150515,8000,1080p
0.8144858976912444,1.1825254143260397,16802.32445258657,15000,1440p
0.756901471167058,0.6203538755517973,24363.26138064331,15000,1440p
1.5875938385244373,1.6315990503141464,10423.243700723297,8000,1080p
1.4345398632874515,0.9881984848434298,13849.796048296717,8000,1080p
1.4748809401283958,1.598316790131935,10918.409729906185,8000,1080p
1.4120179239831523,1.44608946885625,11740.087893151267,8000,1080p
1.0706083789680327,0.9818976949622533,16348.03054967217,15000,1440p
1.5826865930807934,1.2437724635327159,11871.543626817249,8000,1080p
1.486645398239887,1.8821325513364155,9960.416656200272,8000,1080p
1.358149123491229,1.4639148100927721,11890.032539902848,8000,1080p
1.0576484493539913,1.4812629328977267,13216.070570466754,8000,1080p
1.172423953497681,0.9294200606607799,15964.282684143223,15000,1440p
1.4659615902323917,2.068946703624917,9492.306224268477,8000,1080p
1.3054852654472802,1.0026060699784214,14537.740116688781,8000,1080p
1.0127855986310121,1.3855511895099804,13990.708963776866,8000,1080p
1.3792453025847111,1.0400111120343265,13869.729474411188,8000,1080p
1.3140939239858478,1.0399733055140394,14253.812116966817,8000,1080p
1.2497860189433194,0.9872416460175557,14999.560589067125,8000,1080p
1.8456250661055418,1.8262793524283285,9138.15507577883,8000,1080p
1.1043131399814554,0.9729926055756473,16152.861499452118,15000,1440p
1.227712517455221,1.186478514660916,13898.830520709942,8000,1080p
0.7861144532997084,1.1105196045276673,17691.568840874414,15000,1440p
1.6759508278520312,2.0634717500123543,8973.15863647676,8000,1080p
1.9380589657790066,1.4998664587613464,9760.081402721582,8000,1080p
0.9646229351562767,1.3519167924920965,14484.721155230372,8000,1080p
0.8877261137035577,1.1172617933277837,16735.47849457203,15000,1440p
1.566601898946877,1.5000996219722842,10941.538252455348,8000,1080p
1.1170532140203295,1.3192546510599479,13772.65676515573,8000,1080p
1.0349292743954086,1.2866994942367982,14452.970454776316,8000,1080p
1.372900216852656,1.2909035707046368,12596.435276777423,8000,1080p
1.4994685080009604,1.2071872507046006,12397.007595841138,8000,1080p
1.769405778675033,1.182663926541739,11366.409113139855,8000,1080p
1.6091876976645236,1.4422225215599018,10996.368757173694,8000,1080p
0.9101546965470316,0.762495610114028,20060.63781913942,15000,1440p
0.9449472408328955,0.8595900057406495,18594.48014371172,15000,1440p
0.5515977871661295,0.6863342941029511,27105.228556320537,15000,1440p
1.139375731439555,0.812938279242746,17187.005684742944,15000,1440p
1.0171952712801773,0.8124905638724498,18338.903518483534,15000,1440p
1.7344302291308877,1.4895745276222017,10407.686877544445,8000,1080p
1.1463242631682398,0.7895714137525347,17332.768702377343,15000,1440p
1.126857425380834,1.5347181577831692,12606.980696791437,8000,1080p
1.059935962905896,0.7269013378135671,18778.672230812197,15000,1440p
1.3580479239281673,1.0367506212731237,14011.379816158873,8000,1080p
1.3029647124886998,0.969556431454786,14765.28924249008,8000,1080p
0.9238666011143202,0.9722929007631052,17695.996548168598,15000,1440p
0.661224450683235,0.9551012748200005,20759.696805266765,15000,1440p
0.853250557997354,1.2555622880220811,15911.52674517175,15000,1440p
1.361402312994016,0.9771707565828573,14348.250408130769,8000,1080p
1.3561381141909303,1.0854567295445043,13742.833740861175,8000,1080p
1.2250906661266432,1.244107333745444,13589.202648689265,8000,1080p
1.7489951387574072,1.39244246267643,10681.234599307287,8000,1080p
0.8562522380674003,0.9324778459265557,18758.801174226453,15000,1440p
1.0062537326102916,1.2840123831880135,14650.887845975978,8000,1080p
1.0318903101243655,0.9657634933671586,16796.920438042438,15000,1440p
1.482431887947743,1.144787255618148,12771.843598268319,8000,1080p
1.26041647110433,1.0677852500226686,14412.166993742067,8000,1080p
1.2839444738112513,1.360989386915435,12686.30285930138,8000,1080p
1.9131643474469522,1.5060190643477376,9813.580600634603,8000,1080p
2.235270547302054,1.822033234208595,8270.1305613125,8000,1080p
0.9830157998683688,1.3375393245617602,14459.65736678638,8000,1080p
1.1076828046755112,0.7849878935319339,17728.61598786282,15000,1440p
0.9147933403781972,0.8388264715113554,19134.3823629847,15000,1440p
1.531706958529254,2.081020704649491,9287.838754631266,8000,1080p
0.895049964785909,1.0480035294419356,17268.918277175013,15000,1440p
1.0947276885412056,1.188089758499785,14698.69263680877,8000,1080p
1.1596859799548072,0.9234323056005538,16107.790053340328,15000,1440p
1.9537919172032172,1.542065309711273,9598.341643264355,8000,1080p
0.836078073248478,1.244262268585321,16129.299290721874,15000,1440p
1.4970094820284174,1.188897075179911,12492.777125826644,8000,1080p
1.3412731660037847,0.9275830782581251,14789.139719566376,8000,1080p
0.8295402784485449,0.5604745781334767,24139.6211278696,15000,1440p
1.1062910437340463,1.3324392389901059,13758.976233533484,8000,1080p
1.7616750752685133,2.1121117749505762,8661.920053268359,8000,1080p
1.094627210918406,1.4148131390047796,13371.280971483186,8000,1080p
1.4584215341300708,1.5397062131123356,11191.795289864624,8000,1080p
0.7790171773813966,1.1454134567571916,17436.030899092188,15000,1440p
1.2636951090747794,1.0316914365097618,14618.205401850979,8000,1080p
1.167679143814241,1.2144031951679297,14086.176388989694,8000,1080p
1.2060824577769127,0.8640677578129301,16208.694300205369,15000,1440p
1.376209179754543,1.2829470695850747,12618.450686503662,8000,1080p
1.5051915990590203,1.222222992948338,12302.651785442042,8000,1080p
1.0120342389694776,1.1415636169501566,15580.639583090368,15000,1440p
1.0167148494172813,0.8698944252692145,17785.57566222919,15000,1440p
0.9770643788523885,1.04891298034996,16562.09623843515,15000,1440p
1.7060382259805449,1.361656343373748,10937.99634918112,8000,1080p
1.8083391863736982,1.4124796866095257,10417.98167585898,8000,1080p
0.833447799759423,1.196975554360442,16525.830404735945,15000,1440p
1.4831845876763994,1.2458396235227653,12295.395497885964,8000,1080p
1.0253819561469408,1.374925471375909,13979.222667584974,8000,1080p
0.8390434024156169,1.0329239055857582,17924.68909931164,15000,1440p
1.6634262843595702,1.5964127567678215,10293.278771333275,8000,1080p
1.032463905219666,0.8386988190580122,17932.396559980083,15000,1440p
1.2710286606834327,1.67309743214334,11397.077075521263,8000,1080p
1.2175224246499239,1.2822991241756054,13422.73092083897,8000,1080p
0.9123675038381277,0.6994910166910177,20817.231520409532,15000,1440p
1.1996550469944627,0.9338040756452377,15727.712635282905,15000,1440p
1.3232666605394512,1.560158905155485,11637.003014472832,8000,1080p
1.4177290527376116,1.8279412284828322,10338.213402065841,8000,1080p
1.1291258149247407,1.0980832725574294,15065.685655015368,15000,1440p
0.9991705940777197,1.1199065638452037,15834.455047823447,15000,1440p
1.3952123981294784,1.8664112841850267,10287.646665659842,8000,1080p
1.2226690975886019,1.3492512028859451,13046.450931550578,8000,1080p
1.1512266466353558,1.091763961006714,14959.684577223394,8000,1080p
0.8232577427814234,0.8111391208154455,20530.161766314028,15000,1440p
1.8560090358534003,1.6227319700569394,9645.567733554013,8000,1080p
0.7611477180381873,0.6782342919067245,23311.69332961456,15000,1440p
1.2355098634900383,1.2359429227154688,13576.804779474298,8000,1080p
0.9652128054580701,1.4334530357592836,13988.789694428922,8000,1080p
1.0924057651495456,1.1686612323310899,14840.087461975956,8000,1080p
1.7557329134206185,1.3848409688815047,10684.172147354077,8000,1080p
0.726539809667939,0.9352885593910234,20191.27403571811,15000,1440p
1.2089865421882608,1.2078781025121037,13883.455192071782,8000,1080p
1.0864806505494928,1.1718791930677104,14857.876655412028,8000,1080p
1.1286642851744064,1.0533967006766236,15377.403389536048,15000,1440p
2.037377803561612,1.933608396033144,8449.898920178637,8000,1080p
1.1418261951833606,1.3813691703647382,13298.388407871527,8000,1080p
0.807430073143381,0.5903041437447165,24006.303626668934,15000,1440p
1.0956803333651657,0.7863729184901278,17828.630495403177,15000,1440p
1.0682660781254125,1.020845133046692,16061.58246653329,15000,1440p
1.0636724272485973,0.7699238051223023,18299.793273796724,15000,1440p
1.863026066585201,1.372023644144169,10372.153444416426,8000,1080p
1.1177338564330714,1.172557422139267,14650.72688086918,8000,1080p
1.3276100835416829,1.7229871936702277,10999.299137468264,8000,1080p
1.478598079893909,1.971189356097615,9726.52159664322,8000,1080p
0.8691155814510512,0.9706050187604143,18238.87387907876,15000,1440p
1.1498527262129745,1.0778027282143994,15062.66686498217,15000,1440p
1.219772698722359,0.8614319889377704,16122.600625950348,15000,1440p
1.538453366501977,2.251084058778182,8854.492840249319,8000,1080p
1.700434853542936,1.389589262312868,10858.954733661314,8000,1080p
1.806334412253819,1.3494399292058963,10632.709556944832,8000,1080p
1.7432338937387184,1.4339720578527644,10560.98739308743,8000,1080p
1.3054649631664146,0.893911227024309,15256.34047947489,15000,1440p
0.7931048089393271,1.1838521215433382,16972.76834038455,15000,1440p
1.0628320829967206,1.2958531709158232,14225.904852858399,8000,1080p
0.9919395467027499,1.0737993085407636,16243.307770886915,15000,1440p
1.05258577507496,1.409655567331778,13627.596703092453,8000,1080p
1.2865313701769256,1.0367056077701626,14442.965706257883,8000,1080p
1.657089436349214,2.0117579057478974,9145.769466881198,8000,1080p
1.4868402359903141,1.985696182696331,9662.802042747384,8000,1080p
1.297747455475079,0.8706727474353058,15474.137325857924,15000,1440p
0.8742956358024212,1.0026470029318029,17877.174990615855,15000,1440p
0.702063167291602,0.7696590300377106,22799.433249624257,15000,1440p
1.3115809435743286,1.1015782246698964,13904.773643428442,8000,1080p
0.8344507873169599,1.0106376132516104,18185.81266331742,15000,1440p
1.6363104716518297,1.445501487655412,10887.890774342597,8000,1080p
1.1674491929889679,1.537082895442012,12406.74205476572,8000,1080p
0.6888995237880957,1.004858279309731,19810.643492611554,15000,1440p
0.9550888880202988,1.326651574463818,14705.630439436349,8000,1080p
1.3836846159284095,1.2825605206275668,12584.901343071064,8000,1080p
1.170899322057878,1.3114171492323177,13517.38683930173,8000,1080p
1.2963363602105153,1.1304939918868602,13826.443192042969,8000,1080p
1.6806648172532392,1.265902819506395,11387.633387876376,8000,1080p
1.3143381255851319,1.2820889744324195,12923.309882173537,8000,1080p
1.675449221870869,1.8250079705768518,9585.728422102718,8000,1080p
1.7436032443612717,1.2095511049263366,11362.234421676727,8000,1080p
1.2683768525467718,1.470543372047413,12250.970911345776,8000,1080p
1.3102444421314128,1.2869905112529456,12919.290169060943,8000,1080p
0.7869079841818958,0.9092922840986613,19782.116904163813,15000,1440p
1.3070143612859975,1.8095203707195264,10766.583685209682,8000,1080p
2.025320675318883,1.560266697899991,9358.140942435695,8000,1080p
1.2263866295665158,1.7315181600122325,11343.98649957177,8000,1080p
1.3891797671042623,1.4830339508782706,11682.42870992515,8000,1080p
0.8609835068180305,1.1609120267569304,16595.53198610198,15000,1440p
1.1517085616807332,1.1346400670867158,14675.991044326825,8000,1080p
0.7643209044952884,1.042147619282046,18574.600973305376,15000,1440p
1.633614974901756,1.3423228256111046,11275.246409457002,8000,1080p
2.1621583271256983,1.4785840639566037,9216.370837494247,8000,1080p
2.01443062291145,1.5760719196963544,9345.330243278204,8000,1080p
0.9875824512204464,1.1032783815466294,16048.142216903827,15000,1440p
1.02192216690176,1.300229623092795,14449.715192855107,8000,1080p
0.8843876335610525,1.13657073704055,16603.227700336774,15000,1440p
1.6637334014925178,1.5133278413732743,10561.468424742428,8000,1080p
1.8548585980809325,1.3037088929316116,10623.306956548024,8000,1080p
0.8480003956077926,1.221597427647473,16213.020531313814,15000,1440p
1.9557210309726387,2.354002484703139,7785.750496047439,4000,720p
0.8517935950358653,1.1766287857351716,16542.13260417951,15000,1440p
0.6184579994338343,0.8043363703186664,23583.472575757307,15000,1440p
0.6501168948697532,0.9357362600711,21158.599644272526,15000,1440p
0.8787462630979918,1.1076014953148499,16892.526425891865,15000,1440p
1.0831943458158542,0.998908311538109,16115.647267192193,15000,1440p
1.1909197829448905,1.2612385965195647,13683.63164508493,8000,1080p
0.8762190735502146,0.84428940577664,19502.62518504303,15000,1440p
1.3096044633660506,1.5999951039505964,11532.319559335543,8000,1080p
1.0082548183897635,1.40117615051681,13926.289000604724,8000,1080p
1.4315973099674133,1.10684821901934,13218.495971979197,8000,1080p
1.364541508330807,1.000685453215566,14186.559068336634,8000,1080p
1.085303897246981,1.0133643212695176,15988.440528116862,15000,1440p
0.7218325696325549,0.9212222450082628,20421.979657042186,15000,1440p
0.5801140580298941,0.8563995361533875,23358.241882198898,15000,1440p
1.2713381292557073,1.2439309669852865,13340.295100093366,8000,1080p
1.2053159893350187,0.992548568356878,15266.833382689163,15000,1440p
1.171034319566663,1.0764178774818087,14929.98696215487,8000,1080p
1.6371927908227115,1.3314315282028852,11303.024025287814,8000,1080p
1.7414990019975765,2.049530903029789,8851.006940225598,8000,1080p
1.1589665354022303,1.0613372505238645,15112.541001232565,15000,1440p
1.2139397920327106,1.7971792852321669,11143.508821470741,8000,1080p
0.8782476059537825,1.2558575184175165,15722.95179689662,15000,1440p
1.2787884062284944,1.0433966441674527,14449.508231171654,8000,1080p
1.2934603796746653,1.8955451302805273,10521.910951628133,8000,1080p
1.3829771962622834,1.110112218784718,13458.976560360314,8000,1080p
0.9748952642034352,0.943550040480228,17490.429316947804,15000,1440p
1.2571334854667817,0.9158216340591594,15441.843091227922,15000,1440p
1.0655721070485205,1.1944599891757781,14846.882951820638,8000,1080p
1.9030544917504897,1.416678674967756,10107.568986687733,8000,1080p
0.8772557378669811,1.080382616833624,17140.260824697474,15000,1440p
1.5900793987123432,1.6944639797104817,10215.85898984601,8000,1080p
0.7097876903831031,0.5094778034953715,27520.201439691038,15000,1440p
0.9312142853749601,1.2322424717131397,15509.638401630233,15000,1440p
1.0328934524083502,1.2682343867228012,14581.73310904331,8000,1080p
0.9355633389128989,1.2902813390397778,15074.920695213665,15000,1440p
1.6313881880918482,2.135336761128977,8908.118445691392,8000,1080p
1.16152040630324,1.4641688890086606,12779.28506617693,8000,1080p
1.6540195007389682,1.1507648132729653,11963.28424698158,8000,1080p
0.9968027730999217,1.4168800616003585,13901.756899293123,8000,1080p
1.82558022149861,1.2832060058949204,10793.418892663043,8000,1080p
0.7467070461989888,0.765458707227798,22189.652109208793,15000,1440p
1.5031853334836343,1.0102367328410797,13350.098437333063,8000,1080p
1.0660335355800679,1.5676106004395414,12740.685630638356,8000,1080p
1.1542971510068938,1.462687815966138,12821.790122398428,8000,1080p
1.1832537122706377,0.9055698050457952,16063.794629767608,15000,1440p
1.1716317735952106,1.1047436428153006,14740.289215084787,8000,1080p
1.6582240317000703,1.1613437148779893,11900.558885567832,8000,1080p
1.5048557516356518,1.2385737804977113,12230.834292254334,8000,1080p
1.1687442754740205,1.4365827937152706,12879.163002916657,8000,1080p
1.2841421084550382,1.0620898467864903,14301.412920848998,8000,1080p
0.8811803633351193,0.7964084027378767,20001.58362919078,15000,1440p
0.7023126184482026,1.0396735043434573,19262.169520745996,15000,1440p
1.4282466856166833,1.4205564500843477,11778.431292600691,8000,1080p
0.8778210331499839,0.9191247417954572,18673.035362471514,15000,1440p
0.8263374786554836,1.128779452509475,17162.36582330989,15000,1440p
1.065240346062093,0.9553310249212181,16606.407713116678,15000,1440p
1.0546251907501834,0.9067013649799796,17108.029207052852,15000,1440p
1.0854619732815265,1.3790342732535907,13615.128060014222,8000,1080p
1.2016411610700235,1.3080331138193224,13370.034643830202,8000,1080p
0.8963102733212415,0.8542142837451344,19168.215529768022,15000,1440p
1.0723411446361153,0.7515321144875977,18397.348517583592,15000,1440p
1.748545613495486,2.45912844831699,7974.579662557386,4000,720p
1.0630318542211568,0.9528495176640275,16645.042941500582,15000,1440p
1.092948003294852,1.2789548725285746,14146.62983970256,8000,1080p
0.7377042171776479,0.6552498167261614,24088.685759401815,15000,1440p
2.07156861168009,1.4557026887386546,9512.858281135488,8000,1080p
1.0191879450792725,1.1838772715337302,15230.793780851689,15000,1440p
1.374907069554392,1.1222422923900468,13437.094517194755,8000,1080p
0.777075426561897,1.101611898483327,17860.572939774465,15000,1440p
2.1688592634290895,1.716042296042823,8637.13828686078,8000,1080p
0.6895713665512698,0.7081684991486917,24006.20660783441,15000,1440p
1.1008546691693093,0.7882050816924893,17762.504327717692,15000,1440p
1.1946886275346906,1.2594250828742841,13672.72912321907,8000,1080p
1.0889353412875762,1.4490387864466534,13220.951164681746,8000,1080p
1.4064566139802985,1.6008673692464166,11157.571378125245,8000,1080p
1.4856139126892898,1.9884142268648493,9658.652910136305,8000,1080p
0.7449855088387192,0.9547736381335834,19740.698004048903,15000,1440p
1.5484192424524013,1.7748399926928604,10096.844581109941,8000,1080p
1.6822557247084247,1.4207179392301656,10813.637379509535,8000,1080p
1.0484776503594762,1.1370792683857562,15352.806285760887,15000,1440p
0.9220809704716427,1.0493581065908213,17020.27335787503,15000,1440p
0.7736287373880869,0.6064212108230606,24313.9257702187,15000,1440p
1.4177270497180285,1.0706026905512416,13484.720878017142,8000,1080p
0.8407644175310405,0.896546292064023,19314.007456858966,15000,1440p
0.9206063373295996,0.9059581484072998,18370.24220169428,15000,1440p
1.7231025359792234,1.4026321728204418,10734.894393160277,8000,1080p
1.8402134688590481,1.8393544421575838,9119.122900147591,8000,1080p
0.784493223932532,0.6491001112206212,23405.82310004624,15000,1440p
1.406811255805281,1.103007997778379,13369.262329185301,8000,1080p
0.8466947439784975,1.2312403038918467,16147.969607803487,15000,1440p
0.8910587116662849,0.9209139699866375,18518.17764128259,15000,1440p
2.1880383218052204,2.177016450384028,7687.058639855536,4000,720p
1.6885386188465386,1.9798565054041333,9146.896902730463,8000,1080p
1.1018159960628255,1.3212076018570398,13848.165584852764,8000,1080p
1.4590015612066478,0.9976982802054974,13658.336046748163,8000,1080p
2.2384360679803432,1.630872460580961,8671.945323645796,8000,1080p
0.9609492410823995,1.1767012922450384,15696.874431467348,15000,1440p
1.1168961840456562,1.0391223422153897,15563.146416088497,15000,1440p
1.50501282702669,1.0062515856211083,13361.568710568898,8000,1080p
1.0493073623673963,0.9733425214743789,16589.34265789365,15000,1440p
1.4005386575978618,0.9461334564481276,14298.73044434294,8000,1080p
0.9794875607712171,0.9091045408077344,17766.902642421792,15000,1440p
1.1546005674865216,1.2942227224971377,13702.267590008058,8000,1080p
1.0988283274096,1.3752001077253366,13562.670308665995,8000,1080p
1.3394658940747888,0.9850531337811559,14434.99992811392,8000,1080p
1.5255318961423312,1.0376022538270215,13091.172773926488,8000,1080p
0.7325385662705867,0.8114690977527702,21732.03720541403,15000,1440p
1.3447005288248604,1.2725663053212908,12820.409276666927,8000,1080p
0.8850691588475657,1.0069275945800238,17734.931066457666,15000,1440p
1.4572007837322205,1.0540320908916077,13361.73651558552,8000,1080p
0.6940985751935422,0.8665518077127141,21500.28755160054,15000,1440p
0.9982195153760929,1.491038523316851,13479.692132527456,8000,1080p
0.8247818265262534,0.6715758141964039,22424.07235197802,15000,1440p
1.154546128960116,1.1564667456010052,14519.36177827319,8000,1080p
1.484766044540471,1.4044181708987051,11613.808431007054,8000,1080p
1.2978292796893065,1.7163552254455587,11132.175864761357,8000,1080p
1.3157537381638094,1.7698833648318832,10874.393481794621,8000,1080p
0.8608160255670799,1.2519597426573066,15881.681579583683,15000,1440p
1.1070562384227811,1.4406818946029576,13170.282912926441,8000,1080p
1.2418288253096357,1.3274176917451195,13060.028213433166,8000,1080p
1.0611833903936003,1.223792367664561,14684.808747605939,8000,1080p
1.4163371348680198,1.3967256768974017,11928.077773329887,8000,1080p
1.2195390176162502,0.8283333935380737,16385.020774358876,15000,1440p
1.4934743512373438,1.088000631734691,12998.162764052437,8000,1080p
0.6688710334741297,0.9766235639761625,20391.6998888923,15000,1440p
0.6728052033255079,0.7810426056018043,23079.7417679897,15000,1440p
0.9559580658842916,1.4259817880786523,14087.019008550502,8000,1080p
1.4236972855551226,1.9915996553098931,9824.748061731181,8000,1080p
1.2062816751777423,1.525411603370895,12283.38198270475,8000,1080p
0.9651289575341223,0.6469648602935999,20814.193087852796,15000,1440p
1.2768155695904675,1.0411451472240534,14475.8415259567,8000,1080p
1.5810732257764413,1.6712311206125203,10317.125467441427,8000,1080p
0.8763236119058504,1.0471265989982574,17444.91841264137,15000,1440p
1.1127791966064116,1.5386205047891985,12655.365383928362,8000,1080p
1.0082646754573352,0.9619241376633008,17031.074268893153,15000,1440p
0.9638204386167073,1.4236121493207545,14054.6091937985,8000,1080p
1.078854751509269,1.1323295868380054,15174.868697324391,15000,1440p
1.7178981220186913,1.3638143223349826,10888.242367154848,8000,1080p
1.276432209478322,0.9305708386648237,15203.618331307202,15000,1440p
1.1063567040290465,1.335537445913614,13741.1492634879,8000,1080p
2.1311402005061657,1.6707972959625264,8825.61379064384,8000,1080p
1.469832946676288,2.0897786613841456,9426.430660024505,8000,1080p
1.0740287381374962,0.7363736270249834,18534.240037290583,15000,1440p
0.9373085786978651,1.108202470745137,16403.935832630657,15000,1440p
1.2645979203875968,0.9566059639222637,15106.416946693544,15000,1440p
0.9638934549919136,1.0727242490515305,16475.567276755948,15000,1440p
1.1000262430584953,1.0725768584025581,15444.345070406549,15000,1440p
1.8313584786357764,1.5267285588982056,9992.126953517192,8000,1080p
0.8925156926581937,0.6653978809470692,21538.05741762018,15000,1440p
0.9438088450379905,0.8885312581899731,18312.338381334575,15000,1440p
0.7661533162372816,1.0296891724791786,18684.50724984367,15000,1440p
1.32150592283079,1.2503115091379777,13046.972768324982,8000,1080p
1.3772732000276493,1.5073337539575422,11632.237089924265,8000,1080p
0.7557945757499017,0.9886105779005946,19235.45796100237,15000,1440p
1.719816240618259,1.1532775415472571,11678.850237429166,8000,1080p
2.3192665407732758,1.6269734500965054,8502.886818245524,8000,1080p
1.3986613568689337,1.7451098033100965,10673.306131508998,8000,1080p
1.7185809186729628,1.2546017148349051,11285.694871832098,8000,1080p
1.4664246952524969,1.2093699740948796,12539.98760980561,8000,1080p
0.8949650012193117,1.1542591800151278,16374.212400610568,15000,1440p
1.739089735782802,1.1959010718318563,11432.550968454496,8000,1080p
0.6392388393080836,0.715578955281763,24766.748808579214,15000,1440p
0.8176545186214599,0.8889164143766983,19661.902913728,15000,1440p
1.320869751977794,1.2512750937739272,13045.311991437855,8000,1080p
1.4002020499215806,1.635052047958401,11054.900485411285,8000,1080p
1.0191017846940063,0.7920582736830393,18526.486295235354,15000,1440p
1.3541604530165747,1.1340442266750932,13485.398638570996,8000,1080p
0.8473661932680029,0.714232984899633,21487.22442296135,15000,1440p
0.7265052320004922,0.8636626074185284,21101.18892371723,15000,1440p
1.4158642510234216,1.2750103559102834,12469.712231680618,8000,1080p
0.7399381634130238,0.7330475251831101,22779.876450788805,15000,1440p
2.0038797043994654,1.3427084844398407,10026.459817166107,8000,1080p
1.2432948235156305,1.0719410684905544,14492.87829195003,8000,1080p
1.7935246756447643,2.0113874047444362,8818.714149255127,8000,1080p
0.7450631270089724,0.8637239862630509,20856.97462590653,15000,1440p
1.2729669761521565,1.245385362268092,13323.962452787107,8000,1080p
1.0546285176821444,0.8135842798874995,17960.711993650257,15000,1440p
1.0719091145210995,1.5702500767622847,12699.625408907137,8000,1080p
1.2756719575357047,1.0142713324416281,14652.953261708128,8000,1080p
1.0303887006997594,0.8073963684912142,18258.082820735544,15000,1440p
1.631126105189668,1.3065823258161287,11421.974912776424,8000,1080p
0.6313916967803096,0.8866373832617424,22103.945465307217,15000,1440p
1.518089168394156,1.2696255357556445,12036.537293450716,8000,1080p
0.979460227397619,1.1970596547955399,15416.552026250756,15000,1440p
0.7962469708623944,1.190475755184397,16889.338184985216,15000,1440p
1.3034190831239676,1.0086818039746759,14512.529356842218,8000,1080p
1.9653857106295123,1.384642670605513,10016.163501167051,8000,1080p
1.3349541665039146,1.0638977151006357,13987.704808833809,8000,1080p
0.9838640378750292,1.3124565342281043,14612.259458734225,8000,1080p
1.9367618852878956,2.560183798386061,7461.604911488809,4000,720p
0.9358819113830742,1.0725982294179408,16706.37977362223,15000,1440p
1.210795461001251,0.9690245788922165,15393.212001867767,15000,1440p
0.7378130127818674,0.5341093067214651,26380.881509416806,15000,1440p
1.7792975632820334,2.559675140670792,7733.266441024566,4000,720p
0.9268783054529935,1.1402061358779494,16232.734052410146,15000,1440p
0.936546780122943,1.2102586898463783,15629.93595338636,15000,1440p
1.6748395316194933,1.2429169540033045,11500.07965549523,8000,1080p
1.6320947221160502,2.3448117532081847,8437.319863616942,8000,1080p
1.5508876864733958,1.3272617254872303,11658.335686312534,8000,1080p
1.0290191632239158,1.1050763444545295,15723.022647895386,15000,1440p
0.8266324555380695,1.0424192487764734,17952.650492515815,15000,1440p
1.2645671500564215,0.9140220875730987,15401.908455450699,15000,1440p
0.8853032735839987,1.0749911319146939,17117.03706641139,15000,1440p
0.9883231661699049,1.4820446363221573,13582.767702101242,8000,1080p
1.0480581301084904,0.916127723570576,17083.124764975804,15000,1440p
1.4829333213562805,0.9993370207489309,13517.638039192183,8000,1080p
1.038128240632417,1.151606338104083,15323.515610445014,15000,1440p
1.0457933754816064,1.4442416822612159,13475.485775054334,8000,1080p
1.1908551486874437,1.4213273149151595,12845.363012552827,8000,1080p
1.1177433732063529,0.7813559961634602,17668.602570877858,15000,1440p
1.2808042115034481,1.0962099268346652,14116.210525975053,8000,1080p
0.647826097112027,0.748619070011885,24028.463694788657,15000,1440p
1.2071866975891523,1.0587343176913806,14808.297276790023,8000,1080p
0.9621900692286156,0.9732634728561655,17336.728198526904,15000,1440p
0.7232962706172803,0.8307898172143016,21591.102489578643,15000,1440p
1.350788081482718,1.2705921212796434,12800.291985359838,8000,1080p
1.1245908568298713,1.252117296293277,14118.027893289003,8000,1080p
1.0448101883992849,0.7388827811069858,18811.775666351325,15000,1440p
1.5135536322793184,2.2201830060146177,8986.82345612145,8000,1080p
1.8153389863290443,1.2510963138201432,10942.48817131981,8000,1080p
0.7736352115074974,1.035890133717289,18543.222999637917,15000,1440p
0.7687708998382131,0.795290086781476,21453.40385512663,15000,1440p
1.185718400981706,0.8723677934868372,16303.70588471136,15000,1440p
1.08588338808514,1.0207782127036764,15927.775010203779,15000,1440p
1.3616841799218007,1.9199849375617204,10224.806584318443,8000,1080p
1.4418753788270307,1.774196616663514,10433.358471778232,8000,1080p
1.2579525741732738,1.7551066753770161,11136.333281533749,8000,1080p
1.0422404410455555,1.171186674475767,15159.492609765473,15000,1440p
1.8212207473793207,1.4685607331940271,10199.592951125765,8000,1080p
1.0506537621089895,1.2726339522204901,14442.650298128956,8000,1080p
1.3030254899662699,1.0830867510091962,14062.386263222312,8000,1080p
0.8569585154689155,0.9776186610760728,18290.008416649,15000,1440p
1.3467152542110579,1.7851987771409747,10713.71425400036,8000,1080p
2.044201896722923,1.3913442452734297,9766.840733072484,8000,1080p
0.7619031192095561,0.8387033890309304,20963.573387494023,15000,1440p
0.7811032706618908,0.9025850142750884,19929.12363897332,15000,1440p
0.7135164697699641,0.8339446902239338,21683.53744021098,15000,1440p
1.5644309910304615,1.2939000730262022,11739.169203296604,8000,1080p
1.820301675962022,2.2260746591737695,8292.46447213466,8000,1080p
1.3708314805595607,1.0548009287848081,13833.271632889142,8000,1080p
2.036946601121655,1.6841253367955815,9017.410187125039,8000,1080p
1.0081777746861624,0.6998136428419823,19645.55070690048,15000,1440p
0.8383738975660708,0.9689102104040412,18566.218699110537,15000,1440p
0.9606985479806655,1.0346952483256575,16815.944833602603,15000,1440p
1.4107758489533189,1.935392702750336,10027.717217925627,8000,1080p
1.0424037425882196,1.0237580218118651,16239.983034311263,15000,1440p
0.8079532006073408,0.7354081392620025,21741.13808166312,15000,1440p
1.7965364276555535,1.2425075473343334,11041.114336001558,8000,1080p
1.637371404989393,1.36822032669233,11164.001965504889,8000,1080p
1.376513344568313,0.9431065227770863,14465.487415573869,8000,1080p
1.2284665474154552,1.2742454643154373,13407.228575529762,8000,1080p
1.0665160230405846,0.9699984629196514,16476.402319416236,15000,1440p
2.194836984959374,2.0860013866877134,7838.285187835685,4000,720p
0.8633433326527779,1.231066444691673,16020.948891168957,15000,1440p
0.6202255477260686,0.7529009198598279,24436.51971765739,15000,1440p
1.795786399279249,1.6978703085081353,9604.387267131011,8000,1080p
1.6037151312636553,2.03504106050357,9221.401553618163,8000,1080p
0.9811954440020849,1.0542338267140043,16485.186924817648,15000,1440p
1.1135929739966333,0.9841824206890459,15995.245289368855,15000,1440p
1.177906858746924,1.377941538668186,13128.490732836777,8000,1080p
1.0318602651206263,1.319166130990614,14272.248093641716,8000,1080p
0.8023561612612267,0.7023984475864589,22298.939509941352,15000,1440p
0.9077236200279671,1.0339876104965788,17280.855913335476,15000,1440p
1.6929697568978406,1.1687118085968686,11725.424800784684,8000,1080p
1.0228521645158162,1.1567664527358195,15394.634517441435,15000,1440p
1.190726911316042,1.7128916838649384,11556.074222588652,8000,1080p
0.7614622115740501,0.8784399667981195,20461.239970610583,15000,1440p
1.3079376614108396,0.9900377829439393,14601.736533969512,8000,1080p
1.4165951765428333,1.9991644546404599,9823.41722575368,8000,1080p
0.8917188300163132,1.297072676816123,15330.11796475724,15000,1440p
0.511836402696035,0.7313001605147339,26991.750538923676,15000,1440p
0.8629034942742528,0.9844152158667332,18163.85652123837,15000,1440p
1.0164141389119694,0.8708758958697251,17779.16026769107,15000,1440p
0.8708546316404274,0.8099369361572452,19963.469976212516,15000,1440p
2.0085889206450296,1.8070007207131877,8794.03582510403,8000,1080p
2.4321433163489705,1.6658143914251453,8188.086454954103,8000,1080p
1.9840517513268574,1.722506012142863,9052.72064844056,8000,1080p
1.3486787731058354,1.2916468180929543,12708.444788722154,8000,1080p
1.4109286681768465,0.9549559780258408,14182.615392451964,8000,1080p
1.5504816319759849,2.0327211957822753,9364.368586690494,8000,1080p
0.7765494822682,0.8984182390397832,20032.88276731526,15000,1440p
1.608255087961987,1.7693624893232232,9934.349058832666,8000,1080p
1.4924269392539058,1.531579351158956,11096.019246513828,8000,1080p
2.2648905480988626,1.654226539289224,8561.732464686964,8000,1080p
0.7754595075682219,1.1446426523467408,17475.336833893285,15000,1440p
1.1641804043020667,1.3146805185481465,13536.230165514431,8000,1080p
1.4859875638206748,1.4556589718347426,11406.683839574172,8000,1080p
2.0252312841454585,1.3877969671871164,9831.278714701257,8000,1080p
0.900488597360217,1.148576367440779,16375.484709563021,15000,1440p
1.145135364494677,1.280031449887158,13835.927409617341,8000,1080p
0.9061906732544424,1.2175143558266526,15799.949399996784,15000,1440p
1.4143293770549354,0.9960972789943356,13920.53639789906,8000,1080p
0.9019603774429205,0.6782106550871599,21234.683657170033,15000,1440p
1.1609332063778213,1.6192563006381733,12069.116840892731,8000,1080p
1.2200464342840884,0.8368969426532085,16312.76406352087,15000,1440p
1.768467742515733,2.388609221419647,8071.6407925811,8000,1080p
1.2781203900371523,0.869439350637407,15624.446372542066,15000,1440p
0.6465640849180418,0.6499158019790987,25881.18206778022,15000,1440p
0.9516166378807462,0.7831704072583185,19342.104319962913,15000,1440p
1.8799694377581198,1.5701531832986257,9725.576649134442,8000,1080p
1.305047483124498,1.6128354422387143,11499.58132601335,8000,1080p
1.431843311869259,1.2560004926734614,12483.773031487064,8000,1080p
1.4777742076756673,1.1600654194309674,12720.421535559699,8000,1080p
1.5658714595548135,1.1495566925773948,12356.958137026159,8000,1080p
1.1787852539891024,0.9971429481310154,15420.744106954542,15000,1440p
1.759177164512182,1.4016522268508884,10615.704881664,8000,1080p
1.108877897684857,1.258612002403601,14172.999005717527,8000,1080p
1.1107682847362919,1.3398855253233675,13692.032657678052,8000,1080p
0.8351748579868713,0.9235924323763435,19078.380740791723,15000,1440p
1.1826221136943602,0.9212346873019779,15949.00944974458,15000,1440p
1.4867213480202874,1.128272033308075,12831.55523053563,8000,1080p
0.8060883083768937,1.1423112873608465,17221.53508623316,15000,1440p
0.8909825606324218,1.0450886429258897,17331.197291881726,15000,1440p
1.091671627950114,1.4062892389278727,13432.729249252476,8000,1080p
1.0167662852445025,0.777094819061354,18705.144963262945,15000,1440p
1.8835945164967485,1.2798891732016582,10606.797850504783,8000,1080p
1.6806037344979186,1.4624744031556727,10675.659506527401,8000,1080p
2.039996013366762,1.3819766553435024,9805.581531031517,8000,1080p
1.0871543539828235,1.117555093453067,15219.434941426998,15000,1440p
1.5687229644380118,1.4679277560360484,11049.816093028217,8000,1080p
0.6741731241376748,0.9367380842293352,20829.47329791958,15000,1440p
1.0323548390619617,1.1795596476876888,15169.859504517892,15000,1440p
0.9981976897589947,1.483860213311607,13518.795012190958,8000,1080p
1.4454764950028651,1.6278481545287722,10917.958831688531,8000,1080p
1.6001301576928633,1.1257338002419317,12309.650267881289,8000,1080p
1.1634899361062856,0.7882948231184974,17191.666161655692,15000,1440p
1.850935471390286,1.6580812712280582,9562.345939382007,8000,1080p
1.2748479515275355,0.9618980081042643,15001.449697722283,15000,1440p
1.3149909262859676,1.6988214913975346,11133.55025121001,8000,1080p
1.629302475061428,1.1274045478728638,12171.92531554696,8000,1080p
1.5806182620040026,2.0518908803769644,9237.26016502367,8000,1080p
2.1280310437296674,1.7180607776586179,8724.293011779473,8000,1080p
1.2160630107947352,0.8293275504255522,16404.90214249415,15000,1440p
1.2448687617384584,1.3660792764660998,12851.436148485744,8000,1080p
1.0131683956864561,1.4014057079387172,13896.625475118915,8000,1080p
2.0568166548583124,1.4086873364213246,9682.41043277807,8000,1080p
0.8623754815740313,1.0052820854355864,17966.05148219187,15000,1440p
1.0135430174626645,0.737725223416493,19160.075662169987,15000,1440p
1.2618846428050834,1.4450026779888974,12395.947087357097,8000,1080p
1.5596029213856988,1.786067854523786,10029.209162362542,8000,1080p
0.6604525753114895,0.6888222587881282,24868.493172772432,15000,1440p
0.7823383545824912,1.1414588915984623,17441.771510283084,15000,1440p
1.0700464992511807,0.9816556479102652,16354.436264748738,15000,1440p
1.0784050436865107,1.290231215773684,14166.139636673028,8000,1080p
1.7933842478576298,1.4146304004046046,10459.563212461098,8000,1080p
1.4784477025933254,1.1806066924005596,12618.93403277941,8000,1080p
1.0029373608323395,1.4304584210671425,13789.138721119907,8000,1080p
1.2957541507842458,1.7843052090921805,10894.08614558202,8000,1080p
1.7984251653458463,1.6034295494918314,9863.56996777303,8000,1080p
1.1619342734903526,1.4808039740569923,12696.84276569614,8000,1080p
1.0882089637890633,0.7886997306424137,17877.49830322128,15000,1440p
0.935260582142057,1.2652248693960446,15248.64978159525,15000,1440p
1.2207476701644595,1.7625170204245888,11247.554434526104,8000,1080p
0.9087623795361687,1.3032049382544924,15169.497184757036,15000,1440p
0.8866159305430967,0.7816650794209608,20113.177456070734,15000,1440p
1.063234385037785,0.8685256781409381,17369.875607007827,15000,1440p
1.0324526764815394,1.4975062434029334,13262.836695203026,8000,1080p
1.4944503857527225,1.1896835993508492,12501.027216309118,8000,1080p
1.1120309727182127,1.2231211380738223,14369.270354991579,8000,1080p
1.2115833861801748,1.1497408288761017,14210.00631173399,8000,1080p
1.0321256732458683,0.727453794876231,19069.57463865543,15000,1440p
1.2497810697515424,0.9574461910254013,15202.07393061503,15000,1440p
0.8904170481101638,1.2437983673286817,15722.139272947015,15000,1440p
1.2540671445883695,0.9782183788394467,15031.424810064187,15000,1440p
0.7244118375166673,0.9746198072650254,19749.15070184663,15000,1440p
0.8869098891081764,1.1868579991069963,16180.418353801038,15000,1440p
1.367210480850733,1.1676167163202291,13237.364676159783,8000,1080p
1.5746592247773499,1.2796974469432139,11755.514765354776,8000,1080p
1.3723182605742736,1.6684601346647772,11034.816628708031,8000,1080p
1.2153828571549152,1.0638644722746118,14721.71605369319,8000,1080p
0.9977555233985123,1.484291524087857,13518.854138555273,8000,1080p
1.7403863416608507,1.4990788543679172,10358.015897542004,8000,1080p
1.208298240951706,1.4704609532562676,12526.109876748742,8000,1080p
1.2210818022859156,1.4352540927667141,12631.8482773562,8000,1080p
0.9229310793325174,0.8926205442790982,18481.673318245448,15000,1440p
1.159943283194255,0.9525246179807458,15883.996145615416,15000,1440p
0.831201665728471,0.9289788998014178,19063.06242501814,15000,1440p
1.9925020619643359,1.4507050248420756,9745.110054104201,8000,1080p
1.4000384561510892,1.1822829504682484,12993.902274902332,8000,1080p
1.492810935032554,1.0985561706288682,12948.544390600939,8000,1080p
1.0128023737732572,1.3742819796607704,14056.659519270463,8000,1080p
0.9225131909626793,1.1061540395391654,16540.13605360965,15000,1440p
0.9107637390132671,0.9387447476602514,18142.35092283907,15000,1440p
1.480473242504685,1.8017963443461447,10222.936024031398,8000,1080p
1.1526286171830444,1.1015227107885275,14885.616410764402,8000,1080p
1.1845386723186762,0.8935008940090454,16147.157418805484,15000,1440p
1.3462284516332803,1.6872285223603798,11061.449787377182,8000,1080p
1.146084044438421,1.0641813889320568,15181.17756057569,15000,1440p
0.7495475839880488,1.0508953323715233,18636.765262097728,15000,1440p
1.2049035045553826,0.9707949143358228,15422.372746449042,15000,1440p
0.8738909759451227,0.9077431124650285,18833.51481557161,15000,1440p
2.047102380332257,1.5588806384801992,9305.210763596537,8000,1080p
0.7908743711971722,1.0361610973196287,18365.506624367674,15000,1440p
1.0604632326440582,0.8445403997165848,17613.841480407053,15000,1440p
0.8384273583563704,0.6038399877257687,23265.056989017507,15000,1440p
1.745307881968932,1.2279629925173081,11285.35993404838,8000,1080p
1.7884807751815344,1.2062794852421423,11204.38001112415,8000,1080p
1.5370487094775056,1.6070543925416887,10672.179286503295,8000,1080p
0.8607750897264113,0.783889919229656,20401.98570364083,15000,1440p
0.8068877493843047,0.9134664696204038,19504.373941903974,15000,1440p
0.703721023820737,0.8602988877636495,21453.967274629274,15000,1440p
1.3404680549944925,0.9939814108608158,14373.595355471163,8000,1080p
1.3313156656317737,1.9760084741760493,10145.492422750474,8000,1080p
0.7507988600259884,1.054154995856897,18590.18827026301,15000,1440p
0.9839574736292166,1.225642371976512,15185.750518009092,15000,1440p
0.8527896447469898,0.8474395577697413,19735.240372493136,15000,1440p
1.1531183626599888,0.9447950621478989,15994.192898151974,15000,1440p
0.9398304185530236,1.140205888910136,16131.65687522226,15000,1440p
1.0194166839322554,0.8658296030659596,17798.434205340393,15000,1440p
1.6325579898206504,1.0950834493611288,12301.62862244293,8000,1080p
1.0113518206868208,0.9767729384735031,16877.42775970034,15000,1440p
1.2024753447555336,0.9224071717909887,15791.193978354406,15000,1440p
0.8647769568648409,1.0625489622948396,17409.837986628554,15000,1440p
0.7644513221996497,0.9306340299653512,19795.128284922957,15000,1440p
1.0669488595122838,1.5576164274565254,12784.757981293367,8000,1080p
1.288281294218493,1.4580445740869357,12217.935383139424,8000,1080p
1.06404028184929,1.0209382758285028,16093.418263913587,15000,1440p
1.1707682770244068,1.4583726402663073,12762.508003784478,8000,1080p
1.4258587391998083,1.8199529194504693,10337.763101742357,8000,1080p
1.67854104625125,1.655626662037868,10063.81050256707,8000,1080p
1.075488598363998,1.3016508732957504,14115.466256833419,8000,1080p
1.4568967182007968,1.3278475292082483,12049.376538337188,8000,1080p
1.163316972284868,0.9543514670475577,15844.988467872576,15000,1440p
0.9418036620543567,1.398541820249712,14337.38405449681,8000,1080p
1.1834679162560493,0.802158183546499,16898.665868330736,15000,1440p
0.9395999105559025,1.1634341184255477,15955.249195968177,15000,1440p
1.2262542134832561,1.213972787438715,13750.53713745582,8000,1080p
1.5968155455554296,1.1054249896054777,12417.263216726178,8000,1080p
2.2803350250944834,2.6244707773541465,6841.133645545884,4000,720p
1.2342624220092722,0.8840865957070276,15839.897825795288,15000,1440p
1.1422605863411188,0.880806844235227,16585.918735511834,15000,1440p
0.9512653744488702,1.2379765352438101,15326.964028708127,15000,1440p
2.085105312628266,1.858007560122322,8509.63010262334,8000,1080p
1.382719136336263,1.1717142460101755,13135.763191905102,8000,1080p
0.9205683305347285,1.1534064961562092,16178.803892975244,15000,1440p
1.1149952047112097,1.340021008421897,13667.702812103887,8000,1080p
1.0269450352554477,1.1782302439505534,15216.21991521765,15000,1440p
1.0492933497611683,0.9666842179383919,16644.24869483498,15000,1440p
1.1411847669809767,0.9784128266743621,15830.5671323838,15000,1440p
1.0239520412481578,1.222155298226275,14938.926297196202,8000,1080p
0.8023004837562661,1.1285135819372916,17378.38593378337,15000,1440p
0.9869969205727581,0.7969391768698294,18809.211859159594,15000,1440p
1.307018638851767,0.9957687006008322,14571.224804447771,8000,1080p
1.24064657661707,1.6495739057232686,11609.644387001748,8000,1080p
2.155894385594938,2.0420058119513786,7993.146673570907,4000,720p
0.8169786639615597,1.1235059493515738,17291.779470856007,15000,1440p
1.1538220164031494,0.8675675271692547,16599.686144957104,15000,1440p
1.0227505192887179,1.0025801677102832,16567.38438586476,15000,1440p
1.549730991849596,1.341937072539538,11603.832546765143,8000,1080p
1.7207653069969373,1.4119212839909778,10711.07211826714,8000,1080p
0.6982561010465891,0.8728359064875382,21357.39462685232,15000,1440p
1.2365558327237953,1.088159274907802,14433.782397613877,8000,1080p
0.9321874196145571,1.1029085386498503,16487.886904662842,15000,1440p
0.9497413945494776,1.023608909681367,17003.788900561452,15000,1440p
1.3936225477337851,1.267398904001356,12609.605975976086,8000,1080p
1.2146496299035723,1.2163717950670005,13802.6064498408,8000,1080p
1.1541897005034965,1.0347743685695845,15328.909448115637,15000,1440p
1.0287961178628948,1.131371533641024,15533.253623457998,15000,1440p
1.0223951751124754,0.7257283686312037,19194.542696989134,15000,1440p
0.8373182506966493,0.7647918596961566,20943.8987884379,15000,1440p
1.1746138036449574,1.419088671628024,12936.885521716777,8000,1080p
1.2453045131417357,1.0864082503148214,14390.465466363248,8000,1080p
1.9244220710209614,1.8187284726199309,8964.2218790811,8000,1080p
1.4742069658378218,1.269553602807716,12229.358634075059,8000,1080p
1.2634380214135117,1.3079509878153819,13049.146542810447,8000,1080p
1.0578948305676157,0.8546007989132975,17544.841139902263,15000,1440p
1.3711603947039361,1.173341639180953,13187.032886261772,8000,1080p
0.8377944512314289,0.9961645287821964,18296.17366891745,15000,1440p
1.522605211809116,1.2127540204178975,12266.919680849891,8000,1080p
1.1936433558176582,1.607086957705318,11980.600858992606,8000,1080p
1.2051770826312664,1.6384572243770734,11799.84075916608,8000,1080p
1.9837005911425778,1.654445455976485,9222.948052503481,8000,1080p
0.8808961120794286,1.267968019207232,15614.962114849412,15000,1440p
1.2718803212509893,1.1972021948992602,13589.838241743937,8000,1080p
0.838084360161122,1.0144987439506994,18112.24118665754,15000,1440p
0.906789139154927,0.6586111204355256,21435.04946701534,15000,1440p
0.7380140316500075,0.8976338909150936,20514.458849663893,15000,1440p
1.86728726750604,1.593369660657425,9695.971804349585,8000,1080p
2.315295891105153,1.934485943991083,7895.565773022831,4000,720p
1.2488226835021186,1.5425173346992818,12020.904576727558,8000,1080p
1.1179795351551427,0.9768392031022295,16017.821201997218,15000,1440p
1.130396509900216,0.9050432842369536,16485.10169480294,15000,1440p
1.5966736087087792,1.0650605624801186,12606.229563868312,8000,1080p
0.9873317561720183,0.6993799490348958,19893.400808458715,15000,1440p
1.304089387969604,0.9727910067223935,14737.020037690227,8000,1080p
1.392763234975218,0.9837004170052572,14119.48041874603,8000,1080p
0.9972552636963737,1.355183632202225,14263.678456643898,8000,1080p
1.0899224218770087,1.0071317850859038,16000.746136455702,15000,1440p
1.8314049094714633,1.7860465360693982,9275.710401410273,8000,1080p
1.4096855402616664,1.1710971483081323,13001.6495184238,8000,1080p
1.4138202756199092,1.8423818392193596,10304.775568778321,8000,1080p
1.3865759569820864,2.014109824667134,9866.960417532964,8000,1080p
1.0580145795470004,0.9102552369897139,17047.67899100388,15000,1440p
2.3324513946483596,1.918567601443629,7893.267950777679,4000,720p
1.2820807385854833,1.210638714607384,13460.974100804202,8000,1080p
1.0363843350682127,1.0294068616963243,16242.896209720175,15000,1440p
1.1481384547566929,1.3657457229998908,13347.644373156572,8000,1080p
1.1390035112774606,0.7851776916817172,17438.29112788182,15000,1440p
0.8698744215764024,0.9802448634997357,18136.361406891192,15000,1440p
1.6228962655424015,1.8741125253671653,9595.180912105325,8000,1080p
1.198689593150963,1.3706100360682187,13059.758238550517,8000,1080p
1.7303123610510711,1.3991684136541929,10722.044459007795,8000,1080p
1.7553990758396374,1.5381766673957644,10187.842823689925,8000,1080p
1.3791232863639662,1.6713765911597003,10999.650335091572,8000,1080p
1.369650441700955,1.5020308318958921,11684.594773281471,8000,1080p
1.7435848027359355,1.5790475135245383,10098.749667782844,8000,1080p
1.2939380519074868,1.462156661943822,12174.629497079854,8000,1080p
1.214191184806258,1.3532589814331597,13069.165836682108,8000,1080p
1.1764152785767636,1.2203480060232599,13999.894030252399,8000,1080p
1.402612196682855,1.2995470757736653,12417.636644155258,8000,1080p
1.1015038956255927,0.774860221708287,17882.68688898048,15000,1440p
0.6904268619490916,1.0278250287128836,19528.23807868635,15000,1440p
1.003101776393988,1.1990511950996547,15237.103159659799,15000,1440p
0.9376852532230413,1.1100347823860428,16386.2400213413,15000,1440p
1.1939550747841878,0.816001390333646,16694.108843811635,15000,1440p
0.9140033262813007,1.2329985162620405,15628.50638276648,15000,1440p
1.6541780329965852,1.2456011193226024,11571.375003908077,8000,1080p
1.7986940520155899,2.46979946529124,7860.954190032573,4000,720p
0.9499489633237175,1.371331882927387,14455.136720828415,8000,1080p
1.2021340038183013,1.3467296129735686,13164.467403804572,8000,1080p
1.3218074919473024,1.1971495121763895,13320.76408810046,8000,1080p
0.8343029835562489,1.0826455528551961,17504.08597969686,15000,1440p
0.9126611150089823,0.9479900851124912,18033.703467801693,15000,1440p
0.9698476318410922,0.9402372969162058,17566.984323482688,15000,1440p
1.4649990404639097,1.637753201768418,10814.409073106879,8000,1080p
1.463800680834018,1.6308532229374642,10842.709085855098,8000,1080p
1.318992051759531,1.2016922682452873,13311.635944930962,8000,1080p
1.3571967668464613,1.8407985945081184,10492.332917514708,8000,1080p
0.758585393073191,0.6057800754002691,24593.433926133337,15000,1440p
1.231156229397052,1.3301073911312962,13100.73345479301,8000,1080p
1.2603403545206342,1.1149776179771387,14126.29062235223,8000,1080p
1.2288188164012366,1.1752077667921859,13957.596074261166,8000,1080p
0.8096087952472946,0.7626606384325589,21341.40070475502,15000,1440p
1.2486198268591806,0.8698811617111557,15838.761549336876,15000,1440p
0.6525175031031818,0.7851975778514011,23338.721589900313,15000,1440p
0.9961071214691872,1.2697228353980206,14808.8923876676,8000,1080p
1.1676301956202961,1.5207354204773476,12481.349932122206,8000,1080p
0.8001363423045492,0.7253950677827309,21995.241643749738,15000,1440p
1.6208146728712858,2.0208943020459875,9213.924624705145,8000,1080p
1.1879608102547317,1.4361174085179251,12787.131023744483,8000,1080p
1.5273759523059955,1.2018231940202182,12294.607392490123,8000,1080p
0.7594980979003951,0.6916562296031201,23122.579979294944,15000,1440p
0.8561201069520167,0.8073892615014838,20170.870471979513,15000,1440p
1.4189505283428565,1.6822708918313378,10819.747271742777,8000,1080p
1.5175876743453212,1.3426430749115266,11731.37237571416,8000,1080p
0.8639969355379656,1.2238388410599361,16071.394300310565,15000,1440p
1.4052130724911607,1.5303502559512718,11430.321286171502,8000,1080p
1.883519228962515,1.9697453835581218,8708.052878322873,8000,1080p
1.0009511677200995,1.3324580714752934,14380.003060059133,8000,1080p
1.3093337559898484,1.1737239741388075,13513.351539459145,8000,1080p
1.5006004276663654,1.278695916448369,12072.995408011378,8000,1080p
1.040623503743478,0.9716296944567386,16675.054625338147,15000,1440p
1.754761238180328,1.8747387556534292,9244.918599533383,8000,1080p
1.0918820178729907,0.7917550696611277,17813.639486110525,15000,1440p
1.0639811471996812,1.2424934013590467,14547.930746067641,8000,1080p
1.5331553873788444,1.7782447947521258,10133.004214068404,8000,1080p
1.2284818225736334,1.12311798574422,14268.767960141211,8000,1080p
0.9183693319464127,1.2040911561476224,15809.213970400837,15000,1440p
0.8351566473611343,1.1997714309851613,16489.2471419768,15000,1440p
1.9479698628807438,1.394132838484413,10039.916483205001,8000,1080p
1.0014571162636334,1.0780724634587984,16135.587744069851,15000,1440p
1.3307708111205976,1.1334181211096035,13616.826031935685,8000,1080p
1.9741639492722143,1.3668849633605367,10043.083138689839,8000,1080p
1.0642202733511161,1.554588031380899,12812.862987859531,8000,1080p
1.177107444952616,1.5128365640437313,12474.026183362676,8000,1080p
1.2267201761782265,1.3039548398285947,13259.08375740236,8000,1080p
1.6486954748849094,1.264386039241139,11518.535213411851,8000,1080p
1.5439094654682344,1.9561750472783324,9586.749085001195,8000,1080p
1.2719606197015931,1.1075651328639262,14101.310718668548,8000,1080p
1.1142012005382682,1.064627447400805,15400.216089383033,15000,1440p
1.844076680167428,1.32514687740967,10587.587587431883,8000,1080p
1.62283463103905,1.3463171854380356,11301.015937882392,8000,1080p
1.3813588502136043,1.3559994701878348,12257.961170052145,8000,1080p
0.800325823640094,1.1761200591521535,16977.156972593442,15000,1440p
0.6434095204083845,0.901533539294209,21718.87940417645,15000,1440p
1.6082354851595344,1.3808667720150485,11225.588525605333,8000,1080p
0.9505494503629189,0.745501409556356,19783.85954864411,15000,1440p
1.4349374550271372,0.98814990222329,13847.801194454474,8000,1080p
1.268540937510938,0.966200969416346,15014.902569279926,15000,1440p
1.507482151140166,1.1105768929625233,12816.529892854425,8000,1080p
1.1824810632239804,1.7007499432014432,11637.788274759212,8000,1080p
1.5853302354571392,1.1157711713577034,12422.499916272161,8000,1080p
1.2881576799637968,1.1042450094552816,14025.411419407685,8000,1080p
1.2482975743506526,0.8692068214072195,15846.215982938063,15000,1440p
1.6797994829064384,1.6605519422667965,10045.180200840643,8000,1080p
1.3600979616619173,1.5105585177796361,11688.76605065875,8000,1080p
1.3459022221232466,1.9703429303843976,10118.200089829654,8000,1080p
1.5890275885200902,1.3212672013762052,11529.564673823186,8000,1080p
0.8162988006412172,1.0583667787499578,17898.889470674178,15000,1440p
1.02479472945514,1.0351656894224652,16288.872199924377,15000,1440p
1.4833248069596479,1.892931617566182,9938.354135738513,8000,1080p
1.7092301615731378,2.1966037220272163,8590.849739126616,8000,1080p
1.3268620569091767,1.638865338067621,11314.064824984534,8000,1080p
1.8080842132152322,1.3631596789986453,10580.842451879445,8000,1080p
1.1371216790220917,1.5851074519511392,12326.086595070661,8000,1080p
2.026795795204214,1.5940820989205942,9266.932766345148,8000,1080p
0.9097072032994874,0.8876173603099938,18669.09999416813,15000,1440p
0.9285526118228533,1.1449211266620642,16182.7137605891,15000,1440p
1.185925577475125,1.2331206525157687,13870.934579090832,8000,1080p
1.0528895128555906,1.507284899149303,13106.307071369894,8000,1080p
1.5905839336085463,1.3496764514148334,11412.061384397826,8000,1080p
1.1552023469031998,1.3527511327200565,13379.208295777691,8000,1080p
1.452645478168232,1.616604558910323,10932.453073109207,8000,1080p
1.4203637766360622,0.9573784098843401,14111.888240122322,8000,1080p
0.7754248035117381,1.0196982615755206,18691.9953581951,15000,1440p
0.8690306759799397,1.1003361269485783,17038.183008926208,15000,1440p
1.2573271842812328,1.165958398357761,13846.66844072861,8000,1080p
1.0898703427922931,1.0424606682199111,15736.033395711822,15000,1440p
1.6491674920203396,1.309891407356648,11339.56205030751,8000,1080p
1.058250981338572,1.076691184757297,15716.787336380356,15000,1440p
1.7184631745714032,1.2954042436273656,11133.347073393736,8000,1080p
1.6918469652971815,1.2017089683583746,11596.26175175028,8000,1080p
1.228134496861475,1.6934951784252577,11484.83405813809,8000,1080p
1.3349287982160793,1.6059739838778586,11409.568587000032,8000,1080p
1.7582104938486225,1.8301845332359141,9350.818888872993,8000,1080p
1.1041162586512254,1.2093057978001223,14504.241414327358,8000,1080p
1.475303834226471,1.3531604716895804,11863.127255951977,8000,1080p
1.0622683035651193,1.2708272198243122,14381.936643234141,8000,1080p
1.4832698189338371,1.1748771050785978,12623.24204011645,8000,1080p
0.9766320041508001,1.1449610372075227,15815.67781656995,15000,1440p
1.3819921292980661,1.328630034707987,12378.86727466642,8000,1080p
1.8469469271659584,1.5580914189094994,9854.34776048082,8000,1080p
1.3540292468612796,1.238105848505331,12944.708036235408,8000,1080p
1.574139977454138,1.6113687043318408,10533.461168025278,8000,1080p
0.7226074194871936,0.8043468935025875,21974.74522620151,15000,1440p
0.9622564834715047,0.9314451016580064,17718.964943309795,15000,1440p
1.366092353038643,1.9193141193461638,10213.175228708778,8000,1080p
1.0578940217020372,1.2180076184662987,14743.35771273409,8000,1080p
1.2086100521760375,1.3307800736123085,13213.578984671813,8000,1080p
1.197592688796886,1.765599059189348,11323.746437537624,8000,1080p
2.116319285982411,1.782474202822144,8606.362993154693,8000,1080p
0.7022868906089593,0.7839282244257807,22577.103180124548,15000,1440p
1.2246833539410455,1.0714580259774973,14613.399807807291,8000,1080p
0.8607594899303438,0.6879645699065299,21665.85570029452,15000,1440p
1.5191124731973626,1.3219919432971705,11810.34804817233,8000,1080p
0.6456326073269468,0.704277645697997,24856.787275161154,15000,1440p
1.2051496270374047,1.155907203011843,14211.615566788416,8000,1080p
0.7052709042450693,0.9587399269641808,20164.791821466522,15000,1440p
1.193881728155455,1.103755680158222,14603.884789909853,8000,1080p
0.9441381129998383,0.7815144630353428,19444.488691399212,15000,1440p
1.4240894348791928,1.0051534872530243,13812.71164538304,8000,1080p
0.7736489831686657,1.1262835771279727,17660.854233037153,15000,1440p
1.5933921785914933,1.2796488966527901,11679.064489931458,8000,1080p
1.1067935877804806,1.1565458405972173,14825.187764281089,8000,1080p
1.227358462079298,1.6779131290350158,11549.499228445708,8000,1080p
1.99548961577048,1.669909362648975,9154.373697803807,8000,1080p
1.1802436366384816,0.8528805020475028,16503.877634194218,15000,1440p
1.2943539531252704,1.6900406319370722,11243.296100304064,8000,1080p
1.2819816901343726,0.9175827329801935,15255.034882082327,15000,1440p
1.1386712091319253,0.9108013410805398,16372.228062542956,15000,1440p
0.997792602511335,1.3426668288391612,14336.686015804324,8000,1080p
1.0626185247351996,1.4338606432787773,13440.701781098196,8000,1080p
1.221621243478136,1.2463642178752268,13595.879118996043,8000,1080p
0.9710128437604776,0.6818499820864344,20300.79657869189,15000,1440p
1.4160665358237827,1.612737732423173,11078.441862940519,8000,1080p
1.0118961502572876,1.4578389233766647,13586.247512219286,8000,1080p
1.1456852543674412,0.7729426298251267,17488.764901444654,15000,1440p
1.1112701660571236,0.7817560977989475,17725.286035730976,15000,1440p
1.2229899828035111,1.2785194595812661,13413.673932812093,8000,1080p
1.2827680037941955,1.7311178186836491,11133.27908766413,8000,1080p
0.7088911218209085,0.7740070981152422,22627.60285830322,15000,1440p
1.050723150243511,1.169377813412519,15113.921641087461,15000,1440p
1.4599271088891734,1.707515618374433,10593.540243421574,8000,1080p
0.9008127454048585,0.6897406766446443,21096.07356461095,15000,1440p
1.4298373018332298,1.168970981242713,12911.468775328462,8000,1080p
1.1584460439688589,0.9133035622003418,16196.181189117888,15000,1440p
1.1302641262802047,1.385225387047395,13339.126170958561,8000,1080p
1.1820699681930804,0.9870426973981765,15469.197396832189,15000,1440p
0.6836302824298074,0.9498850588169697,20541.240815277346,15000,1440p
1.1065004787727892,1.1040264199875518,15179.381901580686,15000,1440p
1.216651585892066,1.28012651154452,13439.092578731752,8000,1080p
1.6662191220114875,1.1547896532361084,11894.479837998724,8000,1080p
1.6542376044291127,1.3182929468268938,11288.170607976419,8000,1080p
0.9164762693236524,1.1939791916130025,15899.142446298292,15000,1440p
1.0953831207294147,1.4109281438206305,13387.974779750266,8000,1080p
1.1978133668769255,1.6070103428947504,11963.11621407802,8000,1080p
1.0780965485267375,1.5693066741659123,12674.469726554193,8000,1080p
1.9325895416133327,1.6100670150186411,9471.545283492118,8000,1080p
1.8056075709620973,1.6253958579647145,9779.772213895902,8000,1080p
1.3167444071496601,0.9692849779841741,14678.040544100695,8000,1080p
0.7643952962495413,0.8293719516724489,21053.533408814525,15000,1440p
1.6839777412432884,1.1841568327351515,11699.043798163228,8000,1080p
0.9994462649654167,0.695620081567787,19795.35023429994,15000,1440p
1.1070203053929766,0.8389094181328907,17243.393527697437,15000,1440p
1.201493245773973,1.1136381460106344,14493.53247036866,8000,1080p
0.8828153569557278,1.1712738282909336,16335.430925298737,15000,1440p
1.7517593801682665,1.181404489213353,11439.67179954186,8000,1080p
1.2416108097068417,0.8738707149580831,15861.3684916557,15000,1440p
0.6166126796754452,0.5637826477564247,28426.43580519993,15000,1440p
0.8189809059291477,1.1038224664981957,17450.78695053512,15000,1440p
1.05643334624824,0.8622479228766942,17488.27829819978,15000,1440p
1.3939422224749523,1.0707725359094655,13613.92099668134,8000,1080p
1.4288182851508537,1.136703007643466,13078.991819028372,8000,1080p
1.428009829406193,1.1789448778226754,12871.12196731165,8000,1080p
1.1337617402978746,0.8901956298165048,16578.625862116725,15000,1440p
1.2811157032010063,1.0530209562788844,14375.521614692792,8000,1080p
1.3065682302951542,0.9608895552722199,14798.260948264511,8000,1080p
1.1497874833547372,1.0283946673306483,15404.78696395606,15000,1440p
1.5634615001049974,1.406104227815926,11299.440751389735,8000,1080p
1.4783718391671565,1.2448897250071667,12321.413573129728,8000,1080p
0.7947473609324538,0.7437444483447972,21809.951666732057,15000,1440p
0.8996791273117791,0.7226856325595264,20682.421629191274,15000,1440p
1.4119736949642645,1.3558519081722182,12123.029703163496,8000,1080p
1.2641540032706264,0.9057546520580844,15463.522815856491,15000,1440p
2.399982338841323,2.647950251631658,6647.163249233488,4000,720p
1.3313751588478562,1.1498344460694243,13523.416938859807,8000,1080p
1.236375034441631,1.035962298639594,14766.483616453697,8000,1080p
0.6970901188345332,0.8475078227296616,21723.732174613575,15000,1440p
0.9665192742120902,1.081948361299443,16380.259769943084,15000,1440p
1.1594088212261429,1.3865124098666357,13179.68191246731,8000,1080p
0.8459423523000082,0.8119837849920644,20238.7978844493,15000,1440p
1.1963316222212355,1.2492621202843404,13720.36222403096,8000,1080p
1.6181373355081294,1.736048650559867,10003.748193860523,8000,1080p
1.218968389887427,1.5378762376387294,12171.317768498959,8000,1080p
1.2581388984470014,0.8777105576493516,15710.110983817523,15000,1440p
1.6028865782030366,1.9118990325078602,9546.651123683563,8000,1080p
1.5084873538018426,1.7541832384051252,10284.345615566044,8000,1080p
1.6095740294555,1.1890048929058978,11989.810875759504,8000,1080p
1.589372483800905,2.3184362051131497,8586.508365977475,8000,1080p
1.1510124618874493,1.1029490352626055,14886.870091803594,8000,1080p
1.3743517937624856,1.329413266079874,12410.2617118502,8000,1080p
2.3761442953904814,1.7860223718691377,8061.770390874886,8000,1080p
1.5463332036232995,1.5430259953363732,10861.291885805735,8000,1080p
1.204979679673356,1.421804775133769,12773.957124115757,8000,1080p
0.6413227698676084,0.8750395375627092,22128.24193504424,15000,1440p
1.5095012602131908,1.343906396458205,11759.424532820687,8000,1080p
1.5942595465233351,1.1630846309426173,12169.112682493309,8000,1080p
1.3153668768069202,0.9077801908158618,15093.212900161328,15000,1440p
0.924489327390941,1.1213065904894015,16401.6516538785,15000,1440p
2.4751542071688544,1.9087857422561143,7653.944257243135,4000,720p
0.8286374455552311,1.2198892920980118,16379.787182294425,15000,1440p
1.1616384319945303,1.3590468259165136,13311.630991886472,8000,1080p
0.8951190995212767,1.2014504741248415,16004.444794858822,15000,1440p
0.8170350650951481,1.218724447582503,16482.512689264353,15000,1440p
1.83550386203893,1.245269013787026,10891.563043576865,8000,1080p
1.5584835407844524,1.3843108849606651,11402.234456626713,8000,1080p
0.9793406285855707,1.328723751756495,14537.909897915013,8000,1080p
0.9579035944793138,1.4248402539248097,14082.265713317678,8000,1080p
1.4830570565986048,1.1995175545917316,12508.29403216894,8000,1080p
1.2548232868941132,1.728461321184991,11247.479341773307,8000,1080p
1.050761911895262,1.5390005086919007,12956.567650090616,8000,1080p
1.3624254026318272,1.334625515140915,12441.156293671185,8000,1080p
1.738299454879125,1.476053292398798,10438.938921192019,8000,1080p
1.080235577919824,1.3868944137733408,13600.593447843401,8000,1080p
1.30665694162705,0.991240077706435,14602.234877232491,8000,1080p
1.0138710648208715,0.860572421834213,17901.010213904803,15000,1440p
1.179442691345545,0.9175516009709004,16001.20330462802,15000,1440p
1.2952816401543716,1.1710712654297726,13604.87865464362,8000,1080p
0.9959457033938521,0.965024615033041,17111.137116505488,15000,1440p
0.9632123941595571,0.6475194580793969,20831.792674465694,15000,1440p
1.172175181716532,0.8158724358225427,16878.082649517066,15000,1440p
0.8452053184427556,0.7069089792166551,21618.531605952023,15000,1440p
1.7053527140166314,1.8287427788113557,9494.489344754435,8000,1080p
1.1314291125443239,1.0307731982103165,15518.63663871907,15000,1440p
1.0142442344964586,1.377552853580619,14028.962643723515,8000,1080p
1.1570215316106465,1.4972563017882576,12641.64270137172,8000,1080p
0.7591694123034948,1.0544077434596817,18501.794585011663,15000,1440p
1.2601104930727247,1.4365258299522947,12443.06906107364,8000,1080p
1.511931529523686,1.363385049912912,11669.821765008846,8000,1080p
1.3286179853853648,1.510475059121446,11818.715157970057,8000,1080p
1.5127813573868942,1.0918376202283828,12882.664331472231,8000,1080p
1.0442827390237828,1.3195726062473152,14194.790754487483,8000,1080p
1.0761921590244443,1.2570512603262574,14381.025023671802,8000,1080p
2.0661297923702246,2.032278565441885,8187.186114834263,8000,1080p
1.50604853007439,1.0459437561217304,13148.328144053545,8000,1080p
0.8091344614023883,1.0862145541975734,17703.563683429853,15000,1440p
1.3635255422076755,1.2237767100913597,12968.887562395954,8000,1080p
0.9370854338969838,1.162249670143349,15983.36155834383,15000,1440p
0.994827653491372,0.8271514799806656,18416.474362171924,15000,1440p
1.2102174609014844,1.0490966813234646,14851.600922993359,8000,1080p
0.8999335687261585,1.3481219779130482,14925.979943050399,8000,1080p
1.0485534529550726,0.9183399453465291,17059.608837456068,15000,1440p
0.8366629764464482,0.8684563439938957,19678.641604585555,15000,1440p
0.9102242331787055,1.1165726498905717,16555.39944840792,15000,1440p
1.6502711590886503,2.03979315865437,9093.183508661206,8000,1080p
1.1873496337903924,0.9273107838166692,15867.527344163378,15000,1440p
1.4051374513694193,1.1521035450283323,13121.341339070636,8000,1080p
1.082298356525825,1.1742286321429432,14869.94490581978,8000,1080p
1.7208729395695863,2.1740433506032275,8614.930206500334,8000,1080p
1.3311555904015027,1.4728781914497069,11966.486358751186,8000,1080p
0.8992490912302172,0.8503415348512867,19178.447517834884,15000,1440p
2.5097828040812624,1.7155170629813474,7941.313766051529,4000,720p
1.6810173136383844,1.2023232626502618,11637.346027013677,8000,1080p
0.7019930420472122,0.8340347316420651,21844.938336894757,15000,1440p
0.6306644162204931,0.7634878769111888,24067.981787432087,15000,1440p
1.085037565541863,1.5036599268323814,12961.897672031693,8000,1080p
1.066903956753582,0.73898739738065,18580.537485371835,15000,1440p
1.0275192055885922,0.9592270569392787,16889.13810126233,15000,1440p
1.390619665438664,1.343188634063589,12273.878898571376,8000,1080p
1.5840558053854619,1.3008655898411214,11630.969237331548,8000,1080p
0.7935104792804837,1.0989171641539508,17730.892970419947,15000,1440p
1.6480667850513555,1.673958115004302,10100.596175374189,8000,1080p
1.4510958903137838,1.457642735708477,11535.732946169226,8000,1080p
0.7877598858863706,1.0684845319808718,18076.516043373656,15000,1440p
1.4168021552945278,1.2510306390960235,12577.411924222666,8000,1080p
1.2957176140806421,1.4082365802316028,12409.393646749488,8000,1080p
1.9076169895389359,2.0464454535364336,8486.065276678386,8000,1080p
1.1923326636394398,1.1066448186608806,14595.372185388249,8000,1080p
1.050874407942403,1.273609825857984,14435.215998492962,8000,1080p
1.2968329026585421,1.6344593060927248,11446.976149230179,8000,1080p
1.0598384822595974,1.1325534981414889,15304.941953793043,15000,1440p
1.4909866525880202,1.1654573996892756,12631.333971153925,8000,1080p
1.3179410724505842,1.1329796948601223,13690.541304938994,8000,1080p
1.1354331553326389,0.9929054173564007,15765.551792638802,15000,1440p
1.1325935281262085,1.1284050265903964,14840.536686767467,8000,1080p
1.9686440052116783,1.5021038002089615,9667.781665839977,8000,1080p
0.8340143995559871,1.1602367260583542,16825.580073153196,15000,1440p
1.9311954398465552,1.5008375959733826,9776.838290830612,8000,1080p
1.5410271381212346,1.8306581134680648,9951.828090769613,8000,1080p
0.948763773215401,1.3745719004934265,14442.352166200679,8000,1080p
1.9503140607907028,1.5920067187967097,9472.44309249379,8000,1080p
1.0006363168266863,0.8281358501665339,18348.06577090934,15000,1440p
1.0808561072549947,1.1762769767864267,14865.951962354131,8000,1080p
1.2623697156164475,0.859847293297447,15811.027740830541,15000,1440p
1.4637300868456604,1.1241007315127236,12966.238659019287,8000,1080p
0.775924282724752,0.7298117390598063,22284.40544328094,15000,1440p
0.6951061187795522,0.965625742185291,20204.605444557274,15000,1440p
1.612255243196393,1.1980320057732183,11939.858465465655,8000,1080p
0.5950228469970994,0.8316056234356773,23520.091387087665,15000,1440p
1.1302197249570862,1.1809257654455214,14518.528642761788,8000,1080p
0.7843950449875656,0.7746792715510202,21522.02216665119,15000,1440p
0.9450394813012497,1.3840976752108596,14406.378733937625,8000,1080p
1.0518857050039134,0.997973371855668,16369.14087353066,15000,1440p
1.537833335493936,2.054998666417103,9339.27107700897,8000,1080p
1.1182449462262822,1.1329772065942414,14904.984813675603,8000,1080p
0.9028900891424559,0.8662852529501642,18966.14270031091,15000,1440p
1.2096883321066263,1.149943413113615,14220.198583092093,8000,1080p
1.5358937949723013,1.6282052561256306,10604.73501559843,8000,1080p
1.5272862534340628,1.0689147843072466,12924.4351697788,8000,1080p
1.1902104279967003,1.1313033802066146,14453.68616005292,8000,1080p
0.9602342087446757,0.8630057514213972,18403.738801854495,15000,1440p
1.4427704584895233,1.474045290010891,11503.788683687311,8000,1080p
1.0340967330099902,0.7758163123632931,18539.25086941379,15000,1440p
1.402349598129967,0.9854713003319446,14052.323615064144,8000,1080p
1.1409249725820731,0.8027757259426005,17263.1681541653,15000,1440p
1.8155552466243552,1.6873633066315887,9578.99291401204,8000,1080p
1.2803407868918393,0.9414970991170699,15102.10632886177,15000,1440p
1.2725170600772775,1.6075266913865245,11650.667453557166,8000,1080p
1.1866080632298615,0.9711443862321363,15550.640208225128,15000,1440p
1.1906972999236813,0.9225261593735345,15878.317010146684,15000,1440p
1.4536472303583412,1.5100309857478067,11321.887719674829,8000,1080p
1.1484523923805963,1.2182947864445675,14177.446708378957,8000,1080p
1.1875287920438389,1.3937203166185306,12999.300178892172,8000,1080p
1.1537841497689358,1.484197615090895,12719.73614335538,8000,1080p
1.6695493248991728,1.4907975909614581,10617.325532080835,8000,1080p
0.9143916629771603,0.6704303144734328,21172.36666163412,15000,1440p
1.3491287858772258,0.9946451597129471,14316.411385634225,8000,1080p
0.6891304275629422,1.0064003928811507,19789.927493745843,15000,1440p
1.3212702510350254,1.0785353173326504,13982.146071451696,8000,1080p
1.5635733228637692,1.6144126417318307,10558.395277327732,8000,1080p
0.9101361723346856,0.8141575156602611,19459.812579270045,15000,1440p
0.8670545644862159,0.6581403043323296,22000.09499506913,15000,1440p
1.5883858422348942,1.2716833378339085,11732.035096854826,8000,1080p
2.012262665485682,1.8909009879982204,8596.72690640318,8000,1080p
1.4142486596045354,1.1206277227180876,13237.10782663697,8000,1080p
1.017675796996033,1.0485913121837103,16239.155069027003,15000,1440p
1.8713434229061858,1.6667752664902296,9483.693156072222,8000,1080p
1.329960770212247,1.2848671661259574,12832.367106720416,8000,1080p
1.2285874902063627,1.4614528490855538,12473.57948871218,8000,1080p
1.4319631380638445,1.007505367626103,13754.812542869824,8000,1080p
1.6515340635616018,1.2047295500707087,11747.666370797206,8000,1080p
1.3338831539446934,1.1441127994723266,13540.955122921121,8000,1080p
1.424666210443064,1.0650916075981636,13476.986298369513,8000,1080p
1.0271630141249795,1.062270468558735,16059.105148876024,15000,1440p
1.1769432678914167,0.9719022974220461,15615.097027740683,15000,1440p
1.408125051439374,1.4387396399576342,11786.451284951738,8000,1080p
1.1507851898427923,0.809871762819339,17113.871936873315,15000,1440p
0.9237707916540824,1.293092973122199,15135.991905838293,15000,1440p
0.7511921518271356,0.8640727085271378,20773.33124961349,15000,1440p
1.4748692580412184,1.1608571279273143,12730.62036280749,8000,1080p
1.5018530424400407,1.5396210258067968,11032.292647275932,8000,1080p
1.5314174449637938,1.2191957017479542,12198.891741687861,8000,1080p
1.3040571926211428,1.6852792430198273,11224.709136094712,8000,1080p
1.5683667814356335,1.7868947138475313,10000.541551581273,8000,1080p
0.8211246468032439,1.1966179798519425,16629.688819937957,15000,1440p
0.8610878253569245,1.0565790465716236,17497.529154401655,15000,1440p
1.1433700638358864,1.2657128974088034,13928.300743393072,8000,1080p
1.799872587933581,1.5515895845998342,10011.87847948639,8000,1080p
1.2041266980739718,0.9589844836635637,15512.116197858653,15000,1440p
0.9907318462906022,1.0785497819780479,16215.49794943799,15000,1440p
1.3297053305341802,1.1756373506607023,13393.150666317933,8000,1080p
1.362924174824871,1.062711557564405,13833.252681740692,8000,1080p
0.8378690404613994,1.0163019540063578,18096.730075120096,15000,1440p
1.542549819298274,2.2215131174350065,8914.41842604282,8000,1080p
0.9326058951513015,1.3772814265305153,14526.436716215747,8000,1080p
1.5808389417727977,2.018563105254631,9322.223958757533,8000,1080p
1.7005224486031048,1.2966635572983956,11195.311847156254,8000,1080p
0.8577617506537831,0.6033487026151416,22965.02083393427,15000,1440p
1.3011549217539196,1.1545551396494609,13663.841072844094,8000,1080p
2.2018786496759195,2.94214767126762,6522.989951156646,4000,720p
1.1970648340533294,1.6136979272785885,11937.838533231377,8000,1080p
0.8706687143316946,1.06775270199573,17310.184316665753,15000,1440p
1.7427943252321985,1.9698168766694417,9037.960124349422,8000,1080p
1.7256553585725982,1.559723246422345,10213.261859374543,8000,1080p
0.7670955490929416,0.8614903289363518,20603.415793217664,15000,1440p
1.578705417123173,2.006716613209159,9358.572496105808,8000,1080p
1.2127460075267096,1.7068405363955779,11492.871163504424,8000,1080p
1.262005949230138,1.5826472003344991,11795.61452162819,8000,1080p
0.7345055690492925,0.5439343952638551,26246.38851776461,15000,1440p
2.051555735513878,1.4141829756871442,9681.75468380073,8000,1080p
1.6942464998371978,1.2233837395093128,11500.577265580956,8000,1080p
0.897273048866023,1.0624198015352952,17122.291380064235,15000,1440p
0.9015345006408091,0.6014353711201157,22325.418912547208,15000,1440p
1.6947890746221521,2.3850642513714586,8224.421154117868,8000,1080p
1.4182948097243135,1.0652826172257337,13510.523825788858,8000,1080p
1.566345356610032,1.3783947155737726,11394.700780879517,8000,1080p
0.7601398761238671,0.8728268554844509,20548.14182708551,15000,1440p
1.0766655643793117,0.8374978641370043,17529.554425772472,15000,1440p
0.9571945321351764,1.058360830519793,16647.735220629602,15000,1440p
1.9024776054617036,1.584259138388084,9623.448646986686,8000,1080p
1.4695470344859254,1.5309484194637253,11182.963785474562,8000,1080p
1.820979297712468,1.2426343789638032,10952.56632892544,8000,1080p
1.0486961003417505,0.9674055189426167,16643.224567177538,15000,1440p
2.8342876334131786,1.9150295280516278,7065.106595165986,4000,720p
0.9459888379203917,0.8949304866174413,18226.997540168642,15000,1440p
1.3948863574869994,1.4680071134673194,11720.461253773074,8000,1080p
0.9938285393036896,1.4030755635622751,13999.071535602594,8000,1080p
1.3897664130952823,1.5812845074592374,11293.792296813737,8000,1080p
1.0045666162174591,0.8003778624707614,18590.28485152427,15000,1440p
0.989757258987369,1.1386267279235525,15765.215396447325,15000,1440p
1.1746908146941901,0.8677724337241928,16428.41408577778,15000,1440p
0.6268919588584735,0.8660966188633449,22474.674287998496,15000,1440p
1.53585650695872,1.7244906634076573,10291.67455079005,8000,1080p
1.3133220294759718,0.9097879685468064,15093.464574331962,15000,1440p
1.1461652773976732,0.9950222730130904,15670.944842530467,15000,1440p
1.4890496125054895,2.1088140020016475,9326.210105548023,8000,1080p
1.3796678541558014,1.037147865205329,13883.73624484282,8000,1080p
1.1518899113894394,1.3872063417869238,13215.108311874359,8000,1080p
0.896991332074846,1.3228864279016417,15115.441311667268,15000,1440p
1.5912349176539795,1.5161213216409481,10798.385964144763,8000,1080p
1.895049918649823,1.410929964860009,10149.61771769057,8000,1080p
1.0314362511005866,1.0599465698269237,16044.136761685217,15000,1440p
1.049749444003619,1.1667555199146786,15138.442072641732,15000,1440p
1.4871120825143231,1.1155959086003726,12892.123171154979,8000,1080p
1.7477168209914915,1.5844944283706381,10069.71932119345,8000,1080p
1.0751142475350866,1.218477854963911,14629.642281834052,8000,1080p
1.0608827265485308,1.4115050771680668,13571.670249124982,8000,1080p
1.2468268152670545,1.869396966400631,10767.658021672287,8000,1080p
1.3612488361543316,1.2854536681789133,12677.82531095349,8000,1080p
2.048844226169482,1.4638031239628861,9552.46247498644,8000,1080p
1.0305646146360918,1.396724871434699,13823.827851006232,8000,1080p
1.061185167023827,1.519413276074294,13002.577789559711,8000,1080p
1.4908310276681525,1.6619484732779226,10642.80961923633,8000,1080p
1.2688751258493627,1.7442116098499316,11136.231693048987,8000,1080p
0.9364455157161683,1.0527622112950654,16868.239321800356,15000,1440p
0.8608041844931787,1.1830508385444967,16417.22706443718,15000,1440p
1.1995414946821086,0.9062427557143087,15934.411131474331,15000,1440p
1.6752831867311566,2.29154275145764,8458.760863936604,8000,1080p
1.0345292054062045,1.0763070783044588,15896.274030790431,15000,1440p
1.3814188656072202,1.834561552140682,10433.65557042092,8000,1080p
1.0608604727667856,0.772370998176847,18303.43441721971,15000,1440p
1.0393917439744684,0.8885254838045498,17404.498241169345,15000,1440p
1.500439601559446,1.6958162754445962,10498.043113948592,8000,1080p
1.9107959476075551,1.9009719839286927,8802.85279761946,8000,1080p
0.7817829279243379,0.5561668715989222,25078.99176184051,15000,1440p
1.1690782527492631,1.5300626599222804,12431.522875472496,8000,1080p
1.3821772654310671,1.2033202449004887,12977.940170476933,8000,1080p
2.2921152870991133,1.6899861923996462,8426.312632349995,8000,1080p
0.6272002079657131,0.9163505879967775,21738.46956495975,15000,1440p
1.329035268887448,0.9968705812689302,14426.393053589862,8000,1080p
0.6334708703735608,0.8898141291196562,22027.678347231973,15000,1440p
0.5865531886279713,0.815476200487036,23932.759370458214,15000,1440p
1.635084077491809,1.9857827615580455,9266.961059745838,8000,1080p
1.0636368008600583,0.9073604235203716,17024.088915471515,15000,1440p
1.5771444237960224,1.5283699051811617,10804.790590372615,8000,1080p
1.152511894075241,1.3411030773481594,13456.139935206807,8000,1080p
0.8470849212165441,1.212091822190823,16295.071371327122,15000,1440p
1.5401766456788761,1.0303947478262148,13053.297054802671,8000,1080p
1.973406021492598,1.3353162035687964,10141.20549191082,8000,1080p
1.0513090069939177,0.7671774418449255,18451.84605110777,15000,1440p
0.8523830129349704,1.0279964830605781,17844.500044516244,15000,1440p
0.9165777665062873,1.0805100019336988,16801.681193115943,15000,1440p
0.8955895138351855,0.851172494938004,19209.504117602384,15000,1440p
0.8202245756221808,1.1917265048967982,16677.558577291402,15000,1440p
1.133597434000332,1.384262865234903,13326.56621584275,8000,1080p
1.349257739546536,1.5429513087967812,11601.662064925864,8000,1080p
1.2479380255744352,1.418881267014352,12582.191861761801,8000,1080p
1.1755005589224172,1.0754779186004848,14906.598323820985,8000,1080p
0.9135707607671514,0.6191811710338714,21891.625972751302,15000,1440p
0.9670196173878427,0.7703910544838957,19312.896221508363,15000,1440p
1.158492255720729,1.0513370510448978,15184.173681319888,15000,1440p
1.6656899301375614,1.3758134592258975,11032.186292260698,8000,1080p
1.5490166889846266,1.19700729024039,12219.278583819845,8000,1080p
1.577760179302278,1.1538622446369415,12283.700597102219,8000,1080p
1.0568205867384453,0.9188462324593016,16983.85156543012,15000,1440p
1.4414866685190333,1.036664280737,13540.108204495531,8000,1080p
1.0337645450586082,1.254004719999997,14666.877692816826,8000,1080p
1.1842758714354649,0.8252898031215736,16697.355266777377,15000,1440p
1.2134433007194438,1.2778418161001954,13468.724142997893,8000,1080p
0.7460208303409217,1.0000548963262537,19217.05427063411,15000,1440p
0.921867908330087,1.1728712278367612,16018.42989452189,15000,1440p
1.2721033928078174,1.0752491946461968,14294.585389233669,8000,1080p
1.2975873954477735,1.3685377025286687,12585.467960774768,8000,1080p
0.6997823307959835,0.5925685064229563,25963.872219255176,15000,1440p
1.5327474849007465,1.1808572759301923,12365.26132483834,8000,1080p
1.3866256908819545,1.0776426662558578,13616.38715313159,8000,1080p
0.9998947660959379,0.9779706863581359,16964.971989559104,15000,1440p
1.4294433317896444,1.2384183850622767,12577.275571686772,8000,1080p
1.4914215684311776,1.26485553795378,12173.82385909989,8000,1080p
1.5068326703531545,1.3734033115100743,11649.88987405594,8000,1080p
0.8388654399205844,0.7140384276362759,21607.539720272733,15000,1440p
1.207219356179401,0.893314722055941,15974.238336656299,15000,1440p
1.5391463126334386,1.3299289234181575,11695.208120849911,8000,1080p
0.7681333940178485,0.714535955093142,22631.0957464112,15000,1440p
1.3832723998503231,1.358377749837001,12238.772333452816,8000,1080p
1.4802366178586688,1.6312067937506014,10784.201272889391,8000,1080p
1.447780363074075,1.1088763394870789,13124.340067396042,8000,1080p
1.1061625859676818,0.9944479434458087,15973.656958374242,15000,1440p
0.5521259570932763,0.798730486875686,24839.376641246534,15000,1440p
0.9024780017522074,1.1039032021522808,16723.856829749948,15000,1440p
1.0661377360381519,1.4006672820144181,13602.38517209183,8000,1080p
1.5427970282610217,1.95904186171436,9581.946244316194,8000,1080p
1.0191592697590814,1.343846801720621,14199.892418807196,8000,1080p
1.6528933313528482,1.1288361085272511,12062.435519051161,8000,1080p
1.1970148800072418,1.640782774314771,11824.110133044915,8000,1080p
1.1952625416414282,1.6985480423796622,11595.241300615635,8000,1080p
0.736161578123105,1.0947637088187954,18326.488928471914,15000,1440p
1.2588480688399484,1.1169558673645792,14123.401131157723,8000,1080p
1.3078459613089073,1.2524675252388378,13105.595145399111,8000,1080p
2.026733989283734,2.5667462406571975,7304.795127077641,4000,720p
1.0172888876390105,1.4989571103739383,13335.115893476854,8000,1080p
1.234584126162993,1.1129309249547423,14293.596108797488,8000,1080p
1.5236403687162792,1.3530119416743789,11664.403055871291,8000,1080p
1.130649952308517,1.4284713389491857,13111.700533548912,8000,1080p
1.0096816777187445,0.8563805204598365,17981.411355286917,15000,1440p
0.6445395818208093,0.9599916143606781,20912.296426429017,15000,1440p
2.113965453878543,1.5580487376744392,9137.881895224657,8000,1080p
1.0653368079280798,1.2887567701106968,14253.65257907657,8000,1080p
1.1492969038319631,1.0056117173796602,15571.16235450096,15000,1440p
1.0325172688310233,1.0694662215463493,15963.223380967618,15000,1440p
1.227227192269261,1.233501276334994,13635.975048897755,8000,1080p
1.4126078612821324,0.9952618881283894,13935.318556252707,8000,1080p
1.030019954352816,0.766810442942486,18674.234391018857,15000,1440p
1.9058225075831827,1.5245153497103323,9781.669735142048,8000,1080p
1.4230544789977027,1.3430389968483858,12130.621142416896,8000,1080p
1.4522029398572276,2.0886348929951906,9476.410268969963,8000,1080p
1.1486072007300725,1.0759282957527,15083.792572900333,15000,1440p
0.8243080964388607,1.18729850200481,16680.414563145805,15000,1440p
1.0016124557426225,0.9070608143090055,17579.97690149052,15000,1440p
1.0716704030306947,1.4282650488087119,13422.119349246103,8000,1080p
0.797228836451311,0.8013283880876502,20990.44781438926,15000,1440p
1.3778740986327191,1.285273943600922,12599.536889378916,8000,1080p
1.4131762959252139,1.31634047120934,12293.176727844553,8000,1080p
1.036850079248452,0.973806717801593,16688.29411823525,15000,1440p
0.9589778772454168,1.4354707110615186,14013.427627496334,8000,1080p
1.2459284886941078,1.3922688731371846,12718.696669724643,8000,1080p
1.1404678342285457,1.2400397613043108,14095.494617604496,8000,1080p
1.140870092801084,1.2236674393120854,14190.695450713636,8000,1080p
0.7830914008629418,1.1560311382310218,17303.925524829385,15000,1440p
1.6330120781053197,1.1861592980293352,11902.232082820816,8000,1080p
0.7675675573634919,1.026999251290844,18697.78925932601,15000,1440p
0.9147766254470231,1.3409119131593583,14875.472134433388,8000,1080p
0.8382723175557663,1.086728579568304,17430.86564277967,15000,1440p
1.4080697306388852,1.6381866897781676,11014.972927133354,8000,1080p
0.743404201891217,1.0477662232603764,18733.243653886348,15000,1440p
0.9672243157846685,1.0763499564867418,16419.482499505448,15000,1440p
1.1798114189695796,1.3279764169083468,13380.092015739945,8000,1080p
0.593539014306317,0.7798479219936084,24431.885227043007,15000,1440p
1.268077816594916,1.4710669196574573,12249.966770981333,8000,1080p
1.1412000277839989,0.9026766005935716,16417.05352178498,15000,1440p
1.2386669680726288,1.1215847066668514,14216.46359119888,8000,1080p
0.9524139613049534,0.6495176556107973,20946.23243943671,15000,1440p
1.13996902416345,1.0833578585246888,15091.992212782778,15000,1440p
1.6291530544572839,1.6059353532974108,10372.029376250763,8000,1080p
1.2906015010886978,1.2674880586298074,13116.988759256876,8000,1080p
0.9743345162590625,1.3986780859246086,14140.014245656706,8000,1080p
1.2284522980106678,1.4480658203306864,12536.598116060493,8000,1080p
1.3312997538989282,1.2792685792516827,12853.30537948579,8000,1080p
1.3144535286429442,1.1503223072951403,13613.583641463001,8000,1080p
0.7340349294408642,0.6909968978806523,23546.443915620297,15000,1440p
0.912638556336516,0.7044678015817258,20749.67539129325,15000,1440p
1.2008463548854136,0.9489506297463335,15608.186372885699,15000,1440p
0.8326893740490937,1.2003735535385074,16504.37453001769,15000,1440p
1.4909890564772332,1.5913562410966293,10886.006842390743,8000,1080p
0.925162632142177,0.7540971809235547,19981.67986807326,15000,1440p
1.4081420447084216,1.059560423322229,13597.438279006994,8000,1080p
0.6292777812087719,0.9313706194423693,21500.31486015701,15000,1440p
1.4880407666285376,1.8039627262030613,10192.70850503817,8000,1080p
1.563772324871168,2.303302995113982,8676.953310578097,8000,1080p
1.3716126238124504,1.3976674515592373,12116.662485103241,8000,1080p
1.0270446417239987,1.1498058902981112,15414.210349495504,15000,1440p
1.2485530361757957,1.3974998969337296,12680.937550470053,8000,1080p
1.2754423481019321,0.905417442821312,15385.873103651053,15000,1440p
2.3016251675649437,1.643772599650486,8504.701928617438,8000,1080p
1.7680263595451846,2.202639852488669,8450.579879594754,8000,1080p
1.300341784333056,1.4087172359367386,12386.009957309207,8000,1080p
1.0105537304934473,0.9926755506460365,16750.170495168408,15000,1440p
1.8455670982612118,1.5262804609883067,9951.349048374033,8000,1080p
1.2886865948303938,1.1404422169766735,13813.360508880682,8000,1080p
1.8277891686751473,1.696900464667701,9519.825996190384,8000,1080p
1.2322794540816517,1.3756700581917476,12866.212264496624,8000,1080p
1.1832387665934183,1.412882367040834,12924.832961483542,8000,1080p
1.2104165825622202,1.2980556395405412,13376.441526576897,8000,1080p
1.063696574742579,1.0091836406885575,16187.347320028834,15000,1440p
1.1735425599463034,1.3199621586318182,13456.734912109507,8000,1080p
1.1398118373562134,1.621148428479952,12153.17453684468,8000,1080p
1.0785407829095353,1.2819799109640182,14214.843397512455,8000,1080p
1.4903302015436841,1.0488341181506744,13214.75405894132,8000,1080p
1.4126116627364012,1.2783040533002306,12469.521731963165,8000,1080p
1.4240435227354458,1.8593384905212633,10219.472441684647,8000,1080p
1.2211492951225378,0.983313527452369,15221.13761973404,15000,1440p
1.2510876616509368,1.282383868246633,13244.448024784646,8000,1080p
1.010574578544451,0.8799935367144713,17748.332752033406,15000,1440p
1.4384513221813227,1.5537375087097334,11214.00883981232,8000,1080p
1.656491870893186,1.8932384659621917,9452.67071462253,8000,1080p
1.0912134997500516,0.9385552895911664,16531.159694740618,15000,1440p
0.7239573349118239,0.7991501562817384,22030.245530278058,15000,1440p
1.6793308618379035,1.241572518369737,11487.689811093544,8000,1080p
1.2076312394381783,1.3705087150889739,13014.976918176695,8000,1080p
0.830867095067746,1.01922767830579,18136.60169355298,15000,1440p
0.7892813816497166,1.1791434743467915,17046.336261087898,15000,1440p
1.7710065116119782,1.3068269115879831,10901.964916968811,8000,1080p
1.4271680662976642,1.1169565132732906,13188.989355882357,8000,1080p
1.227126894242563,1.283966247972845,13362.480043411155,8000,1080p
1.4770760777859622,1.6280562236432041,10806.119914618857,8000,1080p
1.077352229903167,1.611949963007552,12477.0031751928,8000,1080p
1.039102845045655,1.1903945281889547,15050.222710654465,15000,1440p
1.0674153327800324,1.0741177152349577,15668.41661916073,15000,1440p
0.9872554916684362,0.7806746793438331,18979.500746224403,15000,1440p
1.7411710214492926,1.8782764314484255,9270.595149305575,8000,1080p
1.0057146709590263,0.9186682827537953,17436.46291153303,15000,1440p
1.1655106490790292,0.9473638101436925,15880.939756517246,15000,1440p
1.3347763180128873,1.1701658709507998,13395.291974335629,8000,1080p
1.1399352580356077,1.4871532426551786,12772.478731179763,8000,1080p
1.5856757911727188,1.7362330922103892,10100.948935669601,8000,1080p
0.9413441034026802,1.1601916099056666,15966.62468665682,15000,1440p
1.9726338066556317,1.3939623511187222,9966.871708836836,8000,1080p
1.0368893882565577,0.7684845196034493,18585.86293615687,15000,1440p
2.006855319051185,1.4690300006692598,9653.492251205424,8000,1080p
1.1104564942923758,1.6563466325120981,12127.509787352948,8000,1080p
0.8473392802149,0.965263647946847,18511.73882524247,15000,1440p
0.8495881208985219,0.9396973848002641,18752.978154202214,15000,1440p
1.0547236035261667,0.8493246669908097,17622.679277395364,15000,1440p
1.2089340309733192,1.3219516901951804,13257.979891920231,8000,1080p
1.0544998337052436,0.754957879716758,18543.91608662835,15000,1440p
1.0349500606435749,1.235443239636199,14779.127473581422,8000,1080p
1.3880057690199892,1.4379209284298473,11873.780034804186,8000,1080p
1.6832545079485475,1.1999934467851823,11637.719865511455,8000,1080p
1.2338615690085188,1.3747465508856187,12862.963871078384,8000,1080p
1.0236633684467853,1.449995084883679,13564.698859223374,8000,1080p
1.2097922898064206,1.3565219354350095,13074.950709453093,8000,1080p
1.3870525971481014,1.5885116540144577,11276.661892577253,8000,1080p
1.2844791592950144,1.6218299282424617,11545.376279448228,8000,1080p
1.3352745027219906,1.986763629043088,10100.55594460372,8000,1080p
0.8536989845341738,0.971161941372201,18387.391347827852,15000,1440p
1.4787080960689987,1.1071203711821282,12976.27914030591,8000,1080p
1.6272532717642638,1.7274165722886965,10002.305311649105,8000,1080p
1.4291186297106844,1.5359135535805617,11316.717636013616,8000,1080p
0.8205896297948446,0.815792201606082,20505.25822037124,15000,1440p
1.227210497102083,0.8181527388512717,16405.12130568344,15000,1440p
2.2731735677056233,2.0558713850080195,7751.001056010415,4000,720p
1.1056544107700554,0.772629633401696,17864.407731151317,15000,1440p
0.9007733225666247,1.0911096488317535,16845.58404374706,15000,1440p
1.5227698232494276,1.9517450290890643,9657.29991840918,8000,1080p
1.2657038444269004,1.1432102159275528,13929.277325511033,8000,1080p
1.5523679082492,1.2250371503397106,12081.216564445835,8000,1080p
0.9349745642766834,0.6403529200772449,21299.972439547266,15000,1440p
1.4813051639887647,0.9944383589369776,13553.27467860912,8000,1080p
0.9399939510617007,0.7607555262345974,19729.203182435715,15000,1440p
1.4531788785007695,1.874039556328068,10084.829913406676,8000,1080p
1.7962398086447418,1.2372710545611287,11061.25328476294,8000,1080p
0.9423210718967733,1.1934873482035249,15710.412827394077,15000,1440p
1.1471524266552675,1.611189869049847,12164.709235777602,8000,1080p
0.9152433773354304,1.1916016169226502,15926.38855323863,15000,1440p
0.8304973457575924,1.0600402695983078,17748.619084568316,15000,1440p
1.6050179580752049,1.407632313302125,11137.845079063729,8000,1080p
0.8029330126146881,0.8258268634878008,20601.21475996417,15000,1440p
1.2424134947571863,1.4972986507810329,12247.429736239024,8000,1080p
0.9040320978610809,1.0027825286491643,17597.112762560253,15000,1440p
1.2608120348320748,0.9061811320850752,15484.327552234905,15000,1440p
0.9825608870734516,1.2668870124406268,14916.741128900281,8000,1080p
1.0217687657666734,0.9295380520846361,17195.876985121497,15000,1440p
1.4857489584186994,1.049358608241543,13235.900693635931,8000,1080p
1.4155402552166205,0.9795040509298081,14009.942076599124,8000,1080p
0.7378174493179458,1.0100425495645413,19197.436877926943,15000,1440p
1.2125427449578392,0.8988051634554639,15892.422024002884,15000,1440p
1.1507168500984102,1.2053073150272315,14241.972767800798,8000,1080p
0.7582742610250696,1.0210949343001823,18857.487298394284,15000,1440p
1.075378798778859,0.7461189619602724,18421.341339658968,15000,1440p
1.5376567091746416,1.8538197591582646,9893.753447298372,8000,1080p
1.4936015651488532,1.10691595461203,12902.982481381368,8000,1080p
1.3886175236713447,1.3944532730734671,12056.621785995014,8000,1080p
1.120701171381488,1.2420913450049063,14201.1758405759,8000,1080p
0.7172311519508573,0.9292068136732053,20380.015949936864,15000,1440p
1.8970043719255303,1.6410556332067077,9483.850457970362,8000,1080p
1.400917380534584,1.643205367664636,11022.693490217976,8000,1080p
1.7073677090956394,1.5909833395831818,10173.093010654666,8000,1080p
1.5681722135338312,1.2504681929264119,11904.47420078638,8000,1080p
1.1451331691784634,0.857532384710306,16754.885474933202,15000,1440p
0.9954671468339954,1.4702417744531955,13608.431924106984,8000,1080p
1.0275747812066445,1.192683308275723,15112.852041369164,15000,1440p
1.3648660965831017,1.2926187549366333,12626.386931542145,8000,1080p
1.2056836377319287,1.0332658990782204,14986.68525053284,8000,1080p
1.0346695537318615,0.8994802974916858,17348.41381538943,15000,1440p
0.9651820482950917,0.8410140703891396,18577.402339034794,15000,1440p
1.4735731305710777,1.3562153886821793,11857.575847701353,8000,1080p
1.255750386482234,1.35740955179215,12840.558095406084,8000,1080p
0.810012592296178,0.9490960412340804,19074.678709672102,15000,1440p
1.404997526022874,1.3441612540157317,12205.345229106339,8000,1080p
1.4551453761418551,1.515338509378496,11295.948166412,8000,1080p
1.1576314640539254,1.0141427828671006,15450.23938264803,15000,1440p
1.4939997374688299,1.8595364690190734,10005.686515351787,8000,1080p
2.021316300912335,1.7744152137510936,8840.043577996666,8000,1080p
0.8331825640370449,1.0454287880468032,17861.295239582032,15000,1440p
1.0699854074072477,1.2853765569552864,14245.976842494068,8000,1080p
1.4102198377321395,1.5264241884638785,11426.114878303699,8000,1080p
1.2052526445989367,1.4733395549254729,12526.890807028285,8000,1080p
1.5296428147027352,1.8105362416802941,10045.698578906424,8000,1080p
1.1699684482469808,1.4020266494825981,13046.071522305807,8000,1080p
0.9508593855789454,1.173295072781459,15796.606441652102,15000,1440p
1.0825135935914705,0.9318405200570867,16657.663006045925,15000,1440p
1.5292104418023962,1.307311097197896,11829.429651299588,8000,1080p
1.1046978538057517,1.1911432721611939,14615.310972734575,8000,1080p
1.468530637342555,1.060691068233174,13266.702529884376,8000,1080p
1.1519546284257973,1.5767555645691236,12296.810444047935,8000,1080p
1.2533814524549274,1.6169529225356531,11690.077745771383,8000,1080p
1.7125059288561375,1.6143195160618435,10086.021210177212,8000,1080p
0.9374779492518506,0.7067297033555835,20407.660764008953,15000,1440p
1.1788340130943775,0.8758755592381762,16330.498700070899,15000,1440p
1.1297350894374776,1.6394376331980487,12117.13221270827,8000,1080p
1.2867610695030676,1.4022977078597236,12478.132602555992,8000,1080p
1.2742643621170975,0.920449732675886,15288.748579875968,15000,1440p
1.1758025474570988,0.8622189376845815,16464.218971502818,15000,1440p
2.011420277918854,1.8745549154939662,8634.751981144569,8000,1080p
0.9073142608286884,0.6975488195401547,20907.971783043475,15000,1440p
1.4567189535616136,1.7816212220107874,10361.614339688387,8000,1080p
1.0681487462034611,1.5468753588481237,12831.404473550003,8000,1080p
0.8567919776758527,1.1601903503706241,16635.957357394764,15000,1440p
1.0466518938408482,0.8471939284901162,17717.61544912926,15000,1440p
0.9728652968209036,0.657836342161015,20576.683801549825,15000,1440p
1.4966429052772114,1.500888404404218,11194.02219140326,8000,1080p
0.857014894317694,1.094825590254183,17191.175336933302,15000,1440p
1.2231823813847211,1.0327504562827872,14873.86124255949,8000,1080p
1.294270365086678,1.650488255360217,11394.62900864445,8000,1080p
1.607575279211286,1.639615734982763,10333.37178297415,8000,1080p
1.7090778163220632,1.5446501409412134,10312.611392448052,8000,1080p
1.5086036142863197,1.4618059186255608,11296.230916383684,8000,1080p
2.2593048987918807,1.5932231049946735,8709.717870193332,8000,1080p
0.9137036095320376,0.8370544605522762,19165.658907049372,15000,1440p
0.8898267072968701,0.9850195969075709,17897.16411673449,15000,1440p
1.071644316130785,1.1864641905998627,14859.530398997984,8000,1080p
1.3918835162557033,1.1458942781735268,13221.973993805359,8000,1080p
1.1940576017215816,1.2699852908627804,13617.633078134897,8000,1080p
0.9622034443374048,1.3777314862078431,14339.89961087559,8000,1080p
1.7542448165436546,1.4387447895507008,10508.782094359389,8000,1080p
1.4940097588194265,1.5295409934581916,11097.691009394732,8000,1080p
1.151967067786481,1.0317524944251362,15365.723960459876,15000,1440p
2.7136078895889946,2.658040163325041,6246.580503686805,4000,720p
1.0230672453174234,1.2185069451193171,14969.137378166533,8000,1080p
2.305528372071262,1.8460429203449125,8082.345125879229,8000,1080p
1.1236457754128615,0.8627583441077271,16892.047126894926,15000,1440p
0.6160357506403569,0.8694844732227962,22587.664214183766,15000,1440p
0.9571865757405257,1.2332918952513898,15318.311704202932,15000,1440p
1.3066211303107325,1.223696341731855,13260.957318890634,8000,1080p
0.7851670690399724,0.9689410992986587,19129.05521201718,15000,1440p
0.9802431811218951,0.6964008383057193,20012.854017428857,15000,1440p
1.3462726878612172,1.3238504023957813,12566.623659574583,8000,1080p
0.9147949285291347,0.9649461968528857,17850.560136668137,15000,1440p
1.106181345188645,1.316999460058513,13847.267165265259,8000,1080p
1.8412425689621477,1.5206080375704978,9980.940835026415,8000,1080p
1.1943853198829937,1.0376299839374246,15033.244594052165,15000,1440p
1.507632241209392,1.1039231904973352,12848.447171604244,8000,1080p
0.8661165909648564,0.999198214135648,17988.616135061482,15000,1440p
1.4318648383316448,1.4394662234560773,11686.019925235874,8000,1080p
2.1224302785035345,1.6744444549142483,8837.381887970729,8000,1080p
0.7873182848676894,0.7287136525710918,22133.06406769215,15000,1440p
1.4537688646583802,1.0654392148644418,13319.43648194227,8000,1080p
0.7989420426206952,1.1231159513503668,17457.5544053564,15000,1440p
0.8527747807879005,0.7888846706563502,20439.337750884002,15000,1440p
0.8568098809340894,1.2479349544602898,15942.280240213868,15000,1440p
2.028663827267875,1.7228637323727858,8944.205118198308,8000,1080p
0.9134580109870247,1.0153733430118588,17396.249770844104,15000,1440p
1.1631751393710785,0.8267453270575447,16862.197543111488,15000,1440p
1.1400094385503639,1.193602814909158,14378.752061425968,8000,1080p
1.0269116706334815,0.8572291031799522,17808.87737601847,15000,1440p
1.1234872353413434,1.1056670374239685,15052.539166961751,15000,1440p
1.5135286781336792,1.883362174366389,9877.983561145147,8000,1080p
1.5490249872026622,1.0777774585574569,12773.869635365874,8000,1080p
1.247754042916728,0.9955858314174928,14957.355496548778,8000,1080p
1.2049089288060346,1.5803775190962337,12047.030934743332,8000,1080p
1.0030347359474188,1.4854760916911067,13483.73960335206,8000,1080p
1.323475607184409,1.1502214657131515,13564.487086002036,8000,1080p
0.7806028319208891,0.9295501382651628,19620.719657814898,15000,1440p
2.3035308391822507,1.5877781489150684,8622.916376632085,8000,1080p
1.1658753292541777,1.0986990488044295,14817.10308352328,8000,1080p
1.7713856884926362,2.0066712087729197,8881.39933103858,8000,1080p
1.3636173987588958,0.975111732693482,14347.29295870288,8000,1080p
1.1324626019749553,1.2784775830752058,13917.571330912917,8000,1080p
1.9100700117538003,1.980932792735937,8623.594915244556,8000,1080p
0.8672386438174736,1.0848020916400962,17189.411773281794,15000,1440p
1.135074775383385,1.5414222286309465,12536.697014670124,8000,1080p
1.7535284376188844,1.7289099076046819,9635.32693867287,8000,1080p
1.986598678654358,1.68293128252762,9144.06813814157,8000,1080p
1.3469235880246075,0.9790214907062671,14426.149743100808,8000,1080p
1.7525523868085404,1.4413021338533003,10505.936254431132,8000,1080p
1.8853474984229994,1.323062361013921,10458.27480591549,8000,1080p
1.3267637336833675,1.1180080110407689,13724.975377521889,8000,1080p
0.8638837171759505,1.294364454729902,15547.06842187179,15000,1440p
0.83430878239914,0.7165163525342602,21636.502558646618,15000,1440p
1.0152680207939448,1.0769470136243633,16037.754938191156,15000,1440p
1.327906746470761,0.998971046699171,14420.367111024088,8000,1080p
1.2010455365235122,0.8686984948004979,16211.875232965553,15000,1440p
1.7690377981060585,1.451470248954751,10418.98716279358,8000,1080p
1.2498185242424573,1.537523152214709,12038.148133546785,8000,1080p
1.0324980832172603,0.816242609807863,18149.885555390876,15000,1440p
1.2782376707678422,0.9702041085901587,14923.415988819073,8000,1080p
1.3751104352151782,2.0043886103184487,9928.818309431337,8000,1080p
1.4045611830551938,1.2747450613884088,12523.552344785458,8000,1080p
1.2629882476224683,0.9624187899232206,15077.885273970294,15000,1440p
1.0261951383790195,0.7877890508407004,18497.643033169625,15000,1440p
1.3979841909529802,1.6283376281634547,11087.529352643849,8000,1080p
1.1709869072847923,1.203397081144617,14131.847318510325,8000,1080p
1.4127959966703243,1.0144497718252088,13824.076834542333,8000,1080p
1.179526991119421,1.3523099438837154,13252.998854745925,8000,1080p
1.235015742796973,1.0176700612305858,14895.300507513432,8000,1080p
1.1043838513703221,1.5075731573590234,12846.471778769217,8000,1080p
1.8512443857728773,1.4155285082116753,10271.430885748825,8000,1080p
0.6364959839642751,0.9417233522824114,21260.943412212262,15000,1440p
1.1756241869992805,1.0270283532409588,15233.647335198988,15000,1440p
1.6350594395233295,1.4241438039317236,10968.35657185815,8000,1080p
0.7929024647503627,1.0866708300236532,17852.15404650357,15000,1440p
1.7316509534269129,1.6760577940917327,9846.62554405008,8000,1080p
1.309982095936317,1.0012790354488257,14517.80222682617,8000,1080p
1.6337068682434424,1.3676930407021939,11179.59386218125,8000,1080p
1.6570744630127683,1.319261072530538,11273.739670576122,8000,1080p
0.9035473669926344,1.1822618615532334,16087.009080592014,15000,1440p
1.1164481743863346,1.1208670215514724,14997.632904350392,8000,1080p
1.1472856615965787,1.1571040327906983,14561.092718704384,8000,1080p
1.2011295612245667,1.158064116548974,14222.83906409353,8000,1080p
0.9133992761761264,0.9900093235581925,17628.60165950894,15000,1440p
0.8329842821049093,1.091515342057039,17435.405847175352,15000,1440p
0.6884733449253028,0.9304790869094209,20726.014761269722,15000,1440p
1.0227853056528335,1.2761895512447556,14595.388853134693,8000,1080p
0.6193347249496884,0.8612814715138467,22662.478014319346,15000,1440p
1.7079291230887292,2.499227449552131,7975.560552750633,4000,720p
1.1789695999182503,1.289717581802022,13592.014512190255,8000,1080p
1.2256936072458486,1.1906540220845117,13886.425774464786,8000,1080p
1.0453986585172905,1.0560902298373516,15966.980451784068,15000,1440p
1.4035897808175692,1.7470605618155435,10650.001857063371,8000,1080p
2.1687992707415895,1.8251492521195525,8401.318096098705,8000,1080p
2.1364645077232947,2.799369320598365,6798.128374473574,4000,720p
0.9156485960280871,0.9460763955501303,18023.30212667732,15000,1440p
0.9183468773611376,1.0765460602716992,16820.166820489165,15000,1440p
0.7513456336417617,0.8654357930056162,20753.84553964094,15000,1440p
0.8950466532300279,1.0037228215139267,17671.672336382355,15000,1440p
1.1593706356834734,1.229728392565805,14044.805846574114,8000,1080p
1.5358133770730278,1.7900391762500039,10088.971613150448,8000,1080p
1.1471313507442187,1.169487467119908,14484.22664153979,8000,1080p
0.98220232524486,1.0152861120545202,16798.311005677635,15000,1440p
0.9841362015682207,1.475930688742927,13639.6421301195,8000,1080p
1.046320541979807,1.4202591091840078,13603.627997242213,8000,1080p
0.9298849177486677,1.0223193724287785,17187.97165277721,15000,1440p
0.950829079902577,0.7487667612773256,19742.594790480107,15000,1440p
0.7968047335688961,1.1723080546248368,17040.380927483326,15000,1440p
1.2869436021794227,1.2811217605217928,13066.035034523351,8000,1080p
1.3540916866174795,1.003642615684987,14231.642627089966,8000,1080p
1.5290496253883474,2.223731813997181,8941.216679406227,8000,1080p
1.3709196148149358,1.5806241575341848,11368.434483115992,8000,1080p
1.4191105023185566,1.1940073747064786,12840.764779505786,8000,1080p
1.6961852833032036,1.253912991057936,11374.004822692355,8000,1080p
1.1717522481702916,0.9175889165996942,16059.814723314461,15000,1440p
1.1541911330664825,1.27263548963674,13826.46443964917,8000,1080p
1.3288445584370552,1.566717828916098,11588.226227331355,8000,1080p
1.559247494015174,1.139270078360101,12434.39447772982,8000,1080p
1.4671452129660232,1.2642566200721517,12284.692641754933,8000,1080p
1.7501674512314975,1.815437918157636,9410.584886388762,8000,1080p
1.135774332106087,1.6494290941914198,12047.390033770489,8000,1080p
1.3161863406670748,1.3158108762420613,12748.657857398637,8000,1080p
1.36409533442943,1.9165446764023757,10228.0140122696,8000,1080p
1.3105803751517942,1.6956878081169593,11161.489911893303,8000,1080p
1.2054707008349788,1.1644010090807162,14158.754610895649,8000,1080p
0.7712757223941351,0.6718840142227429,23250.670836105677,15000,1440p
1.3059347310979237,1.2661395621766691,13045.66982677656,8000,1080p
1.2993672163948877,0.888724637048121,15335.019847179356,15000,1440p
1.6523062623934588,1.73462685142947,9907.02528581267,8000,1080p
0.7993687314863559,1.1158787575785665,17519.632419088677,15000,1440p
0.8068850283620455,0.9726236482447628,18856.00921260022,15000,1440p
1.66425131932247,1.1222962035907855,12041.57895176315,8000,1080p
1.0554837586296004,0.8946563645194632,17206.164624630506,15000,1440p
0.9095112003462769,0.6767343254178355,21153.36589134677,15000,1440p
2.1633604950294756,1.9617135740166742,8134.261697695738,8000,1080p
1.140536544440049,1.6949382922391396,11833.796430123784,8000,1080p
1.5495377348983517,1.71782862969968,10269.565226465824,8000,1080p
0.8692585306811752,1.1143245535136663,16916.070855494374,15000,1440p
0.9812089879358751,0.775297447350069,19102.937129027727,15000,1440p
1.6088554291758934,1.0826004201563129,12467.019293043726,8000,1080p
0.9678084721350795,1.4318706094948748,13982.88306835118,8000,1080p
1.6419172296975477,2.010506625770849,9186.89432765653,8000,1080p
1.524792687491076,2.0024322652246607,9512.98328000465,8000,1080p
1.4170126857346779,1.4848408240690498,11563.103336070717,8000,1080p
1.1305635295367986,1.1494362570365964,14716.857517968832,8000,1080p
1.4231276007389555,1.5481785706450149,11292.822100649113,8000,1080p
1.4428329262987576,1.4942659086239394,11424.34554841364,8000,1080p
0.9085847962035385,1.3265305084061407,15012.3941842274,15000,1440p
0.7628206271843762,0.7168191657813553,22677.432818121782,15000,1440p
0.7208556098309103,0.7241363959309995,23221.18867523253,15000,1440p
1.5098171592313734,1.343965701378203,11757.878450791688,8000,1080p
1.6621513082856896,1.124884765141636,12039.468136031988,8000,1080p
1.5304137311726211,1.0913572670709961,12798.384001683922,8000,1080p
1.3542770723456543,1.3844549407162738,12251.812824317129,8000,1080p
1.5834511557673714,1.317699374191956,11565.905199848563,8000,1080p
1.7295239855966686,1.2537283350614712,11247.601072039895,8000,1080p
1.6942401176772033,1.2327999964478265,11463.605106768518,8000,1080p
0.8512884878831666,1.152669643753646,16744.078366843467,15000,1440p
0.7191792848784663,1.024733940399679,19240.883957771603,15000,1440p
1.1047690847802965,1.3359516895425705,13747.755315971799,8000,1080p
1.725940650247862,1.8448917660585897,9396.80950771349,8000,1080p
0.8864846411964135,1.3180118991500573,15220.904812455,15000,1440p
0.8764363690723127,1.179754616712072,16318.733148808078,15000,1440p
1.0694744977618718,1.2635340356706712,14382.472896758565,8000,1080p
0.9671436734947014,0.8527778134107658,18437.296466593634,15000,1440p
1.4705534663034237,1.4367351199132856,11541.486510516934,8000,1080p
0.7867331526725213,1.0517224509999163,18251.423604123363,15000,1440p
0.99547216718933,1.377707779397603,14139.017164820316,8000,1080p
1.0805757657032644,0.9480012712915502,16540.871452290707,15000,1440p
1.9662856507858346,1.4770236018323986,9744.82090869003,8000,1080p
1.212695256368939,1.4808197451277572,12457.488442186112,8000,1080p
1.1495435038879294,1.4076989717152208,13121.333749192425,8000,1080p
1.038565604327812,1.0527551334108334,16044.613049781432,15000,1440p
0.8233964806018482,1.1843864891813687,16712.180800907438,15000,1440p
1.2928165167509282,1.4994118666259555,12017.080049669761,8000,1080p
0.9656865921168294,0.7483051177427165,19576.7761343196,15000,1440p
1.0030192983962352,1.1518504799624811,15571.443034277994,15000,1440p
0.9157927424402708,0.7342657808265618,20335.298128437276,15000,1440p
0.8967133499684924,1.2873757243583905,15363.124331520765,15000,1440p
0.9718378204441539,1.4218593716881749,14017.82652805361,8000,1080p
1.8725193504905957,1.7282083702159543,9318.791811732937,8000,1080p
0.9580012850407176,0.9807157637075918,17307.544709354926,15000,1440p
0.9589205014403434,1.270481446170435,15050.866908930378,15000,1440p
0.7757926342661949,0.9873342273029089,19031.206846986643,15000,1440p
1.3388650849064792,1.4894204750600235,11863.876998473028,8000,1080p
1.2396842166919966,1.0804731790623945,14462.136086715744,8000,1080p
1.2099737380704707,1.1551832653903333,14186.978687208353,8000,1080p
0.7713997081135032,0.7518391926908957,22028.34498402084,15000,1440p
1.761144353635842,1.7597062598960014,9530.206101627471,8000,1080p
0.9815960477869577,1.0327103527227162,16658.057578285916,15000,1440p
1.0860652282234056,1.474407857527075,13104.778248495091,8000,1080p
0.7481668086718746,0.6267958041957923,24403.886830070078,15000,1440p
1.553421987837968,1.3880201121825033,11407.476625076682,8000,1080p
0.8810491368217943,1.2151408576496734,16007.342888047893,15000,1440p
1.2311465944060709,1.6054164133124451,11829.256712682105,8000,1080p
1.1399211751227527,0.7824097943374391,17455.075391841805,15000,1440p
1.303476009090153,1.06090418908768,14191.639748065705,8000,1080p
0.900704585680874,1.0731507483597376,16999.4383181628,15000,1440p
0.8696543328039468,0.6924356083536829,21480.473765251678,15000,1440p
1.0165013295041636,1.2876514464862276,14562.589924436472,8000,1080p
1.1992353453157139,0.8272383478101923,16558.039768204995,15000,1440p
1.2411401120605758,0.9246881990650897,15492.655547826158,15000,1440p
2.26280488539707,2.5013921483313557,7043.040361775413,4000,720p
0.965007577328094,0.7426024275221796,19649.938747543307,15000,1440p
2.1612678583002656,1.959795861508741,8142.177428296378,8000,1080p
1.6991277860093665,1.2728560812438159,11290.247019749891,8000,1080p
1.8840114087622444,1.4137253838404902,10174.987911487384,8000,1080p
1.4267953700147444,2.0880896257571697,9546.381187538973,8000,1080p
1.6320999551115034,1.0942457261560334,12307.47525178092,8000,1080p
1.281001992903155,1.5733617587706004,11755.485607019846,8000,1080p
1.6065778515325069,1.1013421090663367,12391.220009538096,8000,1080p
1.218207584080859,1.6031751289175171,11892.903378691437,8000,1080p
0.8184814286027942,1.0244980897313138,18206.622301657626,15000,1440p
1.3544309028903962,0.9840576539085275,14348.768952682627,8000,1080p
0.92142649522807,1.3697870099151266,14644.829879310138,8000,1080p
1.1918538904849039,1.2494015147659192,13744.744580115943,8000,1080p
0.7180757271682766,0.7538162810943224,22796.80289833708,15000,1440p
1.5230809095443358,1.0243403629507555,13171.92109616595,8000,1080p
0.5715008084544809,0.7920875291744048,24607.450118227818,15000,1440p
0.723023792224332,1.061985043821474,18797.9080676881,15000,1440p
1.3888702621336722,1.4418198020295871,11853.799334940102,8000,1080p
1.407842228841727,1.1061407872230564,13347.11960485867,8000,1080p
1.4349727979695734,0.9665516112972219,13972.138642656744,8000,1080p
1.4257434588718607,1.092201204381623,13326.119707747543,8000,1080p
0.7957799855256269,0.6565591863925964,23103.716162721077,15000,1440p
0.7616260233639701,1.0371169493968635,18654.37836763213,15000,1440p
1.5952079162510604,1.1004573687005388,12447.551328911546,8000,1080p
1.8732288543766695,1.2561722922787175,10722.317282928716,8000,1080p
1.2323301920422025,0.8828313283079365,15863.7681695559,15000,1440p
1.1799533857634976,1.2993397805952596,13533.870239831342,8000,1080p
1.1585785882273574,0.7808816829830296,17300.912268266882,15000,1440p
0.8317268364114807,1.065463597136716,17686.380558669192,15000,1440p
0.8844609939055205,1.1464974569626727,16521.476343179827,15000,1440p
1.1386945763910228,1.3570457001111909,13444.681049514744,8000,1080p
1.5072604642743481,1.007103949885957,13345.095011299627,8000,1080p
1.0719091173531061,1.0418081050809413,15874.6078443551,15000,1440p
1.6607567880458773,1.3628569782664652,11097.45972645297,8000,1080p
1.3754155418437441,1.1566163378064716,13251.978487978331,8000,1080p
1.4613851343849669,1.9448090575765977,9851.003820976108,8000,1080p
1.3207619697035882,1.1459343244458728,13602.984720731447,8000,1080p
0.9941876561850984,0.7166881433708103,19612.430083299856,15000,1440p
1.4471542539200828,1.5150400246568736,11327.559519870389,8000,1080p
1.0901116312540455,0.7759187170344153,17981.718266681146,15000,1440p
1.2816450783747593,1.396667151310175,12528.200270342344,8000,1080p
1.373407972784563,1.5776150355177214,11370.440659255913,8000,1080p
1.0454760125711444,1.4572419050590608,13407.19693722907,8000,1080p
1.4160633472511064,2.1231407273475633,9480.784745029126,8000,1080p
1.9796777863071333,1.486583475503355,9680.295126534675,8000,1080p
0.9911000994963469,1.0741785559403092,16246.92721811221,15000,1440p
1.7260126757057495,1.5907636539397143,10116.579674091769,8000,1080p
0.8580592366161195,1.270841735496,15761.386950145486,15000,1440p
1.4248533686828642,1.6568140556070132,10888.401433432455,8000,1080p
1.2437486449231046,1.6055062951488155,11776.563594956171,8000,1080p
1.5902669632905209,1.1030646390648062,12458.336719717892,8000,1080p
0.9558413196848506,0.7953346119801593,19161.085641518956,15000,1440p
1.1323067217026905,0.7665880418483535,17670.506361948806,15000,1440p
1.3192169874748318,1.093656036807498,13906.42261831421,8000,1080p
1.178766254843259,1.1502625469273653,14407.048970150361,8000,1080p
0.8511349444679316,0.9070015338634881,19085.22598418823,15000,1440p
1.111641774606617,1.0035112535472817,15863.831861511337,15000,1440p
0.7714463610150418,0.7434759845006894,22149.275241284347,15000,1440p
1.0053705562739905,0.7476205389536998,19141.244979137628,15000,1440p
1.2669514918393623,1.2459643576984036,13352.787760947951,8000,1080p
0.7801540611981373,0.8056260093659992,21159.574787734036,15000,1440p
1.458838406541681,1.3739945530486508,11844.832532890485,8000,1080p
1.8281268445660823,1.7975798334718152,9254.590892101192,8000,1080p
1.35949363666783,1.5970602524805848,11349.169762525378,8000,1080p
1.2795324912749,0.9763953253026201,14873.894347783522,8000,1080p
0.7875356444152813,1.085176846274667,17917.556574654882,15000,1440p
1.52360207474237,1.025243222822569,13164.562020322108,8000,1080p
2.7189021980242916,2.007992255203757,7098.6209512432215,4000,720p
0.9409937028895101,1.1377211790412638,16141.911664592317,15000,1440p
1.4280509829938235,1.1261178873872093,13137.123543046831,8000,1080p
1.0992134199516812,0.9110509414506915,16691.551939264456,15000,1440p
0.7381851648615427,0.6662445990526855,23891.854802679365,15000,1440p
1.973434498801083,1.8927308940433363,8678.995487907283,8000,1080p
0.7858780622493416,0.6887703409133831,22754.19139100192,15000,1440p
1.0183475789346528,1.362608678570753,14092.838494713009,8000,1080p
0.8358395850526518,0.9788610543133881,18490.34009913731,15000,1440p
1.6532024148149123,1.2860572462010487,11415.946826692352,8000,1080p
1.4337520761969327,2.1223689435683877,9435.683379024702,8000,1080p
1.76910262535377,2.445214572445482,7962.0091286727,4000,720p
0.8056113506806166,1.0547140444338539,18036.861770591113,15000,1440p
1.258016376527466,1.0338412990867816,14640.71366953752,8000,1080p
1.1864125658056328,0.9909364205740139,15410.681617829263,15000,1440p
1.61332893936181,1.1153036582667715,12297.160134039927,8000,1080p
1.8081751064624745,1.8413353267575052,9194.228270884752,8000,1080p
2.123844731748859,1.4237660378315713,9458.318338561257,8000,1080p
1.196524910413053,0.9343413901859798,15746.849997377647,15000,1440p
1.2264990883888047,1.5515125899651436,12078.578452874599,8000,1080p
1.0653703428172239,1.1298916667221353,15284.932665983166,15000,1440p
1.5309887151954837,1.1313225830160374,12603.496827189627,8000,1080p
0.9101968610608521,1.1598299820158653,16209.660329876426,15000,1440p
0.8231562606748133,1.139221564627754,17098.864228567425,15000,1440p
1.1412851446806231,1.218661845362451,14218.299030262353,8000,1080p
1.1647532185361387,1.7404354044540664,11549.82906599147,8000,1080p
1.572713909174607,1.1014458809355232,12547.65407964575,8000,1080p
1.2735959123517715,1.0032334458337695,14737.350376903221,8000,1080p
0.9804528366981532,1.1165769777860666,16000.932255821535,15000,1440p
1.240716135017721,0.900821265458045,15668.3847746696,15000,1440p
0.8646475981655597,1.1800032980330115,16410.836716617312,15000,1440p
1.8217615030716272,1.3508100635627358,10576.414525329801,8000,1080p
0.8178089409470521,1.0488693460053207,17975.476671335022,15000,1440p
1.468426725313048,1.0084744301296646,13546.940266981546,8000,1080p
1.2674572409012972,0.8954491450101092,15513.5849700036,15000,1440p
1.0923650614263107,1.0717188985194936,15505.143340575525,15000,1440p
1.5767943031721874,1.7677937258938852,10032.455928322384,8000,1080p
1.4713125273625218,1.3613940353296536,11845.361055721285,8000,1080p
0.9763746981097455,1.2195871460366905,15280.061486242495,15000,1440p
0.6404035194495166,0.7863932556370687,23517.31696195048,15000,1440p
0.9894724744979999,1.3482118320975627,14353.70546199469,8000,1080p
0.8194581855446692,1.0444903371135352,18001.801869585717,15000,1440p
0.9673825672407204,1.159483233297578,15776.46882633947,15000,1440p
1.021990424089714,0.9605434224129927,16925.023529455386,15000,1440p
1.0239595438831313,1.1961461279574575,15113.889588949856,15000,1440p
1.620130091604277,1.75918401546633,9929.361680168584,8000,1080p
1.1499233791584804,0.9951285817458277,15642.712909319998,15000,1440p
1.259986431383711,1.513133318117228,12099.885699504532,8000,1080p
0.9988719512217348,1.496867137049412,13444.687450579577,8000,1080p
1.241584721114587,0.9796072789494448,15106.497771931785,15000,1440p
1.5766495528567703,1.5894558855751852,10598.014706869068,8000,1080p
1.5745780828107863,1.6791472887974066,10312.619587625282,8000,1080p
1.2694093669805249,1.3197731837160072,12959.469385800285,8000,1080p
1.4923170562908834,1.0822664564079392,13032.955363264315,8000,1080p
0.8483529088726487,1.1540966673936548,16756.692601750503,15000,1440p
0.8012917173733141,0.8532089140739787,20280.700630889387,15000,1440p
0.8448417073422995,1.217061664433507,16273.523026979374,15000,1440p
2.2807180015873865,1.597051321681569,8653.024252539512,8000,1080p
1.4829044862327643,1.6953593748972065,10557.472087314478,8000,1080p
0.8932637399955935,1.3321032957783099,15078.156304373839,15000,1440p
2.204669949747141,1.5983341163047653,8823.138607588862,8000,1080p
1.3375719569954048,2.005068540800218,10038.301164043278,8000,1080p
0.9585855929094216,1.2840263570779669,14962.210470781045,8000,1080p
0.8281192731434576,1.0927671051416001,17468.202377465426,15000,1440p
1.038406779752401,0.7765329379853738,18487.90440369215,15000,1440p
1.0437729326213594,1.2599298855872885,14565.43428031738,8000,1080p
1.1802494804934307,0.9615613197728163,15666.384722604289,15000,1440p
1.5119463083643283,1.3612180690903832,11678.56328141076,8000,1080p
2.793332083093684,1.946989053796186,7078.514520645979,4000,720p
1.3316075861534686,1.0944130012438598,13831.058225271578,8000,1080p
1.3835975662420454,1.1887865665847432,13044.098496722994,8000,1080p
1.414025065569666,1.1791246195340055,12939.643319764062,8000,1080p
0.8077469368555441,0.6687687730871348,22725.414822238938,15000,1440p
0.9856557819731996,0.9875524132776362,17005.013500734287,15000,1440p
2.433215495010018,1.908460805669017,7728.450873859967,4000,720p
1.5446635713666044,1.7241862592853099,10264.90470298177,8000,1080p
1.1618017644525547,1.1474890313500494,14530.189121694399,8000,1080p
0.758408741806592,1.0510966168422353,18543.427815574625,15000,1440p
1.3406312646954,1.242087109417925,12991.90509360882,8000,1080p
1.2354502305998125,1.3820529587766763,12819.251619705932,8000,1080p
0.8374469935079842,1.006742268938594,18194.679192245858,15000,1440p
1.0508685503439696,1.113511588265822,15503.02158175986,15000,1440p
0.7607796519132972,0.975304416644756,19327.653889404934,15000,1440p
1.4810933958124342,1.9998585150632724,9639.44141117384,8000,1080p
1.0999976051942286,1.3973245821887565,13436.164612449402,8000,1080p
0.6670869228922475,0.9325072196596625,20976.841004474416,15000,1440p
1.488847273922712,1.1513322844351375,12709.147714510118,8000,1080p
0.9763832174010466,1.0598991312438004,16478.280638404878,15000,1440p
1.3666947507165321,1.2603058993698426,12772.905860870931,8000,1080p
1.4079038999304965,1.188779907008037,12922.032289930738,8000,1080p
1.6588731825430862,1.3198376901680922,11264.74956243714,8000,1080p
1.2874658076955137,0.9180241766557229,15214.048686723154,15000,1440p
1.1362227483787903,1.0769281236317718,15161.38480406313,15000,1440p
1.0712915910305243,1.2034826658313984,14750.664554419885,8000,1080p
0.9007037768477725,1.2123575914950058,15879.535020942583,15000,1440p
1.253174191828248,1.1357686746054148,14045.723935663555,8000,1080p
2.022846175648262,1.5892261054631334,9289.523959823879,8000,1080p
0.8531434912233922,1.0756860133402173,17396.266451031694,15000,1440p
1.111524718369962,1.3266025719769523,13762.379073828273,8000,1080p
1.55938559962797,1.0752880995267013,12735.706896366657,8000,1080p
1.0623453230142406,1.0926701712077362,15570.390138709477,15000,1440p
1.7078269417626557,1.2660447134443742,11283.080068787995,8000,1080p
1.278684143882679,0.865919507182529,15645.982875825925,15000,1440p
0.8877503951673679,0.9718551785642998,18043.843530037593,15000,1440p
1.375578233302529,1.2651202844213902,12706.65006807417,8000,1080p
1.0295356349681046,0.7588465588425646,18762.450283908558,15000,1440p
2.6394926947630033,1.8267620026028002,7512.879196027579,4000,720p
1.0728873215944126,0.9939260042288862,16234.863391271127,15000,1440p
1.4171059778743123,1.0433471712167461,13637.50088571924,8000,1080p
2.0568545608579347,1.717915220738175,8889.133362144265,8000,1080p
1.1879491707827023,1.5885427225622841,12085.189976757038,8000,1080p
1.56734133099896,1.7036071174208047,10258.318811539375,8000,1080p
0.909629651256132,1.237280668546663,15629.172625655901,15000,1440p
1.3967876297300712,1.808299061619801,10469.11838314989,8000,1080p
1.0826049348866962,1.6149539488178533,12438.813552021447,8000,1080p
1.2445968456758065,0.8471776515802458,16041.132561858856,15000,1440p
0.7848884210714892,1.1076675374875644,17729.69081746335,15000,1440p
1.1506411216016306,0.8697689186821183,16607.733742645418,15000,1440p
1.8572857151168847,1.59161879410831,9729.011606510987,8000,1080p
0.9502564440213987,0.6873281251965235,20490.197960295223,15000,1440p
2.7073424397123946,2.1904442782516154,6850.937766834494,4000,720p
0.8243867021911739,0.5702113369925701,24060.28909924422,15000,1440p
0.8672765218654922,1.08849791409247,17156.596069098647,15000,1440p
1.0816370079622029,0.8182707910915421,17661.084404575784,15000,1440p
0.8764338925047315,0.631821131345319,22247.18729220421,15000,1440p
1.103231337052962,0.7458008145222652,18147.024632002376,15000,1440p
1.5807879531188422,1.0688106130867918,12663.968205588113,8000,1080p
1.9230185110023714,1.3683596095122028,10194.645152090303,8000,1080p
1.5382086325116404,1.33674146675646,11671.309358914517,8000,1080p
1.6510529127892826,1.1106615225885197,12149.855745461879,8000,1080p
1.2757005014531364,1.4188661492378367,12452.626470158222,8000,1080p
1.6472189974228544,1.7663853751150806,9829.6194690696,8000,1080p
1.0468480356209455,1.2614253759690666,14536.59338253463,8000,1080p
1.0880542667263735,0.875699423465953,17086.88425008828,15000,1440p
1.3061771442696766,1.396521076122815,12415.160429982136,8000,1080p
1.3342639248623827,1.0285470906216676,14201.064655662261,8000,1080p
1.5557465715828904,1.3629972417159846,11496.189506976807,8000,1080p
1.019784178679911,0.9742666760753309,16827.269936462384,15000,1440p
1.5425854419606946,1.1516512838499784,12454.151366340595,8000,1080p
1.4314623761423535,1.208026290733474,12712.474359556907,8000,1080p
1.2922514651959482,1.8987359952407092,10515.37569984947,8000,1080p
0.9664584584137573,0.7446753915891794,19609.472397464648,15000,1440p
0.873119558528081,0.6633649261555438,21838.44505719766,15000,1440p
1.6874063797930796,1.630396503840226,10113.44952574601,8000,1080p
1.1154346026034336,0.8762163389931377,16847.54657515523,15000,1440p
1.6306966845709983,1.2482335078208584,11655.173886700773,8000,1080p
1.1349869263325698,0.8832744454667414,16625.414561685688,15000,1440p
1.294339072078273,1.4550272312247845,12204.42396478348,8000,1080p
1.0339596277696859,0.9776572320817407,16680.329475106035,15000,1440p
1.6653719421498476,1.7497039462011876,9825.384002286904,8000,1080p
1.7034204195313545,2.0002950306167184,9059.66790690103,8000,1080p
1.2925277155480432,1.4420608966859692,12270.376556782276,8000,1080p
1.0938906296218247,1.0541101014302303,15621.2386313135,15000,1440p
1.3490065234790547,1.1273955071772666,13549.670685380219,8000,1080p
0.9476054926327834,1.3560242614682525,14565.896251454791,8000,1080p
1.396568856799432,1.3082278690934932,12405.528178433739,8000,1080p
0.8252715682775206,0.5873554440077008,23753.214194678785,15000,1440p
1.1952863108989413,1.6750831000119975,11689.935055903201,8000,1080p
1.0720510274587922,1.4526804245949507,13290.297458252498,8000,1080p
1.6482837069261593,1.185387698750706,11841.327802785594,8000,1080p
1.259369780555841,1.387706085354617,12676.037144276936,8000,1080p
1.5226956002122771,1.679690760767856,10477.946199386828,8000,1080p
0.9146120268607523,1.067807809920339,16925.996894019805,15000,1440p
1.281789853688883,0.8935977508950597,15424.576259097288,15000,1440p
2.405161710098911,1.9689018773964033,7671.226384528629,4000,720p
0.861385392813398,0.7751750746393961,20503.02000281445,15000,1440p
1.1770893507135853,1.046659916297767,15089.125603218785,15000,1440p
0.8675135795280126,1.1969587016795162,16253.273199857984,15000,1440p
1.430070397742329,1.038525158663672,13592.51899847519,8000,1080p
0.6964323776249343,0.9890203135115682,19908.260953544897,15000,1440p
1.3840237298837594,1.3078264749293027,12465.192877376405,8000,1080p
0.7948983648388886,1.0612375586640974,18077.57264709069,15000,1440p
0.6108682986046782,0.7861353366229936,24018.85804293672,15000,1440p
0.8904138544037209,1.0572328990629023,17228.191888635018,15000,1440p
1.6413962376557043,2.3765243871970307,8351.193349228954,8000,1080p
1.0472088823292276,1.5136948290727095,13102.574630434274,8000,1080p
0.8024793539227237,0.7683099277369216,21361.510669685413,15000,1440p
1.0296971845631604,1.4015191236817994,13801.500050080771,8000,1080p
1.3171577723207253,1.3568848235372155,12548.204000929305,8000,1080p
1.0164136375944424,1.2979550773787352,14498.308667462643,8000,1080p
0.6237314855771301,0.9023554674472429,21987.23469426326,15000,1440p
0.9327686694953944,1.023660699486424,17150.852738150563,15000,1440p
1.655878686808966,2.364282053230554,8346.539894738175,8000,1080p
1.4687195546078091,1.4135247557419333,11641.772308999156,8000,1080p
0.682405880570944,0.6731066621715575,24754.0549732664,15000,1440p
0.8857125771333226,1.1609717635637522,16394.53204033006,15000,1440p
0.9861033668182986,1.2696263214462855,14875.200771868485,8000,1080p
0.8198943704466678,1.0573016031674003,17874.76239649044,15000,1440p
1.197804861449677,1.3620597950923403,13107.892995142513,8000,1080p
1.2768176160772289,1.1017605884666393,14106.928221195325,8000,1080p
1.2103046647208462,1.5162090720845565,12306.716649561064,8000,1080p
0.7792198611556038,0.7887381950912398,21400.082652923673,15000,1440p
0.8683791847466854,1.0886637471901608,17145.47568294368,15000,1440p
0.8596203032169427,1.1511748708979566,16687.145678460165,15000,1440p
1.030809243105804,1.0432795890010178,16177.914600656723,15000,1440p
1.7143900087076238,1.3089033989832313,11098.635651651277,8000,1080p
1.1584978260286045,1.3820584926713277,13207.513548517067,8000,1080p
0.8936000100295534,1.22653117597982,15826.582912144217,15000,1440p
0.6674370764390867,0.8244329143675815,22491.52553960604,15000,1440p
1.3814137574817893,1.0317267823111702,13904.880982555153,8000,1080p
1.701649277143773,1.4046509142297383,10802.057088102374,8000,1080p
1.7312431813410623,1.1800853247404568,11525.470907837309,8000,1080p
1.2447309718794664,0.8769658628309847,15814.90411403625,15000,1440p
0.8480743886159599,0.655642302594051,22314.33101470691,15000,1440p
1.2842602211756058,0.875285814186231,15537.724804453117,15000,1440p
1.0473539531815823,0.945006136189974,16841.549968301144,15000,1440p
1.805244608944913,1.688066116095363,9605.33850008809,8000,1080p
1.1229353014419579,1.5432098821064588,12585.37314736246,8000,1080p
0.9812060364826205,1.0300003926885763,16683.733461327254,15000,1440p
1.2849282810585636,1.5441272505355237,11860.648059139754,8000,1080p
1.401496607796402,1.0743365343053015,13552.784082822345,8000,1080p
0.9614284138947956,1.1814913197583712,15658.277570106511,15000,1440p
1.177611842846179,1.2595040524750936,13768.09041556749,8000,1080p
0.9196156787876216,0.987785964751951,17591.69712034688,15000,1440p
0.9721985507879095,1.191459805226501,15508.19329064931,15000,1440p
1.230536227483976,1.4006440991089533,12752.615873899096,8000,1080p
1.513988901548439,1.418633190267081,11441.785183861592,8000,1080p
1.9478222280844362,2.733916450610792,7167.087764358393,4000,720p
0.9394007455703695,1.1250433985699018,16253.494721686257,15000,1440p
1.2621340479827894,1.1598549277579298,13854.081226665376,8000,1080p
1.2108195223216023,1.5345038841102574,12222.396793538881,8000,1080p
1.6830825261545959,1.2825338380743754,11314.488416212862,8000,1080p
1.674639598099091,1.5936772226355431,10266.578743873988,8000,1080p
1.6515621641634937,1.1209740869626676,12102.432199532364,8000,1080p
1.0519613343861638,1.0581794348044544,15901.513534033274,15000,1440p
1.7045638516705655,1.3703103549608064,10912.456817789633,8000,1080p
1.3114277831786272,1.3146844621573,12777.226891041659,8000,1080p
1.1675554489845354,0.9936054575885649,15526.11464419206,15000,1440p
0.8121924297770328,1.107876094480503,17475.642965906667,15000,1440p
1.4871846882441355,1.830793168284154,10112.916195019192,8000,1080p
1.5331024484574902,1.4785784054331481,11141.43019392401,8000,1080p
0.9078833099334174,0.8960157826120931,18601.058195916496,15000,1440p
1.6544703189805212,1.20839204177095,11720.58861788672,8000,1080p
1.4932163840099035,2.044895368269864,9483.711750591074,8000,1080p
1.0158830023469385,0.8054710316544285,18422.7950050346,15000,1440p
1.199533457260336,0.81191830751838,16681.698556013544,15000,1440p
1.109744841597632,0.7575002453887527,17970.020236687153,15000,1440p
0.6906161210293124,0.939916454085484,20578.817321474016,15000,1440p
0.9800410117879371,1.3607447468704974,14334.687348418815,8000,1080p
1.4819594418418904,1.0984122015413953,13003.720640800679,8000,1080p
0.8394878307719922,1.2135330017604726,16343.931570635632,15000,1440p
0.9162620959298925,1.315966925636896,15031.805283334386,15000,1440p
1.1768575211616608,1.0984372964229896,14747.289775669538,8000,1080p
1.141548928737424,0.8232418457981645,17077.865203195062,15000,1440p
0.8918169868443219,0.9523983193068571,18194.42224998505,15000,1440p
0.9449253183853727,1.1465840820345354,16043.165760222422,15000,1440p
0.97132091461104,1.114784397911613,16084.725827874825,15000,1440p
1.5891401636475573,1.3173690274891907,11544.581418260275,8000,1080p
1.662776014032319,1.2660117130977153,11456.76475258947,8000,1080p
0.7932506875919662,1.0989470919153526,17733.046916869727,15000,1440p
1.1834894407729246,1.5205943041236063,12408.799122189881,8000,1080p
1.4376232533248094,1.7326417032980284,10584.10967509298,8000,1080p
1.421292662285116,1.4583287676220202,11652.376125386067,8000,1080p
1.4076242092239775,1.2444815369352873,12651.996266963703,8000,1080p
1.3310053113960942,1.0695961915541254,13977.510202656824,8000,1080p
1.8226393563768346,1.403731301844384,10400.05490829111,8000,1080p
1.2556078164339157,1.3811795768314117,12725.497734744204,8000,1080p
0.9402327602296594,1.2462840521433682,15346.06631429619,15000,1440p
0.8344044092151166,1.236257833445514,16204.68626350443,15000,1440p
0.9396066741718658,0.9845291352873622,17438.702525592704,15000,1440p
0.9651179347363066,0.917967509712277,17818.8579275146,15000,1440p
1.0158276105747546,0.7259358095760824,19264.63239025549,15000,1440p
0.7548876135933779,0.794145584663943,21661.531875333014,15000,1440p
1.3240714070891337,1.5013335536626367,11875.972636174602,8000,1080p
0.846100779786442,1.194101366684603,16446.621261544788,15000,1440p
1.207738887694275,0.8528843506725097,16283.63272589058,15000,1440p
0.9821692744725147,0.7604425894437125,19255.252816075783,15000,1440p
1.178810519164469,1.5368953299849144,12355.694564825553,8000,1080p
1.301029691720819,1.7652481211492956,10943.050189112573,8000,1080p
1.0137367238261235,0.7828535180761171,18676.73062972465,15000,1440p
1.1594806446504609,1.1493638080771196,14532.99808064596,8000,1080p
1.5557238592396552,1.0957552728042559,12654.986265773223,8000,1080p
1.9851294302564484,1.6664370967076554,9189.05126121227,8000,1080p
1.0952100274971952,1.1055945826938254,15246.438436480563,15000,1440p
1.834153939547867,1.6170702085269675,9722.472537379925,8000,1080p
2.0495948029400517,1.5007619247610244,9451.002976178997,8000,1080p
1.1744988789730075,1.1253342036729377,14589.942310681005,8000,1080p
1.8696060803092884,1.5363383031222158,9851.726341518754,8000,1080p
1.1059680174643594,0.870816788534156,16974.246209389978,15000,1440p
1.2365021746498708,1.1570413109186517,14018.726713055743,8000,1080p
1.1099291200957628,0.8026387336759147,17544.178594149755,15000,1440p
1.5893230585744247,1.2785242539540036,11700.215647260817,8000,1080p
1.1656192963313154,1.7414992054293297,11542.161759033335,8000,1080p
0.9813134902264393,0.9211925450071383,17636.9648130343,15000,1440p
1.439433518447001,1.8149965323542356,10310.386604173269,8000,1080p
0.7911465798501252,1.147922866578015,17304.39931473774,15000,1440p
0.8243635427845962,0.8934618361190733,19533.086664149017,15000,1440p
1.0540424623747269,0.8806725240385926,17343.34629939733,15000,1440p
1.7614351234324588,1.17738920599539,11417.637884647775,8000,1080p
1.1665365656583384,1.0674947385482125,15019.678523223447,15000,1440p
2.1542065566827975,1.7464304466519875,8602.295463872488,8000,1080p
1.4372401580909981,1.5707729315409278,11155.015287551782,8000,1080p
0.8782093613625068,1.1839170292888286,16271.76304620282,15000,1440p
1.6630016593652868,1.4369903233908872,10824.03831579173,8000,1080p
1.0854409546439847,1.1540679569041827,14982.941941858091,8000,1080p
1.3766714203126036,0.9409382726325914,14478.034028827075,8000,1080p
1.3538142328089229,1.4805438405836024,11838.459055329495,8000,1080p
1.1193429278074136,1.15410549039703,14759.266905426908,8000,1080p
0.9747264179344393,1.2893882043307896,14820.111875090959,8000,1080p
0.9741052459162629,0.9234770187944441,17682.72850353367,15000,1440p
1.5237795926083728,1.200317389274558,12317.634879800331,8000,1080p
0.9510130907912611,0.7368635897940867,19879.67034911785,15000,1440p
0.6824466036446325,0.6707571882188118,24796.288779085888,15000,1440p
1.1437245479986569,1.6048574195767449,12207.906620881773,8000,1080p
1.262220302475124,1.1597905039554701,13853.956353502152,8000,1080p
1.1776850238838932,1.5424857563133572,12335.413733679927,8000,1080p
0.7514111692825315,0.9621118215237284,19582.131188220425,15000,1440p
0.9036469069821569,1.0131368419917484,17505.590820019417,15000,1440p
1.6475699617095516,1.3296551511706796,11270.371143530603,8000,1080p
1.0908596484615525,1.0366123467538952,15771.973532653701,15000,1440p
1.1163797094299144,0.7659451580889465,17826.057860155102,15000,1440p
1.4254579246105206,1.5412374421151707,11310.373278073932,8000,1080p
0.9076794256664487,1.1221300156131901,16530.828617511263,15000,1440p
1.1032327813165506,1.1744833910057333,14731.612484354895,8000,1080p
1.6389206948012471,1.1815228330994174,11896.863620231925,8000,1080p
1.3203562468047523,1.5041152190382847,11879.897674938913,8000,1080p
1.2849480616124327,1.0554467606587619,14337.08179521509,8000,1080p
1.4148275480701047,1.3161550357459353,12286.578537280133,8000,1080p
1.8326323686217707,1.6106388564511875,9744.92853065591,8000,1080p
1.0650048088244863,0.7498066571180222,18489.210934411723,15000,1440p
2.614560415561061,2.1785989355453355,7000.483301740153,4000,720p
1.002924828500291,0.9133804232300358,17509.961927882858,15000,1440p
1.559899998280965,1.9307053313714186,9612.783122445288,8000,1080p
1.3768798166047151,1.3987296345767675,12089.032189206959,8000,1080p
1.4353498558961053,2.1016736883032596,9486.629529234679,8000,1080p
1.7824839089260809,1.2608346223796303,11025.60630930859,8000,1080p
0.9824209874219344,1.1016166125818958,16100.684555757696,15000,1440p
1.3917353699281447,1.8720961302855526,10280.68758996996,8000,1080p
1.2543301359488366,1.0880723682032616,14324.793429191632,8000,1080p
1.2516232028114425,1.2379155299370763,13478.17230501772,8000,1080p
0.8811905587265315,0.7175549672421556,20987.975543931057,15000,1440p
1.399880690148469,1.0433798516377588,13733.464534841996,8000,1080p
0.721845730378169,0.9977345226977957,19513.152666168517,15000,1440p
1.7655711208975655,1.3312454284261637,10835.13713698265,8000,1080p
1.326987002970513,1.0165037519019662,14318.141400914492,8000,1080p
1.245007513042905,1.0155690674334095,14843.306919923023,8000,1080p
1.120860761192815,1.5585838650043238,12522.905557344126,8000,1080p
1.7684248102464375,2.604778025576757,7672.736266687215,4000,720p
1.3938431471609174,0.942940407555968,14359.238335218988,8000,1080p
0.7751180459024692,1.0273100697760889,18616.238677217814,15000,1440p
1.101802960998517,0.7963601888684826,17677.317148608163,15000,1440p
1.0610270852955197,1.0862451355188192,15626.53848671069,15000,1440p
1.1300897621302897,1.059116707419166,15327.212150485553,15000,1440p
1.1724345895590744,0.989780559109176,15518.544498528196,15000,1440p
1.5483379752450712,1.6744671290207884,10411.561020424642,8000,1080p
1.318995432365376,0.9339919469021694,14893.306686391057,8000,1080p
0.837427708290168,0.793987354604331,20567.685540715098,15000,1440p
2.0303974060668155,2.08131592060134,8160.693446785154,8000,1080p
1.7290373503501968,1.4525570270927592,10546.420448155199,8000,1080p
1.1347455999532645,1.442720317009996,13018.38048727078,8000,1080p
1.2826498093117034,1.324254110987323,12871.37271869656,8000,1080p
1.2268189325322216,1.202372193626742,13813.006164342556,8000,1080p
1.2112781058260134,0.8575310466624377,16219.201253841764,15000,1440p
1.2346736848888675,1.023836554647186,14856.887258077166,8000,1080p
1.7278569769754606,1.5595315703642791,10207.017368589826,8000,1080p
0.81211351288211,1.0514119576731351,18005.888586004847,15000,1440p
1.4085318809403211,1.3627286058421473,12108.00361786195,8000,1080p
0.9662674572531675,0.8219710172356365,18763.958207303454,15000,1440p
0.9346743972445619,1.3386986283745905,14759.756371641412,8000,1080p
1.3970707615405566,0.9450202291763756,14326.69872050049,8000,1080p
1.0248694490826877,1.165813749939479,15316.880147242357,15000,1440p
1.9972095608334384,2.060098381208932,8270.122080777865,8000,1080p
0.9888663012083542,0.7628245763652458,19155.452842500836,15000,1440p
0.8202346186951118,1.215170071658279,16485.386006541146,15000,1440p
1.0714574966923696,1.0436626502875948,15864.078477012326,15000,1440p
1.292958344598602,1.2191839283035588,13356.899552204157,8000,1080p
1.0667829995130107,1.1793361567397513,14938.847703867776,8000,1080p
0.5041655645580339,0.7518048799604002,26715.940766317544,15000,1440p
1.2193506970599042,1.4118767076817684,12752.387702990762,8000,1080p
0.863764387657856,0.6479307312664848,22196.560391010546,15000,1440p
1.1728340244554822,1.2572250860453698,13808.072344826294,8000,1080p
1.5641237895836828,1.375326830829552,11415.205197521855,8000,1080p
1.2235222164711246,0.9354708286694775,15541.70453467802,15000,1440p
0.6460957513127128,0.7400507073796736,24206.988943760956,15000,1440p
0.9928190283444689,1.414122587780728,13940.692111185246,8000,1080p
1.3877576652147339,1.5330001354280396,11488.262392936398,8000,1080p
1.7461225022455695,1.2738048815685137,11111.006238044605,8000,1080p
1.2385719097502004,1.3636929118895353,12894.318718437244,8000,1080p
1.52418584225064,1.2348202329075453,12161.782571673455,8000,1080p
1.1291920943668878,1.1770676129777287,14549.285968592814,8000,1080p
1.4424533138564166,1.7700131018253782,10445.06857292035,8000,1080p
0.7481870499728421,1.0816868656483831,18337.018585572103,15000,1440p
0.8960808268707297,1.0728024862764711,17042.366998562375,15000,1440p
0.7627517328793287,1.0813271500055792,18195.768256673968,15000,1440p
1.0437001545449478,1.11437799841831,15548.29325987402,15000,1440p
1.1013366048512054,1.099681561212753,15244.959136345882,15000,1440p
1.3186446339764142,1.0995262803221093,13875.955500744107,8000,1080p
1.860952501799384,2.072825880997666,8529.822662796185,8000,1080p
1.404277299331593,0.9815680356760816,14063.959430920975,8000,1080p
1.4353532073684345,1.6133916197371279,11005.982429777874,8000,1080p
0.9058825090407752,1.0608355220649592,17061.12999896326,15000,1440p
1.5020419945552113,1.6786571356517723,10549.388869049191,8000,1080p
0.838514076095625,0.8050759556056325,20415.329463435763,15000,1440p
0.8525225862024474,0.9881043853174077,18229.892595941485,15000,1440p
1.2404079962361394,1.6883259088662628,11456.975296233606,8000,1080p
1.0689363539519905,1.1137642887092738,15372.896926024934,15000,1440p
0.7030098606702575,0.7871100881883804,22517.940267628204,15000,1440p
1.2844256744860827,1.8764474163390084,10615.558118229035,8000,1080p
1.2657007336811317,1.3279549333622551,12937.118996312282,8000,1080p
0.9647939013479754,0.742486032147516,19653.737703869414,15000,1440p
1.4466104966647109,1.2353173033155702,12511.310707263152,8000,1080p
1.4424612155900054,1.83605493230125,10234.639845096459,8000,1080p
1.037119042633059,1.0424338357045104,16135.4069663398,15000,1440p
1.5070302219243688,1.0055174772364237,13354.744274589255,8000,1080p
1.4841893573833866,1.787720792133861,10255.303619798597,8000,1080p
1.1491443296384651,0.8842027814553441,16502.067854981182,15000,1440p
1.53717532110495,1.8395522609608552,9936.967429120285,8000,1080p
1.6087679131741552,1.1156069702234488,12316.378411973108,8000,1080p
1.8275495381970945,1.2689999668258218,10836.071551761508,8000,1080p
1.4922346345553241,1.1091096080296992,12898.881836052613,8000,1080p
0.7808617334690428,1.1035402865707034,17806.408421963097,15000,1440p
1.0970713598492112,0.9466962926596032,16417.928896570244,15000,1440p
1.483418549954949,1.7524085928438269,10369.661455703606,8000,1080p
1.3073726199431561,0.9942497665767596,14578.599946073151,8000,1080p
1.3181331224760553,1.292279327039448,12854.072928677519,8000,1080p
1.5592443178570752,1.5728448803192798,10713.1150733309,8000,1080p
0.904938548381867,1.197569174447234,15959.243162659915,15000,1440p
0.6866049325588935,0.8892763180806035,21292.487607415547,15000,1440p
1.9979607002366502,2.2015513848225634,7990.078685421114,4000,720p
1.224699817390983,1.194162515730055,13871.98913329846,8000,1080p
1.101634338277187,0.8532333022139049,17164.55442045715,15000,1440p
0.8776176422647558,1.120142566904844,16796.025792278353,15000,1440p
1.0445615606702474,1.527513827413387,13045.664273861064,8000,1080p
0.9693713301143492,1.0773057930879892,16394.589854749036,15000,1440p
1.4337510996921998,1.1783469901824808,12845.777932332483,8000,1080p
0.703932813064056,0.6202307258099847,25340.096608106214,15000,1440p
1.384850725844439,1.8380877415312962,10411.13019676158,8000,1080p
1.2993596808957288,0.9511733021836746,14909.549094493823,8000,1080p
2.0118207741001495,1.422081283170845,9771.516904202714,8000,1080p
0.8639146195110206,0.6493309033913826,22173.818783644998,15000,1440p
1.2474527213208362,1.7957851860820628,11025.898408526124,8000,1080p
1.3564810440884618,1.0953998214075535,13685.18041483714,8000,1080p
0.9851177834896077,0.9853522538873714,17028.643604582026,15000,1440p
0.8433935443454837,0.8257382684887195,20102.925210576523,15000,1440p
1.3301072433664047,1.2791199294061384,12859.91206520563,8000,1080p
1.6185575209649508,1.5612012114978837,10552.508798053026,8000,1080p
0.7645624198001478,1.082726644527693,18164.148019903532,15000,1440p
1.0023402627628417,0.9696139550033536,17015.82709055489,15000,1440p
1.5701230921083507,1.327097453798607,11581.593968537863,8000,1080p
0.9644157886619579,0.7614098575456257,19442.538748763065,15000,1440p
1.042696328542819,1.4155511529082445,13649.737161611312,8000,1080p
1.4061376908261372,1.6165299235200739,11100.933440628294,8000,1080p
0.914413695202913,0.6926045067583378,20879.93275934847,15000,1440p
1.4640733336122311,1.1416573186122143,12877.168241220728,8000,1080p
1.1639913233745227,1.0893512971407253,14890.958744803514,8000,1080p
1.5443256216550294,2.148578920525539,9086.189912774442,8000,1080p
2.027868248098325,1.646664465473187,9131.618797696405,8000,1080p
1.5115589241460865,1.100139586755451,12847.743282748695,8000,1080p
1.510113053248335,1.2779826667080456,12034.892403380238,8000,1080p
0.8238763626937927,1.1146695337329047,17309.072775553344,15000,1440p
1.0893858181722293,0.9629793375554627,16349.15302784063,15000,1440p
1.6567283126800871,1.1166841312579383,12098.60872779361,8000,1080p
2.457959666313051,1.7681567350980232,7939.779412795251,4000,720p
1.071283539048685,1.2419167033020084,14505.632234372284,8000,1080p
1.163391558340429,1.0657942792374084,15052.326026106097,15000,1440p
1.2612139126254907,1.3675104539610625,12764.530365567025,8000,1080p
0.5282892511458701,0.7481140106348254,26288.26876639958,15000,1440p
1.6017071419952382,1.2538423437640114,11750.604276808166,8000,1080p
1.2383299012734617,1.3914990361578143,12759.169055602066,8000,1080p
1.3292178620268964,0.9623319430554527,14642.6806546298,8000,1080p
1.1757479398089539,0.9244388583276144,15976.87978506094,15000,1440p
1.1320680701765282,1.0903825814367394,15097.942433791715,15000,1440p
1.7450475685937241,1.1801578613824915,11470.795061484905,8000,1080p
1.6186277604122712,1.911786326868419,9504.389901708493,8000,1080p
1.5860449085064419,1.9107030677629262,9595.896595269858,8000,1080p
0.6134124324493682,0.866699120287048,22670.204781501023,15000,1440p
1.6451791606192752,1.42674209187389,10922.946664979543,8000,1080p
0.6241897151191111,0.8502315536625107,22757.696670862242,15000,1440p
1.1409920433077583,0.8046898198510701,17245.59016319561,15000,1440p
1.0217722921615677,1.2281608077944117,14913.524317970388,8000,1080p
1.1642553368691297,1.216334656569721,14095.006738867021,8000,1080p
1.3295574822727383,1.1573800110451045,13492.269946533626,8000,1080p
1.2183543008315485,1.270114761100323,13483.965910329907,8000,1080p
1.7903562644551636,1.495071643554141,10213.108593312945,8000,1080p
1.274068566520933,1.4477259889435699,12328.054640506687,8000,1080p
0.7687884587272805,1.0355912371260545,18596.10373421504,15000,1440p
1.020662150396985,0.9266362644617943,17231.273719510224,15000,1440p
1.080300064095202,1.6112647341959232,12466.514653967726,8000,1080p
0.7338182929059168,0.8973448875941007,20570.861579718963,15000,1440p
0.9623320224674649,1.2067075904292115,15469.71839540968,15000,1440p
1.3190167981995837,1.8723210622387367,10514.221140907783,8000,1080p
1.5649629056301524,1.0635169418244648,12765.717809285714,8000,1080p
1.2416004311313091,1.5993160435953662,11811.129365648905,8000,1080p
0.8463921749120574,1.0366826304148455,17818.95860168706,15000,1440p
1.5204613912312768,1.1163591869300857,12725.337581898455,8000,1080p
1.442404131405275,1.4842767084653459,11465.012359011902,8000,1080p
1.1916381555225475,1.6679630610411844,11733.955002411496,8000,1080p
1.930979243016453,1.3647150635627665,10181.29379688372,8000,1080p
1.351482342320516,1.189964537157979,13202.885439370415,8000,1080p
1.2999723880232816,1.372301406168419,12556.509768172697,8000,1080p
0.7681657230579108,1.0664747639779506,18289.377257891138,15000,1440p
0.6840114644664723,0.8549626272474251,21803.11688199487,15000,1440p
1.0850610048339722,1.5546443499748823,12711.43081892552,8000,1080p
1.4399490202864813,1.671295026691948,10784.892311031439,8000,1080p
1.1829742929771625,1.330751362731515,13348.486110167907,8000,1080p
0.6403522310047878,0.926840223492376,21410.536978858792,15000,1440p
1.0704650730322627,1.1400107588271398,15179.732579014342,15000,1440p
1.2195618928871241,1.1604556559560015,14098.39688632131,8000,1080p
1.2128409781153275,1.3185792826041138,13255.180311491888,8000,1080p
1.5186195123261468,1.1191034146544625,12720.984322037804,8000,1080p
0.9081998267526984,1.1229438699979313,16519.969539171205,15000,1440p
1.1326541097078333,0.8685309907974059,16767.2805436781,15000,1440p
1.040200078547257,0.9864856603855159,16556.307352154825,15000,1440p
1.1355936154741308,0.8874642773941428,16585.996929839126,15000,1440p
0.6882056122531252,0.9460639818375601,20531.76056222831,15000,1440p
0.7884417694068105,0.97445520505836,19033.68857399042,15000,1440p
1.3568314321048727,0.9577265107272657,14497.123350881482,8000,1080p
2.1090244937184273,1.5198649278310574,9246.474086739388,8000,1080p
1.329928270807252,1.2613648885257094,12948.913896194372,8000,1080p
1.4479910121290511,1.3520144089867778,11983.702512485936,8000,1080p
0.8464229366477134,1.252231570510703,15988.544987060679,15000,1440p
1.0911631865113431,1.1870988039577837,14728.08313546532,8000,1080p
0.8270579610816564,0.9914995055968514,18451.12547434933,15000,1440p
1.2464231019281395,1.0650781859536231,14516.293880480142,8000,1080p
1.1853077210982121,1.5225809677359674,12391.363108225141,8000,1080p
1.087329305871892,0.7283778477214919,18480.090213663552,15000,1440p
0.8716252018351874,0.9257916348455663,18668.141588104936,15000,1440p
1.2608140983871807,1.0630560598727603,14439.030459913803,8000,1080p
2.249803112998635,1.8344855852818864,8215.48976548263,8000,1080p
1.318278335645025,1.0187883938004343,14357.498473294263,8000,1080p
1.0819337422885218,1.064898235932169,15629.742960979249,15000,1440p
1.2938968985694013,1.2181545585117401,13357.382431563847,8000,1080p
0.7560900990149132,1.0184008271158684,18909.328588771274,15000,1440p
1.6901661179293568,1.257797269300123,11382.241769133616,8000,1080p
1.698322048752791,1.9441727282020975,9211.936887951113,8000,1080p
1.9968556730927247,2.0303384635480537,8331.962865835147,8000,1080p
1.208795766357096,1.1338117986127425,14323.539504335211,8000,1080p
1.443468780342169,1.7110647814994489,10636.891743960687,8000,1080p
1.0070019324232093,1.1389565683526028,15636.104793205144,15000,1440p
0.9671936125127938,0.6952106594185836,20184.27921928794,15000,1440p
1.3918035606145185,1.7610849722623823,10642.441573848711,8000,1080p
1.3434394169046526,1.4191761421232703,12145.892645231734,8000,1080p
0.6285606052847504,0.8639801549255598,22481.41752274285,15000,1440p
1.1021201505743041,1.4228815421569088,13288.875051685709,8000,1080p
0.7129420723811258,0.9467140570724278,20217.701368685262,15000,1440p
1.1221984305868353,0.8283904619941085,17202.20602486979,15000,1440p
0.9110448215911157,0.8416295337443694,19144.70414760946,15000,1440p
1.3878145295224957,1.9056873134154153,10188.071420682234,8000,1080p
0.6634214628708857,0.994360068215594,20240.56328942755,15000,1440p
1.3391732743791207,1.3927665312808906,12282.27354441785,8000,1080p
1.2443895691777604,0.8700815188219058,15868.948121557525,15000,1440p
1.0649531313922844,1.3312865909094829,14002.952913145293,8000,1080p
1.492001541985002,1.2020279238698874,12455.109502431615,8000,1080p
1.109603497838599,0.9370035011246671,16395.15159334323,15000,1440p
1.5998996771324303,1.8380036595130043,9760.144109444636,8000,1080p
1.4229894168331911,1.6578655792487662,10891.272728730326,8000,1080p
0.8795134609989363,0.7776599517853049,20247.99079030885,15000,1440p
1.5633038512709394,1.2854440934142226,11778.65948533694,8000,1080p
0.9850733265892836,1.3598789642678764,14309.217347758797,8000,1080p
0.6754558939845735,0.5915435834298249,26483.38266758837,15000,1440p
1.2914386394183428,1.6683662913071042,11336.703865742875,8000,1080p
0.8722379084559575,1.0173869937274713,17757.191896247998,15000,1440p
1.2686610569543633,1.683889723977828,11364.557120133954,8000,1080p
0.9559087810833368,1.3502562348040463,14549.883364304129,8000,1080p
1.211130661468967,0.9473701652025928,15545.24862135051,15000,1440p
1.0960734458461998,1.3975811027701013,13455.92637064302,8000,1080p
1.326221010670049,0.9952659437137499,14453.853353186936,8000,1080p
1.121013656473299,1.2400814212183786,14211.385351243227,8000,1080p
1.2629692688068455,1.5371502114606332,11983.214372264838,8000,1080p
1.3318303844199404,1.332958748231075,12591.777559006707,8000,1080p
1.1468244771979892,1.4593738525147457,12874.857457106305,8000,1080p
1.101569692888983,1.5794850649778027,12515.384813213586,8000,1080p
1.5364143205440153,1.7123068396421635,10328.504770189958,8000,1080p
0.9090613529790565,1.34094305870731,14913.051648130384,8000,1080p
1.855872714040896,1.7165958115537734,9392.505982796465,8000,1080p
0.9072788910555974,0.8416074242443649,19186.17105437461,15000,1440p
0.9412502568539894,0.9359436066703374,17874.782488902572,15000,1440p
1.1355808295030685,0.8380990457985449,17000.949556154483,15000,1440p
1.2475823903825125,1.0526087564956077,14587.671135740591,8000,1080p
1.7105307195403139,1.272443468750434,11248.64979781363,8000,1080p
1.2256115555458653,0.9719571798673738,15268.88850358999,15000,1440p
0.8066395097360207,1.1877762935058724,16824.19079584998,15000,1440p
0.9080627085779811,0.9178151254023661,18377.15063710071,15000,1440p
1.7212344935086512,1.8276743434988836,9454.85881465846,8000,1080p
1.0501407871489545,1.2189016242605517,14787.926321375511,8000,1080p
1.3479594453807324,0.9676767139140454,14490.37313798854,8000,1080p
0.9027858180886242,1.0490937485695135,17190.83112153758,15000,1440p
1.4326678439892497,1.6052861095034945,11045.075900976832,8000,1080p
1.5321476481882608,1.1483240281198126,12518.107278124995,8000,1080p
0.9680349158102041,1.305817791335361,14756.64272120857,8000,1080p
1.3566923440821717,1.4452191130658585,11975.550445892359,8000,1080p
1.2788419173530232,1.4717317196254824,12199.06696875762,8000,1080p
0.8285944904979284,0.8441784593028719,20059.167028015236,15000,1440p
1.2314857287700285,1.25417996653192,13499.173305332175,8000,1080p
1.0758116154352264,0.8826394187959896,17133.148296031657,15000,1440p
2.2044238457513936,1.850232107369802,8275.53123814869,8000,1080p
1.085747462938488,0.7814337997273124,17970.634491101242,15000,1440p
1.313571625194222,1.1992552408649957,13353.260605901709,8000,1080p
2.329814648819336,2.16434031548932,7466.238317654839,4000,720p
0.9019473179323677,1.0806817824379418,16924.210379910597,15000,1440p
1.078827784543646,1.4946211957264093,13038.701080632587,8000,1080p
1.3913259127340658,1.4640002525906026,11751.523313689333,8000,1080p
0.7306660159233793,0.7255951046778297,23041.494087370294,15000,1440p
0.8978519862528408,1.3466002864754643,14949.94231230054,8000,1080p
1.4632816357076934,2.017907414345926,9638.784770819377,8000,1080p
1.0741488189130548,1.3252841506951762,13984.317305383454,8000,1080p
0.7619042973705468,1.0845427125242488,18172.431605232916,15000,1440p
0.7092285804696299,0.9065745098265119,20766.411576704064,15000,1440p
1.135681322110031,1.511401490813955,12676.003877240071,8000,1080p
1.5454217748841617,2.085745132423874,9240.674652676753,8000,1080p
1.5669245864125818,1.1602494148921343,12303.73712273112,8000,1080p
1.1569657549803696,1.7104998466235768,11701.773155092422,8000,1080p
1.932281750763734,1.9659335629446666,8607.639470811946,8000,1080p
1.0979412405968516,0.8268767023007517,17432.52244910366,15000,1440p
1.1656123171713486,1.2164754847124848,14086.144084808315,8000,1080p
1.335968311458446,1.1135489669769063,13698.38551268891,8000,1080p
0.8034990980435368,1.1283226991063389,17369.320529204466,15000,1440p
1.0572964308626362,0.723292114174193,18844.5736627526,15000,1440p
0.6560589868683647,0.7530602015693496,23812.344814636785,15000,1440p
2.0085160963384987,1.459845656370852,9674.432597403822,8000,1080p
1.098041820639431,1.0634793360201722,15523.52698312458,15000,1440p
1.2357828434216,1.7689340520117982,11167.252412696982,8000,1080p
1.2808077047060138,1.4531547435985726,12273.186861366046,8000,1080p
1.0404055444824398,0.790449909327434,18327.187943852,15000,1440p
1.2989960908267775,1.5135776599237167,11930.151872834087,8000,1080p
1.681216046296847,1.9074969746963533,9349.990317897747,8000,1080p
1.672880528640933,2.3536109616466323,8333.416842165883,8000,1080p
1.0814550677256156,1.4454411925426942,13278.911575276594,8000,1080p
0.9289491939257477,1.07774368946707,16721.259280726514,15000,1440p
1.8817272303239583,1.3623248341372212,10343.370369295604,8000,1080p
0.8511083031238966,0.9203854302760774,18941.321308317587,15000,1440p
1.5320543692818442,1.9256325179125424,9704.30032987357,8000,1080p
0.911693362971546,1.3507075469101604,14831.337740999428,8000,1080p
1.1312078058615658,1.0804390233706718,15171.695388475862,15000,1440p
1.0500760563350235,0.8087968728354338,18050.95521778029,15000,1440p
1.520455420587069,1.5458416188939894,10942.98157287422,8000,1080p
0.9120546672614575,0.7854743737373909,19766.632080860385,15000,1440p
1.275199162969816,1.8516056738610525,10731.22044739084,8000,1080p
1.1015088965918096,0.9771622728245619,16142.251113927307,15000,1440p
1.4405648587825526,0.9630276218094342,13960.116896245156,8000,1080p
0.9575020611092019,0.9323476589384546,17755.07948809488,15000,1440p
1.2116881493776879,1.7759000258097848,11231.27754978962,8000,1080p
2.090786873142832,1.6596481354131818,8946.810682881045,8000,1080p
0.9429216202872487,0.6762222110985446,20723.564731912313,15000,1440p
1.338970011369913,1.722681408295409,10959.585988292532,8000,1080p
1.7938973132626574,1.7458338421168942,9479.373016508676,8000,1080p
1.1633414799737012,1.117943942488806,14708.563720089025,8000,1080p
0.9478391757033379,1.3270162085201505,14750.138506696178,8000,1080p
1.1033289644492508,1.3769457091862527,13528.514545857552,8000,1080p
1.1132795105130093,1.2874750069905765,13976.6193316972,8000,1080p
1.7137054186131548,1.5453682850212846,10295.695971091698,8000,1080p
0.7344861232859015,1.0797450974775527,18495.124334747044,15000,1440p
1.129741043291816,1.4553391923153263,12980.035024761724,8000,1080p
0.7191622758856545,0.7621691816312609,22651.535434375826,15000,1440p
2.057052055305688,1.464533718888715,9528.216590912341,8000,1080p
1.681100523689119,1.2567442168073772,11421.44495843211,8000,1080p
0.8629236508136082,1.2253294221152564,16068.182748050967,15000,1440p
1.1330943206429724,1.0386998971655856,15450.09730887763,15000,1440p
1.417423824468036,1.1372689131577283,13134.429634455466,8000,1080p
0.8506512953392265,1.0321731716410478,17821.32779154688,15000,1440p
2.5573191719975794,1.8419184348086004,7627.328869003808,4000,720p
1.6072160775848443,1.3122950748108184,11493.167947814225,8000,1080p
1.3972023377623102,1.5300380154700508,11462.820934040494,8000,1080p
1.9355615700323818,1.3156866321214717,10320.476910305157,8000,1080p
1.232843527671876,1.1589797849534265,14028.808826672957,8000,1080p
0.7293113581639177,1.019609250146401,19185.79485001202,15000,1440p
0.9929664512043382,0.7404459047321691,19357.443648699278,15000,1440p
1.6738237212437588,1.663258949396292,10055.019701853618,8000,1080p
1.0102725272560282,1.2531254660646955,14824.804165692009,8000,1080p
1.2071892176376495,1.4674519568643902,12545.395741261296,8000,1080p
1.7041630140712092,1.6262843494780512,10075.052489116963,8000,1080p
1.5117620331856192,1.1636637498260352,12541.716616870113,8000,1080p
1.8582103663250393,1.3307123208806466,10522.184226862611,8000,1080p
1.339888712569453,1.1509631894370291,13471.066655135355,8000,1080p
0.8128435418883353,0.7763821515256382,21113.698412412647,15000,1440p
0.9101319445371636,1.0386253238582868,17218.37426557887,15000,1440p
0.6743121644755652,0.9291803665882648,20925.84240335592,15000,1440p
1.3249800852386888,0.9592858576321162,14689.37192042958,8000,1080p
0.9134063826493279,0.9754959943853454,17763.984210065963,15000,1440p
0.7890542254988495,0.8764336795136156,20146.908241731642,15000,1440p
1.1107421488444527,1.582764797251247,12457.525698471994,8000,1080p
1.0285200787278193,0.915080231389811,17264.059809688562,15000,1440p
1.0854838960782915,1.617403365261945,12414.292109010094,8000,1080p
1.215644811755489,1.2448392713134309,13637.32943077938,8000,1080p
1.5021205382816665,1.6490297631065123,10648.312137068879,8000,1080p
1.567265613763836,1.8385281150706065,9852.162130641795,8000,1080p
1.1044703525144426,0.8326609680734411,17321.712598099362,15000,1440p
1.045141202866336,1.0787394720226609,15798.642737664017,15000,1440p
1.313789718045875,1.2944578428393827,12864.742021885142,8000,1080p
1.1666109799610624,1.549984537954137,12351.648148838412,8000,1080p
1.4027807927932616,1.8522639170623392,10308.439665484206,8000,1080p
1.2300181070305047,0.99742683974549,15064.090382375874,15000,1440p
1.150610563193678,0.901510635533868,16351.096621781413,15000,1440p
1.119926639710388,1.1555919104974512,14745.839798552834,8000,1080p
1.1322215933901598,0.8646166968011768,16803.78033855952,15000,1440p
0.7004535749621416,0.6437324806951964,24962.63955334004,15000,1440p
1.4029115838074078,0.9867459081889014,14041.523570797914,8000,1080p
1.2386653089048625,1.7687681800885524,11157.165111980792,8000,1080p
0.941973555240399,1.0807517783492027,16588.72385824777,15000,1440p
1.151397488175436,0.9082116000082208,16291.65077611462,15000,1440p
1.0385082257919018,1.1011596197916953,15682.075173143516,15000,1440p
1.0791471857620156,1.3448658066732644,13842.513264043855,8000,1080p
0.9677156485196922,1.412290356740896,14098.465266824445,8000,1080p
1.5274661177816264,1.0786865927603457,12875.082823915587,8000,1080p
1.4328124562559852,1.8742948293197235,10146.157684799382,8000,1080p
1.2003515486787943,1.3727754545839215,13040.332621535237,8000,1080p
1.7389352304689676,1.6394783525050252,9932.00837490781,8000,1080p
1.3994086531737984,1.0242081537946173,13844.776081566955,8000,1080p
2.0313468270281185,1.6433926978356164,9131.104877765247,8000,1080p
1.321230409689661,1.7805623511737154,10817.754307563799,8000,1080p
0.8741794658971901,0.9793816409736266,18102.684543617026,15000,1440p
1.1933217553755195,1.6628840167962915,11747.904274587952,8000,1080p
1.0735709125363746,1.009367125356917,16109.183945739142,15000,1440p
0.8646567010811547,1.2432381945261755,15918.455929621789,15000,1440p
1.1482891491280502,1.3493427827853728,13434.498322694859,8000,1080p
1.973521835185196,2.1474988035912363,8142.262546387686,8000,1080p
0.9129464883888568,1.276490462229253,15325.59866157694,15000,1440p
1.1407390783369764,1.2995505378017778,13750.184313406555,8000,1080p
1.4370330737542631,1.9727380726551007,9840.669816018082,8000,1080p
1.5620655150713747,1.205451981848311,12124.37935346277,8000,1080p
1.0781509072123157,1.57443640651662,12649.699343102899,8000,1080p
1.9756308326858065,1.9885167781784892,8464.475921138614,8000,1080p
0.9552452460579687,1.1424052885582037,15996.197386682326,15000,1440p
1.0429906402484,1.235239919036643,14728.286328724382,8000,1080p
1.1242011004681616,1.2600703187450883,14073.243394022702,8000,1080p
1.521068730043578,1.3683792242937611,11612.74836241005,8000,1080p
1.0129046410969844,1.2764192844468318,14656.917540417235,8000,1080p
1.2119892742652378,1.4588339085232767,12563.329619210124,8000,1080p
0.7474929335909645,0.7142425503408799,22955.20110775701,15000,1440p
0.7636443023621343,0.9573315450195589,19497.328827159305,15000,1440p
1.6334313654770247,1.6530119512882544,10209.953060449054,8000,1080p
0.9943527699894419,0.9177594126861328,17548.359507363242,15000,1440p
1.4701652020526155,1.3053045162845842,12089.640819465565,8000,1080p
1.2508054341515142,1.466645610608697,12347.759517029626,8000,1080p
1.4392564240946593,1.5533660873923671,11212.383744091698,8000,1080p
1.6939704937717874,1.1315192062601926,11875.616463801025,8000,1080p
1.0152256482399928,1.1955897256012826,15177.401241651138,15000,1440p
1.801285077085337,2.085142006201294,8633.74798521218,8000,1080p
0.8971926685476125,1.0952323141080775,16841.00143899798,15000,1440p
1.3546894885460312,0.9412274166115382,14614.828578779574,8000,1080p
1.23734583380801,1.017188848072792,14883.085307877305,8000,1080p
1.3669526937227976,1.4842556836644827,11768.495163705915,8000,1080p
0.9488387325071397,0.7584727051279865,19653.3750435584,15000,1440p
1.5328952214259144,1.765525298428293,10172.878745455759,8000,1080p
1.4356271770191664,1.8611610306748936,10177.915560875432,8000,1080p
1.1448271831229815,0.8499936758751148,16820.77458165983,15000,1440p
1.0148253141068027,1.2799126944963313,14622.336787119959,8000,1080p
0.8910958730935736,1.0112193942443508,17638.733482361018,15000,1440p
1.105975706097172,1.1973772073653854,14567.646930647152,8000,1080p
0.844880093356627,0.7883834273066812,20544.407914267704,15000,1440p
0.8203532571128748,0.549328630886975,24497.97452531086,15000,1440p
0.9782918649602229,0.691487073870311,20095.13428376368,15000,1440p
2.1554679329923023,1.7564915191643231,8577.39769810287,8000,1080p
1.1136916022714598,0.8986410322080756,16674.396382126175,15000,1440p
1.4839974075786984,1.7754724168167288,10294.444743394346,8000,1080p
1.0667773032717545,0.9380329647832966,16736.96136470437,15000,1440p
1.3907609678133805,1.2328153682323741,12789.577165714616,8000,1080p
1.570532764825818,1.4527266466668871,11098.760454509864,8000,1080p
1.503121694967838,1.4071389561573966,11529.699921217152,8000,1080p
1.0687114616451574,1.4713744290282722,13209.959601446399,8000,1080p
1.0439196892961937,0.8868160316205518,17379.091108371787,15000,1440p
1.4050951964344227,1.8121199305780928,10429.651321190455,8000,1080p
0.8435552542376424,1.1839679517346826,16549.468781003932,15000,1440p
1.018977044316117,1.316147499320977,14369.439990441366,8000,1080p
1.2146346292578758,1.4575511373345305,12556.923406859132,8000,1080p
0.9212691405146707,1.3807827310479301,14575.880072252115,8000,1080p
1.0468297040582402,1.273805292146475,14459.159693306628,8000,1080p
1.2954416846493155,0.935334353406742,15041.596030966872,15000,1440p
1.3326638342829114,1.060730066815755,14019.602867959651,8000,1080p
2.194024351103102,1.8125020810855892,8374.943374994742,8000,1080p
1.2549067477035178,1.225347206271211,13528.627560991234,8000,1080p
1.2858858419377608,1.81766144639451,10811.638709726534,8000,1080p
0.8691024152402367,1.0223454922114503,17740.077253942072,15000,1440p
1.0120148011636756,0.8821714978840212,17714.430738343694,15000,1440p
1.9766911921719543,2.8934172512913863,6889.873683415974,4000,720p
1.78235309469826,1.3815535941998047,10605.379772336599,8000,1080p
0.9622549085193033,0.7291906412206417,19837.72519615479,15000,1440p
0.9781669944230357,1.271937322757013,14912.389502924118,8000,1080p
1.18291669097549,1.1416739302286005,14434.555355221853,8000,1080p
1.0749159343248798,0.7921945996329183,17971.315243384743,15000,1440p
1.3971499002897978,0.999647607177738,13999.694131630553,8000,1080p
1.6584944753968043,1.3747957734436227,11062.057781258243,8000,1080p
1.291163838451033,0.9384522959724646,15049.421055914645,15000,1440p
1.2465116477280995,1.8156247858715502,10957.850091792148,8000,1080p
1.0766166498683998,0.7496120460881512,18373.619949293752,15000,1440p
1.4649449390655078,1.5261755985707872,11218.013977636647,8000,1080p
0.9818412309037216,1.2379606042526308,15115.958311493416,15000,1440p
1.6834453050023352,1.864343563888895,9457.843530155325,8000,1080p
1.963355068124315,2.1605371483401647,8136.59286875521,8000,1080p
1.0052827272604852,1.0144542999909782,16613.267740930696,15000,1440p
1.7323262278661569,1.2940196901514993,11087.441062249462,8000,1080p
1.26920809981179,1.182309481978433,13687.208384406873,8000,1080p
1.3788515123672376,1.567328829222153,11389.13036867873,8000,1080p
1.5915042765598344,2.1320937012432264,9011.292894674216,8000,1080p
1.0726673239900963,0.7979001651716677,17938.102845482663,15000,1440p
0.8913054627690918,1.3198127819940053,15175.322296521992,15000,1440p
1.8064037500530468,1.520561241349403,10085.598161300595,8000,1080p
0.8847654316679703,1.2988489947824322,15366.46378296042,15000,1440p
1.0573901686793863,1.1174861140493433,15428.202636841765,15000,1440p
1.3725818099403555,1.207217194466256,13006.607081669905,8000,1080p
1.2682257148489984,1.3590833423431676,12771.406511215697,8000,1080p
1.3664329812522888,1.3321081778831818,12434.285794162133,8000,1080p
1.2330663793314984,0.9987229816045684,15034.76653635738,15000,1440p
1.4939679664075607,1.7773004007915927,10257.315583291373,8000,1080p
0.817153347399284,0.6552373221377734,22789.082200955563,15000,1440p
1.1856909795195072,0.8260382171782819,16679.398029853564,15000,1440p
1.3929908911853643,1.1296939972691113,13301.079399003791,8000,1080p
0.9482077477961935,0.9031478396982945,18124.25026648205,15000,1440p
1.5280344073262646,2.1229448806707074,9190.529267124077,8000,1080p
1.3870081561829086,1.442638035950187,11858.172266655496,8000,1080p
1.3353602765076766,1.6245108371380195,11336.450376270184,8000,1080p
1.0967813223463998,1.5099977437529444,12871.989205517597,8000,1080p
1.1569041501324433,0.9982065836579688,15569.702045418528,15000,1440p
1.7666260146470754,2.1218507661860135,8629.196955835007,8000,1080p
1.5206461270296432,1.9381245762242274,9701.259458579709,8000,1080p
1.3677444174252071,1.1247654874033925,13462.10578140407,8000,1080p
0.8247633934440286,1.1444726574210053,17039.314299197606,15000,1440p
1.426235690087073,1.4236577670339927,11773.925062411405,8000,1080p
1.313498789950536,1.6132910054796417,11464.58555116979,8000,1080p
1.1112773026778877,1.562294009614168,12550.415934570208,8000,1080p
0.7887191176237287,1.0858084728283586,17900.20705531869,15000,1440p
1.1741661229445952,0.876838293538216,16359.9998763246,15000,1440p
1.0021847841543978,0.8011383240244834,18606.999404496935,15000,1440p
1.5821026525149937,1.069994051125564,12652.039404875215,8000,1080p
0.8937341512993331,0.9614819261313914,18086.53579936052,15000,1440p
0.8247753920795502,1.0822656808600672,17595.02324104502,15000,1440p
0.8651377904029423,0.8381454352860997,19699.854665348434,15000,1440p
1.2065982631631997,1.2284020569882803,13780.052397657424,8000,1080p
1.234324606906513,1.6917067375163994,11467.557264537021,8000,1080p
1.018044810005098,1.1243872153842476,15661.842057230326,15000,1440p
1.4442733347122276,1.79993824052185,10342.861808443848,8000,1080p
1.609759288087917,1.0777063909200852,12485.529494235481,8000,1080p
1.2965501512442412,1.6358566202125935,11442.62532968098,8000,1080p
1.3227928301635707,1.1582927521012387,13524.092937322423,8000,1080p
1.1221094260806619,0.7915084680071087,17534.551753340253,15000,1440p
1.7678805157578794,1.9261014890417858,9083.53964810929,8000,1080p
1.3240810247370252,1.179786751017166,13401.03991309727,8000,1080p
1.2493463894817198,1.7005548650338351,11374.764476823293,8000,1080p
1.3026226231466291,0.9060276506133011,15192.279374714262,15000,1440p
1.2548189699044439,1.0664608856839923,14455.142889909786,8000,1080p
0.8046004620487734,0.8817403724172987,19897.775890971636,15000,1440p
1.0138620975299844,1.020655942141935,16492.570400315002,15000,1440p
1.5686559895190648,1.492025271021414,10963.059901923501,8000,1080p
1.6287602524894964,1.5106037577028897,10688.289695320716,8000,1080p
1.3025422772249604,1.8335247722149652,10699.526340163082,8000,1080p
2.050566069849634,1.7125835629709418,8916.581925776389,8000,1080p
1.2385691172356474,1.4578064621122606,12444.272325042644,8000,1080p
0.8297054697259936,0.7044629050403783,21871.414214955235,15000,1440p
1.0245404442332682,0.9461465344221187,17026.76902188414,15000,1440p
1.0294011312984357,1.3237103984521235,14259.60120281971,8000,1080p
1.026917937486907,0.7894546342319673,18473.32013401121,15000,1440p
1.2765839795198266,1.1001718329408678,14117.744794851493,8000,1080p
1.4278329460728576,1.0660985620125876,13454.432044831594,8000,1080p
1.122864517049174,1.0607118090959458,15366.731905926508,15000,1440p
1.8400963128107009,2.176166509778356,8354.640490974982,8000,1080p
1.1586856457461792,1.7113069247436343,11691.469986723123,8000,1080p
1.3273175666227703,1.0531623153056082,14095.658717694449,8000,1080p
1.802814858304422,1.7529586543447664,9436.605531998763,8000,1080p
0.9518098861456923,1.1294684416388887,16122.030173502575,15000,1440p
0.8828423124897732,0.7484582979481967,20569.128574647773,15000,1440p
0.9521147384447327,0.9995106520467242,17193.07002434025,15000,1440p
0.8144105579903632,1.0278671923414895,18213.557642953558,15000,1440p
1.4851348691726098,1.1665691843221584,12653.912851163577,8000,1080p
1.5520520381554668,1.1437703810496125,12446.825785317951,8000,1080p
1.5979588188171712,1.104525433881217,12416.143393433811,8000,1080p
0.9163553620595232,0.8487333399876572,19010.054260209694,15000,1440p
1.2584720216974379,1.079603022427892,14351.306680386155,8000,1080p
1.3171849526352128,1.789014645070356,10802.406910613658,8000,1080p
1.10765013781004,1.1185124090693341,15072.768179950053,15000,1440p
0.7044928700647389,1.019526891357227,19462.904515853348,15000,1440p
1.309289339718374,1.5329090720437493,11805.802107670843,8000,1080p
1.5213248055419726,1.47559003365939,11196.324820808657,8000,1080p
1.0276048432093876,1.5282249993707107,13128.586043164345,8000,1080p
1.422262771057564,2.0365683164862496,9701.090093944913,8000,1080p
1.583137797378132,1.4657326500777355,11005.528958437551,8000,1080p
1.2733853733187184,0.9260317753509346,15256.05636943217,15000,1440p
2.041751445731085,1.6354776467519763,9124.922912361237,8000,1080p
0.9425033854860023,1.22727519849393,15464.449805036113,15000,1440p
1.8214426024113899,1.6257839937279046,9733.747133878327,8000,1080p
1.2224860343709631,0.8725459433490295,16016.190853810755,15000,1440p
1.7473838225002258,1.6635904429038364,9837.198814522619,8000,1080p
1.1863865097060096,0.9363602469245493,15807.08197772071,15000,1440p
1.4662433137309134,1.2535149664787613,12337.284619798338,8000,1080p
0.9614802872282464,1.3323332885430128,14628.229754337313,8000,1080p
1.583139220760714,1.3154965386682995,11575.939436629908,8000,1080p
1.0620992297758898,0.8927215063447296,17164.96627030335,15000,1440p
1.5742961892426837,1.5506351692257474,10737.654095687227,8000,1080p
1.2440506692955993,1.481565193195977,12310.770736903027,8000,1080p
0.9091308513262777,0.7393696402142993,20354.51743702078,15000,1440p
0.9617487331163951,0.911544646935098,17912.000521283888,15000,1440p
1.0601038291553495,1.383955614730171,13728.975407674938,8000,1080p
0.972637868198089,1.1069716869119317,16134.96721899069,15000,1440p
1.0109269332771798,1.1657764596758338,15415.252307058037,15000,1440p
1.114328790993128,0.8069049455093029,17465.04413413289,15000,1440p
2.074693545361314,1.6030100625612658,9123.745569848641,8000,1080p
0.9415028028313711,0.8495204389801493,18734.783120994878,15000,1440p
0.7563945540007693,0.8886264546393396,20397.57050138738,15000,1440p
1.7497219234497234,2.2405898668967037,8408.974978139966,8000,1080p
1.155474365477458,1.2467067144233317,13968.31915826504,8000,1080p
1.1106405723769717,1.337742096723792,13704.733505699824,8000,1080p
1.4816909911812797,1.4463306453198665,11459.762312445217,8000,1080p
1.6292610817079964,1.6638115008861987,10189.399461571147,8000,1080p
1.6855655215440342,1.5329226309009805,10425.526026718302,8000,1080p
1.6022462726859799,1.6702232844913099,10253.550541488552,8000,1080p
1.4835635795261153,1.2207409065919546,12407.786243096523,8000,1080p
1.610939669029374,1.0906101760292544,12420.437868793722,8000,1080p
1.3704452996798355,1.6245506095417472,11203.498441078336,8000,1080p
1.1670591528106824,1.617867375418096,12048.587874718805,8000,1080p
1.6947899327828253,1.333520413477339,11080.248773524256,8000,1080p
0.9842050639901995,0.9513928070987167,17335.435475098537,15000,1440p
1.4676702381134075,1.5967037691277415,10949.848785008135,8000,1080p
1.3398679723762275,1.8609695719365948,10483.016252923793,8000,1080p
0.9151693816351517,1.1721240931782635,16075.569825177296,15000,1440p
1.3212661291067265,0.9242297487117901,14942.99425416799,8000,1080p
1.5930851062514284,1.2401853701255674,11843.003440641238,8000,1080p
1.425630354487384,1.1550866325865308,13001.980522492278,8000,1080p
1.5106208598425666,2.033755885504836,9466.948468174527,8000,1080p
1.0900176142200475,0.8851127641334426,16988.464340248604,15000,1440p
1.5007379852616731,2.199754280689832,9067.559013360664,8000,1080p
1.5860628979975504,1.4291541784679411,11128.363613320105,8000,1080p
1.377323256243114,1.6160795301867412,11209.461069560704,8000,1080p
2.290506445146798,1.7613402809295686,8281.268830840663,8000,1080p
1.7459782322578183,1.1839182332897384,11452.429256311329,8000,1080p
0.9255571804050616,1.079097160480592,16738.2632085967,15000,1440p
0.9326797444190965,1.398536060473413,14393.533163930815,8000,1080p
0.6993694285157762,0.6472992723356695,24916.61978835986,15000,1440p
1.2798106019300088,1.0064177979523565,14676.762829875832,8000,1080p
1.591296199011311,1.280503098321064,11684.114565794636,8000,1080p
0.9995730076269024,1.0614547325245964,16280.436864733092,15000,1440p
1.9616138604707074,1.412508685181499,9944.639397652358,8000,1080p
1.4423089582592559,1.6773247747537348,10755.888309873033,8000,1080p
1.2319862580583183,1.1565362210379413,14048.19602648074,8000,1080p
1.005763825270712,1.1612012664076274,15484.528167461945,15000,1440p
1.1254025057253862,1.5266965638846872,12652.028117838508,8000,1080p
0.5975255506901767,0.744530524976311,25002.257810528747,15000,1440p
1.268416605793424,1.6929902802153483,11330.57134381925,8000,1080p
1.543672388971221,1.2560768060056682,11984.799231374358,8000,1080p
0.749955419960719,0.8980178542888688,20361.029225597824,15000,1440p
1.5277287254440828,1.8562832936939366,9915.577075446392,8000,1080p
1.1325304511485181,1.513788659722572,12679.66204913015,8000,1080p
0.9218473763268308,1.2596542391552097,15381.346390882947,15000,1440p
1.1091153593997651,1.012733094012737,15813.774045000933,15000,1440p
1.7951866660884714,1.6594156682726495,9712.965126623007,8000,1080p
1.038398905719484,1.1641241378100642,15234.54299312526,15000,1440p
0.9849466151975395,1.2566371597187542,14969.073373692225,8000,1080p
2.142398205542219,1.433213277883643,9384.249982285786,8000,1080p
0.8705003988810986,1.0900886447691285,17114.46471083421,15000,1440p
0.8133799105544783,0.7154697766907221,21947.50228222957,15000,1440p
0.9547040590757376,0.883462564035645,18254.292934121448,15000,1440p
1.1532348348320611,1.0103338428000632,15508.836094226968,15000,1440p
1.5095821087547587,1.101948408495096,12848.569748032443,8000,1080p
1.6184506599898951,1.1343034464190562,12189.404030631978,8000,1080p
1.3855822443319517,0.9847337975072044,14156.100455686374,8000,1080p
1.019147159973115,0.7089272458728315,19417.237988415232,15000,1440p
1.078602306686496,1.125134125643516,15226.154774109205,15000,1440p
1.0513233875831853,1.1845415317388575,15007.361003800868,15000,1440p
1.5970662337103396,1.8606252092859712,9704.287543634297,8000,1080p
1.6389862184254704,1.7004136317999003,10048.042613925212,8000,1080p
1.025091202446894,1.1796041906920565,15219.531960933,15000,1440p
1.5176937135521316,1.7380430113697551,10306.248580589714,8000,1080p
1.7378883245887171,1.2953642392497349,11062.195215797756,8000,1080p
1.6239200629522583,1.77095761656899,9883.84123599172,8000,1080p
1.7338512293889354,1.2345802030147475,11303.758487973344,8000,1080p
0.8077513337532831,1.1984747711843895,16725.149731337206,15000,1440p
1.0349358552675172,1.0143495418031998,16373.723273470483,15000,1440p
1.1578823194377363,0.8149881812066206,17007.9242347842,15000,1440p
1.449526559564084,1.5060370021723126,11352.972554678112,8000,1080p
2.195761571596613,1.7732448698277947,8454.113767564937,8000,1080p
0.6681789573148462,0.5879945179455393,26711.622766150736,15000,1440p
0.8371179557812342,1.2306152533543502,16227.64090248733,15000,1440p
0.9990778652604038,1.1917781998392074,15315.671592727103,15000,1440p
1.473534170086692,1.3587163822060655,11847.268234385934,8000,1080p
1.4300457826044124,1.0977855785125226,13273.99941156431,8000,1080p
1.4725359000160652,1.3567338478345758,11859.750038147073,8000,1080p
2.1914309846874462,2.0309714516252257,7946.763129784076,4000,720p
1.7864895239307095,2.101537675973984,8630.194768396299,8000,1080p
1.591538631535654,1.1518256205680428,12231.125332434225,8000,1080p
1.318963339922567,1.1530613855957506,13573.663585814067,8000,1080p
0.8026027445929333,1.029789489841678,18311.817398829622,15000,1440p
1.0525906662883553,0.8079452152800644,18034.82122135362,15000,1440p
1.1925978596348341,1.2302084578057113,13849.407506682965,8000,1080p
0.8050964309196497,0.8189116724952933,20661.49296265344,15000,1440p
1.2191727135623083,0.8603602993314561,16135.561105282713,15000,1440p
0.7512793980034775,1.0428109246086956,18702.755138406388,15000,1440p
0.8468225988498553,0.8398639556397941,19893.69744525696,15000,1440p
1.1681221531983363,1.466418368160732,12736.350694917544,8000,1080p
1.159517940528341,1.2213664324250535,14093.263990966949,8000,1080p
1.7053257095179641,1.3445797068945047,11001.794291532255,8000,1080p
1.2395785888822342,1.5568616322888393,11998.980613269934,8000,1080p
1.8695283117214356,1.309891067301336,10553.635113815439,8000,1080p
1.496235531658138,1.5222510566347949,11116.309785883888,8000,1080p
1.2341919393194354,1.1553970875153408,14041.925880638079,8000,1080p
1.1135729709261912,0.8274780596017375,17286.733564585284,15000,1440p
1.690767507121497,1.2598147005306148,11372.139340154334,8000,1080p
1.5616981538570076,2.0167827238138702,9376.725249357636,8000,1080p
0.6373584869433203,0.75039620787341,24178.93603626487,15000,1440p
0.9403976510201769,1.2398457743953508,15390.22276542581,15000,1440p
1.467696403460245,1.0674893634351694,13235.492419591295,8000,1080p
1.1981873623741846,1.48364190690499,12511.77037418896,8000,1080p
0.8774448810986971,1.1158557735857166,16833.603059901896,15000,1440p
1.0201690673154273,1.4867978817337064,13384.473222802893,8000,1080p
1.1338436957002445,1.1083000261766645,14965.33503744864,8000,1080p
1.22658176561695,1.3333159466837932,13107.72373394658,8000,1080p
1.435464737357572,1.4767422916227133,11521.994029301259,8000,1080p
0.9761157672549711,0.8253238487829174,18626.453921225562,15000,1440p
1.4123598847296202,1.8862736567531422,10172.22179366945,8000,1080p
0.9086949419685066,1.11303106955286,16596.923524147565,15000,1440p
1.3271840129838812,1.0115547857675316,14347.23365341772,8000,1080p
0.9214438428737992,0.7774631054511323,19750.600250992917,15000,1440p
1.392310961406744,1.2180982318947737,12854.088962796672,8000,1080p
1.8069341574987814,2.637831533505243,7549.201540119974,4000,720p
1.2414940090452102,1.150350747259103,14028.683053763747,8000,1080p
0.8411480712556416,1.106164735143751,17231.146372442643,15000,1440p
1.0806958469736,0.9536193013806322,16494.215277876512,15000,1440p
1.4235786990921824,1.6954393723189485,10758.011409923969,8000,1080p
1.7362039735029973,1.5964476972108363,10068.388573238693,8000,1080p
1.0539245584330326,0.9493544603931676,16749.754619633994,15000,1440p
2.1417051085864607,1.8093221669888453,8492.5842469954,8000,1080p
1.2641580651833884,0.9815309824008984,14941.708887120807,8000,1080p
2.1153070889525076,1.4324646237997776,9457.8892659272,8000,1080p
0.8253081163450516,0.7889292817656018,20786.553476751935,15000,1440p
1.2495407611154385,1.007755027995317,14864.88042987867,8000,1080p
0.9300858076261199,0.8911612783711781,18423.87683581435,15000,1440p
1.5460833329814436,1.2516717437779885,11993.34147536075,8000,1080p
0.6255834615068975,0.9153018770881486,21776.07324799026,15000,1440p
1.3437803590994888,0.9436153423138307,14669.272998662904,8000,1080p
1.824089568243298,1.6275073555679134,9721.422501138866,8000,1080p
1.003509284362116,1.2230028729427203,15070.401430287808,15000,1440p
1.1072054135220557,0.9555187093018134,16267.047846448795,15000,1440p
0.9633020134200254,0.8170005123322068,18847.60118835546,15000,1440p
1.3138207337520658,1.526784307320945,11812.424295116065,8000,1080p
1.1651723329797212,1.0673996584541436,15029.496082878713,15000,1440p
1.0525718205456995,1.1979961635006002,14909.317220301176,8000,1080p
1.409258553326442,1.6461274036394884,10982.06003189212,8000,1080p
1.1929854962338,1.1668960125796208,14218.693555030059,8000,1080p
1.254729198653916,1.1679745132374506,13849.994052225473,8000,1080p
1.125481559159181,0.9939139682900002,15832.076441335497,15000,1440p
1.553764133473939,1.48700360959165,11034.855284991832,8000,1080p
1.0085112282053428,1.1882555853557266,15274.462356615166,15000,1440p
1.1584160354547752,1.0773956773443947,15007.718140089197,15000,1440p
1.0224678697319096,0.7476698330956111,18955.83148497543,15000,1440p
1.2494403738297903,1.1898148162436974,13756.015416734279,8000,1080p
1.0012311425471474,0.7269389217858484,19416.163196271234,15000,1440p
1.1348948026997494,0.8484291141972622,16918.28133273219,15000,1440p
1.6181078199702115,2.3328241536223415,8492.789099957397,8000,1080p
1.1772572467351115,1.1883669068390903,14184.177122685736,8000,1080p
1.205854391167248,1.5264470464543556,12280.647932172611,8000,1080p
0.9165202783221434,1.025045126162234,17282.153834478253,15000,1440p
1.1841553315838276,1.3171639244082431,13414.693833911128,8000,1080p
0.7908268705702861,0.9107659530443732,19719.424961325938,15000,1440p
0.9629551871691169,0.8759808776421381,18246.655031720184,15000,1440p
0.9549956946598777,1.2064962344523333,15523.736891204495,15000,1440p
1.0698617854150112,1.1367380854898497,15206.396249012887,15000,1440p
1.3001717242939375,1.0654133352589845,14184.411532570948,8000,1080p
1.0080246257650405,1.01756286155755,16565.284002791726,15000,1440p
1.5731156755798064,1.494336541681525,10938.860534218169,8000,1080p
1.3132163899436933,1.3530427260578113,12584.835359258108,8000,1080p
1.114036433930519,1.6454606502224904,12159.618574229833,8000,1080p
1.8019792677810014,1.3714450234799036,10573.572557695312,8000,1080p
1.2920904011717078,1.6160231293169338,11538.212538202368,8000,1080p
1.286738810726088,0.9058031777954885,15303.894828771621,15000,1440p
1.2497334708764771,1.4520938467421447,12419.16231329496,8000,1080p
1.630616558659486,1.3372446106854303,11305.9304615001,8000,1080p
1.0566091089352847,1.0153749023655987,16194.348902785712,15000,1440p
1.5217427956195275,1.4106998709752128,11442.485263988003,8000,1080p
1.2663854040424072,1.063086734829052,14404.30707029441,8000,1080p
0.904884284230019,0.6629641394450242,21401.579064223744,15000,1440p
0.7272937332787527,0.873300714778734,20963.7313441405,15000,1440p
0.919841779165444,1.0279707449128734,17226.725665437218,15000,1440p
1.477784698273695,1.5647172763139778,11028.565397906563,8000,1080p
0.8793972336786995,0.8331078377573351,19593.770879675507,15000,1440p
1.4353988838646463,1.9450034802701361,9926.165108628507,8000,1080p
1.446942302088508,2.0573497808410277,9575.23836653165,8000,1080p
1.2139927859837825,1.441398831267972,12636.340260322042,8000,1080p
1.4940787920046708,1.1344307874152628,12765.573411912343,8000,1080p
0.8223797438401662,0.9538495990733206,18890.82180399173,15000,1440p
1.3158171066167481,1.3761340759047236,12464.725295861625,8000,1080p
1.456750815303104,1.2232293879258116,12520.402934160735,8000,1080p
1.4246660575504855,1.0091423039627356,13786.80118394265,8000,1080p
1.0960617888649176,1.2721100438627788,14168.91778556098,8000,1080p
1.1228482203790064,1.1491061170162538,14768.972882821814,8000,1080p
0.5117310740729168,0.6581441189839612,28682.06129948139,15000,1440p
1.1790036177534884,1.1505747823929864,14403.650032937388,8000,1080p
0.7911159117579853,0.655151360856723,23200.713059998172,15000,1440p
1.6337887832267262,1.4754622152814987,10791.805491450817,8000,1080p
2.1336536127895527,1.8604416630401088,8401.009410830844,8000,1080p
1.451618799524702,1.5530940316658606,11167.267517776289,8000,1080p
1.6757178242825748,1.7712481707445757,9734.48303476394,8000,1080p
1.0453397044532409,0.7895604301613912,18286.789219211183,15000,1440p
0.9003439811767237,1.322911750775042,15092.475201016585,15000,1440p
0.9295236398303222,0.7876357588417424,19540.662343838747,15000,1440p
1.738103506029557,1.5244009509462342,10284.869321252541,8000,1080p
1.211058531880573,1.2783543208014636,13478.85384453174,8000,1080p
0.8609449863735894,1.1186417194347469,16950.22092315907,15000,1440p
1.9490883115718807,1.378451988833579,10083.854430226254,8000,1080p
1.0828686170133517,1.3217103969554531,13954.389439928511,8000,1080p
1.6016886728518471,1.199398477993747,11979.074621034395,8000,1080p
1.0646027524957054,1.523450584635165,12965.123832107194,8000,1080p
0.7730438211842888,1.0580502181817235,18324.799971288037,15000,1440p
2.004714173782286,1.3444059758712945,10018.87973576306,8000,1080p
1.2604494119593077,1.8473814211913833,10796.736953015818,8000,1080p
1.4800369688431514,1.4312126821793718,11525.783090507068,8000,1080p
0.8211023737854056,0.8489896518533565,20091.367113238204,15000,1440p
0.7867670193490444,0.94720000578321,19351.25150228316,15000,1440p
1.0108492687988508,0.8833666779765603,17714.153477126438,15000,1440p
1.619518925776976,1.9851596181451268,9308.578168940081,8000,1080p
0.9699299471829523,0.974197459530979,17259.379135401163,15000,1440p
1.6631024426845007,1.5227691876794383,10532.261149570204,8000,1080p
1.1557342742825274,1.4804722164160855,12728.301868002702,8000,1080p
0.8577209797090015,0.9029071753906597,19058.216184268982,15000,1440p
0.8420292455908833,0.5626786750088835,23887.123798428715,15000,1440p
0.7595649386255858,0.776574592095953,21843.34907665528,15000,1440p
1.02116255589819,0.9105280934374282,17370.49978035595,15000,1440p
1.190692903865162,1.6803351003889844,11687.253468193523,8000,1080p
0.5351444482869476,0.6823663404188423,27559.864201013163,15000,1440p
0.9116208880454231,1.0623392010735213,16998.536183665525,15000,1440p
1.7850584316420197,1.2583473487451675,11025.290224601975,8000,1080p
1.02937295271165,1.002585731110352,16513.343635947345,15000,1440p
0.977405785538287,0.8456224259920536,18405.876435577888,15000,1440p
1.1083072120041535,1.1247126174336322,15026.481877882878,15000,1440p
1.763385884265215,1.211641137313891,11278.69822916423,8000,1080p
1.1331264302972748,1.5436286177726573,12535.488454273896,8000,1080p
1.2041589473123286,1.4222296415732751,12775.882495833335,8000,1080p
1.4874457820106528,1.6168504383129956,10809.030330392141,8000,1080p
0.7426028051599913,1.0510384186494002,18707.438006323275,15000,1440p
1.140409801063416,1.4697045824888524,12855.540818994174,8000,1080p
1.8442615078216544,1.6679118693719999,9553.751593781264,8000,1080p
1.4537237414654909,0.9951207115903724,13702.149174125007,8000,1080p
0.626533028735985,0.6464292532421728,26359.329317956763,15000,1440p
1.103825886620092,0.7859878588945204,17755.417474150523,15000,1440p
1.250688382524983,1.3412558198052076,12945.661395733034,8000,1080p
1.0508541274817196,0.8968388541966461,17227.782979987678,15000,1440p
1.27174640948131,1.7923908917176186,10950.694665957331,8000,1080p
2.863860506889714,2.000610879525743,6897.8578214488525,4000,720p
0.9042508079111752,1.340630369802275,14947.085989725862,8000,1080p
1.3159521727733712,1.6175961089031612,11438.172744449781,8000,1080p
1.087099933787719,0.9898243823888291,16155.827989809004,15000,1440p
1.2562546569311634,1.5372412279902563,12011.627502699497,8000,1080p
1.062249588777913,0.9765488749019102,16457.94451867384,15000,1440p
1.5003369349225288,1.0051341532559321,13392.464258845188,8000,1080p
1.4611641986587738,1.5325199448587654,11208.407564524821,8000,1080p
1.5608867881495656,1.2719108476251013,11844.98023305646,8000,1080p
1.4274156515697474,1.9169504659727084,10033.121620265918,8000,1080p
1.0638212987287132,0.9537069872852499,16631.455545187717,15000,1440p
1.87374833083735,1.312981068080504,10529.426192068388,8000,1080p
0.8892625837043973,0.8990164513129655,18763.532615967964,15000,1440p
1.383867406318682,1.182138866973278,13076.519862499252,8000,1080p
1.1355750569718401,1.0627797419638834,15263.428822428712,15000,1440p
1.2600559488852527,1.1345224788700239,14012.667787813725,8000,1080p
1.9054742022319877,1.5857450998101024,9611.092600334012,8000,1080p
1.3647407195744166,0.9694476694364769,14375.203029014556,8000,1080p
0.907430478777885,0.854595113893789,19043.10138260991,15000,1440p
1.3545721179507184,1.395830058444081,12199.827460863497,8000,1080p
1.264320732272326,1.8765969227261565,10683.002767233073,8000,1080p
0.5115020518264984,0.7320723358858338,26982.247569223757,15000,1440p
1.0773872617237867,0.9550805555080937,16509.207041565587,15000,1440p
1.0320519677532658,1.3880665631281153,13864.78867536287,8000,1080p
1.831277774851309,1.7459040701873376,9380.130352203969,8000,1080p
0.6150321262973704,0.916455522247049,21909.698084663847,15000,1440p
1.6743404101040094,2.011559351194499,9103.457547141512,8000,1080p
1.3830875658719288,0.930917653136629,14500.586137129152,8000,1080p
1.546582499343246,1.1443127929750025,12469.616374813428,8000,1080p
1.2919775201900787,0.8935391109580282,15353.08929787142,15000,1440p
0.8955892428719497,1.1829518390536609,16143.261392223416,15000,1440p
1.5426886168166583,1.3781105110630412,11488.09984216827,8000,1080p
1.1256729027124333,0.8937064472941396,16616.21032219171,15000,1440p
2.0083774337915274,1.888255302132447,8611.13537610404,8000,1080p
0.937396802116362,1.229949754955645,15481.80280191582,15000,1440p
0.9324644758490456,0.7999370603279073,19368.738308814707,15000,1440p
1.7695135157171595,1.5586823789901798,10081.868093569825,8000,1080p
1.0324501328077567,1.357887755500832,14037.526729638725,8000,1080p
1.706519288716482,1.7701035677954264,9651.444342647257,8000,1080p
1.2609460055964072,0.9310924610337283,15307.410207807117,15000,1440p
1.2780511109809987,1.8488150347838035,10731.01003874053,8000,1080p
1.2802053175864172,0.8603462004296905,15675.601225939521,15000,1440p
0.9625041116045012,1.4385884080078841,13974.651841161365,8000,1080p
0.8435974891875375,1.0891070538512153,17361.387244034227,15000,1440p
0.6788026212027987,0.8660837468291651,21719.676407492097,15000,1440p
1.2674207551784749,0.9798976960525065,14930.875498138847,8000,1080p
0.987668672433913,0.9198848729525964,17590.296262536205,15000,1440p
1.154783350624187,0.7911122001561197,17243.696346674224,15000,1440p
1.1592087617028262,1.277916029998638,13768.040157096006,8000,1080p
2.2097698909981145,2.022031441484781,7929.113246040036,4000,720p
1.088122254096193,1.0520620130808787,15678.291124090307,15000,1440p
1.4098128517848532,2.059609524893853,9671.475063270276,8000,1080p
1.0186807898745422,1.3457497859608616,14191.337374388548,8000,1080p
1.384577557021815,1.4199170322979007,11964.520141270543,8000,1080p
1.350935593975573,1.8217835657752524,10575.922516455963,8000,1080p
1.2547291404831251,1.0268416108458778,14706.724295292934,8000,1080p
1.2287346920718711,1.0347724248694865,14824.089462259606,8000,1080p
1.1059267540060151,0.8953573465330829,16766.45109555472,15000,1440p
0.8972656915822472,1.1493494808540439,16395.086116779246,15000,1440p
1.2195709948916302,1.4048639749763405,12785.392812262384,8000,1080p
1.4407925379968063,1.11983394651849,13103.993184055329,8000,1080p
0.816974965456142,0.5625725310230372,24322.78126388265,15000,1440p
0.9953615355121448,1.291104081954531,14675.240136423805,8000,1080p
1.0305246408772646,0.8598736094550989,17749.927558439376,15000,1440p
1.0912989145104168,0.9488608601310631,16446.962839416126,15000,1440p
2.0342341289733534,1.4706087427210304,9573.733610425286,8000,1080p
1.5393944447101284,2.066304006762844,9305.945145327556,8000,1080p
1.0234394085337906,1.182529286379053,15210.747132259605,15000,1440p
0.7791760520523654,0.7668422699759938,21703.773831073973,15000,1440p
1.4612052705135572,1.2299468865745287,12468.426176358229,8000,1080p
1.4065270141168533,1.0545465907705196,13634.062765682933,8000,1080p
0.79538157118377,1.1272040744751333,17452.76319718923,15000,1440p
1.144754738967332,1.4469984878345232,12946.615307740989,8000,1080p
0.9613281261888139,1.2536255351960248,15149.04468882704,15000,1440p
1.0858355974336862,1.202408726700716,14663.832723672538,8000,1080p
0.9850012163934904,1.3663753052877934,14270.122921873812,8000,1080p
0.9804390114611341,0.6755565925531373,20262.391952406913,15000,1440p
1.3790436973257316,1.3046989117277161,12502.850268429655,8000,1080p
1.1288417495303429,1.0029863447909533,15739.745662129773,15000,1440p
1.2692097687503088,1.3646611526532206,12739.588613598275,8000,1080p
0.7968712742143218,0.9562453517598282,19139.874383060447,15000,1440p
0.8870938158429611,0.9984577446574521,17795.552613313248,15000,1440p
0.8564439359082151,1.0134376495862014,17944.682839971312,15000,1440p
1.5296078450684347,1.141766736214699,12560.73642202693,8000,1080p
0.9123042421720587,1.0634070897238086,16983.468919926476,15000,1440p
0.95972846177376,1.3064937980474631,14806.328838481637,8000,1080p
1.1563516005157084,1.47580456109528,12747.888020239385,8000,1080p
1.3286282661118949,1.1238691173005382,13681.740183270644,8000,1080p
1.3111194510450808,0.9930776932149101,14562.309515740782,8000,1080p
1.1445315888495133,0.981293071135326,15784.195484983835,15000,1440p
1.6643648415135248,1.782280762095265,9735.387927574286,8000,1080p
1.0831116698953724,1.5365394960739198,12808.740505564445,8000,1080p
1.331883574132541,1.8234626163687015,10634.15231615828,8000,1080p
1.7386258637865737,1.2055881019948242,11396.736918573313,8000,1080p
1.6183554508964693,1.5153410493724233,10707.620216929368,8000,1080p
2.087301499601775,1.5688536738326806,9177.518570274526,8000,1080p
1.1584745327581893,1.7090874741086897,11701.379750341244,8000,1080p
0.8278202181038044,1.0184391199381233,18174.2788288814,15000,1440p
1.2647274952941139,1.5810920725264097,11790.779844028457,8000,1080p
1.2672496492591643,1.345684211678674,12841.669091446727,8000,1080p
0.6636735803590943,0.7339147213021138,24008.81000514699,15000,1440p
1.7509501687276328,1.1819518692382722,11440.693062926663,8000,1080p
0.9307748726193759,1.017033938878884,17226.758500075703,15000,1440p
1.358426505307894,1.4062898811671707,12136.663335214991,8000,1080p
1.269154846651749,1.8916054089134025,10615.937080618722,8000,1080p
1.7752095078820862,2.5460699443688446,7764.929894205681,4000,720p
1.8138350357586106,1.6381019200497666,9720.464895379933,8000,1080p
2.5056506061176425,1.723906735429912,7933.320035737535,4000,720p
1.340208132961839,1.152100778985801,13463.191436321009,8000,1080p
1.0748625577369029,0.9056040017767943,16942.690518460095,15000,1440p
1.0547154955959714,1.1132093210141212,15477.673276727317,15000,1440p
0.9459070911775974,0.8399445585283433,18789.036595243,15000,1440p
1.3400082376444877,1.157320108498102,13436.131476995675,8000,1080p
1.6059934206618633,1.2146603252745867,11895.97696928944,8000,1080p
0.8172784941875387,1.0198550087830096,18264.558316390314,15000,1440p
0.8769953600702024,0.656066253875833,21887.20381148434,15000,1440p
1.494527681815028,1.9877532602605215,9635.762466655116,8000,1080p
1.2027500628057008,0.9269457880182965,15755.504236446488,15000,1440p
1.187898535075227,0.9272363547265248,15863.967901898211,15000,1440p
1.3879769527536443,1.6714961641944714,10967.389062555714,8000,1080p
1.3935699497829979,1.5840780676133943,11268.770453715164,8000,1080p
1.2434979898935608,0.9543810662055614,15266.732674341809,15000,1440p
1.2160592291158476,1.621672553714249,11824.384602880209,8000,1080p
0.913856800056028,0.8994333073508113,18504.723465339874,15000,1440p
1.0646247827374589,1.534862196055906,12908.097741491809,8000,1080p
1.3005624645161376,1.4054973406560343,12399.737779581377,8000,1080p
1.2277793404333552,1.3815370971997432,12859.472126898148,8000,1080p
1.4475664387661407,1.1890294857192198,12726.421856450954,8000,1080p
1.2496925369242393,1.1472000897196724,13999.138562573971,8000,1080p
1.9757849703117618,1.927190886559367,8597.140548775862,8000,1080p
0.9877503222145672,1.4063204020013993,14015.639413070694,8000,1080p
1.3401731342135708,1.0761134317356682,13886.776706395389,8000,1080p
0.9684674849368409,1.1702870977296675,15688.771527103292,15000,1440p
0.7150559909887706,0.6828873239531843,24002.71287208326,15000,1440p
1.144764747404453,1.5069369518777311,12653.92408545923,8000,1080p
0.6947356891838831,0.6567296356681388,24828.18566112603,15000,1440p
1.161559791519138,1.1535062063516521,14493.941870711524,8000,1080p
0.9137864848796775,1.3072942494135564,15107.254536912318,15000,1440p
1.6271816178171485,1.911725325501344,9481.580764182358,8000,1080p
0.8159126668313905,1.164581338593074,16942.45572473143,15000,1440p
1.2986912207790235,1.4626406538137282,12151.53901229228,8000,1080p
1.0626432067028753,1.188957919412792,14902.476113913735,8000,1080p
2.229987544530396,2.340073015543814,7342.2291803185935,4000,720p
1.1456262328295053,0.8058870831734659,17194.0574142354,15000,1440p
1.021071702198536,1.0904643818611575,15891.005724840557,15000,1440p
0.8145552870074875,0.916807550477095,19380.358220435006,15000,1440p
1.0254260380648081,1.2598042591681171,14683.173087906913,8000,1080p
1.4256317014077398,0.9811126406502872,13941.83479052342,8000,1080p
1.136988291059844,0.7928367367395053,17387.292379694838,15000,1440p
1.0818796343518424,1.5554900181652291,12722.688292092875,8000,1080p
1.3310163106530786,1.5038157961968224,11836.47945813838,8000,1080p
1.0673065582175696,1.2094567379516528,14737.777992317931,8000,1080p
1.2873311808428765,1.2276205388360861,13341.978590461084,8000,1080p
1.1535001597547763,1.0807761286478268,15018.0316437005,15000,1440p
1.6269662738362611,1.33120355260079,11342.97013650985,8000,1080p
1.2997760686918454,1.9262106131663381,10401.292785459515,8000,1080p
1.0537485851435624,0.8901623913627996,17261.300751696323,15000,1440p
1.0558848974605728,0.9093949849338547,17073.61495967611,15000,1440p
1.2467789907685425,1.4654553773389145,12371.5090386579,8000,1080p
1.4138857100738735,1.8220619326916347,10369.27531105654,8000,1080p
1.1009533869163441,1.0142067770576177,15863.778342420155,15000,1440p
1.3454405448534692,1.1294522194120347,13557.933694940617,8000,1080p
0.9913259018227327,0.9477413498099121,17304.41890127742,15000,1440p
1.405336987361734,1.6104228446600095,11126.360807553217,8000,1080p
0.9010002394304847,1.1996780171721255,15973.141957620388,15000,1440p
1.4386769782854691,1.396978696822829,11833.041752757412,8000,1080p
1.1906217701391364,1.05379999638119,14950.14551209848,8000,1080p
0.8238420954905253,1.0184388284408903,18213.526267424546,15000,1440p
0.9156328940996091,1.1839799527128232,15981.24723371802,15000,1440p
1.0448684425796864,1.1961711211034607,14972.70844467079,8000,1080p
0.6121486655685208,0.8740816735825797,22576.87191284596,15000,1440p
1.2193830914730188,1.1544740017708757,14134.983986819361,8000,1080p
1.6383597719384464,1.614425451884415,10315.600229075342,8000,1080p
1.27889289953985,1.8315029712247752,10787.83325151192,8000,1080p
0.9077029085660633,1.1833719567051655,16046.499605191193,15000,1440p
1.4444963882481623,1.6423699719997626,10870.063062044916,8000,1080p
1.2189619103337037,1.6840830493410657,11558.357678263148,8000,1080p
1.511553000427931,1.1312876100071045,12696.350989731704,8000,1080p
1.6322697197590292,1.2355279200384688,11700.418305096784,8000,1080p
1.1244047921334557,1.6053754570224898,12291.990174071743,8000,1080p
1.094022884932655,1.3833501934110934,13544.35966601884,8000,1080p
2.03417412859716,1.9246518077929302,8475.854341450806,8000,1080p
1.9054079708401532,2.1796523399386647,8213.937970869967,8000,1080p
1.889775605506325,2.2723196003081734,8061.908808122419,8000,1080p
1.303438956476969,1.8193946594161816,10744.86704294145,8000,1080p
1.4596238466118576,1.3057345508405453,12133.845663879283,8000,1080p
1.045833040653428,0.7822795197140577,18354.685990043698,15000,1440p
1.3541326129149904,1.167359456283178,13307.371619324693,8000,1080p
1.7706493510467516,1.3875569618760528,10624.521856821508,8000,1080p
0.641831765052898,0.8922113477493603,21873.200120631318,15000,1440p
0.902075560846748,1.1510537438402753,16343.0680782743,15000,1440p
2.0494805928724436,1.6769435568448334,9004.458604784902,8000,1080p
1.363410638077594,1.5662263852052043,11453.443458466625,8000,1080p
1.2910316541066766,0.8795645668263612,15458.624536615343,15000,1440p
1.4327351311398115,1.5926290588130168,11091.038927291322,8000,1080p
1.1779633034888999,1.08150791243161,14850.568470875565,8000,1080p
0.9706763161686116,1.4396082445224037,13921.35706598068,8000,1080p
1.282737632983219,1.0681231651875847,14273.253450867267,8000,1080p
1.027141146320179,0.9312048217369655,17134.067497424378,15000,1440p
0.7100350523878636,0.9995531750132594,19627.201136620297,15000,1440p
0.8049758684930606,0.8958030358759157,19728.861825487762,15000,1440p
0.8196234775958169,1.1918526594228565,16681.496430642717,15000,1440p
0.6623413813658834,0.6972158753860509,24680.411092184226,15000,1440p
1.4049395083352492,1.6085282685595832,11134.823560176075,8000,1080p
1.101925562973735,1.42047748585832,13302.56558940359,8000,1080p
1.6714732432040207,1.302762985341222,11281.697021225556,8000,1080p
1.1382066898243592,1.4396222029644208,13016.547410832885,8000,1080p
1.798378796845548,2.6491046079301386,7544.5884663604165,4000,720p
1.384585858781787,1.2946485513817203,12523.888119947016,8000,1080p
0.8966320424081736,0.7414149571093892,20484.413456929164,15000,1440p
1.0173504252924654,0.8275752053979708,18187.41711959563,15000,1440p
1.4002173450979574,1.3525409080052753,12189.385668782756,8000,1080p
0.7994171361411597,0.9839411912207776,18815.305642829477,15000,1440p
1.2220429186259287,0.934121256955184,15562.095122444314,15000,1440p
1.8755235399878238,1.9910033099869768,8678.184143534058,8000,1080p
1.7345395899157157,1.4711186214669159,10467.251898800418,8000,1080p
0.8734137381341601,1.2159538369313392,16059.61172195759,15000,1440p
1.1993382586073522,1.4305849451446095,12758.711719083585,8000,1080p
1.7158461126226687,1.538176823057399,10311.676550302913,8000,1080p
1.3615866088931203,1.5749255429799986,11426.628007855023,8000,1080p
1.3212737392326508,1.7708842288151052,10851.461130617688,8000,1080p
1.132152317966949,1.2036001018635851,14365.57732537187,8000,1080p
0.8270648973436824,1.0290014285050795,18078.250508992922,15000,1440p
0.6929710991500818,0.9526093794608578,20390.635666949467,15000,1440p
0.547071343670907,0.6911285759866878,27099.365350693097,15000,1440p
1.085615280711533,1.5374367693176336,12792.133499457968,8000,1080p
0.9742163523052577,1.0900223101495201,16255.112652573474,15000,1440p
0.8396896261921384,0.9633292437355144,18610.139117038965,15000,1440p
0.8273260841896937,0.7708443149832349,20995.52839757563,15000,1440p
1.2533864054743769,1.0809975502124132,14373.99872384236,8000,1080p
0.9805693049394633,0.863395071575298,18196.898176211263,15000,1440p
1.4176680853866632,1.1727809153336526,12953.13360373806,8000,1080p
1.9246183765004083,1.355686337562994,10229.059470037837,8000,1080p
1.680378822939865,1.1299467245062422,11939.695751793844,8000,1080p
0.9824812093086513,1.4635259903239155,13718.043023356786,8000,1080p
1.8088011334034275,2.454387502637701,7870.735936085444,4000,720p
2.157258205683915,2.0660870782852,7944.9890415934515,4000,720p
1.4519747744880809,1.0220293670376204,13562.803487995463,8000,1080p
1.732674150820789,2.3899481227062003,8139.099285293843,8000,1080p
0.7747910466407522,0.7324643045559509,22261.942525769813,15000,1440p
1.3038122283287754,1.74412764341129,11008.889089680044,8000,1080p
1.8916530897417252,2.016185657759995,8586.442319671287,8000,1080p
0.8397639592276102,1.1717018730347335,16681.581890088844,15000,1440p
1.5358269950781824,2.0301206176908515,9409.681701393327,8000,1080p
1.5687505485438977,1.149940264824359,12342.128731596567,8000,1080p
1.0232465991204602,1.2333988919420795,14869.16404587808,8000,1080p
1.1443982350895183,1.1473512029841988,14641.405139038014,8000,1080p
0.9135860076822644,1.1718862469993228,16089.608444646097,15000,1440p
2.4058684205525513,1.7582380638982271,8058.014876731865,8000,1080p
1.4596995878999095,1.2480110988336717,12392.177703622407,8000,1080p
1.170776777148061,1.497370718847034,12575.9284486204,8000,1080p
1.0297681204091798,0.9900802226997358,16612.352167169935,15000,1440p
0.7003594064322428,0.9876990995957725,19877.52905493379,15000,1440p
0.9899907982809938,0.6939150456444271,19926.548815686696,15000,1440p
1.036040629049726,1.101957083018454,15694.325494642982,15000,1440p
1.5104988996441395,1.211750745941557,12325.993706863246,8000,1080p
1.0179416514727635,0.8209954122948591,18246.645119683177,15000,1440p
1.5652046600707201,1.074053650233376,12713.58391446491,8000,1080p
1.6367183568535828,1.1880106791352736,11878.814418124732,8000,1080p
1.7603821013591252,1.6276545243066327,9903.79848488399,8000,1080p
1.6420013036091863,2.1892916177825574,8757.991802884944,8000,1080p
0.9506972528469044,1.3862949666516318,14357.956231108034,8000,1080p
0.7903524918637396,1.1818055445365663,17014.06853846533,15000,1440p
1.0112908948336938,1.1913070261609915,15234.025093806926,15000,1440p
1.152384470114315,0.8006635342632964,17180.54647135669,15000,1440p
1.1920377340521124,1.5568422710181329,12206.583022216186,8000,1080p
0.7719872402057445,1.1274180802494116,17665.756560037076,15000,1440p
1.2401535712257403,1.0166808028055265,14867.919589537025,8000,1080p
1.5846572012076638,1.1467504365622112,12284.666534577145,8000,1080p
0.897472222322148,1.3148577463665738,15167.01056121758,15000,1440p
1.02726085012287,1.2407861237865427,14794.416688011766,8000,1080p
0.8960748036896932,0.7365095989864742,20552.953920787713,15000,1440p
2.7699830313366687,2.1297929755212066,6848.15631429604,4000,720p
0.9340464819130507,1.2175963898657893,15594.796162552455,15000,1440p
1.1522314713683064,1.572928721937781,12312.82919896636,8000,1080p
1.024109453722835,1.18203059364376,15209.565702799759,15000,1440p
0.8401756220457424,1.1968180367637449,16472.52648769204,15000,1440p
0.8295246831307685,0.9895786793616073,18445.588465092307,15000,1440p
1.2781350597971928,0.9258411461119485,15224.498299952735,15000,1440p
0.7778821385749056,0.746061410406826,22018.159414382768,15000,1440p
0.9783613360425416,1.2721233271280366,14909.869215783543,8000,1080p
1.1917332172750057,1.7168780879633587,11536.237908299738,8000,1080p
1.1173034169834002,1.036733418008149,15577.464347368805,15000,1440p
1.2461520185191457,0.9943335904512649,14976.4104110535,8000,1080p
1.762344800081321,1.3964771212532072,10622.45129216529,8000,1080p
1.3627345746959356,1.146890773580724,13370.295300468482,8000,1080p
1.297819881574437,1.8196245968876954,10763.441733067448,8000,1080p
1.3333437808743036,1.7146543842577642,11008.678543133607,8000,1080p
0.9787815030858732,1.2386706377948848,15131.975739811183,15000,1440p
0.6706125207935527,0.9376692925987691,20863.527598576897,15000,1440p
0.6739391559244778,0.7009669962902951,24404.88897802131,15000,1440p
1.8578398183308948,1.417223280322037,10245.430695305167,8000,1080p
0.8430828848583752,0.7739677076934922,20750.39096151454,15000,1440p
1.2238867202981192,1.6167105230397305,11812.456721450519,8000,1080p
1.5218691866905278,2.062919957102733,9360.224731236,8000,1080p
0.8326821696541409,1.223824587607602,16316.227448081925,15000,1440p
1.3671880715769371,1.4662279778826195,11842.394979868961,8000,1080p
1.1456179271646905,1.1192281876303847,14815.325324226731,8000,1080p
1.5457848536823342,1.259732916891145,11960.156642722352,8000,1080p
0.8540385413875567,0.6470904762522166,22352.79686536049,15000,1440p
0.7111581467508313,0.9329322584577254,20409.116125060984,15000,1440p
0.8150351743490397,1.0862847226979055,17647.967631388812,15000,1440p
1.1941742317390425,1.7876878859341754,11252.8449257013,8000,1080p
1.098601864374653,0.9245178895209307,16585.48977903549,15000,1440p
0.7939628729952206,0.9573077301389983,19160.04981751433,15000,1440p
0.9119758309576281,0.8534587673485664,19006.329677798898,15000,1440p
1.6553437876781472,1.354045797614478,11149.912980355202,8000,1080p
2.029222570384957,2.1192639066401977,8088.355159364436,8000,1080p
0.902659103092299,0.9391410851426745,18218.280253383917,15000,1440p
1.4063167188200922,1.4903693514606138,11583.730920744332,8000,1080p
1.6276306335790565,1.113850544253616,12239.526673142094,8000,1080p
1.3845300625355896,1.0953209521555924,13530.825763812494,8000,1080p
1.867086362667609,1.39019302355025,10301.367497665351,8000,1080p
0.6873050028315513,0.797728232544674,22595.071410303597,15000,1440p
1.1307628749015504,1.010470056873453,15670.612711987673,15000,1440p
2.3093079107451073,2.470779924011423,7019.626659581888,4000,720p
0.8574958754979575,0.9575059701977219,18487.27155819436,15000,1440p
1.3310651088182546,1.4463320569360931,12081.250896965805,8000,1080p
1.1687413590026863,1.0731507059184568,14967.014926822649,8000,1080p
0.8478011013075145,1.1410191935952851,16871.525338914507,15000,1440p
0.9058793623416372,1.0501498676141583,17154.361236594763,15000,1440p
0.8838324592485364,0.6725643437698453,21559.047111203625,15000,1440p
1.1538277569661852,0.8625204243291955,16641.189409283135,15000,1440p
1.6565587597608167,2.0778780196473496,8985.138585025854,8000,1080p
1.2954511536991473,1.2773048697424836,13042.212978715921,8000,1080p
1.994518476606732,1.6085210177728348,9312.812710585615,8000,1080p
1.3719315347932062,1.6152787611351775,11232.69829570929,8000,1080p
1.2615917465734816,1.8364260880860213,10830.935711410422,8000,1080p
1.4716183101579847,1.5556657009490837,11084.005292165913,8000,1080p
1.2468384549793088,1.3668682207887355,12837.872096010906,8000,1080p
1.3127415986913729,1.4632785411232723,12087.24371943513,8000,1080p
0.7220946025796234,0.5324420669276203,26746.47367077719,15000,1440p
0.8196856451922526,0.7681446878593535,21132.25279902084,15000,1440p
2.3130544166799734,1.7500213477932691,8258.382059570125,8000,1080p
1.8181730609230282,1.2455244179877485,10952.266740099112,8000,1080p
0.8449590808703175,0.9455558024034182,18740.102254078927,15000,1440p
1.050893469592549,0.7452327669252041,18681.555515303753,15000,1440p
1.2908217249008647,0.9193757429906004,15181.644394883426,15000,1440p
1.1051786435560849,1.6498102191272888,12179.516387343145,8000,1080p
0.980445083623353,0.9597339514626927,17294.502926381676,15000,1440p
0.8625907160564139,1.0658525763719926,17399.750426545514,15000,1440p
1.2759361039157369,0.9413987599378626,15132.776084927624,15000,1440p
1.0093080958401957,0.6971847687995345,19662.802403269303,15000,1440p
1.1278214796045973,1.2402446521885877,14169.55022898426,8000,1080p
1.3668692218737026,1.660653662544924,11083.130757719586,8000,1080p
0.9998729249186895,1.4815312097222235,13522.356770335478,8000,1080p
1.0489762339056117,0.9771222438845071,16561.10616923126,15000,1440p
1.0857509857636387,1.248813377564324,14372.887947354584,8000,1080p
0.8087402511375055,0.7104396300036864,22087.201401584036,15000,1440p
1.3059940764082103,1.7223591762098793,11080.091786184894,8000,1080p
1.13317597478552,1.285714224460607,13871.829325058905,8000,1080p
1.1869314473105335,1.6354258953951697,11888.796465380407,8000,1080p
1.110047798073296,1.3474727618474802,13653.774681373045,8000,1080p
1.2739240309093856,0.8525475485871057,15779.393584909827,15000,1440p
1.5024126003523348,1.6057270721896717,10795.664138399981,8000,1080p
1.0029095412435958,1.0521744168557963,16327.523684741436,15000,1440p
1.090437124850076,1.1159549877790524,15207.828113569834,15000,1440p
1.009827409166813,1.386504307910605,14002.415342114326,8000,1080p
0.8526317763542881,1.0325714638593233,17798.84061529513,15000,1440p
0.8021077723481564,0.7532332260431565,21573.68193515461,15000,1440p
1.0177142942178696,1.4791475402379108,13438.641873154975,8000,1080p
1.186597326815834,1.4318618952540534,12814.57114824774,8000,1080p
0.6828811436400438,0.7533747685238531,23362.432638794926,15000,1440p
1.22358119290648,1.7807373464719767,11168.733128725376,8000,1080p
0.9687968634448819,1.0590718079687784,16546.6494319914,15000,1440p
1.2740747111218624,1.0595566182949878,14378.63452423948,8000,1080p
0.9838031917022735,1.1480015297428956,15739.91823099686,15000,1440p
0.9667529467883452,0.9460868318075718,17541.684554798405,15000,1440p
1.0252494415761795,1.1924419636068182,15130.343167484649,15000,1440p
2.330971632530987,1.6653068771749062,8396.419798696523,8000,1080p
1.34499097506719,1.4700439223659403,11919.721503486999,8000,1080p
1.4682169729106829,1.2911316800934471,12160.272665604964,8000,1080p
1.867799256142551,1.6703031424787782,9483.736822618517,8000,1080p
1.6498956810747383,1.2710796564178857,11487.40681556156,8000,1080p
0.9802229246968055,1.1050018178647216,16091.518249865547,15000,1440p
1.2776592197532464,1.2125835374986849,13474.361847769602,8000,1080p
2.770073295780498,1.9198530462479715,7154.5754779353665,4000,720p
1.2822844776909461,1.2577425734604444,13210.265609096496,8000,1080p
0.6781153743529463,1.0143226670795418,19826.09181462227,15000,1440p
1.0372412147814596,1.012754674188661,16368.048433920087,15000,1440p
1.2813816985846131,1.7120388793235317,11209.39444581771,8000,1080p
1.278333142519888,1.1887026513542047,13601.112753742429,8000,1080p
0.994906209673318,1.2150580266719646,15183.246610130884,15000,1440p
1.5159502657826702,1.0691474604768838,12979.947202441275,8000,1080p
1.4372838914448942,1.4886836741736689,11467.807228719721,8000,1080p
1.4516652405442307,1.1101909057574268,13097.70341650127,8000,1080p
1.7495281700283534,1.3050426368820038,10984.990730642023,8000,1080p
1.1646505367453892,1.4581001832880658,12793.60319823761,8000,1080p
1.4233038219721332,1.1516886736366598,13030.88535489766,8000,1080p
1.2789622392260236,1.1352912579886747,13898.470909832558,8000,1080p
0.9306020730438679,0.8114766898722116,19261.145198643582,15000,1440p
1.0956459006451034,1.0373597689827123,15731.05617007331,15000,1440p
1.1855750464718933,0.808865371918903,16823.98315366734,15000,1440p
1.058978574510324,0.8769561689940784,17332.41893229326,15000,1440p
1.1591843565037379,1.3895747023748397,13165.007450631107,8000,1080p
1.5603143891164655,1.456794183086649,11121.386982603119,8000,1080p
1.8414121993185497,1.2896444145285852,10716.648128176645,8000,1080p
1.5248564619974172,1.4927617877483652,11119.508573633122,8000,1080p
1.1073134240959839,1.0863911769064793,15295.784120007105,15000,1440p
1.0235353164154506,1.3103669340307356,14376.965442141032,8000,1080p
1.1523435316988635,1.1546026285488742,14544.956695650264,8000,1080p
0.7938920335049225,0.6530818331449234,23189.383563428142,15000,1440p
1.0323368702208697,0.6950047125615446,19425.475733612733,15000,1440p
0.8749788241182459,1.3098588157359148,15357.860642788899,15000,1440p
1.9234763280718352,1.531016015054045,9713.274387992265,8000,1080p
2.1853735668288685,1.8255871257179095,8365.684575855183,8000,1080p
0.979895469794615,1.3995367776429937,14101.864861306514,8000,1080p
0.7994976223570349,1.138124562509785,17317.324430978435,15000,1440p
0.8004263833167605,0.5802245221843431,24303.342623616725,15000,1440p
1.20419632117735,1.3849606538929429,12959.597399106724,8000,1080p
0.9466813214404097,0.6401950288021332,21144.95688014472,15000,1440p
0.9939931076829284,1.1685428078769111,15516.242647610961,15000,1440p
2.3414525609897376,2.2044814082578776,7381.196521328598,4000,720p
1.5169002155559055,1.359274659545661,11666.339307277027,8000,1080p
1.9942891360115624,1.8604583000522001,8704.703111305205,8000,1080p
1.9381581083673385,1.3777142594647562,10119.337621531484,8000,1080p
1.431786285851736,1.551187947886168,11248.64962643463,8000,1080p
1.8316612488074668,1.6249008973873693,9707.458040914575,8000,1080p
2.104163802575589,1.6166897665778013,9017.939399220882,8000,1080p
0.9764766147240685,0.9395091380484389,17512.881790193587,15000,1440p
0.7112208217331789,0.8551889856477518,21421.234623207383,15000,1440p
1.1312224906622792,0.7723923790266831,17626.691477505934,15000,1440p
1.3873169201782916,1.2184858430029517,12876.811888492946,8000,1080p
0.9428751298795616,1.0211390638891933,17084.617874177507,15000,1440p
1.6528965045647284,1.1399000983452496,12014.63506688517,8000,1080p
1.612492219019105,2.2181987666704606,8759.367990096398,8000,1080p
0.810909446299294,1.0470735222413468,18059.60149696929,15000,1440p
1.7002344229413218,1.506414905047227,10464.016662853452,8000,1080p
1.7705769116083265,1.5007041974090332,10257.275630488146,8000,1080p
0.9751546516662206,0.8603227115159671,18281.038313556917,15000,1440p
0.8425246048355778,0.603435047815473,23205.648884103128,15000,1440p
1.050639709741218,1.221875342625964,14765.328821495717,8000,1080p
1.1723935932615284,0.811923192008623,16909.816138773323,15000,1440p
1.2221922506910814,1.6983716291617115,11489.0251952617,8000,1080p
1.1397087093550222,1.2991218977835424,13758.410240458972,8000,1080p
1.4257649255078024,1.6464628594051849,10921.856824802571,8000,1080p
1.0030222914794693,1.4795681551718538,13515.895078570195,8000,1080p
1.5608137670860736,1.306284087374755,11703.274078278737,8000,1080p
1.1167807537660397,1.1612141038607349,14729.810248543386,8000,1080p
1.1219173992015166,0.8974190441937822,16616.563381375814,15000,1440p
1.2427543954888098,1.0559677244671666,14596.99356816674,8000,1080p
1.1484218200636716,0.9711816309206784,15830.523386068855,15000,1440p
0.8101568465043061,0.9100895100649329,19505.596900038807,15000,1440p
1.4281753393853822,1.503465694508271,11445.61411580283,8000,1080p
1.068950641141691,1.4032140959716446,13572.894838383787,8000,1080p
1.0904757706718264,0.9355480400185936,16561.716512386625,15000,1440p
1.721082214696625,2.00675949777164,9001.034536357249,8000,1080p
1.527820683312978,1.3027922368500744,11854.122392003763,8000,1080p
2.452109580114724,1.7416802787610544,8000.980766593507,8000,1080p
1.2389598053705817,0.862130301291264,15970.010945085245,15000,1440p
1.2696943416948288,1.8727029151523729,10677.972661440488,8000,1080p
0.9615098685997652,1.2834364290331883,14946.65241452743,8000,1080p
1.2572910353619917,1.593223508635358,11771.359690361642,8000,1080p
1.0402349024129978,1.113590535851804,15578.993266526115,15000,1440p
0.8996271031124505,1.343092077276131,14961.4950874885,8000,1080p
0.8938453569590455,1.1090768909957385,16752.73817256909,15000,1440p
1.1679844797020238,0.7841354372444009,17188.714539876746,15000,1440p
1.4058084619617184,1.0468833909708584,13680.65538272997,8000,1080p
2.118815746948221,1.7232946910522187,8733.333552343911,8000,1080p
0.8604108134807782,1.0753488800189883,17333.98629627167,15000,1440p
0.9409640930545918,0.7477452353535162,19869.868328157267,15000,1440p
0.8620785988303963,0.7316195637557159,21054.44605994327,15000,1440p
1.3035628635526455,1.1101794239111273,13901.414485826135,8000,1080p
0.9282235708575486,0.9286515798324311,18070.37591489757,15000,1440p
0.8889548524684112,0.915004522528656,18600.436609086362,15000,1440p
0.6238360328928767,0.9352202734171031,21522.27078919145,15000,1440p
1.5646325571982327,1.252597094877694,11910.435478795564,8000,1080p
1.454866332659418,1.1050504958901135,13107.625851661829,8000,1080p
0.925919011756624,0.8140759538912166,19284.212116962593,15000,1440p
1.0523758408818575,1.386481713084288,13758.258224402138,8000,1080p
1.2450163381448134,0.9686117858933272,15158.11605193622,15000,1440p
1.1828006147357184,1.0777577362637578,14843.426618545082,8000,1080p
0.7188920072021965,0.7039230017919633,23583.130475774826,15000,1440p
1.1001281835137524,1.345118757685798,13722.30813773737,8000,1080p
1.4267294359018938,1.5114753818393922,11420.045259402514,8000,1080p
2.0534523872810686,1.7294262586072322,8870.07888462695,8000,1080p
1.700094791814135,1.6746153048772603,9942.907994644385,8000,1080p
1.2900991690449788,1.3535790863594632,12692.328172463896,8000,1080p
0.9939275854096274,1.0691328123987953,16264.396348087861,15000,1440p
1.0665234066240508,1.4345296642631011,13416.12154919122,8000,1080p
1.4222361162316441,1.584853137696994,11158.44232297479,8000,1080p
1.1665281063503263,1.360326980816911,13279.127944616966,8000,1080p
0.8262227499073411,1.2026289064722753,16538.63252864736,15000,1440p
1.703233733477702,1.7694383284442667,9662.424611850369,8000,1080p
0.9317681523371784,1.1701397598555427,15963.797369693446,15000,1440p
1.0366696735523442,0.694268780893802,19385.109802033094,15000,1440p
1.0984519517147038,1.2149094241548792,14504.621867557129,8000,1080p
1.0535163427607752,1.0580555759944643,15890.736044538877,15000,1440p
0.967913399799771,1.3588756065493057,14420.91737086624,8000,1080p
1.5006931259544893,1.2700061170628303,12110.456262823707,8000,1080p
0.639359062935187,0.71062460813603,24855.435453804,15000,1440p
1.4356745692855393,1.5939466677355854,11075.454446243715,8000,1080p
1.7000540826933364,2.446756356067996,8091.624272563285,8000,1080p
1.6033416988627147,1.169142453981177,12102.659618660524,8000,1080p
1.7017608270262359,1.3216219296664697,11098.307657448364,8000,1080p
0.9562152860225364,0.9272770232103287,17815.008766171453,15000,1440p
1.0019117224901923,0.8056823615392674,18563.034863004752,15000,1440p
1.4805560867152474,1.1867444147761992,12579.921902776878,8000,1080p
1.2867635690884864,1.2006440275581844,13489.719998135999,8000,1080p
1.6921550339925502,2.028482542715129,9018.462913469704,8000,1080p
1.0919799761471016,1.2532862211196636,14307.302104599135,8000,1080p
1.206186972857962,1.1104402907679694,14484.17383618346,8000,1080p
1.644687416923929,1.6264581784867556,10257.700558200719,8000,1080p
0.7213918894078679,0.9679840285742936,19862.028126977424,15000,1440p
1.1225956579123957,1.1733580326857003,14614.594422093534,8000,1080p
1.1074887795515875,1.4479221529778432,13130.738220168256,8000,1080p
1.1476142460673036,1.195254027188138,14321.945618127194,8000,1080p
2.2306508646158476,2.070399406653808,7801.45078148432,4000,720p
1.1736607780010129,1.2689002003388943,13737.397877700216,8000,1080p
1.506435614462835,1.1942244144127896,12424.530167156892,8000,1080p
1.3089875283100931,1.2658178791266175,13031.832193254697,8000,1080p
0.8779478109604311,0.7423037249425204,20709.396816772907,15000,1440p
1.2251246416050308,0.8975655724345037,15807.503034625597,15000,1440p
1.174002415826608,0.8067652823131917,16940.11469972577,15000,1440p
1.5025534603946702,1.0289563987373502,13254.71116731294,8000,1080p
1.1009201420110082,0.8802105518370082,16937.010821242744,15000,1440p
0.7241135291378641,0.8231150684451497,21686.79667142702,15000,1440p
1.2983101842595077,1.1023100747143524,13977.400996500284,8000,1080p
1.3057061348576702,1.1212295831063575,13825.842914434104,8000,1080p
0.9443745627068992,0.6515006373367885,21025.724316714382,15000,1440p
0.9259636380966132,1.038760638544772,17078.44321919812,15000,1440p
0.9536069697487592,1.039695146279119,16833.590718734133,15000,1440p
1.595252331350702,1.5853009536075475,10549.872614519161,8000,1080p
1.901054150737438,1.8895063208050333,8852.103073386897,8000,1080p
1.2574542162563118,1.4076694330125894,12590.197084928754,8000,1080p
0.9859694472450018,1.138061294674762,15797.526531877067,15000,1440p
1.2803422335254526,1.3937602209881266,12547.923114674964,8000,1080p
1.140039118247207,0.8811795307151269,16601.089653129013,15000,1440p
0.9314977335133358,0.8349206645546857,18995.744177426688,15000,1440p
1.6006904469944125,2.312841702880096,8573.950772597067,8000,1080p
2.448212899327747,2.0408485044104614,7474.709963213685,4000,720p
1.2416952129799508,0.9459849723151461,15337.905524556292,15000,1440p
0.9909135316855221,1.047583241121584,16460.380240776132,15000,1440p
2.0350891661402835,1.5124440789515625,9458.525031844,8000,1080p
1.7995763609641855,1.444414265474504,10343.566262654911,8000,1080p
1.5050530437691598,1.3903710498915782,11588.779713985357,8000,1080p
1.440769049457353,1.2251982716038132,12586.212792227301,8000,1080p
1.2680159277907384,1.257657268628298,13285.34192292745,8000,1080p
1.1933566739360424,1.397544022691908,12950.875363023752,8000,1080p
1.127524329526224,0.8068670504151665,17346.247686968425,15000,1440p
1.3452127327652235,0.9449478017008464,14651.563283454674,8000,1080p
0.6643693900371138,0.9185531665852339,21197.772348129718,15000,1440p
1.3686147403891573,1.5854610091776242,11358.690448246221,8000,1080p
1.5589287912982073,1.968364360641599,9512.799349140292,8000,1080p
1.6470967193540231,1.901199175536801,9456.492072240899,8000,1080p
2.0246617584989433,1.8670778161955996,8621.96232712556,8000,1080p
0.8472481136272126,0.9212131308108885,18973.801153703742,15000,1440p
2.029483891048767,1.7282348572480535,8929.468714285358,8000,1080p
0.9886522810935555,0.8362587774188396,18386.886223020872,15000,1440p
1.236624762442806,0.873138857282836,15904.356149796293,15000,1440p
1.1914450222947996,1.150662962407556,14326.594768116225,8000,1080p
1.4742692990348194,1.9086672256687158,9918.729410076814,8000,1080p
1.5651017094749837,1.997578125682933,9418.312492992425,8000,1080p
1.9183050937283548,1.3660411211272605,10216.472261124,8000,1080p
1.2484724151798001,1.5296320368648246,12078.175093562326,8000,1080p
1.1555711593972824,1.7126464847622949,11698.704966941885,8000,1080p
0.9826335224364113,1.3791848879200423,14207.032959378044,8000,1080p
0.8722445473324321,0.6810425848472597,21602.208184724896,15000,1440p
1.0819418165479835,0.7615188990669293,18201.86983957911,15000,1440p
1.1545709766453154,1.3436622151208502,13431.264987828523,8000,1080p
1.0495369605979543,1.557180794063734,12872.291961795014,8000,1080p
1.5001894137686609,1.0714194236738157,13048.03106578629,8000,1080p
1.2331987310106243,1.342901965780718,13025.279656883626,8000,1080p
0.7843491298963493,0.946372735867211,19387.535723538364,15000,1440p
1.1730376101157707,1.2550591092127195,13819.232048252077,8000,1080p
1.8875660938669763,1.8329312853633695,9018.802751298095,8000,1080p
1.0145495337298986,0.9451218563852086,17122.478885620247,15000,1440p
0.7762557142768878,0.6724170983175726,23162.18797528658,15000,1440p
1.3634961214764454,1.7414464512395953,10806.78022674292,8000,1080p
1.080141192162465,1.5874275453522386,12578.65693510177,8000,1080p
1.3811491937817817,1.0418909896615476,13848.070795225745,8000,1080p
1.1315813516382796,0.7800411155483542,17552.855009798357,15000,1440p
1.433313850577636,1.6678680939100627,10819.88499889291,8000,1080p
1.1737588868511137,1.7141386562596437,11618.982841010407,8000,1080p
1.237698748127411,0.8676298188824747,15937.860021372351,15000,1440p
1.3070309782243972,1.1350269232790677,13740.227854278988,8000,1080p
1.017442985018407,0.9854052804972613,16753.35699549902,15000,1440p
1.517177479279963,1.0491558655805453,13074.853298850712,8000,1080p
1.3784771057426903,1.3156928805750132,12454.45987833196,8000,1080p
1.188639386730411,1.024553131237829,15161.099510133765,15000,1440p
0.8215769849302592,1.1933519530383097,16652.910863362376,15000,1440p
1.2161176588718936,1.5092145596308022,12312.052003126022,8000,1080p
1.8371540501628056,2.6589448993820177,7463.010128679884,4000,720p
0.88813348965185,1.0389908304203177,17411.659253380934,15000,1440p
1.081362353688614,1.11516532842562,15276.125255886916,15000,1440p
1.5165524666194248,1.129668853701447,12680.130623364224,8000,1080p
1.1604163660099103,1.2726061773481205,13791.254048015744,8000,1080p
0.9076685794878998,0.6181451975851511,21991.171205942996,15000,1440p
1.308709869679926,1.606573128760061,11509.83695852358,8000,1080p
1.304897943566012,1.5955640157041704,11568.650949810424,8000,1080p
0.6845686469549386,0.6980186313868741,24269.30474887853,15000,1440p
1.703773305795584,1.1597845478259554,11717.741954318728,8000,1080p
1.7433309247676403,1.5129406069469618,10304.55589258915,8000,1080p
0.8146945543372537,0.8240869350741127,20475.232492437055,15000,1440p
1.5462282025563125,1.224085026298171,12112.143728193025,8000,1080p
1.3108201807798328,1.3820472545300502,12460.484151585692,8000,1080p
1.7884107270192773,1.8072646943508792,9331.885687060667,8000,1080p
1.5136177216983906,1.0713436594042334,12980.631836630087,8000,1080p
1.2068493594058378,1.7698894783576902,11272.212252657673,8000,1080p
1.025621466715704,0.8699433304141357,17701.54839908732,15000,1440p
0.8938085788009893,0.8769048269219528,18949.668473482012,15000,1440p
0.9045454851687906,1.229952752374579,15720.056081479068,15000,1440p
1.6274135331958006,1.2710475324141428,11576.63713276028,8000,1080p
2.213212768181863,1.517826546814014,8993.32040408614,8000,1080p
0.9680242117574037,0.9743077685693221,17275.333125265075,15000,1440p
1.2486137382761229,1.4168741668499851,12588.476554506253,8000,1080p
1.259793529613737,1.7462813093128577,11162.207795193008,8000,1080p
1.2483972904863279,1.5691783621656683,11908.972867655728,8000,1080p
1.0163551160640663,1.2934842584952881,14526.738252698262,8000,1080p
1.7059169468321964,1.5783967836608235,10216.573309810761,8000,1080p
2.077797920532423,1.6868219156099742,8913.099718027093,8000,1080p
0.8295030956041266,1.0215323681650275,18127.38472966644,15000,1440p
1.606926729323296,1.0714603754678094,12527.850040786767,8000,1080p
1.0574646310735933,1.4091403336727217,13603.488389739376,8000,1080p
1.236723569882631,1.1929066959659915,13810.5095543334,8000,1080p
0.7997548380471764,1.0247723980175933,18390.75423854557,15000,1440p
1.6823156652169204,1.1528877187155049,11834.929441097105,8000,1080p
1.6551548563053997,1.460038482309611,10771.219745519238,8000,1080p
1.8226515621772128,1.5239836986400022,10026.31879035612,8000,1080p
0.9699938651119968,0.7250370794379113,19795.76367492802,15000,1440p
1.280209282550249,1.2611425820807638,13203.379062533664,8000,1080p
1.0109149065829963,1.0786121304105367,16058.38613520838,15000,1440p
0.9275144140839949,0.7002053097966222,20614.37943382752,15000,1440p
2.1423189853618907,1.5840258273356564,9004.650317292975,8000,1080p
1.4635499564521264,1.351617580470398,11919.159893652697,8000,1080p
1.2395137712664817,1.648954660198117,11616.686419171358,8000,1080p
1.0755508560694094,0.9604164750527753,16480.830260427345,15000,1440p
2.0888154017166447,1.518342170749737,9302.1808240712,8000,1080p
1.2066137812299806,1.2255475791879475,13796.13727365285,8000,1080p
1.3957933624610315,1.2771006435934253,12553.59618600468,8000,1080p
1.099699630542969,1.0866870613020574,15346.979619458083,15000,1440p
0.8444173854366791,0.9530443139583368,18667.675651333015,15000,1440p
1.7773156692618628,1.656527319212015,9771.684993352823,8000,1080p
0.7225498865637756,0.9266589525848412,20345.775018597433,15000,1440p
1.969068289338079,1.7933322762763437,8918.357153850884,8000,1080p
0.5655084881178319,0.7950222117972489,24662.752558317385,15000,1440p
0.8054311730696674,0.6548366361211412,22978.272744774004,15000,1440p
1.5426479031900024,1.2812355564984532,11882.371379342223,8000,1080p
1.074792008975156,1.1422507411409437,15134.769953462945,15000,1440p
0.7881090711462188,1.0696533051093202,18061.74590941577,15000,1440p
1.511783828017601,1.5364506384444812,11007.825142448697,8000,1080p
2.2110697258313734,2.21032372891685,7589.10790080562,4000,720p
0.634828529242571,0.8138801317982216,23161.61482453868,15000,1440p
1.1907262361910342,1.2587907366881368,13698.387221444724,8000,1080p
1.3407383612784076,0.9786562625411448,14466.892203424593,8000,1080p
1.243830554908796,1.8234757497427945,10939.380898840942,8000,1080p
1.0719832106414904,1.3182563064128958,14038.104449612161,8000,1080p
0.5417072968641966,0.6599142284835194,27924.293375395613,15000,1440p
1.3536128717743512,1.7682106989979671,10748.343472753926,8000,1080p
1.1332103875391228,1.1675885750250818,14583.817424276003,8000,1080p
0.7545996003030196,1.1258717188178,17843.628700323796,15000,1440p
1.1280575047788939,0.9277106428355983,16322.089647578436,15000,1440p
1.6081148091798956,1.2964093004039277,11552.471501022545,8000,1080p
0.976104304829846,0.959711736527964,17333.481737481845,15000,1440p
1.1234002938102123,1.6239091300038972,12213.561278953477,8000,1080p
1.2272735154429726,0.9346166770864541,15520.877108351688,15000,1440p
1.1580358881987411,1.1981570141458704,14240.952838203739,8000,1080p
1.0433337523012784,1.3378848134243395,14091.28606796962,8000,1080p
1.3199588938430282,1.055769138836801,14123.852367962543,8000,1080p
0.7733980693332695,1.0942009009162819,17966.615175160652,15000,1440p
2.1419830794485417,1.8442240864769004,8417.633756425694,8000,1080p
0.9801490250095831,0.8827975280379733,18011.4839822479,15000,1440p
1.4365739770174393,1.4648534935091198,11564.801236927164,8000,1080p
1.1929460522663824,1.5401245659308076,12277.191733206457,8000,1080p
1.3324660877423833,1.3068951917607246,12713.087920391494,8000,1080p
0.8794180500782438,1.2437954032328797,15803.60747416719,15000,1440p
1.2526344540405552,0.8363258641738807,16062.742651177337,15000,1440p
1.0147406419153528,1.4579692311362564,13569.90254525492,8000,1080p
1.6452537726497536,1.172598407782371,11907.804189662762,8000,1080p
0.7772307170372392,0.5373269027337932,25525.265302440268,15000,1440p
0.8866143325793137,0.8753868327439185,19043.365384973837,15000,1440p
0.9996350886323164,1.321214501633835,14457.822747639597,8000,1080p
2.10180854946461,1.5019018187561888,9311.07901897407,8000,1080p
1.5777038545009436,2.2864815585266536,8683.44254053535,8000,1080p
0.9377955812476073,1.3793345282626182,14481.030591369095,8000,1080p
1.1339424909587743,1.363052492258097,13437.925276394397,8000,1080p
2.101476456631555,2.6154289837918534,7113.653734171109,4000,720p
1.430054804422174,1.3242034250562953,12182.747296847936,8000,1080p
1.2486904933115288,1.2978372687991082,13176.542780821324,8000,1080p
0.9862173913444217,0.8129975248550685,18649.48522707757,15000,1440p
0.7472588545487137,0.9985084498218914,19220.449321049266,15000,1440p
1.0939068526983595,1.3875382828847096,13522.133340302791,8000,1080p
0.5363474443042476,0.7256854635147244,26587.604643359347,15000,1440p
1.4867914166735605,2.2054798625916634,9087.748288819519,8000,1080p
1.1227104394801273,1.1536169072178002,14740.600489061704,8000,1080p
1.2136024455109327,1.1934925215409058,13939.803979191063,8000,1080p
1.1987283431344422,1.3727641915518887,13048.621198541783,8000,1080p
1.3705949535590285,1.4470366470821523,11908.736398457608,8000,1080p
0.8163103209945045,0.8775072680795181,19809.94424455325,15000,1440p
1.4467776519747406,1.0533182085194637,13421.258172623491,8000,1080p
1.74131492426085,2.1362033238098848,8653.584549007619,8000,1080p
0.9086806895324872,1.0007088458778024,17573.38216101086,15000,1440p
1.1881913429336535,1.4734217260980087,12606.80314145273,8000,1080p
1.1657088474707253,1.3499004275874344,13338.49112924114,8000,1080p
1.5488458975812691,1.6337278507389528,10543.175006615384,8000,1080p
1.0238782709284198,0.7592780606625646,18817.437038771444,15000,1440p
1.0967097891496043,0.9696102521862222,16238.739076599122,15000,1440p
1.1888456334809874,1.1929204508683142,14088.046773563437,8000,1080p
0.9286031689915698,1.0531332124299668,16931.834281576226,15000,1440p
0.9710426867127706,0.9477557171720228,17487.21071065402,15000,1440p
1.51635458962364,1.8754002823252804,9892.941343582252,8000,1080p
1.0544202527096904,1.4710241715007153,13286.545401010351,8000,1080p
1.3490645110557478,0.925241654605939,14753.700494074716,8000,1080p
1.5340119852344378,2.076856615963762,9292.620614570573,8000,1080p
0.9954240198916152,1.4231532137093428,13873.624349817293,8000,1080p
1.0034145410905941,0.9522840499057297,17157.261427951336,15000,1440p
2.094144937294336,1.451109202845454,9464.6055469177,8000,1080p
0.6871635902301949,1.0295551199435797,19545.67850932519,15000,1440p
0.7270622613070766,0.863066206234551,21101.71139309006,15000,1440p
1.5225633912083607,2.253305584287095,8886.54564492591,8000,1080p
1.8004797427076773,1.2690323058806907,10931.51988617581,8000,1080p
1.0366311450356227,1.2031697142981732,14980.988983985118,8000,1080p
1.1687483739315545,1.1857377255025483,14251.276322278885,8000,1080p
1.322070393946657,1.0221241889128059,14313.842479351735,8000,1080p
1.5830152618670017,2.2610315468352296,8728.934289779925,8000,1080p
0.7269765447851328,0.7357168611557936,22940.167682245745,15000,1440p
0.8672423136974547,1.031826019721687,17668.89132398283,15000,1440p
1.2260201091615937,1.7056003620807956,11445.694396375937,8000,1080p
1.0768437827552857,1.5882675816075933,12590.25511979741,8000,1080p
0.8348606787885339,1.1508770816815805,16897.715633939573,15000,1440p
0.9374852934399952,1.1063815418827914,16417.13218302736,15000,1440p
2.1186007294138567,1.6359087971590078,8937.101307778184,8000,1080p
1.0215992022959521,1.3026453313442081,14436.704707420815,8000,1080p
0.9994628624839257,0.9080843671991006,17590.354502297527,15000,1440p
1.510898445936323,1.0778135703914091,12961.824949381313,8000,1080p
1.1119179929889669,1.336809498934495,13702.803644207539,8000,1080p
1.2902222388067257,1.090759926315968,14092.685149647443,8000,1080p
2.260023905361553,1.6454856558683502,8591.563142770341,8000,1080p
1.0640817180770956,0.7710881753223477,18284.10117269537,15000,1440p
1.7361801939487136,1.695028809827269,9779.18627605429,8000,1080p
1.6060087266595262,1.8559384253000382,9692.35823863088,8000,1080p
1.050109787187642,1.4632842088518914,13350.247534956005,8000,1080p
1.684405477103585,1.2194530361486509,11555.119454639003,8000,1080p
0.9654126082048822,0.8324150966457613,18663.875247593634,15000,1440p
1.213272737082575,1.4618377897453734,12543.194631957005,8000,1080p
1.5100740523056162,1.6402004158242858,10651.272560361676,8000,1080p
0.9008562866786434,1.2600075650566842,15528.249025524397,15000,1440p
1.1703721909390647,1.2351313234158179,13949.026388763668,8000,1080p
1.4605261217949363,1.9765900598722441,9762.379339683639,8000,1080p
0.7101309481275226,1.0498960378845097,19064.725863112762,15000,1440p
1.092774836031471,1.2380420286948208,14395.996745947821,8000,1080p
0.8833834004574463,0.8266514705453716,19622.074712618367,15000,1440p
1.2721021639426204,1.6340072039134796,11546.169724766356,8000,1080p
1.0777463536441256,1.3696478393429514,13710.268699725226,8000,1080p
1.2571953938810787,1.225676786935371,13514.36141548221,8000,1080p
1.1957126308205392,1.0612722960819623,14866.927820404315,8000,1080p
1.19407996130542,1.2175330759215757,13913.688258454065,8000,1080p
0.9347526282224079,1.2808670071993769,15144.491167867938,15000,1440p
0.9342345093546615,1.077092136048686,16682.736280894376,15000,1440p
0.7168163331996116,0.9436325619586836,20208.048617359684,15000,1440p
1.0318432494730645,1.4546258434719415,13494.811616684003,8000,1080p
0.8674286317854407,0.9417690771200111,18546.581081124696,15000,1440p
1.2735147012480865,0.8843659013955805,15549.71667982544,15000,1440p
1.0037774230517558,1.2231384073815184,15067.669617971853,15000,1440p
0.8323195197617894,0.9590370899309761,18731.29661533719,15000,1440p
0.8186305942272024,0.7643561281132433,21196.91310511422,15000,1440p
0.874611815487608,0.8377943570743706,19594.9025048177,15000,1440p
1.3469255040589028,1.8819944038201073,10391.844008927741,8000,1080p
0.9791909242958796,1.376536306196334,14243.767939545794,8000,1080p
0.812759844936706,0.7759386412969304,21120.70496117124,15000,1440p
1.002316154012356,0.7904626005761954,18716.43777243492,15000,1440p
1.5582052224810836,1.2025521345864092,12154.067764811425,8000,1080p
1.1674065916497236,1.655278140992075,11887.41753975331,8000,1080p
1.166265639039074,1.1834635285003021,14280.127456194461,8000,1080p
0.9948081638719599,0.8698130992759465,17995.306962955285,15000,1440p
1.8397584375368978,2.114392062093448,8485.876297105242,8000,1080p
1.4556854485110267,1.554989076364773,11145.154257876558,8000,1080p
1.2580666019736952,1.510259811432812,12120.836559410738,8000,1080p
1.1458545731244623,1.145942073038673,14641.10354475644,8000,1080p
1.5864537436200339,1.0913817857868258,12530.4305031132,8000,1080p
1.8852816112379402,1.9070113402880198,8848.059057910654,8000,1080p
1.2531008020037369,1.2333166426694462,13495.091933128882,8000,1080p
1.8494819166796144,1.4756397352636612,10091.189289387365,8000,1080p
1.1808739963633115,1.402846538671676,12986.865856815904,8000,1080p
0.7163224479877169,0.8524440128025838,21389.054928606907,15000,1440p
2.1589272163093103,2.311470620640006,7505.916301824756,4000,720p
0.8843145001498146,0.7327065272337984,20750.77035596256,15000,1440p
1.2934697988641999,1.5745213498077144,11699.628855388242,8000,1080p
1.0422456726299225,0.8139407254162692,18077.081070801487,15000,1440p
1.0478542835140296,1.0308267152828439,16142.1747826728,15000,1440p
0.970620784706606,1.3818773589425704,14263.319225387628,8000,1080p
1.4492934806194044,2.018904719343136,9674.888822779048,8000,1080p
1.1786133941205188,1.088884546394853,14797.998886990621,8000,1080p
1.050763806693477,0.8344344901920684,17798.887287047644,15000,1440p
1.269446466229297,1.4789088265553445,12208.913486582935,8000,1080p
1.7582706013744007,2.146096310716734,8594.077543298466,8000,1080p
0.7234499930665914,0.8780422990688235,20951.97845458178,15000,1440p
1.351246146646218,1.152641937962549,13400.931218234895,8000,1080p
1.4209444181690614,1.7248907621402723,10666.303247553024,8000,1080p
1.309180117741995,1.3360824399344697,12684.726475497166,8000,1080p
0.8749622350582431,0.5969889627175919,22795.886202410657,15000,1440p
1.1624491764576284,1.0487485118829334,15174.777079828447,15000,1440p
0.7703083886275873,1.1005831783639266,17934.995588203536,15000,1440p
1.6818543466387619,1.4713602156428756,10641.341189202272,8000,1080p
1.578586019067118,2.3399101501102697,8563.08914219102,8000,1080p
1.5845667967144812,1.1086112510174702,12459.047046019748,8000,1080p
1.4254308222867256,0.9878668299595843,13903.975735760303,8000,1080p
1.0569157423845388,0.858404862271726,17518.963623336516,15000,1440p
0.9403526498303286,1.0321158859333601,17011.390241015222,15000,1440p
1.5982822367100296,1.874555110645634,9661.964740603093,8000,1080p
1.309562975121347,1.4715574275996017,12065.077070079937,8000,1080p
0.9723328015420227,1.3556340431247467,14413.621086086843,8000,1080p
1.393621768550752,1.43601651938449,11858.205390797253,8000,1080p
1.5799107334072895,1.5167527211702665,10835.672811134546,8000,1080p
1.2692526959749946,1.2609160344304395,13261.736893975147,8000,1080p
1.3820324203782988,1.0782987936807935,13638.176765900305,8000,1080p
1.1250586147453179,1.624642000398028,12202.940136539468,8000,1080p
0.6840700116619943,0.6191384592886738,25747.55516707363,15000,1440p
1.2712896033613688,1.2461511091375241,13328.787380534888,8000,1080p
1.060466422936566,1.2420073154590334,14573.209431427118,8000,1080p
0.9149389141957738,1.221433632208212,15706.264366896097,15000,1440p
1.1506719394019609,1.5380750496848699,12479.579572266102,8000,1080p
1.4349609211903118,1.635733166807479,10927.311884030352,8000,1080p
1.3854212309330132,1.3706313326111066,12174.815692502974,8000,1080p
1.008208143759605,1.1832681760004105,15311.336790385434,15000,1440p
1.2732629926009449,1.3274469656096048,12902.027730569209,8000,1080p
1.45505247584242,1.0227802262974444,13541.84726475774,8000,1080p
1.9016548332114893,2.4011323186245748,7798.301616123824,4000,720p
0.9916576714666595,1.3182968197963079,14526.014311933097,8000,1080p
0.7074291332582316,0.7972272506730553,22300.395198756774,15000,1440p
1.901320420394187,1.6183232512049186,9533.47416125081,8000,1080p
1.0385273009906277,0.767861279724753,18575.423006002122,15000,1440p
0.8742137805206077,1.168982182862751,16422.522656337238,15000,1440p
1.0488222489291554,0.7642382895931865,18507.066524842638,15000,1440p
0.9787712312027673,1.2065688058905826,15354.329958018645,15000,1440p
1.1827481028765952,1.5121206422188502,12451.230532495409,8000,1080p
1.312782877237527,1.027219843726567,14339.484180674537,8000,1080p
1.3670651139230896,1.5539406701826184,11487.287078506415,8000,1080p
0.9064578513814505,1.2375935860336156,15650.012595058937,15000,1440p
0.692754015369385,0.9617631861590772,20280.497518552256,15000,1440p
1.3296845809449735,1.2905330562212176,12805.971352932986,8000,1080p
0.7889145762509948,0.9287116795269246,19535.351120260486,15000,1440p
1.5836836254016167,1.3201123249698072,11555.368412063546,8000,1080p
1.444416915970265,1.0777141255519624,13304.000247246586,8000,1080p
1.5082099071321817,1.4852059646427227,11209.412068796295,8000,1080p
1.013076004582882,1.1974462587822496,15179.41373226401,15000,1440p
0.9289800965680887,0.8931045892237491,18415.40750638491,15000,1440p
0.6657870684547852,0.6378268369883816,25739.54746869096,15000,1440p
0.9714148484308927,1.421595025077049,14021.852718397755,8000,1080p
0.7295790658144206,0.6112985220856435,25024.232116929692,15000,1440p
1.6639825134729789,1.592862804947625,10302.740449544011,8000,1080p
0.853647214375463,1.21837881073474,16194.02053515007,15000,1440p
1.0499938316668702,1.1994017783243427,14917.087883945447,8000,1080p
1.3026003876927639,1.1745958842573316,13545.326375606614,8000,1080p
1.4257825712311702,1.1154510348220494,13203.993493582537,8000,1080p
0.9423173020438455,1.1319950524639375,16176.171311462002,15000,1440p
0.9102496016006414,0.7382505703460653,20354.52138314048,15000,1440p
1.746066989352768,2.2547163346382546,8386.965572163861,8000,1080p
1.4372309141533839,1.883220113020634,10105.383794368934,8000,1080p
1.5519977607371522,1.766077906496491,10112.61808504057,8000,1080p
1.064936612156666,1.119869481917773,15358.082390471747,15000,1440p
1.3151092526449586,0.9699475575699321,14684.287869781443,8000,1080p
0.9861713425008444,0.8103102528860625,18677.860149618402,15000,1440p
1.865540425447809,1.3070671515004155,10576.29447896499,8000,1080p
0.7160056587317056,1.071735927748274,18769.173494513754,15000,1440p
1.1131797638109062,1.367719513300854,13525.10854010315,8000,1080p
1.286891247036358,1.0197682550514842,14546.764257849349,8000,1080p
1.470558724161326,1.3626722209132893,11843.168682853815,8000,1080p
1.0031853063969893,1.1286320646250343,15739.824834954565,15000,1440p
0.6810074450701487,0.8802183992049082,21492.36263481197,15000,1440p
1.922197126174338,1.3723966988682978,10184.694618483287,8000,1080p
1.3027206302597825,1.441270043021421,12228.33310868231,8000,1080p
1.3661832009046277,1.5305237676381604,11583.64735003894,8000,1080p
1.5439590348919952,1.157075646783106,12422.806796094354,8000,1080p
1.3766439389981402,1.6821553920477337,10969.804936019444,8000,1080p
1.044310524793637,1.4997694980517216,13189.220346328548,8000,1080p
1.4210280817351757,1.919321780577556,10045.184900712222,8000,1080p
1.5546176062423536,1.2197280883034907,12094.538927129917,8000,1080p
2.2140452257134466,2.3231319856191313,7395.442240208422,4000,720p
1.213626883891366,1.2354372217294456,13700.920250715246,8000,1080p
1.0625309229659732,1.2723611386669251,14370.870735897672,8000,1080p
1.2632660052103537,1.5367669004825508,11983.584882798554,8000,1080p
1.4489432548694456,1.8673238283324658,10118.133177501082,8000,1080p
1.2987376997809332,1.0693312992647308,14169.533072525546,8000,1080p
1.7891774851376685,1.7445816463133872,9495.39307910374,8000,1080p
0.7797397407199252,1.042396699247747,18414.88445321653,15000,1440p
1.2181310744730183,1.6343330103777662,11763.314454406274,8000,1080p
1.1879400219091765,1.4802753751573499,12575.608414856693,8000,1080p
1.081916409700918,1.3760695180698657,13651.189626798008,8000,1080p
1.3278442719941161,0.9843412583133959,14511.998090195377,8000,1080p
1.1215324393939787,0.9797697868555608,15968.39882470826,15000,1440p
0.7099408784773832,0.9671193655285407,20007.887086900304,15000,1440p
1.538221572216116,1.3458110145405293,11634.553698900809,8000,1080p
1.3849132752869273,1.6732581885813758,10972.057125128214,8000,1080p
1.2083578190434618,1.6536315747193244,11724.16364404638,8000,1080p
1.5097555014659083,1.2975280558649753,11952.633681188576,8000,1080p
1.2664535286005576,1.738779501858634,11165.334488178765,8000,1080p
1.2047526354579952,1.2774748979829593,13517.87116529387,8000,1080p
0.7207291326815728,0.8147429593610753,21852.843938936287,15000,1440p
1.3189574957226282,1.2587971036214143,13016.922560641942,8000,1080p
1.1882172888355755,1.1306059194630411,14470.457204290185,8000,1080p
0.9582397608789207,0.871199540061396,18341.374858817835,15000,1440p
1.1757797836586945,1.2518741187337377,13821.752749406493,8000,1080p
1.393350840894087,1.2848914633568131,12528.527365407708,8000,1080p
0.6438982483994257,0.9015924980478948,21711.18272764355,15000,1440p
0.7896179443530186,1.0047371919344972,18699.99495719863,15000,1440p
1.412309179999451,1.9522736952402235,9972.835636456053,8000,1080p
1.163139378163637,1.5518870753702276,12358.786396473493,8000,1080p
1.4308988528277535,1.0180764062641836,13701.417307270694,8000,1080p
1.3321876784273976,1.1708182513546208,13405.654217895595,8000,1080p
1.2862935908339839,0.9834078646801687,14783.632410544917,8000,1080p
0.9515287738994682,1.3287728284321685,14714.909626731032,8000,1080p
1.662706081322527,1.13552900427235,11991.284139326222,8000,1080p
1.439046934358666,1.11160922676432,13155.215709367458,8000,1080p
0.950552346769553,0.8522812509956427,18612.051628943624,15000,1440p
1.2897910366944791,1.433455058283473,12321.483564000726,8000,1080p
1.19538408224314,1.580067497346119,12089.71983037288,8000,1080p
2.3151837344315065,2.1813354870249904,7462.312590566702,4000,720p
1.8245852524215578,1.3039726925831743,10725.207136909607,8000,1080p
1.7669268213793188,2.054397337427119,8780.838946277845,8000,1080p
1.3870254129447728,1.5551182540086421,11404.756462741183,8000,1080p
1.046244172003287,1.4535409774024588,13422.926369482848,8000,1080p
1.1873625132245562,1.256396498118881,13730.663229985887,8000,1080p
0.8170487882950209,1.0532637884586986,17940.547701518455,15000,1440p
1.2653462953978094,1.1334365164111233,13988.10756639383,8000,1080p
0.9246991988566908,0.8836510124203591,18555.273083029635,15000,1440p
1.1497187350401707,0.986059192507666,15710.637125333085,15000,1440p
1.9819386690195275,1.6137956463281402,9331.732841544956,8000,1080p
1.8860204164190493,1.9202497203615496,8815.567680222732,8000,1080p
0.8800511865469443,1.1628993399820737,16424.495632309376,15000,1440p
2.0867791956757493,2.0510788792689,8109.130712620888,8000,1080p
1.5234943919058916,1.7520530685242401,10243.915682905039,8000,1080p
0.7597561696243958,1.1375863965841129,17684.962429874948,15000,1440p
1.2528689815074476,1.0523920906213289,14555.588694782586,8000,1080p
1.542539272155682,1.053714397312032,12924.173163279285,8000,1080p
1.5087125200839353,1.5386259847806805,11011.06160225896,8000,1080p
1.1106556013831834,1.276704019037613,14055.038760388217,8000,1080p
1.21051624727731,1.1355361714989483,14302.507365757228,8000,1080p
0.8743546906159525,0.9687676563197243,18205.21142060192,15000,1440p
1.4615823175232514,1.8980576922829948,9987.508156248894,8000,1080p
0.8199876751173347,1.1183501243397316,17310.931051026655,15000,1440p
1.1988961856152307,1.7121466152294516,11526.602078905775,8000,1080p
0.8181019977075967,1.2004261555244844,16623.217241866263,15000,1440p
1.1375212564457429,1.2498593471562098,14054.91522774997,8000,1080p
0.7393730640761206,0.7574405705522279,22417.2410136626,15000,1440p
0.9895309357850538,1.0772890500473742,16234.811076923901,15000,1440p
1.499448774773452,1.9883113695384613,9620.624874311656,8000,1080p
1.039850576585065,1.0693769347902768,15908.398605193857,15000,1440p
0.7013619912216439,0.8192322338602266,22066.657525411414,15000,1440p
1.1752843944345706,1.543066059545308,12343.674065598745,8000,1080p
0.7417525990353193,0.6680401436310401,23800.96803203715,15000,1440p
1.4846342620183073,1.5936900241081222,10900.22651324458,8000,1080p
2.131967935182109,1.5042528195464846,9227.831384099916,8000,1080p
1.454270530779952,1.0481743767122615,13408.659627046916,8000,1080p
1.008931853338843,1.1926628068246308,15240.967198525319,15000,1440p
0.9077064431218371,1.1646684727820977,16191.294221183007,15000,1440p
0.6320411291102653,0.9093674359456608,21768.68142599335,15000,1440p
1.570239166303226,1.2448381384082154,11919.541940763678,8000,1080p
0.8776482312695452,0.8162885680133222,19808.550126666683,15000,1440p
0.9462808944438977,1.2723429137679738,15123.984460909407,15000,1440p
1.1107038129669111,0.8425812274791071,17178.461568690505,15000,1440p
1.1745878492616766,1.4508183390310119,12780.663102580927,8000,1080p
0.7703483745340584,1.09405202099838,17997.438790725788,15000,1440p
0.9831380498952473,1.4086519869299599,14029.004002600153,8000,1080p
1.3001209847524677,1.5476717968171174,11782.610103220428,8000,1080p
1.0216842431871593,1.521168596220566,13195.5854778507,8000,1080p
1.0496066089155163,1.377698755721881,13823.737420451227,8000,1080p
1.5076631070658466,1.0333483798813676,13205.14770293797,8000,1080p
1.7070874882301537,1.3112831279041113,11116.73689792752,8000,1080p
0.9396365415579164,0.8428049802909947,18824.983366183187,15000,1440p
1.3928788098499858,1.189237971395273,12994.932004515284,8000,1080p
0.6848097560831853,0.8193084402429581,22308.37448942362,15000,1440p
0.9789964874832487,0.6761390606404755,20272.920872273928,15000,1440p
1.9103134595406615,2.0550401043370123,8461.901684042394,8000,1080p
1.184124844635654,1.0794387128591718,14823.719832782606,8000,1080p
1.1041861918928035,1.0189378841389638,15804.272759562424,15000,1440p
1.0522649242077158,1.1393843572875824,15310.128442223564,15000,1440p
1.3237448874413973,1.4020852423097772,12309.80303349387,8000,1080p
1.0407411022374973,1.1290488475284048,15464.368799210346,15000,1440p
1.0001710753707527,1.029905106894026,16528.65655640876,15000,1440p
1.5024069594812257,1.0417585227746562,13188.777315793026,8000,1080p
1.5541111122585536,1.0725854894026428,12774.38436505352,8000,1080p
0.8038425188119813,0.9953825223860289,18649.380278554734,15000,1440p
1.1266274958341724,0.9697122151461746,16006.199674721789,15000,1440p
1.2889480754480362,0.9785550366466986,14797.965136639741,8000,1080p
1.089520983292565,1.5460720702721922,12731.26439402932,8000,1080p
1.7647810423701584,2.2906003924153744,8274.050798818265,8000,1080p
1.5887659463963104,2.0522849944579304,9215.589824219176,8000,1080p
1.4732019902296243,1.3063989601839705,12071.672372614212,8000,1080p
1.3018870879005766,0.990740768841847,14635.795295481239,8000,1080p
0.9583740938885923,0.668056137026616,20630.723262637952,15000,1440p
0.7704024409037338,0.9100963436940246,19966.9480915641,15000,1440p
1.1735470122639573,1.2109976710685169,14071.630628077246,8000,1080p
0.9410654828160097,0.9461837223501774,17779.544910204513,15000,1440p
1.3385686746135064,0.8996645074169041,14991.481794386204,8000,1080p
1.5982577291017224,1.4803273913663233,10899.302987243254,8000,1080p
0.8938115990869698,0.7786536686477666,20062.85729655101,15000,1440p
1.0427928763205196,1.0610109572850916,15949.410997361205,15000,1440p
1.438050127722825,1.6851765887368517,10743.51465526509,8000,1080p
1.2971276925973017,1.0387290029606253,14364.936027030295,8000,1080p
0.895308178487213,0.7297929094159961,20647.596786298196,15000,1440p
1.0878120699864495,1.3103050039283675,13991.99078518044,8000,1080p
1.1175716327540672,1.1244159594155065,14966.377207970781,8000,1080p
1.5954283144662589,1.2357515237573384,11851.748711609036,8000,1080p
1.2796871331126431,1.0834208674015375,14199.279928255079,8000,1080p
0.8294351903501004,0.7737944736909362,20929.273423886156,15000,1440p
1.2461094229741267,1.3793176461695291,12780.561453929307,8000,1080p
1.0923591670706452,1.2476295148770304,14339.570211968363,8000,1080p
1.667174945111606,1.907548452591544,9386.581356632956,8000,1080p
1.5857955032600646,1.1930181860675695,12075.092378042402,8000,1080p
0.9850948021903776,0.8318305027078672,18467.70030090983,15000,1440p
1.6931303109195284,1.6569393117120508,10016.040196096581,8000,1080p
1.7677526791159632,1.2031564367824652,11294.331361547844,8000,1080p
0.7366226365006374,0.9497772036179308,19897.07968523102,15000,1440p
1.598833316834231,1.1262889559932237,12313.000533801938,8000,1080p
1.0406899400556147,0.8789632077470868,17479.42436288947,15000,1440p
0.9570065240613163,1.2953502142611009,14897.476687015285,8000,1080p
1.8201119858340924,1.3164180049660636,10697.947125778948,8000,1080p
1.08750187761932,0.8360205017721778,17444.263898096615,15000,1440p
1.1482659995017923,1.6529049711141246,11978.716169767426,8000,1080p
1.4284685879727972,1.186291253713521,12832.701292505695,8000,1080p
1.1834662540922967,1.157267459932104,14335.006070515466,8000,1080p
1.236817211672411,1.112083119642803,14285.166361746797,8000,1080p
0.6628027925326748,0.9524944222787374,20772.915159095053,15000,1440p
1.0215594158876788,0.9155832950955927,17321.610746462844,15000,1440p
1.5173954451994258,1.4277775710041083,11393.02574598936,8000,1080p
1.4094417126934737,1.1333950985242898,13195.668653204211,8000,1080p
1.247916759236038,1.1993811273664226,13710.808228001622,8000,1080p
0.9907262436617763,1.207850554278376,15261.887613585828,15000,1440p
1.3217092163282542,0.9768745892832249,14597.87192360981,8000,1080p
1.1254956186818112,1.0312488140289322,15557.908248696162,15000,1440p
2.1957594918962187,1.5125902407214342,9048.346142992983,8000,1080p
0.7636366760426235,1.0881565258592922,18119.967156989962,15000,1440p
1.4976176090546862,1.248725047235919,12217.860696713231,8000,1080p
2.0866570195950693,1.7188889938967602,8817.245115691476,8000,1080p
0.7875416592107698,1.086209700297282,17907.622497367858,15000,1440p
1.5758725796946267,1.2684417151324994,11797.019781191024,8000,1080p
0.9109615798965304,1.229318809519489,15677.586995578375,15000,1440p
2.155561398160815,1.8696466710708872,8336.073917889315,8000,1080p
1.144918154753653,1.5487904074546783,12456.593289547149,8000,1080p
1.2402708774061133,1.2909074687223128,13256.447160795016,8000,1080p
1.668528862022763,1.8019174081099651,9668.621666549156,8000,1080p
1.200149023863819,1.551522140218406,12194.201268664867,8000,1080p
0.7342647329680617,0.9312228944725361,20146.911599435927,15000,1440p
0.8603396094737991,1.2854924216472785,15637.026343795267,15000,1440p
1.343858559558655,1.9389283990396278,10221.324875229615,8000,1080p
0.8053802001910452,1.0235053900526543,18346.927866345573,15000,1440p
1.0596713160694624,1.3805421113380798,13750.613623845144,8000,1080p
1.4915129875737516,1.3004247508846245,12018.331045780322,8000,1080p
1.2546211008294692,1.1699400747764128,13839.383529522602,8000,1080p
1.914979216007768,1.3152261313471356,10387.708641333435,8000,1080p
0.8911894069598373,0.8887635614571433,18851.30258797904,15000,1440p
0.9668984568638254,1.0458784709616706,16670.715734132813,15000,1440p
0.6059908198673424,0.6811490138901529,26068.987315889295,15000,1440p
0.6771105620921967,0.8976260346362812,21307.964817550746,15000,1440p
1.7984973253141452,1.3004294174688003,10827.759022746997,8000,1080p
1.1179010964192448,1.0206277890111863,15690.427297289629,15000,1440p
1.9784544901418415,2.2137491492372248,8004.008127088492,8000,1080p
1.4239692849835928,1.5448038964683324,11302.457260675495,8000,1080p
1.028935421857822,0.8747806885126352,17625.75408025013,15000,1440p
1.8713105818384816,1.6917446494484678,9417.320199069825,8000,1080p
1.3130251627948133,0.9203234917364527,15024.26946725091,15000,1440p
1.0171636786019669,1.296076801086506,14505.379918182489,8000,1080p
1.1897212080252038,0.8372157057449843,16554.255720562778,15000,1440p
1.5446261873129783,1.2981033083809839,11803.596526094632,8000,1080p
0.8662560625047908,1.269071557272763,15713.950257195429,15000,1440p
1.5202558597956635,1.15273656065156,12553.13398695906,8000,1080p
1.5094110520084714,1.6033002064400792,10779.808730709037,8000,1080p
1.2052087129050713,1.0919775255971658,14606.7530083575,8000,1080p
1.0226552092880898,0.9715465440342399,16825.9966395569,15000,1440p
0.702924598109966,0.6620152146612325,24583.0854122977,15000,1440p
1.2030902475277276,1.570072729934962,12099.697086934533,8000,1080p
0.9805739141243326,0.9952564369694714,16982.445877210324,15000,1440p
1.2538122314316242,1.2684050642377194,13303.545280421748,8000,1080p
1.08381100074684,0.8054641979779285,17760.47873949159,15000,1440p
1.6605685202706661,1.2002532549808071,11728.94875531017,8000,1080p
0.8926752757491649,0.9246654597921444,18463.478721289735,15000,1440p
1.2393182235290012,1.1415793926648983,14093.185600160365,8000,1080p
1.0725096757916057,1.1202111960463175,15302.646329021765,15000,1440p
0.7853965038649012,1.0063832732979967,18726.872815324463,15000,1440p
0.8432404365506355,1.0542148707759358,17683.911642312505,15000,1440p
1.349477685908436,1.2193531860021931,13062.141368241611,8000,1080p
0.9060337153501176,1.0240564197406763,17384.90415030361,15000,1440p
1.0419194978223063,0.8751329725335053,17503.136987049802,15000,1440p
1.6388528128102278,1.7313017885358721,9956.347992640385,8000,1080p
1.0554731894465443,1.0833285231203722,15688.425814718992,15000,1440p
1.4347346866244248,1.7165599882477431,10647.82429506093,8000,1080p
0.9699686960487948,1.319436667798008,14656.396167264907,8000,1080p
1.3178825742345377,1.1757673871381376,13455.951123761311,8000,1080p
1.0527311972486897,1.517868295052007,13053.154371383092,8000,1080p
1.6897701656689954,1.4747423843816934,10603.349321355205,8000,1080p
0.9941308781022088,0.7596713578621409,19132.392074725394,15000,1440p
1.9612134825989633,1.4116754543630026,9948.276574509211,8000,1080p
1.6059951311183325,1.2135897097353803,11900.48673613964,8000,1080p
0.840380051926231,0.6728884121819123,22173.482627734247,15000,1440p
1.2316880067918063,0.8277097155714994,16293.322866014387,15000,1440p
0.6701969848544689,0.8817282050149493,21621.1659035081,15000,1440p
1.4691453125762188,0.9936567231935132,13624.494178848114,8000,1080p
1.2612078105484963,1.4583560253548378,12338.166715198475,8000,1080p
1.536002542672724,1.7133145540198633,10326.610485062956,8000,1080p
0.9690720861336126,1.304843997900582,14756.231435097856,8000,1080p
1.3772048051670769,1.1390087480762663,13335.287840234818,8000,1080p
1.453187150915437,1.2793426097221225,12279.621793458897,8000,1080p
1.4348340526461294,1.2099330363791057,12687.102822489727,8000,1080p
0.7937205219789373,1.1644147190520027,17135.911400243174,15000,1440p
1.232845103875846,1.5825983001642179,11917.99201214649,8000,1080p
0.888424375629421,0.7730120218117276,20196.037628451297,15000,1440p
1.328613838095502,0.9333256918300699,14834.362968626352,8000,1080p
1.0186709770066296,1.4108551970754153,13811.101258325802,8000,1080p
1.7561560716217162,2.2474498794660045,8381.052583579998,8000,1080p
0.9992135673118999,0.8550915689386746,18095.42094449861,15000,1440p
0.931180323015536,0.8799033831797272,18527.267340111724,15000,1440p
0.9491853254032684,0.9491130551863497,17676.057854286257,15000,1440p
1.648936948919181,1.3897604939822523,11042.373461163443,8000,1080p
1.7797154354104054,1.5652563450396202,10031.304956326316,8000,1080p
1.849006459002483,2.005377696382827,8705.523540801727,8000,1080p
1.0141039397750788,1.2452273456426155,14851.488233075397,8000,1080p
1.7788718233284875,1.3365238393025842,10770.52022716819,8000,1080p
1.2213563007214463,1.306605977013606,13273.31198551877,8000,1080p
1.2874618802292006,1.3834499471925352,12562.912656083638,8000,1080p
1.1774382461342119,1.6577354479249575,11835.053376204092,8000,1080p
0.9993553903403996,0.8459428081121296,18183.74505981679,15000,1440p
0.9359367560976817,0.8360257361912062,18936.31052915624,15000,1440p
0.9691948111660028,1.4299255419828238,13986.139526497731,8000,1080p
1.518970301479217,1.078185699171228,12919.682911460248,8000,1080p
1.0465249029333965,1.12739577121463,15434.984541535858,15000,1440p
1.194492663832836,1.152813901115784,14294.865656260998,8000,1080p
1.0809256480813274,0.9746691555400999,16323.466055122222,15000,1440p
1.003720679170448,1.3935041295374575,13997.198709989032,8000,1080p
1.0553042022964758,0.9335748518113467,16871.026888586723,15000,1440p
1.1842225485291182,1.3418799760014926,13283.083989726401,8000,1080p
1.3364650066872166,1.546221241018956,11639.987538255376,8000,1080p
1.242626097857768,1.1686104718818997,13915.860609074434,8000,1080p
1.6506197374926934,1.2717687360974343,11481.85202043953,8000,1080p
0.961597578427072,1.0256122577676103,16885.19822559531,15000,1440p
1.4716809116173082,1.0114711194995463,13512.8383520312,8000,1080p
0.834188923140877,1.1035045357855597,17316.68744889636,15000,1440p
0.8963134109304608,0.9372896113087851,18299.7255092994,15000,1440p
1.713090837027095,1.1738232538669262,11622.940947857871,8000,1080p
1.288255305678877,0.9135227859464152,15239.697464348481,15000,1440p
1.8937565363981204,1.4658856286575168,9987.501749146646,8000,1080p
1.5402369739063608,1.117822544694054,12623.65713227817,8000,1080p
0.9189604548637634,1.0508908174533333,17033.99260215752,15000,1440p
1.6895400556179718,1.6708978867232063,9985.136632704192,8000,1080p
1.5748603214727583,1.1558203320063911,12287.937059666216,8000,1080p
1.5113674074342354,1.3217768479124554,11843.53106506183,8000,1080p
1.1220279117039975,1.6362869944142504,12164.830029222752,8000,1080p
1.5413744740043718,1.779106094056145,10105.293891118612,8000,1080p
0.9116516349403166,0.7805242209895088,19829.163666658238,15000,1440p
1.4042802324757242,1.2253236908415672,12760.26085239122,8000,1080p
1.0184697780704544,1.2463151986888268,14815.72526501549,8000,1080p
1.086935841867776,1.5372690506453335,12786.513772507335,8000,1080p
0.9321999037509363,1.0521490579040964,16909.541944686058,15000,1440p
1.7545406639977517,1.6468961566025093,9864.781787738324,8000,1080p
2.2541490981504504,1.5592517473290397,8799.083379806858,8000,1080p
0.927303246519989,0.8580551487833336,18794.227583811982,15000,1440p
1.8004379399789852,1.6463778642880091,9734.907202891784,8000,1080p
1.923199830215509,2.0371785184415274,8472.531926495938,8000,1080p
1.1990891562609831,1.2807161031990937,13531.0754229571,8000,1080p
2.1928376274460804,2.7195519705310143,6830.572235927216,4000,720p
1.2910093407236174,1.8156584491916814,10800.778927480636,8000,1080p
1.228420004661229,1.4016068651632474,12758.208817174316,8000,1080p
0.6971946209943832,0.9382398199859984,20517.136706430967,15000,1440p
1.0466838652423118,1.1880776813988208,15014.770614087496,15000,1440p
1.1956984103081147,0.8548217930306081,16363.863153050428,15000,1440p
1.0325779034096423,1.4324909932469747,13611.965185033981,8000,1080p
0.8415417819820342,0.8786819618459322,19505.853305647466,15000,1440p
0.9540342302290103,1.2533185309298627,15201.209607468327,15000,1440p
1.7412609935778693,2.113268033681226,8705.19634505389,8000,1080p
1.3456491038867011,1.3117416412892984,12626.83407056785,8000,1080p
1.1408180461906745,0.9538812235769305,16018.734757912373,15000,1440p
1.0418690015170844,1.4401681651216514,13518.907956338391,8000,1080p
1.2604835740274445,1.1540414569507895,13896.90790921541,8000,1080p
1.0778591382648268,0.9028989857788068,16940.19658064057,15000,1440p
1.3287582571159637,1.1802507280246406,13373.579847152128,8000,1080p
1.1108684707412801,0.9148984725818599,16563.81653901219,15000,1440p
1.6298163515549606,1.3547180444614475,11242.769406439611,8000,1080p
1.1822888880561937,1.376127897515186,13115.311074112647,8000,1080p
2.6588866964008058,2.073008012168289,7091.119745170053,4000,720p
0.6832626277952268,0.7898228856285349,22778.332754092746,15000,1440p
0.7936651153490645,1.0898708882541097,17814.595492632427,15000,1440p
0.64612168991335,0.8867728419265035,21889.58946818498,15000,1440p
1.1788813985271003,1.3404246030549385,13318.918773237136,8000,1080p
1.3741304162060841,1.7219281780521423,10837.789718265713,8000,1080p
1.201013009562726,1.601263910451993,11973.988637719556,8000,1080p
2.3698573827996854,1.5824673825341895,8489.796257207488,8000,1080p
1.4735149637551836,1.4453338433781202,11495.775977843436,8000,1080p
1.5562313418946534,2.165260344733308,9016.393109399532,8000,1080p
1.263863538537323,1.187849401668966,13686.117754542955,8000,1080p
1.6294929217781655,1.4541221344125386,10881.5242462368,8000,1080p
2.1656738763777903,1.7737064251395336,8517.692995285553,8000,1080p
1.318846979917517,1.8621351007522962,10548.450493922464,8000,1080p
1.0401336504569976,0.7415615534758964,18832.868790314038,15000,1440p
1.9231100107831935,1.4157224674530628,10049.75009040441,8000,1080p
1.8604290330472937,1.4074123556435834,10268.072408937254,8000,1080p
0.9751290271249798,1.0602234612314017,16485.80881786053,15000,1440p
0.9434562305674529,1.106113528340218,16371.451546925151,15000,1440p
1.3215565072307056,1.6553378640537484,11271.62331444166,8000,1080p
0.7694654195466043,0.9285584192831183,19760.872157793554,15000,1440p
1.616906597391885,1.5844150806995358,10481.430913248505,8000,1080p
1.826016500321665,1.5138480474497387,10046.644562992806,8000,1080p
1.5974291066860153,1.1733961428195487,12109.905525795095,8000,1080p
1.8714029348161023,2.063428597317002,8527.539673803993,8000,1080p
1.2299805605481404,1.424232777091022,12641.949885552753,8000,1080p
1.799952056728744,1.5897380511060024,9898.967437301748,8000,1080p
1.2648598266948516,1.4237162346584098,12480.372968548561,8000,1080p
1.0799304785966604,0.9798999492610829,16289.900152070843,15000,1440p
1.0619743354567273,1.2547118764799035,14483.805284941984,8000,1080p
1.4320723909053241,1.4797367332594031,11523.568533918007,8000,1080p
1.3461258598865964,1.3515604498277805,12438.22600098847,8000,1080p
1.0582581966668585,1.1182986648643787,15416.290101602954,15000,1440p
1.3943162029027492,0.968805918501511,14199.195080134341,8000,1080p
1.1069191904701883,1.1400140636324563,14933.435133746596,8000,1080p
1.5707690989763432,1.51935430069804,10858.605841933608,8000,1080p
0.9201797484543697,1.0328045532365935,17181.1068685741,15000,1440p
1.2763135814960238,1.3830689832071474,12617.376847300344,8000,1080p
1.304290511267727,1.217300225329663,13306.85091478327,8000,1080p
2.176527199866345,2.0747209078868254,7892.842560471934,4000,720p
0.7595790919639953,0.8811169439743474,20451.33971498239,15000,1440p
1.3359141481000174,0.9228615999855192,14855.140900303903,8000,1080p
1.0744124057086528,0.8977364010742621,17014.148163969414,15000,1440p
0.9573049140793978,1.4189919770250166,14120.471278487914,8000,1080p
1.2072111918390225,1.2038553616098344,13916.841885597394,8000,1080p
1.3929083426870748,1.2689666138923543,12605.562825955665,8000,1080p
3.277362806611506,2.1855201198915384,6142.257202183756,4000,720p
0.8690063554142415,1.2352650328967834,15945.867147360766,15000,1440p
1.5386788762324703,1.8432134850114934,9921.791830079907,8000,1080p
1.1501361769805925,1.3803256413456622,13260.200868074826,8000,1080p
2.344326510599582,1.6188662368564595,8466.515291626547,8000,1080p
1.9429500396931472,2.375691635585814,7769.672624629726,4000,720p
1.316427751939325,0.9136385232098592,15046.383317803107,15000,1440p
0.9930687780491197,0.9210970597139118,17529.532362364702,15000,1440p
1.6787901221726587,1.7325837177724936,9836.046582493429,8000,1080p
0.7406299097039637,1.0344459455488664,18903.097521553933,15000,1440p
1.3326048105565853,1.323221033260416,12634.274223258164,8000,1080p
1.7199724899069093,1.3374891589751392,10974.604378854294,8000,1080p
1.176429949515882,1.280714315497979,13655.865663960401,8000,1080p
1.5169246861035335,1.5890942895062947,10803.035095241812,8000,1080p
1.0427212665799006,1.3403770657051988,14080.17098808735,8000,1080p
1.8461980638048707,1.595467277301063,9749.475522572955,8000,1080p
1.106750359824778,0.9341861648550764,16440.703370362495,15000,1440p
1.3276274917523017,1.9619183525927704,10200.32356675682,8000,1080p
1.7562201720561326,1.2331389854725796,11224.623817948754,8000,1080p
1.2348811454507975,1.6567442689171534,11604.003697461727,8000,1080p
1.2030272295505315,0.9978680609069737,15245.810259798849,15000,1440p
0.9773060569957144,1.295645987342804,14762.490076980537,8000,1080p
1.4580501805513468,0.9875314656388601,13720.430087571192,8000,1080p
0.8405311280584714,1.2300496016214089,16205.324196747279,15000,1440p
1.2372196074537471,1.596951255700697,11839.241040906678,8000,1080p
1.4023580537375466,1.9753732811783211,9934.01448278176,8000,1080p
1.2429341853629645,1.1681099674712265,13916.971184686372,8000,1080p
1.363983182875037,1.8128522325429155,10562.219193714665,8000,1080p
1.4910220880395828,1.7386643387548224,10389.377656487888,8000,1080p
0.8269011908460764,0.6899611770189464,22120.946969781915,15000,1440p
1.416463501228684,1.2021693372728757,12813.721536922525,8000,1080p
1.8989810698955567,1.3287814472038184,10395.570250984154,8000,1080p
1.9175738341954487,1.4063806712510987,10094.73262796424,8000,1080p
1.1518271755119955,0.8535445893681479,16732.27507619041,15000,1440p
1.0015870475186,0.8367094915940096,18253.002867642637,15000,1440p
1.485117747591651,1.4433239660188995,11458.118440277878,8000,1080p
1.1566480444411251,1.6561715629008114,11929.109109029687,8000,1080p
0.8437486013451372,0.9679956773123606,18520.512191082413,15000,1440p
1.0966303915489402,0.8812888498204914,16964.51063227853,15000,1440p
0.9430433776173305,1.3344283196032558,14733.193848665447,8000,1080p
1.0835057515868272,0.8731818964578337,17148.58885807927,15000,1440p
1.6725480926108858,1.236425260645133,11534.802119257114,8000,1080p
1.1963119850377677,1.2942967967717622,13472.381630173697,8000,1080p
0.7262818823221205,1.048520372526255,18906.011589931528,15000,1440p
0.9981649317426758,1.430466288871028,13816.190665423856,8000,1080p
1.6382681197809976,2.000302015346733,9221.873085819214,8000,1080p
0.7047605709209753,1.0514343405793465,19106.32571605299,15000,1440p
1.2481203366695988,1.6717491503224118,11491.7574739161,8000,1080p
1.0913360625125523,1.5583595716999301,12663.504278283923,8000,1080p
0.9494131833667825,1.280116883422123,15050.002016042323,15000,1440p
1.4997025514843845,1.2872069286248236,12040.015020037585,8000,1080p
1.4207617087420112,1.1968212993745884,12818.860718439277,8000,1080p
1.829314514718902,1.3273607202412114,10629.675054432382,8000,1080p
0.7910493103787023,0.74131887162108,21897.10827603491,15000,1440p
1.3071573320358967,1.891819592482968,10489.113485883205,8000,1080p
1.3703291158739532,1.14977845970575,13314.682406873617,8000,1080p
1.3238732759496552,1.474642483099453,11990.08148926818,8000,1080p
1.3689327079083429,1.4926940630188665,11725.649319784587,8000,1080p
1.735841723823718,1.21677759727371,11364.293310770758,8000,1080p
0.9152630730212034,1.3073873006948475,15096.585768413193,15000,1440p
1.1340875209049872,1.072621909918555,15205.641273521685,15000,1440p
1.3502904928733022,1.3045559007798142,12638.93537502503,8000,1080p
1.7209633808901663,1.8993612569140081,9268.348934683294,8000,1080p
1.3746127659645977,1.2242965756381674,12910.96671317775,8000,1080p
0.7241854245822804,0.774637711909273,22387.185774663343,15000,1440p
1.225861501699199,1.7980450334940652,11096.385291503551,8000,1080p
1.2055541506637986,1.084294375537533,14653.559663906684,8000,1080p
1.6176342525600127,1.4406205961478609,10971.757966533396,8000,1080p
1.1301742915256714,1.5346983257477929,12591.383086194512,8000,1080p
0.8745986336998864,0.6680999743074839,21750.477913077684,15000,1440p
2.5010953348253224,2.8023730068737613,6326.884566496741,4000,720p
1.3832075867038665,1.0650969505950991,13705.170859593365,8000,1080p
1.2949725754162902,1.350406856511718,12684.166057624794,8000,1080p
1.7050605517734427,1.6341592894436452,10048.584278826633,8000,1080p
1.7152957659424473,1.3732941634235527,10863.99708843439,8000,1080p
1.0536476534300128,0.7867590135325147,18232.07479213245,15000,1440p
0.9678239851327697,1.3395067940155188,14542.53213420316,8000,1080p
1.6644884248886822,1.5166457639657083,10547.946112290167,8000,1080p
1.262690347911507,1.2562787460698555,13320.700154746823,8000,1080p
1.4388645903087458,1.849348911217924,10204.456609773413,8000,1080p
0.751414031657368,0.6561253273643771,23839.071912930867,15000,1440p
1.4673446128103274,1.0070492711226533,13560.667207383392,8000,1080p
1.6665476683431109,1.2977041211927676,11319.696969889901,8000,1080p
1.0053931063678416,1.2895612930034777,14620.958050056208,8000,1080p
0.8094359776923741,1.122313621301974,17369.969698696015,15000,1440p
0.7048787245528227,0.8928604882121203,21001.19452030779,15000,1440p
1.7571006011257846,1.5871985495515224,10033.32252535015,8000,1080p
1.0316353121888053,0.8145599248913216,18174.909850308373,15000,1440p
0.9761567698171081,0.8627895937834571,18246.552843608828,15000,1440p
1.0765267426469485,0.7510298774046091,18360.269461338707,15000,1440p
1.7228219432108731,1.5416224546592483,10278.757396478404,8000,1080p
0.7804139966299402,1.0690217893827607,18143.064092180146,15000,1440p
1.5055663273233866,1.5342756718349966,11038.215805061562,8000,1080p
1.5414076761794364,1.8347944625280261,9938.51393413485,8000,1080p
0.7734249757630871,0.8683983400203654,20437.297775850107,15000,1440p
1.6331265321091475,1.320143488445711,11361.789394962203,8000,1080p
1.0761252734427418,0.9877172287999156,16258.232865898612,15000,1440p
1.0644024697698886,1.2709876040640644,14367.806207600473,8000,1080p
1.0327649907690661,0.9511569515926261,16913.18155393567,15000,1440p
1.6206684041970727,1.2953962251344853,11506.751826584721,8000,1080p
1.0524353655488923,0.9988609709781466,16357.671684243123,15000,1440p
1.0719733011963362,1.097418732852673,15467.205315294323,15000,1440p
1.0505467114133398,1.1245407175969613,15426.704946415784,15000,1440p
1.2430898815200162,1.4220089731220187,12590.31421725889,8000,1080p
1.9759549062668231,1.66517673828788,9215.385565688213,8000,1080p
1.8395328242212126,1.6778918706310357,9539.488378843453,8000,1080p
0.8574592524053688,0.6406199733099929,22398.302722592733,15000,1440p
0.6443155415247256,0.7178957855867832,24632.324905967605,15000,1440p
0.9339178494280596,1.3054165747021922,14984.109402521422,8000,1080p
0.9052055315028658,0.758042701918638,20174.03736000035,15000,1440p
1.6003821005580547,2.0925514689666,9086.118493141224,8000,1080p
1.0228838255144312,0.896074437157971,17485.753938843376,15000,1440p
0.8213895119892058,1.010622165903576,18315.621240250504,15000,1440p
0.9748255653536321,1.2312634307780246,15209.917668252361,15000,1440p
1.5910620384725036,1.1737637873514999,12136.182932970016,8000,1080p
1.341100962554165,1.999816032983439,10043.479692796314,8000,1080p
0.9437868334204291,1.388368984602298,14387.731617541951,8000,1080p
1.4751967370918737,1.9413796091352191,9821.068988273593,8000,1080p
1.2918433722648328,1.038207075042648,14400.731983624753,8000,1080p
0.7907128569011865,0.7646421498329343,21573.48763126201,15000,1440p
1.050074179733186,0.8509271856833678,17650.924723374643,15000,1440p
1.4230922031083006,1.1684936266567492,12947.45156213561,8000,1080p
1.7620431256191005,1.5408057818149132,10159.239172120795,8000,1080p
1.3171384885312993,1.5408646343047825,11740.51621283847,8000,1080p
0.9230325097815423,1.1642443290848403,16075.69795016922,15000,1440p
1.34789711236418,1.314631987062948,12602.465831160154,8000,1080p
1.9675650963107851,1.6583589252588808,9254.036157512825,8000,1080p
1.4944070114612882,1.3351206164606388,11858.669153424446,8000,1080p
1.340779186356694,1.1390950689850179,13530.69895690191,8000,1080p
1.0628305361687322,0.8576077084979541,17472.278576614033,15000,1440p
1.0884480360323714,0.750519579850647,18246.34197480859,15000,1440p
1.2713919869585708,1.4317989864477014,12412.897323979405,8000,1080p
0.856638760075876,0.911000406544811,18982.625319480918,15000,1440p
1.0782948229076417,0.8121206679345547,17749.765679845972,15000,1440p
1.3624003524482675,1.1936743838585788,13127.328212821054,8000,1080p
1.5788902103074962,1.1224101296428728,12421.58508024935,8000,1080p
1.4328448810981522,1.2651415458274593,12436.842404072317,8000,1080p
0.679019188399284,0.9055194325063618,21176.152829157236,15000,1440p
0.7768261977855254,1.1302588142808978,17594.617852741692,15000,1440p
1.40072371496222,1.388483223554876,12030.097708648136,8000,1080p
1.12006179699077,1.1852346194984902,14555.36553130122,8000,1080p
1.1900038444230385,1.3239011337477895,13347.533932811946,8000,1080p
1.1710745619204193,1.0463380663489794,15132.24538014284,15000,1440p
1.3490208879900516,1.1051931507590744,13672.170181661157,8000,1080p
0.8051642148958953,1.1987256874156023,16744.648476592844,15000,1440p
1.63585717698931,1.9607524461309418,9329.461775417742,8000,1080p
1.3111709686196042,1.106373532786384,13879.550916430086,8000,1080p
1.4172016160971115,0.9899943765276404,13939.218951346378,8000,1080p
1.2491449705118816,1.3272463859486676,13023.81018934062,8000,1080p
1.0271094486088426,0.8230011838210263,18136.446227505225,15000,1440p
0.7839606473998466,0.9318314171529085,19556.234518864283,15000,1440p
1.3551026388402312,1.138304061743624,13457.263908107292,8000,1080p
1.3666424589155968,1.4447597652809678,11935.123231820415,8000,1080p
1.7181242475426717,1.6265952082183919,10032.061715132686,8000,1080p
1.4637956052882117,1.3718802419863074,11832.957575969234,8000,1080p
1.1747935173036939,1.4002054197402152,13030.852757757013,8000,1080p
1.490461936650497,1.253568617624493,12228.155385414626,8000,1080p
1.0252695691235043,1.150622015321095,15421.003619794245,15000,1440p
1.2987529060262488,1.255151820428898,13138.482282608085,8000,1080p
1.3270670129313853,1.3006373854366453,12769.485038286426,8000,1080p
0.7314356243630844,1.0594452669223926,18736.272279902965,15000,1440p
1.3779209811080273,1.6897006101925434,10938.25656174692,8000,1080p
0.9221005095000642,1.3173946872359301,14983.033698355193,8000,1080p
1.3197011767157882,1.1951732147449234,13342.388834183728,8000,1080p
1.5207185390203388,1.1505985796466243,12561.006615621991,8000,1080p
1.02016345047063,0.807150226128243,18362.710480257505,15000,1440p
1.1721546696833764,1.444792446137108,12821.975574955311,8000,1080p
1.0360963943315475,1.275702320175788,14514.426273115538,8000,1080p
1.3387602946444221,0.9111764167278589,14913.500379988238,8000,1080p
1.0010219287064364,0.8160324420317435,18466.38853540111,15000,1440p
1.2476743884697024,1.5938885645834928,11808.442239136923,8000,1080p
1.7204940163633577,2.5278458437943914,7898.24569231946,4000,720p
1.9820535365802079,1.4047041968793228,9907.5383126754,8000,1080p
1.6769333186161117,1.1361441417178413,11928.015660122137,8000,1080p
2.7511392927895755,2.238820532433755,6724.389208584107,4000,720p
2.171051900856239,1.6509438284356959,8779.29604756945,8000,1080p
1.177299062358156,1.156785594021804,14375.841899428415,8000,1080p
1.6387331160351697,1.3443689512713735,11248.167592970245,8000,1080p
1.3469797658801512,1.4672726963642566,11923.035495273172,8000,1080p
0.7583701076667004,1.1247845057442047,17818.20343430208,15000,1440p
1.4336068032754565,1.4897260781033212,11478.142709554922,8000,1080p
1.449053147609803,1.4634929809021322,11520.652556031268,8000,1080p
0.8411584793857778,0.8596852565160837,19728.109814984255,15000,1440p
0.9206434563075478,1.1950401447974581,15859.8535161282,15000,1440p
1.1123586949965898,1.137415016926069,14914.580885259054,8000,1080p
1.5291495410204359,1.1923604487721633,12329.343682680039,8000,1080p
1.2432994062874985,1.6270304462734606,11690.096164404986,8000,1080p
1.2133068503056217,1.0980002889207832,14517.51324197903,8000,1080p
2.1506247326459955,1.7252455269219453,8657.26398275789,8000,1080p
1.0107580784518877,1.368823285902291,14100.981165275982,8000,1080p
0.982516200730733,0.7403008541573158,19476.491659284402,15000,1440p
0.7848063821322013,1.0254220448676827,18536.020923950582,15000,1440p
1.0865369394718014,0.7475720737074769,18294.67701150224,15000,1440p
1.102537256333678,1.0219002236249375,15794.501987723192,15000,1440p
2.053021505230741,1.457044305727774,9559.488000265468,8000,1080p
1.4290948085381519,1.0267714282139535,13662.972151274776,8000,1080p
1.5617315735416681,2.222923206626551,8865.916166469635,8000,1080p
1.6424944006717752,1.0987089543888684,12240.767157261003,8000,1080p
1.727438720633958,1.194393461897084,11484.038063723912,8000,1080p
1.1738988091088203,1.0116139121080625,15353.116764892155,15000,1440p
1.8357738250741287,1.495778981615036,10071.709484126644,8000,1080p
1.7804985610764108,1.2400204454255648,11108.829948684534,8000,1080p
1.0796864347188426,1.3197502856649497,13984.295445238055,8000,1080p
1.181718187406769,0.8405576362843108,16592.411186895406,15000,1440p
1.3558210343446238,1.3440916883266798,12427.96914072138,8000,1080p
1.8661611830884612,1.2490247708704478,10771.245279068371,8000,1080p
1.2609861053355536,0.8579885173380184,15835.221262661182,15000,1440p
1.327292989996296,0.9132858330766092,14975.787352118605,8000,1080p
0.9883268932955912,0.9495925495792127,17314.668121717034,15000,1440p
1.0078400936649365,0.746463686299661,19126.92224870948,15000,1440p
1.9248469132007389,1.9495900703030096,8660.466576915624,8000,1080p
2.301183488198886,1.7625219824368634,8257.102352142305,8000,1080p
1.0065870322167911,0.9370757223573136,17263.50516365811,15000,1440p
0.8528925167133601,0.7215548982063231,21311.87849275468,15000,1440p
1.1955164513762844,1.092641271145272,14664.387716692414,8000,1080p
1.7236241209108982,1.436448866886478,10618.245885323047,8000,1080p
1.3115305789233231,1.5439067947266991,11751.065636963473,8000,1080p
0.9632450522127012,1.2213351406873396,15359.670525739011,15000,1440p
1.213822034892168,0.8810659963357608,16017.291377779226,15000,1440p
1.3520335538289268,1.1418971178077357,13454.436557364133,8000,1080p
1.4041924974814266,1.2434800086669562,12673.180660402839,8000,1080p
0.9036471873714557,0.87400816362807,18875.667874052913,15000,1440p
1.4446674130853494,1.3944297800347116,11818.697887945478,8000,1080p
1.060016491567743,1.5510343983089543,12850.929918713515,8000,1080p
1.1578774033059478,1.6085388530343514,12129.205763267622,8000,1080p
1.4502895347461524,2.1432532812631826,9337.423739746208,8000,1080p
0.7471819188188474,0.8363701185012214,21189.345982457253,15000,1440p
1.426399469311185,1.5050471456148826,11446.373210124537,8000,1080p
1.4164442754854099,1.2210372001901884,12722.148879322438,8000,1080p
1.2280867084210467,1.1862711488628526,13897.870151588884,8000,1080p
1.119581457495273,1.0805445375292795,15251.141105500892,15000,1440p
1.5211913673471535,1.792012664322698,10127.487374536546,8000,1080p
1.3537555095999596,1.5439566879474205,11579.628932231582,8000,1080p
0.9401094659017651,0.7216243716675711,20192.422662031717,15000,1440p
1.2932963331135523,1.7662970789591756,10966.957853811196,8000,1080p
1.263541828214468,1.4837084596054388,12213.82418222523,8000,1080p
1.0874264079586937,1.319909883628251,13938.406577122018,8000,1080p
0.7996077119964835,1.1090690754161452,17579.94450463551,15000,1440p
1.6296934904440654,1.5150411395358536,10670.03609147595,8000,1080p
1.1296079447644765,1.2359157851081788,14184.779284292514,8000,1080p
1.8574104614292781,1.2882176552025926,10667.005366142217,8000,1080p
0.9110307106242295,0.7439950725039444,20274.26541753239,15000,1440p
1.064568154029596,0.9333648064639062,16794.573523483912,15000,1440p
1.1742225220178921,1.5486249189001458,12323.28756130632,8000,1080p
1.6261434079597723,2.1714328220983035,8835.74942733588,8000,1080p
0.6848100159821672,0.8530883754835316,21818.36731620536,15000,1440p
1.0741928589412133,0.9223434092316669,16806.322296717986,15000,1440p
1.2644618801822038,1.155562992759838,13865.325259739016,8000,1080p
1.117428299391275,1.0635253046659543,15385.211284448542,15000,1440p
1.1775728619865076,1.1604325240843592,14351.73426028324,8000,1080p
0.9929339511624987,0.7629365160373843,19109.85612367513,15000,1440p
1.9353906720606666,1.3692759633330618,10153.651094674551,8000,1080p
0.9709369409438621,1.0636337895133026,16492.143280003038,15000,1440p
1.3338722795492155,1.184005485411311,13326.473773648833,8000,1080p
1.1886246364627018,0.8629737061004101,16355.263749179885,15000,1440p
0.7912474823910042,0.8464420254318089,20488.885005197433,15000,1440p
0.9342535607416846,1.3933369080982385,14415.95179616095,8000,1080p
1.3633291219904575,1.0656177070785273,13814.395440208715,8000,1080p
1.554721343002389,1.851475670008837,9850.995662266881,8000,1080p
1.1788000108189622,1.1847094669260818,14196.867969411873,8000,1080p
2.6280914741007084,1.8967229082657155,7415.648281786851,4000,720p
1.095462298693029,1.1475025231541292,14959.856558234731,8000,1080p
1.4516614760080169,1.1499068527935001,12897.770790228586,8000,1080p
1.1335069228177896,1.2106122187630135,14314.303144750527,8000,1080p
1.4551374967261037,1.1898888149097828,12685.859438293215,8000,1080p
1.424884830128345,0.9515598131253438,14119.593357772996,8000,1080p
0.9333775008590376,0.8124375260751254,19219.923922252605,15000,1440p
2.1618476994261377,1.7409213930268468,8597.596015835574,8000,1080p
0.876442663355242,0.9405328968735269,18467.189506817183,15000,1440p
2.2496296288430977,1.7722128895968914,8343.049695793472,8000,1080p
1.3578006727583973,0.92487605206955,14699.59878025615,8000,1080p
1.2790745780716473,1.6887697363049623,11305.994670090386,8000,1080p
1.5911360391354648,1.4565346825122152,11009.861321848863,8000,1080p
1.5414204262896543,1.4412180825834096,11249.91577094535,8000,1080p
1.4048950237638447,1.0287039788211028,13787.987242088273,8000,1080p
1.102435462539328,1.1213684099216343,15088.755090109247,15000,1440p
1.0207890798185189,1.3253708125079038,14301.85219248968,8000,1080p
1.4697280414836271,1.4385219931392745,11537.670970697964,8000,1080p
0.8228652579925642,0.8501455483260412,20056.315161427567,15000,1440p
1.6971772616528074,1.6643387151619993,9981.934410377069,8000,1080p
1.136550138131573,0.9488859977615234,16089.887109216212,15000,1440p
0.9562307747168379,1.4099963456872446,14180.56268168792,8000,1080p
2.172254072187655,1.6346935672964413,8813.998819418272,8000,1080p
1.0192216808322474,0.8326454887508898,18119.243405321147,15000,1440p
1.3093093229860846,1.1512875212454545,13636.704476258594,8000,1080p
0.7330206994015466,0.575512604537851,25642.780278486527,15000,1440p
1.6244646938198626,1.131146057971267,12176.767701385195,8000,1080p
1.2420019549383545,1.0270773267743543,14787.686032139432,8000,1080p
0.8677397061997039,1.2771036449621964,15644.234336191947,15000,1440p
1.1209982526214384,0.8653187441445704,16892.78803666843,15000,1440p
1.3242572548277025,0.9217800070188271,14939.392400112707,8000,1080p
1.1037190861413548,0.9390272760541429,16426.137194994903,15000,1440p
1.01659759295755,1.3632640052038834,14099.320744501505,8000,1080p
1.3809562932947643,1.659207586007812,11037.047123820674,8000,1080p
1.5413988977039856,1.5347912886194963,10907.788520092343,8000,1080p
1.4667356847187663,1.4993280064296146,11312.782021551471,8000,1080p
1.093565247580785,1.3458624475747358,13755.042654732508,8000,1080p
1.2510476907839012,1.3940735081620799,12685.404363841875,8000,1080p
1.0648182839147793,1.0005819873316757,16245.970559377398,15000,1440p
0.9436562293681775,1.1999899670505458,15652.971118115302,15000,1440p
1.2023683780526606,1.3997553889577965,12895.017687244834,8000,1080p
0.6911075235420293,0.9916406229210445,19940.25788738928,15000,1440p
1.6558207505326297,1.6431597176909127,10171.152064464517,8000,1080p
1.1343405908742792,0.8954898308261035,16530.65775410517,15000,1440p
1.2585486347257295,1.1707984849956552,13812.119201741853,8000,1080p
1.0381543595578486,0.8069798109992912,18185.3615500862,15000,1440p
1.0842181451981499,0.9171219872309151,16765.98168212134,15000,1440p
1.3968854918848574,1.562694065054282,11337.567162648844,8000,1080p
1.3450576123372229,1.8297117544219934,10569.092782400172,8000,1080p
1.0312489831182503,0.7939479200584103,18384.00664695423,15000,1440p
1.088005642093352,1.6141552059123494,12417.629403802688,8000,1080p
0.7222315677113387,1.020828309681176,19250.303695932053,15000,1440p
1.181180033216884,0.854193917335224,16485.634981669165,15000,1440p
1.5993645207582996,1.2781110047817044,11661.065994193983,8000,1080p
0.7051613583254737,0.9991978814282567,19687.417545169887,15000,1440p
1.5999539779897731,2.337518642495316,8521.819764645414,8000,1080p
0.8901134517211324,1.0853733655201887,16985.39909613634,15000,1440p
1.126467346459766,0.8545238872935128,16938.20317237154,15000,1440p
1.262489299899007,1.418845196357021,12514.0791075684,8000,1080p
0.8585564026663282,1.12785430746731,16891.991081614025,15000,1440p
1.0536384757463535,0.7187250011416071,18932.026323921553,15000,1440p
1.5086996942165702,1.1504413984239117,12618.522609750285,8000,1080p
0.7586850253849738,0.9159172621011412,20037.254368242477,15000,1440p
1.3002106093973682,1.5285682447612314,11861.8081263834,8000,1080p
1.1615197241102564,1.608581312075506,12113.071531211053,8000,1080p
1.8806724907688368,2.226908874219812,8168.902577561656,8000,1080p
0.7853784261515739,1.1317359394557107,17502.57188718679,15000,1440p
1.0272639781062116,0.8944850576422878,17460.36104393357,15000,1440p
1.7897623708885129,1.4404370676593805,10387.727642935908,8000,1080p
1.4717650055465898,1.5681549210374075,11037.932843746186,8000,1080p
1.938336401161625,1.683320656947455,9264.939076677585,8000,1080p
1.4086474300282663,1.2471568596643194,12634.37676120479,8000,1080p
1.4299001954513495,1.6024538553930314,11065.473040872825,8000,1080p
1.612785572776131,1.4778386684728688,10856.846184070504,8000,1080p
0.7831996663231606,1.0436481507021536,18367.39310592232,15000,1440p
0.8656428318576728,1.2538869880339334,15831.073328195018,15000,1440p
1.3152313927575277,1.1737888256068896,13480.980087035718,8000,1080p
1.8977525138563844,1.3769254480364814,10246.635666306707,8000,1080p
1.0104045615022907,1.1358017016209327,15634.299729966582,15000,1440p
1.8544888399554391,1.546157567007924,9867.074663008767,8000,1080p
1.9519834720247387,2.2754794024511993,7937.250543958854,4000,720p
1.0454809116008372,0.9607187906301042,16725.36984363355,15000,1440p
1.5102604930030885,1.2953167243556247,11959.903221480225,8000,1080p
0.8823760582691773,0.9202753849824941,18613.93234150336,15000,1440p
0.6772125586722422,0.7734604302167218,23130.252136078263,15000,1440p
1.68280381975665,1.4794519868667777,10610.916400159456,8000,1080p
1.3224828114329747,1.286262511554573,12862.287362559908,8000,1080p
1.3298097174892516,1.0941957306541448,13842.556346438965,8000,1080p
1.1792269974150797,1.0330886664175902,15167.10863126534,15000,1440p
0.8668661243010144,1.2292564178608942,16007.8579973633,15000,1440p
0.5581969524044019,0.7351254916035497,25944.366894319282,15000,1440p
1.1492580908867327,0.9517201062436527,15970.861594770578,15000,1440p
1.3224123617629715,1.159746405656164,13518.245666004983,8000,1080p
0.849580748939385,0.6239500559879307,22771.449288876676,15000,1440p
2.9098759753670493,2.1023109740149413,6694.569124987906,4000,720p
1.0437462937149866,1.0967503926459146,15676.00277720893,15000,1440p
1.1294209159482107,0.8914591008482158,16603.871442695407,15000,1440p
1.1511816087953215,1.6247570612232933,12087.598462603999,8000,1080p
1.610046362790973,1.1275469132653777,12256.90912286903,8000,1080p
1.2035072263067519,0.9918153293333953,15284.51111377374,15000,1440p
2.1241554143999557,1.5044289694298625,9247.251393554396,8000,1080p
0.9947767892132051,1.0781709240651034,16186.82023915336,15000,1440p
1.483239813469905,1.028258485166507,13360.324400067473,8000,1080p
1.3801096806239568,1.1576787442345693,13221.918608865337,8000,1080p
0.9108128047218029,1.1133356037227413,16577.061177932545,15000,1440p
0.9457450507944097,1.1297807844614893,16166.713721423253,15000,1440p
1.2947335135409208,1.2430843600389125,13221.765182332916,8000,1080p
1.464438822499805,1.071270382799185,13232.76025889709,8000,1080p
2.0666240940577096,2.0134507466248395,8223.974635324761,8000,1080p
0.9748007130964816,1.0152791437514335,16860.847007992346,15000,1440p
1.2680625518452395,1.0311831409647227,14593.66961300788,8000,1080p
1.0276497146961754,1.364668476330639,14025.906806986239,8000,1080p
0.9666840279185248,1.2243160859568931,15314.664653599344,15000,1440p
1.4061502664686225,1.1598884479426768,13076.35454272484,8000,1080p
1.710365247954387,2.3587627752203835,8246.098871526909,8000,1080p
1.3477773878092063,1.4919017962708616,11816.275651177184,8000,1080p
1.116547745109446,0.97834216499182,16017.277012126136,15000,1440p
1.149297291837825,1.159609247852069,14532.60728539781,8000,1080p
1.3901929419899788,0.9893997625062574,14100.913965906417,8000,1080p
1.2838714794118462,1.2958227494902252,13007.135351184976,8000,1080p
0.9628411729473327,1.260192490305074,15093.98285535102,15000,1440p
2.333692963147019,2.056877929679425,7642.384741998602,4000,720p
0.767233730021619,0.5117708840550987,26234.801368736364,15000,1440p
1.1418366418525145,1.029830157608701,15451.003813441712,15000,1440p
1.252078789513208,1.04103031070285,14632.723753457036,8000,1080p
1.5519745648760774,1.2805541618861942,11846.10474837248,8000,1080p
1.1394156727103215,1.3166355792815463,13661.942914581778,8000,1080p
0.8890363782007392,1.2781204135656647,15483.158453270236,15000,1440p
1.274114217503646,1.682875764871848,11347.496000998992,8000,1080p
1.4196360643694437,0.9993137870908031,13871.487240524728,8000,1080p
1.1664487560175187,0.823349998091012,16863.228972637007,15000,1440p
2.0825920104527276,2.07765393721267,8065.492382446696,8000,1080p
1.0144638939050952,1.1607923760477143,15425.507542947083,15000,1440p
1.3486207647604689,1.1031399370468973,13685.851141697742,8000,1080p
1.4379089193998802,1.0081513536845097,13717.745375787134,8000,1080p
0.8009236006184814,0.7999727568223935,20959.777841982657,15000,1440p
1.2647506482216586,0.9444234580797695,15188.67702834722,15000,1440p
1.6452213452519744,1.7800993003581307,9795.997359547462,8000,1080p
1.2489372384143398,1.1126254473214174,14208.571384818415,8000,1080p
1.8284948604715363,1.5512164394582246,9928.194754592603,8000,1080p
1.4718794865617542,1.0652207887384837,13225.50485160828,8000,1080p
1.2337612185217393,1.5134516587805185,12213.99050551561,8000,1080p
1.1650148352986522,0.8679403656853899,16505.249099320114,15000,1440p
0.894904977458999,1.25057962384283,15639.55853127073,15000,1440p
0.9210192568854141,1.2185806938918535,15682.572804234009,15000,1440p
0.921583627442439,1.0655145583837662,16886.146965127733,15000,1440p
1.2027890821126483,0.8233757559895638,16560.563765102368,15000,1440p
0.903510642720801,0.8671378781119311,18950.362878466374,15000,1440p
1.963488691249726,1.5011103545850093,9684.939456512388,8000,1080p
1.2311928000876018,0.8312086780544126,16269.592683878733,15000,1440p
1.0611582326280162,1.3738126903048102,13780.218763181374,8000,1080p
0.732415096080461,1.0011077966850344,19356.20933535553,15000,1440p
0.9602899218912088,1.2808903778286678,14971.768225962875,8000,1080p
1.282439467739643,1.0516122807074215,14376.044585268972,8000,1080p
1.1961201202437068,1.1253639967177265,14453.871019336997,8000,1080p
1.6894384942927363,1.5493985526159044,10360.024760130047,8000,1080p
1.669787182359148,1.1966056720661296,11706.152542278713,8000,1080p
1.2047448071250288,1.2701038638139153,13558.175250880948,8000,1080p
0.8208637732585683,0.9721304464483896,18714.18860763759,15000,1440p
1.8291068112357087,1.224697602127585,10987.747562734374,8000,1080p
0.966504708157198,1.4111884017812166,14112.179515408152,8000,1080p
1.1001506905412262,1.5629966662673018,12599.54013217319,8000,1080p
0.9971004778085601,1.0785287777584005,16165.908198684821,15000,1440p
0.9379077549559838,0.6568431946552855,21040.54680649609,15000,1440p
1.1573886654422316,1.4551345366618147,12843.68765528141,8000,1080p
0.7526790279513697,0.9615796303298413,19573.7275923361,15000,1440p
1.5298016229764284,1.1862208078958452,12354.254375293842,8000,1080p
1.1733674271050403,0.9051851151332053,16143.172384695945,15000,1440p
1.2658818142791652,1.1706593632390074,13771.33795628198,8000,1080p
0.7340316003601222,1.0144106272336526,19191.044159450423,15000,1440p
1.4838133018316308,1.0711734152668702,13132.918373096338,8000,1080p
1.045517073183142,0.8603204165643605,17606.13493044756,15000,1440p
1.2404397968183152,1.215408388220077,13663.072580960637,8000,1080p
0.8285973653169579,1.1664417461220271,16818.934429710407,15000,1440p
0.8392110118911713,1.2084497237751197,16386.714564354665,15000,1440p
0.9765337838597683,1.0617413950115038,16462.169754027673,15000,1440p
0.8836497768397632,0.8497115070781803,19358.013999341438,15000,1440p
1.1945115594847138,1.6359176488728837,11854.89179553461,8000,1080p
1.2283319483410964,1.5247151620003325,12188.106725074758,8000,1080p
1.3055155905968645,1.3703569205596233,12539.622818389833,8000,1080p
1.2037098688204297,1.268674007211462,13571.691809385986,8000,1080p
1.5544600418640075,1.8953351377470145,9726.49976390291,8000,1080p
0.8816035332327313,1.2524921384892518,15723.021439299027,15000,1440p
1.3503037868212138,1.3477535343691471,12436.515613091591,8000,1080p
0.8986112231909623,0.813804146826605,19594.79725976518,15000,1440p
1.0567813316338688,0.769658435035478,18371.49662000028,15000,1440p
1.2111471245351086,1.51313171085355,12316.812641982357,8000,1080p
0.6845828817998401,0.9837744821678034,20112.256956867885,15000,1440p
1.4952299318467275,1.2500314993253427,12222.672718522903,8000,1080p
1.484924168674191,1.4893159697818894,11281.682190402424,8000,1080p
1.247084265142056,1.6087526889660957,11749.42146180005,8000,1080p
1.1956760845573189,1.1963260861831835,14027.759845055829,8000,1080p
1.3072772997455953,1.0733794239641183,14094.611653087484,8000,1080p
1.93036247436926,1.8556767204248925,8862.674228554668,8000,1080p
1.0691987897019266,0.9246292389436281,16829.150517456696,15000,1440p
1.0513183205012826,1.1150878786933194,15488.522887570403,15000,1440p
2.2213204718117265,1.6816451623253252,8597.163066596897,8000,1080p
0.7344041587128807,0.9791670111903277,19581.58061324954,15000,1440p
0.8423361599278243,1.111648129369807,17172.314119302002,15000,1440p
1.6891048178095749,1.608245725425266,10176.179802551924,8000,1080p
1.0125867103744786,1.4655034247379448,13540.440488649836,8000,1080p
1.5431017426451028,1.5208461834490437,10951.371501530202,8000,1080p
1.1375989359836056,1.3019984794015544,13754.085730863293,8000,1080p
1.3017299542608944,1.0062510280949832,14538.435219578467,8000,1080p
1.0672886945380056,1.1867518660210299,14886.347915442126,8000,1080p
1.0723468126651876,1.0633408177416506,15711.301373042106,15000,1440p
0.7794949644662624,0.5733187136273538,24803.439337843534,15000,1440p
2.1217052360123585,1.7397052771879813,8689.682665257484,8000,1080p
1.2143310724938687,1.3925935361476651,12871.270572525373,8000,1080p
2.7411957040119685,3.0759833162122683,5768.162176777322,4000,720p
1.3202538797056937,1.2111740603130383,13255.140100789005,8000,1080p
1.5872312144267542,1.1465850481447086,12273.843147175616,8000,1080p
1.0572512879848013,1.0952163576536948,15588.820611538902,15000,1440p
1.3594497004701125,1.4836893092124617,11801.89638485043,8000,1080p
0.997679375285551,1.3678785645676372,14184.574148322263,8000,1080p
1.0565402235733923,0.8949949026440098,17193.865254702065,15000,1440p
1.103676124887339,1.6084771660338528,12371.878872894802,8000,1080p
1.4864010219631916,1.3300351202699452,11913.791155014393,8000,1080p
1.4164199669618607,1.3320271014047989,12208.50580904243,8000,1080p
0.999662446988187,0.7962339029211838,18683.94687794388,15000,1440p
1.7220968789582263,1.6633133408623944,9911.481865195621,8000,1080p
0.6671995629517609,0.9783601662975103,20390.892778658377,15000,1440p
2.2582968072751353,1.6688517477165297,8544.222743331191,8000,1080p
1.1767928226183224,1.0532520589995722,15046.527662553726,15000,1440p
0.9331258784195441,0.9466362581557061,17850.360610589283,15000,1440p
0.7585657251153469,0.8288961632708184,21137.157525156006,15000,1440p
1.450404062161448,1.7795525801133094,10388.508489813246,8000,1080p
0.9009470319090426,0.909872964642258,18529.96546531642,15000,1440p
1.516620046687258,1.3650947850114796,11643.91133741018,8000,1080p
2.2231606547141904,1.8662413249197893,8205.217331802454,8000,1080p
1.7538088513934005,2.62086357259975,7670.1587565662585,4000,720p
1.578245071290639,2.183361860395994,8920.238772782894,8000,1080p
1.2214737784891698,1.0491889647385493,14777.373742567683,8000,1080p
0.801001894816347,1.1566025713886199,17140.55754329626,15000,1440p
1.3657993412230847,1.0905354812333485,13660.365717750248,8000,1080p
1.0527746022545978,0.7913987945192897,18194.835723527183,15000,1440p
1.051320316893387,0.7341073441106032,18793.498461389085,15000,1440p
1.133962513352934,1.2624647541049414,14001.8570376202,8000,1080p
0.7370540207299985,0.9993280947309764,19324.336331978386,15000,1440p
0.839034161013551,1.0700487768807683,17576.204435104257,15000,1440p
1.29771571300545,1.495976033600543,12010.78538488174,8000,1080p
0.8771304033883494,0.9957531102279895,17915.92042753901,15000,1440p
1.491249845190667,1.4851970396709588,11273.317918307128,8000,1080p
1.0826604711117513,1.1804154929841608,14826.913692844082,8000,1080p
0.6690960204461717,0.8289375967800957,22398.98465171215,15000,1440p
1.5745697386950197,1.0670150337885436,12702.386972216234,8000,1080p
1.143700746646197,0.9285104980957464,16192.573071467239,15000,1440p
0.7895581027600297,0.8954959668168488,19912.97051282491,15000,1440p
1.1895423001840926,1.4268659535013017,12824.616323823406,8000,1080p
1.4374634546953033,1.6934212061546785,10717.23670296131,8000,1080p
1.132431305323319,1.2029912720021283,14367.60624213324,8000,1080p
1.0428824198593212,0.9281223832284984,17024.023456174684,15000,1440p
1.8987933224333078,1.6298755210143987,9509.090676589376,8000,1080p
1.5674550582811737,1.118443935178848,12492.812306681197,8000,1080p
1.0489142580699649,0.7312149863875317,18849.43585106141,15000,1440p
1.205647426290268,1.2700958776093028,13553.27587765179,8000,1080p
1.9163739314412507,1.58614990611017,9580.072415283708,8000,1080p
1.3534597544183717,1.4606438575798788,11923.666156760137,8000,1080p
0.7920153759409048,0.879227545396986,20077.531262264645,15000,1440p
0.5780943078961055,0.7349800361486899,25554.099165961085,15000,1440p
1.160789936332398,1.3746982093066074,13233.913973414954,8000,1080p
1.693232728736521,1.7586164264585014,9720.712143374134,8000,1080p
1.5086524698400814,1.0670382005385022,13027.35316235317,8000,1080p
1.3088033125134633,1.4316937700983812,12243.921809988127,8000,1080p
1.1860774006221273,1.1442430614859165,14399.063367295907,8000,1080p
1.6743737431752934,1.3159343125795937,11221.061968991473,8000,1080p
0.7933232997176071,1.034763061940903,18354.949035098172,15000,1440p
1.2598709289764687,0.9482002051851051,15196.264051855804,15000,1440p
1.846072254697581,2.335629603307776,8024.109116187741,8000,1080p
0.8709911512846854,1.2529703935936718,15798.041203199713,15000,1440p
0.5739993768960657,0.8371655159406887,23777.825093528336,15000,1440p
1.6235183983277455,2.177368336809683,8828.053645957112,8000,1080p
0.8580650992619757,1.2169951009344815,16170.34146615275,15000,1440p
1.678066468884209,1.1586072622913623,11828.79498309254,8000,1080p
1.373759941249613,1.23225777177838,12875.749781843317,8000,1080p
1.0505975799112544,0.9868617551328298,16468.761571270323,15000,1440p
0.98841914850552,0.7900406581884307,18867.129790453717,15000,1440p
0.8820682784469367,1.103748320318067,16897.044782920933,15000,1440p
1.131236572009795,1.3517222144269994,13513.890034458755,8000,1080p
1.8551757997681895,1.2537410767721813,10792.965309944104,8000,1080p
1.332105224166794,0.9478876417799291,14716.902189107142,8000,1080p
1.2147087466123914,0.9063526329197038,15819.642148876468,15000,1440p
1.2960268806471678,1.0145946383890936,14521.82095750378,8000,1080p
1.0434510897891,1.2901176549616686,14379.020149065162,8000,1080p
1.2372730947290593,1.0803228844126194,14478.119699028335,8000,1080p
0.8958983068035992,0.7775415255912886,20051.173248326286,15000,1440p
1.9262903095615351,1.5265510180403592,9717.918901099518,8000,1080p
1.8562994318062922,1.3936437546917888,10324.62110088638,8000,1080p
0.965843803672618,1.2648625120744386,15042.066166725639,15000,1440p
1.642248269654299,1.425293239821192,10938.54211796383,8000,1080p
1.1421506380303332,1.6274899846206303,12115.085157829377,8000,1080p
1.4714016486412067,1.1615096127089144,12744.232018968138,8000,1080p
1.4466809333235011,1.835132557585941,10224.356774979782,8000,1080p
0.8310738505924302,1.0890795212419229,17474.870753654912,15000,1440p
1.3199542177108208,0.9503497028828722,14779.70931364352,8000,1080p
1.3084299285401346,0.8974868115010122,15211.105383503329,15000,1440p
1.5414622905712518,1.3989228021296685,11411.57737579816,8000,1080p
1.0488446562284315,0.9653278342228271,16659.165071052284,15000,1440p
1.220573071838919,0.8262210899444591,16393.652388945608,15000,1440p
1.3684591898833176,1.4881537354901568,11746.229845127891,8000,1080p
1.0343139446119263,1.2235276008451514,14861.28735097185,8000,1080p
0.9766351336952988,0.9864548871290051,17092.660878542116,15000,1440p
1.1779086536520542,1.357164394514514,13236.080918562664,8000,1080p
1.0236821238184914,1.1054683067616113,15759.540292725042,15000,1440p
1.6589987831134783,1.151516452160007,11938.889915583357,8000,1080p
1.4336316051031068,1.1943211913316572,12768.278047277685,8000,1080p
1.400205341472356,1.0180515275475879,13875.462292638387,8000,1080p
1.5558228446913065,1.0954531065795627,12655.956081793724,8000,1080p
1.2282137296667153,1.4247181660547699,12648.056308612708,8000,1080p
1.3145127292324155,1.8964244467201574,10450.04313734216,8000,1080p
1.4898306450262537,1.0084464623307272,13431.028888343963,8000,1080p
0.6889665055074099,0.7871682126348647,22731.280273814355,15000,1440p
1.2991720445057728,0.9535796613808625,14894.864761313625,8000,1080p
0.7819903442708761,1.0074808602492515,18751.03210112738,15000,1440p
2.005234198496365,1.5565557463214037,9420.665597874482,8000,1080p
1.1631425034669176,1.277891171748462,13745.993076903946,8000,1080p
1.17458439585952,1.6134532770565373,12035.142970254356,8000,1080p
1.3358267014982086,1.242644196277207,13013.306463512617,8000,1080p
1.2506623470344698,1.3062795490491652,13122.876218420908,8000,1080p
1.2216069809539354,1.009044223217062,15042.437803480003,15000,1440p
1.0865827663625853,1.5445183504560824,12752.999793702922,8000,1080p
1.1776379098185539,1.0016208911407174,15397.176317576384,15000,1440p
1.1616688153656218,1.4099061814228522,13048.202771416212,8000,1080p
1.4467543483662701,2.073749726885443,9531.144200593173,8000,1080p
1.3483476235828562,1.2572230104299569,12877.959078132208,8000,1080p
0.6596309521764063,0.7028067917339718,24628.23138156339,15000,1440p
1.2829312850369952,1.0146652423262756,14604.14463565854,8000,1080p
0.8551191359950333,1.1751193423477924,16527.335265258433,15000,1440p
1.3714083083864954,1.0669451282804638,13761.102675035623,8000,1080p
1.7475977990805807,1.4550476271488484,10477.098627650656,8000,1080p
0.8422535483807063,1.1478095566732303,16860.98893788123,15000,1440p
1.8956889422877181,2.243977338195638,8105.588645682356,8000,1080p
1.5059417556707477,1.44132193287667,11384.943983935678,8000,1080p
1.5464471089399463,2.070856159525926,9276.090366133638,8000,1080p
0.8733321406220821,1.290871363149432,15504.286885001973,15000,1440p
0.8425493061760296,0.6009898925325345,23244.55894929549,15000,1440p
2.3868594288359293,1.6567890502519886,8298.058590782479,8000,1080p
1.9060458269746017,2.0116979093435035,8564.733749414261,8000,1080p
1.6844884415175712,1.3315820397483968,11125.214814580804,8000,1080p
1.2510402375376504,0.8740139942754708,15789.917968997415,15000,1440p
1.699991606964399,1.828385478196064,9509.876974635781,8000,1080p
0.9204120594020067,0.9446951586006356,17990.618274446282,15000,1440p
1.012530053899442,1.0857528914045413,15991.376222685205,15000,1440p
1.4319256119349744,1.3447140046961445,12084.547018280824,8000,1080p
0.920119570902762,1.1438359166302776,16257.34285583175,15000,1440p
1.3853013768394933,1.2640957932110035,12664.930867786978,8000,1080p
1.249433174190896,1.3939036800660392,12693.96745479586,8000,1080p
0.9178063978510783,1.0193027691698675,17321.910696237584,15000,1440p
1.632115922353868,1.8782775159879572,9558.595806813559,8000,1080p
1.3452829309954728,1.0541849693333045,13984.11372596497,8000,1080p
0.821383993890862,0.8400868144423232,20195.61934624801,15000,1440p
1.6535145228908954,1.5471630548486348,10483.540183293853,8000,1080p
2.1195168145067362,1.6913991898342204,8804.820668253684,8000,1080p
0.9568036586402412,0.93546964579491,17732.339150668347,15000,1440p
1.2780275919715056,0.907422582896978,15353.556162413654,15000,1440p
0.9164129849416053,1.032221275126079,17219.4611824358,15000,1440p
1.0750948731908856,1.3750143232960286,13695.07614114178,8000,1080p
1.772421877303848,1.3227372995112716,10840.939054555214,8000,1080p
2.3238306119440697,2.14381792174545,7510.535295463301,4000,720p
0.7738265269743266,1.1483631153022569,17456.358759825143,15000,1440p
1.6483022116234325,2.207297993904394,8702.777832590773,8000,1080p
1.2797786421866062,1.2446995211289738,13291.630915091988,8000,1080p
1.059442539279177,0.7937750116003763,18106.04048298311,15000,1440p
1.3269005150429507,0.9728471335281839,14590.484317202297,8000,1080p
1.3664437282362294,2.0264208635823375,9889.70561363161,8000,1080p
2.0391383178793294,2.913215139719969,6775.451770008726,4000,720p
1.367993116294925,1.3929030852336863,12153.456541184738,8000,1080p
0.9943857356136914,1.4486389569761478,13734.790361217798,8000,1080p
1.2429485924901758,0.8504258949627537,16028.872139751102,15000,1440p
1.1723925072315713,1.5121574018813453,12499.090401000492,8000,1080p
1.2157228504024833,1.040641268441741,14871.018254441824,8000,1080p
1.295235083610444,1.5748337692369672,11691.159244040595,8000,1080p
0.9513182027649649,1.2100903577701705,15524.335663634263,15000,1440p
1.098792488538515,1.1751301204993476,14756.18909220375,8000,1080p
0.9264403764810515,1.231122512982941,15552.006462409998,15000,1440p
1.101074096248099,0.9566736983585589,16306.387054791614,15000,1440p
1.4632222035192886,1.2870097715489548,12200.582461473052,8000,1080p
0.98969662310397,1.1655572713510693,15568.667842952354,15000,1440p
1.2816204947237426,1.2155984743638837,13436.719973442821,8000,1080p
1.2435015970401868,1.1205082923723046,14193.862788086311,8000,1080p
1.3329580474614122,1.1477729072261669,13526.026245045106,8000,1080p
1.0064246982540914,1.3082651083664003,14496.297475379804,8000,1080p
1.0600368092040076,0.7728020301328216,18307.355387635118,15000,1440p
0.9493779398661117,1.012301312693186,17104.95329765217,15000,1440p
1.7664540511950977,1.3295949718069087,10837.823222664862,8000,1080p
1.2681927531762878,0.888162541256212,15560.715846147566,15000,1440p
1.3096824673233651,1.0980317529247376,13936.218724721568,8000,1080p
2.087583086111394,1.4914111331442519,9375.380328772535,8000,1080p
1.0748504632193148,1.0735685558022132,15618.197243143924,15000,1440p
1.1000155789309685,1.0799279040902774,15392.340334207178,15000,1440p
0.8226268738639237,0.973716165582488,18679.300814581966,15000,1440p
1.353323726405913,1.5604648530861602,11515.740104194228,8000,1080p
1.4860199132643102,1.920105455291071,9851.20286815257,8000,1080p
0.7853382929024293,1.1307757506042275,17511.709239702894,15000,1440p
0.7957566888604009,1.1464035930019774,17276.860366964127,15000,1440p
1.909810213229301,1.399644270462325,10138.961622028639,8000,1080p
1.12293886991954,1.1679829017926324,14646.694799588173,8000,1080p
1.7543627003359268,1.2312180331923803,11238.829224472505,8000,1080p
1.8826856067502047,1.8886870127354762,8897.140480533044,8000,1080p
0.9919077886423637,1.341751388374409,14378.462943716668,8000,1080p
1.1436478689654965,1.1352381022999838,14724.050445300254,8000,1080p
2.1433871035990277,2.1460195919780025,7822.627785469549,4000,720p
0.7780052658781617,1.1566284159075582,17344.075168291467,15000,1440p
1.203701665868185,0.8679837161844646,16196.683285351894,15000,1440p
0.8325476585859333,1.0572814811907605,17755.27284120768,15000,1440p
1.339325514110586,1.1310372247292324,13582.795543523504,8000,1080p
1.5050517080711971,1.5651777603814883,10928.965520258182,8000,1080p
1.2121149131532165,1.4735469017672853,12493.91558296153,8000,1080p
1.0637363819888135,0.7793473478582842,18205.592864076596,15000,1440p
1.0899930186393947,0.8003672633621992,17750.284069908164,15000,1440p
1.6420075957494875,1.68746178730072,10078.011881058348,8000,1080p
1.5741969899129287,1.201097631332038,12090.403571260425,8000,1080p
2.16673207735443,2.219866969126695,7649.304539679081,4000,720p
1.7155080592347642,1.2823435445551878,11192.826208468667,8000,1080p
0.8143439970873391,0.9339586387178053,19192.576452615827,15000,1440p
0.8991213086682509,0.9563881076357045,18083.676485370834,15000,1440p
0.8769343215690104,0.9613528058080978,18253.096320092223,15000,1440p
0.839443400896895,1.1693374327917199,16703.879008236963,15000,1440p
0.8990166156174456,1.0112170091114074,17565.616878282555,15000,1440p
1.0082925594185101,1.3351570809360411,14318.392604725825,8000,1080p
0.9367837961296895,1.331360547837261,14793.781572699118,8000,1080p
0.7977155589285231,0.907512830074822,19677.382933796664,15000,1440p
0.9460990571918336,1.148668140948776,16018.215308022827,15000,1440p
0.9994389139824779,1.3888699325347966,14049.452627925568,8000,1080p
1.060752921880722,0.7515974560066985,18514.318428378607,15000,1440p
1.546440925613644,1.527345407915388,10916.318949689636,8000,1080p
0.9618062189457975,1.1893944133842607,15598.002109015626,15000,1440p
1.2222124982317426,0.9121738835060278,15720.879915229183,15000,1440p
1.0862445891497634,1.150151471859938,15003.79677151222,15000,1440p
0.8919085361809258,1.2708519378607663,15514.63160286753,15000,1440p
1.050678190061086,1.0462230646939243,16001.9132631595,15000,1440p
1.674092168909388,1.38617575414026,10964.540636220509,8000,1080p
0.8636172000042808,1.1691426172971897,16506.835541714016,15000,1440p
0.8431705604689375,1.168079289493199,16683.373276886356,15000,1440p
1.253934913505158,1.8740169555011768,10727.285266911518,8000,1080p
1.1293659326449275,1.5222311112276974,12654.423520926153,8000,1080p
1.377226227144742,1.3202022174344372,12439.415053782739,8000,1080p
0.8865981129006202,1.0670058550213557,17175.65717052235,15000,1440p
1.174529898480511,1.2087656020068631,14079.006146379354,8000,1080p
1.4429736730502285,1.9993214581879266,9747.691793042406,8000,1080p
2.4278126425605326,2.0333372417278563,7521.476047728077,4000,720p
1.0936335766766097,1.0803982914317758,15434.195097239097,15000,1440p
1.2059983008149393,0.9065071592334792,15883.713739244457,15000,1440p
1.5512807201721444,1.533104733700669,10878.806330080573,8000,1080p
1.397500003926435,1.2683295642688759,12586.86316646843,8000,1080p
1.090512920976501,1.459468924818063,13158.694464957876,8000,1080p
1.2823187731449512,0.894226771538031,15416.370257892886,15000,1440p
1.3937235203101639,1.8301622574191279,10408.070978133008,8000,1080p
1.7809445990093544,1.261756645841174,11027.843123536222,8000,1080p
1.4369636981687712,1.4590224756785943,11586.530454813043,8000,1080p
0.9853475935063837,1.2152370125508059,15247.962703928857,15000,1440p
0.889437550169962,0.9056536551872353,18692.327108428537,15000,1440p
0.8709637676002789,1.0385347569831387,17572.379118397246,15000,1440p
1.7860704791122826,1.6606657282581792,9735.132015106808,8000,1080p
1.0841726800508336,0.8064849336868973,17747.492595269352,15000,1440p
1.384511598044246,1.2467823703576872,12752.065106727187,8000,1080p
0.9559667159288835,1.3088897993446462,14815.257290569503,8000,1080p
1.0725559698386078,1.0250520353722308,15996.521712657803,15000,1440p
1.4366953007132526,1.060234055483405,13438.278466600423,8000,1080p
1.4257728568765815,1.6702820777448433,10837.802528882752,8000,1080p
0.9705598700347845,0.6726119328442807,20420.525681616477,15000,1440p
1.0709526490660044,0.7604351651174235,18321.8604711319,15000,1440p
0.9619769628046014,0.781752545242559,19242.91115402315,15000,1440p
1.2646363963254625,1.6780689666722122,11402.579552109415,8000,1080p
1.7129743982481789,1.307435394651765,11109.231627733483,8000,1080p
1.2197401092344817,1.0150264192163378,15014.737142703018,15000,1440p
1.4102202332731568,1.7807436605657065,10515.453360279991,8000,1080p
0.7223762233428987,0.6306977547371841,24798.667732573933,15000,1440p
1.4169568415614735,1.067130506878833,13507.7504505097,8000,1080p
0.6935275948524994,1.0208814528649603,19572.010568116115,15000,1440p
0.802077475071719,0.6277482208295311,23467.49823855272,15000,1440p
1.8112799947167095,2.617454648311793,7576.527993796093,4000,720p
0.7898863272631209,1.1554104861909746,17249.003734509948,15000,1440p
1.1076524916778914,0.76947287137172,17875.43477942617,15000,1440p
0.7375877513839757,1.079324406032198,18467.833936296443,15000,1440p
1.1205178614543458,1.2980535370881652,13873.657821398492,8000,1080p
1.1473623827719017,1.2082445972527769,14244.49506413352,8000,1080p
0.8272640426127247,0.9774938026195599,18592.207308388963,15000,1440p
0.8001264703772764,0.848142953229277,20357.370900310736,15000,1440p
0.8557051168341188,1.0319032546101001,17776.161892271823,15000,1440p
1.581049122063305,1.6397374437656302,10418.086176835528,8000,1080p
1.1909466012759669,1.425613835823005,12823.87042326544,8000,1080p
1.9042863374036203,1.2815513675473247,10532.373305725776,8000,1080p
1.59122676699609,1.6284643970288206,10421.630613183988,8000,1080p
0.7540489705011607,0.7923980836955614,21697.756744364797,15000,1440p
0.944293348933109,0.9981474380036705,17274.365440459675,15000,1440p
1.289269589575283,0.9722664589594345,14837.009572206645,8000,1080p
1.9338782708776887,1.571664126958964,9571.823185110292,8000,1080p
1.2643761008244536,0.9314089635870304,15281.291663668952,15000,1440p
1.884747513150052,1.4130088264720746,10174.927600577317,8000,1080p
1.214099303754836,1.6051227246609963,11902.01823829207,8000,1080p
1.4965200662810558,1.1631602990974368,12615.964097334287,8000,1080p
0.7877834184311469,1.0848904212543835,17917.926383611277,15000,1440p
1.315125157341713,1.3692149167591854,12500.067455588252,8000,1080p
1.5922246089375667,1.3215073113316256,11515.96403450184,8000,1080p
1.133965173663181,1.4709041971450447,12881.425984746751,8000,1080p
1.2610031551619658,1.3506026227675314,12848.199480781605,8000,1080p
1.2155542470256246,0.9746793138155765,15320.024585466026,15000,1440p
0.7344771747415834,0.8961622903544956,20577.46836025641,15000,1440p
1.2777502009030277,0.8831580096102494,15527.930264113287,15000,1440p
1.3353374689766506,1.5221035306748332,11742.82583755625,8000,1080p
1.2599732249524438,1.2947875396044783,13134.079897230386,8000,1080p
1.1321961429177136,0.855889958066842,16877.755939937866,15000,1440p
2.1294509968685915,1.6607410283898005,8852.963590337476,8000,1080p
1.4316389875931452,1.1926662040540699,12786.025080771442,8000,1080p
0.5940605353399274,0.8169008651500306,23781.254390338523,15000,1440p
0.8228222438638046,1.1974733104025157,16608.67486895275,15000,1440p
2.081484598416512,2.4999883903889537,7323.939720257676,4000,720p
1.4294809507733957,1.0838792889922282,13350.426838585234,8000,1080p
1.497039526272513,1.4594063200103358,11349.584516215009,8000,1080p
0.8468826617464106,1.0645596442201035,17554.50943785265,15000,1440p
1.0497233999663909,1.2705681108740974,14461.300161308372,8000,1080p
1.2815317724078676,0.9730250128203957,14882.939396269308,8000,1080p
1.2244886187930768,1.414660974048069,12714.107639452664,8000,1080p
0.8592098996413549,1.0710852953809686,17383.057309849413,15000,1440p
1.4062367734901533,1.079538657333732,13498.577379083163,8000,1080p
1.8151906637125137,1.657662940190129,9661.919512614348,8000,1080p
1.1358801045608966,1.51831921218346,12642.016667066999,8000,1080p
1.3332365020011783,1.345271027094094,12527.286795170512,8000,1080p
1.1938643137521299,0.9222530718265596,15856.602392983012,15000,1440p
0.8610313829577089,1.2083650529248464,16214.598333204205,15000,1440p
0.9489908280381664,1.103007758876985,16352.07363882432,15000,1440p
1.0564177622051436,1.1170595313409617,15438.133216130707,15000,1440p
0.8290017413576221,0.8758568621497276,19681.650977371126,15000,1440p
0.6299738055498091,0.9232988970980857,21602.408864070745,15000,1440p
1.1400410925801787,1.058491371583544,15262.19537211311,15000,1440p
0.8451531975910146,0.9374254330646828,18823.53542388055,15000,1440p
1.3145413508768797,1.014605784701026,14406.317010829162,8000,1080p
1.119617524253899,1.6526412416186547,12103.643575075475,8000,1080p
2.219268366419383,2.8854551677100297,6573.212393513601,4000,720p
1.1151636663332145,1.1172754345767764,15030.39074451011,15000,1440p
1.206660762021359,1.1968212150262645,13960.758732718861,8000,1080p
2.0317227179617285,1.5984892867425144,9243.105349362018,8000,1080p
0.8247618298586669,0.8129357947653534,20488.783457632093,15000,1440p
1.6826624993805455,1.150779402845337,11842.286928008109,8000,1080p
1.5482678739722597,1.043744588627279,12945.320473632344,8000,1080p
1.3076047964500248,1.1649171702981433,13570.933828398052,8000,1080p
0.9337918508357597,1.0251857902047166,17128.542611736066,15000,1440p
1.2253211984248815,0.8747769462750035,15977.554232254754,15000,1440p
1.413122624585156,1.1641151776798861,13019.532761202792,8000,1080p
1.23611085591024,1.1132351184580807,14282.456635201179,8000,1080p
1.6832388940436493,1.333864949953688,11121.404411305908,8000,1080p
1.3760939982789318,1.9183051505450444,10185.29646353817,8000,1080p
1.1486475213611684,1.2670495341239127,13890.165541995968,8000,1080p
1.2017772761588064,1.332930151384439,13237.990166195432,8000,1080p
0.8960396013390372,1.1219522253892,16627.635233984904,15000,1440p
0.8448895877609219,0.7407550514798174,21161.382045895858,15000,1440p
1.3279311111541623,0.8994260468133501,15064.684116766788,15000,1440p
1.134641349265708,1.1216007891468267,14871.822234296405,8000,1080p
1.3887180222919586,0.9588879441318585,14293.042563320168,8000,1080p
1.9374136433535964,1.576428109073856,9549.215463906345,8000,1080p
0.9626466949879535,1.4280923134908667,14035.171501781793,8000,1080p
1.6106414768375152,1.3251057126601415,11429.60542380408,8000,1080p
1.216631035118544,1.3293041947419737,13179.609444282021,8000,1080p
1.3249321823848486,1.0185182130466672,14318.387991234347,8000,1080p
1.712415499528038,1.204775609603876,11502.308468911038,8000,1080p
1.3699692979266211,1.7658260330994728,10700.453460086097,8000,1080p
1.4034505563571698,1.663212471471619,10941.675591842477,8000,1080p
1.6984793730141925,1.8104808225463846,9562.500037034328,8000,1080p
1.814404248411748,1.5764275138831494,9895.634567634974,8000,1080p
1.0627729180345522,0.9718800907131531,16491.476362670895,15000,1440p
1.382854178056188,1.44937491702307,11847.357990318576,8000,1080p
1.068117981410725,1.299329034954395,14173.255734152854,8000,1080p
1.342626209163004,1.9045169282453638,10333.524141094898,8000,1080p
0.7925352355079367,0.7681051071259193,21500.425872223048,15000,1440p
1.030669521869966,1.1125723268901773,15655.924234314061,15000,1440p
1.08454430859566,0.9530506877983884,16467.66509506629,15000,1440p
1.0456050192687047,1.2593527524122081,14557.504008210139,8000,1080p
1.339784973232261,0.9063501916318455,14938.741231999757,8000,1080p
1.0709078436455992,1.0487740498162315,15829.937550298851,15000,1440p
0.7627260678042448,0.9948439763387608,19091.37681984174,15000,1440p
1.6990479999847325,1.874279940046097,9390.247008705981,8000,1080p
1.2811652861696652,0.9140620077245993,15285.1743841411,15000,1440p
1.230774027131555,1.450357956935362,12515.024325323378,8000,1080p
1.3466271935141125,1.7802168408158323,10731.08592293137,8000,1080p
1.4109845826148328,1.2641862843932579,12542.911712225416,8000,1080p
1.5706953448208025,1.4329827620168822,11171.114482479144,8000,1080p
2.78468295491692,2.1538934800895797,6794.353077569779,4000,720p
0.9648086370073652,1.2180936809836287,15371.476645313836,15000,1440p
0.6981515397213177,0.9235965721878453,20690.285842539917,15000,1440p
2.0445893424980865,2.6435658091807777,7157.2784846900595,4000,720p
1.1442131147378,0.8903951491492565,16491.83904123897,15000,1440p
1.0112914419357977,0.9993080064318751,16688.77012138919,15000,1440p
1.280145069990418,1.4647299852402353,12224.393214568523,8000,1080p
1.0677430330462012,1.040358798296525,15916.893340312678,15000,1440p
1.0523815374625478,0.7999165172127409,18115.02847250042,15000,1440p
1.4298924458463764,0.9862417047236165,13887.652716668954,8000,1080p
1.0268977344558097,0.9583044472616538,16902.27439251097,15000,1440p
1.4989886285245417,1.4875304997463272,11235.297869807151,8000,1080p
1.4223043481767623,1.5937712482020088,11125.19594677497,8000,1080p
1.071045864237537,1.2769851471755191,14290.4552098768,8000,1080p
1.0154584561218643,1.2145874891363848,15046.520485977811,15000,1440p
0.9024007926866633,0.9274851078328281,18336.898486662005,15000,1440p
0.9881596993352513,1.155799649151054,15650.684805983079,15000,1440p
1.0057286074444955,1.057225124618419,16265.237304399554,15000,1440p
1.463784342504003,1.036441682722065,13420.559446006904,8000,1080p
1.057770677768142,0.8369969876944847,17708.995467688303,15000,1440p
1.1838325881803389,1.6876468886749554,11685.41592250807,8000,1080p
1.238422630589175,1.103323766718701,14328.806927417472,8000,1080p
0.8411499226713046,0.8951032177521099,19325.771812177794,15000,1440p
1.1313231903773024,0.9423878381147728,16180.862009688748,15000,1440p
0.7655205861352562,1.0376045796690243,18609.04203232786,15000,1440p
1.7783477173830764,1.551638062645136,10076.449035081381,8000,1080p
1.3595790740255722,1.3588764905929638,12343.196790383618,8000,1080p
0.9922627998383785,1.4544668369071405,13713.992545834337,8000,1080p
0.809815967981784,1.1415326555306218,17195.50858093332,15000,1440p
2.1551040616564947,1.6832485884427175,8741.883578397283,8000,1080p
1.6281004407398514,2.2057267955684567,8752.202415962392,8000,1080p
1.1215257401266967,1.1510470770482357,14764.953512782044,8000,1080p
0.8075310699174933,0.9771038350884258,18801.84675637548,15000,1440p
1.9645274711083505,1.8704194235632592,8749.647106357988,8000,1080p
1.0873475321477897,0.8168708648870895,17621.104833483754,15000,1440p
0.8562363414127161,1.2369828971314052,16030.0609616687,15000,1440p
1.5222441694795312,1.1459441315608718,12575.736122865153,8000,1080p
1.5856781114745884,1.66379611460014,10326.111138457249,8000,1080p
1.5036638322143443,1.3096386023945648,11927.061800116973,8000,1080p
1.2627441068166967,1.3311340336043143,12936.009397324193,8000,1080p
0.8284376219301133,1.2103491972498275,16458.038517973433,15000,1440p
1.2164923143773736,0.8935760535159067,15902.059151524641,15000,1440p
1.1268627823906656,1.5187252657166854,12683.165855698804,8000,1080p
0.8372828741114572,1.1004325241718371,17316.491384507408,15000,1440p
1.2911741343444973,1.915618928362442,10463.54764522155,8000,1080p
1.424401662620872,1.2400632796800406,12593.30962374153,8000,1080p
1.152898823046284,1.4655616153689692,12814.565195534457,8000,1080p
0.9728154093160831,1.2257477767415628,15261.982103943139,15000,1440p
1.2121473219439318,1.1429334382302816,14247.677857772429,8000,1080p
1.8816125549259977,1.896183633117925,8882.012244650472,8000,1080p
2.264815750727267,2.1061081767316794,7676.736670982741,4000,720p
1.2236328520957942,1.0192847120985231,14960.171758275545,8000,1080p
1.4141815396237338,1.190706407028412,12881.334125379493,8000,1080p
1.8244051213119172,1.4694382136062243,10187.015163802225,8000,1080p
0.9200557614291589,0.7298402955389229,20337.300557988503,15000,1440p
0.7448546378013786,0.793176498650728,21816.484208117243,15000,1440p
1.2463712480460079,1.2847713394531002,13256.63444079356,8000,1080p
1.1660510410310538,1.3254930619588492,13467.324122311946,8000,1080p
1.713247009915781,1.3983183536064145,10783.778606539514,8000,1080p
0.9162106655437952,1.3102660455306396,15070.641355959919,15000,1440p
1.9680360664597796,1.424757856754674,9889.911606599831,8000,1080p
1.1220161842873375,1.1347011475880862,14868.690697791071,8000,1080p
0.9048438612410189,1.1092508668829724,16659.808265946827,15000,1440p
1.1820996634521135,1.4236539860167723,12877.054592954013,8000,1080p
0.9474657165911434,1.098847281364368,16397.507142614308,15000,1440p
1.6109170881423858,1.2651534668882476,11666.76246565259,8000,1080p
1.4212681713270674,0.9557875864058334,14115.963368062636,8000,1080p
1.066274715327561,1.3245041035333471,14034.937793194556,8000,1080p
1.7177506530634443,1.6253445691385018,10036.93576454553,8000,1080p
1.8104675049217627,2.1189878406091176,8539.206849153468,8000,1080p
2.312822374773849,2.564862410614846,6879.171876894071,4000,720p
1.4397303559669434,1.480143248223611,11491.741269842378,8000,1080p
1.5559588658451877,1.831250466324245,9906.217392979705,8000,1080p
1.1218939172986178,1.0306258263390757,15588.443311230223,15000,1440p
1.2895915682992105,1.6712019707949541,11332.91854259644,8000,1080p
1.4340951240824917,0.9897637226297855,13843.393581071456,8000,1080p
1.8203980937358106,2.1167231854807085,8522.580235749629,8000,1080p
0.7208215810603498,0.8142366599139661,21858.73545664475,15000,1440p
1.712492302600892,2.1562627701028894,8673.185913666435,8000,1080p
1.1962821533315744,1.0571945197816681,14890.072926134882,8000,1080p
0.9396418986793493,1.09363834632739,16502.61053900555,15000,1440p
0.9937649904414741,1.1961174785034596,15322.48076133795,15000,1440p
1.0360606466679596,1.1042737755034895,15677.191214799872,15000,1440p
1.2110944876429368,1.7176569548159817,11456.90669189339,8000,1080p
0.7358449667374457,0.49158031515296574,27337.250173241788,15000,1440p
2.0781701217305857,1.6952376400017437,8892.341914459712,8000,1080p
1.2019797963207213,1.7942699660860002,11198.810066170046,8000,1080p
1.0161480532989584,1.1730288398073654,15327.41922576575,15000,1440p
1.1467119533131764,1.1727128608184836,14466.703898122267,8000,1080p
1.1217613800643484,0.8581747983553119,16947.229090375215,15000,1440p
1.4251977288661475,1.4859495764560668,11526.188296502603,8000,1080p
1.056685080666755,1.0725591039747595,15758.846374705174,15000,1440p
1.035572708258449,1.1002199907744008,15710.528468045817,15000,1440p
1.949962642961724,1.8409865672473407,8851.195344331592,8000,1080p
1.0816284161663812,0.932478702967134,16659.70577296573,15000,1440p
0.6021468597716473,0.8814592795791161,22616.805842205304,15000,1440p
1.773337746236085,2.335863954186835,8165.681425797758,8000,1080p
0.9470422645087079,0.7828883332981792,19396.403556615798,15000,1440p
2.4304769027700583,2.2133935416965205,7225.531461581128,4000,720p
1.6089671162870018,1.1391164044828217,12210.120888392927,8000,1080p
0.9679196705291753,0.9633943522382391,17373.887210697747,15000,1440p
1.5967043590353578,1.4572925554884621,10987.054977176302,8000,1080p
1.6910922645246214,1.2356010244611075,11464.963590916144,8000,1080p
0.942438341391479,1.1801452277398503,15808.297250568186,15000,1440p
1.0668567418962593,1.4598794954135716,13279.75255372313,8000,1080p
1.405226600263171,0.9864551397255057,14029.639244625776,8000,1080p
1.3971338001334794,1.3369858580490053,12272.4811621103,8000,1080p
1.2457544382386476,1.0222699941561404,14794.56372723911,8000,1080p
0.9975958722200511,0.9441668866645017,17280.39733302712,15000,1440p
0.8950902605913676,1.1786960483478648,16180.274628760333,15000,1440p
0.9886272476456524,0.8313553508921256,18436.677376453226,15000,1440p
1.0868113075360617,1.4647068841965523,13150.77121876791,8000,1080p
1.517643419838583,1.0790513153496408,12921.977907259776,8000,1080p
0.9242076654628082,1.1567070899628378,16124.84697535653,15000,1440p
1.036245288770624,0.8159774054417483,18115.765509648114,15000,1440p
0.9908378850619609,0.7687055949712019,19069.96467024935,15000,1440p
1.2780004066383186,1.151879256417828,13809.09207569456,8000,1080p
1.5727478956282086,1.803636143037203,9937.978504738789,8000,1080p
0.9092925461871879,0.9625225357654781,17926.146831233043,15000,1440p
1.1243381900004712,0.9235559298625482,16384.84708488953,15000,1440p
1.1308903901222174,1.026543924331836,15552.933303784534,15000,1440p
1.2656437722570812,1.2102147136797834,13552.645351336794,8000,1080p
0.9732347815798215,0.7050577235135993,19993.196596044036,15000,1440p
1.1142170772082525,1.1406294545542675,14881.026946774908,8000,1080p
0.7404452165741278,1.0036920944071916,19238.411900678264,15000,1440p
1.3446179409399255,1.1381961913498193,13514.677383060824,8000,1080p
1.4792687702169218,1.183177369898354,12602.858512115177,8000,1080p
1.497221826070377,1.4264948737634706,11476.635886748834,8000,1080p
0.9631990553476463,0.6781413364502763,20443.31094736815,15000,1440p
1.1940428590365981,0.9478554249459277,15665.744844620149,15000,1440p
1.077534992502725,1.483599038941043,13101.396329923671,8000,1080p
1.463182477835776,1.2554057666174199,12342.594384589853,8000,1080p
0.7993658219528018,1.1811418925379993,16942.338449121882,15000,1440p
1.4617924149270605,1.339587181199095,11977.824085818369,8000,1080p
2.0598425774031024,1.5676100914579694,9250.136407854287,8000,1080p
1.9962207589354533,1.4310882128326656,9790.314289256961,8000,1080p
0.8640359658429089,0.9750255397540064,18245.410443251618,15000,1440p
0.7678953055546457,0.6907073292871121,23004.505269963593,15000,1440p
1.2249055250326175,1.044620222680504,14784.776966646441,8000,1080p
1.7072832370629216,1.1910151913228715,11577.286752588876,8000,1080p
1.0726677634006194,1.4343407206067027,13384.251475034896,8000,1080p
1.369280554141963,1.1422049922093136,13360.392238270442,8000,1080p
1.4650601810024237,1.216971325265524,12510.826931593754,8000,1080p
2.094423426318231,2.768839325276319,6899.572100849021,4000,720p
1.1820449570422653,1.2517467720175977,13786.895402492624,8000,1080p
1.1244380535250729,1.0071350113351718,15741.62882481346,15000,1440p
0.8216717541677778,0.7823008192342742,20919.579646446513,15000,1440p
1.0400120589263826,0.8006054858504255,18229.985960537386,15000,1440p
1.4723834409531766,1.6601252024423918,10711.680579316057,8000,1080p
0.8159882499230501,1.0546295135176997,17937.620745288514,15000,1440p
0.9162515380435026,1.3180602319475736,15017.793152534849,15000,1440p
1.1661784572838223,1.4932451143496297,12617.182293902299,8000,1080p
1.7777290019946959,1.8440782413233352,9264.554888144714,8000,1080p
0.8976812153965433,1.2984139318864503,15279.133985389251,15000,1440p
1.4169131298709754,1.1960366163353129,12841.591021303528,8000,1080p
0.8149305793721863,1.0492118688867422,17999.92915312838,15000,1440p
1.10921510668162,0.8984584787388286,16713.0913330082,15000,1440p
1.0729301428527784,0.7645213378042182,18261.39756789786,15000,1440p
1.1028289356349332,1.2310066954700418,14377.375832638803,8000,1080p
0.8898956678289366,1.319164273049608,15189.461987462131,15000,1440p
1.2686401369352636,0.8701582652101596,15688.450097186174,15000,1440p
1.8395788651131157,2.2440429193602123,8216.831472390524,8000,1080p
1.4888160989177623,1.3385238300159044,11867.84498624298,8000,1080p
1.0629350565594466,1.3415769331618417,13954.778409688595,8000,1080p
1.5345435129860008,1.345187028334086,11651.93462323681,8000,1080p
1.6981229955285475,1.3885821747122307,10870.63070470789,8000,1080p
0.8248917107407435,0.9048529866993792,19398.488140855556,15000,1440p
1.078095457339745,1.0753344010334538,15581.855090162342,15000,1440p
1.0134517864365755,0.8169865839750841,18331.36397400461,15000,1440p
1.2772154418886885,1.7464231801565757,11097.36850010963,8000,1080p
1.3597133474235124,0.9314061317714355,14645.430892932016,8000,1080p
1.3380910131087869,0.9710398013190042,14531.195803350309,8000,1080p
1.6080475890110628,1.2419691438507605,11773.415788442255,8000,1080p
1.6783733395191385,1.3203497185750683,11189.573478427517,8000,1080p
0.9229500055271442,0.9751171772674712,17678.210921173086,15000,1440p
1.3804181432180704,1.265734371142349,12680.460335488326,8000,1080p
1.0143302515372843,1.431544077521193,13718.788247357152,8000,1080p
1.1438121230771208,1.2506854634073281,14013.140873223394,8000,1080p
1.9438038124016943,1.3006027143051808,10342.240321547586,8000,1080p
0.7455634738324963,0.7603480088511385,22281.808981364404,15000,1440p
1.0971148396563324,1.0370480941419817,15722.525899314027,15000,1440p
0.82994529992875,0.9547710749470999,18800.988477698113,15000,1440p
1.594873417678145,1.1159220538055854,12378.075864806679,8000,1080p
0.8180890127200467,0.8605461794164789,19989.11506036803,15000,1440p
1.2158857759332806,1.1304647060242619,14300.690479968614,8000,1080p
0.9038571396704038,0.7723883875932456,20017.611653094285,15000,1440p
0.9749960176163441,1.2917526975244946,14802.89004946681,8000,1080p
0.8448189338861565,1.1535284689928202,16791.090453871457,15000,1440p
1.3141540750122638,1.046492847622182,14214.083299909065,8000,1080p
1.285573413299415,1.7950666476156938,10892.03260897432,8000,1080p
0.9211456333375264,1.100794662975494,16595.16458581197,15000,1440p
1.2118430980580188,1.0242951009099814,15005.526946181457,15000,1440p
0.6168747913717069,0.7352013011745538,24816.9701283672,15000,1440p
1.1866260158384427,1.0639135397352029,14909.505552523928,8000,1080p
1.03277246951579,1.10362108465915,15706.109922690945,15000,1440p
1.4816314310804868,1.0946840382768823,13024.193814420463,8000,1080p
1.6685860034819138,1.5880724362549934,10303.331657559622,8000,1080p
1.5370490670316745,1.3538128757397243,11607.06829459735,8000,1080p
1.742632822069625,1.360372346172556,10813.527590419137,8000,1080p
1.0277994787378828,1.0423125825688315,16208.993043023707,15000,1440p
1.3986412284773542,1.286287104941146,12497.32873028975,8000,1080p
1.8266277208754282,1.221309605115622,11008.898284707882,8000,1080p
1.8294129824753644,1.5937967644384103,9802.037993801372,8000,1080p
1.0940940116909197,0.7517150928100675,18178.711936233194,15000,1440p
1.452368854801585,1.0234799416061282,13552.698391228569,8000,1080p
1.0117213224028994,1.4937524998231073,13392.449644589906,8000,1080p
0.7440417073352797,1.1024469617471642,18172.021611523804,15000,1440p
1.2022476364233703,1.058581308969314,14841.650036540876,8000,1080p
1.2873208886056469,1.4167435769756367,12408.887593878764,8000,1080p
1.0291047627316499,0.7521100314613127,18837.94818535792,15000,1440p
1.1450977112068426,1.5960343956821852,12241.085322254561,8000,1080p
1.7640321378787407,2.32278313221489,8210.41074343232,8000,1080p
1.1820071620373107,0.8087110650838487,16855.440183779363,15000,1440p
0.8813673753321061,1.0896533321443087,17023.886087407587,15000,1440p
1.0690964714551836,0.9992904610946309,16222.512080288385,15000,1440p
1.5947159126430168,2.3573221612961106,8490.412129697723,8000,1080p
1.1388865518558555,1.5036283384131748,12697.915960119291,8000,1080p
1.1915538960303615,1.2628944656347791,13670.864917783842,8000,1080p
1.3798499065345413,1.080876386089337,13635.987106969476,8000,1080p
1.3442391231800352,0.9411332873426408,14682.260031451913,8000,1080p
1.4702085762302786,1.0516222753457867,13305.583909019724,8000,1080p
1.1889840113497299,1.1713649692259531,14215.877514780108,8000,1080p
1.2675109036966405,1.4019821933173156,12569.589349203916,8000,1080p
2.4160333766607565,2.2632192155420965,7170.895637459822,4000,720p
1.3986751166952573,1.5946566297981164,11209.727100682485,8000,1080p
1.283363545593719,1.8728099795365194,10631.364762688512,8000,1080p
1.2951444970100945,1.5139405596991664,11944.96831623453,8000,1080p
1.077752611932685,1.547833225999183,12779.788615263971,8000,1080p
1.9123612772100422,1.4430247988753164,10000.170245430321,8000,1080p
1.4430435116981204,1.1077380125654293,13154.56917059476,8000,1080p
0.7296085227719525,0.7941360640382124,22021.034424308255,15000,1440p
0.9493583779440822,0.7958725729449527,19226.35624981731,15000,1440p
1.2824842978849553,0.9467504023296083,15051.996093892847,15000,1440p
0.9657344208666213,0.8338586480466922,18645.56636699089,15000,1440p
1.550803199021746,1.5190556182473367,10930.285070845606,8000,1080p
1.9807418873524854,2.555791290940428,7396.4921408612845,4000,720p
1.9416998101337017,1.6703680704883324,9289.5352770119,8000,1080p
0.7165713101900987,0.9213833056682729,20485.56881560224,15000,1440p
0.9674519101297443,1.3061889245013842,14758.017840334844,8000,1080p
1.3568284859630333,1.6942087154840955,10997.713165898107,8000,1080p
1.1714593724604008,1.3452734488947105,13332.536419949787,8000,1080p
1.0887588249108562,1.1280608340692482,15136.29305120717,15000,1440p
1.1548147875419719,1.1783148877306997,14381.726123336248,8000,1080p
1.245300135658893,1.1444393170990257,14041.041989441965,8000,1080p
1.9313184058506914,1.50317010419552,9769.848378251969,8000,1080p
1.1967797893876204,0.8218403339324327,16622.45987363514,15000,1440p
1.6729007544769392,1.6166689131397762,10200.24969536824,8000,1080p
1.4788143186966531,1.0882172802678116,13071.296829199839,8000,1080p
1.0897434593347726,1.576900309816528,12583.020044960562,8000,1080p
1.4576718585851394,1.5633962494042755,11106.810836625325,8000,1080p
1.0786845140888364,1.26689376494312,14305.398502346403,8000,1080p
1.0531496098279638,0.9136534893580255,17060.39207172662,15000,1440p
0.8821263062584644,0.9517869679573007,18296.629656246343,15000,1440p
1.5833716106998557,1.6241519663729544,10461.164569403358,8000,1080p
1.19704239189037,0.9006982383422066,15995.51036787604,15000,1440p
0.7346496099539984,1.0736956525727597,18555.323861724937,15000,1440p
2.1932275593059667,1.5761727029976202,8901.795952943967,8000,1080p
1.6105077759372985,1.403587130811069,11132.506784996634,8000,1080p
1.3360990155321197,1.2699493221275848,12875.598474175926,8000,1080p
1.519394837239834,1.0517517722613041,13050.376775873678,8000,1080p
1.73505241347128,1.168213521785543,11557.477939764336,8000,1080p
0.9531031452143232,1.182116721534117,15714.743255502499,15000,1440p
0.7065718190513322,0.8922772581391678,20986.61623457412,15000,1440p
1.064284823471336,1.2541499678235042,14472.881500048545,8000,1080p
1.4151240261564002,1.964208908111384,9929.30636095209,8000,1080p
0.8197630578399564,0.9887531988014755,18553.56946711302,15000,1440p
0.7073971845131009,0.9910406483357606,19756.055447562503,15000,1440p
1.1154245733217867,1.0885483786760124,15224.520777164924,15000,1440p
0.8408486959632531,1.1602621255176317,16767.90292661986,15000,1440p
1.2592518547104092,1.0809268422042855,14338.40588508833,8000,1080p
1.7653406029611223,1.6896529557293658,9711.865284263455,8000,1080p
2.1527334814170507,1.464463692430344,9276.362439570903,8000,1080p
1.0679581643292362,0.8839135301378511,17190.900454735704,15000,1440p
1.4711228349455134,1.7248509927283897,10498.969581494233,8000,1080p
1.5225478558617531,1.796117681033255,10110.820637681378,8000,1080p
0.905533613961828,1.2273802799454858,15731.733051131841,15000,1440p
1.5283556032492993,1.1840121997206805,12370.900422597066,8000,1080p
1.246780599103671,0.8905965155221391,15698.882415457305,15000,1440p
1.442889661398183,2.138768278173078,9368.407750299182,8000,1080p
1.0319599177094096,1.4561343431766314,13485.99710529088,8000,1080p
1.0119737030628728,1.2170505889954113,15053.41692306807,15000,1440p
1.2929576295740766,1.2700936691816984,13091.595949050607,8000,1080p
1.458511946006962,1.684369066418743,10676.329096564295,8000,1080p
1.175498060283874,1.2548647549723193,13806.346850506314,8000,1080p
1.2206494876128597,1.1285491086068409,14283.352652259944,8000,1080p
1.261862830447958,1.586257856496707,11781.253566187772,8000,1080p
1.2928026089955211,1.2452510931630347,13220.536654312215,8000,1080p
1.27285870216383,0.9737529023748555,14935.573168148927,8000,1080p
1.840258145515745,1.2838084234983282,10740.62644272957,8000,1080p
1.060067000496082,1.199232143918572,14851.699511749863,8000,1080p
0.8995643237623391,1.0186478539433526,17492.554989476357,15000,1440p
1.2147663354356024,0.9255183998054313,15677.555162407481,15000,1440p
2.0999856034521596,1.824108656169844,8550.873088158743,8000,1080p
1.6957503026940708,1.1439255137420272,11816.289664399825,8000,1080p
1.719835324000968,2.0974975075201354,8790.020016837114,8000,1080p
0.948311107914441,1.3502051268421051,14598.301065971813,8000,1080p
2.142547160546736,1.7588708909722177,8600.573318959277,8000,1080p
0.9193383143685456,0.9089029449748129,18353.393912601885,15000,1440p
1.479221315123076,1.2918766694536776,12108.713653127992,8000,1080p
1.2059736290311716,1.0054725874646466,15173.071698378992,15000,1440p
1.8127959816754502,1.3736536742014538,10530.350585678998,8000,1080p
1.44780271281035,1.1237840808489181,13048.142914225093,8000,1080p
1.73331522413016,1.4565307692974594,10519.138563158152,8000,1080p
1.5065139886430103,1.1690912205871304,12540.875568729629,8000,1080p
1.5738965707470973,1.753871702791493,10083.16362254389,8000,1080p
1.3553340152834987,1.0863321355081805,13742.432391553777,8000,1080p
0.7168663378499995,0.9467540021577006,20169.524976981644,15000,1440p
1.9944345647614152,1.3946480482737955,9900.7418323005,8000,1080p
2.00186258413546,1.5225794432612711,9520.494801494693,8000,1080p
0.6908000234397154,0.6673663460772437,24705.68610231003,15000,1440p
0.9580046969658844,0.6410295386628038,20984.186112067506,15000,1440p
1.4874507493193392,1.337367489379995,11878.439306399368,8000,1080p
1.0646792262538833,0.917241194348408,16930.262008099722,15000,1440p
1.356962715083148,1.572342742886058,11454.739862896447,8000,1080p
0.7456633305899124,0.9211167551097151,20131.28923718548,15000,1440p
1.4344990960169048,1.2059382275709307,12707.907019889462,8000,1080p
1.8283374544239588,1.4211157523675166,10326.177933527406,8000,1080p
0.8542982258523614,1.270046586468903,15795.190971533095,15000,1440p
0.8773296301623931,0.6780092754613497,21573.71096336303,15000,1440p
2.490996041661604,1.872597926235632,7689.632043416148,4000,720p
1.3581446447259065,1.0034875054745973,14208.153457409195,8000,1080p
1.293315419188427,0.9286098489417192,15101.512405157362,15000,1440p
1.2223241305679828,1.112545040997963,14371.011621818525,8000,1080p
0.9415002038030008,0.886716182165855,18353.643615450896,15000,1440p
1.3623376125008444,1.2042736498945383,13073.437528940052,8000,1080p
2.3091294044578814,1.6661590287064123,8440.754064552488,8000,1080p
1.1028637713315599,1.4049638719126853,13379.87963024141,8000,1080p
0.9789755160142237,1.0526960125523346,16515.677622196272,15000,1440p
1.6988693491062268,1.1846446284849925,11636.64621040961,8000,1080p
0.5854352414958899,0.7666901132559425,24816.065967610335,15000,1440p
1.3228361172697012,1.3575778667192688,12518.376713609205,8000,1080p
0.9771656192710845,0.888464784318622,17985.573099278976,15000,1440p
1.013763440939642,1.1719727273198508,15351.547221144938,15000,1440p
0.7542922603825244,0.861919663726332,20761.158545777453,15000,1440p
1.2155614129489705,0.8578017233021871,16183.577017130574,15000,1440p
2.322921236689873,1.5747968145697722,8608.737614860584,8000,1080p
1.2805934399992627,1.138706600867584,13869.479367254213,8000,1080p
1.035332096391749,0.7349198178872995,18954.60851043076,15000,1440p
0.9181056311694293,1.1650113334280174,16107.800267703282,15000,1440p
0.7859210840993325,0.6002865700428666,24205.92030330684,15000,1440p
1.4728706626867671,2.067778200407237,9476.916039247784,8000,1080p
1.1290698489704327,0.8170701489503747,17241.530432470667,15000,1440p
1.286832660630985,0.879453653865164,15489.38003968526,15000,1440p
1.0089771588881076,0.7378563690000932,19208.7176392618,15000,1440p
1.321818691292252,1.519697010932685,11808.638598662863,8000,1080p
1.0021098922740848,1.0676466927371457,16211.776903136624,15000,1440p
0.9500885542100009,0.7193661410125488,20099.037186227426,15000,1440p
1.1498298870329515,0.7771923822891889,17412.581335556275,15000,1440p
1.4711231120699018,2.054854333666691,9516.349017085198,8000,1080p
1.4169299397377164,1.1394042579179386,13125.995822757393,8000,1080p
1.4610293848194305,1.3965144572445105,11742.40321568063,8000,1080p
1.2208406156931133,0.9356236402668774,15559.929596450747,15000,1440p
0.9882796240352061,1.3727830817632953,14211.580199710126,8000,1080p
1.0268696391871723,1.3728793087678144,13982.475970494475,8000,1080p
0.8952715159964231,1.0868932293311118,16928.17515753739,15000,1440p
0.8864421188525555,1.3089575556136226,15283.974207638943,15000,1440p
1.1358891743125965,1.4140317087901662,13159.009058810765,8000,1080p
1.7397891978048035,2.0918174112642944,8757.274799709192,8000,1080p
1.1345453799905452,1.6579879641293245,12015.767715237593,8000,1080p
0.8099151570809846,0.9775836796039157,18771.72242653323,15000,1440p
1.0054637493826923,0.7225601973554081,19417.804980850484,15000,1440p
1.7008116574286922,1.1663457060066675,11703.031172239487,8000,1080p
1.1174324514938798,1.4813678640376355,12911.50836001701,8000,1080p
1.3570098016049477,1.1410055044574692,13432.436510123445,8000,1080p
1.1999145537774678,0.8421398604803205,16431.70317388227,15000,1440p
1.5451159573873086,1.5453404592048372,10857.435756042973,8000,1080p
1.335148186040805,0.9726721818801913,14539.447032538137,8000,1080p
2.0121405124929446,1.4316647947455183,9743.417239491626,8000,1080p
1.0178369407541081,1.4990515978125407,13331.711550130474,8000,1080p
2.4928198830777344,2.100426222165213,7305.167463528547,4000,720p
1.3454743568065268,1.2359500536054435,12998.417410426919,8000,1080p
1.5668994955836324,2.2544626542104487,8780.751649463038,8000,1080p
1.0872061612840804,0.8296390461073817,17505.029550958123,15000,1440p
0.9877071027267775,1.1829468229005373,15458.213584324747,15000,1440p
1.2918493641278765,0.989473190641222,14708.324313830393,8000,1080p
0.6935762161788307,0.992776734096067,19897.632932969453,15000,1440p
1.16702711642936,1.521652944295365,12479.890222027947,8000,1080p
0.7306228749001795,0.8882080059199702,20727.570988144413,15000,1440p
1.0725029259280483,0.7520107560328719,18390.890861359247,15000,1440p
1.1527955950965816,0.8681031640795207,16603.717453752986,15000,1440p
0.6988632002026186,0.979277961981064,19994.99967948898,15000,1440p
1.4366048464382557,1.4838247823900546,11489.553341321973,8000,1080p
1.0680260945635534,1.573192850059735,12704.146344363664,8000,1080p
1.0991387482660062,0.9967667300889638,16009.51586153405,15000,1440p
1.398322420404687,1.0650280474701446,13621.460867055552,8000,1080p
1.1379230173270156,1.5202512550819196,12623.112166980587,8000,1080p
1.1684692860249337,1.535502822597904,12409.311432243152,8000,1080p
1.0899603015136492,0.8225486742038584,17544.718705130013,15000,1440p
0.7948861466272257,0.760978422856309,21566.422076915285,15000,1440p
1.4944085830845077,1.2310208648648597,12311.612771795137,8000,1080p
1.0638945769415715,1.5624109681288691,12776.286469402412,8000,1080p
1.7749832012151237,1.9311623082935958,9053.727629935373,8000,1080p
0.9618305568130792,1.4062839605267397,14169.260715352904,8000,1080p
1.1087647035552846,0.9461798006128812,16328.631713381825,15000,1440p
0.7250369123879578,1.067208435089281,18722.008148734298,15000,1440p
1.1929998189155957,1.1975503182250935,14036.280385289927,8000,1080p
1.5430193025651135,1.3197822465493565,11720.837586656733,8000,1080p
1.2133036139710884,1.5012659647142717,12360.866438446601,8000,1080p
1.8862149382009585,1.365042224608136,10320.448466466089,8000,1080p
2.104284430225764,1.735843110204209,8737.843117638475,8000,1080p
1.2225184442374675,1.0600176118367315,14700.504691133447,8000,1080p
1.3275450070093775,1.3336880772301518,12608.603206805717,8000,1080p
2.0634779193536605,2.009898529057116,8237.498405798273,8000,1080p
0.9992982474131906,1.1297137995802908,15760.564646585457,15000,1440p
1.0500567034115158,1.2394056601924097,14656.031273290188,8000,1080p
1.0632569206568763,0.9358709614775731,16784.53504643948,15000,1440p
0.9019126577742657,1.128302651851579,16527.523874393333,15000,1440p
0.862850602754412,1.1375893080081956,16773.52657256692,15000,1440p
0.8198420766824589,1.0109703703317892,18327.61845961978,15000,1440p
0.846422369077284,0.8695083974971475,19554.653750387497,15000,1440p
1.2059840907225006,0.8156259154875656,16597.87589937035,15000,1440p
1.458618458047096,1.1667091469537743,12781.045663056926,8000,1080p
1.6401902293825001,2.0837786827255744,9010.395304563757,8000,1080p
1.3866115865944895,1.1356201952197351,13303.468873056749,8000,1080p
1.0517853852001486,1.562328997403163,12835.869854548688,8000,1080p
1.1251050934169273,0.7814224920211521,17599.762131052463,15000,1440p
0.8909939487084151,0.6189244499228543,22222.67907352931,15000,1440p
1.090090085642297,1.1147656063222053,15218.425460807988,15000,1440p
0.7416276944908919,1.0195614985144321,19052.145069515293,15000,1440p
1.2691491696109596,0.992668471522065,14835.162388773038,8000,1080p
1.079479331335051,1.5894090646277466,12572.43729290347,8000,1080p
0.9558141521422276,0.7957415477706318,19156.93117933352,15000,1440p
1.5938825592915427,1.3176561763835961,11524.638703533947,8000,1080p
1.219794926967743,1.819116721550907,11041.595110656299,8000,1080p
1.2783501318671182,1.6344862995590548,11519.504369687931,8000,1080p
0.957877720904062,1.0886896610211818,16395.46896737635,15000,1440p
1.468163750457872,1.3183799062954056,12041.595658722146,8000,1080p
0.9338394239262195,0.9516965536482747,17795.699683844578,15000,1440p
0.9598056949078548,0.9604957325676728,17473.52343746962,15000,1440p
0.9744325761759087,1.1256733581333471,15977.494969098481,15000,1440p
0.9028026995075377,1.322919043947783,15075.753336492297,15000,1440p
1.1336814000865596,1.002394127951114,15708.448301369335,15000,1440p
1.0391831985381201,0.8743598780518709,17535.237335652415,15000,1440p
0.9217603642493362,1.1662249004028145,16070.243678462943,15000,1440p
0.8124028911766942,1.1786773835377202,16852.375278948908,15000,1440p
1.4313156072037123,1.8021931759893883,10377.096290694126,8000,1080p
1.4592370940601964,1.7401652208300717,10487.718860436855,8000,1080p
1.0429094353454278,0.7040268093480464,19207.588200156453,15000,1440p
0.9114262722729836,1.0346024616253058,17242.516215463933,15000,1440p
1.1464602770242074,0.9076542377176908,16335.22949143668,15000,1440p
1.459972298116643,1.4734062269994719,11438.834679091333,8000,1080p
1.5901042064165034,1.2298510567503909,11898.923517785657,8000,1080p
0.8617429999281729,1.2761383211372441,15695.179928546308,15000,1440p
1.1264488416401537,0.849221385561431,16983.822268520893,15000,1440p
1.8457478008596684,1.3239788392267642,10585.907180653607,8000,1080p
0.8670290786220902,1.2519587504260747,15835.122571266691,15000,1440p
1.080126630115816,1.1067597125297512,15343.473204651234,15000,1440p
1.0499276292800757,1.2054856673727372,14877.287479770144,8000,1080p
1.2699512941027375,1.1993314219053124,13588.736430409863,8000,1080p
0.746441332273232,1.0987796562454752,18184.50592573011,15000,1440p
1.195910661385074,1.146846355152541,14322.625762355177,8000,1080p
2.0889240570185605,1.433308993494665,9526.465602584352,8000,1080p
1.3063652263248922,1.2622002119353666,13063.491200258108,8000,1080p
1.1232744871883296,1.311424727588082,13781.756611393757,8000,1080p
1.3380596888230243,1.0142474435341904,14264.477430876794,8000,1080p
0.9165856032492229,0.9430624693692212,18043.431170691496,15000,1440p
1.8416967508419313,2.740635718000714,7322.566013739025,4000,720p
0.9405503556172174,0.7109852196027555,20317.11124087096,15000,1440p
1.004160121977536,0.815023246275447,18444.777247619262,15000,1440p
1.5870579509249028,1.8524962017854831,9755.459722464013,8000,1080p
0.9422960324356047,1.2773425954983675,15117.069768799387,15000,1440p
1.5099334689019508,1.0249351872656898,13237.148172690537,8000,1080p
0.5723558299635851,0.628984141911415,27930.837885656692,15000,1440p
0.8873895049560451,1.2996282379723962,15342.551338916088,15000,1440p
1.369032696699922,1.0810175494759573,13695.405656423938,8000,1080p
0.7240072553439653,0.6871711947758824,23777.596658417162,15000,1440p
1.0650431768863782,1.0936150207342128,15544.11533840133,15000,1440p
0.6496127947909796,0.9055427466506789,21576.254661250416,15000,1440p
1.442409342874634,1.3494650373526618,12018.603787348133,8000,1080p
1.3066039278058013,1.0548603489572341,14209.163496639703,8000,1080p
1.1941175883382429,0.8800777831858793,16177.083634770695,15000,1440p
1.654813690264231,1.731079913723271,9910.066861074309,8000,1080p
0.7646168994816067,0.5478475996978256,25565.973038492553,15000,1440p
1.7511174739656374,1.233008572291429,11244.307874356278,8000,1080p
1.2608220754192005,1.0997674818927996,14214.428720174625,8000,1080p
0.7046531789198446,0.8802609727706635,21171.13533512842,15000,1440p
1.5984510861757446,2.101490424958069,9068.908764916543,8000,1080p
1.575560709813517,1.170710214435603,12218.179824765244,8000,1080p
0.8372248680380429,1.2272632320613552,16253.148661106097,15000,1440p
1.843530879832395,1.6634584913075579,9567.873879553012,8000,1080p
0.9685106294864844,1.2896986880885768,14858.867040736437,8000,1080p
1.4226803662831782,1.1769875348066896,12907.199410329627,8000,1080p
1.1195923156647205,1.1416180503948716,14839.14654896629,8000,1080p
1.575236659533379,1.5722531470425347,10660.696002857956,8000,1080p
1.0573442640865602,1.5200682998884565,13018.649970515644,8000,1080p
1.1406034138329255,1.2529536827684435,14018.64699515387,8000,1080p
0.8725748511135323,0.7775068296237886,20335.01274010058,15000,1440p
1.436099810385724,1.1769739259534975,12840.98168887036,8000,1080p
1.0388584048733496,0.7141900522672797,19140.618653936195,15000,1440p
1.4656428641033894,1.4887283923107562,11357.554311141836,8000,1080p
1.522109799873421,1.204415707232169,12306.663521963721,8000,1080p
1.2536326443841526,1.6513902593231402,11550.487934941566,8000,1080p
0.9829371719565687,1.3627866787571374,14304.510733346035,8000,1080p
0.940085745980853,0.9706857596802999,17560.672168590725,15000,1440p
1.2819057620397598,1.4142751841868768,12445.170657763214,8000,1080p
1.6197989322973305,1.4890470468473158,10793.211444084474,8000,1080p
1.4335940117638915,1.4792856947408835,11519.333230640912,8000,1080p
0.998930395075867,1.2853686533836421,14689.159032232892,8000,1080p
1.635434123643425,1.4676080771304527,10813.398538902162,8000,1080p
1.7869308299260769,2.072564327700136,8693.995102882236,8000,1080p
1.1340959899314442,1.067300732071907,15242.337587140697,15000,1440p
1.302660077816154,1.5245877973721504,11868.2313972082,8000,1080p
0.9779696961348471,1.2499746444455782,15060.713765972441,15000,1440p
1.2773206272145992,0.948931440619172,15072.162081201233,15000,1440p
1.2186847481503966,1.1635142471657722,14085.486588641015,8000,1080p
1.6170100972774868,2.017621501903677,9231.866032188622,8000,1080p
1.3283640964350225,1.5283202329751904,11745.93624312967,8000,1080p
1.6506367060074152,1.7882948444590694,9757.225902169645,8000,1080p
1.176176874116242,1.076242116156401,14897.064953238749,8000,1080p
2.2259324504507747,1.8998005801306244,8132.962494490707,8000,1080p
1.0917942674118544,1.3258686781258746,13878.870941018176,8000,1080p
1.0183013154781952,0.7692143029195937,18771.54619218151,15000,1440p
0.9706207088895332,1.0009514126921095,17019.124805377054,15000,1440p
1.9165525792442206,1.4174959748000437,10064.170169117015,8000,1080p
1.203290242509963,1.193590104362347,13999.210283394075,8000,1080p
0.8787507518719659,1.2712598789312322,15606.63539020027,15000,1440p
1.2744913447904676,1.6703221693432342,11394.416603616737,8000,1080p
1.3606918656585574,1.5848265105080532,11391.689921713809,8000,1080p
1.07258498789599,0.8198424920362644,17730.8945023358,15000,1440p
1.1146620503118805,1.6526165622877858,12125.425986101898,8000,1080p
0.9498100503945898,1.2715756535800806,15105.180491601206,15000,1440p
1.741825175546309,1.1614186020466328,11557.5661468634,8000,1080p
1.123933998485698,1.1341994302828826,14859.366400814548,8000,1080p
1.1081989782596062,1.5656707138074772,12549.015421189108,8000,1080p
1.1520779738087128,1.425887579356478,13015.857391423377,8000,1080p
1.7254676503872093,1.1661533151897803,11604.021550350255,8000,1080p
1.1744680570148986,1.0534332821714356,15061.004457340388,15000,1440p
1.0097058439847042,1.053449255475123,16263.649789967407,15000,1440p
1.474626095658849,1.749713492428579,10406.606091979096,8000,1080p
0.9821275115042055,1.3171850703780112,14593.245070025387,8000,1080p
1.9933938006617806,2.1042122215047856,8188.789214600589,8000,1080p
1.067965595861743,1.107363323961443,15424.992374361185,15000,1440p
1.4858634812251454,1.4987582715479653,11242.44034233935,8000,1080p
1.5533094138489842,1.77266193917701,10088.611247199085,8000,1080p
1.6401991910497336,1.194736448007198,11836.047188415962,8000,1080p
1.4666007184290752,1.3307088001040548,11995.251786650866,8000,1080p
1.516121152258978,2.1391928613968196,9179.630498130891,8000,1080p
1.1479501177809357,0.8460740116175849,16827.49546773107,15000,1440p
1.539910197416625,1.4991520133498761,11041.048084217078,8000,1080p
1.2383966631012115,1.1061892239827045,14311.453542754794,8000,1080p
1.1133898803464395,1.13542329522051,14920.951355392417,8000,1080p
1.3348461267752623,1.2522427933402882,12969.956981030755,8000,1080p
1.012200250826174,1.0661782988820474,16144.523818680973,15000,1440p
1.4847091221642885,1.3686415604628772,11759.659338159383,8000,1080p
1.2051947991123055,1.1735048393087701,14106.208055033225,8000,1080p
0.9989993953035718,0.700581111912389,19742.772912219763,15000,1440p
1.2367693801304087,1.1904038440686726,13824.490013922386,8000,1080p
0.6759038572731456,0.688176912491376,24598.566847176087,15000,1440p
0.8038711568302132,1.0727098584144485,17880.61998251927,15000,1440p
1.524377376901468,1.3037239606587987,11864.649810938734,8000,1080p
1.3283202579200435,1.3164618485335333,12687.030783414359,8000,1080p
0.6939387915657058,0.8318193458337493,21991.973155844422,15000,1440p
1.2595012177551674,0.9407929576495935,15249.975378327494,15000,1440p
2.067186905856678,1.490391923794407,9431.816863855945,8000,1080p
1.1034098892047561,1.1442456127656158,14928.636515064267,8000,1080p
0.9499133126788285,0.9419929854596406,17735.779003968484,15000,1440p
0.798544801904341,0.6946044813531876,22472.25537073961,15000,1440p
1.0763294885884322,1.0386401399566427,15865.207493822352,15000,1440p
1.176428490462529,1.1025819957283065,14723.245989132443,8000,1080p
0.831224588607115,1.1723487066227818,16747.294486249302,15000,1440p
1.151005129641182,1.673304090038607,11880.580131308812,8000,1080p
0.763104466334648,0.7366216196755069,22373.706980897845,15000,1440p
0.9029160898630547,1.0292064625572301,17366.616811116794,15000,1440p
1.0338580225143346,1.4901330784296218,13294.195842232113,8000,1080p
1.676823167069513,1.172171409956333,11777.639827952398,8000,1080p
1.208613163046381,1.3217800170471126,13260.560557928877,8000,1080p
0.8072060749545648,0.6881850455801731,22438.56576331766,15000,1440p
1.2439603111769912,1.2770014764917672,13310.170810256202,8000,1080p
0.8033333387442817,0.9636996112770072,18989.137695251095,15000,1440p
1.667741662694948,1.242930719323314,11528.068980657088,8000,1080p
1.8567453652533203,1.5219354468713424,9931.222825070445,8000,1080p
1.3334494943624613,1.5785836467711556,11522.682048507762,8000,1080p
1.403569244539652,1.02661773279447,13807.345818636844,8000,1080p
2.3326082295062367,1.6998463991928894,8321.093500021523,8000,1080p
1.1025239817549792,1.618234638747711,12332.74857502811,8000,1080p
1.316248838323299,0.8936098068464982,15183.972094025861,15000,1440p
1.26754869032465,1.3256377579503797,12939.459876600922,8000,1080p
0.9385891975481779,1.333827655886757,14765.96688203569,8000,1080p
1.252370660972709,1.4698654738825678,12326.054882003786,8000,1080p
0.7908412703813149,1.1329068962332736,17442.216492946205,15000,1440p
1.0973737822344554,1.0031553905738229,15974.275641761162,15000,1440p
1.2395628275882038,1.6288396871978088,11697.95097690577,8000,1080p
0.7191589304001423,0.7686552073524592,22552.838522347432,15000,1440p
0.7425051461183064,0.7649177470656826,22259.468229997554,15000,1440p
1.3365844052051534,1.8108173866983288,10660.994121029265,8000,1080p
1.1685541707480358,1.132223604404636,14583.951723791943,8000,1080p
1.292092655930168,1.232008516773081,13293.616104961453,8000,1080p
1.3317381439352327,1.4492621728382669,12065.598050319411,8000,1080p
0.8688631748557686,1.0263484955403723,17704.846653348428,15000,1440p
1.2843272457435282,0.920992620807662,15215.222294475772,15000,1440p
1.0581231112609064,1.0959930413196295,15576.890763203866,15000,1440p
0.8395289548786327,0.9439104959904188,18814.449788945327,15000,1440p
1.2810734200688403,1.1275898718575252,13930.72751698903,8000,1080p
1.7115237148877902,1.5911697249086856,10159.717397830223,8000,1080p
0.9028373612634693,0.8716195239089322,18909.691342959817,15000,1440p
0.9797112388324124,1.0461109854339594,16563.36454308144,15000,1440p
1.2428727009886344,1.8099642380573568,10991.229688961288,8000,1080p
1.1112859007470492,1.1444127754637925,14875.405280799856,8000,1080p
1.3072373095538214,1.357457264364728,12592.224387899265,8000,1080p
1.2969608476907277,1.1865538984672646,13510.864814436414,8000,1080p
1.2213903963044623,0.8768199040623925,15991.929881448625,15000,1440p
1.3467274028467193,1.581362041958909,11459.496928799386,8000,1080p
0.8991634297108103,0.7975766672027479,19775.82309809082,15000,1440p
1.1159263150076457,1.3991571528642934,13341.279694542725,8000,1080p
1.2603457540556466,0.955928542014514,15140.017668164017,15000,1440p
1.5835333634235662,1.5756542944048093,10621.221539927548,8000,1080p
1.357128612680004,1.1128820353398439,13584.731720448182,8000,1080p
1.3123390758190543,1.0087000804079613,14456.641935565052,8000,1080p
1.3808339670644534,1.9732962551294335,10003.914510526232,8000,1080p
2.729715889609003,1.9122126947644924,7228.554121439316,4000,720p
1.7571703838534265,2.024101178574358,8873.84876913104,8000,1080p
0.6734907011450262,0.796472559265714,22826.71472389327,15000,1440p
0.9875969754250601,1.4042613085559963,14028.603711483833,8000,1080p
0.9625687606124322,1.4327641378464757,14008.254143542223,8000,1080p
0.68704661819883,0.7916132292005584,22692.46173081272,15000,1440p
1.0054800826069907,0.8299845832266284,18281.164777835955,15000,1440p
1.6726354254236508,1.1405893815279444,11927.390913476094,8000,1080p
1.1063311010763124,0.8934833502858945,16778.772639203522,15000,1440p
1.2179333235326313,1.4327202750559347,12658.927601051771,8000,1080p
1.2005349305863167,0.919290009189627,15828.869342176227,15000,1440p
1.0882089018323147,1.4509038780369001,13215.022296775776,8000,1080p
1.995668171803907,1.3832085925475177,9930.646880647857,8000,1080p
2.2262235606725147,1.5545930152112448,8874.916655314522,8000,1080p
1.529054592343905,1.2362092156080684,12134.260718094485,8000,1080p
1.1446349053984208,0.7986612405383398,17266.76197560469,15000,1440p
1.8171522545645207,1.5232207813131864,10045.115213062823,8000,1080p
0.7162183918633493,0.943534712114475,20216.52010746793,15000,1440p
1.2926286403514538,1.735419189378875,11081.209375410786,8000,1080p
2.191621869191733,1.969884753491606,8063.049045050927,8000,1080p
2.1845356391654938,1.6995818909349918,8638.881738249542,8000,1080p
1.3123865096430019,1.1411153649656602,13676.138725327852,8000,1080p
0.7134377849522824,0.892252948205748,20897.19477548832,15000,1440p
1.6428171451358056,1.1742570845964817,11911.092595947941,8000,1080p
1.3713106107985247,1.89705561327565,10266.423558303939,8000,1080p
0.8341955834364803,0.8918698792744615,19439.837436582347,15000,1440p
0.8778261845692866,0.8797528316311279,19091.279362528432,15000,1440p
0.8752008867068819,0.9681422514459697,18203.03084406938,15000,1440p
2.3426948369983043,1.8792438355541838,7947.636051215722,4000,720p
2.2046493536288985,1.8906337117078937,8193.434120344626,8000,1080p
2.146082713007503,1.6296878356344213,8886.777299555164,8000,1080p
1.16287384948264,0.8536862287502527,16639.440779470195,15000,1440p
0.8800505493946368,0.7014571314695756,21216.73666590366,15000,1440p
0.9105414353610114,0.6773046859298023,21132.04267723529,15000,1440p
1.7909401007006815,2.5171834818168186,7788.6419359381725,4000,720p
0.9983687171695994,1.2786465321779903,14736.147247856165,8000,1080p
0.899653869914411,0.9599993097176793,18043.38161949011,15000,1440p
0.8887141068099225,1.2597182423539866,15618.10033862977,15000,1440p
1.1240280049089297,0.87690093782625,16769.427081269863,15000,1440p
1.2509087354163517,0.8363128701103566,16076.123355158818,15000,1440p
0.7794716504711661,0.8410702174844131,20705.686575275675,15000,1440p
1.2487020680676275,0.9983306105183358,14932.774373853563,8000,1080p
1.4201806520890856,1.2718802841433,12464.217116481905,8000,1080p
1.4197754234308946,1.07797949394667,13433.83682944737,8000,1080p
1.1765243957312235,1.1906209139716926,14175.062199376,8000,1080p
1.1409543321623885,1.6152763512112904,12174.028902010747,8000,1080p
1.1705691193601502,1.5188170061085446,12476.613782690752,8000,1080p
1.0738519581429076,1.4429716233931709,13332.05563002589,8000,1080p
1.1261178003980008,1.475033177403729,12899.84021933142,8000,1080p
2.151958908850674,1.4514895472882974,9311.755782946027,8000,1080p
1.3361142598418152,1.1459719015098215,13518.641102179832,8000,1080p
1.563105098139225,1.0984638191355014,12607.012270926863,8000,1080p
1.1238720436541874,1.3154454205474795,13755.664234946804,8000,1080p
1.182743098356178,1.4984312943226523,12514.826372959242,8000,1080p
0.993021975907365,0.8858569180279451,17858.751890985517,15000,1440p
0.6583556844978342,0.9755551924650718,20536.268209665497,15000,1440p
0.845259235003532,0.8901527167615215,19335.13939780837,15000,1440p
0.9279985441800419,0.8621597766825412,18743.834893794134,15000,1440p
1.087470987537251,0.9250611279895768,16672.743625368847,15000,1440p
0.9234641173208384,1.1133126736134455,16474.28041666183,15000,1440p
1.2680957096373051,1.1746325951223149,13736.456868584068,8000,1080p
1.3265284738169734,1.7501481194167128,10906.064054244067,8000,1080p
1.4044580681391903,1.1810306504596504,12977.984300849792,8000,1080p
1.5355912543896155,1.6408138659261577,10563.650015985455,8000,1080p
1.0877743988353932,0.7451018836428238,18306.98139354574,15000,1440p
0.8905493523143144,1.2199815089083608,15898.574437599651,15000,1440p
0.7364670948763058,1.0309880091836243,18984.602167785673,15000,1440p
1.4082219777442089,1.943121305243225,10012.233652796414,8000,1080p
1.0662414020087478,0.8073929142007161,17908.74116134024,15000,1440p
1.138407080019138,0.8360678353326596,16994.10397119252,15000,1440p
2.1229009534284358,1.6027721658470089,9006.273745917233,8000,1080p
1.181118961712965,0.882366620916053,16261.045040716699,15000,1440p
0.8308916987101711,1.0644346602133024,17703.775311318197,15000,1440p
1.1873169467404026,1.5149721419699427,12417.040108767082,8000,1080p
1.207772012711606,0.9937285453767564,15241.618666286622,15000,1440p
0.9656607831350572,0.6661717886125611,20562.42324178193,15000,1440p
2.070059293799604,1.898701750562,8454.63650366922,8000,1080p
1.1396607015570293,1.2907136045748564,13806.281573723627,8000,1080p
1.3868151377866187,1.269498690618205,12631.953213205306,8000,1080p
1.333814836047035,1.144007101265613,13541.906096929577,8000,1080p
0.6385370666936154,0.8042168117546027,23257.21143518264,15000,1440p
0.9070373648205788,0.9531210475751134,18038.48090377709,15000,1440p
1.0984358732577222,1.427662692055183,13283.104808637443,8000,1080p
1.1051667730198411,1.4918533365072668,12920.35894404758,8000,1080p
1.285484437559603,1.2141556320666078,13423.705439726622,8000,1080p
1.56941053330466,1.1210466716412593,12471.646803493562,8000,1080p
2.2589882348806407,2.439473490963695,7141.578235155275,4000,720p
0.919838043199521,0.8618353335107753,18833.099511177137,15000,1440p
1.5213381276080487,1.201674754940452,12322.53883742041,8000,1080p
0.975411700662903,0.8482652858579295,18399.328525834142,15000,1440p
1.1600820600419541,1.664526776162655,11879.319914996322,8000,1080p
1.4450055652399152,1.7937829695620582,10360.179937481344,8000,1080p
1.079086991528373,1.2059330903980983,14684.523897799047,8000,1080p
1.098521828925778,1.5501769936644823,12668.270062953357,8000,1080p
1.1393884948125352,1.5423142482245846,12512.360695875808,8000,1080p
1.404955821472094,1.2127799803605885,12818.1124987894,8000,1080p
0.9768739390799113,0.9564593383860387,17355.741191182682,15000,1440p
1.6120291985503463,1.8598380478757652,9664.66446392512,8000,1080p
1.3278510314485434,1.2085917984155132,13228.932899622416,8000,1080p
0.7818342306593681,0.9495206409728755,19380.447388215907,15000,1440p
1.5482939493047443,1.0697320975627473,12816.691430609864,8000,1080p
1.3142182295211975,1.0425946053478348,14237.20691926078,8000,1080p
1.2894056390712916,1.3336453468032958,12792.138689142621,8000,1080p
0.9063609219421652,1.1707693630897835,16154.225973111692,15000,1440p
1.418515162739712,1.1550935932643067,13037.891607152897,8000,1080p
1.2543290511379035,1.2190226466748988,13566.381210432935,8000,1080p
1.735124332908263,1.8728626996192985,9300.042294357574,8000,1080p
1.7350484415074618,2.173316433973816,8585.286448176897,8000,1080p
0.8421956113384252,1.1175370905589517,17121.94319537211,15000,1440p
1.1993926460716084,1.430853806198934,12757.143715956488,8000,1080p
0.667765759406896,0.9264928063272293,21047.045141356248,15000,1440p
1.194401239798054,1.1947676381032957,14044.395233155003,8000,1080p
0.8191573096094656,0.834585041492785,20289.999816256346,15000,1440p
2.1443113421185265,1.9914169532304546,8113.306678713673,8000,1080p
1.2784041460000761,0.878300970727782,15558.191863943186,15000,1440p
1.3141007840064294,1.333948891614381,12671.375582156887,8000,1080p
1.075943186829147,1.0290861619741727,15940.125499473552,15000,1440p
0.9252444209528213,0.8280499645094984,19137.933867935222,15000,1440p
1.8182657596413923,1.8987591725990631,9027.228122404575,8000,1080p
0.9147473897032556,0.7642541461541583,19984.7536070685,15000,1440p
1.1763390036632384,1.0088163905168799,15355.627379804628,15000,1440p
1.1961908761168691,1.1270087797326502,14443.197731849794,8000,1080p
1.432831389492466,1.130960212569482,13087.815707413038,8000,1080p
1.656697665800153,2.314556041891817,8449.32972552421,8000,1080p
1.0341581821029293,1.2215723057177796,14875.195499271449,8000,1080p
1.208547853692295,0.8718621420428567,16128.759268022512,15000,1440p
1.2921671596762887,0.9367773810425644,15053.955532324917,15000,1440p
1.034867273632176,1.0007742202209993,16483.468283251736,15000,1440p
0.7022981131711616,0.7273105706487879,23471.06056346953,15000,1440p
2.1966227948142336,2.1362699883865996,7744.117770486896,4000,720p
0.8455015144710323,0.75668009741571,20942.964112842383,15000,1440p
1.6858422267515953,1.1624332107492474,11780.613475163625,8000,1080p
1.4325922588325959,1.6589724309686735,10853.543550517434,8000,1080p
0.8490244989519151,1.1502567311237957,16783.24764682022,15000,1440p
1.1667409123456838,1.4101067776031662,13021.503805165159,8000,1080p
0.8675271149999849,0.8181482395786862,19905.631240830957,15000,1440p
0.9637836422954497,0.6542054940932333,20738.35432226249,15000,1440p
0.9832789094036455,1.0001271776661018,16917.580428308953,15000,1440p
0.937645904561978,1.4034697305647672,14332.667509686426,8000,1080p
1.8923325647826024,1.3338838304561997,10400.552191576204,8000,1080p
1.4623283147012078,1.3073947201350753,12114.724677510358,8000,1080p
1.5479865883801827,1.6946118408042259,10348.007233334702,8000,1080p
2.4005352516321676,2.055507088300146,7530.097211892669,4000,720p
1.7439378397273937,2.1432655316580718,8632.023795565045,8000,1080p
1.5610023879511954,1.1290071177929026,12473.722463935432,8000,1080p
0.7624069357817109,0.9010354494193364,20171.68270961458,15000,1440p
1.3001296818825894,1.2319567888519145,13251.692778985775,8000,1080p
1.1603485016671977,1.1849359352443265,14307.190834467572,8000,1080p
1.3079352778354711,1.2525680827289993,13104.623300554007,8000,1080p
1.7096149080806975,1.8404508953593357,9451.777476204968,8000,1080p
1.654946148494022,1.7531236293560288,9845.582452002349,8000,1080p
1.52312115570227,1.060447858036078,12987.627511234054,8000,1080p
1.4566294743673556,1.39009779628896,11787.020255110001,8000,1080p
0.80284798271519,0.8170389956959045,20714.05749116687,15000,1440p
1.336353055716435,1.8752163007460094,10447.986101399452,8000,1080p
1.0703517370397955,1.0360417869295055,15929.802108757825,15000,1440p
1.1123031435328044,0.9580938864847439,16206.762042986315,15000,1440p
0.9482874245336805,0.7372461038948972,19907.306163931837,15000,1440p
1.0323732968546302,1.4135244375782217,13718.656969025122,8000,1080p
0.8662745887417299,0.8074962997941987,20047.20731482583,15000,1440p
2.0511675581071507,1.6444123511421167,9079.612083619202,8000,1080p
1.2247247392830312,0.9650731661493792,15323.072470184936,15000,1440p
0.9064666026390983,0.963420585083873,17944.62907725489,15000,1440p
1.0542154126775605,1.3974124349771933,13686.592780424822,8000,1080p
0.7803653452222779,0.5606292271354729,25022.049075861836,15000,1440p
1.668494735110458,1.7480295586176864,9821.218617293975,8000,1080p
1.0645926758466508,1.0340177398940993,15988.880903441162,15000,1440p
2.4945708289514106,2.179642345194931,7178.626808377881,4000,720p
1.37877845519905,1.1863447484311442,13081.021586999545,8000,1080p
1.1695826795365365,1.6670041125524113,11829.157526073617,8000,1080p
1.4607283131012316,1.0061665670935267,13601.889674906179,8000,1080p
1.1878137861600107,1.12963781529368,14479.02168871703,8000,1080p
1.0067481684449777,0.8568253831514807,18005.42402592862,15000,1440p
0.9592690413272442,1.2363459335413034,15282.475472280343,15000,1440p
1.6943632881768143,1.346957776110713,11032.847664131968,8000,1080p
0.8834183241589898,1.2590401669175715,15661.64858724487,15000,1440p
1.5851805179237966,1.712028861009828,10176.615478041644,8000,1080p
1.153817129292219,1.1773755355270141,14393.67603818447,8000,1080p
1.2784264998190424,1.2353556594754502,13348.186069320041,8000,1080p
1.1833223175389438,1.6215895783920298,11962.740094858846,8000,1080p
1.2925214376272438,0.8931203322200403,15352.210258291561,15000,1440p
2.341321237616769,1.9888169898971602,7749.044080577694,4000,720p
0.7950793302681999,0.895307142635111,19850.15411438358,15000,1440p
1.4354402614865585,1.0605109706382674,13443.544716791124,8000,1080p
3.027150032032893,2.5982605198016135,5964.79700295964,4000,720p
1.2301157663527251,1.180366282051544,13920.216506989927,8000,1080p
2.0159895468155646,1.4090585769779422,9796.77680056532,8000,1080p
1.5120842300702901,2.033846917536787,9462.798515601113,8000,1080p
1.786803660222661,1.213761718196444,11182.703180318198,8000,1080p
1.037034364032121,0.9383418630843849,16986.350012412593,15000,1440p
1.138885820215933,1.5049802554828973,12691.426509238312,8000,1080p
0.869223061766418,1.2484856395877748,15844.687221874869,15000,1440p
1.5616250326741596,1.994231270342655,9436.38582119648,8000,1080p
1.1385192283376124,0.8248291847207452,17090.4113487078,15000,1440p
1.1300125898465616,1.437905165354553,13066.786088471155,8000,1080p
1.372645605797749,1.1221181065239307,13449.94391022849,8000,1080p
2.078458422491015,2.3159099243042425,7635.78046989864,4000,720p
0.751904908298944,1.1239030201895186,17887.989218085015,15000,1440p
0.8499808288550201,0.9117308051655681,19046.495097169725,15000,1440p
1.0898460875253575,1.474788638221299,13083.51308790421,8000,1080p
1.253569142885664,1.4456111231826068,12431.341626869802,8000,1080p
1.5311277356082154,1.484478186265009,11126.92867347759,8000,1080p
1.8755509554004322,2.506886424581803,7656.56850073144,4000,720p
1.680529143044607,1.1374815887904284,11907.134213839558,8000,1080p
1.0347037967498647,0.9109493144938388,17245.845010137127,15000,1440p
1.3583516572036802,1.2471241628466525,12878.427710510012,8000,1080p
1.7089858243459684,1.4600255979973131,10588.296325921301,8000,1080p
1.4517198116580312,1.6156181494327067,10939.267999039834,8000,1080p
1.114581783035568,0.9206970505752843,16486.405423118376,15000,1440p
1.445918685703654,1.7602702313127045,10465.519302969009,8000,1080p
0.8627058319928416,0.8380940186741306,19728.61885355973,15000,1440p
1.1911307189463227,0.8140929110644533,16733.511164447867,15000,1440p
0.9278891357165405,1.3283804431528887,14871.641365130421,8000,1080p
1.2812736246276344,1.7107939591990855,11214.463263254698,8000,1080p
0.6634281772337393,0.5912651319876857,26743.134559967915,15000,1440p
0.7975163714549264,1.1342810660473859,17369.539553476006,15000,1440p
1.4987473601780898,1.2939207700360944,12015.187782955985,8000,1080p
1.2783738863706278,0.9381644120662731,15138.214405617322,15000,1440p
1.026022888822379,1.1050876807302195,15745.045085597954,15000,1440p
1.0629409981839537,1.5760660883798374,12714.794200757788,8000,1080p
2.1256253715452296,1.4231588382851639,9455.190852983327,8000,1080p
1.5936540432265203,1.0796925949218925,12551.470700125945,8000,1080p
2.116943655947892,1.8350336412321484,8490.542702242492,8000,1080p
1.4654401397871308,1.326598247772671,12017.897801658111,8000,1080p
1.251970840544735,1.22455053855835,13549.017700041952,8000,1080p
0.925296879074767,1.2016438132453642,15775.91332055329,15000,1440p
1.3594980427947203,1.8003418292062447,10619.029241741826,8000,1080p
1.0556021205778796,1.052149802739939,15919.535704743595,15000,1440p
1.1403811961377275,1.653261939093952,12010.99438107627,8000,1080p
0.7705864091435796,0.9361398052535003,19660.114034079845,15000,1440p
1.2280081529154452,0.9675281175557582,15283.023310199556,15000,1440p
1.3988357895289967,1.2410375204826753,12710.622086577194,8000,1080p
1.0549835468225794,1.181603867821164,15002.513105594286,15000,1440p
1.0595030629614948,1.1903806649900275,14913.851584033053,8000,1080p
1.5498917244755062,1.9673326746723727,9540.031624973733,8000,1080p
1.7520885962134813,1.5612695496190625,10127.01631491419,8000,1080p
1.2077800876459517,1.2228720995215754,13804.70318918868,8000,1080p
1.001403098679301,1.1903249340480442,15309.578332237461,15000,1440p
1.7763564307712982,1.9413196656777287,9025.646971249009,8000,1080p
1.3309780880089381,1.1508431906402892,13520.08393540028,8000,1080p
1.1258742313771484,1.4373996827165223,13090.45896948718,8000,1080p
0.886959315694709,0.8968412495749841,18810.640972594883,15000,1440p
0.8546536945378902,0.9146326680975496,18964.95259818711,15000,1440p
0.7570875103208272,1.103484704684666,18034.46903559233,15000,1440p
1.68882171114539,1.6342663480569102,10097.364680746578,8000,1080p
1.1271118423264743,1.656771292270385,12053.103660495108,8000,1080p
0.700176964539877,0.8873114159985531,21136.804786324992,15000,1440p
1.278703636119855,1.2227207741090436,13414.129910457508,8000,1080p
1.2852998828740239,1.492574688619185,12079.174612251578,8000,1080p
1.8016635990949519,1.2974117673650496,10827.239751296662,8000,1080p
1.22451045297081,0.8932056249757891,15844.632030435063,15000,1440p
1.0494598519904315,0.8438331624332354,17722.788677913246,15000,1440p
0.7956972887840728,0.8113596424236145,20879.42956369578,15000,1440p
0.947517126470077,1.2954880616803028,14959.58733277365,8000,1080p
1.816804197146307,1.7072487771730132,9521.54585771547,8000,1080p
1.4597049266572297,1.7420314166500106,10480.073435821976,8000,1080p
2.0873776912478226,1.5066408455761469,9336.187795417443,8000,1080p
1.3254279472848538,1.7660125046327046,10853.97972947752,8000,1080p
0.8869116144128706,1.1751134386346294,16272.562717125753,15000,1440p
0.8771368037796908,1.064694014127212,17279.79167421407,15000,1440p
2.154843199841026,1.7784139431181032,8530.953044874104,8000,1080p
1.2217041394468193,1.5705984185648116,12016.760828344388,8000,1080p
1.4548888172141239,1.2847373479678104,12247.814109255196,8000,1080p
1.402504402877677,1.9340674442715375,10056.559108316249,8000,1080p
1.301488413173087,1.322816085057197,12786.028459208006,8000,1080p
1.1558935692268546,1.3123591678052346,13594.40688409688,8000,1080p
1.4741299596148347,1.1085265695231041,12992.216201199657,8000,1080p
0.9218134399395796,0.8443856349984138,18998.10303160645,15000,1440p
1.3554163288080276,1.561409724656173,11503.748041522294,8000,1080p
1.2648650303294728,0.9635367566383939,15057.62210218684,15000,1440p
1.2837978098081027,0.8800957330473582,15506.507753483,15000,1440p
0.9980641524093159,1.44381552650844,13741.230696047794,8000,1080p
1.4356601471265396,1.0541576602442186,13476.661585705904,8000,1080p
0.9233677882182268,1.3173464050186268,14974.8826071961,8000,1080p
1.414964321756104,1.5853994544144545,11183.454575240334,8000,1080p
1.0266488020550406,0.9065467461417196,17356.977689762836,15000,1440p
1.4249800396939873,1.2729934927342041,12436.901843807496,8000,1080p
1.3816816819638325,1.345717374870742,12302.72186093052,8000,1080p
1.0232737425868033,1.5087416171170012,13252.06494952906,8000,1080p
0.7721540484527007,1.0079241416277271,18849.97647124924,15000,1440p
1.1799083525382292,0.9074701824883882,16074.9147492657,15000,1440p
1.1295889405804538,1.246893815000038,14119.366917856647,8000,1080p
2.056061365882332,1.7448949033090368,8827.892147030281,8000,1080p
1.206077209038485,1.1144912147989448,14459.574497058957,8000,1080p
1.5050537716889165,1.6305862663223811,10700.983401551752,8000,1080p
1.898660095149154,1.5000640816273187,9872.655224356798,8000,1080p
1.5798682607033931,2.108624996288259,9097.056619636363,8000,1080p
1.030919789398291,0.7746167462757785,18584.188875177188,15000,1440p
1.3591141242226523,1.610875887474924,11297.826547511208,8000,1080p
0.8959383517579718,0.9199944969084026,18477.793396734058,15000,1440p
0.8833256695038313,0.9045254962609371,18768.023112061906,15000,1440p
1.170390453953601,1.608759748264933,12073.630267703502,8000,1080p
1.8168075053256785,1.2411099100576437,10972.968671815428,8000,1080p
1.7383477117685513,1.4736698489247444,10446.528191694402,8000,1080p
1.1841824547371187,1.6561892684391657,11813.39460825124,8000,1080p
1.315520591690682,1.192511213826636,13378.790462778406,8000,1080p
1.4731339599111746,1.250482693598453,12319.807178723946,8000,1080p
1.6149469591261651,1.2556787739286184,11688.891245426468,8000,1080p
1.1837036860060093,0.7910136091019839,16992.018089437443,15000,1440p
1.5448696478479742,1.7364921358560363,10225.764244174155,8000,1080p
1.0756423241350759,0.9774682561052663,16343.217127677573,15000,1440p
1.875681703069909,1.271600517270617,10661.39915357496,8000,1080p
1.0994603569892765,0.7890119241611364,17768.02992287471,15000,1440p
0.9267125769221219,0.8792136482030964,18580.178710054126,15000,1440p
0.9179986791387204,1.3315174992451908,14916.28836566361,8000,1080p
1.100041376037246,1.0199432562245037,15827.676997923214,15000,1440p
1.0148197816802722,1.4604671592446152,13555.774664032459,8000,1080p
1.1237346130584338,0.9662498558064707,16054.871459510803,15000,1440p
1.1604003611656117,1.3294419018669963,13476.529215602184,8000,1080p
1.3221282161644698,1.0947199472815752,13883.549867756965,8000,1080p
1.2459539389544756,1.109208403424757,14247.184321953211,8000,1080p
1.2878375737903374,1.1989319070497275,13493.181518644362,8000,1080p
1.3874015313503583,0.9564392434775744,14316.003186036953,8000,1080p
0.831038667389172,0.758601878784065,21108.188313877647,15000,1440p
0.8694687975080337,0.6304890657225779,22370.249740036306,15000,1440p
1.3084144434020026,1.4752917719298444,12053.869699033581,8000,1080p
1.2343263258567352,1.5820435754501099,11914.071366985621,8000,1080p
1.4932886974463715,1.7609949945573695,10310.85030553674,8000,1080p
1.1000251902425415,0.8393896284351612,17301.317736077464,15000,1440p
1.7855247660734237,1.674458624441854,9697.859270648958,8000,1080p
0.9326754985588497,1.282361370047837,15148.475619327533,15000,1440p
1.9792710469523271,1.4352060811772285,9827.106974466999,8000,1080p
0.9185427621071284,0.9185868609811437,18264.596889790475,15000,1440p
1.1350470762240676,1.165943131461158,14582.605300939305,8000,1080p
0.9509504549438546,1.4061530984086679,14235.450942439644,8000,1080p
1.04527694430724,1.0192864127542431,16252.556205278393,15000,1440p
1.0622349123000632,1.3017960726743865,14193.736128362403,8000,1080p
0.8301727471214367,0.9338793610914916,19021.22496482958,15000,1440p
0.9629478440677093,1.0517610014266938,16654.730074293115,15000,1440p
1.1886803184529051,1.2942050162401277,13514.28981884435,8000,1080p
2.049328574706315,1.757242163207974,8814.871523544909,8000,1080p
1.303324935332606,1.6694173182832563,11287.36672652546,8000,1080p
0.8492476895572704,0.9640398485959533,18504.749684748913,15000,1440p
0.9052193058559532,0.8184101209907646,19467.31210164236,15000,1440p
1.4294842798568828,1.2898077559960799,12339.399945866775,8000,1080p
1.1912720664756706,1.3497256819364891,13205.219099846814,8000,1080p
1.1773748514055629,1.285996097940667,13621.347612670852,8000,1080p
0.9015201752850701,0.6014248063926049,22325.788641008392,15000,1440p
1.1850455552810515,1.504842819496902,12474.284180201295,8000,1080p
0.9475495072808653,1.38924800530233,14359.152566414496,8000,1080p
0.8942050945199361,1.2332376873780255,15772.190108006096,15000,1440p
2.1874600855448745,1.4583652036186985,9203.521655229417,8000,1080p
1.6546994264213601,1.1383449526276472,12013.569226359667,8000,1080p
1.6591463727414137,1.9052055636177905,9413.89419426244,8000,1080p
0.7696107153252164,0.6012837031165902,24476.30652558847,15000,1440p
0.9980745885317724,1.376042414273606,14133.436540975174,8000,1080p
0.9639795531951855,0.7947477959976331,19078.814015941734,15000,1440p
1.2585144054549322,1.1275780202057417,14062.503044369403,8000,1080p
0.8666541878200174,1.1454431333499318,16676.34644058346,15000,1440p
1.9537530999755786,1.8619190931269698,8793.845566884684,8000,1080p
1.4080062036005803,1.0221106514785925,13807.744236606597,8000,1080p
1.51363887165837,1.1429273643158584,12630.753017040723,8000,1080p
1.6389630006643563,1.4747021169903907,10776.506378204742,8000,1080p
0.6697598535914334,0.6199485301841295,26017.06899180644,15000,1440p
0.7964720296631447,1.072394546917096,17954.428861047872,15000,1440p
2.257404311771783,1.6284531917072163,8635.013499583758,8000,1080p
1.0415574205316822,0.8179890697266903,18044.416838074223,15000,1440p
1.8298064988963818,2.0809207681107296,8580.10024966003,8000,1080p
1.2702446010132036,0.953575909363539,15088.642200856159,15000,1440p
0.6816845213835792,0.8316574655487134,22172.405371517147,15000,1440p
1.4374669364277128,1.81617890769519,10312.871654611625,8000,1080p
0.8840029435325264,1.0893460928642318,17003.79982512815,15000,1440p
1.2389933526274193,1.4365991687350068,12540.9350385364,8000,1080p
0.9280552591404688,1.1333426800207924,16277.513119884356,15000,1440p
1.3853197175042085,1.0730157114948882,13649.248838943666,8000,1080p
1.1252707334432221,1.4682723677027751,12937.68049783844,8000,1080p
1.3139991752827338,1.648646564801948,11325.833374543427,8000,1080p
1.302594567444779,0.980130265261421,14699.288989738103,8000,1080p
0.9036942101029197,1.0244547733683127,17402.40629102851,15000,1440p
1.2338611736016167,1.0119360281014749,14940.98931753683,8000,1080p
2.527539290707115,1.7622605857657514,7821.910803817946,4000,720p
0.7737712850022478,1.0656054958473753,18242.283119666725,15000,1440p
1.431963480123061,1.6823220659674667,10774.359480980174,8000,1080p
1.441594118844395,1.1551851232152055,12921.557387907473,8000,1080p
1.3363453448945455,1.8308289545500465,10594.43807872659,8000,1080p
0.8988738922673499,1.2277916640347506,15777.95431941132,15000,1440p
1.365026469671392,1.0159953798494936,14092.450267414342,8000,1080p
0.9880129004073165,1.3960022891233175,14074.755961016428,8000,1080p
1.2463004715577581,1.8451336249488317,10854.00204323213,8000,1080p
1.3003958596581475,1.607396216242538,11539.488080352703,8000,1080p
0.8759191626445836,1.122407775335653,16791.26241170245,15000,1440p
1.4927744091305268,1.1413365636943678,12738.42763124565,8000,1080p
1.43255566797716,0.9917382154914569,13840.909399973896,8000,1080p
1.3208110461168547,1.9049360080542086,10402.06545538415,8000,1080p
0.8150932635192278,0.9426687884974769,19089.29138702393,15000,1440p
1.3273664696479073,1.3104491856691411,12720.53713547582,8000,1080p
1.2240329883577301,1.59806530155995,11889.887790187056,8000,1080p
1.148071169456046,1.03151108937876,15394.891321026826,15000,1440p
1.5215595849384251,1.022060518440946,13191.605128226762,8000,1080p
0.7565881041260919,0.6371623336005167,24074.92122817319,15000,1440p
1.5592720835343772,1.0914570648073072,12658.566802644433,8000,1080p
1.3903152052600647,1.8658257564731016,10304.969101257759,8000,1080p
1.252290514452757,1.5017386003824857,12183.760810389023,8000,1080p
1.610217473677537,1.2483864593907261,11738.048636903883,8000,1080p
0.7686964374696368,0.9820581136801978,19165.69742912427,15000,1440p
1.7790500935211977,1.4914246399056554,10259.804687388963,8000,1080p
1.4470896310236057,1.4215236390073904,11697.091535673415,8000,1080p
1.5665553985551008,1.381220169545508,11382.966994879025,8000,1080p
1.7053923225976848,1.3319612978322923,11047.2589606639,8000,1080p
1.4167404127456578,1.1994641311080516,12825.614907989499,8000,1080p
1.5659665528915565,1.340647708466467,11544.164097069679,8000,1080p
0.8492822740445612,1.1068420843744913,17153.527001278602,15000,1440p
1.2013958001594747,1.586591690704102,12035.359595392783,8000,1080p
0.996106667855439,1.0792075531922145,16168.362197730788,15000,1440p
1.217597670888001,1.1895735477708762,13939.362410079993,8000,1080p
1.3905447619784488,0.9693525442528086,14218.598373497123,8000,1080p
0.8993172666925173,0.9925923736275406,17735.747672559846,15000,1440p
1.2139150574674473,1.5865092589722631,11981.909956652236,8000,1080p
1.619230201116565,2.26686462990682,8634.486151014384,8000,1080p
1.0163504150390055,0.9393095290413551,17157.60048241864,15000,1440p
1.2389528971193209,0.9939095676454115,15027.540894031506,15000,1440p
1.133241464739948,1.0288604515858866,15519.357226703116,15000,1440p
0.9279895836652656,1.3724789690202224,14585.912057276204,8000,1080p
1.9220377939754603,1.5090299058933365,9779.589018684508,8000,1080p
0.9514187355112945,0.7970893044787247,19190.321824423256,15000,1440p
0.9660345076544763,1.3561574622062236,14449.465175789412,8000,1080p
1.5268429539173594,1.1837473733804142,12379.01266822969,8000,1080p
0.8056738668702681,0.9856835495778768,18731.288179514067,15000,1440p
1.4522375849841358,1.9414458221555535,9887.319462212536,8000,1080p
1.2886632435788157,1.2392425612100844,13273.608508843176,8000,1080p
0.9972367813304791,1.0362415469031183,16501.003002646907,15000,1440p
0.6996538144547271,1.0089184272280454,19638.872259186563,15000,1440p
0.8914537950022317,1.0159725559279094,17591.469250509963,15000,1440p
1.950051180924465,2.71617396380824,7190.915774365641,4000,720p
1.2242145865751954,0.8371016981029724,16278.157917545795,15000,1440p
0.6529921928749759,0.9092680068683942,21478.13277552096,15000,1440p
1.5140490275877712,1.6205209645279224,10704.636388531326,8000,1080p
1.63277694273109,2.24040512354732,8663.272582029986,8000,1080p
1.1786257673075082,1.4132405265597046,12946.050527141531,8000,1080p
1.9525732135373604,1.3276943279948532,10229.175387421821,8000,1080p
1.2566777649608531,1.6139847058142753,11688.74165514127,8000,1080p
0.9673906446744593,0.9684598740674502,17333.17302918962,15000,1440p
1.1631570612729218,1.112535235139469,14744.713972490159,8000,1080p
1.1119252827771557,1.3633651384330583,13555.755604465448,8000,1080p
0.852998693480536,0.7286147050272715,21215.31850429273,15000,1440p
1.2579730865987946,1.1126188517307103,14154.452926911134,8000,1080p
2.009405616858283,1.7862883398722191,8840.131049159398,8000,1080p
1.017566615908179,1.304266790356258,14451.696624515891,8000,1080p
1.1736713629448146,1.38703342427201,13103.59248262647,8000,1080p
1.5368331958774726,1.776991136788621,10125.591652290217,8000,1080p
1.1977082726700916,1.3409670793991058,13217.299318186077,8000,1080p
0.7329973471363072,0.9490599057548088,19948.44821264361,15000,1440p
1.4720133488342977,2.1269044514081052,9323.478296097775,8000,1080p
0.9170083484335704,1.0102648230665539,17410.31447756955,15000,1440p
1.3802680361599629,2.016398807496617,9878.635010279073,8000,1080p
0.9562872181658401,0.8291678658421305,18793.20980994793,15000,1440p
1.0135209185765353,0.8519296842350073,17987.30663220346,15000,1440p
1.4267206529956056,1.0571146924829211,13509.120908952813,8000,1080p
1.3309238353763306,0.8889324184086536,15115.587751588753,15000,1440p
1.4836097593565998,1.3515230432022451,11835.224074764858,8000,1080p
1.2924377846967112,1.5326133558847896,11877.460028243328,8000,1080p
1.2915277411378299,1.2018035978193937,13457.670657616385,8000,1080p
1.1613231953422716,1.1347207633900975,14614.019854622115,8000,1080p
1.0459414420349584,1.3451725457530306,14032.970477932373,8000,1080p
1.055665149338847,1.4171273027253575,13569.449377763138,8000,1080p
0.6762781457296823,0.9961715806907656,20063.043731554615,15000,1440p
0.9824665591188786,0.6668262165746708,20344.739572323608,15000,1440p
1.4275161986076155,1.8448691102391894,10253.814521562148,8000,1080p
1.9887504771783227,2.864089059629324,6914.391408472818,4000,720p
0.668405023684476,0.9591600668294263,20616.337985846832,15000,1440p
0.8916466792135516,1.3221187242663268,15157.176070804464,15000,1440p
0.7114863990456681,1.0516055536334437,19031.583661312878,15000,1440p
1.066006648828555,1.2308607369286804,14608.78072807748,8000,1080p
1.1770572931517993,0.8701805353954266,16390.099641628403,15000,1440p
1.163413032446838,1.0262274704381853,15324.17397092783,15000,1440p
1.580479596138772,2.0277523655215375,9299.411001436865,8000,1080p
1.2689388408315867,1.5070109418649695,12087.550073548247,8000,1080p
1.2689603603125224,0.9847131630487049,14888.772332008166,8000,1080p
1.3878475212963484,1.0236308689797442,13914.465141094763,8000,1080p
0.8226954712500281,0.8992264196407456,19486.616772519126,15000,1440p
1.2179944966148775,1.0638979125831833,14704.6512205158,8000,1080p
1.272961012484019,0.8931260498763078,15490.804863326517,15000,1440p
1.6127124703876536,1.1288753265812195,12239.050683366082,8000,1080p
1.2885922882703378,0.9839567829929114,14765.107792083007,8000,1080p
1.0917983445021482,1.3232129496797536,13894.109762897298,8000,1080p
0.9016338803751747,0.9425903834052753,18194.33387738714,15000,1440p
0.877345675101812,1.2255975705597109,15955.937978461603,15000,1440p
0.9845070389201496,0.8474379301637027,18316.288188929837,15000,1440p
0.6887307375716366,0.647388426916753,25113.35282945983,15000,1440p
1.0549513853095969,1.1034977102984864,15545.621190824037,15000,1440p
1.0942199873319174,1.4571339715865275,13151.617745043968,8000,1080p
1.955292101834195,1.4152527772714432,9955.195140111453,8000,1080p
1.1169965102956037,1.1252398917038675,14964.716463473022,8000,1080p
1.09711507183688,1.2188609840659668,14488.246506037098,8000,1080p
0.9181322265686823,1.3009269515465798,15121.017199955502,15000,1440p
1.1454315318086203,0.9229668403737306,16222.422358898388,15000,1440p
1.038951344907546,0.7450850096656989,18808.15484168005,15000,1440p
0.9730862742109851,1.332621164992412,14552.77084572047,8000,1080p
1.587226193757642,1.611579631614333,10489.674532244579,8000,1080p
1.4019905592270503,1.5194685995965982,11485.50439209665,8000,1080p
0.9921640334477871,1.0012730415881892,16832.45105662261,15000,1440p
1.1837421008437428,1.6265010394651354,11940.045869594038,8000,1080p
1.4840944489965513,1.2323178461470987,12352.481270971999,8000,1080p
1.8052788353456488,1.23924000364192,11021.259441823086,8000,1080p
1.0852298068037953,1.2258183528844908,14519.140096381989,8000,1080p
1.1243814060435278,1.5418755741453558,12584.845440375717,8000,1080p
1.7869465405275402,1.669095629546496,9708.918568919311,8000,1080p
1.0862815634785548,1.3424517518789412,13815.609885130998,8000,1080p
2.208843710029467,1.8140735292783416,8340.820853121364,8000,1080p
1.0606965957752301,0.9991147564357199,16290.0510107314,15000,1440p
1.0203429164072635,0.8824001784982454,17634.7674522326,15000,1440p
0.930377983997572,0.778210062438092,19638.690596015167,15000,1440p
1.000392729508579,0.768298812318978,18971.330617281525,15000,1440p
1.0176697878531553,0.9129236909524225,17380.371563649693,15000,1440p
2.198250512251217,1.4949684200753293,9085.41643884143,8000,1080p
1.2413097907560053,0.8895314908679253,15747.034886816116,15000,1440p
1.2257413020428765,1.158501974376447,14073.409509784726,8000,1080p
0.9262641188094545,1.1307888467554292,16311.895007907915,15000,1440p
1.435580903163682,1.020164348160518,13663.645275057173,8000,1080p
0.9614806836241956,0.8556916840595818,18465.189432067742,15000,1440p
0.7223699817810849,0.9052396650127497,20615.7736076937,15000,1440p
0.9085356096428896,1.299683982232128,15195.242413146354,15000,1440p
0.7653761482439497,0.9170567018999957,19943.994791310186,15000,1440p
2.097893124476207,1.6213429036279332,9021.861410904912,8000,1080p
1.113370054778302,1.1959229256812827,14530.17537572134,8000,1080p
0.8406924737667429,0.7843923886714692,20647.80293975311,15000,1440p
1.5189828323063745,1.0325510432978515,13150.690383075558,8000,1080p
1.8960010775455747,1.4306927700271468,10086.420192974041,8000,1080p
1.2096630692387833,0.8650371679984434,16173.147039633415,15000,1440p
0.8316450093343952,1.1578282583866686,16865.987869460798,15000,1440p
1.3351811341201743,0.9653960631405967,14585.223238738638,8000,1080p
1.7746616130237882,2.3060733761670438,8222.644226807166,8000,1080p
1.5032230482323252,1.1289224847040866,12747.93949655466,8000,1080p
1.8927136129666229,2.02433606845234,8566.251318988838,8000,1080p
1.8525713339967786,1.248077890102193,10821.743955816446,8000,1080p
0.9613311477001902,1.353336890811045,14496.433804642578,8000,1080p
1.202223952186374,0.8483555049854943,16363.3903005533,15000,1440p
1.1619125793694787,1.4842841053829758,12680.248672875554,8000,1080p
1.6568576804450492,1.6090309845232502,10274.21184314184,8000,1080p
0.8719521927969851,1.0751914824322126,17232.643089909794,15000,1440p
1.5168122371051524,1.5708633986606,10867.214033535749,8000,1080p
1.196333849703132,0.8688111249897692,16247.978912468232,15000,1440p
0.800510030335865,0.6619234403809822,22944.2451037123,15000,1440p
1.1320657690257852,0.8436283498700081,16983.616886379874,15000,1440p
1.1259645947883625,0.9172467453299997,16422.39906423787,15000,1440p
1.2535731904362701,0.9373067219355957,15315.504884826698,15000,1440p
1.0335223543496301,1.5031998032366527,13227.47621360606,8000,1080p
1.2433776777522056,1.7186026919117032,11328.377575914645,8000,1080p
1.548560989064944,1.4031591857078396,11367.75507609997,8000,1080p
1.2722565168673852,1.17225218131909,13726.452282576562,8000,1080p
1.7749699314154723,1.7206197595026538,9599.07625519597,8000,1080p
1.970239683620925,1.4594243785055188,9783.591451576673,8000,1080p
1.0988747896160522,1.3084624023820302,13938.40136376987,8000,1080p
1.6335114566774662,1.2698672259075943,11557.029126536254,8000,1080p
0.7377199390358976,1.0120664621467417,19176.301734498196,15000,1440p
1.3766960969111655,1.4382900215778462,11919.9280520825,8000,1080p
0.7483800941861264,0.8720041097790533,20707.701246340373,15000,1440p
1.9551716413422648,1.4774234377760813,9775.237459298105,8000,1080p
1.2561457210539102,0.8877914189247675,15650.846927505398,15000,1440p
0.5990895432350651,0.603385853840984,27904.464475191162,15000,1440p
0.904915252238713,1.001905950583867,17597.052073016028,15000,1440p
1.0561746976038398,0.7490517946403885,18587.380666170964,15000,1440p
1.111337510528999,1.200460416858448,14514.43121498068,8000,1080p
1.0865319664335398,1.4368053674558223,13297.640212171182,8000,1080p
1.05726338893855,0.9134864827615239,17026.225642249647,15000,1440p
1.1214927987102448,0.9149582400043312,16476.91565478531,15000,1440p
1.214751694429762,1.3588558282984053,13037.897854926392,8000,1080p
1.0176294398674295,1.4128129880275728,13805.894603749728,8000,1080p
2.1399232497661775,1.6183753929500164,8928.090923543417,8000,1080p
0.7835949261512617,0.8328582385252604,20758.06013638185,15000,1440p
1.3697747207729845,0.9421957882398808,14513.347756467114,8000,1080p
1.5869267001013456,1.4632942967074316,11000.656029548529,8000,1080p
1.3430134074848137,1.2284283730516512,13048.878747314955,8000,1080p
1.0310371849862967,0.9538459447550716,16904.991279951162,15000,1440p
1.7509538212587386,1.3258908254409272,10905.46837845443,8000,1080p
1.1537169339169726,1.413552663043325,13070.08505835506,8000,1080p
1.5854983699789136,1.1576986668682032,12231.870897092269,8000,1080p
1.0029268332334496,0.904532962738877,17591.16080498863,15000,1440p
1.2414329638262418,1.197539275458247,13757.611283777353,8000,1080p
1.3651439317042457,1.4621986531361852,11867.833838004368,8000,1080p
0.8918900809872936,0.6278259001105793,22079.40984851631,15000,1440p
1.5219026834856542,2.195755864063002,9025.689576070687,8000,1080p
1.0780216252532837,1.3471752906724832,13835.755678087407,8000,1080p
1.1733947277748662,1.383281887170111,13124.23784997233,8000,1080p
1.2048241668588149,1.0171174724035936,15101.401138122901,15000,1440p
0.8463505182197313,0.5921399381272252,23326.14154786359,15000,1440p
0.9311880507299387,0.9690598399479032,17657.923560715397,15000,1440p
1.4972782896062284,1.454774697191342,11366.47348474606,8000,1080p
1.721328258601109,1.7171693871417595,9758.457168508763,8000,1080p
1.0114132940021718,1.424038254834522,13777.499296189017,8000,1080p
1.3376719934611567,1.0086195934476736,14301.049446376344,8000,1080p
1.362811187070519,1.044602203794322,13937.960188858915,8000,1080p
1.3378986376911235,1.6899404162829397,11081.9734476836,8000,1080p
0.7390814417272773,1.086134217738494,18383.817729145037,15000,1440p
0.8776227548952187,0.8823416443498144,19065.403831119394,15000,1440p
1.9824389749045308,2.1001440020970827,8218.92223355213,8000,1080p
0.928811571976517,1.0302439531520733,17127.861650474417,15000,1440p
0.926296566904736,0.9809667348597875,17592.973119629987,15000,1440p
0.7545734209777379,1.0273940047180161,18829.991792301676,15000,1440p
1.9528089395497763,1.7639040425714145,9027.98579320212,8000,1080p
1.0183444975880847,0.7889203801562255,18566.416253205825,15000,1440p
1.3375304989191033,1.321351582531012,12619.751825060217,8000,1080p
1.323981564944,1.6487989430172811,11287.221478390098,8000,1080p
1.0687657552048357,0.7348424259204211,18604.058437495918,15000,1440p
0.7554479017221989,0.9668168391023622,19482.737586519535,15000,1440p
1.0875581758575887,0.8036575483317392,17742.25519110632,15000,1440p
1.003611084248803,1.016981150803099,16606.23624000916,15000,1440p
0.8543072403173462,0.7565372555920999,20830.335941928355,15000,1440p
0.9864881768294388,1.450463140769875,13769.020233467403,8000,1080p
1.0962176079369177,1.6133770574405382,12383.561434021996,8000,1080p
0.853899771782446,0.8922661934279198,19216.061169739725,15000,1440p
1.3444986000363353,1.0153348671500615,14218.983020020722,8000,1080p
1.0929951985040327,1.538772665748856,12749.768874286903,8000,1080p
1.495862264201536,1.0786935613443442,13033.09552158788,8000,1080p
0.6756542315662564,0.7619736479831902,23340.137233924524,15000,1440p
1.718305532867745,1.2502313792831803,11303.356836377461,8000,1080p
2.599175117279778,1.8653942339794791,7515.715259420437,4000,720p
0.9971349679028711,1.2422240250171908,14983.94500662261,8000,1080p
1.135689708364024,0.8780246745164058,16662.954928098356,15000,1440p
0.8192102536894547,0.782066516442336,20954.798462003764,15000,1440p
1.2370954086250747,1.1674142901347566,13954.791705480038,8000,1080p
1.0704571676524641,1.0065428286413436,16155.239316261157,15000,1440p
1.6796480364667048,1.9895697487543027,9144.846112746867,8000,1080p
1.0349490677582671,0.9703983175523532,16732.4784951424,15000,1440p
1.4181832097672449,0.9726505911773944,14034.615031267482,8000,1080p
1.5594517448038812,1.7743803182636693,10064.82371194356,8000,1080p
1.5108288831165986,1.0381445483895924,13163.90025304134,8000,1080p
1.8145384018914772,1.8402512437344214,9180.947538296326,8000,1080p
1.2024072032634072,1.047444370480431,14914.064728351905,8000,1080p
1.515601134483916,1.0724428931659042,12965.17046909379,8000,1080p
1.7649627532518954,1.2450976218358976,11147.428230246489,8000,1080p
1.3956157730300067,1.0639738702740462,13642.288701022972,8000,1080p
1.146078309625735,1.101562635745732,14928.733198733604,8000,1080p
1.2547266746283416,0.8989123043566039,15580.342075631866,15000,1440p
1.8256899072273496,1.463688552629949,10200.842624066941,8000,1080p
0.6715464128268619,0.7942645983307336,22891.37668129607,15000,1440p
1.283773579604647,1.014246302257348,14601.454175762903,8000,1080p
0.6898158214126224,0.936627694194321,20630.554752144846,15000,1440p
0.9970329428423882,1.410673581604442,13936.263269340569,8000,1080p
1.0789331825320487,0.8059546699497111,17801.818795648855,15000,1440p
0.806820272362593,1.2008555869038982,16713.072404157505,15000,1440p
0.7855596451162615,0.9933336480654408,18862.53218706842,15000,1440p
1.7413999344962956,1.5957756949457431,10054.739613932203,8000,1080p
0.6276728714435605,0.9177652289357808,21711.92232918534,15000,1440p
1.1216082339423878,0.802543346063016,17438.559596175768,15000,1440p
1.4051552713458302,1.2148909682257647,12806.80909108173,8000,1080p
1.4041463749538607,0.9776287860973936,14087.993085455613,8000,1080p
1.5588547809950175,1.2132681992559011,12104.23644226737,8000,1080p
1.1646281610122704,0.8817288006696506,16397.15486022599,15000,1440p
1.3511335389561534,1.6446164174953894,11200.678457071606,8000,1080p
1.425353226379283,1.355715473623835,12065.30137136216,8000,1080p
0.9359925476337538,0.8397136655427855,18896.38711122989,15000,1440p
0.8708740974385506,1.1345592008821166,16731.761673698245,15000,1440p
1.88949925911478,1.7900561282961547,9119.153937674542,8000,1080p
0.5592418459069811,0.7133703864769373,26366.579816024732,15000,1440p
1.2680018867363791,1.1788737024207256,13713.174527013352,8000,1080p
0.9656275601654245,1.366403011519328,14388.50433927156,8000,1080p
1.8555589565016157,1.7447360487411194,9319.911826985892,8000,1080p
1.337911723824273,1.2807553235966544,12813.554145055245,8000,1080p
0.97311239126964,1.2894594078647235,14830.21754838347,8000,1080p
1.3257871962992755,0.9107577076755851,15002.798262787377,15000,1440p
1.2718149832522363,1.6437626800452987,11508.673708951983,8000,1080p
1.5406198451661564,1.720736413047044,10288.490230252697,8000,1080p
1.8012717900200998,1.3509442740444828,10644.711948055263,8000,1080p
1.0792858600503437,0.7835927595066579,18012.14080602812,15000,1440p
1.1043320353549928,0.8559538703240552,17117.111286058378,15000,1440p
1.554361828541812,1.1249378693026106,12523.582944825303,8000,1080p
1.330209046497897,1.0530799493026004,14079.044572070354,8000,1080p
0.9904544965077989,0.6847583222444803,20029.951791433752,15000,1440p
1.0422402488376392,1.0948893148190642,15700.70087027723,15000,1440p
1.0400714166003613,1.3985417547035113,13759.636991568936,8000,1080p
0.7862657740319547,0.7169172786272107,22322.252729394095,15000,1440p
0.8978050827830771,1.3323596463463536,15045.719072554042,15000,1440p
0.8375995777368551,1.0274613567144426,17991.064731550843,15000,1440p
1.4632036677116802,1.1697589876536996,12743.983258411847,8000,1080p
2.298288425046395,1.5839846703152523,8642.985997066826,8000,1080p
1.3007450318022813,1.2546255099883923,13130.945767452873,8000,1080p
1.7775934268266527,1.373260315056779,10649.314360095543,8000,1080p
0.5598005603392986,0.6748988260811415,27176.195573627698,15000,1440p
0.7887741780092445,0.9515626608446117,19280.423910406986,15000,1440p
0.7031788283530342,0.8141420239562163,22114.262747350127,15000,1440p
1.205328411009813,1.0384439040921443,14954.472775226875,8000,1080p
1.6033728081919338,1.7858784344203895,9900.249228539737,8000,1080p
0.9692880618677493,1.2221459119860252,15311.632657128346,15000,1440p
1.551218178867734,1.297999948316567,11776.715752247332,8000,1080p
1.8044802791750418,1.3383122278541653,10676.629756801238,8000,1080p
1.2190304709231192,1.658906117440154,11659.197820992616,8000,1080p
0.9952579920575287,1.4760963713950717,13577.345481577499,8000,1080p
0.9965118840356695,1.4061257369386149,13965.664945508292,8000,1080p
1.890851909683416,2.2427854839013914,8117.41060115112,8000,1080p
1.1787998116704235,1.4464491184416315,12781.428692389858,8000,1080p
1.5468631524840548,1.672509150561432,10422.662817921964,8000,1080p
1.551724168397353,1.7248789074620667,10240.615424924184,8000,1080p
0.8400382242678355,1.2087522004288,16377.679041997868,15000,1440p
1.0334659615496822,1.4412130906231377,13559.104551573468,8000,1080p
1.1014985762881395,0.7941026307047057,17701.208395636273,15000,1440p
1.3731870735104736,1.0031879912609687,14120.00676889245,8000,1080p
1.7416314396789618,1.343020983666969,10877.864794764597,8000,1080p
1.49735126656691,1.080315170123256,13017.367772024578,8000,1080p
1.0553234086246706,0.7982722406663951,18102.34719359283,15000,1440p
1.0267189675189652,1.2510470572657422,14731.290060036583,8000,1080p
1.2161597678517466,0.8195379370816214,16483.013130428564,15000,1440p
1.671240759260931,1.5887164896501598,10292.905531570403,8000,1080p
0.8056196969683618,0.6791307900596881,22599.374301041124,15000,1440p
1.5954084963158168,1.3812494761462109,11272.518478919077,8000,1080p
1.065919740568194,1.1773147321387731,14958.058289604041,8000,1080p
1.0599557856642223,1.1741457334264502,15019.206474402908,15000,1440p
1.1575515008325072,1.7092454864790425,11704.502323852019,8000,1080p
1.1412817060534668,1.0972262280202247,14989.641756121375,8000,1080p
0.8376436353886431,0.9413757970539404,18861.19476161649,15000,1440p
1.0904197525271988,1.3257696435551425,13887.335179272717,8000,1080p
1.184111260080968,1.1652343495253925,14282.458852710964,8000,1080p
1.3332638673981654,1.9165782986258493,10324.942038970408,8000,1080p
1.036043686633583,0.6916817400188255,19421.160030627154,15000,1440p
1.2867234376702843,1.341972572575823,12764.668059452992,8000,1080p
1.9434224231957025,2.1456268658233757,8205.925052091845,8000,1080p
1.41812462112046,1.3586436939264848,12083.986920396965,8000,1080p
1.019263092549615,1.3095334665482878,14408.485734364815,8000,1080p
0.8667661805529718,1.2850915758200765,15593.238865637626,15000,1440p
1.0892106941806319,1.2205930964458973,14526.96204594003,8000,1080p
1.5296201788321326,1.3516945399503983,11645.528265714087,8000,1080p
1.4468453366676708,1.9841488672357905,9779.798509080818,8000,1080p
2.2792704266205956,1.9502456386007672,7933.39745790606,4000,720p
1.0210296910142886,1.0597402243391392,16125.969407963414,15000,1440p
1.2360269605731578,1.5436541496593374,12071.324252440409,8000,1080p
1.134857733983757,0.8991130152625302,16497.008136638153,15000,1440p
1.1591875485078138,0.7979284593419484,17144.83549540095,15000,1440p
1.3810606213990178,0.93583846666905,14482.474516393011,8000,1080p
1.1556436167812427,1.4238672558093233,13008.059921957903,8000,1080p
1.8071354473990562,1.6596322252388576,9678.881069774123,8000,1080p
1.1492279694073162,0.9400745305540752,16060.111927602662,15000,1440p
2.5978906698047988,1.9114036298668475,7441.171449475661,4000,720p
0.7280530272414084,0.5979594029886709,25304.764295594043,15000,1440p
1.0248480840642245,1.0184080627449648,16422.038936429784,15000,1440p
0.8729669080010841,1.2818937013702758,15571.509291168897,15000,1440p
0.9875788301655134,1.2660108312262572,14889.326382193942,8000,1080p
0.9599874865533109,1.273264547193842,15024.919486449244,15000,1440p
1.6884297961432022,1.3091743577775068,11193.750167483777,8000,1080p
1.052023844728468,1.1788200730966076,15041.138347640806,15000,1440p
1.2883802357745506,1.5766090115590914,11711.887586045248,8000,1080p
1.4743776365476122,1.9820114604875758,9707.944058955118,8000,1080p
1.6185011314127071,1.3575102785890665,11274.967524395346,8000,1080p
1.2763046755063339,1.7090520136656615,11239.672673521132,8000,1080p
0.6715642471813436,1.0056883299014094,20005.59275238155,15000,1440p
0.8339634802734862,0.949557451900016,18813.59023866831,15000,1440p
1.0451202906272166,1.3486336567844404,14017.494169056967,8000,1080p
1.4064549980705483,1.5809781160428995,11231.86050307862,8000,1080p
1.9892393552986647,1.3456356995733008,10061.675909260786,8000,1080p
1.5956548173990326,2.3556743292861895,8491.935435990921,8000,1080p
1.3737235093916094,1.4020420237211253,12088.352420159987,8000,1080p
0.9657661045864483,1.2117710309405174,15409.35006459938,15000,1440p
0.6996999125655039,0.8382904628247223,21817.0624061847,15000,1440p
1.5721023266905154,1.0633540322520318,12731.92473331769,8000,1080p
0.9770965692339035,0.7508389512504001,19418.79867750818,15000,1440p
1.5294710263305311,1.7473702066374632,10239.871148596394,8000,1080p
1.3625231355716987,1.735377276816894,10831.346245287572,8000,1080p
0.7705792246613533,1.068163950669378,18248.56915863991,15000,1440p
1.1286763499783186,1.1125908591378024,14971.187667191507,8000,1080p
1.1015667255229553,1.2581659509799208,14219.59035195786,8000,1080p
1.5000360135889628,1.3119086154699715,11932.821028282327,8000,1080p
0.6902401623519004,0.7601983844482173,23133.99080162758,15000,1440p
0.8721242513075635,0.9186628245978934,18737.253831829352,15000,1440p
2.06386247310298,1.4333997219956531,9594.485665680455,8000,1080p
0.9452600479896165,0.9200995118293425,17988.184542424948,15000,1440p
1.6384600105241074,1.1265583187071513,12135.337999487669,8000,1080p
1.1041416232500698,1.4516003586478667,13129.03737453259,8000,1080p
1.018827377374083,1.35756339108507,14119.913460931606,8000,1080p
1.5228247373304373,1.5859502818714966,10793.457806610237,8000,1080p
1.2216382722248986,1.4001390496861892,12798.353132271823,8000,1080p
0.7893965292413209,1.0379258919142331,18362.622606458797,15000,1440p
2.5099364316991233,1.7168308557741216,7938.556754577986,4000,720p
1.0929750797804538,1.4138464883602562,13385.249443536208,8000,1080p
0.8703167349954848,0.755706134168832,20635.891804673734,15000,1440p
1.2064613857976025,1.2265278090044067,13791.443082315283,8000,1080p
1.2994954179587077,1.3275654096954173,12772.613274418527,8000,1080p
0.8009207229607004,1.0872770052100376,17770.613479398213,15000,1440p
1.3908389634097338,1.3055033416734245,12444.425893827729,8000,1080p
1.1869595501730035,0.8353436066103419,16592.18692679654,15000,1440p
0.8186115885281363,0.9386032936343479,19095.23550057057,15000,1440p
0.5927406997413515,0.8499527825400389,23258.185062941437,15000,1440p
1.101387177764572,0.9421537535038531,16419.750388445987,15000,1440p
0.9632104925921146,0.6450085942244883,20864.3413543981,15000,1440p
1.1540919983695854,1.290824199105669,13724.164466107273,8000,1080p
1.5494163261893077,1.630965949489697,10550.439881581908,8000,1080p
0.8479056349466191,0.8803555840061611,19415.139119034287,15000,1440p
0.7786555900814145,0.9486433966669616,19425.954775302624,15000,1440p
1.1747270614123668,0.8957753277161522,16205.937349400097,15000,1440p
0.9341535225385529,1.0538745157081941,16878.248874996672,15000,1440p
1.4583593055114201,1.6173176897873247,10909.608535385494,8000,1080p
1.1897093254513411,1.5109033827116383,12424.747872428003,8000,1080p
0.8297598352887405,0.9092328533900023,19295.32666724096,15000,1440p
0.9876223726251291,1.259086416944232,14934.927105720526,8000,1080p
2.2518278031789927,2.4528777906260957,7132.100262380442,4000,720p
1.1543151769359552,0.837111837474644,16849.441007473262,15000,1440p
0.7947347885578819,1.0994243760358353,17714.684503399254,15000,1440p
1.814593213676544,1.3117514815107048,10732.799889805592,8000,1080p
1.3459142397664754,0.9084885250859907,14883.956195908893,8000,1080p
1.1318089198884151,1.0407266586450992,15444.825084360467,15000,1440p
1.2499877483771866,1.6645432653559393,11512.806637463516,8000,1080p
1.5941001623341398,1.0913033347583292,12495.11741394913,8000,1080p
1.4699447993351908,0.9974291775049258,13599.248559382166,8000,1080p
0.8921762848639748,0.8171179993482899,19630.576378756043,15000,1440p
1.306314984430402,1.047305623347794,14256.516912330737,8000,1080p
1.1538859718317982,0.8862091391947409,16447.484148479733,15000,1440p
0.9120577826870153,1.0777037529827869,16863.544398904447,15000,1440p
0.9551160456427378,0.639100040605728,21047.605960971585,15000,1440p
1.3017808604508603,1.0869003115459352,14047.2627294795,8000,1080p
1.826240800467803,2.2311145421700114,8270.0254639726,8000,1080p
1.7412866673550773,1.2464723204394608,11230.63544853353,8000,1080p
1.4407224388769775,1.1038178122324398,13186.834826201039,8000,1080p
0.9005616009287897,1.0357287445089414,17329.23581376142,15000,1440p
1.1693236854291005,1.3585420329396953,13273.818999235573,8000,1080p
2.032207891806495,2.095247205554216,8129.569240245954,8000,1080p
1.3984453068052605,1.6485858715469575,11012.17218858445,8000,1080p
1.1612751253481348,1.2601480472491553,13857.318447980542,8000,1080p
1.1621896672077925,0.7898252153245358,17189.63943372716,15000,1440p
1.134940616643733,1.3794507309893713,13344.952062289789,8000,1080p
2.5156898895327298,1.7014330289688897,7956.71187405706,4000,720p
1.1538406011886293,1.254189981398301,13934.387811616873,8000,1080p
0.80131606898346,0.9147938213651245,19552.612678657926,15000,1440p
1.1484554880785727,1.315671024370656,13617.170965239295,8000,1080p
1.192142440379534,1.1192488239751424,14516.984864251512,8000,1080p
0.9147946325863349,0.917260463135087,18315.187178793345,15000,1440p
1.5113314839939498,1.2062195966384974,12347.30498320237,8000,1080p
1.5894095084884483,2.0784218253331703,9148.302892390275,8000,1080p
0.7283316796083792,0.7608557933674074,22532.04019568433,15000,1440p
1.079236734749735,1.2100715198350518,14657.017871141074,8000,1080p
1.7781363733616422,1.7229868679939135,9583.904846208294,8000,1080p
0.898655119337222,0.9893527557430323,17772.400445402636,15000,1440p
1.021457741553966,0.9811801371131295,16755.117017127915,15000,1440p
0.7504242027651694,0.8303269071161564,21226.891311510186,15000,1440p
1.4387689990490304,1.094671071818434,13244.612487916782,8000,1080p
1.1754573340573813,1.0017253321609234,15411.858876445565,15000,1440p
1.356036994544641,1.1637348861690062,13316.456246228427,8000,1080p
0.9800310819256057,0.8732549502486595,18105.371441576193,15000,1440p
1.3979811162002207,1.345880346989059,12228.908948266866,8000,1080p
1.0833963932247508,1.4516883598569994,13236.019805337828,8000,1080p
0.9457018884975735,0.8359412007890578,18833.41966848993,15000,1440p
1.0294626671689409,0.7557656036225062,18795.597486882885,15000,1440p
0.5947658906284029,0.6742580534717538,26441.13387773221,15000,1440p
1.9335718313500527,1.7162661389602698,9193.40317925047,8000,1080p
0.9432082855898338,0.7226385435246097,20142.56737988173,15000,1440p
1.1746982129199868,0.9096300248021252,16098.43948411429,15000,1440p
0.81418532545744,1.024044260265588,18253.667692331306,15000,1440p
1.823958531359796,1.7063453856036945,9504.686505534932,8000,1080p
1.0999772885175365,1.0905320048525056,15318.096162183987,15000,1440p
1.8146758682733857,1.5828386526181195,9876.17029851438,8000,1080p
1.7378992431734874,1.265244952082271,11173.100530107042,8000,1080p
1.0077405095327883,0.7548870852708769,19036.597463310194,15000,1440p
1.7703183664615525,1.3043448749494269,10913.205566083943,8000,1080p
1.5396657111247467,1.305175721859052,11794.83383887818,8000,1080p
1.209404844393269,1.1184259983081575,14414.463192291236,8000,1080p
1.2301995725045307,1.4532679608133972,12504.13190522644,8000,1080p
1.1282332511129967,0.8554530797557003,16915.19040981939,15000,1440p
1.1045888070298369,1.1697415499342143,14753.543563825531,8000,1080p
1.0443271101096805,0.7396699088845935,18808.569545097263,15000,1440p
1.2347574812925455,1.6671959703882324,11562.705108369557,8000,1080p
0.9559957231929112,1.1342121463415133,16053.155520591336,15000,1440p
1.2651860977294211,1.044959052045751,14524.81546593104,8000,1080p
1.0785012267729064,1.0994122709691476,15406.687196156996,15000,1440p
1.2664679939097014,0.930003513297905,15276.515943818476,15000,1440p
0.9427092734590494,0.6686010851122859,20824.313467301832,15000,1440p
0.817395346853329,0.6711239001368694,22542.15527803716,15000,1440p
0.6955335658178488,0.8295075891394104,22002.312456243453,15000,1440p
1.2021009652799883,0.9036470981235449,15934.684962153435,15000,1440p
2.0383893864622977,1.689941612486209,8999.853288096816,8000,1080p
0.8653837853151106,1.0173673413331015,17822.02200018631,15000,1440p
0.9293791364667724,0.7233315833842379,20302.66494733264,15000,1440p
1.474937864004208,1.4913828446288142,11311.801823162603,8000,1080p
1.177088456236304,1.3206919924727372,13433.699514039496,8000,1080p
1.591614746802393,1.1259908567107202,12347.057261224141,8000,1080p
0.7609234262872694,0.7088369039303876,22829.86641436357,15000,1440p
0.6238722529274962,0.8938446331382105,22108.492241251457,15000,1440p
1.540293406128371,1.3958217671737465,11428.172949449674,8000,1080p
0.9638148122469069,1.3240991498897912,14665.950099217584,8000,1080p
1.5707395934458268,1.0733478418083258,12690.363999545541,8000,1080p
0.7433893841701451,0.8427884787399806,21154.26824734423,15000,1440p
1.2474952624750884,1.1024469151831504,14278.833036410122,8000,1080p
0.8098013113873321,0.9588741342616487,18971.50326960516,15000,1440p
0.5545312455619116,0.674149078276078,27309.326395971813,15000,1440p
1.5087064419004526,1.4044699723712266,11518.159983589225,8000,1080p
1.588742136968571,2.0084138004778085,9328.044873089457,8000,1080p
1.105047611546201,0.8868042880428539,16845.846825721692,15000,1440p
1.546010852266544,1.7697108453379546,10119.797455933043,8000,1080p
1.471494053710569,1.7669664874720368,10361.229223977747,8000,1080p
1.4188649245477714,1.4814167346500944,11569.370131203115,8000,1080p
1.3290842339517266,0.9732525743066918,14574.076164547767,8000,1080p
1.087300650268208,1.5340351433642194,12800.50884038137,8000,1080p
1.638379694415033,1.3910191608499045,11076.2674719059,8000,1080p
0.7379732905639556,0.9334307101903228,20075.596315946,15000,1440p
1.7122745967220252,1.2209051822312993,11439.609750744143,8000,1080p
0.9656549970937793,0.9193964994160821,17800.273394188658,15000,1440p
1.5193943356788713,1.2141394227057065,12275.111619557787,8000,1080p
1.1037452639457113,0.8165922292417751,17473.19526855898,15000,1440p
1.6349968582785148,1.2325101449045903,11701.604202797958,8000,1080p
1.3102699661054227,1.4863416368561526,11998.245292433992,8000,1080p
0.7950398773827322,0.8818061018897271,20010.44366314336,15000,1440p
1.6449216030790679,1.4262808232107662,10925.503220748438,8000,1080p
1.1456792514900935,1.7146087623524746,11731.137506996123,8000,1080p
1.7441122033674203,1.7951769761364893,9480.556772335629,8000,1080p
1.4507989988124328,1.2423847474599075,12459.020683769902,8000,1080p
1.6971945440066982,2.1021396457047175,8831.66110811344,8000,1080p
0.9860465314512817,0.9301482697109863,17510.97121213749,15000,1440p
1.3579019494157996,1.6902029047688487,11008.293219944244,8000,1080p
0.8197007512376718,1.144629018252009,17081.873176883742,15000,1440p
1.702250234949557,1.4006299257850094,10813.963241189575,8000,1080p
0.8666239414388563,0.8844518186306733,19162.18176572078,15000,1440p
1.1432077354974692,0.9058419692853847,16375.606663751429,15000,1440p
1.4272392224969763,1.1828642022796274,12855.594794245326,8000,1080p
1.6229964502599152,2.3031728138049115,8546.353899490456,8000,1080p
1.1156915177305735,0.9209115272666151,16475.6858644716,15000,1440p
0.8849125138326756,0.8052295799319372,19853.024265706,15000,1440p
1.4378656573633246,1.8235840464418693,10288.19544905182,8000,1080p
1.194105678946579,1.4208132066647647,12831.920785242746,8000,1080p
0.8126647865869558,1.1150264611012908,17406.538542019956,15000,1440p
1.6713915375901336,1.1515572045977347,11886.305797389125,8000,1080p
1.1533536889966867,1.7176268900720018,11687.446527724216,8000,1080p
1.2841245052006125,1.367768038643639,12653.013440491308,8000,1080p
1.0258823345054258,1.2245255117103628,14910.378159418535,8000,1080p
1.1996443621327877,1.1696076682522076,14162.457843097225,8000,1080p
1.1981117756462376,1.4973315803566634,12448.57619629529,8000,1080p
1.5539389765158655,1.981852776794217,9489.934459117263,8000,1080p
0.6739543107476572,0.8586746382349965,21893.382623545738,15000,1440p
1.2715154718891595,1.0576271447588013,14406.344961516626,8000,1080p
1.1364904368938484,0.9874586635171019,15798.133765779865,15000,1440p
0.8926735537848066,1.1296800874134498,16591.772732744605,15000,1440p
1.3501461871368743,1.3458558963546052,12445.996316347448,8000,1080p
1.1265866258975057,1.0465181941950947,15440.779335517822,15000,1440p
1.4075370649643264,1.5904511615114818,11192.316135091653,8000,1080p
1.4873811572346038,1.2809714372659553,12120.721929228665,8000,1080p
0.9027995878348516,0.7347785478284055,20490.27846015401,15000,1440p
0.5763114600853086,0.7907606808976378,24544.741271571693,15000,1440p
1.2580396366595314,1.1892327988077471,13710.950817616334,8000,1080p
0.9649631016422147,0.8484103671175438,18503.872797339023,15000,1440p
1.3348077267200575,1.2838807726412491,12813.449178160696,8000,1080p
1.2411887152015433,1.5865205840100798,11866.29474584078,8000,1080p
1.3663708182531573,1.1552434923353359,13306.72651210053,8000,1080p
0.9268603069946975,0.6563693430425805,21193.66069174484,15000,1440p
1.3179020960183978,1.367180509787496,12496.610691770155,8000,1080p
2.0425535030001654,1.5632264853520281,9305.734711599542,8000,1080p
1.992439342521597,1.5833993490776153,9383.653708661435,8000,1080p
1.110862380369446,0.9742310591526879,16092.531569084058,15000,1440p
1.0096222756651494,0.6977866507898514,19652.25288453143,15000,1440p
1.2629799483536264,1.4523248465992618,12357.519517650388,8000,1080p
0.7919916612812382,1.147605353346993,17299.692537643696,15000,1440p
1.0371536933161987,1.1558106898412412,15300.947091392418,15000,1440p
1.200929763855753,0.9877743409827733,15330.730145670152,15000,1440p
0.9330513153515935,0.9042052497948233,18263.33492912349,15000,1440p
2.0105204318980947,1.6017223237625053,9289.085554235855,8000,1080p
1.5211494095917717,1.0634605286558283,12982.396880648981,8000,1080p
0.7805001081054249,1.0126795529555594,18712.253283168844,15000,1440p
1.1309010002311228,0.9213407018866397,16350.136519189866,15000,1440p
0.9361857621865954,1.2331927964707916,15467.301391955585,15000,1440p
1.0887007291526596,0.9583813004125143,16391.347056633284,15000,1440p
2.3048584993193284,1.882907778127226,8012.48918324531,8000,1080p
0.9970013430169674,0.8532234083642117,18135.327600039866,15000,1440p
1.1643630751175609,1.0678108029852824,15032.176627977744,15000,1440p
0.9236137739588133,0.642845437891644,21420.559020085922,15000,1440p
0.6285774789374103,0.8127106568396343,23280.863254945012,15000,1440p
1.7752441395241763,1.3010689898905017,10907.35259657534,8000,1080p
1.9955841378262278,1.9066977210386393,8598.669499942434,8000,1080p
1.25556910876035,0.9719260933242055,15063.750516094839,15000,1440p
1.0943291854494528,1.065214062828567,15537.744857277432,15000,1440p
1.6543963521672223,1.236114533555893,11608.477991116693,8000,1080p
1.6584053895690536,1.848172973805006,9568.995334732415,8000,1080p
1.4565064005813928,1.411191744330835,11700.824251510267,8000,1080p
1.39651562660958,1.097356992411078,13454.749751082636,8000,1080p
1.6963906876088066,1.141850456795163,11822.262553750143,8000,1080p
0.7225116428470114,0.9322214293221555,20277.85179637097,15000,1440p
1.7597238248513902,2.1569634765292474,8567.043886340382,8000,1080p
1.3294064683622682,1.3269477425521727,12631.761179337977,8000,1080p
1.2407937309040422,1.7488132947142052,11223.693185247643,8000,1080p
0.8446687210381599,0.8767908857516128,19491.849746374977,15000,1440p
1.3167167691951853,0.905560972407983,15099.117167862903,15000,1440p
1.2115186808037264,1.0797874508273846,14644.23785926572,8000,1080p
0.7921803384599561,1.0760497502260145,17960.545761042034,15000,1440p
1.5525045665506172,1.5498779329011236,10815.697937288458,8000,1080p
1.6838441147730578,1.1394686679232988,11884.773166349076,8000,1080p
0.722097490717875,1.0162252180432811,19302.76342297404,15000,1440p
1.01914601740487,1.0040143616300088,16585.15674175405,15000,1440p
1.2712346407310249,1.6191556924864252,11608.96215794105,8000,1080p
1.2884390778675685,1.707146103489919,11201.294561349909,8000,1080p
1.0701987302205946,0.8664123069166589,17326.36619153064,15000,1440p
0.945267528710447,1.1290643002559104,16176.019444642194,15000,1440p
1.229470218377876,1.7720653213817272,11179.088688281005,8000,1080p
1.7706421854657457,1.4467042045942227,10429.225806604734,8000,1080p
1.1512210885051497,0.8699504194897012,16601.476850071194,15000,1440p
1.9659787774197326,1.3732016205865982,10048.702975147373,8000,1080p
1.1779761582693484,1.1063351240101817,14689.080363213807,8000,1080p
0.9762387079404593,0.904934493303412,17836.971086879774,15000,1440p
0.8967866308950379,0.9422033719602492,18246.119852692016,15000,1440p
1.2472166958944744,0.9272434352929739,15431.155310111986,15000,1440p
1.523709201379365,1.4602030477318388,11245.113528386975,8000,1080p
1.1013055639644513,0.9887895533873194,16054.021523438956,15000,1440p
1.247828732332546,1.298614282038965,13176.98130711226,8000,1080p
1.585620738392855,1.4270884745745556,11137.627174761446,8000,1080p
1.220636950723346,1.548323402807783,12118.061552311343,8000,1080p
0.987253029646405,0.7353278226800606,19479.16230154445,15000,1440p
1.3147199098592655,0.9793651717271707,14626.498497952829,8000,1080p
1.0987881536520334,0.9799879564391067,16141.436221589476,15000,1440p
1.289368243410154,1.3561550942695504,12683.47609037893,8000,1080p
0.8506404441973733,0.8214282393508198,20067.615840275306,15000,1440p
1.1575958750511781,0.7795972216826887,17321.160217106502,15000,1440p
0.9310510318371308,0.7906009388540336,19489.67187981055,15000,1440p
0.9683503798567986,1.3132528258607823,14706.515101273662,8000,1080p
0.6596967890528599,0.7866950837651937,23198.714422132904,15000,1440p
1.1316555450998325,1.6047629164466792,12262.171327786033,8000,1080p
1.1019946266202554,1.0819971933625612,15363.808459806412,15000,1440p
0.8276365406918383,1.2106901576170905,16461.753666788543,15000,1440p
0.8138798187054891,0.6333171742769769,23185.808264325588,15000,1440p
0.8687283815148433,0.6960004696294603,21444.24701791705,15000,1440p
0.99426499665102,0.9924391909371346,16889.49578383627,15000,1440p
1.9441451444725877,1.8122021504345145,8932.728889443602,8000,1080p
1.0772714310704437,0.7948561950220283,17923.15413347926,15000,1440p
1.1147578824298892,0.7487041727724066,18006.501343198728,15000,1440p
0.7852686074338072,1.0718137308715634,18068.359871764853,15000,1440p
0.934912997192105,1.1354811784829502,16206.784386388415,15000,1440p
1.0958486647764543,1.5766249373722825,12555.570978520194,8000,1080p
1.7686312221571063,1.2356886255843194,11168.728264810221,8000,1080p
0.8547226106827235,1.2032344743223369,16304.728725632047,15000,1440p
1.3189188923716382,1.4467807575732208,12132.348500195598,8000,1080p
1.2774734742686682,1.303255885552429,13001.918187316658,8000,1080p
1.4410697636680978,0.9733625365426026,13897.441645836085,8000,1080p
1.469421855136683,2.1098567047796104,9374.635541298781,8000,1080p
1.2757508893452632,1.4281263184149595,12409.746975083632,8000,1080p
2.0375216256696063,1.4193339815540242,9706.633950773894,8000,1080p
0.9733586061496841,1.2952207399174043,14790.944851971557,8000,1080p
0.8751120223000529,1.206224867313896,16121.576553723482,15000,1440p
1.647305774857142,1.3654148522596554,11137.584978170351,8000,1080p
1.981559536003289,1.3514406327850248,10067.335823807789,8000,1080p
0.9173479229111106,1.3393162062613095,14869.041239338227,8000,1080p
1.0231738903034393,0.7897878417584754,18508.075160438126,15000,1440p
0.9303834265281234,1.03678150494025,17057.25405289407,15000,1440p
0.7208853184665307,1.0692276439590283,18744.30983089166,15000,1440p
1.0935209338918923,1.270531907266806,14193.604904175447,8000,1080p
1.2313179462681778,0.9404922355840362,15449.983741849539,15000,1440p
1.2998700553652596,1.0987669819317796,13988.957678153592,8000,1080p
1.1465197746990734,0.9238690115224153,16206.826574460769,15000,1440p
1.366665838676765,1.241856857764873,12863.385105206324,8000,1080p
1.034166399940081,1.4258861679279846,13639.721540210416,8000,1080p
1.8657614586110922,1.809735938754014,9129.222081358166,8000,1080p
1.5834766100446578,1.7325888681132102,10118.748324185706,8000,1080p
1.6919554009993638,1.9066074685688463,9324.397882209623,8000,1080p
1.2921994454779577,0.9032271534095244,15283.786767001677,15000,1440p
0.9957111569694118,1.2873655966211266,14697.023193473358,8000,1080p
0.6235553664173841,0.9309114027507115,21585.814933797094,15000,1440p
1.0722615640430164,0.7467812892673762,18446.20204462794,15000,1440p
2.2763365767340407,1.8572020560147138,8117.6045469028795,8000,1080p
0.9999296962004576,1.3645180955740632,14191.234044891877,8000,1080p
1.7028144354975912,1.573876949305337,10240.339433741967,8000,1080p
1.3012531007731554,0.9241154844884301,15078.145805700668,15000,1440p
1.0414654036049733,1.1777762371159983,15119.773973373656,15000,1440p
1.5300548322368563,1.1865632535347286,12351.545539559982,8000,1080p
0.9254888990024325,0.937597175894962,18010.13514732428,15000,1440p
1.1974582606289987,1.1376635698856934,14369.456685951222,8000,1080p
1.3929613931152558,1.38679047044965,12071.016999685706,8000,1080p
1.1713098659331982,1.2854669663329827,13657.908019691275,8000,1080p
1.1389421521407763,1.3484122356367119,13490.008566886083,8000,1080p
0.8891383260152802,1.1909429555182371,16131.308087760091,15000,1440p
1.1756985214392957,1.0121471782356741,15336.745184994037,15000,1440p
1.320431523822194,0.9504300048354153,14776.08016893715,8000,1080p
1.24472224206107,1.7906523955924654,11054.461476932845,8000,1080p
1.176796202323788,1.3768860591407184,13139.626846433484,8000,1080p
1.2751722895295443,1.697405451789812,11287.991406780538,8000,1080p
1.0972641208236267,1.2274548441432165,14433.758448079154,8000,1080p
0.9716863284646591,0.9746333863992986,17239.938404644563,15000,1440p
1.144526474194578,1.7059284432131803,11771.605926858458,8000,1080p
1.0820270380165826,1.2422182866430787,14436.699794120643,8000,1080p
1.2102089427356326,1.4346163931973803,12686.823414810879,8000,1080p
0.7916557289740628,1.1296977503121672,17463.955675904697,15000,1440p
1.6982536550395182,1.1343657143764536,11845.725677897288,8000,1080p
1.4612992611810085,1.8860701516546545,10024.11979727537,8000,1080p
1.810333725852973,1.695213869444985,9571.80899355269,8000,1080p
1.14488359368333,0.9045531419600088,16372.514172518202,15000,1440p
0.9813204350846912,0.8988523223469075,17846.4621760805,15000,1440p
1.1119793841213415,1.0759134644705413,15336.414679354828,15000,1440p
0.9361418548838965,0.8989131038548217,18285.246357451248,15000,1440p
1.635883495584877,1.4625989791409384,10829.311533533599,8000,1080p
1.0001850732097262,1.1293160591568505,15756.944896624676,15000,1440p
1.362439999923753,1.031153425862043,14018.434224678056,8000,1080p
1.1270438690767406,0.9293333045938212,16317.255622958752,15000,1440p
1.3588414991050575,1.4625674275680212,11892.792881876358,8000,1080p
1.3641363960379282,1.0364535743742789,13977.577351220185,8000,1080p
1.0520751751617505,1.036149709143613,16068.399649955181,15000,1440p
1.0652271584277733,1.5201117136580011,12978.736506185467,8000,1080p
1.855316002263945,1.2591193379953711,10773.841269475888,8000,1080p
0.7970348571917114,1.0003295082551493,18668.686575221876,15000,1440p
1.4609995283369905,1.358715003973648,11899.939378793619,8000,1080p
1.9493128831395792,1.3942535370234812,10035.521291771916,8000,1080p
1.3082661933269382,1.0327709102665423,14333.148307856423,8000,1080p
1.0740207619243627,1.3197133571087454,14017.610282278767,8000,1080p
1.3869593177833257,1.1452016590314866,13251.302862351147,8000,1080p
0.9799793639333434,1.2544093751848517,15017.27582696389,15000,1440p
1.9880951690980648,1.495029082794575,9633.42952286798,8000,1080p
0.7904251746519174,1.1784456872632738,17042.474775293493,15000,1440p
0.9016047657811709,0.6079767598424409,22227.63820995927,15000,1440p
1.3364838536173247,1.271358378902418,12866.741546546364,8000,1080p
0.6997787871540777,0.8552852951142338,21577.523642019594,15000,1440p
1.323502470533852,1.5475394797575401,11687.196697559379,8000,1080p
1.0013258072536027,1.4178099553793797,13870.421213350766,8000,1080p
0.9658526481541707,1.3274644891723377,14631.39635328279,8000,1080p
1.079329303090298,0.8974621598479109,16974.189047804914,15000,1440p
1.5451263149761147,1.6908453339693783,10369.19838618932,8000,1080p
1.7982514440889341,1.5969369910934033,9882.936585284986,8000,1080p
0.7359356797096491,0.931453930462043,20123.930121253954,15000,1440p
1.2627069245158355,1.1647404093104075,13822.928939558129,8000,1080p
2.3213450138475653,1.6656647262655704,8415.939309706291,8000,1080p
0.8368527333100522,1.0763872968093313,17538.01481871893,15000,1440p
1.092366316521926,1.2994103832578345,14029.082231250835,8000,1080p
1.288701264803256,1.5855908690169482,11673.981083962752,8000,1080p
1.665046459017744,1.8285698911886268,9604.498215156886,8000,1080p
3.1182600855169533,2.1579193720818357,6359.607793793799,4000,720p
1.327836727699555,1.270009159486938,12916.251947624176,8000,1080p
0.9392989473262117,1.0100583190475438,17213.07457530287,15000,1440p
1.5424398463212892,2.1688629495342298,9041.146423695436,8000,1080p
1.4183587197214609,1.5671703576765437,11239.023680601325,8000,1080p
0.7674346057045737,0.7424441754482815,22223.262171006736,15000,1440p
1.4409832223537207,1.3740281406024895,11919.821156516578,8000,1080p
1.610759462944479,1.1271801145413187,12255.358838419821,8000,1080p
1.9400724500024913,2.5769041505829335,7428.515789887237,4000,720p
1.301600520379706,1.0376883769261447,14343.859810835891,8000,1080p
0.7758313016100359,0.8968503641422089,20060.26172643542,15000,1440p
1.2177832298548856,0.9696170000889057,15339.868552936117,15000,1440p
1.2761332202515439,0.8568185130753667,15731.45396387515,15000,1440p
1.065225409511902,1.4537160573859436,13320.84625266157,8000,1080p
0.8870294145686447,1.077149315838422,17083.186718474444,15000,1440p
1.0563471550912316,0.9153960445211196,17017.64814332661,15000,1440p
1.0565688781245897,0.7515720488735116,18557.42077345016,15000,1440p
1.3414180450720614,1.1760904608865712,13328.428452408718,8000,1080p
1.0311714530054807,0.9917111806175534,16587.433913505483,15000,1440p
1.1519422093308358,1.1190344865786224,14775.33083471931,8000,1080p
0.8474613743472913,0.7229959982342723,21366.02532855906,15000,1440p
1.4159138776257796,1.0184976448734189,13783.385302725066,8000,1080p
1.3825656773035075,1.8316111482882462,10439.510276110082,8000,1080p
0.8027262184436051,0.6657661471242095,22849.578783493147,15000,1440p
1.4313997323226426,1.0492866987447698,13526.269011582368,8000,1080p
1.7257576349423656,1.2996595017669517,11090.844826937302,8000,1080p
1.2144086296675514,0.9565881686508029,15455.772217624242,15000,1440p
2.184742191248823,1.7642781945383499,8496.90017320877,8000,1080p
0.9201796686340106,0.7993256901905811,19514.002575099224,15000,1440p
1.142345068046734,1.194943192039901,14356.13765447838,8000,1080p
0.8454219491047895,0.7902023901526053,20514.754638118407,15000,1440p
1.676178187579381,1.7666000606304744,9746.323922386617,8000,1080p
1.6976305324856473,1.8733692652751155,9396.369056374828,8000,1080p
0.785899683394564,1.1588279210550032,17254.052404679675,15000,1440p
1.3949138139736939,1.3977182747693033,12015.34284994316,8000,1080p
1.7583788902009023,1.60926059411866,9963.783877768536,8000,1080p
0.5275246016204242,0.7516053129035278,26232.231471568546,15000,1440p
1.1898832012677845,1.6165409032214504,11956.294113325705,8000,1080p
1.1368394006062925,0.8998333552721476,16475.121937558197,15000,1440p
0.66691583540449,0.7857869597476732,23097.933116102628,15000,1440p
2.5938681432083897,2.5612643916680478,6508.936826161397,4000,720p
0.6691686798684644,0.9329853000884836,20943.325310655626,15000,1440p
2.740005974300003,2.7568502888942326,6104.294963045194,4000,720p
1.5031036931336974,1.6606232157156335,10605.982427289837,8000,1080p
1.9236029124948146,1.3077995599509675,10383.860347362841,8000,1080p
1.1335551301992453,1.4461787843225322,13006.93525449124,8000,1080p
1.2020013695350005,0.9653838384607449,15481.526715331293,15000,1440p
1.4118935416346534,0.944118902084053,14242.043623096497,8000,1080p
0.9310740775977013,1.1275925479775122,16299.109133624068,15000,1440p
0.7278328697948122,0.9955074887526238,19470.57749421145,15000,1440p
1.2346492046347282,1.2811541792647219,13337.461987188854,8000,1080p
0.6562941877740838,0.8223724748899679,22692.35713987518,15000,1440p
1.299490270295082,1.2517793717929346,13152.052392446569,8000,1080p
1.18644511122731,0.943406265651201,15754.353737666448,15000,1440p
0.9722100221817869,1.0538271918961117,16561.606947220604,15000,1440p
1.964851460927445,1.4765937974836985,9750.0990079649,8000,1080p
1.1713336992021586,0.9347897483107332,15931.844849656947,15000,1440p
1.0873265486966905,0.9667893342407556,16335.218610946222,15000,1440p
1.4022014766162825,1.5719342708579223,11282.078172960404,8000,1080p
1.1037962943058182,0.8226136992053552,17418.115620778095,15000,1440p
1.4338624022985544,1.4156789595992922,11775.379872939318,8000,1080p
0.9967772016522181,1.1612174656898688,15548.894771518417,15000,1440p
1.324568670309116,1.0508540769431396,14125.667542256942,8000,1080p
1.489128599913352,1.5695571195602134,10970.212397557176,8000,1080p
1.2406620624736853,1.766495093088273,11158.190365255308,8000,1080p
2.3284465274396196,1.571059473322316,8604.790451263238,8000,1080p
1.7285015782315714,1.5778325116083167,10148.530392953997,8000,1080p
1.1832885698720714,1.7632405382939602,11387.782291716381,8000,1080p
1.3069987660832416,1.0161989086280394,14443.210048482004,8000,1080p
1.4091218308811926,1.6970292627006476,10802.575595672939,8000,1080p
1.5776583512273548,1.5138012550899207,10853.91247921624,8000,1080p
1.0254220047904727,1.4177701328853218,13733.849042228945,8000,1080p
1.1311713382637074,0.7678998954209768,17668.864340015207,15000,1440p
1.0425445823290778,0.7242872332674823,18991.299400317028,15000,1440p
0.915703396853413,1.1529459779634381,16220.4539872644,15000,1440p
0.7315750281907639,0.7446970744588389,22729.164860445944,15000,1440p
1.1000638404832075,0.9883160345122524,16067.207121536232,15000,1440p
1.1729116889249347,0.8514933702694376,16574.959565331876,15000,1440p
1.43018601472825,1.946285871262244,9937.71994347785,8000,1080p
0.9989499386423847,1.0113157158005404,16691.54120294536,15000,1440p
1.0872447733035846,1.0836940666670631,15456.184846024347,15000,1440p
0.8172263886137836,1.1017266449095784,17485.8015875413,15000,1440p
0.902440972903104,1.1710295377371411,16182.738952790354,15000,1440p
1.6038478788574124,1.299024018325831,11559.046760747184,8000,1080p
1.3366881791679943,1.0042059264095164,14334.023875771154,8000,1080p
0.9742239192860632,0.814303567668058,18760.926094092916,15000,1440p
1.0834883108802214,1.1478051691714117,15038.107850888147,15000,1440p
0.7914440035997532,1.134612620067161,17421.31128840727,15000,1440p
0.721149244346602,0.575269842471129,25882.395855775885,15000,1440p
1.3897365265538348,1.245330424262764,12733.806247162558,8000,1080p
0.7758112234205946,1.014702254379522,18740.11696422753,15000,1440p
0.8125083677666471,0.6198943072434175,23425.27878884632,15000,1440p
0.7585433931188384,0.5162772857129659,26320.9034471797,15000,1440p
0.6848469174776511,0.9967907871726923,19953.425108874355,15000,1440p
0.9879470494146856,0.8518887463983416,18237.7319086632,15000,1440p
1.3562154208968582,0.9751816442333221,14392.414103054725,8000,1080p
1.1189369230571784,1.337040250428681,13662.354993460689,8000,1080p
1.5751613021580138,2.020599733114636,9331.663497893074,8000,1080p
0.9214577129366616,1.2077061264837199,15759.441043829893,15000,1440p
1.1941454133981382,1.1940364150667517,14050.199863369953,8000,1080p
1.3755703074366787,0.972066051389535,14292.857526187217,8000,1080p
1.2191596629745003,1.0092530120470935,15057.548530446611,15000,1440p
1.6554667014534572,1.7796369281666515,9768.098904111028,8000,1080p
1.1450589920256813,0.9475552471497122,16034.695440676307,15000,1440p
1.2871280678012202,0.8757494649482012,15513.791923921855,15000,1440p
1.5567526201651387,1.0475200033385836,12884.377655844923,8000,1080p
1.1029693840024306,1.22696613462002,14401.44232825752,8000,1080p
1.3613599807282413,1.287850749134625,12665.822171774502,8000,1080p
2.6695184038087167,2.034625428239772,7132.951967029509,4000,720p
1.3379102527308049,1.9952823844334595,10066.75450613819,8000,1080p
0.8636671159730045,1.0668125068862793,17381.396624276018,15000,1440p
1.6605699833702947,1.344779808968645,11164.90069992351,8000,1080p
1.1916175166407128,1.3667840162177414,13115.389265151925,8000,1080p
1.057160680760337,1.3898420571883032,13712.461976290713,8000,1080p
1.123200185414443,1.17803217903786,14581.070785516267,8000,1080p
0.7749563098257685,1.1249344592730721,17661.242712345822,15000,1440p
1.3531592658530327,0.9899211135558765,14320.649131322078,8000,1080p
1.309126885655035,1.0398413215179851,14284.753577138752,8000,1080p
2.3287212253955967,1.6105567516225863,8517.914246153012,8000,1080p
0.9004599702885163,0.7702440252750433,20084.007753079844,15000,1440p
1.1570857338298188,0.9226156412862234,16134.254850953179,15000,1440p
0.9142962594935554,0.8440084244124234,19083.400224732748,15000,1440p
0.9418701895215452,1.1138815128056505,16322.220218528822,15000,1440p
1.0090269197947581,0.9706462322119869,16949.48075948129,15000,1440p
0.8732017362756888,1.0465287794890283,17478.71991639083,15000,1440p
1.5320826085228934,1.496222338864062,11080.268527432561,8000,1080p
1.835394568603908,1.5410250549123212,9937.873766133416,8000,1080p
1.2689609989046748,1.1681312434637703,13768.22404037966,8000,1080p
2.100925833464351,1.8335938515681702,8528.215560248913,8000,1080p
1.408061225609262,1.887888519454406,10180.50473926502,8000,1080p
1.2324746155605342,1.076877609325736,14529.802616685063,8000,1080p
0.900700997313903,1.324878890380445,15076.714246713316,15000,1440p
1.6954451835671303,1.1792530033294768,11672.332126185334,8000,1080p
0.8530586778974614,0.9053002814615017,19082.811175388662,15000,1440p
0.9265846552780815,0.8070761312024873,19354.66976104214,15000,1440p
1.6636252060434256,1.4864729439709015,10651.86873616855,8000,1080p
1.2861536050907132,1.0530246793469882,14344.538089821534,8000,1080p
1.241846973533154,1.4741969882815156,12354.156439198901,8000,1080p
1.787362763179102,2.1414249223805752,8540.658005860143,8000,1080p
1.188728725820667,0.9522000090867406,15672.8392930142,15000,1440p
2.346585121157879,1.8986538269982751,7904.0149234882965,4000,720p
1.029522133194111,1.2855816387072032,14493.705382563872,8000,1080p
1.0038354462440258,0.8848260543858855,17766.249795852164,15000,1440p
1.1685214137358741,1.0549076963604338,15091.298322772516,15000,1440p
0.9697777824108454,1.173318792702692,15656.985499229004,15000,1440p
1.8213944507674595,1.279808973886872,10819.810056072045,8000,1080p
1.2463052166942536,1.601716513321414,11781.662915828738,8000,1080p
1.599058365055955,1.6463006292238043,10339.205018348584,8000,1080p
1.8212294014014154,1.3833172847855626,10470.882557159966,8000,1080p
0.9565977480581946,1.077724008370821,16494.161699819007,15000,1440p
1.3763043951806728,1.0716028627166643,13707.395119544695,8000,1080p
1.0691858098524976,1.4049074717361623,13562.314828507231,8000,1080p
0.934679732609745,0.7272661850260199,20189.845917328974,15000,1440p
1.7489194447780745,1.8474862873458735,9329.99069050632,8000,1080p
1.1413869698435446,1.1521889267284557,14629.745651822885,8000,1080p
1.5490305059740912,1.2270557177312953,12086.955986263696,8000,1080p
1.0726427142324753,1.0667149085441794,15684.349190973495,15000,1440p
1.452310602535947,1.2537742066323279,12399.623207046892,8000,1080p
1.3050533603002115,1.6050531446458285,11530.310640854766,8000,1080p
0.8786267045371597,1.1404900126705932,16618.371644410236,15000,1440p
0.8113761052440638,0.8972807593068235,19637.899625223836,15000,1440p
0.8879286420539121,0.68790344898805,21293.151847043133,15000,1440p
0.9895505536467877,0.7839415650315085,18919.978074109855,15000,1440p
0.958797072305895,0.6843073359921397,20421.36326245783,15000,1440p
0.727119990285749,0.7803553313376737,22258.694068613164,15000,1440p
0.9293113695748285,0.7053160576579665,20527.26599406395,15000,1440p
1.41057444943624,1.6418766292865634,10992.61909024263,8000,1080p
1.469352990352719,1.0865443209315033,13128.239484371312,8000,1080p
0.9248191335825033,0.7523874649176052,20006.141181418578,15000,1440p
0.9144961638892135,0.7797918855102708,19804.443531247758,15000,1440p
1.4734856636174636,1.7123447789529378,10532.397315196571,8000,1080p
1.4609006214221405,1.009837391437928,13580.73248776311,8000,1080p
2.2098469753878307,2.154945239503145,7687.521042931967,4000,720p
1.42253598838784,0.9872459928930075,13924.260476943706,8000,1080p
0.9623069466231033,1.2637121629725345,15073.739419108244,15000,1440p
0.9225768950268234,1.0127348017300142,17337.998864074427,15000,1440p
1.0697420267044238,1.2353953957567039,14556.369469797128,8000,1080p
1.5405484962603728,1.273709812076919,11923.010727407069,8000,1080p
1.4415498597859093,1.065711140443967,13382.903493861864,8000,1080p
1.2181662340174362,0.9089636042482119,15774.510514768837,15000,1440p
0.7579854888752322,0.755578158781611,22169.158232589565,15000,1440p
0.9860947535759009,0.8280171507574566,18496.340782422925,15000,1440p
1.1075098204886258,1.175315151344341,14698.644186048952,8000,1080p
0.781551548010821,0.8686289062126655,20333.795564067244,15000,1440p
0.9439560275609821,0.8152434518578037,19073.693684292073,15000,1440p
0.6286913119176315,0.7960780440153995,23550.78164776108,15000,1440p
1.0325532284814256,1.1604864467585518,15300.421774780816,15000,1440p
1.3499538947901557,1.87889456920614,10392.07394653331,8000,1080p
1.403536932300534,1.632640244250207,11051.539501433055,8000,1080p
0.9963662464482134,1.3794375776683272,14123.4017974853,8000,1080p
1.3887388315909253,1.3926541526507654,12063.894670802216,8000,1080p
1.6220102915909986,1.1206974511149908,12234.053040917433,8000,1080p
1.1431467573420762,1.3045258738425607,13708.709070199538,8000,1080p
1.5845175424870355,1.448053721150478,11064.680458572991,8000,1080p
1.7137016676543264,1.327384276219353,11033.700664591866,8000,1080p
1.1852033331388039,0.7919622811214007,16970.976916647953,15000,1440p
1.58012552147549,1.8176643606184208,9875.3699211447,8000,1080p
1.7549445836180078,1.2810881501285216,11052.065291336012,8000,1080p
1.0778166499314294,1.1512019201698043,15053.455565637609,15000,1440p
1.1462252801414203,1.6726020820957535,11903.684648984457,8000,1080p
1.2527779936876,1.0659197070534352,14471.240467990416,8000,1080p
1.4738018468816758,1.196439102959244,12566.068991638755,8000,1080p
1.4168978745097158,0.9527072513936603,14160.34749131794,8000,1080p
1.3490879978413381,1.265327001116858,12834.393932627729,8000,1080p
1.0595388286479301,1.3448592941723487,13955.439276687577,8000,1080p
0.7477638767221066,0.7769293670116835,22007.33304086089,15000,1440p
0.9530089705758323,1.295897838124143,14920.330122259178,8000,1080p
0.8914881517252843,0.9556534042139905,18165.59856612479,15000,1440p
0.9940594352573318,0.8640636809822368,18058.23936355023,15000,1440p
1.29107788164523,1.6578743280254586,11378.425153843726,8000,1080p
1.1614166663758996,0.9040807895706713,16245.206162513892,15000,1440p
1.5600789461107007,1.217764821541595,12079.308559659798,8000,1080p
1.268958290460879,0.9744662608656087,14956.79093828228,8000,1080p
1.398241249876883,1.8642841972185058,10284.803151458436,8000,1080p
1.6366808479535373,1.1017290971051747,12253.253776172869,8000,1080p
0.975873777616859,0.7517030450450374,19422.830614443206,15000,1440p
0.9052600148284988,0.770153987149286,20027.546600655016,15000,1440p
0.930532671713349,0.7497062155609923,19970.036554999333,15000,1440p
0.8769777473814674,1.2988514705294212,15421.445637271621,15000,1440p
1.801744516844956,1.9723888588426792,8890.632274988557,8000,1080p
1.3229959452372042,1.2896210773520913,12843.226431536104,8000,1080p
1.7140473881718448,2.223131585730274,8522.455347450046,8000,1080p
1.1791619419240826,1.0445416523289477,15089.435519517318,15000,1440p
1.4806934884498508,1.3913152483986329,11683.262508741527,8000,1080p
1.1854765549074493,1.304889427870676,13473.695124348103,8000,1080p
0.9170138645205601,0.9892394648379184,17602.29424034226,15000,1440p
1.1123551075201932,1.3570670003884122,13587.969384633801,8000,1080p
0.8852942666531433,1.2597224019724313,15642.970281205366,15000,1440p
1.7210833631540965,1.5776419704582227,10171.938735880052,8000,1080p
1.819259396502044,1.3354881402156165,10636.170282871992,8000,1080p
1.7775267808827686,1.5431891652096787,10104.577610585504,8000,1080p
1.3724582622390131,0.9947786927248097,14174.513425722012,8000,1080p
0.9687238360866868,1.3939757663304828,14201.734306668524,8000,1080p
1.6915553990203855,1.1443863848347104,11831.847956479236,8000,1080p
1.114037911895755,1.1572453233123245,14773.33671109758,8000,1080p
1.0709603644948023,0.8981936102762713,17040.024513014992,15000,1440p
1.0476800193878193,0.8972707905083699,17252.07230397305,15000,1440p
1.205126741984651,1.709096913627162,11514.020873238562,8000,1080p
0.691051617651147,1.0212002134220868,19596.66877912941,15000,1440p
1.2267839067063835,1.2244977892901563,13688.525498640758,8000,1080p
0.8683043325401361,0.9722014276410356,18231.093173376998,15000,1440p
1.4741650280317045,1.1129293017269377,12969.929860706081,8000,1080p
1.2525529580045514,1.5131425768077302,12132.366552154654,8000,1080p
0.9050970596875322,0.829121152913603,19348.448630159448,15000,1440p
0.8662829154780253,0.7666936534882752,20548.01804121444,15000,1440p
0.9906798884463643,1.2185110133514556,15188.561555587477,15000,1440p
1.6443822150958438,1.4478883860685097,10851.06587611237,8000,1080p
0.7203614288815113,1.0086815217163418,19406.361182871628,15000,1440p
0.9712384459321699,1.0515358122697944,16588.32262865872,15000,1440p
1.1513273077407762,1.2379708203995472,14043.635494795546,8000,1080p
1.3634508712026263,0.9981037954662679,14208.619632477285,8000,1080p
1.685614586581824,1.4810560641434363,10596.123089818342,8000,1080p
1.1657949205178624,1.0207422718005117,15345.92327900099,15000,1440p
1.8172049021600631,1.3855481831123206,10476.74644489377,8000,1080p
1.8320020220093463,1.2871655616595035,10757.495742031393,8000,1080p
0.821839174331692,0.7212719409575392,21744.663535594304,15000,1440p
2.5009655647572093,1.7260399301841853,7938.10938740339,4000,720p
1.1978406660980814,1.2786315151313281,13549.28686634484,8000,1080p
1.7680528366422221,2.278809205561944,8291.469205044663,8000,1080p
0.7889099357280724,0.9348652580031762,19465.665895428487,15000,1440p
0.8361192667167682,0.8734916641959712,19626.940488784614,15000,1440p
1.1604154827197406,1.4050113310644536,13079.473489444328,8000,1080p
1.4509034760148962,1.4816913317593974,11441.89163502826,8000,1080p
1.16255227780509,1.1204319521473411,14697.61882704689,8000,1080p
1.0001830921993107,1.3272194662727244,14417.11571462259,8000,1080p
0.9718396571128852,0.6743378291154415,20383.24073844487,15000,1440p
1.1279980448242415,1.2318943585494124,14218.627913726605,8000,1080p
1.3388895055362844,1.0680948092502587,13940.444810491292,8000,1080p
1.064752274435566,1.3026989302892684,14173.230659636756,8000,1080p
2.0819456560945917,2.1837776479320268,7866.059190554244,4000,720p
1.246243736943777,1.6732836591414226,11493.104002035812,8000,1080p
1.3534149839667893,1.039034956852554,14025.134414519285,8000,1080p
1.3138237114880547,0.991959013358948,14552.295686154237,8000,1080p
2.148352104850478,1.6717564560164493,8783.633099784272,8000,1080p
0.9242381250956616,1.1248611964097064,16375.210146157913,15000,1440p
1.1198893008748214,0.8324487560999729,17186.7939981632,15000,1440p
0.9632168306297179,0.7306963781249137,19808.825993315964,15000,1440p
1.8756326872579379,1.5788768628171879,9713.226006068006,8000,1080p
1.363161877486442,1.267795010975981,12753.698909756667,8000,1080p
1.4199264914741587,1.2195007832512685,12712.770047240867,8000,1080p
0.9238200826822098,0.8838343467202707,18562.415168640062,15000,1440p
1.5986758420051839,1.4779267995633507,10906.326201063473,8000,1080p
0.9634920012862093,1.3992136477913006,14201.697961445569,8000,1080p
1.251499601927476,1.0037307494255348,14878.494332017675,8000,1080p
1.4728564790318601,1.7442097199608577,10430.13414225237,8000,1080p
0.9805639732028504,1.1700543125599054,15602.225751604876,15000,1440p
1.7685149213638458,1.2726988923579787,11033.236745342881,8000,1080p
1.7196384036299321,1.695023928895208,9826.57397201161,8000,1080p
0.8841557968030987,1.1885156731701088,16188.977600214539,15000,1440p
1.2057148285110983,1.3388578797932258,13186.66662205943,8000,1080p
1.29101063919154,1.3535935955887568,12687.884091960388,8000,1080p
0.9794113644807483,1.0241229173516964,16747.62059439827,15000,1440p
1.191287198334032,1.011707434168067,15231.281776610516,15000,1440p
1.1541777643365916,1.7241221086734115,11657.726255225174,8000,1080p
2.3660938136379173,2.0742492336786515,7556.720650283527,4000,720p
0.8212147424387021,0.9354482950544593,19101.234148971285,15000,1440p
1.0419052463426384,1.102933309756627,15644.269310891234,15000,1440p
1.5359416058923463,1.0850973746915242,12801.95840220786,8000,1080p
1.5743673164655414,1.0893747590230385,12596.727103860268,8000,1080p
1.4225574817842521,1.0105230808898595,13790.925181335355,8000,1080p
0.9761831720649009,0.7772850753291108,19136.03628116351,15000,1440p
1.090771799152005,1.1080001464914224,15260.533074602676,15000,1440p
1.2602225767502975,1.0653401536923188,14428.521562010801,8000,1080p
1.086642820527306,1.3024766379980584,14044.685744056847,8000,1080p
0.86305057266981,0.7867419002248123,20338.577458246917,15000,1440p
1.0326067735772186,0.8011296154432346,18298.39457890899,15000,1440p
1.4371578192821124,1.2824759920234001,12337.849257688404,8000,1080p
0.8706105797084382,1.2688050741234593,15683.923757359076,15000,1440p
1.1778381608440995,0.9605704828851132,15691.30956255572,15000,1440p
0.981636984928461,1.083983184182221,16244.241076734983,15000,1440p
1.239423895704088,1.589485102449694,11861.262423746568,8000,1080p
1.60566724334709,1.9436318901386311,9453.81911697215,8000,1080p
0.8597946778534347,0.7143236806299318,21316.333564859167,15000,1440p
1.3611370118101036,1.2343709338892122,12927.886449201113,8000,1080p
1.963239468082944,1.5153783689784601,9645.909258128058,8000,1080p
1.2598980489998381,1.0311431519556051,14645.931284870234,8000,1080p
0.6749714027721098,0.5998663263280511,26320.55141926515,15000,1440p
1.557575772669856,1.7567566099290315,10124.039512804917,8000,1080p
0.802598430167177,0.8144994441307364,20749.784248259028,15000,1440p
1.3525375344893849,1.3093462945767487,12605.5208095884,8000,1080p
0.8284301918249933,0.7425158227778373,21359.379436398576,15000,1440p
1.0220473784859507,1.3458541909925872,14170.534971768018,8000,1080p
1.0584535941015372,1.4040206458456141,13626.307823110521,8000,1080p
1.2450935620257073,1.1444688252679966,14042.082424138769,8000,1080p
1.1798344139294161,1.5114846961887158,12467.652711211631,8000,1080p
0.7747335307317994,1.03935069615352,18496.62298073727,15000,1440p
1.4258594476995574,2.090992192881814,9541.04279316517,8000,1080p
1.736831582272136,1.4290332383789084,10598.82019634044,8000,1080p
1.2744177374844954,0.8630303373661494,15698.361234971582,15000,1440p
1.018939124007723,1.2848763299260477,14564.722162404858,8000,1080p
1.4251709250552937,1.9003158565272869,10090.081303535248,8000,1080p
1.1593878567195175,0.9439973159433401,15952.585592072295,15000,1440p
1.01074792134625,0.9845316980154073,16816.907101338984,15000,1440p
1.1121786486859018,1.1350882639884434,14931.217921091878,8000,1080p
2.2221337134806842,2.1751208305100866,7630.768622629553,4000,720p
0.6576577144297832,0.7706432545685583,23492.550049539987,15000,1440p
1.246677082866076,0.9951268184987077,14967.603535515509,8000,1080p
1.4240774690900035,1.3351548334711898,12160.78543617146,8000,1080p
1.7509980510818168,1.8166264198727877,9405.258954012528,8000,1080p
1.2250735288297323,0.8889218717039336,15872.518923896134,15000,1440p
1.5863083471089594,1.2370184702293583,11884.714087628485,8000,1080p
1.2158705047213993,0.9039069540281341,15829.223893999662,15000,1440p
1.1114373242885536,0.7918617744564114,17629.615871791135,15000,1440p
1.647586103249376,1.103169806991047,12198.258622324385,8000,1080p
1.791182187726279,1.7636719131416911,9439.04617402081,8000,1080p
1.6028481912900847,2.037559599522157,9217.217940442159,8000,1080p
1.3833390863755595,1.0792785874952013,13625.51416568813,8000,1080p
1.4198419468449677,1.3508917829680227,12110.30552627832,8000,1080p
1.3233307439424857,1.6903157792064962,11134.163128374697,8000,1080p
1.0996498255756535,1.4477507920604475,13172.027896867414,8000,1080p
1.130960293296978,1.031827015124352,15514.43910797321,15000,1440p
1.2565513892068776,1.6555437070898342,11522.436902102168,8000,1080p
1.1807379303983183,1.3189313294081149,13423.548682835886,8000,1080p
1.2995642237664065,1.2778970440598583,13018.40396938285,8000,1080p
1.2388477786406757,1.043077079432527,14704.442120996253,8000,1080p
1.186737767230713,0.9197900359440145,15928.786674180348,15000,1440p
1.1337003848760558,1.1679063198556594,14578.699276039537,8000,1080p
1.0997674418060353,1.442503700494945,13198.604760006154,8000,1080p
1.48946303917039,1.360606880386076,11773.196078369128,8000,1080p
1.0884320141371078,0.7404606394492708,18346.857008912593,15000,1440p
1.0652531720813705,0.8292262177809067,17711.690177024993,15000,1440p
1.5420400815805437,2.0632851435866684,9306.90850461175,8000,1080p
1.401773399239551,1.752993882068399,10636.103714784473,8000,1080p
0.7433847812625893,1.0887487490103835,18314.403096482092,15000,1440p
0.8484543092603819,1.214808519986589,16262.800610936398,15000,1440p
1.0027715105645527,1.0761964714887429,16139.94649732889,15000,1440p
1.0249305249629665,1.0309557709042905,16321.151645132868,15000,1440p
1.2844809626209397,0.8783250916701233,15514.304638378066,15000,1440p
0.7222740343317212,1.0729793007684303,18690.639000054052,15000,1440p
1.3211444475760932,1.221507767348008,13196.626657413943,8000,1080p
0.8716117164220561,0.9123536303822511,18808.903468953293,15000,1440p
0.8495002141220451,1.203405489586548,16344.84815322185,15000,1440p
1.5664328140097334,1.1022624666597214,12573.347074523514,8000,1080p
0.9605492266054614,0.7327935685433482,19815.498726028043,15000,1440p
0.8584823352222688,0.7329560180244727,21084.342935147055,15000,1440p
0.9283651963571959,1.2848019587846722,15161.273255859925,15000,1440p
1.4966046784577003,1.663648861370684,10617.639242268566,8000,1080p
1.6537932844121936,1.5789382286612974,10379.591334542478,8000,1080p
1.031038638601817,1.0250976373596228,16319.167358841574,15000,1440p
1.318574593474528,1.146815852070075,13610.189842602333,8000,1080p
1.585653096601151,2.1074378545099623,9085.731286933165,8000,1080p
1.2245427385190568,0.9931682756543989,15130.209385060834,15000,1440p
1.340446584039216,1.8130258327961422,10640.471063220297,8000,1080p
0.9473881536220028,1.3390040501470444,14675.711343262346,8000,1080p
1.4308304246113062,1.0512411172216887,13518.720727614585,8000,1080p
0.9401842171289971,0.7224243619969488,20181.798904009014,15000,1440p
0.9882388868904041,1.0275143288238477,16646.101188587458,15000,1440p
1.6572253516589346,1.4210017628279143,10900.57060510093,8000,1080p
2.0707448334181993,1.5885302644689876,9169.693751468385,8000,1080p
1.384705063124835,0.9594952133445713,14313.807713791519,8000,1080p
1.3928851731094198,1.7684060468539968,10614.154048227261,8000,1080p
1.022942815046082,1.2206043897762988,14955.97325872021,8000,1080p
1.3976701894186745,1.0082068227600558,13946.860886963443,8000,1080p
1.354785644203731,1.3117169737439793,12583.686126595807,8000,1080p
1.132716381710991,1.4243134018368409,13122.425173102147,8000,1080p
1.32365184978888,1.183116689148993,13385.532600555587,8000,1080p
0.7814429973441108,1.159279791620032,17289.657333240066,15000,1440p
1.5465553922906528,1.7387956680112702,10213.347488324842,8000,1080p
1.0217025106121294,1.1530173160031896,15429.312589761645,15000,1440p
1.1126693187377443,1.30984128884783,13851.098069470354,8000,1080p
0.921684037283043,1.097746318655336,16615.790636864072,15000,1440p
1.3600209828343643,1.4922781067940296,11763.99491975141,8000,1080p
1.0953922064505444,0.836965524902711,17364.503195017307,15000,1440p
1.0733444506634218,1.4290555818067219,13408.90008176594,8000,1080p
2.02968488964869,2.2696744514538563,7804.519077811057,4000,720p
0.8851965701473035,0.7433573712395327,20603.819835053102,15000,1440p
1.372069825929059,1.0853447175058413,13654.363725339814,8000,1080p
0.6823531978935821,0.7664803521015043,23159.61830129748,15000,1440p
1.077310119391207,1.3057734548290836,14080.25818438974,8000,1080p
1.2065435752060454,1.1113153231251935,14476.477418085191,8000,1080p
0.6970770055151647,1.000111876573706,19770.59380609528,15000,1440p
1.182573098694666,1.576748148509415,12160.39344240888,8000,1080p
1.4208044033326195,1.0038544884026737,13838.825788804288,8000,1080p
1.0574878752861048,1.5752150258746702,12745.240636611767,8000,1080p
1.44206683633748,1.76609586177346,10459.08052598387,8000,1080p
2.5607793845954703,1.737011093900616,7807.368034316462,4000,720p
0.9431109869908779,1.0521763697576643,16816.841888217674,15000,1440p
1.4043630324282357,0.9600240127683786,14191.598650554155,8000,1080p
1.2031841996954376,1.7486775301266324,11367.209941104718,8000,1080p
0.9879756794363116,0.963265490926514,17196.45552259472,15000,1440p
1.500408970917311,1.6335677801514537,10706.662705317483,8000,1080p
1.5298364487391631,1.6886049483019048,10425.677481916828,8000,1080p
0.7990835728803164,0.668190342267898,22868.553481106865,15000,1440p
0.6207649167454351,0.8622479684633314,22625.85331163625,15000,1440p
1.207998947124447,1.1065684608525264,14497.064066640403,8000,1080p
1.448553930013657,1.499256241962662,11382.833372036263,8000,1080p
1.21884439317291,1.7450903525932695,11320.907806061077,8000,1080p
1.4277485854642025,1.0048984833346155,13793.382702476592,8000,1080p
1.810683224308063,1.3343040636083463,10669.178895864537,8000,1080p
1.2071962694799614,1.1349518269302916,14326.349410367333,8000,1080p
1.356427591851109,1.2438233468560767,12904.30531165691,8000,1080p
1.4380414604940108,1.5281114430787144,11312.441769129216,8000,1080p
1.53975804818805,1.1507357485513157,12471.4771841009,8000,1080p
1.1237552491506746,1.3619718560593144,13498.83980814756,8000,1080p
1.4903465121422579,1.7929942657972704,10219.600787542133,8000,1080p
1.5560907274012308,1.8809113429111066,9762.70345887535,8000,1080p
0.868593403553005,0.7366108091360974,20903.528494850056,15000,1440p
1.6590224874559671,1.1652542835635995,11880.71662958401,8000,1080p
1.4097765318699798,1.281583329149312,12467.46393374984,8000,1080p
1.6561236729685793,1.131852774827615,12035.407266988821,8000,1080p
1.3346819860387886,1.9681615199837266,10159.255786359761,8000,1080p
1.315733742324963,1.0074234808796625,14443.46153796432,8000,1080p
0.8705676369053443,1.14699153366549,16631.20095283567,15000,1440p
1.4258732551526365,1.094730320570282,13312.062366005515,8000,1080p
1.2006945034449716,1.0220508723397612,15095.940527220182,15000,1440p
0.9816545822816496,0.9088939222123973,17748.516856477014,15000,1440p
1.1759348967519951,1.34502578468447,13310.176650942607,8000,1080p
1.6828700243060235,1.8387391891669769,9528.153172597116,8000,1080p
0.9519354831667544,0.7143299237010985,20137.50742330637,15000,1440p
1.8476613485102447,1.6824246210181606,9505.27332468411,8000,1080p
0.736477836486598,1.0430918007625682,18855.363284275838,15000,1440p
1.1971540309555584,1.1965629156192739,14017.710844222,8000,1080p
1.2856650749114669,1.1886408726916085,13561.149150736615,8000,1080p
1.027677164002685,1.4815525707750137,13372.403305659336,8000,1080p
1.008306038214291,1.181060411636412,15326.09216802794,15000,1440p
0.9572390292062768,1.1200358487558972,16153.101525454931,15000,1440p
0.90777173930577,1.2070242482849591,15866.5101489183,15000,1440p
1.0771278568644373,1.272460024752793,14280.986151879688,8000,1080p
1.8265629544588242,1.4428581784687025,10263.111002146876,8000,1080p
1.153155153582518,1.1527563139669843,14551.48320835508,8000,1080p
1.73320006734023,1.4504302510014635,10539.67598143682,8000,1080p
1.3299760608389823,1.2656501713248998,12927.297306602904,8000,1080p
1.3601371789649717,0.9320073744121116,14638.881282841992,8000,1080p
0.9713581372265127,1.006527214477106,16964.801307162947,15000,1440p
0.7633817568772915,1.1342532069725473,17682.23743723937,15000,1440p
0.9497223279213675,1.0135479248180448,17091.091740009026,15000,1440p
2.2921582604311843,1.7172630887628189,8368.896426100315,8000,1080p
1.4919337195384335,1.634455507176775,10732.647014413655,8000,1080p
1.078060112505268,0.9582918779821936,16477.71709249919,15000,1440p
1.671116677260771,1.239733925409562,11527.363159489567,8000,1080p
1.3197340725263325,1.5563148970510823,11666.850027567589,8000,1080p
1.2628148550123783,1.6434128385962663,11545.699627662576,8000,1080p
1.7830385548914403,2.045965231033325,8763.227689495761,8000,1080p
1.0372309084370572,1.2644116247030084,14578.472337414898,8000,1080p
1.732640906901625,1.7682422444794035,9584.562108782022,8000,1080p
1.2430199475818484,1.5573081080740594,11982.321832697098,8000,1080p
1.305766827505366,1.205158295113537,13363.374199308111,8000,1080p
1.093840162485944,1.6253976719860095,12339.645901740665,8000,1080p
1.164733667024098,1.2215188294010269,14061.559726084444,8000,1080p
1.6815870576386438,1.6530234529512462,10062.474131068533,8000,1080p
1.1171884999728197,0.9222781166112735,16452.55270527565,15000,1440p
0.8217618583560253,0.9718244644338987,18708.010634138907,15000,1440p
1.5207706095430538,1.145888355704406,12582.948339960009,8000,1080p
0.719389100025569,1.0269117395088478,19214.5770306942,15000,1440p
1.4236471090332066,1.2586480194645058,12509.597338303713,8000,1080p
0.9428484224709573,1.193848002547936,15703.883624789281,15000,1440p
1.6551686678656905,1.3699872488235494,11091.802513346915,8000,1080p
0.8582296106035947,1.1021124469370114,17116.620985062433,15000,1440p
1.3367891406291053,1.1218547407950208,13647.536454349862,8000,1080p
1.247961831293934,1.157404995636399,13949.8190564228,8000,1080p
1.3720439487803375,1.0914671636467848,13620.572617162341,8000,1080p
0.7154513962270713,0.9725369559667062,19878.355177268437,15000,1440p
1.2852078131017335,0.9590496264702233,14951.2401778647,8000,1080p
1.0077290717048735,0.7359347229369941,19243.636361040444,15000,1440p
0.8553265496996894,1.1136216754298085,17041.805148427975,15000,1440p
1.3152554010282518,1.5682920946585386,11636.510947085391,8000,1080p
0.9300419515075915,1.186043946861853,15856.838338110685,15000,1440p
1.1673362030211025,1.4198217247388831,12969.611031458027,8000,1080p
1.676342116672201,2.4572652678645905,8117.469531703016,8000,1080p
1.7848265601358846,1.8813337146628246,9152.472746664713,8000,1080p
1.0044280582623517,0.9178527926884261,17455.5304878596,15000,1440p
0.7457024250587512,0.8507904998828255,21017.58891366707,15000,1440p
1.0854300256731257,0.9077338737539371,16834.758049573975,15000,1440p
0.7570841908333049,0.843217343269976,20967.568476900833,15000,1440p
1.526753571523185,1.3240634287582163,11770.110812685583,8000,1080p
0.8457061408108814,0.9750110618790729,18429.238736485924,15000,1440p
1.3610155404368138,1.1202357311121334,13523.189845683502,8000,1080p
1.5998096301646207,1.1434126497316257,12231.7583397832,8000,1080p
1.6400937283943393,1.2379210709841209,11658.880978390542,8000,1080p
1.1350165908807126,1.589803271349191,12314.367076192753,8000,1080p
0.8091788010818942,1.1832116582036627,16841.293253347612,15000,1440p
1.0184761037564534,1.2049640884271446,15091.223104610175,15000,1440p
1.316293376297215,1.272536377236666,12961.235459456744,8000,1080p
1.2998902313894978,0.8862555758791628,15348.670655194052,15000,1440p
1.3141586715577827,0.915139667911486,15051.566408105044,15000,1440p
1.4429388152841045,1.0119941230734724,13668.166439792409,8000,1080p
0.9045296903004547,0.963104066452841,17966.2805293963,15000,1440p
1.310430477387527,1.3237085187591084,12738.292113318728,8000,1080p
1.1806619354137158,1.3762810273516493,13122.870743941223,8000,1080p
1.7438389695796042,1.6141265154199413,9992.488651206175,8000,1080p
1.097378843935677,0.7749407315252774,17921.316659704895,15000,1440p
1.5038359308103897,1.304737071662839,11947.146102469822,8000,1080p
0.5953404501017634,0.72331481465354,25445.947016505892,15000,1440p
1.1329554448077626,0.9616355262323433,16019.562990543189,15000,1440p
0.9377694490483716,1.3367960626567466,14752.01827660091,8000,1080p
1.3551522750041063,1.499924137576454,11752.551298503367,8000,1080p
0.8687037166485297,0.9614615486319159,18334.099458967863,15000,1440p
1.8603064745568467,1.8178046232990366,9122.734769909535,8000,1080p
1.2485074616358791,1.421529233039234,12567.030283485623,8000,1080p
1.2424718986540935,1.1509360734562986,14019.520445740522,8000,1080p
1.712613125652363,1.2563274930770274,11301.819843860738,8000,1080p
1.381989039320611,1.2298477017303735,12847.063322379767,8000,1080p
1.6803033972655634,1.2548000425781756,11432.112253524665,8000,1080p
1.3308058172461754,0.9494857395162084,14714.974451618564,8000,1080p
1.5437869164907927,1.880841967075549,9797.97611385473,8000,1080p
1.5104776137838487,1.3693285789224385,11651.628531455912,8000,1080p
1.5632810368872052,1.9860759532964014,9453.665013916858,8000,1080p
0.6517686413431932,0.9639063370928364,20768.058209628663,15000,1440p
1.0968928156191424,1.1491011799083912,14939.680189180031,8000,1080p
0.8362183185493409,1.0532837032079314,17758.346703854677,15000,1440p
0.9114120704467048,1.0091251138169237,17471.378463763212,15000,1440p
1.0112833103977115,1.2012336766724527,15165.728532748168,15000,1440p
1.1081374304363578,1.3450632215059715,13677.817985835432,8000,1080p
1.8970365819993718,1.9921652250656323,8627.588298207118,8000,1080p
1.4944384801734611,1.409623109782936,11554.311422335846,8000,1080p
1.6677524459806348,1.2696231538172391,11423.269125783212,8000,1080p
1.0270360601996864,0.8485532632422168,17890.074111972495,15000,1440p
0.9727978159072924,1.0670878418454222,16449.172958530424,15000,1440p
1.3793666041212953,1.4135409497677491,12014.157773778228,8000,1080p
1.1346068383296675,1.0291003742434655,15507.843115287424,15000,1440p
1.412436117664082,0.9695035173217161,14087.020303602305,8000,1080p
1.2259193574466831,0.9791219659646515,15217.144297363655,15000,1440p
0.9582332218773134,0.8222238405321408,18845.965290840268,15000,1440p
1.6004891575093463,1.2285038960613808,11860.910000343736,8000,1080p
1.6849028889486952,1.844556860326966,9506.959813576643,8000,1080p
1.3104154410875875,1.3462092330949693,12630.475176296666,8000,1080p
1.2165208253490967,1.5848361789081875,11977.920682371647,8000,1080p
1.5817850784506784,1.333973111637146,11507.9611588056,8000,1080p
1.9010630318688249,2.022098633325025,8552.905759070221,8000,1080p
1.7348189292027634,1.7047059011239067,9755.542888990616,8000,1080p
0.8034096592103714,1.0747691947811147,17865.408253687063,15000,1440p
1.1658009989370883,0.9837808046055507,15609.748810071009,15000,1440p
1.612993573951578,1.246838062207494,11733.009585510303,8000,1080p
0.8934419400362654,0.7559121226444523,20343.983598926916,15000,1440p
1.9585315405775756,1.6954853502182623,9182.889133468649,8000,1080p
1.59366029770453,1.7184130829655648,10130.944620922412,8000,1080p
1.3750556363045603,1.2846574050443311,12615.809103595117,8000,1080p
1.6398329602394084,1.7501759702311095,9898.036461910677,8000,1080p
1.9868710042463302,1.3594560075187587,10027.24237112171,8000,1080p
1.2889800709130619,1.0883335979643298,14114.43194866455,8000,1080p
0.8492598620137743,0.8173783900983616,20133.002442177454,15000,1440p
2.4620499024083125,2.5057836531523665,6754.3390141244345,4000,720p
1.7976732053857634,1.8653395253271035,9160.337259726066,8000,1080p
1.0176803098605027,1.473542694546366,13469.059951936706,8000,1080p
1.2114506511105767,0.951992681067253,15509.734644273045,15000,1440p
1.1126681541672063,1.1748390404340832,14668.55801773708,8000,1080p
1.418823797216202,0.9927020757725931,13914.19116661325,8000,1080p
1.592375741098565,1.569555512303886,10612.005546892637,8000,1080p
1.1585729436155718,1.5749059569826782,12275.357966968857,8000,1080p
1.398874251321475,1.379719617681607,12076.047663647523,8000,1080p
0.798773181213423,1.0072056241151062,18579.637757097626,15000,1440p
1.3360024548446061,1.0554647932277899,14030.897570119772,8000,1080p
1.0983535908405264,1.486097412617773,12983.19525311187,8000,1080p
0.826649935889338,1.1495160921162924,16979.561192975027,15000,1440p
1.3447855100212647,0.8990857730662376,14953.813194592012,8000,1080p
1.1249948431690777,1.1492210130786447,14754.286365482554,8000,1080p
0.7784705272574989,0.6309761190545305,23806.81247339076,15000,1440p
1.224205844908583,1.247064304302488,13577.80816100252,8000,1080p
0.8601979948519506,0.9077567502671843,18979.236936146186,15000,1440p
1.5054333014615513,1.7783680919816227,10218.16729446511,8000,1080p
1.3793858987457701,1.575739023264901,11354.657716862108,8000,1080p
1.4345964263389515,1.0472724189961584,13519.824813897196,8000,1080p
0.8860817220467989,1.1664786924272177,16347.597743474247,15000,1440p
0.9524921673611464,1.2021387548971594,15573.16923904119,15000,1440p
2.0705652094010922,1.5952254187855082,9153.395652767753,8000,1080p
0.6306969355124726,0.9343116924345932,21440.413426995452,15000,1440p
1.4547981151032483,1.0344685924103938,13479.645189773668,8000,1080p
1.0190137314550354,0.7698803359490514,18757.081602205635,15000,1440p
1.112253534555362,1.4569432279979144,13060.281131077516,8000,1080p
0.9623266816053585,1.272119387396824,15016.890524005406,15000,1440p
1.0555321563284323,1.5689559939292343,12785.133739965904,8000,1080p
1.3063582024545668,1.556972505016324,11718.671515117372,8000,1080p
1.4338708681132262,1.3380330351359133,12105.19309874651,8000,1080p
1.4566124270912322,1.1927692963318022,12665.004707833212,8000,1080p
0.8071185539607973,0.9343788987823779,19267.574550365072,15000,1440p
1.5892093819145843,1.117567731570213,12396.45179236826,8000,1080p
1.9720738161351161,1.8501661713648143,8778.73501133754,8000,1080p
1.819051356252385,2.1191173820865754,8520.313432316914,8000,1080p
1.1348126385424846,0.9299978172118115,16250.611239636632,15000,1440p
