Total Network Latency (s),Total Computing Latency (s),Throughput (kbps),Selected Bitrate (kbps),Resolution
0.8574030138518935,1.1321004194038846,16865.73214155701,15000,1440p
0.9570710630198966,1.2761504593757518,15025.124764159125,15000,1440p
1.077674870780338,1.4692157165790598,13174.665675288805,8000,1080p
1.5489791888001936,1.1935542102990897,12234.83076305292,8000,1080p
1.2916759877381534,0.9362285404583475,15060.982899102264,15000,1440p
1.0033711058424517,0.7955732606771502,18652.289989888566,15000,1440p
1.1023508120471828,1.0184366032125762,15821.685737365702,15000,1440p
1.9184350825479861,1.310856569025191,10390.6477396223,8000,1080p
1.0874919192021864,1.0915610973080971,15398.630389331625,15000,1440p
0.9328398264432242,0.8467374424187216,18855.2824241559,15000,1440p
1.276370483054888,1.4823212061797455,12163.168552303603,8000,1080p
0.9249314094474915,1.1960133773827697,15820.511787177116,15000,1440p
1.5058669827642723,1.7623883275049774,10266.771966855818,8000,1080p
1.63821464040424,1.6351523309162883,10250.73946611724,8000,1080p
1.009277883973954,0.9412635910837999,17202.624209262958,15000,1440p
0.9241489286355489,0.6681586872544347,21072.83270214438,15000,1440p
0.9227284059125378,1.0492270194829454,17015.816670029715,15000,1440p
1.203693229800502,1.1989387028735856,13965.698009621681,8000,1080p
1.2350668735504218,1.227027237960263,13628.41162046879,8000,1080p
1.3019751899421907,1.39965671531354,12420.06060659985,8000,1080p
1.0828540524521912,1.4987084924245773,12997.7218900198,8000,1080p
1.1334711884322044,1.0720932721725214,15213.534947330438,15000,1440p
1.2298230297961013,0.8818810913362847,15889.741211475537,15000,1440p
1.412321700707222,1.358587709407654,12109.537712605663,8000,1080p
1.3234802205107563,1.0382969604813788,14207.280970470067,8000,1080p
1.0200581568321991,0.7880990576877183,18557.25361188187,15000,1440p
0.8542712693427064,1.2567024087203842,15895.239409516296,15000,1440p
1.1054578054564668,1.110738815934679,15140.548305202852,15000,1440p
1.0762587939338495,1.1171630567411128,15297.755873852808,15000,1440p
1.7866395883669004,1.3464456943364687,10709.709111731456,8000,1080p
1.4870501391003739,1.1614926832559451,12669.016229138315,8000,1080p
0.9960861535499997,1.0860342234431282,16115.51011688252,15000,1440p
1.557168620446195,2.0469812597204475,9309.943569396888,8000,1080p
1.3520732415268968,0.9776579976941304,14402.705099674637,8000,1080p
0.814555408984596,1.076585226954772,17742.959652142865,15000,1440p
0.9233513175435809,0.8209462503721087,19236.644376048254,15000,1440p
1.0329340087001204,0.8233862485007528,18075.77753345018,15000,1440p
1.3115454920282958,1.0451676490552189,14237.809182229588,8000,1080p
1.1147242183561794,1.278253431408274,14022.041536118335,8000,1080p
1.0616099154175949,0.8199973431639311,17832.85637689102,15000,1440p
2.3394491591117568,1.9530584171461651,7816.976767983188,4000,720p
1.2636497729402234,1.2845750730840062,13167.767378279834,8000,1080p
1.4716111718775675,1.4532959083615156,11471.965118720027,8000,1080p
1.200811977683617,0.9906052407566137,15311.74972873618,15000,1440p
0.8141896306163746,1.1371825492610061,17195.301002040767,15000,1440p
1.545084416191827,2.1627466597651,9049.61183846278,8000,1080p
1.305027005982513,1.0042185567778823,14530.4737361453,8000,1080p
1.4748346306963398,1.449422550255729,11474.514696780354,8000,1080p
1.4116617817446697,1.3643751350508386,12087.170670170062,8000,1080p
0.8849495240964335,0.8772699199618522,19041.006563136176,15000,1440p
1.0482492681578686,0.833219711896191,17834.167002336595,15000,1440p
1.482213802683294,1.5990100504256766,10889.968921324366,8000,1080p
2.3808105766095444,1.8581545707132445,7915.713112477944,4000,720p
1.7552263683176221,1.2230149427686778,11266.525608618724,8000,1080p
1.0863268824780912,1.1065893571294776,15301.283010246074,15000,1440p
0.9852350523338816,1.0047666782816091,16861.50895437759,15000,1440p
1.2913012163570685,1.100118223090798,14031.17807211063,8000,1080p
1.115668233908266,1.0273012612288968,15657.913972243603,15000,1440p
1.4579320260307769,1.1322622297652967,12954.407541023342,8000,1080p
2.043370877738892,1.7822463346364255,8770.985212910553,8000,1080p
0.9829496764943495,0.7515678991711474,19345.109251559985,15000,1440p
0.7657723111835022,1.094439367385657,18037.964381456553,15000,1440p
0.8167985793561652,1.0137013971321782,18330.74702594167,15000,1440p
1.3789671281416291,0.9282706979356652,14543.11801789778,8000,1080p
1.2116309008264845,1.5725578607419686,12051.780562858585,8000,1080p
1.5140311135956546,1.2231180099446457,12258.898030590244,8000,1080p
1.753162914159165,1.210394376128499,11322.349701140069,8000,1080p
2.017668636885367,1.3546134825241065,9950.06669426453,8000,1080p
0.8880277763324317,1.2459606250940811,15723.811796526063,15000,1440p
1.3322198065560025,1.4225827232234194,12180.34020125817,8000,1080p
0.9912954533111072,1.1225722570743746,15873.47771818751,15000,1440p
0.7792203012040687,0.6150395531677103,24066.125044616485,15000,1440p
1.2176723720039142,1.76038725583342,11267.212948441605,8000,1080p
1.7029806775345253,1.8855286501789539,9350.521048075458,8000,1080p
0.9169421951968217,0.8842177244214693,18629.34636426453,15000,1440p
2.228424061205182,1.5239321433521886,8942.229940549605,8000,1080p
1.4497340919866923,1.017657901119315,13599.149261143926,8000,1080p
1.0466335549888304,1.003529968510886,16366.710077214308,15000,1440p
1.0496201544390125,1.480999359013855,13259.374560902337,8000,1080p
1.204694272733224,0.9441884318645122,15614.827150968802,15000,1440p
1.0137762599204634,0.9205629737810443,17346.715310008472,15000,1440p
1.4572252088176074,1.0035700276738466,13635.60506880741,8000,1080p
1.01456180181852,1.1137999566395664,15765.380047191251,15000,1440p
1.1462272103864488,0.9503425106474901,16004.443669754222,15000,1440p
1.0407818585510242,1.0840555775175431,15791.529003782676,15000,1440p
2.113506376215812,1.7719956707485265,8635.803454592278,8000,1080p
1.0839361716204003,0.9161651104882098,16776.36642711672,15000,1440p
0.6946458160963016,0.8625636921818636,21547.795477502408,15000,1440p
1.652684083594526,2.0204853586978295,9135.007934471794,8000,1080p
1.4677964820829468,1.5068505087638115,11280.139157099931,8000,1080p
0.7744481098800277,0.7377763411839667,22188.790808395705,15000,1440p
1.3277778375132812,1.272264238307371,12905.341921979938,8000,1080p
0.9924356637086216,0.8608739056603627,18105.141501764665,15000,1440p
0.9775072676430586,1.1967188041289427,15432.816502220043,15000,1440p
1.2359689033805912,1.3034016226057388,13213.680971967235,8000,1080p
0.7104283384999132,1.0516004272916235,19043.06708916112,15000,1440p
0.9584428147963666,0.7330777206033805,19836.845783294186,15000,1440p
1.5420247666774922,1.625790067216995,10592.295875686787,8000,1080p
1.5521198095126847,2.2430677246528115,8841.31065933692,8000,1080p
0.8747082873265011,0.9476066716618494,18413.080480131484,15000,1440p
1.135764114253725,1.3528227297380304,13483.327729153247,8000,1080p
0.8654290487311117,1.0300090432744415,17702.731701722965,15000,1440p
0.8554324021640841,1.084032145275727,17300.8741223414,15000,1440p
1.0056568646059592,0.8733493654048889,17857.54164306644,15000,1440p
0.8790121205076651,1.0686387014306757,17228.15590045343,15000,1440p
1.6376645115888135,1.1948524807296943,11846.153823965094,8000,1080p
0.6989620465287586,0.9407838723155851,20463.189823730994,15000,1440p
1.3414586565389088,1.0438433053464045,14067.16320875324,8000,1080p
0.7743951040216035,1.0859729625280972,18036.44805741648,15000,1440p
1.1436952475754563,1.0967473754041746,14976.697754203127,8000,1080p
0.9067093622656782,1.2141761579904449,15820.953879654895,15000,1440p
0.9360085721978936,0.7411745239816897,20006.421526923845,15000,1440p
1.1578721509728143,1.2200107211308333,14111.053321274532,8000,1080p
1.0626775679089184,1.4305252935490747,13458.364146260365,8000,1080p
1.4167290501711374,1.6024044435189337,11113.927910153061,8000,1080p
1.8394431762260612,1.258974312327495,10829.53866738737,8000,1080p
1.308383393422397,1.243343392692318,13149.69619106061,8000,1080p
0.7596958939470919,1.0414052893420165,18629.953892276095,15000,1440p
1.0138419524901316,1.0383228707545034,16350.749033378219,15000,1440p
1.463884336750783,2.1859334202036416,9193.454093992725,8000,1080p
1.0382760939466156,1.3952826937374865,13788.215090514455,8000,1080p
1.0484129880748945,0.9714601658094708,16612.148112109095,15000,1440p
2.117507844700121,1.6888756505293068,8815.305142546475,8000,1080p
1.1307266243939311,1.0248573855529008,15566.283589581659,15000,1440p
1.1447188925384455,0.9755668358487966,15825.42935169525,15000,1440p
1.6875158978584537,1.6055105409150259,10189.542241421444,8000,1080p
1.028596281302754,1.520003144795054,13165.832047359285,8000,1080p
0.620025577074821,0.7283618872907051,24884.85905332025,15000,1440p
1.1173651794773125,0.8410316023560935,17133.62292629337,15000,1440p
1.0498138540417847,1.4500786774610863,13422.349791904031,8000,1080p
0.9328179416220246,1.3431616387711565,14742.852830957028,8000,1080p
0.6290767805392954,0.7854674032512727,23721.020795606295,15000,1440p
1.1306593949355914,0.9553744906193389,16085.276577889237,15000,1440p
1.280647872169839,1.5593036024853748,11815.14272319519,8000,1080p
1.5225766955067106,1.4834891780883723,11162.24108551248,8000,1080p
1.114203389185476,1.1511369138283045,14812.09333333257,8000,1080p
2.0985002339451206,1.5901691477642848,9096.622257983496,8000,1080p
1.1180674403668738,1.4304029106686025,13166.498871123378,8000,1080p
1.0020447708527478,1.3433260390721091,14306.663943291358,8000,1080p
1.0584491129960716,1.385425641247001,13730.012940205941,8000,1080p
1.4668639757551796,1.2843677796427422,12196.148846481632,8000,1080p
1.1230404786638806,1.1227584163800692,14940.978051974393,8000,1080p
1.185128149686368,1.0634389510333788,14922.584248991066,8000,1080p
1.001556991674831,0.9902742745687736,16846.021331556018,15000,1440p
1.4087098449966688,1.039389435899998,13706.319944553064,8000,1080p
1.373000686582086,1.573800656303694,11386.7302527901,8000,1080p
0.9524886688866048,0.6847736507936506,20494.23088570982,15000,1440p
0.8421610576003852,0.7243096915400292,21420.401254484113,15000,1440p
1.6724594341748433,1.9398361002380466,9288.94983268683,8000,1080p
1.1675927659534846,0.8811066165315538,16378.406850154379,15000,1440p
1.6429337971819054,1.237394285782113,11649.517358269344,8000,1080p
1.0983234707422398,1.5108436804712386,12860.207895992564,8000,1080p
2.5984770349122477,1.9787476983008818,7330.737282031025,4000,720p
1.8179940378813941,1.6843188203910282,9580.649518715845,8000,1080p
0.8558394716432037,0.8285029545707915,19921.383845577326,15000,1440p
0.6802110314808596,0.9003890594853436,21228.919441279137,15000,1440p
1.2045023482926236,1.5154772668461878,12336.28068873876,8000,1080p
1.4626205726985892,2.16333201318891,9253.963256606434,8000,1080p
1.1574985267843598,1.272482031327496,13808.518709331762,8000,1080p
1.632295989878229,1.2488144674264603,11646.353896264895,8000,1080p
1.1908453320141104,1.046680148373078,14996.223414713308,8000,1080p
1.105709287267174,1.179839464880152,14681.127220968194,8000,1080p
1.5862420528035124,1.52934689873619,10769.852031802087,8000,1080p
1.882444369372523,1.813514812014701,9078.680351498318,8000,1080p
1.2860777627323665,1.1615410590814073,13709.010447605137,8000,1080p
0.8439516084642339,0.6579819690149219,22340.822858703068,15000,1440p
1.0699028782163298,0.94374553618032,16663.50081777008,15000,1440p
1.0966633340832375,1.0024800933601394,15984.821028102479,15000,1440p
0.9744335171285832,0.8692024907936773,18200.13921176076,15000,1440p
1.4070646733963263,1.7701187470159772,10561.062286937668,8000,1080p
1.6952732941308704,1.9634515218279962,9171.07289775937,8000,1080p
0.9481931698104212,0.856323557325528,18594.691584408938,15000,1440p
0.8237109821080775,0.8152150289003792,20473.426972675497,15000,1440p
1.1519536162846442,1.278542798805255,13805.587941490088,8000,1080p
2.254785373092807,2.547124905528532,6987.725728526878,4000,720p
0.906391107720642,0.879810901643978,18785.35116637554,15000,1440p
0.7751308594644489,1.1516960840033241,17414.346479716027,15000,1440p
1.7726981937776243,1.4070768480229385,10552.454673334263,8000,1080p
1.1129918100566927,1.4660654109822586,13010.348016428608,8000,1080p
1.2813311872580175,0.8971146608501412,15402.922238870378,15000,1440p
1.604658817539894,1.508500896483176,10778.255882233012,8000,1080p
0.9102209665070826,0.9990257477263256,17574.69673764641,15000,1440p
0.7147444603416877,0.835122140027492,21649.88392678912,15000,1440p
1.7100720408007843,1.159306425538425,11693.972194197577,8000,1080p
0.8331342924853333,0.9289198207048228,19042.793151937043,15000,1440p
1.6047949031119275,1.3609830454832568,11313.87196937448,8000,1080p
0.8399532575036454,1.2421856056960143,16115.367035816387,15000,1440p
1.2157239709681382,1.2009861472186734,13884.342912080383,8000,1080p
1.427421489639883,1.861236248775371,10203.078176255973,8000,1080p
1.592367379033475,1.648387875931251,10353.892645424477,8000,1080p
0.9536128074967407,0.691149812302601,20400.774917959643,15000,1440p
1.4473947531041247,1.1611189834329083,12863.429289257121,8000,1080p
1.014125763095527,1.4690529099061058,13512.693373546035,8000,1080p
1.3554204129168783,1.1530054732183033,13376.688617935797,8000,1080p
1.2048020939660706,1.7088418094740605,11516.311914569374,8000,1080p
0.7288800027647903,0.8252204737664403,21590.902587517292,15000,1440p
1.1495731413493824,1.1784312854640484,14413.38839975028,8000,1080p
1.2625048490912874,0.9936086923184675,14872.669918479893,8000,1080p
0.8738761123894518,0.9517723419378803,18379.45959446134,15000,1440p
0.9584793580006041,0.9601906260041724,17488.38115972552,15000,1440p
1.2156775573371434,1.209471443218567,13836.029040818183,8000,1080p
1.2238227541285351,0.9917046155808691,15145.121860715768,15000,1440p
0.9251663263746267,1.305025243974422,15045.537991495668,15000,1440p
1.2091582988179936,1.0283400782492402,14996.405067332807,8000,1080p
1.9722413156452574,1.4195497792589955,9892.835690975011,8000,1080p
0.8234256047058496,1.0471303802814687,17938.213167261863,15000,1440p
1.12064988601612,1.0191138185863393,15681.372633729192,15000,1440p
1.1860373164030522,0.8563579507146775,16428.960906941735,15000,1440p
1.3391505154304644,1.085497064062895,13838.890354123689,8000,1080p
1.0706905048843698,0.9171197639971165,16880.097927495175,15000,1440p
1.2826410292834785,1.1553108153508511,13763.369475016376,8000,1080p
1.1070991445293423,0.8574570142264146,17079.904715603323,15000,1440p
1.515937875875285,1.853501851573174,9958.460371513876,8000,1080p
0.9074866665678147,0.9931112112780367,17654.671927778214,15000,1440p
0.987083686012498,0.9754559836752482,17097.454139787525,15000,1440p
1.0764413445037186,0.9921634313804486,16220.803698791664,15000,1440p
1.0544799896022283,1.1813017286895722,15007.919478667409,15000,1440p
1.7377841829093779,1.4634487138265055,10481.72159989158,8000,1080p
1.9029365611703082,1.4351610917515936,10051.962371630785,8000,1080p
1.052562020407242,1.268422952715898,14456.97942406272,8000,1080p
0.878864141635287,1.302856961232243,15379.7989834255,15000,1440p
0.8237933673544724,1.1609502300794112,16906.179741999535,15000,1440p
1.1225051604136458,1.6310239226401007,12185.97334108675,8000,1080p
0.6689076760350046,0.9847729237757343,20290.757479914955,15000,1440p
0.8312541812861968,0.6179108908738787,23154.320128613726,15000,1440p
1.314957279821631,1.492693918396696,11951.068573365843,8000,1080p
1.262619633548631,0.9404007223420321,15231.103929783807,15000,1440p
1.1943594835441997,1.602318983338804,11997.95843438434,8000,1080p
1.2068831683949655,1.027767369405732,15015.51649011915,15000,1440p
0.8759108975931458,1.2772193564690535,15584.023278059742,15000,1440p
0.9692555909094821,0.9233386560020534,17729.332134849512,15000,1440p
1.330027528887893,1.0848719230062114,13894.753246840934,8000,1080p
0.8828068344772326,1.0178982096722589,17653.676515082116,15000,1440p
1.7430875399899792,1.8866296125939324,9244.365494461015,8000,1080p
0.8605552343997663,1.1970938858215807,16307.16902617024,15000,1440p
1.5161345625664289,1.0497215048710904,13077.285365234962,8000,1080p
1.06743896914467,1.0398892156680297,15922.736781970358,15000,1440p
1.1261916636529252,0.9817224872533579,15918.310518278699,15000,1440p
1.5364915472601826,1.883908410550877,9810.090168950213,8000,1080p
1.1887252232664034,1.0046872915209288,15297.82098615105,15000,1440p
1.099521536905488,1.6426884785877827,12236.273593349926,8000,1080p
0.7951090325214656,1.16549755329436,17114.311582319664,15000,1440p
1.2761437681513086,1.142051235482413,13875.817272626544,8000,1080p
0.8375008430761695,1.0583511212862773,17698.867121876774,15000,1440p
1.1245827824780361,1.1849210598072715,14528.84874475771,8000,1080p
0.8291620805794373,1.1330873411997227,17099.98312527283,15000,1440p
0.8709503231507885,0.9488279244310991,18438.747712578148,15000,1440p
0.8916666209477262,0.8452742446009613,19318.11995764196,15000,1440p
1.8540905983151332,1.4885103257632704,10038.420009487483,8000,1080p
0.8694944854326898,1.2301601878179451,15980.928877248103,15000,1440p
1.127435733181701,1.3525679139428501,13529.993005818682,8000,1080p
0.7463799838387164,0.930727409010673,20007.3246013133,15000,1440p
1.736909809132152,1.2221893900837004,11339.407617322113,8000,1080p
1.8272430986035488,1.6221371953540997,9727.669650916137,8000,1080p
1.868828941260903,1.6407143096682588,9560.911378173318,8000,1080p
1.9287292345527567,1.6272057115067617,9436.177126126304,8000,1080p
1.0866489788527454,1.494129855485102,13001.668935575059,8000,1080p
1.8762412900456857,2.10624598618765,8425.496347532846,8000,1080p
1.2981117012339087,1.0860168992958572,14074.086436672933,8000,1080p
0.731495153632085,0.9382692010464223,20095.309799843282,15000,1440p
0.9091267700893628,0.6832568030720378,21071.827520415518,15000,1440p
1.6793457255196496,2.1904722525189673,8670.803689068282,8000,1080p
1.1154641210348912,1.130761228971743,14938.141446894853,8000,1080p
0.7127452814736007,1.067540913021991,18847.77408472067,15000,1440p
1.533891531441757,1.176651371219406,12379.22925590178,8000,1080p
1.7840457398430214,1.5080070170843989,10192.555975718155,8000,1080p
1.6142096228260614,1.8191792665608568,9772.977393770165,8000,1080p
1.4366769788907376,1.1053733439688331,13199.751278823771,8000,1080p
0.9960475433419107,0.7068028241175026,19704.862295130435,15000,1440p
0.7501036690399894,0.8592721208465874,20849.345572897426,15000,1440p
1.3078506801740541,1.8202712820796667,10726.70196523444,8000,1080p
1.0847607008842381,1.5560171231313686,12706.26846940748,8000,1080p
1.0344342499454418,1.507116784833745,13202.344371933987,8000,1080p
1.5061334921012641,1.6785929751136284,10536.048337408401,8000,1080p
0.6689442450711229,0.9506130308063685,20718.274370271894,15000,1440p
1.004934603453734,1.2884430332330306,14631.01037667568,8000,1080p
1.0776126503207948,0.9380290491469347,16647.022141316444,15000,1440p
1.2260962629296532,1.0873313177056687,14504.206779961169,8000,1080p
0.7903742839317531,0.9426756275721684,19361.49200162495,15000,1440p
0.8532970923168192,1.2036214503664464,16312.961016058514,15000,1440p
0.8365054407040352,1.156724405847252,16834.201062188753,15000,1440p
1.4020362985192614,2.013932988523716,9822.814311379912,8000,1080p
1.474961179159726,1.4030155339447938,11659.035268497464,8000,1080p
1.643899041294262,1.4489784914134414,10848.936514671597,8000,1080p
1.6646906805907526,1.8771055773484953,9473.84591216527,8000,1080p
1.0005398657700828,0.7983341031305811,18653.019933634336,15000,1440p
1.1068967559599812,0.9135557485101455,16607.38469514274,15000,1440p
1.4373753277278563,1.6850825764603803,10746.159925804777,8000,1080p
0.9113123815293386,0.9804576205859722,17737.056810542832,15000,1440p
0.8681680605079463,0.8443579485433748,19593.53132311723,15000,1440p
1.7804955712577106,1.2494822695065606,11074.150955353636,8000,1080p
1.2591871585329764,1.1569873827650938,13887.420559432414,8000,1080p
1.5778766934006463,1.270143168281815,11781.670644732721,8000,1080p
1.2307551985971925,1.6894095070139958,11490.595696716731,8000,1080p
1.313426093766533,0.919034906367564,15030.243304579337,15000,1440p
1.4769808834764104,1.12897528104534,12876.053886408317,8000,1080p
1.0784044159089297,0.848304883106036,17415.409795943153,15000,1440p
0.8583023216474549,1.0555716451756418,17532.20566331132,15000,1440p
0.8279845105024127,0.8605167131618249,19872.317253749516,15000,1440p
2.149591013186007,1.9814441095892947,8122.5240170452835,8000,1080p
1.280706718771621,1.2186560702996572,13425.194672306165,8000,1080p
1.0554293163824393,0.8290051540649404,17806.101791395224,15000,1440p
1.2929023732422673,0.8845605934784666,15409.874938324705,15000,1440p
1.363004260582338,1.2855611830485958,12668.908023658285,8000,1080p
2.3921341260587514,1.9950353054808385,7648.310037623675,4000,720p
0.6566267439957346,0.9379023433768755,21043.47438107223,15000,1440p
1.1218807075075223,0.7923760935529187,17528.69937900278,15000,1440p
1.389966412936625,1.624494434399492,11131.155353917466,8000,1080p
0.8375470725984712,0.8801469984712212,19534.579856297696,15000,1440p
0.7613169953483994,0.7879043639271035,21658.900969253235,15000,1440p
0.9923095453820073,0.9600568264118884,17186.544741174337,15000,1440p
1.694039212918857,1.259698008816932,11359.992267789296,8000,1080p
0.693693504435636,0.8274341370756273,22058.91937290888,15000,1440p
1.174909990322324,1.3585022820249038,13244.757817846812,8000,1080p
1.1006735869820572,1.1771928392124904,14730.640749667115,8000,1080p
1.200253766087216,1.0456060049491622,14940.573063702866,8000,1080p
1.1276292900255498,1.159128520685931,14673.364989867547,8000,1080p
0.9826970134242355,1.0024377883663909,16902.8480936072,15000,1440p
1.4988695226650095,1.1842202462637759,12505.892418723095,8000,1080p
1.5013730815325101,1.6061719025529846,10797.730096214385,8000,1080p
1.2845404022286384,1.0317811228694629,14486.085647621348,8000,1080p
0.9093272705449802,1.1489587619153296,16302.122965821094,15000,1440p
0.9643313802904433,1.4416322939269914,13946.358525514288,8000,1080p
1.2023554788569288,1.6921499328649097,11592.45785622479,8000,1080p
1.766553759818239,1.247716189101014,11131.86030734597,8000,1080p
0.8985175827053397,1.0208475283912941,17482.047478099983,15000,1440p
1.1187924520224866,1.0262244227303197,15642.968777980754,15000,1440p
1.298339854883397,1.3717671114496033,12566.699545405134,8000,1080p
1.664895705881117,1.459240348016453,10740.387557109938,8000,1080p
0.7346076704676286,0.5307581792502009,26517.573559838427,15000,1440p
0.9986080455085662,1.2344441196495843,15026.264286854932,15000,1440p
0.9865165812707107,0.7893028665681693,18895.18218805113,15000,1440p
1.1350944240556538,1.5425809402617654,12531.180010521382,8000,1080p
1.407140116118683,1.4136724638875322,11895.307131651429,8000,1080p
1.8432112179888367,2.2290632522977853,8239.727514643264,8000,1080p
1.2517237477187901,1.4404297623045368,12463.788515428772,8000,1080p
1.4718317039316084,1.504802545872944,11272.608316659396,8000,1080p
1.2877207051223105,1.8093014849924822,10834.41768906289,8000,1080p
2.4213878305473937,2.0922428063098373,7434.0225640092285,4000,720p
0.7860734777767544,1.0102532372251287,18679.470566112926,15000,1440p
1.2753193957309015,1.6320134800277342,11541.310690556667,8000,1080p
0.9107373812773966,1.249658863339962,15531.61003848303,15000,1440p
1.103760088130643,1.2780373603776773,14087.861258317567,8000,1080p
1.1178830915649098,1.2603403545537355,14109.032544760317,8000,1080p
1.0137484241861254,0.8591423290525073,17915.8511739017,15000,1440p
1.3420016307112759,1.3235594950322964,12588.130760137723,8000,1080p
1.2798327811313033,1.2399095554976418,13316.61238223708,8000,1080p
1.9400160689659476,1.7310417574986863,9140.26244917917,8000,1080p
0.8847188125334664,0.8683571955581011,19140.317844249097,15000,1440p
1.1027010689557442,0.8051417847163551,17587.628842394686,15000,1440p
2.343270547677044,2.9762513754853033,6307.790903896223,4000,720p
1.0765665039439483,1.2703904094817793,14296.995316808943,8000,1080p
1.1993645851723036,1.09950471832253,14596.059005611673,8000,1080p
0.9983506253569013,1.0331089268946116,16517.400980398972,15000,1440p
0.9652814824587042,0.9804905646920192,17244.790852625916,15000,1440p
1.4380629784844243,1.9502316836353313,9903.044258555708,8000,1080p
1.0342172812390409,1.2058048257233263,14979.509307389048,8000,1080p
0.7947813003615193,1.1028470777723647,17682.298803413352,15000,1440p
1.5162921556950222,1.2038431928474838,12335.574411022975,8000,1080p
1.651423244951972,1.832902128751701,9630.108672753839,8000,1080p
1.2637422897353137,1.0501464483636611,14501.316095071783,8000,1080p
1.5591219387276911,1.4785066498187642,11046.258955594118,8000,1080p
1.5368411625809903,1.322087230377269,11736.71648532608,8000,1080p
1.1821640463510885,1.6327933736670088,11920.049575664372,8000,1080p
1.2184961733472912,1.16818429907373,14059.038228088728,8000,1080p
1.2001443403267853,1.1519423733112806,14265.814183398039,8000,1080p
1.5702089982154703,2.081293869388239,9189.211460764927,8000,1080p
1.7049276514221825,1.5756049026405217,10228.349039989025,8000,1080p
1.2874178308413196,1.3585866240946116,12681.16988140614,8000,1080p
0.976394616730977,1.3906276877683985,14175.798823787067,8000,1080p
1.0638093463424463,1.148197662070702,15169.224994486483,15000,1440p
1.3338337678844787,1.8192433454562618,10641.805066558773,8000,1080p
1.388144063295501,1.6584553352903229,11013.732890374546,8000,1080p
1.040641572577185,1.283442771094767,14437.699772541586,8000,1080p
1.1211288814774698,1.1465371474068768,14796.902000824264,8000,1080p
0.9472532551953508,0.8927409069527725,18236.162206529218,15000,1440p
1.8173279803857094,1.3242404265447727,10680.789864698467,8000,1080p
1.0305831427087173,1.310776748958324,14331.172289839365,8000,1080p
1.644739136094877,1.2643316051626527,11534.415964561635,8000,1080p
1.180046162257642,1.328523606636443,13375.921378017974,8000,1080p
1.1564074388971806,1.3900790998237773,13176.756087174774,8000,1080p
2.259200130104127,1.9718248892272032,7930.568088510839,4000,720p
1.351249967507345,1.5415821267523624,11599.163348119164,8000,1080p
1.3804431574438225,1.3069517367451726,12485.858357681405,8000,1080p
1.2334752309505905,1.0111376993069676,14948.872274450363,8000,1080p
1.2769564203361432,1.0383908995624533,14492.180810898624,8000,1080p
0.7057497301321907,0.9233606627672319,20596.782235414525,15000,1440p
0.9411580183556356,1.2230008798024705,15504.606444821515,15000,1440p
1.0792847066499747,1.1298045593191268,15189.260351269719,15000,1440p
1.6501260568588614,1.3238512666652298,11282.679169940278,8000,1080p
1.4891268879685489,1.2501969143099247,12249.166006621997,8000,1080p
1.0763049784975116,0.9074354632823989,16914.729010562136,15000,1440p
1.345325870638709,1.6404862022847468,11237.958444968817,8000,1080p
1.278304858570879,1.3373687213974093,12828.218420284235,8000,1080p
1.842068839274103,1.4568233407480697,10171.42427485292,8000,1080p
2.484462095163432,1.7446945181765847,7934.071747108951,4000,720p
0.7497820853629611,1.0967450098965512,18171.64345226369,15000,1440p
1.278041344854236,1.1592150982262746,13767.296459616575,8000,1080p
2.0364215561509,1.9817919063945202,8350.584734426791,8000,1080p
1.3668573940176583,1.65514773040798,11103.367009140115,8000,1080p
0.8240505505875304,1.0087290562217173,18307.94705230059,15000,1440p
1.2033477038186113,0.8898606843051624,16030.144055593135,15000,1440p
1.0137701384578597,1.445682429684943,13643.04904051792,8000,1080p
1.8382100092926947,1.2817875357053645,10754.63410341269,8000,1080p
1.3429706787189983,1.4720734235900481,11919.68252734545,8000,1080p
1.5444898166003902,1.8148351657806472,9988.4447548201,8000,1080p
1.353980368587841,0.9741205470051195,14412.791032923838,8000,1080p
1.2957817431606353,1.0992598456411045,14009.95797187287,8000,1080p
1.3508724499528721,1.3643090237671025,12358.080785675165,8000,1080p
1.06446716098356,0.9505846246349752,16651.895618504026,15000,1440p
1.858786421908199,1.532932471956572,9893.046284200058,8000,1080p
1.3415735937039155,1.490149222693278,11849.476158366153,8000,1080p
1.0744886425266387,1.2360364501558063,14522.427004263514,8000,1080p
2.131786738836783,1.9962233704087247,8128.476217838738,8000,1080p
0.8512470639000688,0.8758504531001686,19428.22085592483,15000,1440p
0.704707108001892,0.943174444649772,20362.162526794713,15000,1440p
1.0190151459277024,0.9640834064557806,16920.203970534385,15000,1440p
0.7302745237861963,0.8841232787931927,20784.488151797977,15000,1440p
0.6226973111427613,0.7889529584047837,23769.64941235388,15000,1440p
1.2602554220302107,1.7893581169461523,11002.847269383163,8000,1080p
1.421706660667149,1.250646129157765,12556.138593586815,8000,1080p
0.8171587809806888,0.8299573435897001,20371.62498712826,15000,1440p
2.013891206066397,1.4278258409347857,9749.32905342595,8000,1080p
1.0490852754547453,1.243930100163692,14633.321850687638,8000,1080p
1.6514479592239675,1.2308345067018163,11641.618195537396,8000,1080p
1.6399171643131714,1.386383559053186,11087.60664164107,8000,1080p
1.1724451250728696,1.6808592324242122,11759.850263374617,8000,1080p
1.2972542997654273,1.1442210507328605,13743.506356986883,8000,1080p
1.6784104611322637,1.905579318878386,9362.31241147688,8000,1080p
1.0694930436649737,0.8227751319633436,17732.387212430098,15000,1440p
1.1409437438251055,0.9470011345162677,16070.554518975161,15000,1440p
0.9989397150439234,1.2321340790428958,15039.588600310668,15000,1440p
0.765289804518071,0.9138576231655954,19983.017242439117,15000,1440p
1.0023696051403086,1.369380796740996,14147.539291395995,8000,1080p
1.5204933152394549,1.0794342828950965,12905.910158450302,8000,1080p
0.8313653591213779,0.8799965711072826,19606.858962625567,15000,1440p
1.0709139055411363,0.9855795432431971,16316.333037596216,15000,1440p
0.9264497871214152,1.333738387829256,14845.857690912098,8000,1080p
1.4014453715413795,1.6340753996023911,11053.929302337418,8000,1080p
0.5538972093041876,0.8306441074762434,24235.052860702217,15000,1440p
1.3885673709910162,1.3065271635059448,12450.187394359038,8000,1080p
0.7216955504414007,0.8378450003503308,21515.588025566525,15000,1440p
1.0069868445773316,0.9902961569143867,16800.038840233996,15000,1440p
1.6981395778827788,1.7318670991106289,9782.614192871582,8000,1080p
1.5931379914694503,1.4093580928136904,11175.512326441973,8000,1080p
1.077637610164881,1.0758829276439639,15581.19897669554,15000,1440p
0.9193191928306044,1.3502124634205759,14784.738475701775,8000,1080p
0.9902969884178897,0.9197829324173713,17567.030381287364,15000,1440p
1.516928492268684,1.13023341237193,12675.625144490527,8000,1080p
0.8507041937279122,1.1982770244579117,16376.154013607418,15000,1440p
1.3828039692180318,2.063309306425431,9736.891772292269,8000,1080p
0.7476009089892007,0.8378859494352219,21163.487935399673,15000,1440p
1.7535140992414302,1.322329195705581,10909.018692572263,8000,1080p
1.5663910698811345,1.1105438499631535,12534.646154921016,8000,1080p
1.2458785364977665,1.7024750078464894,11380.735551327123,8000,1080p
1.0136192525251624,1.4279649367142668,13742.893711337656,8000,1080p
0.8685560903600008,0.8596311561159847,19415.970155098737,15000,1440p
1.39519269558739,1.3389844372928879,12272.223184257484,8000,1080p
1.0895928937534476,1.5240891065263578,12837.993296968743,8000,1080p
1.7178498839643135,1.2908571537579197,11152.442421048301,8000,1080p
1.7442683978981979,1.4845321148063846,10392.22828043141,8000,1080p
1.1377194140726699,1.1029259676023069,14975.342494811317,8000,1080p
1.0819161963893755,1.124343934263798,15208.737869938326,15000,1440p
0.9768073689941068,0.9349903945951907,17551.245554866302,15000,1440p
0.8368927346502196,1.0128101261375675,18140.444452634514,15000,1440p
0.8697131183194178,0.8630659082973915,19364.518778550697,15000,1440p
1.5498615102940927,1.0366390588572716,12972.9072555392,8000,1080p
0.785282658196376,0.5758654145137271,24651.56633046669,15000,1440p
1.1614653549650222,1.0949189858728074,14870.884978549679,8000,1080p
0.8266686021655615,0.9370011680101994,19025.348490639542,15000,1440p
1.9704997682716108,1.400610821345577,9953.524545692917,8000,1080p
1.3773992819990264,1.387361718476583,12136.467490039024,8000,1080p
0.9474574891283547,1.397895293667883,14306.773908867926,8000,1080p
1.3104394675038777,1.6350921585413174,11391.63867849951,8000,1080p
0.9123305391053471,1.1355616982680325,16384.862146377785,15000,1440p
0.7107391904739242,0.742637938593119,23087.21620075264,15000,1440p
0.8828892363153091,1.2719558330769285,15571.621587376509,15000,1440p
1.2765129868212723,1.680538752229326,11347.259013727336,8000,1080p
1.6750061487243595,1.6894627097835098,9973.17360068575,8000,1080p
1.5461321206277765,2.0784859612788678,9257.370360617275,8000,1080p
1.3346001988070357,1.2738223196727478,12863.87913088401,8000,1080p
1.4318963082049636,1.0430090518027615,13557.864693418122,8000,1080p
1.7359226081528671,1.246496810332057,11250.74219676511,8000,1080p
0.7108109103431193,0.9869644367427013,19763.764421244043,15000,1440p
1.0963616858005631,1.5772209168221394,12550.36293514333,8000,1080p
0.89109099131418,0.9426429840267077,18298.418664442477,15000,1440p
1.2580662560346125,1.2065850095990385,13614.271709703038,8000,1080p
0.7431047286436837,1.028522426194804,18939.89483529847,15000,1440p
0.8812928989486356,0.891112332801805,18931.580317477055,15000,1440p
0.675686127142581,0.9340856038916182,20844.21744593746,15000,1440p
1.4295352364142586,1.9153318544171463,10031.618922012134,8000,1080p
1.111622127956856,1.1249363076355963,15002.707492912705,15000,1440p
1.233296793423616,0.9824644025734457,15143.523616452256,15000,1440p
1.2723045785803888,0.9264911919044112,15260.367720555409,15000,1440p
2.339705259898083,1.769059400404612,8166.549991093436,8000,1080p
1.22625690008141,1.0217841812439477,14926.075986217123,8000,1080p
1.0809067575113522,1.5178794837151324,12911.578285162903,8000,1080p
1.065721986433133,1.1889566121814001,14882.135316589558,8000,1080p
1.1304093713923182,1.51853682823761,12667.087011690812,8000,1080p
1.001408402029134,1.32802592858895,14404.540861684984,8000,1080p
1.5574233869914726,1.2964304368253199,11757.586082360634,8000,1080p
1.4469301502536602,1.7870954022059227,10375.43812060506,8000,1080p
1.3320574484699081,1.2366799777412045,13062.616543681843,8000,1080p
1.7843591449550447,1.5139643297378038,10173.178057717552,8000,1080p
1.9658795582899142,1.7585839127263594,9009.198844644377,8000,1080p
1.6815375764456126,1.1594162214016137,11810.97419656256,8000,1080p
1.2344353177174707,0.9633091065290278,15267.667900695145,15000,1440p
1.8041104501791625,1.2788034006729538,10883.99923686663,8000,1080p
0.8597660592910877,0.9314679172193129,18732.57901537196,15000,1440p
0.8999031402965944,0.9712711847889889,17932.28538365355,15000,1440p
1.0054484089500524,0.7017034040945025,19655.21270200254,15000,1440p
1.2144833825860135,1.4604272624557626,12544.131917900366,8000,1080p
1.4425677058394177,1.7401955529535897,10542.547236995808,8000,1080p
1.62586207702045,1.7175394240194148,10036.016311401398,8000,1080p
1.0677153174155172,1.5936076902464693,12608.17717480979,8000,1080p
0.7892851431574538,0.8454434144688326,20525.996100981338,15000,1440p
1.4592321146237226,1.0772697576687205,13228.624968320693,8000,1080p
0.9794582951172323,1.3887095193770205,14168.941826939705,8000,1080p
1.613601797836614,1.86027504761046,9659.073563294867,8000,1080p
1.6800420516022714,2.2986737062709066,8433.483073929492,8000,1080p
1.0066980274893145,1.0312763331813932,16464.599676787428,15000,1440p
1.2535660132027264,1.797183527468493,10998.750160466278,8000,1080p
0.7707165366251684,1.1313481624843473,17641.057118461365,15000,1440p
1.04457767580484,0.7859136461730416,18330.833693187786,15000,1440p
2.4895800416224456,1.8249481742867943,7777.080209204001,4000,720p
0.9815470847209411,1.1999419646585914,15381.434992554137,15000,1440p
1.0408230150258464,0.8506562611288004,17739.783048649482,15000,1440p
1.6918875325006113,1.9249636072971301,9277.249934559486,8000,1080p
1.463333690468139,1.2499816506735195,12366.580283249195,8000,1080p
1.2895782179867301,1.310649760716068,12904.419256629812,8000,1080p
0.99520152275574,1.253322797576758,14922.868165836951,8000,1080p
1.8801770443768895,1.3004460220137837,10549.64115508258,8000,1080p
1.5724715568208263,1.1768809693746067,12204.485121605261,8000,1080p
1.9530687916880163,2.3646484521955387,7771.336126174763,4000,720p
1.9071076716044868,1.390202520845316,10176.304333402755,8000,1080p
1.419228790440264,1.3191669741903735,12253.317228061778,8000,1080p
1.082233973071151,1.272935515265168,14247.141093740433,8000,1080p
0.9155207905632156,1.0279819577728726,17264.926447223865,15000,1440p
1.2587184513180771,0.9722286383767713,15040.442758590754,15000,1440p
1.1934990334325428,1.7244544217291156,11499.303369847976,8000,1080p
1.7739276128373043,1.18774389131311,11329.558984842726,8000,1080p
1.2113852213575935,1.1880651911798519,13984.215645663548,8000,1080p
1.4997120455571051,1.7869736221536117,10209.200207262824,8000,1080p
1.3098990500567418,1.3708208266678674,12516.948261299834,8000,1080p
1.2799640837455155,1.4860206517990941,12131.098038541159,8000,1080p
1.3606894750040468,1.094472970828236,13666.88874577718,8000,1080p
1.5044603368539704,1.5612754158830975,10944.98505621133,8000,1080p
2.096089581722384,1.4150216285764223,9556.641755344575,8000,1080p
2.421791228601273,2.2963423171220905,7111.80208758919,4000,720p
1.5117599021034767,1.1204848590201595,12747.458935268807,8000,1080p
1.2971872253024457,1.0546041950028417,14267.605413597554,8000,1080p
1.4670084712733067,1.2788819202395947,12219.873052366282,8000,1080p
0.7152402463866925,0.9102940575761669,20642.094059902818,15000,1440p
1.3636022027700276,1.3198284994017504,12504.303529375075,8000,1080p
1.9652035244297985,1.5271561947496375,9607.954133626286,8000,1080p
1.2771815542855922,1.4750431716255212,12191.74861852603,8000,1080p
1.5110096418823356,1.472119489360822,11248.065545864212,8000,1080p
0.7154728154736296,0.7315723901123594,23188.240333108282,15000,1440p
1.3329078482983887,1.9244344348429407,10301.168585709893,8000,1080p
1.3567631037416348,0.9776740600411724,14373.67110178591,8000,1080p
1.4616871794613597,1.9911496673521916,9717.93151216099,8000,1080p
0.758604592865711,1.0387427927946866,18668.862940856103,15000,1440p
0.9984137806070793,1.2576794255949975,14872.803972707214,8000,1080p
1.6271380493281007,1.1057135413432273,12278.17570282231,8000,1080p
2.0425154099551235,1.5918698820660908,9232.491688116852,8000,1080p
0.7604259116777775,1.1109024763828548,17930.80905205229,15000,1440p
0.7534281956920782,1.013982910914661,18985.07476532798,15000,1440p
1.5584949026949833,1.4787170095178617,11047.77439633871,8000,1080p
0.926015706197903,0.981761419333926,17588.234784315315,15000,1440p
1.2077365726248357,1.3716645271763124,13008.61351210046,8000,1080p
0.6803854109958059,0.7037679520373834,24241.84551809338,15000,1440p
1.3251138327175935,1.261055018372077,12974.57124110902,8000,1080p
0.9205960119249708,1.0409838073017907,17105.820355159893,15000,1440p
1.3301522041093083,1.8205162984711218,10649.940472162836,8000,1080p
1.002480344964236,0.9434947127536399,17242.991818893424,15000,1440p
1.238151998858069,1.1844942913430963,13850.322325515293,8000,1080p
1.1632126057482006,1.3303193977512882,13456.58766476982,8000,1080p
0.6994670039724578,0.9185932445302916,20737.442892530824,15000,1440p
1.4419696146374832,1.5147863895557985,11348.393967041238,8000,1080p
1.4146839167712664,1.8484786888351967,10282.794961657713,8000,1080p
1.4202682032036997,1.0239833077039031,13727.896597490708,8000,1080p
1.3425363892376292,1.1971692610054814,13211.937374233914,8000,1080p
1.952321243723793,1.6132566860187432,9410.657307502155,8000,1080p
1.6413550738460796,1.0945502049821838,12264.471383443044,8000,1080p
1.2446044221728012,1.6203991387027534,11711.829073519773,8000,1080p
1.311294888493123,1.7081112666055456,11112.92428921458,8000,1080p
1.0122155332535059,0.9506703613824121,17094.438393844477,15000,1440p
0.814225328919291,1.1765048078738363,16855.339345016862,15000,1440p
1.3456738201052947,1.213038120267124,13113.79818515881,8000,1080p
1.766265950577955,1.1832759068633576,11376.150474130927,8000,1080p
1.140918289037673,1.061889166993109,15232.576005740155,15000,1440p
0.7452018966155064,0.7144630764686463,22987.762684407116,15000,1440p
1.3409390524716287,0.9841279567528798,14431.597827880058,8000,1080p
1.2212695801993496,1.6291467284817214,11771.76537259083,8000,1080p
1.4827113944535115,1.543710805614609,11087.161599344841,8000,1080p
1.3545370783118587,0.933285202038215,14666.53781991564,8000,1080p
0.9925693911909248,0.7537949952703469,19213.877848249467,15000,1440p
0.8951064783918983,0.6202003678203707,22143.654985704186,15000,1440p
2.0026876395916196,1.3574210708161556,9986.11500159705,8000,1080p
1.0016747896610916,1.3523469757081346,14254.087406340112,8000,1080p
1.3777877587261864,1.4967596730017494,11672.944279729594,8000,1080p
1.0777944896125893,1.081078305143045,15542.570216045577,15000,1440p
1.5989474441571998,2.3882245327394838,8415.596867761962,8000,1080p
0.9095130905450045,0.712507573413175,20686.809203846944,15000,1440p
0.8440315560112593,0.87377465316811,19533.3046421049,15000,1440p
1.4211981996555603,1.3038481336974812,12313.343662936128,8000,1080p
1.371907396512732,1.3311233964795604,12413.632906806357,8000,1080p
1.314850234878114,1.452985655088462,12122.984647187735,8000,1080p
1.2239491476569975,0.8208235099367616,16409.859489947445,15000,1440p
1.3378169954081782,1.666146786305216,11170.052117226693,8000,1080p
1.8453022694436376,1.685539068210659,9503.239820538574,8000,1080p
1.4086300705851704,1.4965021283944286,11550.053388890765,8000,1080p
1.2869341535511238,1.1766079499758404,13620.401271795326,8000,1080p
1.1519565650838537,1.0993143251452917,14904.66213800893,8000,1080p
0.9894184437701419,1.3948490286742417,14073.266689999147,8000,1080p
0.887031405568065,1.0400184400307941,17412.33215976957,15000,1440p
1.4015682061617967,1.753983522266576,10633.45965705713,8000,1080p
1.43885206349632,1.06675597388592,13391.732265935872,8000,1080p
1.721441598559573,1.577505390674756,10171.255285247198,8000,1080p
0.9447113457175104,1.309061673023721,14888.115050175145,8000,1080p
1.0579688872019972,0.7732678309692289,18323.372214548705,15000,1440p
1.039102952518282,0.9289642560806326,17049.434009871904,15000,1440p
1.214166713828736,1.039309400197524,14890.07662035906,8000,1080p
1.2975689681858638,1.067286195150045,14188.789453248162,8000,1080p
1.2143410734303648,1.6814888024756163,11587.155819884709,8000,1080p
0.6515007070467251,0.900484710348211,21620.326856113334,15000,1440p
1.4706954204477094,1.9717036402181802,9747.39750059928,8000,1080p
1.704122184485544,2.5075920102675404,7966.929959730365,4000,720p
1.612143231894905,1.3647927722890685,11271.465679087656,8000,1080p
0.925796396115774,1.2191994831065296,15643.121893626014,15000,1440p
0.7919979585910684,1.1142034962145637,17602.773261665257,15000,1440p
1.1607853575203007,1.0824499201226572,14958.052922231484,8000,1080p
0.890789242422966,0.6345979240246618,21997.321557478863,15000,1440p
1.0687046913724136,1.0204215519751305,16061.46689643491,15000,1440p
1.2494012287631544,1.7632075523079322,11137.998471899242,8000,1080p
0.9113967138457225,0.7383160960853278,20339.5595875881,15000,1440p
0.856509999000986,0.9425347935366285,18651.24878445651,15000,1440p
0.8241745147063224,1.0556719946862343,17849.559436021507,15000,1440p
0.7811432856477664,1.0863167435702032,17967.95191062348,15000,1440p
0.9243150528090565,1.2577049242337568,15377.69239192517,15000,1440p
0.6578256701334007,0.7120467076681751,24494.567920151403,15000,1440p
1.0977817610968374,0.8304644103633059,17401.529170205104,15000,1440p
0.8898405111349329,1.0198005707000557,17571.06731687888,15000,1440p
0.6651239048248082,0.8783491931153483,21739.563873695046,15000,1440p
0.9545221004961,1.3286320949857828,14696.524687820305,8000,1080p
1.0238140329861132,0.9733081977625331,16801.391263579146,15000,1440p
1.164301044722892,1.1652063309356082,14404.08918667403,8000,1080p
1.2427803433677682,1.7485093774589262,11217.379502352802,8000,1080p
0.7771388665103112,1.1147956778841024,17735.514211851543,15000,1440p
0.9487784437111688,0.817400133260618,18998.323520337886,15000,1440p
0.9889747271147966,0.8122225737274502,18628.95973934106,15000,1440p
1.2628216755022192,0.9999780198829247,14828.723933643983,8000,1080p
1.1521115891660603,1.067133894806161,15119.747789208526,15000,1440p
0.9729131706049564,1.0208057796028402,16830.071257788248,15000,1440p
0.9698980996722011,0.7265577441116053,19779.136676590162,15000,1440p
1.0998872315582897,0.868791868978364,17044.134816513873,15000,1440p
1.391473501386707,1.9572074641946215,10020.193725494233,8000,1080p
1.2232579202809823,1.5043045513329463,12301.984775492778,8000,1080p
1.0583631039029622,1.280363121209409,14347.310788114062,8000,1080p
1.4759832247596947,1.1565608234706204,12746.009709716509,8000,1080p
1.49487804000764,1.063758022330531,13114.18708346383,8000,1080p
0.8565623199654773,0.8674599933572764,19462.875706828676,15000,1440p
1.0227015470989373,1.3663677208043312,14044.980801016522,8000,1080p
1.0871934901214226,0.771089768319918,18056.683149663746,15000,1440p
2.013372817428949,1.8186653420476673,8756.288586798128,8000,1080p
1.115803530166319,1.0673222744001527,15369.903067342146,15000,1440p
1.3620653765397976,1.707754967443469,10930.422057357668,8000,1080p
1.5027559461543565,1.8230840071033583,10089.009835585408,8000,1080p
0.5940160897419118,0.7623465705094885,24738.540055194917,15000,1440p
0.9010254696646539,0.8600730952445513,19053.12551414743,15000,1440p
1.5472965744215905,1.240490335947765,12036.225536174268,8000,1080p
1.0367530604155986,0.9361670782425675,17007.49632107321,15000,1440p
1.0271088041927041,0.870964567717182,17678.153277202735,15000,1440p
1.1409607936472217,0.8724860575119615,16665.168976614415,15000,1440p
1.494792215415599,1.0237447227349903,13322.985854096574,8000,1080p
0.8065421362172503,1.044861501771842,18123.77987786891,15000,1440p
1.0397752664391937,1.1222333133827995,15520.027215970933,15000,1440p
1.0288357239739876,1.222029414418792,14907.348924493715,8000,1080p
1.3458265100234663,0.9721948996162131,14475.462504557197,8000,1080p
1.2104628508914377,1.7624328945171615,11286.783955280689,8000,1080p
1.1912824753868128,1.063843196404008,14879.184969480679,8000,1080p
0.7635228084341475,0.5820202100098272,24937.465053182266,15000,1440p
0.9659584967674956,0.8452890256079039,18525.591662918785,15000,1440p
1.4344455756176473,1.0874098341520637,13305.454337314326,8000,1080p
0.8847329637516214,1.2677158727409288,15588.956834243498,15000,1440p
1.6457072271417095,1.4033265277218556,11004.93949812027,8000,1080p
1.2173233177636664,1.3272367408654184,13186.732176436775,8000,1080p
1.0601801867688014,1.0702656959021468,15749.95744925127,15000,1440p
1.232380780910846,0.822071353660421,16332.54503006579,15000,1440p
0.9489016547064778,1.1579260040489556,15926.519599529853,15000,1440p
0.7443745779978783,0.6832016599215505,23504.476404638634,15000,1440p
1.2131226984368115,1.243074537995873,13661.130915012984,8000,1080p
1.3592945380938934,1.8473319130591752,10464.091315636153,8000,1080p
1.2768172001469555,1.3011019703920474,13016.091576286424,8000,1080p
0.8219744455033282,0.882807818213361,19682.532317555993,15000,1440p
1.5198946217717704,1.8546740462964562,9943.324703245185,8000,1080p
1.154747376801974,1.3475777577090273,13409.301428192357,8000,1080p
1.1848469271216338,1.3402605242668029,13288.318475932583,8000,1080p
1.3854863288095733,0.9900572904119855,14124.948802664143,8000,1080p
2.8047445013011636,3.2220461569949235,5567.545631240926,4000,720p
0.9928986879010915,1.3835735990025353,14119.429115547997,8000,1080p
0.722216374772797,0.9035545324794423,20639.089954384333,15000,1440p
0.7077640817271809,0.9729800411766532,19964.033515124098,15000,1440p
0.9341025268215642,1.0980666606781422,16511.633089607036,15000,1440p
1.3005226796925966,1.874229172459701,10569.151090423662,8000,1080p
0.7224945331631303,0.8277908863344168,21644.035077666606,15000,1440p
0.9642242364252152,0.6843902634993886,20353.109839525583,15000,1440p
1.049245834594215,1.2862025348223858,14367.447569985012,8000,1080p
1.3598196840661523,0.9159592752533168,14744.152485720253,8000,1080p
1.207628709578194,1.1013983160579788,14531.848968184006,8000,1080p
0.9906102842377948,0.6900860240142588,19964.601478120134,15000,1440p
1.096382960453915,0.9879515978475835,16098.390666872185,15000,1440p
1.9057777799849764,1.5730261523331397,9645.39325952781,8000,1080p
1.3727530531515157,1.6469784259103897,11111.727063369173,8000,1080p
1.5980683207221458,1.6559409678233097,10311.719796902871,8000,1080p
1.5604227967939297,1.270366282098285,11853.384715307368,8000,1080p
1.3666821693284683,1.1427987192884663,13371.064968935889,8000,1080p
0.857376187882857,0.6075150811864056,22905.749190053702,15000,1440p
1.0984292281136279,1.618892249418852,12348.348282467408,8000,1080p
1.5796154506527218,1.0851557344239113,12591.86236623729,8000,1080p
0.738358500509694,0.7783440367738585,22123.278082000656,15000,1440p
2.6755899356750246,2.186902233907096,6900.665508502741,4000,720p
1.1713451047121846,0.8310224422796482,16757.379058809158,15000,1440p
1.6550153382150739,1.6871058964407606,10039.860808177827,8000,1080p
1.4337852968597182,1.3591521176571277,12014.029324679525,8000,1080p
1.2232803665648813,0.8557672243385623,16139.328482336003,15000,1440p
0.9815482684054051,0.6798882410980944,20196.036266247298,15000,1440p
1.1619107245667522,0.9206678332325744,16111.964600008738,15000,1440p
0.9818544574172058,0.9472189560886187,17394.06689505894,15000,1440p
1.5323191893467285,1.1993391567106355,12283.539062792946,8000,1080p
1.136125387515857,1.069138303405214,15215.609878374837,15000,1440p
0.8751527104936805,1.1336950652832727,16703.32237445035,15000,1440p
1.365106293796408,1.2299112584235208,12930.32949672945,8000,1080p
1.016438316958414,0.681147417380725,19765.97194548325,15000,1440p
0.6182210348296096,0.8259617874004435,23234.19963421702,15000,1440p
1.2944308686797157,1.2190251817618336,13349.917932364624,8000,1080p
1.3116156289488885,1.3417892876467137,12645.801547338406,8000,1080p
1.0521887692612413,1.0074784983497616,16291.19058580739,15000,1440p
1.5945359630174765,1.4910872643917505,10874.442382316785,8000,1080p
0.9267199516150765,1.3198531298461336,14935.829275660873,8000,1080p
1.1254734380522817,1.3550918282946658,13526.929710426279,8000,1080p
0.7242497103314922,0.9013204464938762,20641.63878692852,15000,1440p
0.8776370929089566,0.8616897681636208,19291.61950578297,15000,1440p
1.4436678897619042,1.0346085611530316,13539.422523912657,8000,1080p
1.8672441469245242,1.3277024352375515,10502.34523085301,8000,1080p
1.3827214279341102,1.3278236225746423,12379.219446547122,8000,1080p
2.0029094101230944,2.217538189503519,7950.443929920748,4000,720p
1.0545950287894423,1.0022229559235076,16313.75855782536,15000,1440p
0.9582196969968337,1.2567427547074108,15148.984568195468,15000,1440p
1.0066120241893262,0.9772574769629576,16913.62863359243,15000,1440p
1.1929823675726567,1.0902819876308458,14695.815630603738,8000,1080p
0.7479452861803468,0.9470737166554644,19795.90313964773,15000,1440p
1.0639663536758823,1.017482084796771,16120.712567168812,15000,1440p
1.2596122568986576,0.880523419074347,15678.647095467257,15000,1440p
1.3901168453154624,1.0451342860204238,13778.633163633236,8000,1080p
0.7445668190346659,0.8350692432558011,21241.87513885077,15000,1440p
0.7997809649075872,1.1908762087348,16855.957140326715,15000,1440p
1.1282801282899986,0.9287662739108711,16311.947053843574,15000,1440p
1.52048440619523,2.177513855506427,9073.674357153353,8000,1080p
1.3750350200679724,1.5395666472463214,11512.52755266529,8000,1080p
1.4765255708600395,1.596530631572583,10918.912570957344,8000,1080p
1.956110142233024,1.6037099724323853,9425.878532953291,8000,1080p
1.6488375814924998,1.4939192276050623,10676.751030454407,8000,1080p
0.8972455831840067,1.255906638808911,15583.864279202073,15000,1440p
0.9038562189765945,0.846057020819465,19174.91178243245,15000,1440p
1.296216952740624,1.4534275553320737,12203.189140082415,8000,1080p
1.8840115321663349,1.4299087171402276,10125.298581648507,8000,1080p
1.5597944848146637,2.1091664824702794,9145.486228715732,8000,1080p
1.3275745537981696,1.0302467884527962,14231.117260125502,8000,1080p
1.2188370255743846,0.841885253225517,16282.850117746591,15000,1440p
0.8102909028219597,1.0535881816398813,18002.47252073661,15000,1440p
1.3427988845203918,0.9421782968792534,14684.799600250928,8000,1080p
0.9611010758065025,1.0223826619109233,16916.91812841083,15000,1440p
1.2700262684049013,1.1150138229554722,14068.707742711907,8000,1080p
0.8921387237886086,1.2424387131160715,15719.472819246508,15000,1440p
1.077336695706267,0.9477880974020503,16569.06878736005,15000,1440p
1.3543232077902232,1.4894263241682197,11799.3626453071,8000,1080p
1.186598774043901,0.8243638990899527,16685.755756823313,15000,1440p
1.0126879902213957,0.7173152049712175,19395.58961118806,15000,1440p
1.680319011472185,1.8903846987419837,9397.148215914958,8000,1080p
1.3785999749365139,1.6487730438518138,11083.679411739551,8000,1080p
0.9211550355045534,1.2517565244929871,15442.1526479605,15000,1440p
1.0766464460045142,1.1425237673058197,15120.260626582081,15000,1440p
0.9700086727006085,1.3683305368088567,14349.685393608492,8000,1080p
1.2343258561131503,1.7675436072192467,11177.845142790115,8000,1080p
1.4458342270070454,0.9788161922491143,13838.874145945507,8000,1080p
1.1280946836354584,1.5915757310389331,12337.68320563845,8000,1080p
0.7888309725927773,1.0851851260613703,17905.092717238454,15000,1440p
1.106852318743334,1.0582859910149134,15497.592855278877,15000,1440p
1.2013619294115518,1.4994987618637847,12423.607077696302,8000,1080p
1.1330025109648305,1.3553698959509897,13484.489663502012,8000,1080p
1.8093498260867213,1.3742401748313267,10539.809457349706,8000,1080p
1.151528126942081,0.8406356803140602,16843.209317317833,15000,1440p
1.1433209555004764,1.5952792494840817,12252.402500710834,8000,1080p
1.3639115530247854,1.1416986734438175,13391.720565928359,8000,1080p
1.199174893738676,1.3547904046475312,13138.170679610364,8000,1080p
1.3135238837838785,0.9832839153504076,14609.159727099217,8000,1080p
1.2555186254818003,1.001778383776086,14864.872394896507,8000,1080p
1.5446473046127192,1.2379586947205479,12058.635684692656,8000,1080p
1.1107908814798273,0.9962099570601499,15925.210558174798,15000,1440p
1.4339770536080643,0.9809798439664057,13894.422726012766,8000,1080p
1.530350249232288,1.2375135633704502,12122.862348652683,8000,1080p
1.447804271614354,1.2854205980217561,12276.498861386144,8000,1080p
1.4221734358968494,1.358555500678636,12066.775570481475,8000,1080p
1.139402498440139,1.0512206386644412,15317.300101353816,15000,1440p
0.7398615902918435,0.7657905894054025,22285.646348114125,15000,1440p
0.9034974199243102,1.0751162865125232,16958.556332062493,15000,1440p
1.6738361705423612,1.1945167892582367,11698.153076088878,8000,1080p
1.321845141617397,1.2795423989136832,12898.66714482294,8000,1080p
1.0923037123082804,1.3155890026860548,13935.185646375005,8000,1080p
0.906489044501778,1.340124475576455,14935.560433568275,8000,1080p
0.9036570996525864,1.1773913638484639,16123.810948424394,15000,1440p
1.7428939223285551,1.476756977275523,10421.760944370151,8000,1080p
0.9808571401422979,0.704686290750786,19907.189209726388,15000,1440p
1.1751695950658845,0.8374499648748097,16672.01922701613,15000,1440p
1.4408446313794996,1.358714339271582,11985.613574053912,8000,1080p
1.4283090241809493,1.9382259997296716,9967.052700085274,8000,1080p
1.24892922378353,1.3028836561747072,13149.252542588134,8000,1080p
1.3991419540420902,1.1553034667541533,13135.70128640321,8000,1080p
1.9624156542890738,1.7841741363109211,8955.993016418926,8000,1080p
0.7493755019678777,0.9228616213465161,20065.594485484642,15000,1440p
2.0190704724416904,1.8187844276696445,8743.017355613574,8000,1080p
0.7565886607361277,0.845795591388452,20940.315629981156,15000,1440p
1.2419648840651514,1.1638202405966462,13947.393578932799,8000,1080p
0.9779195436767055,0.6979931644296892,20021.586946442443,15000,1440p
0.8587665299744329,0.8160764052345355,20034.37534028434,15000,1440p
1.024100978170932,1.139422706055202,15509.158621483733,15000,1440p
1.3580546661667436,1.8751393061987156,10378.106691647397,8000,1080p
1.0571216600198703,0.8502114017293008,17592.32966329856,15000,1440p
0.7029171685222604,1.0142913954263522,19540.10287652171,15000,1440p
0.973287423460167,0.8177792231093237,18734.32910174967,15000,1440p
2.049939254387844,2.055555154093487,8173.055096770225,8000,1080p
1.2556685885420886,1.231197339284398,13492.658218743007,8000,1080p
1.117203761409164,1.1692397560139938,14675.38198267681,8000,1080p
0.8148452606279422,0.9579566318190669,18927.34441617987,15000,1440p
0.8364195870924628,1.0382377637863849,17898.96803502226,15000,1440p
1.3321359321147104,1.965819074479771,10174.314668606961,8000,1080p
1.586513358910946,1.339381320724884,11468.09289942601,8000,1080p
1.2794207474539994,1.465682123937304,12223.378711848993,8000,1080p
1.2976112832224114,1.7439412229490523,11032.00813792179,8000,1080p
1.0648159992331578,1.4180359441310175,13514.471569551162,8000,1080p
1.033536805848044,1.1710091013779178,15220.563967398813,15000,1440p
0.9314677517965879,0.803466025400988,19340.4684611076,15000,1440p
1.6025190654546242,1.3145719679014338,11502.70307519209,8000,1080p
1.5873261766642877,1.1506196616100124,12255.330814414145,8000,1080p
0.9420983177905157,1.356822745659216,14595.7303769485,8000,1080p
1.156671731300236,0.8333167370845354,16861.62132750215,15000,1440p
0.8564420082767146,0.8926134078732311,19184.31611152759,15000,1440p
1.82477490654103,1.8633799336750934,9097.891345048229,8000,1080p
1.5392171541406812,1.2603820932011562,11985.441141927457,8000,1080p
0.67650597743976,0.5653862556761257,27018.795274862554,15000,1440p
0.733955292490355,1.095888542565148,18337.32002544481,15000,1440p
0.861640652463992,0.777982708185801,20464.71940159609,15000,1440p
1.207850851182019,1.3267035455436174,13238.78944691367,8000,1080p
1.3487467979131187,1.5482680053493898,11582.416479961466,8000,1080p
1.1832830438534867,1.5918528511258756,12091.095092209722,8000,1080p
0.7161959359762097,0.8510369852066219,21409.98414879876,15000,1440p
0.7971007714732041,0.8273073797707402,20656.404595301115,15000,1440p
1.443445341359444,1.2780106158927502,12329.588472884681,8000,1080p
1.6111856496250625,1.1228891511364325,12272.68251426567,8000,1080p
1.4487206712846668,1.240175934681182,12478.88517749357,8000,1080p
1.1018867689479315,1.081307459214547,15369.42135846596,15000,1440p
1.3191324349243283,1.332429675235471,12654.590240006788,8000,1080p
1.7045058416716794,1.3927594927844889,10833.567155747616,8000,1080p
1.1306270775849885,1.0080687288695225,15689.202690131935,15000,1440p
1.5925475083783065,2.1708706116504253,8915.945805071437,8000,1080p
1.5252440166641585,1.0436141696516243,13062.002479834535,8000,1080p
1.3180018549149453,0.9091938330824854,15065.776294749503,15000,1440p
0.7022357850470409,0.9141951172665232,20758.3460276429,15000,1440p
1.6579491746084105,1.8271365938516533,9628.007523851133,8000,1080p
1.4400754897719064,1.1423438091225466,12993.409712498984,8000,1080p
1.1458318885784813,1.1784324294791304,14436.581820453815,8000,1080p
0.7326348202823559,1.0304616598943288,19031.534789654517,15000,1440p
1.5294043243191393,1.7876113745669995,10115.84962087085,8000,1080p
1.5542440758869331,2.0292421270106225,9363.628070583436,8000,1080p
1.1136066937585,0.8834839811392103,16801.656740858114,15000,1440p
1.6262688029211048,1.1598941573222485,12043.241001620823,8000,1080p
1.3217829885722707,1.4692105474435453,12022.396887346233,8000,1080p
1.269411141840763,0.8916225828839428,15527.028392060147,15000,1440p
1.162242658228459,1.3703701247974138,13248.938892233811,8000,1080p
0.9824435452212082,1.4467694362264054,13812.881890662498,8000,1080p
1.08271892209491,1.1986134892918145,14708.260765735447,8000,1080p
1.0726252770874136,0.7289439747253139,18625.11361483204,15000,1440p
1.3132948817933303,0.9666640341002823,14717.121333236215,8000,1080p
1.2762864861828669,1.2174322773719377,13455.579871471971,8000,1080p
1.5485045118217535,1.382227690333108,11449.163446366281,8000,1080p
1.1294654546792564,0.8882691837762005,16629.754656779533,15000,1440p
1.1635838388389486,0.865337657497228,16538.063232408225,15000,1440p
1.2597632934992016,0.9048651763316309,15501.243039006276,15000,1440p
1.1785849696434365,1.0073364789359802,15350.246012639796,15000,1440p
0.9144254601941507,0.9455456591585462,18040.297320142017,15000,1440p
0.9593646518901252,1.0829175438482648,16429.870499785826,15000,1440p
0.9932727816626898,0.8542841494515616,18161.514503243754,15000,1440p
1.004817693748321,1.0919377074769319,16003.026380851217,15000,1440p
1.185226542512482,1.033826120994296,15121.061591649563,15000,1440p
0.865480469858622,0.7325851542382593,20996.90494184974,15000,1440p
0.7395756757736519,0.7181788372005667,23017.88929573592,15000,1440p
1.1910915364596601,1.0068234979833661,15266.482768522046,15000,1440p
1.4161625612736386,1.317522681555022,12274.431406477433,8000,1080p
0.9542888220627168,1.3575865254680373,14513.945155320982,8000,1080p
0.9291639081948012,1.246515209165898,15422.50956598078,15000,1440p
1.5133034286192841,1.6332426843159817,10663.893296227157,8000,1080p
1.385373135359407,1.4738502722980036,11735.505490804397,8000,1080p
0.9315366367717607,1.299293926378824,15041.228390116432,15000,1440p
0.9542429897136531,1.4149336851678105,14162.908303020002,8000,1080p
0.8481674961601838,1.1242655771526504,17011.696089461264,15000,1440p
1.3788676528498913,1.804846919227147,10539.397059739958,8000,1080p
1.0656071980751207,1.3087637056401356,14131.925196478898,8000,1080p
0.7247086508923881,0.8891917853310143,20790.893444777073,15000,1440p
0.9223585580442523,1.2251543986402056,15624.786754164521,15000,1440p
1.6235298078879452,1.2437014437603817,11702.729586499197,8000,1080p
2.3765237383695914,1.9469402432259924,7761.006485271254,4000,720p
0.9104965331574906,1.3091030913877486,15117.335409927713,15000,1440p
1.2914505944869918,1.4505931652491446,12237.01550380396,8000,1080p
1.3866349306007393,0.9871854790213546,14135.202420532638,8000,1080p
1.6481000741236593,1.446878095487716,10841.573077787913,8000,1080p
1.1162128340916637,1.085878387715495,15237.530429126986,15000,1440p
2.033799057213637,2.2873177371625,7765.2221860030595,4000,720p
1.4873170773974855,1.3686313671933343,11748.962788019599,8000,1080p
1.515006864967845,1.4173956957643847,11442.641760489174,8000,1080p
1.78873988623102,2.548511906373631,7736.334804728861,4000,720p
1.1130143748171046,0.8406170978868741,17175.41535792216,15000,1440p
1.2257150286887066,0.916300758010955,15664.885482333171,15000,1440p
1.3451472006346326,1.2577971760562219,12890.952377037745,8000,1080p
0.898789169670007,0.850184375407147,19185.21414714697,15000,1440p
1.2296516790746794,1.4195212427366093,12666.002933873495,8000,1080p
1.0609543261280308,1.3356245529904724,14000.971256302573,8000,1080p
1.4823452644300932,1.8281265527945407,10135.84584089004,8000,1080p
0.7329715368165011,1.04084218490578,18916.547768849363,15000,1440p
0.9354639869822712,0.8363228322985548,18938.18806803171,15000,1440p
1.8578063387954407,1.2605549680353594,10760.277177150287,8000,1080p
0.9892435956059723,1.166496668509367,15565.155301197607,15000,1440p
1.4606631153384197,1.3002069362332669,12153.571654304553,8000,1080p
1.3070598712960333,1.14648221630146,13675.914576568961,8000,1080p
1.2856955252440165,1.9228910849410952,10457.698693090339,8000,1080p
0.9292817602180063,1.0209039547993763,17205.762375149443,15000,1440p
0.6546657271240547,0.910766127749065,21434.61684106309,15000,1440p
0.9513098175447615,1.1149239826438353,16239.416854441786,15000,1440p
0.8324975362129634,1.204743130402179,16470.529255510297,15000,1440p
1.4100276669207197,1.9570185281249757,9965.539543048837,8000,1080p
0.7970032974736597,0.5419223645017998,25060.713191868752,15000,1440p
1.070771203498898,0.7596568619555344,18331.467176050748,15000,1440p
1.590896443737416,1.9162206302067708,9567.525489607877,8000,1080p
1.3442549220487112,1.1174010679415145,13630.837182953914,8000,1080p
1.3419874514645285,1.4578203303147035,11984.548445921066,8000,1080p
1.0099871846921211,1.0011986135252162,16683.904604806663,15000,1440p
1.3036539632165738,1.054814122915964,14227.21477441029,8000,1080p
1.382835580269116,1.1674457262098592,13157.149336724211,8000,1080p
1.072674207981589,0.9507546813428456,16582.95588099608,15000,1440p
1.5792671572697456,1.0557161999738474,12734.21022100901,8000,1080p
1.226295807193775,0.9835077193635928,15184.350824289857,15000,1440p
1.7559142194130475,1.5620781062854032,10112.87209440325,8000,1080p
0.7985307183997943,0.8145493198716669,20801.467505577803,15000,1440p
1.0041721391159055,1.348698648558114,14261.060223018429,8000,1080p
1.072249512452857,1.4268352967910236,13426.687992294339,8000,1080p
1.459850717919272,1.4934522273475417,11361.662728768435,8000,1080p
1.5051901440680655,1.190428847369289,12447.765098326507,8000,1080p
1.2133311232431965,0.9941562102361685,15200.28291492512,15000,1440p
1.2463822362661516,1.24359154421971,13475.81740135939,8000,1080p
0.9736082330069299,0.7855563431441362,19074.07212201535,15000,1440p
1.1476796024956741,1.0972457680380903,14946.791746587965,8000,1080p
1.2600318601497804,1.4108939509749447,12562.846882620917,8000,1080p
1.3257874263300269,1.839868239003517,10599.520461889715,8000,1080p
1.1957450342382536,1.4701009027558154,12586.78588074561,8000,1080p
1.2277544872251525,1.0437759559631223,14771.72894627979,8000,1080p
0.6220862733868538,0.7565422965497074,24338.993643185586,15000,1440p
1.6896390280477156,2.0431914536971254,8989.00503628432,8000,1080p
0.9455837672136831,1.0390052418076487,16907.496639088426,15000,1440p
0.8386323097305853,0.8986852998097513,19313.930749184026,15000,1440p
1.7159735427882905,1.619024254693646,10061.305595264563,8000,1080p
0.7913961094459558,1.0397327319710008,18324.451693980773,15000,1440p
1.0103592786751283,1.2586132724684236,14788.38163250971,8000,1080p
1.0213849867360143,0.9237713354831243,17250.249564373986,15000,1440p
1.4272879122582978,1.042863859010556,13583.955605595826,8000,1080p
1.1392349376807211,1.0913488955490522,15042.892134394639,15000,1440p
0.9874338067704264,1.1156413819384845,15954.936932425724,15000,1440p
1.361678526283103,1.4472449342609675,11945.6555051524,8000,1080p
1.081093144369189,1.0850385990765907,15490.485332449447,15000,1440p
1.2607888940356122,1.3583745259336986,12811.125775570417,8000,1080p
2.4436790337652132,1.8657724298498035,7786.242003953934,4000,720p
1.5219288818602754,1.311093414347868,11844.040918742823,8000,1080p
1.6315667236452398,1.7789232157730586,9838.595801787684,8000,1080p
1.1294246160180368,1.6164655261299563,12219.874162100235,8000,1080p
1.647425567284915,1.2070688617242953,11754.947446734615,8000,1080p
1.1143142456580704,1.3335467693250325,13707.654068027885,8000,1080p
1.9699643612160174,1.411943500479419,9921.746355082043,8000,1080p
1.4697622589270924,1.877419541642639,10024.681657353845,8000,1080p
1.1070472753488645,0.7987662699103886,17606.356132512163,15000,1440p
1.4510921899746092,1.1873916951296837,12717.315496764413,8000,1080p
1.0559688639034357,1.2817585818329336,14353.440586582396,8000,1080p
1.0284180814788462,1.4191596645290163,13709.24051533365,8000,1080p
1.6976921258809339,1.2415240904125937,11416.115566453127,8000,1080p
1.0963983405837918,1.2947386822419757,14032.83529119819,8000,1080p
0.7981314894998295,1.0851908651342488,17816.6164265169,15000,1440p
0.9697890986156972,1.4153380015559878,14068.19451994181,8000,1080p
1.050436316355629,1.2981249317551147,14287.228841484222,8000,1080p
0.9843794683953522,0.9493205833956513,17352.44924305696,15000,1440p
1.1297340588604214,1.4899925571880157,12808.371604290942,8000,1080p
1.1906993710872666,1.1454316713934087,14363.249060022523,8000,1080p
2.0820712816930538,1.5766858553795253,9170.991881370774,8000,1080p
1.0438863784068941,1.214836219670757,14855.490456666717,8000,1080p
1.3701365080266255,1.8316630050971459,10479.866669497771,8000,1080p
0.9009885652262349,1.0799969377449066,16938.252172806944,15000,1440p
1.0394740187998837,1.0935573135677341,15730.866907967695,15000,1440p
1.1152558942039166,0.854206334084886,17037.357466436042,15000,1440p
0.8142602771495262,0.7450367131835058,21518.9487365287,15000,1440p
1.3593288219506623,1.5599079440501589,11494.248219532927,8000,1080p
1.8289504718432557,1.869144501938371,9073.43706364784,8000,1080p
0.8681247836432714,0.9577152843338098,18377.530753378775,15000,1440p
1.0483829146523151,1.5034324497553346,13149.239740465688,8000,1080p
0.9918953963791796,1.1472318069810266,15686.03865506066,15000,1440p
0.8826055357354723,0.7512741272641734,20536.660538633114,15000,1440p
0.93986824656839,1.1107082665276882,16363.41379397621,15000,1440p
1.6692749669086773,1.6537473697731513,10097.564385771011,8000,1080p
1.428575369116808,1.592845432571411,11105.514326654355,8000,1080p
1.6402691938822618,1.7475013975842364,9904.576208471943,8000,1080p
1.3511442940794713,1.9829917363233844,10063.90611961495,8000,1080p
1.0851715349247213,1.3465831650716344,13798.444390813878,8000,1080p
2.069145572479152,1.3822579459968845,9721.967257776896,8000,1080p
1.2189253006290965,1.0539241911906474,14763.15617059836,8000,1080p
1.6093610109518837,1.146179091426879,12177.079902061167,8000,1080p
1.6405867467120636,1.5112566334187187,10645.970612476212,8000,1080p
1.5366355082661052,1.4098925722137263,11387.786263532158,8000,1080p
0.9727510208556495,0.9931426975051844,17068.28384800871,15000,1440p
1.971296680445129,1.5839101572979997,9438.109660393375,8000,1080p
3.10180122210803,2.1660405683982176,6369.673451558872,4000,720p
0.9139803887209035,1.3297089544680953,14955.02579350332,8000,1080p
1.6795816871976519,1.1330427615765641,11929.93682986135,8000,1080p
1.0826101980741845,0.9955596209874304,16146.14536898207,15000,1440p
1.1827766236958055,1.4459072737268388,12764.726878305619,8000,1080p
1.1656496022108684,0.8724095706224353,16463.91451596213,15000,1440p
1.1354321510028031,1.2654329702528633,13975.975452736318,8000,1080p
1.0582618640362293,1.573635991092443,12749.139156222893,8000,1080p
0.8996694059027285,0.8628089511696274,19038.20938586565,15000,1440p
1.02325816091308,0.9611097961069788,16909.380078072296,15000,1440p
1.6549534777395856,1.8256370552054322,9640.442241738998,8000,1080p
2.294569604776621,2.8280956530715846,6550.190244930168,4000,720p
1.281781094196009,1.1415226454921406,13846.564692017542,8000,1080p
1.309483400864087,1.0551759185685792,14189.964585702115,8000,1080p
0.9187604435667426,0.6964032616491221,20774.632250367147,15000,1440p
1.2588180714681827,1.534287526090257,12013.305916300196,8000,1080p
1.882744979426835,1.2939301079644001,10562.752273023847,8000,1080p
1.0099265069887444,1.2294359979080647,14983.921507405164,8000,1080p
1.131752818379578,1.6257882788627835,12168.243669534288,8000,1080p
1.7809293781857745,1.7626351579697388,9469.118357416428,8000,1080p
0.8203436845209123,0.9726343235033686,18714.357816900563,15000,1440p
1.1436640962912274,0.902413069077731,16399.39713317181,15000,1440p
0.9178251027839529,1.127262288750217,16407.33405276552,15000,1440p
1.2309136571705728,0.859860056707733,16048.81091495923,15000,1440p
0.9649409740017038,1.1117052836007835,16157.991221258353,15000,1440p
0.7480242928562537,1.0291023924747043,18881.283071696766,15000,1440p
1.3103650800372277,1.2175607722401887,13273.503243685216,8000,1080p
1.717992395245424,2.001935513262838,9020.183408192916,8000,1080p
1.1927722560432115,1.3960890061336853,12961.077710199532,8000,1080p
1.11078618665878,1.3919544924754392,13407.075003714563,8000,1080p
1.0453192797837918,0.7387115132565301,18808.213474172706,15000,1440p
1.342126864296935,0.918636298530479,14842.081891512815,8000,1080p
1.3095934269764316,1.0731801477762177,14082.090029676116,8000,1080p
1.1973640702350008,0.9255554946854949,15805.79526161022,15000,1440p
0.7642239064271351,0.6587384725064841,23580.6880749342,15000,1440p
0.8623008652075405,1.1742668769954223,16475.971461525776,15000,1440p
0.8480701833649585,0.7725595864642444,20704.563512699315,15000,1440p
1.0022113902244079,0.8403514565977803,18210.739491393906,15000,1440p
1.4216957538090988,1.4407125017293914,11722.448024342906,8000,1080p
1.1579100428331324,1.3120004278272668,13585.282705015738,8000,1080p
0.9618985581259705,1.434241148411687,14003.537401617137,8000,1080p
0.9682084549966177,1.4136102454815165,14087.735558237146,8000,1080p
1.2569475606732776,1.5376390216724272,12006.939492221874,8000,1080p
1.0890483845508918,1.0808226350479424,15463.79102579265,15000,1440p
0.8244861103685511,1.177715298418641,16758.769548726454,15000,1440p
1.270863022774295,1.5383197769423365,11944.55270172689,8000,1080p
1.5427261308884743,1.255374623727413,11991.859815857926,8000,1080p
1.0825462408879025,1.070141034109226,15587.230151692498,15000,1440p
1.3210524078950694,0.9782785609492255,14593.128372843756,8000,1080p
1.1398476514743163,0.8954251549048302,16486.454245755405,15000,1440p
0.8924635955288914,1.1983909949515157,16048.190128941647,15000,1440p
1.3352360802174454,1.6798022656220566,11129.023299588305,8000,1080p
1.355470319066455,1.3141583493906976,12568.95102920511,8000,1080p
0.9925364569768101,1.4350892002021358,13821.913564298198,8000,1080p
1.378018558806415,1.2548466140493078,12744.455107667123,8000,1080p
1.1101268665034327,1.157657932678509,14796.127045257597,8000,1080p
1.5959296342218205,1.3630077391315167,11340.027775570345,8000,1080p
1.35996620335839,1.2843824148768366,12689.110569087297,8000,1080p
0.6752824718337186,0.7941719664151153,22834.61883989218,15000,1440p
1.01989547272693,1.1264140165338161,15633.54780281811,15000,1440p
2.2126990098945183,1.7757730616617229,8412.853693847623,8000,1080p
0.8616767093605123,0.78679218549593,20354.90757799352,15000,1440p
1.8788210203015525,1.3284777777593464,10461.897725365245,8000,1080p
1.0100481962375742,1.1887372123519258,15260.439635864625,15000,1440p
1.3161016591191301,1.0282756009788945,14312.727124215922,8000,1080p
1.6817851774355026,1.4599636665886873,10680.17644498309,8000,1080p
1.0661604024873412,0.9320902449550081,16791.903479649976,15000,1440p
1.905957372205293,1.3651497135052655,10257.821318836835,8000,1080p
1.5530052707754427,1.2350174582831768,12035.20747886073,8000,1080p
1.3803359019549313,1.1027233136780854,13513.343455019389,8000,1080p
1.0318111215318504,1.1812999932380805,15161.657169431472,15000,1440p
1.5164520250912705,1.4391982659286104,11352.639418116565,8000,1080p
1.0884695887166058,1.5642581893660712,12649.029529992811,8000,1080p
1.0749312299952332,1.4485478412251982,13296.893317911314,8000,1080p
1.040243252817735,0.9813362344186967,16598.12647083695,15000,1440p
1.0187121097092748,1.1379826470925525,15558.2665994691,15000,1440p
1.3155567124732006,1.024626387231485,14338.378908998331,8000,1080p
0.8293800017391036,1.0070881807567402,18271.175248131985,15000,1440p
1.159621874849251,1.4756742219523258,12732.699008936626,8000,1080p
1.2888453895067578,0.957563385073168,14936.921712422805,8000,1080p
1.7249321587462987,1.7529727596636064,9647.886525702104,8000,1080p
0.8811589730159297,1.2757398578156964,15556.794560949604,15000,1440p
1.7061003314321146,1.5559374270906623,10286.340773441942,8000,1080p
1.1292889603441703,1.6226624218285237,12192.959591280436,8000,1080p
1.371021146760879,1.522658728721155,11595.765061748736,8000,1080p
1.2458205345808036,0.8644456537601395,15900.568461640352,15000,1440p
1.6994215842816263,1.1963769171538265,11587.281360691017,8000,1080p
2.732357045154136,1.9536086669043726,7160.6226041418895,4000,720p
1.1673559320241298,0.999266969029281,15486.973752417116,15000,1440p
0.7472753140106707,0.934738016598508,19948.969124904328,15000,1440p
1.1069202414104993,1.3128018795280498,13867.060068445,8000,1080p
1.0895300055010415,1.3964811909810886,13497.297215508013,8000,1080p
1.2050673247935104,1.4271918635502936,12747.389067378344,8000,1080p
1.0402288123164636,1.1970743484132271,14997.713581674961,8000,1080p
1.103700835355533,1.2008495269568877,14560.07755297262,8000,1080p
1.2111176490339832,0.9017596966181913,15880.918061357163,15000,1440p
1.422273260525256,1.204634597757264,12773.357045700866,8000,1080p
1.633285371155278,1.093386161351825,12306.004445334705,8000,1080p
0.9513978333732107,0.6944138063683167,20387.771716859213,15000,1440p
0.8259159666545889,0.5656310222169861,24113.042727511314,15000,1440p
0.8028025911698718,0.8657188090993285,20110.27967312035,15000,1440p
0.9170303686703318,0.7972489055730498,19573.492198235705,15000,1440p
1.28621172094525,1.0634748659720668,14280.38623824376,8000,1080p
1.0748632252876522,0.809880053792964,17803.184323526522,15000,1440p
1.4602257780041037,1.569997284756322,11073.254775321097,8000,1080p
1.2238846560533088,1.6286672642256448,11762.95223987323,8000,1080p
1.7829104450968032,1.673074798893965,9709.07849168167,8000,1080p
0.9017483728657649,1.2939632852204022,15281.802542892547,15000,1440p
0.7700431790452056,0.659592719346497,23470.61376798647,15000,1440p
0.9140779427901401,0.9311722595707738,18184.21803019917,15000,1440p
1.3661901737514373,1.6607593051126042,11085.23027367882,8000,1080p
1.5143231251162057,1.4343785287897381,11379.391996322427,8000,1080p
1.0439769393763056,1.1661475380957953,15182.145775960516,15000,1440p
1.1635897182233916,1.1172136073360168,14711.67269180045,8000,1080p
0.8532958976083631,0.942075394875008,18689.41100956742,15000,1440p
0.7302615897082809,0.9984297154459552,19410.308769387968,15000,1440p
1.8115761561401151,1.6770013113986244,9618.37090109778,8000,1080p
0.8776749837070722,0.7410009803192604,20729.55473838996,15000,1440p
1.087672472966891,1.3481868752253745,13775.192736354787,8000,1080p
1.234132017463677,1.5987901773377513,11844.459428350794,8000,1080p
1.1527054478915926,1.181165257200025,14377.159765876062,8000,1080p
0.985012578369581,1.3004165532122531,14681.895638905977,8000,1080p
1.3326035528919056,1.1358838405850136,13593.114588581244,8000,1080p
1.1256136726963715,1.610860260472195,12261.922758806359,8000,1080p
1.1851211673608155,1.7353778763389194,11489.280255847203,8000,1080p
1.6223290067134053,1.1040226702373797,12307.448185675024,8000,1080p
1.1892150741036573,0.8286991837062034,16628.274402708386,15000,1440p
1.4891501553022317,1.1709601459842374,12613.925063097036,8000,1080p
1.0732289170799654,1.2694973803470744,14322.813568470217,8000,1080p
0.8705244409211242,1.255511059298052,15782.63015671226,15000,1440p
1.156716907043433,1.3443929577511304,13415.816902851686,8000,1080p
0.8835558308366153,1.0206335739901276,17621.373123359557,15000,1440p
1.373597680711228,1.1510946547015077,13290.503373162312,8000,1080p
1.4631822031267672,1.4877810214568004,11370.671013609503,8000,1080p
1.3199413864578444,1.864225465040208,10537.90004258529,8000,1080p
1.4105412770688275,1.2366171624382638,12675.641736898806,8000,1080p
1.1438816472632714,0.851937567347115,16812.360435436694,15000,1440p
1.3833472066477448,1.052074409785213,13777.668627720206,8000,1080p
2.6116301333010066,1.8182755117907297,7574.525213009394,4000,720p
1.0421113817292633,1.4523107918302156,13451.785489911137,8000,1080p
1.5764963025815637,1.50484261801065,10889.562253525506,8000,1080p
1.0571368944932575,1.3441650384259027,13973.433136419171,8000,1080p
1.4919022949082779,1.2349354314325414,12305.254425618921,8000,1080p
1.0306133068913352,0.8824317588275337,17539.802172611748,15000,1440p
0.9987968632923468,0.7518308783847166,19167.085726549485,15000,1440p
1.6426031879003753,1.4322381289646022,10912.573541912454,8000,1080p
1.4353141162984555,1.4223832630719409,11741.772324189436,8000,1080p
1.272861080046548,1.0661208176973058,14345.742492648658,8000,1080p
1.3685121371137414,1.8694071064217834,10362.961357665454,8000,1080p
0.8784233897106075,1.189868298118813,16223.259126092546,15000,1440p
1.1715352673921073,1.6749380780611538,11788.071739226816,8000,1080p
1.754751005736247,1.3518779671074743,10800.913882318304,8000,1080p
1.4464784545930616,1.524560543747109,11293.83761665392,8000,1080p
0.7235684507552353,0.9652301886291823,19868.81752358049,15000,1440p
1.4708140432706471,1.2813667317212458,12191.943314515318,8000,1080p
1.2726550692629601,1.0869728600128914,14220.221579720645,8000,1080p
1.8763812564196731,1.583822482261693,9697.241704266555,8000,1080p
0.9713648473690152,1.2131288537497973,15360.278669064015,15000,1440p
1.1971096069548595,1.5322744151216563,12293.774613098154,8000,1080p
0.8763909997175886,1.0063503428022411,17822.114616706353,15000,1440p
1.5413885017117412,1.4145853417819871,11351.39679055526,8000,1080p
0.9319804454735031,1.0273359037101564,17125.581590732047,15000,1440p
0.9197765927213928,0.9840929672573628,17624.33346556285,15000,1440p
1.103011254919773,1.4235070898082791,13280.897829226611,8000,1080p
1.0928126135105463,1.5913730787724094,12500.786401056053,8000,1080p
1.3564106417852098,1.1897357947941,13178.51617563663,8000,1080p
1.1472367777203565,1.4262558316071536,13038.480032304522,8000,1080p
1.080859272034637,0.9177531660612992,16788.86379390647,15000,1440p
1.7069507617885549,1.1677623556261176,11672.271503104506,8000,1080p
1.3902826546662868,1.049959562201663,13750.451397020375,8000,1080p
1.072119583344369,1.375243016426067,13710.445686776215,8000,1080p
1.3672310016792653,1.6259214732433673,11210.398494940462,8000,1080p
0.9195783284056552,1.2648436931870162,15360.782700558624,15000,1440p
1.8201135510694277,1.2338379980381033,10987.218186158112,8000,1080p
1.3198039904061019,1.2637693267814387,12987.605877787559,8000,1080p
1.4328817143190937,1.0550801527045737,13486.714746211504,8000,1080p
1.2823326284529815,1.8053954066784033,10867.029614728435,8000,1080p
1.6871355090214633,1.304451359724395,11216.265304061448,8000,1080p
2.1040496018687356,1.4616256834290375,9410.400363250641,8000,1080p
0.6956823735179893,0.5405293715631514,27142.94871692681,15000,1440p
0.8879276448160309,1.32054685676005,15193.488526154064,15000,1440p
0.9648875863069947,1.0457355249807798,16688.57371211101,15000,1440p
1.1525555576478974,1.547409694423875,12427.727347325146,8000,1080p
1.3649303320493558,1.410238536108802,12090.951431820302,8000,1080p
1.8951638605109014,1.539411802675716,9769.600466122218,8000,1080p
1.4353583271940875,1.0620560383798436,13435.668691001885,8000,1080p
1.1875346502567412,1.380612532932596,13065.61875411258,8000,1080p
1.3672911388641622,1.2806323146955783,12671.979605336039,8000,1080p
1.675185462456283,1.1196428331306514,12005.901061250463,8000,1080p
0.916547120695516,1.273238873504453,15323.155819278585,15000,1440p
1.498294661825711,1.6597400327686322,10625.09922941494,8000,1080p
1.342992489147624,1.4512304066052524,12008.50227481909,8000,1080p
1.4900646548274108,1.1176768398890156,12867.238592469768,8000,1080p
1.6909176105729604,2.4153685804231837,8171.479151544483,8000,1080p
2.021678532962267,2.1618477237453018,8020.609873357723,8000,1080p
1.3319015144624253,1.6748690187495145,11159.625129143446,8000,1080p
1.4306531406057372,1.5288239668431114,11337.959640081437,8000,1080p
1.1578250141129829,1.5964444654375087,12182.697535273936,8000,1080p
1.2562221960232653,0.9679834764031972,15086.029325423991,15000,1440p
1.680118090344379,1.8251426413238139,9572.592331535654,8000,1080p
1.3714403449218835,1.6137750315059154,11240.204731945429,8000,1080p
1.225581853611342,1.6967563937103516,11482.049359191204,8000,1080p
2.0977110317880547,1.4116812883648664,9561.322570665987,8000,1080p
0.9624356385928435,1.064400410686905,16555.079534885823,15000,1440p
2.3466210183390945,1.9263165981799695,7852.778348618864,4000,720p
1.1467610615541026,1.4134186915258773,13106.279728848305,8000,1080p
1.8225328274526778,1.3394841470744123,10611.717859300355,8000,1080p
1.193620579512913,1.3512912943888256,13184.909208096047,8000,1080p
0.8185580501143968,0.7728617301597576,21084.58900405245,15000,1440p
1.177877073151594,1.5510294213528935,12295.92588370925,8000,1080p
0.834589203499717,1.173129797348257,16712.713276025206,15000,1440p
1.3296891098643906,0.978378361966656,14537.890425439098,8000,1080p
2.2254619496182224,1.899051338421759,8135.367655936313,8000,1080p
1.863755461400514,1.718019588070153,9368.101440362327,8000,1080p
1.4114003846687182,1.282520280158947,12455.612534583135,8000,1080p
0.6985057151384838,1.0048568260104833,19698.937360314714,15000,1440p
1.7716663865691498,1.4792268735260454,10321.603730236726,8000,1080p
1.0304101977312772,1.0179685906139284,16380.970253605847,15000,1440p
1.3500948682309502,1.6093555105386872,11338.062040408304,8000,1080p
1.1611157625702935,0.8432871248166152,16740.363033374044,15000,1440p
1.759124802407404,1.6050887439541115,9973.930470700943,8000,1080p
1.5390347116673821,1.1861563286116013,12312.689827633136,8000,1080p
1.2877682997226094,1.1608648932804877,13703.331350682038,8000,1080p
1.43827945916642,1.1183804547746128,13124.3235821211,8000,1080p
1.8463444237770306,1.584063202696956,9781.470791122743,8000,1080p
1.1748083243680802,1.4105627245366785,12978.574976390593,8000,1080p
0.892634660208246,1.2484953976353457,15671.365631004155,15000,1440p
0.8400685848492795,0.777980554022401,20737.585277168175,15000,1440p
1.4448886637452862,1.6822284934653482,10730.148668280248,8000,1080p
1.6962161206948034,1.6102536736589952,10148.113875801406,8000,1080p
1.2546549820633768,1.2506123868855172,13393.553285323811,8000,1080p
0.9250571055110063,1.2549197930155667,15392.104394628743,15000,1440p
1.0428225569382052,0.7745405681335489,18463.251255125575,15000,1440p
1.9544269777067098,1.3483787621122605,10159.371953204594,8000,1080p
1.3901481209810496,1.6442242635855808,11058.112765151682,8000,1080p
1.5682961008571166,1.477173211666241,11017.819769852846,8000,1080p
1.4985670840221945,1.2818215648178692,12068.252405647823,8000,1080p
1.495255689440938,2.1910738356544446,9102.396237659135,8000,1080p
1.1456382508304948,0.7648814981531633,17562.986207208796,15000,1440p
2.096055683728635,1.9212831334334672,8352.402803730472,8000,1080p
1.2432832412979324,1.4303831439089654,12549.969654274364,8000,1080p
1.0788497369873535,1.0072254877480902,16084.957820375523,15000,1440p
0.7579688003059958,0.8998453532948528,20240.16499504376,15000,1440p
1.377683658660193,1.2834814779784252,12608.925142610056,8000,1080p
1.1632889201153693,1.0528586685744212,15140.88329281252,15000,1440p
1.1640632800690385,0.8024911979252101,17062.548927819804,15000,1440p
1.3410977813559475,1.4144970028500952,12176.838260952032,8000,1080p
1.5814584679029242,2.2421142833118166,8775.67505138743,8000,1080p
1.121827240839926,1.3129445679560123,13781.345700972935,8000,1080p
0.8586020123290788,1.1817992294683348,16445.01645688154,15000,1440p
1.0829082892201725,1.1235054542079133,15207.679022097991,15000,1440p
0.9917069810409163,1.2461981218847726,14993.67956046624,8000,1080p
0.9288884037738792,0.9286676256754358,18063.75230035319,15000,1440p
0.9845858843778226,1.313713087533015,14599.681072868592,8000,1080p
1.324785968132108,1.240360218209345,13080.904386138362,8000,1080p
1.2139129545036966,0.968396642531101,15375.65157830581,15000,1440p
0.5473980424995515,0.8093949593148335,24730.69359521239,15000,1440p
1.1537357483327721,1.1379370351171956,14641.894882342642,8000,1080p
1.1565074836944682,1.400202962502951,13124.064185643436,8000,1080p
1.3684232362189408,1.5321020752558865,11568.398271600881,8000,1080p
0.8792528173759655,1.25165324375543,15746.556177227454,15000,1440p
1.0218383483583768,0.7763581431645392,18660.047529946136,15000,1440p
1.8100003748799711,1.3984201744028537,10458.239960936664,8000,1080p
1.5390351582485287,1.8563991341052528,9882.220979967606,8000,1080p
1.762395112471226,2.315029886359734,8229.31924183042,8000,1080p
1.4313514318332288,1.1078336996137426,13214.645747739862,8000,1080p
0.9688000384062125,1.2807983916392465,14915.742984103143,8000,1080p
1.8535511058262213,1.5824389668411334,9765.578855107617,8000,1080p
0.7329286456637577,0.8728777530435835,20895.689559470553,15000,1440p
1.080259702556841,1.0279488684701041,15916.087459816677,15000,1440p
1.029194647808984,0.770960264915058,18639.746925571282,15000,1440p
1.507530890440189,1.098221733899907,12877.059658914332,8000,1080p
0.9351110310432911,1.1507643537279804,16086.498860371488,15000,1440p
1.0215440388937986,0.6953650473364148,19543.511225556427,15000,1440p
0.7786677174325454,0.8630156087964787,20439.04050428235,15000,1440p
0.9978249163733486,0.9111458967640189,17577.236785958892,15000,1440p
1.0140150750000616,0.8886859762016264,17635.157125081758,15000,1440p
1.4863331414539518,1.0118505604753567,13431.53106558434,8000,1080p
1.4303504416322863,1.1014860833792308,13253.001000863342,8000,1080p
1.146647442496144,0.8502183991247747,16803.54849115092,15000,1440p
1.0980751071857577,1.0929898105645934,15314.211700514834,15000,1440p
1.108769734188432,1.1974758737951645,14549.374916463217,8000,1080p
0.872816268492351,0.6764435145313041,21658.363799073504,15000,1440p
1.1310546102814987,0.7558672299732019,17782.62951022431,15000,1440p
2.3157554397548297,1.8015755194698193,8149.559103288303,8000,1080p
1.7252290625607167,1.381782226936223,10799.58483364019,8000,1080p
1.8133815586658182,1.2643388023840312,10902.36540806266,8000,1080p
1.2233869826934485,0.9739730372563993,15270.338813557662,15000,1440p
1.1673602305677928,0.966874509051209,15721.996918666056,15000,1440p
1.358664895264272,0.9463933785687668,14556.869290858733,8000,1080p
1.502452170661971,1.5902283725961748,10849.62754176037,8000,1080p
1.45652729213584,2.1833094110856672,9218.664114876912,8000,1080p
1.543409551009628,1.2327185656560877,12086.773588929584,8000,1080p
1.311582885688053,0.9651489884393796,14737.981393992599,8000,1080p
1.1795807103729736,1.2911142744835657,13580.969000893623,8000,1080p
1.1438900175029239,1.5895459650505166,12275.550704009944,8000,1080p
1.4356664751301673,1.9805380953581422,9822.137787024785,8000,1080p
1.7258986296667231,1.7607476984836268,9623.698202220721,8000,1080p
1.1992680275294882,1.5757096088287674,12091.784654536961,8000,1080p
1.3944849967795785,1.311054805083313,12402.121002580037,8000,1080p
0.7381299197096648,0.9733173526864539,19605.881256874472,15000,1440p
1.0125681194560499,1.0293406616557643,16432.875116845178,15000,1440p
1.6783521561985597,1.4804788229772474,10622.420832644526,8000,1080p
1.400243632412404,1.7486496810685543,10655.944377774775,8000,1080p
0.8373428509602998,1.1255172972986827,17094.662617590002,15000,1440p
1.5433496206068262,1.3676133901069851,11526.918025582178,8000,1080p
1.423406481173853,0.9598083418864005,14079.48275385146,8000,1080p
1.2419841700634484,1.4816780878663482,12319.600898499095,8000,1080p
1.241547363520995,0.925916847571447,15480.962420638052,15000,1440p
1.8308783768448138,1.3157858589132672,10663.49298367902,8000,1080p
1.3651585948438112,1.7549462098289843,10754.264391935656,8000,1080p
1.7683722525209145,1.813792141520498,9367.083223710944,8000,1080p
1.5303300475924253,1.9607560570006002,9611.45929796871,8000,1080p
0.9098378083518649,0.8014077587298761,19608.192211256846,15000,1440p
1.9287670847797938,1.4637592298951378,9890.691740504642,8000,1080p
1.0578966033001058,0.8315874289498828,17758.51577853428,15000,1440p
1.5503735409448791,1.4158044695620968,11312.346016031895,8000,1080p
2.014503997628016,1.6593384901204442,9133.334407203742,8000,1080p
1.661177026786756,1.3701029520532428,11069.393864713384,8000,1080p
1.082270745271336,1.5338866402137334,12825.846100149121,8000,1080p
1.567202468815349,1.3370797398847214,11553.433719176572,8000,1080p
1.0890531756292061,0.8084860581462388,17683.129498850107,15000,1440p
1.0271969670219594,1.3097224716504803,14358.403394111714,8000,1080p
1.4808688519009539,1.5262295414068752,11158.408409473392,8000,1080p
1.5088873472817201,1.783247161985739,10192.302867803017,8000,1080p
1.603076806559348,1.5847329601695095,10525.857706506615,8000,1080p
2.616801171378525,2.2344238726663908,6916.692525157019,4000,720p
1.4435704465397252,1.2637582175826607,12393.926324743836,8000,1080p
1.6134390542220731,1.3469952356437527,11334.293794280016,8000,1080p
1.605536469302244,1.2934522861130744,11574.529889886684,8000,1080p
0.9951186258703056,0.7369379082022735,19372.59629805707,15000,1440p
2.1831129613085847,2.355376509543173,7393.303920941497,4000,720p
1.4560374523576052,1.2455313104459147,12420.350894633273,8000,1080p
1.037366591665872,0.8234829298236015,18031.781512963033,15000,1440p
0.9616444925189785,0.9597452784839636,17463.625812104223,15000,1440p
1.0353848924173503,1.3804459182430762,13889.39649744225,8000,1080p
0.571233758837884,0.6583167515101704,27289.99883908925,15000,1440p
1.597090819517359,2.0236854302987624,9267.192912487768,8000,1080p
1.1298563866272673,0.9422891660932149,16193.08641516374,15000,1440p
0.867091075834064,0.6614569100842875,21951.834230340177,15000,1440p
1.5193819784155886,1.8132319993604078,10068.50244995743,8000,1080p
0.9706913139976487,1.352769564181643,14441.573910335814,8000,1080p
0.9250138003405511,1.2233663918703592,15618.479504537298,15000,1440p
1.4046029727261786,1.6650431048501717,10931.042586672735,8000,1080p
1.1316555215886135,1.2142851798058607,14303.188473627903,8000,1080p
1.0193849780655146,0.6839622670677066,19699.114256280525,15000,1440p
1.1624370222519476,0.8425452167791172,16735.52580506431,15000,1440p
0.9575626610484721,1.1587279794051222,15855.30425670083,15000,1440p
1.1491406303906815,1.3234633741070367,13570.483562658552,8000,1080p
1.1460870418347888,1.1315351358568952,14732.220439654577,8000,1080p
1.5040796445988065,1.2549764412972155,12161.562126818084,8000,1080p
1.153494338732976,1.0113324009081668,15499.823327922411,15000,1440p
0.8779924816567499,0.667688699737234,21708.50781125425,15000,1440p
0.9835396941002866,1.2576937166691633,14971.413436354338,8000,1080p
1.8509237272771037,2.6056506248745053,7529.198291912287,4000,720p
1.4836659093568343,1.0561680580012662,13211.269882693492,8000,1080p
1.4640174517009852,1.5513870051436989,11127.672085193944,8000,1080p
1.138647247862533,1.135443309176209,14755.099306024847,8000,1080p
1.1195140013422153,1.3463888183931405,13607.361868218759,8000,1080p
1.2583633665244918,1.0888064562747415,14295.698450989374,8000,1080p
1.0848152940512772,1.5938945019218764,12526.340871430586,8000,1080p
0.9402379620121658,1.033269539062974,17002.434488706025,15000,1440p
1.244434712352119,1.47307506922234,12347.492630020775,8000,1080p
1.0485964525023892,0.8207689085675804,17949.638256265982,15000,1440p
2.07640602017991,1.8433243129076664,8560.39297314852,8000,1080p
1.219140296314104,1.175233586080781,14013.864854906622,8000,1080p
1.1813410620336855,1.251881228173402,13790.121903389369,8000,1080p
1.4226722620348335,0.9797166134226061,13967.110963087061,8000,1080p
1.187942069275046,0.8686146352997286,16315.831178084587,15000,1440p
0.9547581822220953,1.403738484681222,14227.042365956208,8000,1080p
1.2547521702856559,0.9635128587417998,15126.430593692912,15000,1440p
1.6102219888648275,1.4497720489577772,10965.522019080885,8000,1080p
1.6924181734394592,2.0548109269093806,8954.465046419587,8000,1080p
1.1519793526199034,0.8228218098800413,16991.296459195262,15000,1440p
1.1266078381830418,1.2525301304457763,14103.609140136843,8000,1080p
1.8160286476695342,1.317335861753401,10708.754726458443,8000,1080p
0.9508009090514872,0.7065471584061144,20245.857016307407,15000,1440p
1.0842289526555267,1.1578112122573951,14966.026267108919,8000,1080p
1.2489023040454534,0.941216974992134,15320.82399399952,15000,1440p
0.9744547740474703,0.8912532679796605,17984.82465860114,15000,1440p
0.906183427129754,1.1144358755489592,16606.01378771214,15000,1440p
1.232312017291238,1.4260817033413278,12622.07013941325,8000,1080p
1.6564589263399345,1.2155733226617953,11683.166862650292,8000,1080p
1.9279580740888385,2.0308108698569254,8475.976364146123,8000,1080p
0.9309001687759824,0.8209866964693322,19153.309877291314,15000,1440p
1.1897618670139358,1.4261007662159388,12827.291301060965,8000,1080p
1.588168897454674,1.1636973987816057,12193.336589750857,8000,1080p
1.2570989908991759,1.343335553620243,12903.3941926045,8000,1080p
0.9106499286642777,1.2597390086603473,15460.100916917485,15000,1440p
2.2563476121696056,1.7152714985060427,8448.552357351244,8000,1080p
0.8147920360484141,0.6924409857281238,22262.27233294705,15000,1440p
1.1455948119799808,1.2145298689840838,14217.228551795693,8000,1080p
0.893910342178599,0.7907970714804538,19917.067929986966,15000,1440p
1.5010795477791352,2.2329810229530427,8986.043842727655,8000,1080p
1.6545055521773215,1.243956493433728,11576.633218575096,8000,1080p
1.3435728805918778,1.2611695303373736,12882.053848859985,8000,1080p
1.2832819698207436,1.1177402713524953,13975.060882236523,8000,1080p
0.8525594772185578,0.7318548508934126,21177.81403806436,15000,1440p
0.9618108806080972,1.3393333111868266,14581.629486602093,8000,1080p
0.9065509505602329,0.9466098877211606,18106.59458523746,15000,1440p
1.3237563112415855,1.0079128643716164,14390.734479378092,8000,1080p
0.7447836706027225,1.039788477884421,18802.50794480094,15000,1440p
1.0834096774070094,1.3735968226297943,13656.631351808546,8000,1080p
1.1549429433817,1.2606173393323439,13890.952024720056,8000,1080p
0.9318144278050926,1.0689973355965774,16770.4091977911,15000,1440p
1.7690194317853705,1.764989248148323,9494.72257680747,8000,1080p
1.2555167832707603,0.8455545504893553,15970.153635836044,15000,1440p
0.9822057641515753,0.6938898996933891,20019.40147200555,15000,1440p
1.9677956283531628,1.6890771033151284,9175.717740850181,8000,1080p
1.064904721804478,1.110991067488717,15420.973819200974,15000,1440p
0.8973988488033439,0.6351479955466371,21894.555539169753,15000,1440p
1.1479348322339942,0.8938821477882033,16433.613946944068,15000,1440p
1.410674848481217,1.5395194741178355,11373.634523992754,8000,1080p
1.2080073264602784,1.0918505829389222,14589.784813604218,8000,1080p
1.8401473625776221,1.4797089781807902,10107.19397344,8000,1080p
1.2192648151376393,1.7337644351517632,11362.715759321247,8000,1080p
0.9275382873914,0.7048149250569427,20555.864836184686,15000,1440p
0.9103991702743857,1.1197378961504043,16528.16085915403,15000,1440p
1.2778935686816042,1.0818834312302994,14219.323267093741,8000,1080p
1.100068932255403,1.6499230276847534,12201.647309808932,8000,1080p
1.5626939075610542,1.2504317261213225,11927.811398909087,8000,1080p
1.363023703118871,2.0067117440251927,9957.586441522652,8000,1080p
0.9697058222425237,1.1066168919227848,16160.509043744214,15000,1440p
1.6240306131006552,1.1215675129947325,12221.173842261811,8000,1080p
1.5442701469464744,1.8782058038213256,9804.139600300881,8000,1080p
1.2497022102523963,1.7976922183782877,11010.859534542546,8000,1080p
0.8863748180399305,1.199055610892998,16089.931140579505,15000,1440p
0.9416349140102275,1.3698705219248986,14516.2678306337,8000,1080p
1.8980909309865996,2.0300673705554844,8542.026421600034,8000,1080p
1.4037939946034514,0.9938944367042897,13994.492179160587,8000,1080p
0.9929496391161026,1.0229132507279175,16645.19554829263,15000,1440p
1.0175899268766055,1.4142615769756024,13797.895121000456,8000,1080p
1.3900529641693937,1.0458032154961192,13775.210654927758,8000,1080p
1.347439714811037,1.3787318627254779,12308.261254165529,8000,1080p
1.2157855886489248,1.8102789342550543,11088.472088427021,8000,1080p
0.7915708886271002,1.151626395186417,17267.640439548966,15000,1440p
1.3635266435269107,1.5492998196482497,11519.54379164202,8000,1080p
1.0164120619862893,1.2005464063893192,15135.345329489068,15000,1440p
1.8064448016485566,1.2213980601201102,11081.959511069113,8000,1080p
1.071855619739669,1.2656165327846975,14355.008235611576,8000,1080p
1.1861422055729087,0.8261234788567173,16674.95115562285,15000,1440p
1.3567333089915545,1.0233935748774436,14097.749253374188,8000,1080p
0.999343752017946,0.8653636630027015,17994.475556707355,15000,1440p
2.3271622469296958,1.8506752538306195,8031.531143538614,8000,1080p
1.3693695244142727,1.15765890874723,13278.217039299743,8000,1080p
0.7462515424272822,0.9301125123140692,20016.196305985075,15000,1440p
1.0704975775958097,0.7541512649928312,18389.528558490252,15000,1440p
1.2470840881374168,1.014290698678255,14838.067619586967,8000,1080p
0.8638862010973755,0.746334956204001,20838.399649545656,15000,1440p
1.9151962354589032,1.4082260870754426,10096.349107510467,8000,1080p
1.3857139036764141,1.7644521925238914,10651.638985154774,8000,1080p
1.2576530417086702,1.3302986647871626,12965.63298139506,8000,1080p
1.948745498844346,1.4706540767197107,9812.960216696796,8000,1080p
1.1054229087207093,1.297219601641407,13965.636525320122,8000,1080p
0.9714449508091956,1.151165374370849,15808.097982918198,15000,1440p
1.1190415222496624,0.8378974984194345,17146.38608847781,15000,1440p
1.5555426736285722,1.9665678314192203,9526.79705872678,8000,1080p
1.0601450765132532,1.3633478880252652,13845.483560704059,8000,1080p
1.0569606978280306,1.2409824437594703,14601.941794268854,8000,1080p
0.9536063531988765,0.7232417757354126,20010.418010440408,15000,1440p
1.958571755520352,1.5401732767996783,9590.419333228732,8000,1080p
1.0082720274147998,1.3310475838456985,14343.671484000353,8000,1080p
1.4355215349586392,1.5608191287619615,11198.470322908799,8000,1080p
1.1649167030999534,1.1549265388506524,14464.09455312431,8000,1080p
1.1976950232563017,1.1223597205404272,14462.775971005218,8000,1080p
1.3231083766150014,1.1452236701677543,13593.970083455799,8000,1080p
1.5640369631890407,1.2128055855230384,12083.66387772429,8000,1080p
0.8947540889880328,0.637735913079726,21895.367640066597,15000,1440p
2.413706132166751,1.7241489128940701,8109.136650413232,8000,1080p
0.7263312907555028,1.0001351579055606,19435.32237537698,15000,1440p
1.3121803918946315,0.9528768613029581,14813.944306542842,8000,1080p
1.1778197365259186,1.3456318459662377,13297.038165028593,8000,1080p
0.6099488464941892,0.6449166982950781,26739.46395239888,15000,1440p
1.3527270734059,1.457276539857079,11941.063649038002,8000,1080p
0.7694384145054999,0.7064613999607118,22734.898176090373,15000,1440p
1.4158292703404596,1.3006611257132887,12352.12612889948,8000,1080p
1.8961730514939792,1.4793331666302072,9940.56293537111,8000,1080p
1.1548189189036242,1.4325353191045662,12968.62698856073,8000,1080p
1.5403443685574716,1.6105522601962738,10649.169412222696,8000,1080p
1.3005591937777328,1.4025245320932043,12413.389818026712,8000,1080p
1.4700354506011404,1.208054586545532,12529.239694924532,8000,1080p
0.8385649119395996,0.6753159355633315,22164.513181698756,15000,1440p
1.396548468665502,1.0645097411078774,13634.148053365132,8000,1080p
1.2494177939411637,1.0597018680080734,14531.265985442744,8000,1080p
0.8921901301384729,1.265909935212809,15548.135389420982,15000,1440p
1.2352456813829016,1.3235965037507031,13113.130694399593,8000,1080p
1.0509736047673426,1.1368400883021341,15336.969553803063,15000,1440p
1.342362077746853,1.3675888711502413,12381.933338555851,8000,1080p
1.169485641628577,1.3002120001864215,13586.453431336075,8000,1080p
1.2718148712908088,0.9695137603393738,14970.777389121604,8000,1080p
1.174928731960148,1.0547711196061123,15048.856004735155,15000,1440p
0.9437879006915904,1.2026617925909109,15632.526634568458,15000,1440p
1.1666236586981416,1.3516479717636785,13324.38947177693,8000,1080p
1.7771763141867603,1.38746477820061,10602.918631346884,8000,1080p
1.3936893234615393,1.304769111399845,12434.666981158685,8000,1080p
1.4510078218138216,1.5042701525173587,11354.06966500125,8000,1080p
1.021247672865102,1.1174858028656631,15688.926357939517,15000,1440p
1.3000168803825443,1.6648350386427022,11317.405697290838,8000,1080p
1.035626170445165,0.9501638024276733,16897.271342072934,15000,1440p
1.110835104164876,1.533191919024397,12690.653955391894,8000,1080p
1.846035361643763,2.0449270049371684,8623.684538353675,8000,1080p
1.1383558694615972,1.422674635352767,13101.925938376196,8000,1080p
1.173894001680201,0.7910861445592394,17076.219352249507,15000,1440p
1.2365455777592107,1.4212830772779768,12624.753644824601,8000,1080p
2.308194530914677,1.6432906915957037,8491.600021392172,8000,1080p
0.9197566361602681,1.2209604621128713,15674.388749016618,15000,1440p
1.925700396436534,1.668293790210176,9336.251050341056,8000,1080p
0.7563572056132154,1.0074653883509574,19023.70006758263,15000,1440p
1.8091915984561495,1.4690548789463762,10235.481752606473,8000,1080p
1.7312589549084267,1.2374680380960303,11302.63310808574,8000,1080p
1.079537170318797,0.8904466781302798,17032.846247149,15000,1440p
0.7490229756863842,1.071051235079737,18435.749378524506,15000,1440p
0.8852776921219415,0.7477646711523208,20547.19017375833,15000,1440p
1.1123221413138804,0.8186659466152557,17376.819779341586,15000,1440p
1.1588769101392509,1.0692025618134768,15059.800344819976,15000,1440p
1.475012035901247,1.0947373298301757,13057.472626498526,8000,1080p
0.9653620673525316,0.8867935413054766,18116.421667352286,15000,1440p
1.0852879474553487,1.3246446861625183,13923.390028387235,8000,1080p
1.7603756139002251,2.374351578236656,8115.271078539677,8000,1080p
0.9009290768791536,1.1508164562669896,16354.090435643688,15000,1440p
1.346679671282229,1.2174676119312238,13086.00025422438,8000,1080p
1.9400686023600573,1.6871238933493495,9250.799906454211,8000,1080p
1.569987599275619,1.1699053949263172,12246.621335580146,8000,1080p
1.2952602218474687,1.0113570659540447,14547.030483752877,8000,1080p
0.9044069942349616,0.8304422157163852,19341.411234778738,15000,1440p
1.0195373762945508,1.1105155566596343,15752.86298329832,15000,1440p
0.8351769325068867,0.8128311958254419,20360.598605757357,15000,1440p
1.143697277910181,1.0496162248989411,15298.511570290617,15000,1440p
1.0310610729780452,1.0043361957173618,16485.446117114425,15000,1440p
0.7170320328918482,1.0189764044737386,19328.4959207452,15000,1440p
1.342875667676079,1.2842456759036132,12772.319056370283,8000,1080p
1.0116305241123216,0.7538805817799072,19005.50604752086,15000,1440p
1.7478357531142437,1.2886838414208386,11050.293256921163,8000,1080p
1.2939816699533069,1.7545503211252977,11006.75082242718,8000,1080p
1.3228919400089283,1.4650200634486281,12035.685472994104,8000,1080p
1.2900594627986675,1.028421912705278,14472.590702915008,8000,1080p
0.8319560412968744,1.1070630051346573,17304.849099729992,15000,1440p
1.3875282865105245,1.3992148547746195,12040.733680437415,8000,1080p
1.2204125406086082,1.1731102352707108,14018.84800852708,8000,1080p
1.5090950937785532,1.9521469180862452,9694.3328102972,8000,1080p
1.1028572461672996,1.3687105662264485,13576.172918153543,8000,1080p
1.0517076681843287,1.0605612348884703,15885.492586283437,15000,1440p
0.9014692848386572,1.0023816695320997,17624.50570144032,15000,1440p
0.9204776191255271,0.9527478019134683,17912.650353308167,15000,1440p
1.1281019138571493,0.8463142301798219,16994.609824954758,15000,1440p
1.0103342060132123,1.3186157659386895,14407.536616975032,8000,1080p
1.550700921031453,1.167748867529465,12343.223016733706,8000,1080p
1.474077579923132,2.0446930674855963,9535.839462770882,8000,1080p
1.2201749866870848,1.4482231950001652,12574.746988765843,8000,1080p
1.0976624506063462,1.3632792359620232,13634.793617068422,8000,1080p
1.3786790022643967,1.2706768651088458,12665.128310327076,8000,1080p
0.7368292031650293,0.9096139352318052,20379.951920278545,15000,1440p
1.3536708122807963,1.7801604290949207,10707.159835853183,8000,1080p
1.5151504104506186,1.3567294462727237,11683.786813520734,8000,1080p
1.259343705846849,0.9914296767187716,14907.956642774867,8000,1080p
1.1726479163538395,1.3890501434779825,13098.511696652837,8000,1080p
1.8577944949256346,1.7362039062195136,9336.240102196101,8000,1080p
1.5772786382862582,1.1965498633084706,12096.794008969513,8000,1080p
1.951473862584774,1.46559334945732,9819.658179900809,8000,1080p
1.4922316064196128,1.9830791537654016,9655.08822532281,8000,1080p
0.794831694575493,1.0099026804124467,18592.449096684508,15000,1440p
1.0508875001922806,1.4021212607032025,13678.887957885152,8000,1080p
1.4132823091917328,1.7496471210886488,10608.656544393887,8000,1080p
1.3148555838089575,0.9046943855773877,15117.673610780223,15000,1440p
1.5128508730750823,1.240075347571823,12188.641943377292,8000,1080p
0.8430779524265615,1.0556028617036464,17672.4975310668,15000,1440p
1.1252637435569852,0.814792898456814,17295.593991096128,15000,1440p
1.0970768368410546,1.1462141104968149,14957.681721944851,8000,1080p
1.7197689927243773,1.8010632173186203,9530.255916282425,8000,1080p
0.9695243608242798,1.4208058010309628,14037.572104247263,8000,1080p
0.846748974441007,1.0412998954745725,17772.014556752616,15000,1440p
1.4419309417440647,0.9655361829041458,13937.64909869875,8000,1080p
1.4390807700865267,1.267719515744263,12396.345668960666,8000,1080p
1.693574006606265,1.535818841959595,10390.322135908977,8000,1080p
0.9705498892445215,0.8874318853980012,18059.61310167098,15000,1440p
1.584022686959101,1.1952554168832992,12073.074642516132,8000,1080p
0.8738960755105974,0.8646492885818083,19300.29131998913,15000,1440p
0.9450817540090529,1.2155290327837256,15530.067796157015,15000,1440p
1.566212598849552,2.006486689894645,9391.899314256132,8000,1080p
1.3340085027189523,1.1141827055860072,13705.80528439684,8000,1080p
1.76917822619261,1.4796330803340323,10328.218180166823,8000,1080p
0.8449629834448691,1.0699653574957593,17522.55229744931,15000,1440p
0.9343578197532362,1.089333996679609,16580.801349064248,15000,1440p
1.1490959202894135,1.0482015457789968,15270.773538021876,15000,1440p
0.981151238792205,0.8125391806826807,18706.92491618664,15000,1440p
1.2502604191239794,1.1302399942532566,14095.537144812357,8000,1080p
1.461730928712067,1.4804503296711036,11404.610747347126,8000,1080p
1.0918591856888247,1.4931360542845047,12980.461813286045,8000,1080p
1.0099003709256278,0.7644868745700888,18910.43349481797,15000,1440p
1.2793494891469868,1.0930291297151244,14143.792956663074,8000,1080p
1.1042710619897262,0.7634226456516839,17965.70383179891,15000,1440p
0.8544684186512259,1.276374876920264,15747.020003646367,15000,1440p
1.2380171400472324,1.5503221270542913,12033.841217205896,8000,1080p
1.4830348587064908,2.1378421504746705,9266.935031186858,8000,1080p
1.1461950806976595,1.2986514320866551,13724.555641649062,8000,1080p
0.9959967317396529,1.2647854249015484,14841.957196730158,8000,1080p
1.510608038587064,1.0304299134509611,13205.010170386418,8000,1080p
1.1009341291314036,1.1959823774590486,14608.468311200511,8000,1080p
0.677853291649384,0.9808970069735448,20228.74210051773,15000,1440p
1.0732617846706418,0.7455740208757233,18448.30187402237,15000,1440p
1.2877827998609603,1.0577138120590621,14305.896597536484,8000,1080p
1.0974819527097406,1.2232140272561045,14458.779732317129,8000,1080p
1.1784160697802184,0.7971087695645598,16985.07218523711,15000,1440p
1.3471964699523964,1.6870604234662272,11058.53366363948,8000,1080p
0.9801757034289558,1.1572102096004315,15698.817792076772,15000,1440p
0.788780029954374,0.9104715180964368,19746.594927919792,15000,1440p
1.8567182801804907,1.9774067581211616,8751.522619842135,8000,1080p
0.8776233726988198,1.2710733783347095,15616.178496970419,15000,1440p
1.0763449823720164,1.3530108674767996,13812.069566542985,8000,1080p
1.4397637922910236,1.2357214133558085,12541.438064834225,8000,1080p
0.9823567954015129,0.878960252475681,18027.252282607285,15000,1440p
1.0386494786053653,1.1383296307241644,15413.299951387296,15000,1440p
0.5250710304054886,0.6715410645372557,28041.194086046336,15000,1440p
1.312984743972497,0.9488490943213375,14835.056153068725,8000,1080p
0.9899874834936641,1.1095798936355918,15981.593334660718,15000,1440p
1.0598606989906998,1.5817670937017574,12702.18010759189,8000,1080p
1.7913942332650432,1.4252178791325303,10431.606556063565,8000,1080p
0.6401691094821238,0.8776457749928637,22107.064796380942,15000,1440p
1.2712662478247048,1.3699103376066664,12704.350093471585,8000,1080p
1.5589794362603528,1.3096536825826546,11697.01060048186,8000,1080p
1.0041713605314777,0.912928252348786,17502.706575370692,15000,1440p
0.8365190250794531,0.9104599600319495,19207.118280166535,15000,1440p
1.1688578087401036,1.1164735706853033,14682.52363840402,8000,1080p
0.9538590287825682,1.2273763865126193,15383.223546028417,15000,1440p
1.7277465379538015,1.2250781470834144,11363.502943479725,8000,1080p
0.9723336930821479,0.9112814792243206,17813.84674180179,15000,1440p
0.8945388513460922,1.0438495747888097,17310.478925478677,15000,1440p
0.9398955439602281,1.3987146368181163,14348.022716993517,8000,1080p
1.07280915638544,1.0201737094124956,16031.871329824575,15000,1440p
0.8003860764328505,0.8832141657001193,19930.16581982048,15000,1440p
1.488557200757524,1.4041196685860595,11599.785774763806,8000,1080p
1.729102202539478,1.542757870012469,10255.460580815306,8000,1080p
1.2710497931339169,1.126820122885198,13993.432994774901,8000,1080p
1.6177638010359012,1.529736901816816,10660.65909678373,8000,1080p
1.2048952410438973,1.0157964430136879,15109.901226220782,15000,1440p
1.8751381245603145,1.6554468918680534,9503.92975777837,8000,1080p
1.3409749702365632,1.0257332120133222,14177.6803121126,8000,1080p
1.5110966657029907,1.3248719821431156,11831.735878139662,8000,1080p
0.8627860511096371,1.181376616981185,16414.756283235856,15000,1440p
1.2598087433144172,1.241328307874093,13415.671078102394,8000,1080p
1.1785243601208164,1.1965547453534844,14127.711335029077,8000,1080p
0.8733898131234765,1.258814992277764,15736.964814543551,15000,1440p
1.1652408227053623,0.8802877499152277,16403.795307054734,15000,1440p
1.5938907749649027,1.2388220956554792,11845.334678290697,8000,1080p
1.2631990611631225,1.179396268383701,13737.204683112768,8000,1080p
0.6836867430508817,0.7311751464900267,23715.694265316368,15000,1440p
1.4544460956865246,1.843742490586506,10173.594117587034,8000,1080p
0.9660280208409392,0.7323149645509087,19757.158765111395,15000,1440p
1.095742315708682,1.0218447815980294,15845.597115073455,15000,1440p
1.4369121568723118,1.2343791682298015,12561.127902707258,8000,1080p
1.193484179087116,0.8682108766872632,16275.167322160964,15000,1440p
1.3194517432953967,1.894613391771263,10439.873054814143,8000,1080p
1.5353148561597136,2.0027460211856445,9483.848119983797,8000,1080p
1.614666079372508,1.467143762706099,10887.898254412848,8000,1080p
0.9934760912897839,1.0095190101593916,16752.12883732128,15000,1440p
1.214864425514944,0.8326239245077705,16388.09422267421,15000,1440p
0.7928186798275076,0.5353781391218397,25263.147389964983,15000,1440p
1.1490497092391359,0.8667753817106527,16645.5076636586,15000,1440p
1.8384130618388175,1.3395867509227573,10558.349269014692,8000,1080p
1.3560833492400308,1.0780375546970908,13785.0309513084,8000,1080p
0.8655758073863654,0.6366304000149184,22336.76830429753,15000,1440p
0.9756803143318944,0.8487503889242785,18391.727315328204,15000,1440p
0.8385699669739662,1.2086822248315734,16389.98465079538,15000,1440p
1.3622585576248045,1.5228767235699918,11630.106989681397,8000,1080p
0.9666568183738994,0.6817974435373942,20355.088263774727,15000,1440p
1.1254581049737489,1.2489147523776518,14131.913568718004,8000,1080p
0.9219622384577418,1.3437886006619828,14809.409499341225,8000,1080p
0.6754416800906863,0.9820717220408864,20243.8375200157,15000,1440p
1.365092694080431,1.2392366218962207,12884.097181625713,8000,1080p
1.4339615641506216,1.0905834628445585,13291.278880431733,8000,1080p
1.4940227423425378,1.7689343775103579,10283.442523913012,8000,1080p
1.01462300060427,0.8398710513827858,18093.577579311754,15000,1440p
0.7233418692816213,1.0359573241030793,19072.612621077213,15000,1440p
0.9711647193074918,0.7101320016702194,19957.471861651735,15000,1440p
0.7943463845513444,0.6640543347811462,23007.69024260894,15000,1440p
1.7940801894590388,1.257952093793694,10994.127481587135,8000,1080p
1.148919502740894,0.9699373321676696,15836.101546449217,15000,1440p
1.3736625060151664,1.5461118369341917,11492.13194541109,8000,1080p
0.8291677842882953,1.1300607221141403,17126.34942292318,15000,1440p
1.1686418331538573,1.2020180393017974,14154.04731394156,8000,1080p
1.0899171559277574,0.8496606565784521,17299.863807290578,15000,1440p
1.080038500618604,1.1945381261197872,14751.946188823315,8000,1080p
1.147882455918032,1.5965332408496729,12226.439325325044,8000,1080p
1.452107952090128,1.347841573989354,11983.941741615343,8000,1080p
1.0686539034440838,1.5249778312659887,12937.23837156506,8000,1080p
1.0558072921283137,1.0116646806885874,16229.69135309852,15000,1440p
1.0630666664142385,0.7844036849800657,18162.36562317557,15000,1440p
1.7207820406911793,1.311018081030144,11067.49477302259,8000,1080p
1.631338417133182,1.2968102467934661,11459.265170984692,8000,1080p
1.8248219987119436,1.7020167414745833,9514.025015565463,8000,1080p
1.2648494970538962,0.8721717460371554,15701.496701766924,15000,1440p
1.8101916632234913,1.264824246442871,10911.953949415709,8000,1080p
1.308766521523186,1.0343367344263343,14320.509313791374,8000,1080p
0.7053581264046277,0.8294619863747922,21862.126851619094,15000,1440p
1.4148234591051116,1.1058526029548001,13311.679554959996,8000,1080p
0.8469501637651341,0.8845997892635474,19378.263931288504,15000,1440p
1.3749705700656718,1.0414395833112398,13886.066466451475,8000,1080p
1.7236999747048074,1.4843672580863747,10459.391766177521,8000,1080p
0.8464654234869053,1.263560922722248,15902.375844872016,15000,1440p
1.439737142878292,1.3665282454780225,11956.970334745674,8000,1080p
1.020014892361231,1.3657409195908368,14064.487166666553,8000,1080p
1.5121029521323486,1.2530784833867816,12134.622187531268,8000,1080p
1.203056971221176,0.905642440725257,15912.382680008248,15000,1440p
1.2224234170493025,1.213645520401718,13774.00757595541,8000,1080p
1.4712414546079315,1.2069907535541626,12528.57459399547,8000,1080p
2.107543757726569,2.9491288414653356,6635.674218924566,4000,720p
1.7186740826055829,1.718298754900856,9762.786494508378,8000,1080p
0.9822060687231453,0.8817026407046076,18002.186389429822,15000,1440p
1.5803262335529351,2.0861005501315137,9151.80746260004,8000,1080p
1.207064239238447,1.0861273291098963,14632.197529039131,8000,1080p
1.9252750885434513,1.3365145851907005,10287.12313065432,8000,1080p
1.012878647882725,1.4350819804368955,13707.09627100217,8000,1080p
1.0976487701315043,0.7366711370004881,18292.573650614326,15000,1440p
1.5457794677772407,1.4814483982640299,11084.210863809005,8000,1080p
0.8571635522970283,1.0863298009032292,17265.009908445285,15000,1440p
1.3130023757557143,0.8963298721648985,15187.589839228971,15000,1440p
1.1770783897635686,1.2328147252610473,13923.618350873316,8000,1080p
0.7051434917264052,1.0044726228586367,19626.880978566543,15000,1440p
1.517061355854136,1.6080085010236709,10737.178218961013,8000,1080p
1.32767800801165,1.008551798370956,14362.64185497887,8000,1080p
1.201206852723255,1.6682028628125594,11693.84484144129,8000,1080p
1.777743183160069,1.4742281423725299,10318.182001344845,8000,1080p
1.3041618740262442,1.2076290449595464,13358.76793978879,8000,1080p
1.4268151153769464,1.3559127238642,12058.107705261733,8000,1080p
0.841709565126657,0.7591313952533639,20960.50315456357,15000,1440p
2.0401459790915566,1.9704569557763558,8366.430819735364,8000,1080p
0.8211007063806249,1.2153511978884812,16476.908651590704,15000,1440p
1.382629767289158,1.1963550913558514,13010.713067012497,8000,1080p
0.9360893408246677,0.8846774810827219,18428.736506110774,15000,1440p
0.7703087712382032,1.1531719982373798,17444.64126311399,15000,1440p
0.7960696179030367,0.9391551035756429,19337.225654211772,15000,1440p
1.0005664400880825,0.8699748611256637,17938.353982468812,15000,1440p
1.1651919266675224,0.9240859899624061,16060.30089770171,15000,1440p
0.8907354308837759,1.1764438327295794,16231.989450855874,15000,1440p
1.1287565862164195,1.4249003534852007,13139.757137433127,8000,1080p
1.4413420243087232,1.4144723143875857,11749.514506365893,8000,1080p
2.2302905337007903,1.6201630487520715,8714.410206868344,8000,1080p
2.2214476768104503,1.5641486878221325,8863.710963346903,8000,1080p
1.5919753990023113,1.670598721076857,10284.649716765909,8000,1080p
1.207223284735152,1.4561401486783379,12598.517941276637,8000,1080p
1.161141896682956,0.8169866571597972,16962.715560025896,15000,1440p
1.0147592898102369,1.2103118241528201,15080.161613458034,15000,1440p
0.7031613229227089,0.716098478139598,23642.205588352972,15000,1440p
0.914849561161636,0.899231719468678,18496.653021159727,15000,1440p
1.60685713361601,2.2008302658118373,8812.28643008929,8000,1080p
1.1534591954336195,0.915970046290272,16214.341289605163,15000,1440p
1.2877263154315477,1.2214688630493358,13372.587468590036,8000,1080p
1.7078510638508448,1.4971968971260616,10469.244893849429,8000,1080p
1.4148804631501266,0.9634486836883871,14108.405493244503,8000,1080p
1.149853980967732,0.9491861249757234,15985.60785236559,15000,1440p
1.2531215912690148,0.9145061850758531,15479.794255349825,15000,1440p
0.9649469281563435,0.9438222927497174,17579.093183445333,15000,1440p
0.9977670736103796,0.9442489472289992,17278.143763972188,15000,1440p
0.9675251616117739,1.0186151326161645,16894.29095090356,15000,1440p
1.4889500275363472,1.4292790555415296,11498.217255997566,8000,1080p
0.6705539939942178,0.8414813113097432,22191.56648148148,15000,1440p
1.1012543044385898,0.8994088810058165,16771.65464138161,15000,1440p
1.2265045377820996,0.960757693965379,15340.83637204864,15000,1440p
1.0428057358331293,1.355420331959637,13991.354881269466,8000,1080p
1.3678575324652698,0.9781393900682842,14302.845701844728,8000,1080p
2.0672558266307117,1.4300473975634511,9594.373106647481,8000,1080p
1.5670441369411379,1.161811203661628,12296.156377636455,8000,1080p
1.2351040742504749,1.2350558000933587,13583.911044993922,8000,1080p
1.061452941079322,1.304852526119611,14180.093172721015,8000,1080p
1.4200754160459232,1.9374039134620018,9993.93554119595,8000,1080p
1.321105359490972,1.4613329738501408,12059.362321862605,8000,1080p
2.498769564505426,1.6869380821974462,8016.429916320408,8000,1080p
1.624258520258081,1.352138764230112,11273.505783274446,8000,1080p
1.455516550014938,1.1672018828434314,12793.760694864492,8000,1080p
1.3841392248089914,0.9333326920795162,14478.89476263901,8000,1080p
1.3563146509893267,1.261023394546652,12820.060464573548,8000,1080p
1.0913034378079207,0.8023409957202039,17719.499714887548,15000,1440p
0.8750037278194911,1.2750537225137333,15606.295540986406,15000,1440p
0.8759682684805287,1.003508729433936,17853.068719241153,15000,1440p
1.3885866723077547,1.0111452402253762,13982.575230489103,8000,1080p
2.1310786996633944,2.70734460661364,6934.993049588863,4000,720p
1.710456981252352,1.8338198320233485,9467.215391956994,8000,1080p
1.39119305049178,1.1886556294096864,13006.356636886767,8000,1080p
0.9560412328775145,0.6834178526655643,20466.76998278669,15000,1440p
1.0185381569063894,1.4291953413142926,13708.368179947509,8000,1080p
1.559523934723954,1.5647694601496343,10739.846665827503,8000,1080p
1.0810874527416023,0.765312036718653,18172.89930566907,15000,1440p
1.7978272431182076,1.1994059999149398,11195.135406293408,8000,1080p
1.171039605305057,1.1720713367203868,14320.462338413523,8000,1080p
1.0132203237763664,1.2030163934982487,15140.27438425579,15000,1440p
0.9853146097511797,1.2861118062368129,14772.405464609768,8000,1080p
1.6011501958071728,2.1909613033601247,8848.482437124581,8000,1080p
1.1657449692067356,1.0348257803871526,15248.058716672671,15000,1440p
1.1193937883571505,1.3883332768004422,13380.416260687183,8000,1080p
0.9092712283228973,0.6341356135536017,21740.497119478867,15000,1440p
1.502747081144682,1.2218724893932325,12315.272327496143,8000,1080p
1.0209681649377789,0.7595667712799656,18845.141040184888,15000,1440p
1.3203162760958604,1.5995543476137466,11491.753000127832,8000,1080p
1.9915554280274796,1.5593373970071323,9449.576107573152,8000,1080p
2.1956141914537457,1.8944301230280485,8203.928715684668,8000,1080p
0.982618271624713,0.8893156542255981,17925.008749845783,15000,1440p
1.0793004812748972,1.4784066904174047,13118.949804483982,8000,1080p
1.1050455711962268,1.523404441298558,12765.862710149819,8000,1080p
0.883099504794549,1.0471260903888528,17383.684106008244,15000,1440p
1.3729597450742925,1.0203558359770997,14020.061652404158,8000,1080p
2.038843019012536,1.4884600161229669,9512.772695105567,8000,1080p
0.703512563424404,0.9307651751295699,20531.658241694775,15000,1440p
1.381083951062892,1.7562759148192917,10695.117370784923,8000,1080p
1.5393345034305106,1.1420317727543348,12513.93078894935,8000,1080p
0.6298964721649968,0.8905790114635922,22068.38081987545,15000,1440p
0.9278196876694472,1.3695724459356686,14605.443933224271,8000,1080p
1.055834105257726,1.5660650768703803,12797.758292431752,8000,1080p
1.2266504595304717,1.2592981802060796,13497.636863308622,8000,1080p
1.17668002550565,0.9800391444735042,15558.090486265917,15000,1440p
1.9054677356269776,1.5191381229011618,9798.041989690852,8000,1080p
1.4833764076928406,1.93382654022699,9819.268129926477,8000,1080p
0.8786253274300595,1.0455544466716638,17438.304077208388,15000,1440p
1.1676800079855307,1.0645200431145532,15032.000372665316,15000,1440p
0.8700694102502546,0.7151809847010409,21166.64478171028,15000,1440p
1.146810156081115,1.2175604954957584,14191.697049538949,8000,1080p
1.047411683846952,1.2093374792685843,14868.480976271509,8000,1080p
0.9234174369256304,1.2925985237228863,15141.782638686545,15000,1440p
1.28691627902448,0.9144917228240821,15242.259486575746,15000,1440p
0.8644771864349426,0.7700660713475068,20528.32302861326,15000,1440p
0.8054785617965629,1.087738087816498,17723.50354454041,15000,1440p
1.7211512221237462,1.1613676885168756,11640.663267164044,8000,1080p
1.4122675615755498,1.2855082367518136,12437.813409403383,8000,1080p
0.9526715016547683,0.8859268783813469,18250.0062897591,15000,1440p
0.7746484039926644,0.9215584166242363,19782.04048713614,15000,1440p
1.224921696911583,1.308661572219864,13243.863901699586,8000,1080p
0.7978804637659489,0.718807347648101,22123.492881976996,15000,1440p
1.2274771782254,1.7496733469324337,11270.653504569143,8000,1080p
0.9324737515183951,1.160699771085902,16030.411066088802,15000,1440p
1.190943299910492,1.496593291556917,12485.200055147568,8000,1080p
2.1531725336492125,1.7679819143521889,8557.28394404423,8000,1080p
1.754687044357,2.261700791832555,8354.380445448693,8000,1080p
0.9676230465301466,1.2846935397055375,14897.742264589815,8000,1080p
1.0666639793886759,1.308300688662481,14128.392077316257,8000,1080p
0.9141236053698423,0.6465738632084466,21499.63889578566,15000,1440p
0.9049315023790252,1.0007656850506494,17607.43113928652,15000,1440p
1.7469691741046403,1.7378914063134154,9628.629675616663,8000,1080p
1.226177809310316,1.368083469252888,12934.09891951348,8000,1080p
1.7561394194034319,1.4528836272736576,10456.276415573042,8000,1080p
1.69808024680294,1.5446630056390465,10347.545083851901,8000,1080p
1.815941105097977,1.2924327044003832,10794.850959516716,8000,1080p
1.3290032933790754,1.471459614730302,11981.744840410314,8000,1080p
1.291482519881601,1.0737476906054326,14186.53958131656,8000,1080p
1.4503840863067061,1.98486240762803,9767.692670451344,8000,1080p
1.6445558248781298,1.6001986001041706,10341.131440226955,8000,1080p
1.3200310938869944,0.9407935946279649,14841.677981692821,8000,1080p
1.0457210486429118,0.8861518981359131,17368.860646839195,15000,1440p
1.802575169857622,1.4162433807876027,10424.455890274985,8000,1080p
1.3442420668697674,1.1190215875963392,13621.940931561654,8000,1080p
1.079608395922168,1.033577417848121,15878.599875764397,15000,1440p
1.446279444455109,1.8531577797127243,10169.744026108247,8000,1080p
0.8644184404983996,1.043199006254727,17589.707022816106,15000,1440p
1.293168034939353,1.6701340368546458,11323.324854184024,8000,1080p
1.097951611677841,1.0644562803894115,15517.161273362773,15000,1440p
0.9349261339909372,1.115023689796067,16368.416246409748,15000,1440p
1.5495858788337358,1.1653534448955092,12359.183023622634,8000,1080p
0.8346854243083203,1.1296451297700267,17081.86635407886,15000,1440p
1.058283696770887,0.7906181094428968,18148.303975489864,15000,1440p
1.005727005037433,1.4651902678955842,13579.747232965987,8000,1080p
0.855455179367888,0.7154677190070802,21359.69374099148,15000,1440p
1.3480470674548384,1.6427674151604164,11219.161935667447,8000,1080p
1.903117426528024,1.9902609528924913,8618.333162109508,8000,1080p
1.4248697026960666,1.032544959587635,13654.363064969062,8000,1080p
1.074492009383271,1.4953042173058197,13057.234519809112,8000,1080p
1.3624059874064494,1.054309382902955,13884.31273795562,8000,1080p
1.4446075567615126,1.3524651737975832,11996.267252333097,8000,1080p
1.236754948885109,1.3190903078389842,13128.506865477359,8000,1080p
1.433484568020753,0.9865490401881942,13865.27521195602,8000,1080p
1.258413651393968,1.5039016536642613,12147.212861093956,8000,1080p
1.0401256241333865,0.9956863622121426,16482.087847529237,15000,1440p
1.6070507259229723,1.1771964323212118,12051.52778935052,8000,1080p
0.9798640382907233,0.6794900985623331,20221.380870291825,15000,1440p
0.8195001099426912,0.6653200610583813,22598.313691669107,15000,1440p
1.5960741614673903,1.5221770417132823,10760.657116326573,8000,1080p
1.180509633110126,0.8867253991697797,16231.551553668087,15000,1440p
1.853653797391224,1.6309143284119638,9629.437792169942,8000,1080p
1.0877225615425523,1.4743805543973476,13096.440885319582,8000,1080p
1.0716278383630342,0.7886728365406286,18037.101449601767,15000,1440p
1.065978787265015,0.8375417474329094,17627.5650240489,15000,1440p
1.3488203286649034,1.069676495701487,13874.085614642372,8000,1080p
1.6740845311276713,1.247034665775967,11486.841083228446,8000,1080p
1.5418035546513993,1.1007932438328236,12697.522383757756,8000,1080p
1.3466949754720445,0.9037617234968514,14910.054485995583,8000,1080p
1.2643188195474184,0.922784742109193,15341.949319758936,15000,1440p
1.3962938941374996,1.417503114647193,11924.965409815577,8000,1080p
1.360144849322563,1.590332046391246,11372.545248107144,8000,1080p
1.3372514601762144,1.375600028701758,12368.694761790302,8000,1080p
1.1901507585234665,1.403116486085149,12939.056732297619,8000,1080p
1.6513596681398273,1.5380481740276366,10520.583650787356,8000,1080p
1.1261862496092012,0.8653014506708805,16848.927560677843,15000,1440p
1.0726300566224223,1.0841898925732532,15557.36352147205,15000,1440p
1.2882291303752251,1.8651569890367456,10640.762256623708,8000,1080p
1.6748570311487279,1.2661242387472913,11409.264092724516,8000,1080p
0.7893417590148119,1.0479189558717317,18263.29367853059,15000,1440p
0.9656688325410425,1.0647314857072308,16526.017898258146,15000,1440p
1.0843179923583115,0.7747891301619614,18048.681323167864,15000,1440p
0.8807362384932708,1.3141210657601206,15287.751023711298,15000,1440p
1.1842990630334331,0.8205850938766026,16736.34453359874,15000,1440p
0.833669921451309,0.7290068645226939,21472.407026950114,15000,1440p
0.9609669026422163,1.0961429218748686,16311.444143667459,15000,1440p
1.2875847434281176,1.267938554895629,13130.16086451236,8000,1080p
1.2856062527481065,0.8801700716196335,15493.027429688807,15000,1440p
1.4712897174925053,1.8131165196297065,10216.285555894056,8000,1080p
0.8791096867424306,1.1644589559701446,16419.527731381117,15000,1440p
1.5979046225500328,1.236335016825694,11838.953747535175,8000,1080p
0.7697261060288928,0.9139947301223875,19928.738351127216,15000,1440p
1.5753221939668862,1.5854269654801587,10615.974348900929,8000,1080p
1.0160674479826644,1.2857705925236806,14577.234110102241,8000,1080p
1.4850967769136416,1.6677561918154395,10642.56162047602,8000,1080p
2.1625658239147367,2.2597330398108277,7587.554128291564,4000,720p
1.7846561169839452,1.6146328977742073,9871.014748767186,8000,1080p
1.257414358454074,1.2640839966811248,13307.33844488305,8000,1080p
1.393130833707321,1.325092492614868,12344.251362672185,8000,1080p
1.4588203817464214,1.0520424644881512,13363.705648167945,8000,1080p
1.5331193862202754,1.276598741047943,11942.276940293543,8000,1080p
1.5259605884976375,1.2814987526131547,11951.885289538668,8000,1080p
1.2779340767150902,1.6125644616493011,11608.527579116857,8000,1080p
1.3728231986007917,0.9898954277599388,14201.619958311972,8000,1080p
0.8845750018562155,0.9944036406540462,17857.803830687633,15000,1440p
1.299642114790592,1.3886028563799586,12481.910078823394,8000,1080p
1.2807141660194015,1.444198259266039,12313.94876717372,8000,1080p
1.0074537024117352,0.8027560937891793,18536.211697904106,15000,1440p
2.026451198279823,1.5445182610813628,9396.448886460816,8000,1080p
1.6079814190380737,1.6387801631192045,10334.738523579885,8000,1080p
1.1891526051482035,1.1945413542357617,14076.652696083396,8000,1080p
1.2731917042223544,1.365929798678723,12714.24296422692,8000,1080p
0.9925568048424965,1.226266346997002,15122.625691093024,15000,1440p
1.0169403893546674,1.3528523011810398,14159.226726458846,8000,1080p
1.1984929514886178,1.4663424394170674,12591.558981283271,8000,1080p
0.9765623898272329,0.8417903338794774,18453.20303510714,15000,1440p
1.165857661494951,0.8547948021166831,16605.74126637598,15000,1440p
1.183538451403879,1.1435753340630257,14418.904743528794,8000,1080p
0.731467198243195,1.0352160085082347,18992.896899552103,15000,1440p
1.0137942435241933,0.9620251657107792,16982.539924026816,15000,1440p
1.1689147794587522,1.1334832652534375,14573.688540547062,8000,1080p
0.7917187440870969,1.0918599896710148,17814.191357455114,15000,1440p
0.8607178409584747,1.1744406705993278,16487.380127612723,15000,1440p
1.460044594792746,1.8375541596333345,10175.413838619026,8000,1080p
2.325236332018455,1.6089704664942093,8528.893807179971,8000,1080p
1.0503925815142499,1.239353555737752,14654.21491671114,8000,1080p
1.1646430979054039,1.046943411763279,15172.109186462156,15000,1440p
1.5608577589413015,1.158646818594441,12338.435565497404,8000,1080p
1.1576074075145035,0.8069848211217983,17079.591128837666,15000,1440p
1.3894980150003546,1.85972592453363,10326.906555050342,8000,1080p
0.9864876081677167,0.738928579058429,19447.152662885102,15000,1440p
1.4917714630051722,1.6683265289222915,10618.161868940615,8000,1080p
1.090444192902804,1.1566038004089962,14932.672599727597,8000,1080p
0.8868207537393944,0.798042704816462,19915.22329575623,15000,1440p
1.7555714408365115,1.8643821632550512,9269.298910923631,8000,1080p
1.350278948176204,1.2797802659720987,12758.051917422703,8000,1080p
1.4923525851215924,1.1616245479065048,12643.075022170797,8000,1080p
1.4786822667716872,1.681420472525873,10618.145917451599,8000,1080p
0.7685845783157176,1.1352721873632903,17624.45190462259,15000,1440p
1.248732468057878,1.4759866991791666,12314.822167168628,8000,1080p
1.5970029941462904,1.1402359964213193,12258.495555421692,8000,1080p
0.7820215553706483,0.626630157115217,23820.247192818213,15000,1440p
0.8514182942855957,1.041074201676928,17730.285362602815,15000,1440p
2.1826217620787136,1.4870400975402358,9143.739473446807,8000,1080p
1.5156918595588869,1.269852597101609,12045.915088437463,8000,1080p
1.6173196317970056,1.2210929377607518,11821.548551424288,8000,1080p
1.0842862654960705,1.355494924122406,13753.04971723596,8000,1080p
0.9104406667139939,0.6181394578939632,21951.372688825115,15000,1440p
1.579851213599466,1.1793192802357864,12161.057852339989,8000,1080p
1.1641188211593143,0.8596696378826081,16580.00956082383,15000,1440p
0.6146072713937142,0.8514032760062359,22888.260974322882,15000,1440p
0.9060099850267942,0.8370300404846034,19250.52294203934,15000,1440p
1.3117833101890266,1.1080791829428103,13866.255663384058,8000,1080p
1.6246573672195328,1.552910278000107,10559.785265462271,8000,1080p
1.6494323339362218,1.6176538380873766,10270.44596721388,8000,1080p
1.5675397403275213,1.250347256089608,11907.657064553543,8000,1080p
0.8207512186516183,0.6386477612940892,22991.952482554352,15000,1440p
0.7870536958730038,0.8633248203090779,20331.355304856643,15000,1440p
1.3689883282257866,1.409956383718636,12074.523057539358,8000,1080p
0.9355960766936254,0.9319199547401827,17967.413095906963,15000,1440p
1.2149775944280428,0.83174468269677,16394.228164231678,15000,1440p
1.6201647708069482,1.1284281524042166,12207.857961301363,8000,1080p
0.9664199703768329,1.0002053360728653,17061.934416258995,15000,1440p
0.9095463763036918,0.9354060977763289,18187.15249927064,15000,1440p
1.4741336382037593,1.7566646825577714,10385.802104815659,8000,1080p
1.5409803681772145,1.6192873765166473,10617.591517787823,8000,1080p
1.220979263594618,1.4414261379716873,12603.051353584158,8000,1080p
1.1486858583129747,0.7998554889519542,17220.282262472232,15000,1440p
0.902521702642859,1.0994778186548984,16760.459552082706,15000,1440p
1.279673882339936,0.9878925752903722,14797.551748523232,8000,1080p
1.9346335222603883,1.4698926202285632,9855.830325764311,8000,1080p
1.2273548970003398,1.4667704448749124,12454.66626160918,8000,1080p
1.0701075552694552,1.2984385239948042,14166.678999305346,8000,1080p
1.3100899614969268,0.9134512848670833,15090.537247675995,15000,1440p
1.1269854912923318,0.8147091451526742,17281.003598708943,15000,1440p
1.858629512397634,1.3398171326399535,10490.85250556233,8000,1080p
1.0987120422131447,0.7681763688123133,17973.453475759154,15000,1440p
2.0463678602572477,1.45982947496343,9570.035223898232,8000,1080p
1.7030724489166225,1.441817200972168,10669.510137243306,8000,1080p
1.0329287242136724,1.444627944251599,13543.3560116247,8000,1080p
1.158606240351535,0.8899302717549871,16379.709027248815,15000,1440p
0.9689205288025506,0.753949707268557,19475.890463183503,15000,1440p
0.6980897401687478,0.871261833769631,21381.080286422504,15000,1440p
1.599166607907917,1.2991772373228188,11577.105337316783,8000,1080p
1.1869023531456553,1.42885383989857,12827.813268387696,8000,1080p
0.7110192541152929,0.9839983052087915,19795.919998244957,15000,1440p
1.327594737830378,1.8497519376970692,10560.519649443,8000,1080p
1.0078072457542089,1.2219951206494375,15048.164135783263,15000,1440p
0.7406391029400584,1.0643332502157583,18589.997758876125,15000,1440p
1.635634077825493,1.7047371480614266,10045.120656040493,8000,1080p
1.1534657204518637,1.1379213498781424,14643.720580638295,8000,1080p
1.4912603069380008,1.8154922907376978,10147.245978905486,8000,1080p
1.216219546640696,1.5284865571315382,12225.145691877133,8000,1080p
1.0785464543438186,0.793699527957928,17922.021100426155,15000,1440p
1.5917141726705957,1.1008578432289893,12461.851271520962,8000,1080p
0.6181885313919193,0.7304555806676505,24880.123451366017,15000,1440p
1.3537809191054522,1.9185470328635907,10253.994248898385,8000,1080p
0.7125705333173226,0.9834607187220074,19784.088270575034,15000,1440p
1.594537832917795,1.099794874396598,12453.707706145084,8000,1080p
1.2124273376958987,1.0049950622420338,15132.178695831348,15000,1440p
1.748589212510934,1.8394719705839069,9351.688917148847,8000,1080p
1.487746443140116,1.3937251092292826,11644.894419453352,8000,1080p
1.2520540847021693,1.7953545179685528,11010.808321074237,8000,1080p
1.776739658755672,1.19789499099604,11280.185955878896,8000,1080p
1.2978086378975076,0.9482793095406259,14939.055275316296,8000,1080p
2.115640032619467,2.1147058338958455,7931.841286452539,4000,720p
1.4939801178230996,1.432671121193606,11465.12831890198,8000,1080p
1.1145016973433661,1.136198991883086,14908.438141338283,8000,1080p
1.9893781994080628,1.735901617033765,9007.224598781751,8000,1080p
1.4298437320542965,1.8149115964877287,10341.12856055532,8000,1080p
1.7037068973649,1.2553908596657188,11339.413143846603,8000,1080p
1.5743127987205874,1.1249486319003492,12430.967826736647,8000,1080p
1.1980023262448227,0.8331508437267023,16519.89249066352,15000,1440p
1.5119001843771613,1.1207807585783724,12745.346939888088,8000,1080p
1.1155527700170798,1.0123815690853182,15768.546699685236,15000,1440p
1.0300143437638563,1.2479942300156883,14729.721558654348,8000,1080p
1.6655241358291306,1.5988162315783825,10279.084967677067,8000,1080p
0.8253197745996351,1.087064358447825,17545.864044860944,15000,1440p
1.2104584611736762,0.9050672808055564,15861.03696786375,15000,1440p
0.9424830770119772,0.6552962967537486,21000.66664455509,15000,1440p
0.7994124273703201,0.9867515672438857,18785.75097313359,15000,1440p
1.5635538084572371,1.0994832685773661,12600.061895256893,8000,1080p
1.507816898631791,1.8846713454110022,9890.802734223636,8000,1080p
0.9869823854031242,1.150884593131777,15695.285224432037,15000,1440p
1.1067026458901053,1.379393757486402,13496.834617687327,8000,1080p
1.3083791359516488,1.5720624028232695,11649.058503117909,8000,1080p
1.2002248059768232,1.219176307514316,13868.899957469946,8000,1080p
0.9534468057810983,1.3103929014284548,14821.911592565782,8000,1080p
1.7031072830962446,1.3204407238038762,11097.701086083145,8000,1080p
0.7342096967657398,0.9399546461678024,20042.495912441005,15000,1440p
1.8057142910340471,1.8685370525638518,9132.318086639887,8000,1080p
1.9198817662895291,2.280736984568594,7987.973674865242,4000,720p
1.064541182096597,1.3096559910060956,14132.959292572054,8000,1080p
0.8289004045213809,1.081688670902294,17562.348927677856,15000,1440p
1.2039238762107989,1.5787222737550486,12058.4616913695,8000,1080p
0.8713477452020422,1.2492023535064412,15823.456385414453,15000,1440p
1.0686985890783474,1.2360219377914579,14559.002537966073,8000,1080p
0.9605672837803328,1.1323050980239504,16032.717661968685,15000,1440p
1.0285110316634292,1.3642638265255833,14023.22992702953,8000,1080p
1.0635750321049398,0.8789512844497123,17273.604848511695,15000,1440p
1.3186190374369238,1.1416286571295693,13638.639749203157,8000,1080p
1.484899239478138,1.6861642452521293,10581.444414965463,8000,1080p
0.8970389207089521,1.1080337759091572,16734.770792398285,15000,1440p
0.9323326053115641,0.7242857797572564,20254.774607373474,15000,1440p
1.05918042443793,1.4298872267581515,13480.723187204638,8000,1080p
1.3112384616013182,0.9143526556146881,15076.638175107952,15000,1440p
1.4650660793134476,1.5793524299717099,11021.62265065151,8000,1080p
1.450637479258053,1.8547565420956278,10151.416679291451,8000,1080p
1.6424102566925554,1.2504817359696696,11598.92318313656,8000,1080p
0.8339176047752012,1.115122915689677,17215.871936821877,15000,1440p
1.1535187480502764,1.0172847219997805,15457.148683858637,15000,1440p
1.0264818388058088,0.8239320316368506,18133.47410326807,15000,1440p
0.9019275047294949,1.244511260353136,15632.606224714855,15000,1440p
0.952345031141498,1.4160492558003441,14167.586953322167,8000,1080p
1.5538384323663919,1.0939221776369163,12672.758962132184,8000,1080p
0.9394546036706736,0.9204839467567919,18040.61321933903,15000,1440p
1.0575188368455715,1.2101724824993485,14796.736978158495,8000,1080p
1.2861170730093965,0.9075415325867218,15296.104833450925,15000,1440p
1.0316236404845944,1.3431521074628199,14129.516030725024,8000,1080p
1.4127665714785835,1.939361911020662,10009.888396337014,8000,1080p
1.606602362599612,1.3625668564280204,11300.949701677386,8000,1080p
1.2257688127062678,1.3399499669753714,13077.985111120994,8000,1080p
1.1868411213140764,1.2641227845297212,13690.30034265158,8000,1080p
1.1944975065258445,0.9460195659467425,15675.853480224798,15000,1440p
0.9582680626909439,1.0777202352971837,16480.66053874523,15000,1440p
1.1444991793734778,1.5128203890116623,12627.172282628811,8000,1080p
1.247129201390864,1.1310298392764737,14109.41464645874,8000,1080p
0.8765546292926346,0.6630512299727042,21794.17011053162,15000,1440p
1.467627786835333,1.3085079229707512,12086.74052982223,8000,1080p
0.7476115691981908,0.8839588689603732,20565.726869794522,15000,1440p
1.2226391275970647,0.9530677190842407,15422.313006544033,15000,1440p
1.3595782245426697,1.5470363714965254,11544.16276782074,8000,1080p
0.8558989806007877,0.8222119787445872,19995.359551843616,15000,1440p
1.0888372403954216,1.1600407428688122,14920.521366524266,8000,1080p
0.8006948428991492,1.0168400391483314,18461.506478599422,15000,1440p
1.3977372051031325,1.1548525995413779,13145.250341024926,8000,1080p
0.8754234210631968,0.8078632460855149,19933.87855726157,15000,1440p
0.7882005251844789,1.1369201294857931,17429.781306744688,15000,1440p
1.270846033361218,1.1835896702530673,13670.93542136359,8000,1080p
1.1871148851786022,1.1748031757369168,14206.433557222446,8000,1080p
1.018485742952881,1.130143720400007,15616.667541940462,15000,1440p
1.9539668238116907,2.4318761572271312,7650.623185796853,4000,720p
1.2213987289011794,1.3192300141255175,13207.13704908573,8000,1080p
1.1321127136155817,0.9092443564028294,16437.316377823783,15000,1440p
0.6875524596667414,0.8970781802380724,21174.92313667213,15000,1440p
1.634982842757715,1.1707285548691457,11959.33125138286,8000,1080p
1.1249646311192152,1.365453818091751,13473.411269753073,8000,1080p
1.0323101199793208,1.2679643493448969,14587.142729040388,8000,1080p
0.9480586456380222,0.7946395361780576,19254.29908065472,15000,1440p
1.2078307585378902,0.9765473434261094,15361.091548130253,15000,1440p
1.0808963835890535,1.4890177478877074,13056.635468484885,8000,1080p
1.0082969163624727,0.8389416738349142,18164.64433888561,15000,1440p
1.2451039118589224,1.2058863299045846,13690.15324020928,8000,1080p
1.4625964820476423,1.1958318365103002,12621.905870383414,8000,1080p
1.080066555961718,0.7303546708587709,18534.046940517375,15000,1440p
2.1142672881800526,1.4169806701044791,9502.145529395402,8000,1080p
1.719561733672891,1.1648558501449706,11633.000779168324,8000,1080p
1.1609729872995087,1.2969164159640425,13651.725726734041,8000,1080p
1.1604636089298648,0.8862184829741171,16394.550053831306,15000,1440p
1.4760540949241134,1.1893491115514627,12588.876579153117,8000,1080p
1.6771070689864767,1.1730019563498957,11773.034540683888,8000,1080p
0.7423567622202999,0.9262275591388588,20109.521329235537,15000,1440p
1.9087578898501676,1.726303434997739,9230.774669641629,8000,1080p
2.067957830353365,1.7764002074392962,8728.227618275158,8000,1080p
1.2322512534407142,1.2123074114582864,13726.171714265787,8000,1080p
1.1832016861237526,0.8559613656010499,16455.001953678187,15000,1440p
1.2988157347624032,1.1015364591100911,13978.961956356308,8000,1080p
0.9431305180781581,0.8486856025803856,18726.49297723016,15000,1440p
1.26896779034506,0.9372797766711671,15208.824477200298,15000,1440p
0.9153496493960731,1.0370235201616238,17186.48490114297,15000,1440p
0.8996745675099811,1.2168915353643206,15853.240753706206,15000,1440p
0.7238274798771389,1.0564220285411592,18848.162485837267,15000,1440p
1.345667853752316,1.5308212856234655,11665.064727927862,8000,1080p
1.4017519888157424,1.7317025000463169,10708.447216728391,8000,1080p
1.1035468728086726,0.9807586824123429,16098.614675736428,15000,1440p
1.2173863195571548,1.112865726749844,14399.48612133066,8000,1080p
1.5879862496036574,2.153588473348787,8967.997296475876,8000,1080p
2.364303485707535,2.3077690121273546,7181.91595176437,4000,720p
1.0850071954877172,0.9483243030248585,16502.19456323072,15000,1440p
1.1451242648398658,0.9647774506413727,15903.315189421852,15000,1440p
1.3733292685236642,1.5750776727657398,11380.529441205934,8000,1080p
1.2798908690601574,1.1033553079657874,14079.297524300493,8000,1080p
2.1798010540766866,2.221397342411497,7623.930797296901,4000,720p
1.279108359756028,1.7106487823605225,11223.129640638863,8000,1080p
0.957687456549649,0.8948460787198976,18112.725821785338,15000,1440p
1.7511030429521204,1.2838484456787482,11056.002748543806,8000,1080p
1.268434769748459,1.8168020095739366,10875.804484403137,8000,1080p
1.4940858538515867,1.09698480375381,12950.025851865488,8000,1080p
1.2202091523661112,1.4824407444489147,12415.38241395701,8000,1080p
2.2114609738401367,1.541723028627132,8940.257652686887,8000,1080p
1.3278789684486787,1.1933539683284886,13308.739351506267,8000,1080p
1.318922121013261,0.9425483996856765,14837.439485892373,8000,1080p
1.4951288320689835,1.41198942513014,11542.16273001848,8000,1080p
1.7664380557571409,1.5033219298875566,10262.047412444583,8000,1080p
1.073431892396572,1.0640597138330303,15698.041527839196,15000,1440p
0.8517365649321804,1.1576236663231003,16699.062456828855,15000,1440p
1.4859379634923364,0.9993689376370596,13501.122128921737,8000,1080p
1.5833683626341628,1.0581348845357956,12702.779008865271,8000,1080p
1.0247140024211046,1.3709746735550876,14006.17381401917,8000,1080p
1.5267268497510555,1.6799313728784322,10463.987637723696,8000,1080p
0.6071546983467466,0.9000081434685989,22263.30895975673,15000,1440p
1.3636519218098282,1.3453940280711294,12386.069716342194,8000,1080p
1.3103392101162121,1.2527964412740904,13091.165105443919,8000,1080p
2.0230286318944133,1.6425674032935862,9153.881572844693,8000,1080p
1.4966688537476698,1.4266351083157514,11478.256259166263,8000,1080p
1.3150531822702938,1.1910503132108525,13389.084712783537,8000,1080p
1.2335558863463378,1.27335395953712,13384.778098462139,8000,1080p
0.820021018852226,0.7480247269027208,21398.88590038869,15000,1440p
1.0066200691789278,1.0963451296778177,15955.771411833875,15000,1440p
1.4108632995389736,1.8020276499336472,10443.688418839047,8000,1080p
1.6601074061459524,1.2413641543072407,11564.625501536535,8000,1080p
1.56183704732229,1.9588845361490652,9530.555371809905,8000,1080p
1.114909475388212,1.0483458492273654,15511.082588442401,15000,1440p
0.8495443346356663,0.9395744589456793,18754.72557796615,15000,1440p
1.4206890252489721,1.976120288530312,9878.220677235307,8000,1080p
0.9738584908885679,1.2526876317529356,15070.171535540476,15000,1440p
1.387287773908916,1.5681947030514476,11353.284027760454,8000,1080p
0.6765209813428915,0.9060597196390597,21202.35131085595,15000,1440p
1.700672739100132,1.1594113449748524,11731.97396077684,8000,1080p
0.8720250853846182,1.2512022629744717,15803.504050535204,15000,1440p
1.1279383267986798,1.6450150861681758,12100.611515178409,8000,1080p
1.7972130280164238,1.4304208049159366,10395.984717236412,8000,1080p
1.604184980543236,1.3471706138472253,11369.159332672667,8000,1080p
1.0945357970024852,0.8508555862747689,17248.16522188629,15000,1440p
1.1452028582870353,1.5696804647752842,12359.437959989917,8000,1080p
0.9063740271217317,0.967839056764103,17903.21084005618,15000,1440p
1.2363370131316884,1.270044089860467,13387.601733807447,8000,1080p
1.383251556550048,0.9718155907544503,14247.760212869029,8000,1080p
1.0601831478582056,1.2299280441838198,14651.878964043004,8000,1080p
1.1905135146770691,1.156849972933275,14294.51901126697,8000,1080p
1.2694061836809551,0.884321217947339,15579.702414814272,15000,1440p
1.721983458536778,1.3277030504669216,11002.5840036135,8000,1080p
1.3194695165741213,1.0355396452336556,14248.111024010876,8000,1080p
0.7754087355146333,0.9411655523073397,19547.3229664733,15000,1440p
1.8721585969956611,1.5598166494205765,9777.002918374326,8000,1080p
1.4440643355622018,1.0707949793843314,13342.468821447126,8000,1080p
0.9504235911131266,1.2975438518783835,14926.564930738956,8000,1080p
2.098652322010498,2.243475444281003,7727.647320856699,4000,720p
1.0544935375852886,1.1092338187364592,15507.698741231994,15000,1440p
0.8679868115177876,1.291410100062859,15538.797809726722,15000,1440p
1.0334815201587306,1.4211422933069924,13669.887750589349,8000,1080p
1.199653245074391,1.602984865171841,11972.445488886897,8000,1080p
0.8956235261214398,0.880703775469529,18889.780036565866,15000,1440p
1.010446949143587,0.7438513344294655,19126.982175265137,15000,1440p
1.1659126126294999,1.010511468370045,15417.230627493236,15000,1440p
1.4891891776869532,1.7628768253005065,10317.881607930389,8000,1080p
1.8023875866275592,1.48234351463065,10215.275152096026,8000,1080p
0.7723224313439757,0.7031726443833256,22741.134519517353,15000,1440p
1.6009199370322158,1.101997858455842,12414.151868033847,8000,1080p
1.3980854234300388,1.942400421163261,10044.775987992612,8000,1080p
1.0421024076379857,1.4318971492236543,13562.828621750054,8000,1080p
1.650590866787689,1.1899248495894836,11812.795756256444,8000,1080p
1.5719288188903913,1.7352301548444236,10145.999108747583,8000,1080p
1.025845236468504,1.2622467117277354,14664.809264527943,8000,1080p
0.7663211202802134,0.8997691371443932,20139.624399381253,15000,1440p
1.8792503518896442,2.011202440775474,8624.81407389443,8000,1080p
0.6836427168972067,0.8510100000184865,21864.51151465516,15000,1440p
0.8269261834517437,1.0795876299522251,17599.889265995153,15000,1440p
1.4266734899863414,1.5888603017179612,11127.194824447944,8000,1080p
1.5256421104799955,1.829222079720817,10001.725881485394,8000,1080p
1.333320759734534,0.9157070273757908,14919.527536435016,8000,1080p
1.3742922616382423,1.1239433618370902,13431.251914229744,8000,1080p
1.2026826328008868,1.0056762795173178,15194.283779160038,15000,1440p
1.3907113798324258,1.0827443670882928,13565.810523100301,8000,1080p
1.067932644292647,0.9325177534583464,16773.43864047995,15000,1440p
1.02274274168257,1.4962164191805027,13320.752682827626,8000,1080p
0.8164264648866443,0.8145733033085326,20572.92260509055,15000,1440p
1.242918660286474,1.6762122738815188,11494.664938543994,8000,1080p
1.8219115597928055,1.5657288205590598,9904.956911782587,8000,1080p
0.6674643316666315,0.7392174384380339,23853.605494228697,15000,1440p
1.959872785083026,1.3108692741575516,10258.966128252525,8000,1080p
1.5459066734272695,1.8964572839756642,9747.496898995798,8000,1080p
0.9722626401614082,1.3186084202241255,14647.019022691344,8000,1080p
0.8171700852328193,1.1600942277428543,16970.12977971692,15000,1440p
1.0806010739841183,0.9893151698465472,16210.526440385285,15000,1440p
1.711092437130275,1.6315593502815617,10038.267260252278,8000,1080p
1.5971598201596506,1.1262824948817196,12320.595819004997,8000,1080p
1.2908429401248127,0.8869501793917038,15407.538805820679,15000,1440p
1.521873580510637,1.2726594024643212,12007.169786301529,8000,1080p
0.9861377294331606,1.2525356450287457,14988.534005352716,8000,1080p
2.0737803489332536,1.7836935610459692,8698.550601520654,8000,1080p
1.753968325046365,1.2329207090366263,11233.906454881606,8000,1080p
1.3002627117023509,1.7618472777223695,10957.944723045,8000,1080p
1.7110901063662447,1.3791737828364266,10858.112188165745,8000,1080p
1.1056765838650153,0.9748176993948601,16128.105840033544,15000,1440p
0.9112193793291435,1.1021839686777093,16665.529057164254,15000,1440p
1.3705645348463313,0.9639888158940944,14372.955747341517,8000,1080p
2.214939357518163,1.741932998849475,8480.039025267566,8000,1080p
0.9767299309248697,0.6867641034151585,20171.05640737229,15000,1440p
1.3354644276621548,1.2169071925819102,13146.374036548577,8000,1080p
1.1150946245323679,1.0081994047110234,15803.00775015917,15000,1440p
1.3199350388096471,0.9214618277683204,14970.321633057749,8000,1080p
1.0256777721161767,0.9242497664490976,17208.040471436605,15000,1440p
1.1091261613835228,0.906718174781195,16645.34874941763,15000,1440p
1.3326660799140537,1.4405608508831929,12099.418056045555,8000,1080p
1.0629978234715176,1.0206068245719948,16104.030115073574,15000,1440p
2.0559310781517977,2.278956993071254,7740.553261974514,4000,720p
1.4754210257327538,1.6668871467654502,10678.275381667449,8000,1080p
1.775662765426335,1.22900662377963,11167.428975893861,8000,1080p
1.0680223012281516,1.0126495682706331,16126.729299263783,15000,1440p
1.4388884715409485,1.0160644674533228,13668.055084488242,8000,1080p
1.3192867780084165,1.340213552176751,12616.818136534606,8000,1080p
1.1372663743752365,1.2481796395394853,14066.313722578989,8000,1080p
1.185814313749416,0.7961438375328194,16929.939705483608,15000,1440p
1.4527180730183984,1.6514041985320937,10809.636046726904,8000,1080p
1.2307389741083286,0.8771591447361564,15918.431588332167,15000,1440p
1.8978344578512507,1.9618892733033761,8693.480242940153,8000,1080p
1.6545787411436292,1.559210695492656,10440.768650705308,8000,1080p
1.5554141306144382,1.0689968038782944,12785.509905858426,8000,1080p
0.7797556886160867,1.1514024412010628,17375.28971963424,15000,1440p
0.5741290172280871,0.8490138492183881,23577.697496937843,15000,1440p
1.1489860736208375,0.8118557385722733,17112.258516392467,15000,1440p
1.0382086308901115,1.4071099257882078,13721.906255674021,8000,1080p
1.2936782171621095,1.9199671057236944,10441.236859912293,8000,1080p
2.2451923854681515,1.8962267571843223,8102.157942533013,8000,1080p
0.9448685549520803,1.267095446550646,15169.519927631898,15000,1440p
0.7833025122273224,0.8208173754820781,20917.65849740444,15000,1440p
1.9916586348947458,1.6267910502178657,9273.15146540603,8000,1080p
0.9218412890100091,0.8714130876613403,18711.473640613083,15000,1440p
0.9564244882713009,0.8947805417183172,18125.72430196356,15000,1440p
1.388226845089668,2.0090107219383517,9876.97543606118,8000,1080p
1.452294851742619,1.2127563898220568,12590.539152372878,8000,1080p
1.662175323856392,1.3532410085881803,11127.628261135571,8000,1080p
1.2001266684304432,0.8526848042592421,16345.598437266859,15000,1440p
0.6295305625236739,0.6990214104363653,25256.39394087089,15000,1440p
1.430112102697817,1.173355700527824,12888.360654365219,8000,1080p
1.071386966895192,0.8619310753221294,17355.87796072934,15000,1440p
1.5454956421201005,1.2641893197595482,11942.417906366432,8000,1080p
1.3778367168436938,1.8977237396070759,10243.875039436112,8000,1080p
1.4608841570936524,1.6464386210073796,10798.502246524262,8000,1080p
2.1810338295024048,1.9621596246137765,8098.688215165123,8000,1080p
1.1213534594841652,0.8353570354650766,17148.388628063458,15000,1440p
0.8385973805886364,1.2247062225151104,16262.47923452728,15000,1440p
0.767372157233929,0.9265537264156284,19808.67777267037,15000,1440p
1.4214861504940766,1.7427849890889364,10604.158278427998,8000,1080p
1.4580388372885844,1.2288557248622864,12488.183374467635,8000,1080p
1.245982509811222,1.6422141515291149,11617.779512433983,8000,1080p
1.0665197128918844,1.1555614304406776,15100.45305981797,15000,1440p
1.0979965570406742,1.236134205891132,14375.557930547837,8000,1080p
0.8282782227374167,0.9089802744066605,19314.587929868223,15000,1440p
1.4999751537542707,1.1543684589823684,12641.329419066902,8000,1080p
0.9366259294235972,1.0828565125927898,16615.36208579115,15000,1440p
1.005328464649301,1.112921288277321,15840.640110374348,15000,1440p
1.4862964912191592,1.221323325205408,12392.593596950728,8000,1080p
1.4273802899985122,1.6795481574003381,10799.872790148123,8000,1080p
1.3066664810224369,1.0145289414098562,14455.668693693864,8000,1080p
1.0413162182723352,0.8869578688224227,17401.277248171147,15000,1440p
1.4445758713465824,1.4362038680636462,11647.690915401077,8000,1080p
1.559388260736017,1.2459589367916237,11960.883854081092,8000,1080p
1.1244501552641564,1.4937133655275991,12816.018454742218,8000,1080p
1.3204975129056749,1.1983084244741362,13321.56300810733,8000,1080p
1.1766010745118245,1.1563524642311784,14382.811934642794,8000,1080p
1.1586545518414313,1.0274411231928318,15349.022635742644,15000,1440p
1.1718796182026165,1.380422917976657,13146.72987404936,8000,1080p
0.8744495603570758,0.6543330144945098,21948.465760906172,15000,1440p
0.763713614500341,0.8517446596485129,20770.844123274568,15000,1440p
1.974941253085244,1.872601496182403,8721.003036649001,8000,1080p
1.4694484554100025,1.0920642424392342,13099.459560818823,8000,1080p
1.2833625796987944,1.0875576795993054,14152.492842561325,8000,1080p
2.1326561483009048,1.7638614589625088,8611.389805464221,8000,1080p
0.9174532146785283,1.2124880948279348,15753.688540730273,15000,1440p
1.401761845821259,0.9839916833777875,14064.500623945429,8000,1080p
1.3538062952544274,1.9966022529671916,10015.02697866818,8000,1080p
1.0230624251821139,1.3470859393483114,14157.10193595742,8000,1080p
0.960488057531065,1.3591637684180737,14465.288119811014,8000,1080p
1.384943309668711,1.0535871826489158,13760.103515502575,8000,1080p
0.9277975621551868,0.694231715784039,20686.69934406524,15000,1440p
0.8456238873733355,0.9667759802563716,18513.812872808892,15000,1440p
1.5491600277902255,1.204147530631712,12186.95379575821,8000,1080p
1.5182568948532689,1.0402771215953148,13114.710136461581,8000,1080p
0.8007161777620951,1.065195226226329,17982.86452844262,15000,1440p
0.9801037790495478,0.808973406221947,18755.161753911732,15000,1440p
0.8211015670417556,1.151461218257605,17010.57743260005,15000,1440p
1.2488648398239934,0.8366195389659115,16089.514906589635,15000,1440p
1.467240891688489,1.3706326794818888,11823.793822556265,8000,1080p
1.3373596079488963,1.234918825461091,13044.634501529434,8000,1080p
0.8546097043181826,0.7217659092773789,21285.810127108958,15000,1440p
1.1999174384270448,1.7246620660681515,11473.250068403164,8000,1080p
1.419327800965258,1.2031644301338245,12794.864214311663,8000,1080p
1.2841730231645605,0.9689894325159254,14892.149438849983,8000,1080p
1.9255430608054598,1.3863136205839537,10131.60750238836,8000,1080p
0.9811268293906231,1.2042349006869153,15354.177543325728,15000,1440p
0.951125719980036,0.8993612397611257,18132.75787941432,15000,1440p
1.457902831750795,1.5467917536759093,11167.335330101396,8000,1080p
0.8779612534163002,1.0179518383790513,17698.296480576195,15000,1440p
1.17165605671177,1.6681666032772045,11815.678659360467,8000,1080p
1.5944072776836355,1.0955608574093132,12473.914304877284,8000,1080p
1.7298948311011562,1.8793684971450593,9296.753644269147,8000,1080p
0.976643674362826,1.1002477318465849,16156.083991527066,15000,1440p
1.0432570036978368,1.101034252139819,15648.262291165358,15000,1440p
1.417559556596785,0.9828433942131665,13978.666368776941,8000,1080p
0.9643054834319694,1.4386412219803661,13963.868580365455,8000,1080p
1.1409435772947853,0.7740138813867972,17522.285859604257,15000,1440p
0.7491746519383845,0.8726901802102768,20688.796831204967,15000,1440p
1.3845790297051774,1.0065770547121167,14032.72342557134,8000,1080p
0.7430138209850151,1.0296023854415517,18929.327103266583,15000,1440p
1.201815948036386,1.791685133199411,11209.092994931485,8000,1080p
0.7717573395619551,0.7895431381487102,21491.335254826066,15000,1440p
1.3262851060158287,1.1036259432714919,13808.913708936518,8000,1080p
1.6719215597847057,1.2583283143967565,11451.048013225532,8000,1080p
1.2163631517585487,1.0068445777227848,15092.801070743008,15000,1440p
1.332707357482975,1.3293647376188475,12604.629326808883,8000,1080p
0.7361759237812978,0.6313644661570078,24536.337096057363,15000,1440p
0.8475487314584517,1.0516739457353288,17667.45542949116,15000,1440p
0.9844462899560494,1.4758285573440242,13638.489226853218,8000,1080p
1.0285636396554432,0.8796084856965021,17584.593944223554,15000,1440p
0.8329401633982713,1.0460302068818383,17857.882450268673,15000,1440p
0.812312152363203,0.9384882145088999,19165.195892634383,15000,1440p
0.9801094104398181,0.9785214530156959,17131.575237613484,15000,1440p
0.977166657507277,1.0755952123303358,16345.993411624691,15000,1440p
1.2806107193813225,1.2354444681179346,13336.127190973988,8000,1080p
1.5437799193424226,1.54531172956334,10862.232595748936,8000,1080p
0.9073294589531158,1.2912294068719743,15262.012094184918,15000,1440p
1.4038037883275185,1.1884933284419057,12943.898977836403,8000,1080p
0.6726050000737033,0.6822983059362898,24765.18571558679,15000,1440p
1.5318388236479283,1.753848466201435,10212.302340414855,8000,1080p
0.7439522968573983,0.7730627623210974,22118.72044181989,15000,1440p
1.6667111664443364,1.4085826964632608,10910.967697986202,8000,1080p
0.6552179776216172,0.8425493907668549,22402.96638062225,15000,1440p
1.9109771249613012,2.3146365146935515,7940.724084452908,4000,720p
1.296082256960032,1.8833517888255424,10553.586429785297,8000,1080p
1.1329172191461452,0.9440460384188594,16155.525081044829,15000,1440p
1.1683791523109226,1.5562946940182096,12315.027005968746,8000,1080p
0.8042556300348067,0.7813709398645503,21161.623194879845,15000,1440p
1.1014619403681134,0.8116309894564175,17539.36334032535,15000,1440p
1.051073810086477,1.182882822196867,15020.180568905565,15000,1440p
2.1305699309483117,1.4594199684326883,9346.664737353602,8000,1080p
1.173070130697167,1.580696570092885,12184.92183465407,8000,1080p
0.9952249816544266,0.9140689498389117,17574.26211152082,15000,1440p
2.6125451966531283,2.2665746103123023,6877.148610308297,4000,720p
1.0965940324500356,1.1827136030823318,14721.32654535808,8000,1080p
0.9267969230129481,1.080553161382959,16715.784785541222,15000,1440p
1.644206730614232,1.3295753230806622,11283.420033525645,8000,1080p
1.1015223502664733,1.0048557178470072,15929.91899600061,15000,1440p
1.7250640711113419,1.6048539181668815,10076.654172276805,8000,1080p
0.6527591602247215,0.7674681504603106,23626.099672604778,15000,1440p
0.8013266455932168,0.8997762225113423,19725.104594872486,15000,1440p
1.348839375966275,1.8755657647114337,10406.394524277273,8000,1080p
1.1965057917451651,1.4539034549938958,12660.094678315734,8000,1080p
1.237099469944899,1.1629967173193332,13980.453024362858,8000,1080p
1.1431224715827544,0.8793542528216605,16590.762996237307,15000,1440p
1.6619801253483582,1.2722035365072233,11435.695875554065,8000,1080p
1.583695666554343,1.1573768138429275,12241.351602324969,8000,1080p
1.762295617158557,1.3007980216216608,10954.42580507007,8000,1080p
1.398613015226111,1.3108132333549845,12384.331190993733,8000,1080p
1.2217371919370896,0.834164696998472,16321.027856719724,15000,1440p
1.1630324008594242,1.0624486565294733,15077.383781180593,15000,1440p
0.698733534828039,0.9493138286326239,20360.11388018637,15000,1440p
1.0216052360150774,0.6871748772895463,19636.48320737348,15000,1440p
1.5633503927416845,1.2506772131377308,11923.98821173393,8000,1080p
2.029866806563733,1.48562299732896,9544.738819280676,8000,1080p
1.8293055301688435,1.530964732272811,9985.634898193734,8000,1080p
1.3982018873447484,1.1885341585870448,12971.726300706896,8000,1080p
1.6470408521158615,1.9693606390415521,9278.403430051969,8000,1080p
1.3983608485776116,1.206419905139024,12881.864222976465,8000,1080p
1.2165784842064886,1.4935819390491136,12380.976311244509,8000,1080p
1.3267653950845248,1.1242914500541852,13689.781233164786,8000,1080p
0.7078713145303039,1.0057741725008653,19580.731402112742,15000,1440p
1.1948227009353984,1.2791004911753414,13563.247277443368,8000,1080p
1.7358217395807753,1.945087803429412,9115.799127342787,8000,1080p
0.9687250577814178,0.7413916581192074,19621.135614903753,15000,1440p
0.9177344166789486,1.3120165330862372,15048.511136875444,15000,1440p
1.1460043798177175,1.447913822144219,12935.809608267818,8000,1080p
1.5440254067033303,1.4865033663374045,11072.137739953732,8000,1080p
1.507464743172293,1.0569886151182406,13084.438401471809,8000,1080p
1.1920106227106002,0.8944685075483862,16081.844056515927,15000,1440p
0.8209678821519987,1.038386836328034,18046.27791916421,15000,1440p
2.16703344679249,1.5256025125889825,9086.850794146647,8000,1080p
0.7853893490565234,0.8949750349910557,19968.545107565144,15000,1440p
0.8764621895532987,0.8462239406757481,19477.971878451608,15000,1440p
1.3873885800512207,1.0156669258892836,13963.236353488854,8000,1080p
0.7321360186956315,0.8392583667848091,21353.28489782087,15000,1440p
1.4259698136662233,0.9679578888408706,14016.476756946075,8000,1080p
1.0583932499485507,1.5371680778231374,12927.620565531684,8000,1080p
1.0627363791782956,0.9909197584322444,16338.875523261206,15000,1440p
1.6401366490283913,1.4477314372357524,10866.536737518414,8000,1080p
1.953745961813955,1.8262556896280466,8876.829984240774,8000,1080p
1.0238833969677952,0.8021062713808522,18376.02511209458,15000,1440p
1.0934425107743864,0.7757967881085177,17950.848786483795,15000,1440p
1.1849083353956373,1.1644958816808046,14282.102567158307,8000,1080p
1.0845614493567337,1.2719478347795727,14239.040866880425,8000,1080p
1.6993777654310627,2.0749840859140947,8890.094093135618,8000,1080p
1.1240617664638153,0.8509032285455103,16989.88695232118,15000,1440p
0.7163827106788534,0.9999972555626955,19549.536035121626,15000,1440p
1.7111212995799905,1.868116406597966,9374.74254422478,8000,1080p
1.005226921757131,0.7331342463313884,19302.3363705806,15000,1440p
1.1697876981781992,1.1710651485079215,14334.276521269614,8000,1080p
1.2882375053411528,1.7775632383881568,10944.753036749422,8000,1080p
0.96137049097382,1.1064571604287106,16226.899750199818,15000,1440p
0.6953180565946585,0.8279596291515726,22027.784109213273,15000,1440p
1.9777929694111542,1.7262185128447192,9058.943839872809,8000,1080p
1.1518047792716013,1.2630658525597989,13894.919072560357,8000,1080p
0.925671328376125,1.3354216098850795,14839.917206500844,8000,1080p
0.9173739063085702,1.031422723676973,17218.026490659988,15000,1440p
1.0371910020774768,0.8927999620527534,17385.7974589646,15000,1440p
1.3095817773231933,1.2680828477646482,13017.376920729763,8000,1080p
2.7668735309147046,2.0165049991384354,7014.797551392454,4000,720p
1.0997623699213523,0.9547937831729003,16331.718142366437,15000,1440p
0.9997096182334166,1.459313006893641,13645.43443282318,8000,1080p
1.6714694570338888,1.5128550823007354,10537.378205492621,8000,1080p
0.8022922212706831,0.7174489384889116,22079.04404280787,15000,1440p
0.8771763961728568,1.2419635599519125,15833.985812508745,15000,1440p
1.0794549187051083,1.261197753638917,14335.502399165109,8000,1080p
2.018385887120192,1.6467877273815996,9154.936581240521,8000,1080p
0.7516326290607027,0.7248119143808964,22726.510216079274,15000,1440p
2.0803422660497537,2.791655740529057,6887.201504329519,4000,720p
0.9606524441542424,1.1290795701009109,16056.811003089248,15000,1440p
1.5145166053311805,1.6950023901007187,10454.66066652291,8000,1080p
1.59972160313241,1.8303311020331194,9782.482919130747,8000,1080p
1.1124803229120046,1.5411119179537607,12644.90884592445,8000,1080p
1.8804769827281054,2.2102586841265093,8202.542215542408,8000,1080p
0.9729269783995284,1.4327503080648518,13948.018792377134,8000,1080p
1.11991150695447,0.9221110971928201,16431.959142789063,15000,1440p
1.1200251386137168,0.7700308913092131,17753.141424790585,15000,1440p
2.4566633475238375,1.668105115384574,8134.864369172486,8000,1080p
1.730967296976311,1.392906087502287,10741.290657527892,8000,1080p
2.2131547961305715,1.9688088416663758,8023.606828316764,8000,1080p
1.5257903784460143,1.1392249434916888,12590.708850260173,8000,1080p
1.1082437851702496,1.0324125694695905,15674.833528170591,15000,1440p
1.6515837316544781,1.726440470195777,9933.153226558037,8000,1080p
0.6618405356851249,0.8290662440493624,22506.056351810035,15000,1440p
0.7365265600119042,0.7681850817246676,22299.576257199144,15000,1440p
1.1503336477793575,1.078092263177941,15057.459094785663,15000,1440p
1.139329514967637,1.6820144121756915,11893.066873975406,8000,1080p
0.9725522707322412,1.1641396551056638,15703.916692080733,15000,1440p
1.5126471722722283,1.273743175718948,12042.258194079224,8000,1080p
1.2056938575388458,1.661826263397061,11701.550672658728,8000,1080p
2.2968552659764216,1.6318752180169178,8540.782356211354,8000,1080p
1.6526084772428862,1.5573384685785487,10453.266850307185,8000,1080p
1.103578305427909,1.5108110600984892,12834.519770640183,8000,1080p
1.0376611283619959,0.9555190149809245,16834.62085053848,15000,1440p
1.1032475565103328,1.2856179906370986,14046.178546995952,8000,1080p
1.3577433257977691,1.1867839814463281,13186.90190687787,8000,1080p
0.6552241197496838,0.974299114901169,20591.564014850937,15000,1440p
1.7798016375322492,1.4255192884877212,10468.353333238416,8000,1080p
0.8505240138577176,1.001013226485214,18122.472110679893,15000,1440p
1.6099054450124919,1.2269796280950207,11827.913762909193,8000,1080p
0.8003680440283598,1.1189058041431756,17482.878762698103,15000,1440p
0.9513473033839188,1.0901448867640202,16436.228442083062,15000,1440p
1.1157638974646809,1.6030788218706593,12341.439157687966,8000,1080p
0.6825861546715803,0.7941528748326294,22721.978175971508,15000,1440p
1.3640793117984868,1.2063801404188843,13053.865514608578,8000,1080p
0.6573626954594244,0.8940541828321827,21628.249936889657,15000,1440p
1.279254412447444,1.4141841804715867,12457.841841359812,8000,1080p
0.9625003820023784,0.6418119638228094,20915.14915241837,15000,1440p
1.2917118545173552,1.5580036740710146,11774.660194458591,8000,1080p
1.0372832918172623,1.435064849111507,13571.887973428713,8000,1080p
1.1005179182285316,0.9656499907766054,16239.93473800322,15000,1440p
1.0123602085725476,1.3271572968632495,14342.458187227625,8000,1080p
1.6482364558752496,1.222948461668129,11686.61474744357,8000,1080p
1.3627742872870081,0.9562127977298387,14469.434615137685,8000,1080p
1.2955667592529125,1.3470590315554354,12697.383078871753,8000,1080p
0.8499148625027654,0.7050380444511662,21579.066381972498,15000,1440p
1.4847000657093026,1.6715169976485926,10631.218109030018,8000,1080p
1.539501248131493,1.661463721149161,10482.598941887396,8000,1080p
1.733300433315114,1.4801319185689923,10441.928855395476,8000,1080p
1.102803474985403,0.875548150580407,16960.80290600687,15000,1440p
1.0948961904371404,1.0612909106847555,15561.92965932369,15000,1440p
0.8592437999895708,1.0465540562127054,17606.501072923144,15000,1440p
1.6144756388929062,1.248881453296494,11718.563532131222,8000,1080p
1.2864393009750323,1.0267651910117352,14505.605585773668,8000,1080p
1.3037212522162158,1.2075484773831087,13361.54042097009,8000,1080p
1.3974374476611007,0.9339749926700942,14392.31918794829,8000,1080p
1.1230416008131419,0.9422801517722144,16246.588192855075,15000,1440p
0.9387388721391293,0.9649520723582833,17625.98708418955,15000,1440p
1.098523955962334,1.1198568981073944,15125.640819718918,15000,1440p
1.230871463997605,1.5764457775834713,11952.490264727687,8000,1080p
0.9944151517964296,1.3811762100595693,14124.6649313393,8000,1080p
1.090695171308159,0.8699290601675764,17114.157553150322,15000,1440p
2.005468426302592,1.3758897269260153,9923.359336532088,8000,1080p
1.142774489347665,1.27258591163543,13892.10156229387,8000,1080p
1.3164458909347465,1.7969655564495943,10777.384411620238,8000,1080p
0.9460282851397694,1.3814938934968188,14416.374764538423,8000,1080p
0.7028603624433684,0.9414965399766112,20405.808465679416,15000,1440p
0.6806272685801606,1.0005846769736966,19958.47822086813,15000,1440p
1.5694506240800299,1.0756224998391624,12685.634925012038,8000,1080p
1.8090338496468983,1.8948494725842397,9059.257293177245,8000,1080p
1.5668230376554846,1.426347840637894,11210.329568331155,8000,1080p
2.620504413909414,2.017617060569166,7234.487536524085,4000,720p
1.5491599762359225,1.2040830930403368,12187.23925048158,8000,1080p
1.2390801119207426,1.7359011921295078,11278.871552677574,8000,1080p
1.6403853979970862,2.4268804054956252,8249.8743925675,8000,1080p
1.0432444812218062,1.5509745353461077,12934.30962679152,8000,1080p
1.1151805182986843,1.401801259217825,13331.217690859865,8000,1080p
0.9152927971608399,0.9192366806254318,18290.483966760872,15000,1440p
1.1668978812551027,0.9200028172146961,16078.595414052754,15000,1440p
1.5010298725135194,1.4222493107793086,11478.353553013625,8000,1080p
1.3480440294397533,1.212696090226782,13103.411682544938,8000,1080p
1.1906237856759259,1.4913992857690277,12510.866277493422,8000,1080p
1.292149654396422,1.592295889849656,11632.888014452114,8000,1080p
0.9822219528180214,1.1100990187675008,16036.942923997494,15000,1440p
1.0745269911098847,1.4944959920505345,13061.164582778953,8000,1080p
1.1769488753094997,1.0248996112233686,15239.21023868284,15000,1440p
2.3730919986165873,2.0877255094269582,7522.036474143171,4000,720p
0.7306270073678579,1.0530190742042658,18812.27018446663,15000,1440p
0.8923855631486324,1.0902122968580843,16924.477059551715,15000,1440p
0.7330878232488832,0.9103054345432614,20417.773920454983,15000,1440p
1.2766128021666372,0.8828383252978607,15538.407687604242,15000,1440p
1.2259505437586482,1.462876903980616,12479.206141774619,8000,1080p
1.1354083084748112,0.9858635280861103,15818.072640043905,15000,1440p
1.2436533033428965,1.0339190342143507,14732.542824957192,8000,1080p
1.946769448935012,1.6598024884856404,9303.691311921384,8000,1080p
1.9659457911616107,1.473778133934325,9754.978228104208,8000,1080p
0.7590865831873855,1.0815663573369574,18229.63539799166,15000,1440p
1.16821592621332,0.9495296553929149,15844.411288796151,15000,1440p
1.005114275516307,1.0107603418127415,16645.09871375743,15000,1440p
1.6858355668066283,1.4113459638622197,10833.860291280309,8000,1080p
2.556895098856499,2.6021654143032817,6503.9810861704445,4000,720p
1.7610380658457534,1.3562953083162212,10763.825350896375,8000,1080p
0.8486787358503726,0.9587464274081986,18564.769752073924,15000,1440p
1.6662843365016096,1.3288960703911303,11202.80832592987,8000,1080p
1.578926580636341,1.5657389504285264,10670.270548180548,8000,1080p
0.9399448115808652,1.1396624008307787,16134.985395193045,15000,1440p
0.9648724337765917,0.9965297715428183,17107.369365140352,15000,1440p
1.2128919220943803,1.1590120987249835,14146.62301065992,8000,1080p
1.2426828332808721,1.5020745979159016,12224.91707960129,8000,1080p
1.596628413928336,1.3967929617391013,11209.391458467297,8000,1080p
1.9481831700905419,1.3646994294191281,10128.469993161332,8000,1080p
0.7074806974907349,0.7416366307077523,23155.08299228895,15000,1440p
1.659323446362882,1.39840631940133,10973.642071216129,8000,1080p
0.7045532478497301,0.9148805527240869,20719.854055232514,15000,1440p
1.7310824736109842,1.6190023493281862,10015.994750413896,8000,1080p
1.0647563697697817,0.9544533413571152,16617.606291757416,15000,1440p
1.722015554765982,1.1538993496674297,11667.39389551257,8000,1080p
1.1755866094552092,0.8818811110610427,16308.606772008383,15000,1440p
1.7961784865466757,1.583923058026044,9927.04850949726,8000,1080p
1.5130063659221777,1.1116824433038301,12784.156309141592,8000,1080p
1.0548902836566294,1.1832004825414841,14992.435743345448,8000,1080p
0.9238593251952663,1.3524222046249694,14740.897187111072,8000,1080p
1.0520858930420651,1.1058036480848603,15549.652269261522,15000,1440p
1.3574431119335317,1.23953484759617,12920.56864667289,8000,1080p
1.2293172010442364,1.3400014036645436,13059.6617867885,8000,1080p
1.397917830375763,1.077767287305901,13553.594421338117,8000,1080p
1.0748002730265453,1.3404881410971987,13892.51561171149,8000,1080p
1.1457915879664424,1.048659724821196,15290.579382859669,15000,1440p
0.9342950011820369,0.8210142485173607,19115.966036039692,15000,1440p
1.1545219973021774,1.6158571601029832,12111.855487473535,8000,1080p
1.18816639561947,1.7561531641885284,11396.328190065115,8000,1080p
1.456501614591995,1.3577230170884347,11923.153405122455,8000,1080p
0.7670799281512755,0.9591046348825505,19438.496160009094,15000,1440p
1.2078436944149977,0.8087602122087889,16639.07914181178,15000,1440p
1.3222799732285593,0.9428044742205233,14813.76645263213,8000,1080p
1.1582719805028727,1.4043491195641238,13093.793693934214,8000,1080p
0.7142166442582942,0.5271984682530628,27029.17957243172,15000,1440p
1.1698905474322747,1.009147397360553,15398.736896796074,15000,1440p
1.3453650032050068,1.290701441206725,12728.978084423079,8000,1080p
1.2265669288380168,0.8187447277905222,16405.535015289857,15000,1440p
1.7017575710302117,1.1668757265288092,11697.009871757451,8000,1080p
1.65415735374048,1.2521108850980547,11545.538554077082,8000,1080p
1.0544313273014592,1.118996002648185,15438.488113967636,15000,1440p
1.48053611103402,1.2655017868475689,12219.216648788904,8000,1080p
1.0307829565873756,1.4918756891071026,13301.217767718468,8000,1080p
2.0691135710708464,1.5394200633889263,9298.633572255278,8000,1080p
1.3004303110636282,0.9579464718586226,14857.765211605605,8000,1080p
0.9298103575466465,0.8498777090735306,18854.10855382289,15000,1440p
1.7342018775450834,1.270566183535538,11167.062255025645,8000,1080p
0.8958234339213256,1.064837322580158,17113.838734587134,15000,1440p
0.8793831765910785,1.0542380495008563,17353.156630276175,15000,1440p
1.7185935679448028,1.1894432695943877,11538.516832680185,8000,1080p
1.7649392202150513,1.3959222130024982,10615.597269584763,8000,1080p
2.1703925640280097,1.5934044941754695,8915.048149810731,8000,1080p
0.9192515517925796,0.9961439978580585,17518.278146840334,15000,1440p
0.8304309717974333,0.9524147286319348,18820.7156636825,15000,1440p
1.0518202140122852,1.5013384012454456,13142.321749803554,8000,1080p
0.8669573493906874,0.9837206066625405,18130.88651661388,15000,1440p
1.0721281858271334,1.3570995988598966,13812.79771765948,8000,1080p
1.3667456006949463,1.3723345484622287,12250.255623343048,8000,1080p
1.6021236079828736,1.6759381355094045,10236.058569248557,8000,1080p
1.1298976019286688,0.9626611021495886,16035.120990682195,15000,1440p
1.0643134465568573,1.247325794648314,14515.427581384378,8000,1080p
0.7529693724375239,1.1000590926103853,18107.88805078203,15000,1440p
1.447950655505681,1.5174893097723081,11315.161457620172,8000,1080p
2.194558146471537,1.4721336885420482,9151.145912941354,8000,1080p
1.6941342501304346,1.238385615264578,11442.184039725233,8000,1080p
1.0769500915750214,1.3160576369678978,14021.865286841756,8000,1080p
0.7528636607009352,0.8589422521872386,20817.91097283807,15000,1440p
0.893133750460353,0.8688027506575559,19044.064288758687,15000,1440p
1.5071670605594754,1.074532644158375,12997.0313505796,8000,1080p
1.6775464450184225,2.2735499056094555,8492.43577536847,8000,1080p
0.9374931390505155,0.6999071902226004,20492.503513111955,15000,1440p
1.0781774912536415,0.8103216929713088,17767.776804082077,15000,1440p
0.7047135703767453,0.7878136705647827,22481.621158775582,15000,1440p
0.6088114406217973,0.8818464861549427,22509.81355095665,15000,1440p
1.8426695254544891,1.2786279560987066,10750.155087205243,8000,1080p
0.7249329562492492,0.8715450310883652,21017.785566813513,15000,1440p
1.1991741136770433,1.053724684891826,14893.892269512997,8000,1080p
1.9360272541114985,1.561196364819328,9594.591497771677,8000,1080p
1.5681769875569531,1.7752794815407105,10035.85131439014,8000,1080p
1.9415485256670506,1.3407820005567588,10222.746226170902,8000,1080p
1.286601205518937,1.358463114144488,12685.677149911304,8000,1080p
2.037296132838553,1.792202626057628,8762.095018845695,8000,1080p
2.325295356213428,1.970756540674727,7810.527620559042,4000,720p
1.8051432730696781,1.7178122866040981,9524.511857057634,8000,1080p
1.4075964775968324,1.8993423983065074,10146.674389569449,8000,1080p
1.0065430935722208,0.7009821954748163,19650.91364399446,15000,1440p
1.572877546988202,1.9045821475886449,9649.121757565923,8000,1080p
1.3234317586195756,1.6248827654345208,11380.886172843184,8000,1080p
0.901265285868454,0.9160436747239509,18463.801548120882,15000,1440p
0.9284989728799349,0.7707111070878272,19747.07683033319,15000,1440p
1.0850791979228736,1.5518066734684481,12725.022483546243,8000,1080p
1.6848229163670145,1.6004079446363428,10213.721172018939,8000,1080p
1.3733510837664096,1.55595962443307,11454.719332461818,8000,1080p
0.9215638261427416,1.102370242345362,16578.816732437066,15000,1440p
1.748767387685714,1.2379728029594148,11234.466293752965,8000,1080p
0.9025979962504678,1.2747620632224772,15410.603245896886,15000,1440p
1.2981303226400223,0.8760957191761616,15432.81671484864,15000,1440p
1.0345259509629308,1.2372501424472884,14770.13165924755,8000,1080p
1.4856368290938695,1.1776835123456824,12598.721782699067,8000,1080p
1.0317760434108287,0.7113615807499627,19249.44510113153,15000,1440p
1.3821405466546253,1.8964558076692817,10234.389468452697,8000,1080p
1.047728087258313,1.040976873764983,16064.706421514435,15000,1440p
1.1460037523187103,1.4518840970591849,12916.043318819608,8000,1080p
1.1658579527784718,1.3839383434324548,13159.65202783567,8000,1080p
0.684016720979544,0.7270163572217798,23780.046349283748,15000,1440p
1.4760204382570927,1.3647013860704427,11811.938681445205,8000,1080p
1.0264362900567807,0.9989365010953204,16567.03997732343,15000,1440p
1.107340352781866,1.0713105867105501,15401.472255953742,15000,1440p
1.6108436510138573,1.2504261065995317,11727.112381038849,8000,1080p
1.6793266306207963,1.5872587120308157,10272.020621008049,8000,1080p
1.6368763556253811,1.1651028129204732,11975.261050000514,8000,1080p
1.2026642774570622,1.002740433024346,15214.636951000051,15000,1440p
1.2531720847467986,1.760363756336027,11134.572067323812,8000,1080p
0.9164572089934017,0.7225430974167203,20472.498918254492,15000,1440p
1.0848444332062273,1.0191503124196495,15947.963781638884,15000,1440p
1.1431903609368395,1.1633844648979197,14547.298281492564,8000,1080p
1.1435527870594295,1.5389038444630423,12508.844171305629,8000,1080p
1.0255934840219196,1.1078153092264573,15728.083668816822,15000,1440p
1.0982175421559506,1.3174830360210221,13890.145286682058,8000,1080p
1.1132702785559454,0.8146599466256692,17404.38090638841,15000,1440p
1.553195814234995,1.3942391070183375,11384.282569920731,8000,1080p
1.1548989225106459,1.022678162956784,15409.06736387582,15000,1440p
2.064102479104071,1.4297119915099623,9603.953582029459,8000,1080p
1.610069000015807,1.613037917718422,10410.586076240996,8000,1080p
0.8256512267762008,1.1564695107784113,16928.5510031023,15000,1440p
0.709369774693351,0.9529911512119765,20184.805523942487,15000,1440p
0.879464704152757,1.020582403407026,17659.78952126809,15000,1440p
0.6884495314542144,0.6345609399554485,25362.181725022838,15000,1440p
1.1184663753893402,1.1678964544504447,14675.899888711583,8000,1080p
0.675570864950237,0.6101685699555544,26097.38107819536,15000,1440p
1.0236272323675355,1.2075635373738252,15038.800112950283,15000,1440p
1.256224997150181,1.736012931646695,11213.824835611123,8000,1080p
1.2835595066731733,1.3801445726635737,12596.906788668108,8000,1080p
1.0039861980170905,0.7298938443786569,19352.222287325574,15000,1440p
1.0535714565846863,1.523054913620188,13022.622289366696,8000,1080p
1.1633234382843967,1.1116878056383779,14749.127983272072,8000,1080p
2.6182404901178806,1.7876262757936825,7615.8526307723405,4000,720p
1.4866528772077074,2.0208862832232546,9566.374162983615,8000,1080p
1.2196504288398282,1.6420387190740522,11725.39373274018,8000,1080p
0.6988917069317333,1.0155408484410757,19571.74220405741,15000,1440p
1.444497654386133,1.0520922936323203,13440.10538319767,8000,1080p
1.1451974049592049,0.8797202130355415,16570.764016181845,15000,1440p
1.067325663322776,1.2691189348374967,14361.321482401474,8000,1080p
1.0508618326737342,1.4502757306442544,13415.668331128083,8000,1080p
0.8105057503869498,0.7788750371917198,21111.63810600621,15000,1440p
2.1215014132409777,1.9294934967033486,8283.010160696831,8000,1080p
1.128384674859314,1.4845449452529949,12841.689933675965,8000,1080p
0.796482320572319,1.0118831798237897,18555.116204467602,15000,1440p
1.43707006913132,1.2944354449393622,12284.226345929947,8000,1080p
1.0733013351586214,0.8780314296246712,17195.648331014636,15000,1440p
0.9078843121268795,1.2611470446675646,15469.777278641668,15000,1440p
1.0486196558217717,0.8895424201250604,17312.500546997842,15000,1440p
1.341883992113893,0.9168884878239614,14855.162393745468,8000,1080p
0.7129508770715438,0.8319088124694443,21720.05148892827,15000,1440p
0.8620371709001031,1.2463540884450304,15914.708359406693,15000,1440p
0.921318939025937,0.8665492741615973,18767.844157918582,15000,1440p
1.0188665984922227,1.3050577854781047,14438.693544182217,8000,1080p
2.5954428464222556,2.099607876384104,7146.766665801558,4000,720p
1.4465878364433737,1.284864590616062,12284.46509541565,8000,1080p
0.6027090324202515,0.8820610991259195,22599.07529595707,15000,1440p
0.9539713323990012,0.7491055676876305,19702.24127770928,15000,1440p
0.9997771404874782,1.1156959868626635,15861.431452939583,15000,1440p
1.436533634568779,0.9995912256963144,13773.691384746464,8000,1080p
1.32550338914692,0.9174189687701553,14960.139784402008,8000,1080p
1.400300988016768,1.4278187273428817,11864.5727116021,8000,1080p
0.7966794442923106,1.0817508252494008,17863.017086168664,15000,1440p
1.4358150298533463,1.0038406773904995,13753.757097925703,8000,1080p
1.7659772757266277,2.170195922260174,8524.633015935828,8000,1080p
1.7824999908275725,1.6155741433089075,9874.543837321802,8000,1080p
1.1539166016321902,0.8064069514858028,17116.782556955965,15000,1440p
1.1254721660483582,0.9160135854450167,16436.280280405816,15000,1440p
1.0787273970263889,1.2792889207900369,14229.940542172386,8000,1080p
1.2422202177391368,1.1365528119339554,14105.77284231749,8000,1080p
0.8811858515062245,0.8561824243822092,19313.367502834917,15000,1440p
1.075739523065056,0.8228267289424644,17673.56391409568,15000,1440p
1.7456468552696605,1.5776134025218223,10096.841474070723,8000,1080p
1.4928797016933986,1.5882066098523715,10890.455056147342,8000,1080p
1.2572385002111637,1.7874097446819603,11020.791008052181,8000,1080p
1.126481854417121,1.4171210383536528,13191.694385694303,8000,1080p
1.2493823185055914,1.1671106523887769,13885.590566225055,8000,1080p
0.7341101876518213,0.8568078924059598,21091.238084855588,15000,1440p
1.080314948326528,1.2358485439696265,14487.074039292209,8000,1080p
0.9426881515910591,0.7327113865482665,20027.71949983051,15000,1440p
1.2430610893899086,1.2199398545634772,13623.393885566875,8000,1080p
0.7782573478688978,0.9149121539040906,19817.526812799162,15000,1440p
1.045860382349762,0.783644923386108,18340.7131396668,15000,1440p
1.0833954618090302,0.9846297180369017,16225.349829879638,15000,1440p
0.9846116380520901,1.045148345258716,16531.231414498725,15000,1440p
1.6746469627640255,1.3900525912007016,10948.685640845755,8000,1080p
1.5557602454761035,2.2293678249501463,8864.80757736194,8000,1080p
1.1229317705518473,1.3628648911365604,13498.462089497334,8000,1080p
0.9611172760966167,0.8767422866363754,18257.342770033432,15000,1440p
1.4435711865255652,1.3828886594315586,11871.540311458932,8000,1080p
1.730463789713044,1.2076438089759451,11420.42313731883,8000,1080p
1.057458902353449,1.3027636560835403,14216.638969089745,8000,1080p
0.8809066412788377,1.2440542372288226,15790.61164813771,15000,1440p
1.1305293942675172,1.4351472079409653,13078.200101726392,8000,1080p
1.3482872705301017,1.1348182175941093,13513.091634841381,8000,1080p
1.461908394815723,1.3299235372495164,12018.786523148021,8000,1080p
0.8239567499949175,1.0095527397684534,18300.65902976617,15000,1440p
1.301077413169279,1.1047380257395338,13947.217836135853,8000,1080p
0.8963499652181992,0.6863751857885487,21200.416243247622,15000,1440p
0.7385126248875683,0.941117857674756,19977.27020815421,15000,1440p
1.2292243781515393,0.9485935740236449,15407.36312072648,15000,1440p
1.3495359293495597,1.0922788315905494,13741.596019790379,8000,1080p
1.0015367846025371,0.9538403358839032,17160.08213886263,15000,1440p
1.4287498035718584,1.2988559322471656,12301.789646268118,8000,1080p
0.8167050133040016,1.067735428533151,17806.04536765703,15000,1440p
1.3329179300427518,1.5659304495146134,11575.090383003591,8000,1080p
2.129523706734637,2.267127578763147,7631.8156299268585,4000,720p
1.431684579368658,1.1590299812312572,12951.805849359962,8000,1080p
0.9252431577287071,0.949788866558947,17895.39142017999,15000,1440p
1.1537067006345756,1.2998627981543465,13675.761789736307,8000,1080p
2.5091873564376868,1.6823110793588847,8005.354770846565,8000,1080p
1.043449547793465,1.191393393594924,15014.223764267934,15000,1440p
1.7217488406894332,1.5312365232273863,10314.965561233925,8000,1080p
1.1530424387963878,0.7869266231622172,17296.374802041035,15000,1440p
1.4564214653489507,2.032146382539206,9618.397423548047,8000,1080p
0.9799002134224047,0.7430687784262809,19474.77415945673,15000,1440p
2.0952170951006392,1.4872239896107788,9366.35975486055,8000,1080p
1.2306121190581445,1.225961718705579,13659.036616031613,8000,1080p
0.9484145969523616,1.1949113041718384,15655.310273813377,15000,1440p
0.795143555315269,1.0871362501387043,17826.48461869209,15000,1440p
0.9740717820694358,1.1368111640537575,15895.92263352424,15000,1440p
1.6170289592735179,1.1148683940343198,12282.464404957089,8000,1080p
1.7615562187819254,2.0767686775094543,8741.946788407766,8000,1080p
1.3957810235757884,1.7545997498139707,10650.91314784021,8000,1080p
1.1402556781306068,1.0462843846716756,15345.90313291422,15000,1440p
1.225982882400781,0.8214703459321102,16388.375341458326,15000,1440p
1.280907917034299,1.106346193004738,14055.659956304908,8000,1080p
0.9326150828282176,1.2199606413514157,15588.037913410877,15000,1440p
0.9977458413406245,1.025015411342474,16588.42928471742,15000,1440p
1.0741484194712412,1.1834466501537964,14862.909851044737,8000,1080p
1.28481790321915,1.5198462083963626,11963.796969852598,8000,1080p
0.7552903859985779,1.0185178199260814,18916.60659135838,15000,1440p
0.6967476204674389,0.9197255248033275,20757.803554094604,15000,1440p
1.2233600889051535,1.0554101400539917,14724.798302866357,8000,1080p
1.6199312443706484,1.8557424035714054,9654.080157919192,8000,1080p
1.5423744681273601,2.200995367108802,8963.696743013134,8000,1080p
1.1488673956200655,1.5236802162477325,12555.22328245796,8000,1080p
0.922062173360944,0.7122878643093069,20530.749978034997,15000,1440p
1.3613874260407013,1.0619345205318445,13846.46066011085,8000,1080p
1.482883118688808,1.2287274230480432,12374.355197228133,8000,1080p
1.6427367680142935,1.4100722918184851,10991.330064330321,8000,1080p
1.0333409956966502,1.041973151951588,16168.362769571122,15000,1440p
0.8993492496789317,0.731821707037708,20570.76351306624,15000,1440p
1.4917771121862897,1.2212536430269452,12367.877487390568,8000,1080p
1.6302590220176305,2.358580764336727,8412.078147332017,8000,1080p
0.9640011539969907,0.837723369734947,18623.50850977941,15000,1440p
0.7593836555159397,0.7986467777202317,21536.441961730092,15000,1440p
0.9054748175048429,1.238902524996449,15647.634087040251,15000,1440p
1.5478629611373824,1.5413898321617059,10861.665990165346,8000,1080p
1.2675800341209498,1.4106488935356523,12528.58993997928,8000,1080p
1.1242746577127343,0.8964476560357224,16605.16725712612,15000,1440p
1.7320502414729129,1.7270596736244301,9700.308120754164,8000,1080p
1.156903823268129,1.487871546032523,12687.063101647333,8000,1080p
1.5876627141458712,1.4470907087750962,11056.72432777213,8000,1080p
0.696092964471034,0.9093969611495313,20899.808503644337,15000,1440p
1.4659670546279726,1.291143115768789,12170.145524207093,8000,1080p
0.7477296757702498,0.6014015650650801,24871.140022837506,15000,1440p
1.370904198291252,1.8103597534055245,10547.515864599422,8000,1080p
1.8222347118224123,1.369363670303976,10513.362892997993,8000,1080p
1.6281577302105588,1.656775403949683,10214.646883087265,8000,1080p
1.7667764376842265,1.36339182747432,10719.689536658321,8000,1080p
0.854310393107493,1.2277367823332952,16116.07671324557,15000,1440p
1.5408539088425206,1.2962382183529146,11827.050548820116,8000,1080p
1.2839558590447497,1.2238273471407863,13380.116717121642,8000,1080p
1.2622499337157842,0.9887531134989687,14906.435618342724,8000,1080p
1.0059415256571134,0.908869805659756,17523.623059470658,15000,1440p
0.6628800382359237,0.931122142385705,21050.43042470271,15000,1440p
1.2541383419668743,1.1238209054008002,14110.600102648392,8000,1080p
1.1851934926812662,0.8159341452691711,16767.762017602527,15000,1440p
0.8953497157584532,0.7309956128673264,20631.800275992206,15000,1440p
1.7298805951938436,1.767548305310124,9594.028343268084,8000,1080p
0.8986145619184253,1.1287514124001854,16550.752269223372,15000,1440p
0.9158549155814695,0.8592952640077902,18902.306061656112,15000,1440p
1.6122993219827597,2.0223287647825057,9231.874953638699,8000,1080p
1.4508602956368586,1.8082040560926296,10295.72551465382,8000,1080p
1.2822356050168244,1.1903632025903186,13570.512085004319,8000,1080p
0.9019950276735671,0.9035733433360555,18583.861203349123,15000,1440p
1.2083071041932991,1.1963197657166027,13954.111725141473,8000,1080p
0.866410518918874,1.02390275315801,17750.725499130524,15000,1440p
0.5724361564496161,0.6954483638967592,26464.896022891116,15000,1440p
1.4970054427724306,1.6023359463503628,10826.310427679899,8000,1080p
1.290069492851051,1.8156203950371244,10804.179815524509,8000,1080p
1.0373408336323422,1.4415624301721905,13535.998959677776,8000,1080p
1.4731899881827784,1.148563671938763,12798.468639667868,8000,1080p
1.1532665841706282,1.2797403007822212,13791.342806105651,8000,1080p
1.1960691590292194,1.7598354963272655,11351.662489923345,8000,1080p
0.6180948497325885,0.8960580170997864,22160.531301041126,15000,1440p
1.0239093293353272,0.771285983586363,18691.243096769216,15000,1440p
0.8638278626536955,0.9317825905710395,18686.92173168163,15000,1440p
1.8079817069150148,2.0849363345777974,8619.352280823494,8000,1080p
0.713615832953057,0.874846376313838,21123.846575793574,15000,1440p
1.676153107060329,1.1838874754345052,11732.152405589371,8000,1080p
1.1587324430228492,1.3109711269892825,13586.420818849598,8000,1080p
0.9893566314768677,1.4298466455722063,13870.034121700366,8000,1080p
1.334000532654972,0.9166851632576754,14908.537456356722,8000,1080p
1.2124103761690572,1.3145681313616577,13278.479377645499,8000,1080p
1.6680859390684408,2.4889091978989835,8071.799676070428,8000,1080p
1.7071683736565229,1.3785271930851652,10874.18744793139,8000,1080p
1.5471419191078104,1.2189216667068867,12130.752225682154,8000,1080p
1.6574101032644275,1.4093415905661397,10941.35924584373,8000,1080p
1.301750366603464,1.201125225641315,13406.352318896403,8000,1080p
0.7298046696807228,0.9504546834934808,19969.793315901985,15000,1440p
0.8313619723502266,1.0407322406048733,17923.474025932886,15000,1440p
0.8282931171767318,0.7207944080277677,21660.772199150193,15000,1440p
1.3211938436706994,1.1141578412365052,13778.064255749798,8000,1080p
0.656570769282331,0.7255286844918887,24277.870820634493,15000,1440p
2.027694786596049,2.069828303399932,8188.95495230337,8000,1080p
1.2405589897808005,0.9718791323147293,15166.269133085914,15000,1440p
0.8953713099429672,1.1199520664035463,16649.651561542087,15000,1440p
1.0256908243452283,0.738555299738884,19019.133182122983,15000,1440p
0.8934541624239986,0.9959890995243771,17758.898970799997,15000,1440p
1.5164544243266032,1.3519606887188704,11697.899598769844,8000,1080p
0.9209474079373502,1.3212819554024477,14964.76343973157,8000,1080p
0.7070059171073937,0.6591154893796842,24561.822866302762,15000,1440p
1.4138513253303018,1.539064669468582,11363.15156242205,8000,1080p
1.2437908769058283,1.2579559188587492,13412.401309679775,8000,1080p
0.9878277272579884,1.071534918072544,16293.600389461488,15000,1440p
1.2555486814037111,1.2968828306434494,13146.065562044363,8000,1080p
0.8407937164223883,0.9377988541377066,18865.72144481263,15000,1440p
1.0311417828116043,1.1175596480089216,15616.144485549372,15000,1440p
0.8736849299500729,0.9625454879249846,18273.541094494136,15000,1440p
2.2950428966820695,1.5434166795241353,8741.640059985728,8000,1080p
1.7629532349194845,1.175534925076416,11418.94408723662,8000,1080p
0.8265746651507432,0.9907441413783716,18463.701514257365,15000,1440p
1.7782720560094112,1.2133037905510746,11216.30662935678,8000,1080p
1.0397021914907234,0.7899096629462801,18339.645055658628,15000,1440p
0.9633179513863701,0.9627045929037763,17421.619544109126,15000,1440p
1.3851554573221778,1.454242400981794,11817.446400428971,8000,1080p
1.6245661411975856,1.3621234618993763,11234.656579380295,8000,1080p
0.6234036109204106,0.6390294110981918,26579.177995793554,15000,1440p
1.2089587708966831,1.074579476320957,14694.05298592399,8000,1080p
1.4218501471053588,1.0449163043097542,13602.59783845803,8000,1080p
1.1641553904409154,1.0136886394036935,15407.178631793086,15000,1440p
0.9714819678922054,0.8172706209737671,18758.565163711504,15000,1440p
0.7844783534291653,0.7083006277417352,22477.829888575132,15000,1440p
1.4352178736773293,1.163309350350473,12912.865291435945,8000,1080p
1.235299574618309,1.1824118775983095,13878.592488461125,8000,1080p
1.266499747022913,0.9137368484581061,15390.270977722483,15000,1440p
1.5541920656610526,1.2478571491205739,11974.961689819933,8000,1080p
1.1353420333818283,1.1718570788426865,14543.36204544049,8000,1080p
0.7428849849359725,0.8608542869509382,20922.622890266244,15000,1440p
1.305495452767296,1.0243033974259783,14402.287131876818,8000,1080p
1.6470165663540515,1.2959464040384336,11401.581446172613,8000,1080p
0.8432637856499666,1.003873810265159,18165.637510819088,15000,1440p
1.2192510649799773,1.4950527411017327,12362.076759726539,8000,1080p
1.4957214045399025,1.2064646386950333,12417.51362161213,8000,1080p
1.0750985342837982,0.7926818846445216,17964.86977802915,15000,1440p
2.156122372827445,1.8780060172535138,8317.641075207976,8000,1080p
1.1925937403537803,0.9895897031047916,15376.54045565442,15000,1440p
1.292118459518376,1.918033425570225,10452.599503426265,8000,1080p
0.6767751912403438,1.0084753019995043,19910.649564915733,15000,1440p
1.0018480237598897,1.1170399145708763,15835.869086325429,15000,1440p
1.9627867116086568,1.6199377401485657,9365.61894497427,8000,1080p
1.3009986880033175,1.176971395673103,13541.096489033167,8000,1080p
0.7284981418746748,0.8478505717805902,21286.17336337554,15000,1440p
1.9424942802795342,1.9838652662217289,8545.939719122258,8000,1080p
1.9249258462821859,1.8157020437338451,8970.26728843007,8000,1080p
2.4265830523221914,1.7348194675435757,8063.250752556942,8000,1080p
1.1525629028285163,0.9372081703758803,16056.510892625463,15000,1440p
0.8888841442959154,1.1048660048150938,16829.807894916794,15000,1440p
1.0492510166071667,0.8543288839957368,17627.01528282191,15000,1440p
1.404026826655385,1.5483398987929307,11365.265605648896,8000,1080p
1.401293119927156,1.8775194929903396,10233.714445225092,8000,1080p
1.5303507965789542,1.1901587230774577,12333.877811329172,8000,1080p
1.0379699428539775,0.7533508989652966,18731.670629099564,15000,1440p
1.4007648086566025,1.3838042140286382,12050.134770098997,8000,1080p
1.3726496700485413,1.7763294015644633,10655.654177724458,8000,1080p
1.3384170066568575,1.385308381598088,12319.315355612218,8000,1080p
0.9361895040019135,0.8247658687594388,19054.674819716376,15000,1440p
0.9110648855170922,0.8925093357827563,18604.40873667904,15000,1440p
1.7561832851916503,1.180872167410508,11424.51429382159,8000,1080p
0.9071399967293243,0.7711944687058474,19992.69674254097,15000,1440p
1.9870822186253112,2.075185969193307,8260.02382132684,8000,1080p
1.3865032852986114,1.2932044131515539,12521.676158711836,8000,1080p
1.3383575945266224,1.9416375980724023,10230.024749948465,8000,1080p
1.0336574580539752,1.1750763123959256,15191.705061477482,15000,1440p
1.5041076184118611,1.4058364835107846,11530.954143699893,8000,1080p
0.8996893591316519,0.9712757462145487,17934.29065251922,15000,1440p
1.8414016943600164,1.3737485843760422,10436.349498783284,8000,1080p
1.30308766962001,1.1216816109188807,13838.195769513677,8000,1080p
1.8694872010488264,2.297295217512073,8052.839968444729,8000,1080p
0.9402968663172302,1.3017720697617194,14965.834216802357,8000,1080p
1.259068758790157,1.475093250696033,12272.291065263402,8000,1080p
1.3863577038196946,0.9962867393604709,14082.853233113623,8000,1080p
1.3496443297293332,1.308956806039542,12621.085407870314,8000,1080p
0.985532773179596,0.6612615924360288,20375.605297541977,15000,1440p
0.9356067183582388,1.0719008795084537,16714.473228224448,15000,1440p
1.1903854265832992,1.7364745230502538,11464.310755354407,8000,1080p
2.0193966325490997,1.501295313807872,9530.635599834395,8000,1080p
0.8690199342089575,1.1134261387404565,16925.77289130437,15000,1440p
1.9975069691838192,1.3734423803269828,9954.000645209777,8000,1080p
1.62165596273946,1.4516247596058942,10918.114884862569,8000,1080p
0.8274034799718286,0.8854727416206345,19589.525254080767,15000,1440p
1.1910088797162144,0.8670785521505227,16303.696082321092,15000,1440p
1.937564642787056,1.7293661999400554,9150.549448335227,8000,1080p
1.06379577919465,0.9148260114107205,16958.4870435162,15000,1440p
1.778574317899822,1.3987001568237045,10560.759628083366,8000,1080p
1.7518891183697791,1.1777597637621104,11453.39709637239,8000,1080p
0.8573404092157262,1.0757078859764417,17358.299884930857,15000,1440p
1.4522186759837807,1.7693776835272144,10415.467443939257,8000,1080p
1.3037474970474205,1.0208124380288055,14434.745903378782,8000,1080p
1.697972964248787,1.9911747093950822,9095.442895853881,8000,1080p
1.3355421873819526,1.467495569021268,11970.73850444887,8000,1080p
0.728612110831606,0.8445252583993007,21329.626170157328,15000,1440p
1.4983243315987729,1.279339300972265,12080.091918452208,8000,1080p
0.7052847773414848,1.0447569163708221,19173.50433452935,15000,1440p
1.2875770708617935,1.384556274502743,12557.169745367797,8000,1080p
0.9071375938065762,0.789649680051353,19775.27325727072,15000,1440p
1.1424127273637683,1.2608308271602542,13962.143760600105,8000,1080p
1.5634489806977407,2.3235274008838385,8632.527884398147,8000,1080p
1.289077083202274,1.7673746387511577,10978.230658442979,8000,1080p
1.201892969816022,1.547405296713902,12204.725987170292,8000,1080p
1.4323414963189351,2.0027072354303,9768.255014802373,8000,1080p
0.8700985510753472,0.8021022848180279,20066.029916839212,15000,1440p
0.836383411229538,0.8953158394593485,19376.593243111773,15000,1440p
1.1000000750221286,1.5320439224173805,12748.431269630084,8000,1080p
1.339278357662612,1.0834141039784668,13850.05836740457,8000,1080p
1.3215980118971096,1.4518288294704982,12098.545921425472,8000,1080p
0.9311914403608613,0.7316091392249889,20179.4685495944,15000,1440p
2.5636064048061153,2.271742981411348,6939.401751534762,4000,720p
1.0694279039193872,0.8586022688776458,17403.478676540573,15000,1440p
1.425751350843268,1.4336765611586106,11734.666175412905,8000,1080p
1.2538055873660203,1.0699181477826063,14439.940296023977,8000,1080p
1.22978022833657,0.9564830503377157,15347.845946690766,15000,1440p
1.3638660501456008,1.3267354881209417,12470.977780536732,8000,1080p
0.9589940305001254,1.2166549038940138,15422.723523794994,15000,1440p
0.8417583598770711,1.0879283189315156,17388.538962562012,15000,1440p
1.2567821564909814,1.789058736126893,11016.475641037261,8000,1080p
1.628358693510301,1.2326613969717537,11728.13574837442,8000,1080p
0.9873682033214575,0.7677239722704305,19118.330345632185,15000,1440p
1.0163553804456147,1.389650708868597,13946.112667389001,8000,1080p
1.2401271142916266,1.2838820509170588,13294.100696035197,8000,1080p
1.1814429379245186,0.9125992447803335,16023.761258074608,15000,1440p
0.722625332222701,0.8697572302782517,21071.84089437674,15000,1440p
0.9685480101958478,1.2208971922395015,15325.540900807635,15000,1440p
0.8224339398317733,0.8704535030391163,19820.828692010728,15000,1440p
1.019980179439212,1.0239523456418838,16416.60455433512,15000,1440p
1.6378271130924145,1.4075278470630164,11018.233486413494,8000,1080p
1.2252015707969661,1.8016898816703748,11085.44278079362,8000,1080p
2.1551043715758196,1.8262968110016655,8427.794753975908,8000,1080p
1.0858329209736186,1.0638794758514538,15608.80053050669,15000,1440p
1.7417186363010315,1.1942339730131946,11428.805728522157,8000,1080p
1.1279242495439172,0.8763052703345706,16741.81108859944,15000,1440p
0.9911968830031485,0.7062241341433538,19767.890029079306,15000,1440p
1.2465738108414552,1.2881700214957694,13237.800037986595,8000,1080p
1.0897156927056726,0.782984363248787,17917.675547298633,15000,1440p
1.1634392820988755,1.5353410441187954,12433.183862365853,8000,1080p
2.204175719343593,1.613627078854063,8788.937976534746,8000,1080p
1.3258411923029205,1.624402737863934,11373.443279350224,8000,1080p
0.7047087945985964,1.0497739719374675,19124.970982899806,15000,1440p
1.076818876191686,1.1389219634506438,15143.662742352322,15000,1440p
1.8186013217150825,1.5981649030229435,9820.52320614142,8000,1080p
1.0691355002654528,1.0541736585029358,15802.895146678982,15000,1440p
1.7920749100245201,1.438688930591142,10385.912946706061,8000,1080p
2.2091087704242423,1.6636898083260165,8664.130426020742,8000,1080p
1.6292064483246305,1.7800141140333283,9842.259069560569,8000,1080p
0.9232166939348067,1.0843453100842688,16714.02025582527,15000,1440p
1.1859865165768195,0.8549607727009361,16440.61665692216,15000,1440p
1.7755016657195757,1.1904959377104287,11313.034090518564,8000,1080p
0.828949553317315,1.0074343030703685,18272.014254146354,15000,1440p
1.6842332615229294,1.677836343435315,9980.290696693275,8000,1080p
0.9902771917784772,0.7496881764801009,19284.5401478206,15000,1440p
1.4492032607421226,2.0489252585028135,9592.109556695947,8000,1080p
0.9422140887500046,1.29278838610926,15013.152055732235,15000,1440p
1.1669086953487005,0.9367243536500462,15950.705859071142,15000,1440p
0.8725225655612237,1.0914391942998618,17085.07399979792,15000,1440p
1.5980188236424435,1.3739628858354684,11290.255216911986,8000,1080p
0.5845157743258044,0.7677403477136896,24813.66617841055,15000,1440p
1.4136295551855653,1.8265048482059476,10355.876584896574,8000,1080p
1.1266026521929629,1.0532430097712435,15393.031068889946,15000,1440p
1.3101060684034125,1.124567344441298,13781.902666277723,8000,1080p
1.4972228489055024,1.785853523448276,10220.423832523698,8000,1080p
1.466318424705551,1.1321959577506489,12912.929105392624,8000,1080p
1.883458987667588,2.25451121622476,8108.910974863304,8000,1080p
1.0813451205116713,1.5098258865333316,12949.52433041685,8000,1080p
2.079977992147843,2.0010854451102698,8221.982460175564,8000,1080p
1.3620593815497544,1.4075898914789082,12115.047319080806,8000,1080p
0.6433897207783801,0.9606734024626151,20918.398729972403,15000,1440p
1.5431602449471238,1.8008937771123223,10034.057996268673,8000,1080p
1.17069037696959,0.8752537983559565,16400.463123418744,15000,1440p
3.1133925128761626,2.213903451689276,6298.586041246373,4000,720p
0.7902365565458936,0.8941902982318596,19920.385325622963,15000,1440p
0.8668695136729365,0.9045008019513285,18942.641018670776,15000,1440p
0.9831487900193989,0.9056676708109841,17764.792236747246,15000,1440p
1.0871018334016622,1.2098479551599313,14608.256639781668,8000,1080p
1.2510603856325648,1.8321707804861576,10882.879094089942,8000,1080p
0.6911543552521643,0.9872412857925231,19991.968031515287,15000,1440p
1.1626188180078394,1.0965175307164996,14852.769740501542,8000,1080p
1.92195851940011,1.4153257387335443,10054.412331889585,8000,1080p
1.0790286627480552,1.0699802319493483,15613.910246157782,15000,1440p
1.4617830152922933,1.1461629411137668,12866.229807246642,8000,1080p
0.8620011566849274,1.098253196612489,17117.386804195507,15000,1440p
1.393673671759557,0.9831451461936833,14117.370557043496,8000,1080p
1.1820334507437005,1.1829666626296371,14187.919827259271,8000,1080p
0.8988373959201954,0.7523870873462182,20320.939000143342,15000,1440p
0.9847312858656664,0.8511303378457288,18277.21194594506,15000,1440p
0.5560539858520769,0.7428215384964482,25833.446986253624,15000,1440p
0.9305737812642031,0.7178244542114011,20355.780100867865,15000,1440p
1.2007297453137142,1.5402956614236234,12241.561832124746,8000,1080p
0.9914104194564393,1.1725028839818672,15506.366150013662,15000,1440p
1.2472675917715526,1.7392916502517162,11235.146963724143,8000,1080p
1.8092010060936303,1.546046922018729,10000.581989444074,8000,1080p
1.1717222096499758,1.0835970222237894,14877.907981178476,8000,1080p
1.5462653694013182,1.142214103633645,12480.821347734214,8000,1080p
1.3030676783932256,1.5214194061597253,11879.831982064406,8000,1080p
1.2632796353899032,1.611892675684091,11670.407325071259,8000,1080p
1.4379828395564844,1.1644610395565114,12893.431543060413,8000,1080p
1.1690479418279496,1.1650704269053052,14375.634264945298,8000,1080p
1.7203433861593374,1.4137352721963385,10706.31456888981,8000,1080p
0.8134245933054726,1.1340233263273225,17229.95088172983,15000,1440p
0.8715182710820517,1.3054696503071381,15413.237561092248,15000,1440p
1.1367830988040013,1.170767494584164,14541.146831685364,8000,1080p
1.502531644940238,1.540054622423682,11028.259859028212,8000,1080p
1.9010649442477583,1.6788815393521361,9372.886481324884,8000,1080p
1.1347876522622609,0.8247971423082872,17123.235541003272,15000,1440p
2.0599182911661855,1.448670809397138,9563.51143957343,8000,1080p
0.8654079467347899,1.1067660379760054,17013.93095139145,15000,1440p
1.1167079598003238,0.76854205191711,17798.39904068343,15000,1440p
0.8981647627117937,1.040296780129208,17309.82599263886,15000,1440p
1.1404552525954421,1.0565755791764757,15272.626817411643,15000,1440p
1.0838435525527252,1.2297082349581139,14503.428097497383,8000,1080p
1.3714287741752769,1.7696211825259118,10682.552796848771,8000,1080p
1.5743373927154645,1.3281792916810198,11560.461368020326,8000,1080p
1.305022569229417,0.9812582372317302,14676.4264062286,8000,1080p
2.2169025373270745,1.6858182652534173,8597.70239721317,8000,1080p
1.1396899106451652,1.2154979337200191,14247.030053368942,8000,1080p
1.245857123112014,1.3699894826924854,12827.369894528043,8000,1080p
1.3718401968055103,1.36776378525456,12247.913282257838,8000,1080p
0.9304354066313091,1.2237044908850923,15576.719060208818,15000,1440p
0.7643024339329106,1.1303944390878695,17709.65713713509,15000,1440p
0.8728014933690679,0.9063855120429566,18859.41831742946,15000,1440p
1.2042450583968334,1.257297803579176,13631.463631335715,8000,1080p
0.9648095426096599,0.9790221402954506,17262.004881951492,15000,1440p
1.1218688765231466,1.5611982474918786,12505.997967649839,8000,1080p
1.135402022098131,0.8846291726585904,16610.848430012025,15000,1440p
0.8456705675082428,1.1615588581339584,16716.789606282528,15000,1440p
1.1646292436349173,0.8306698585171,16816.742895243166,15000,1440p
1.01410962661693,1.4930790470597273,13383.289559454746,8000,1080p
1.3500963066493412,0.9630637109387594,14505.884480480832,8000,1080p
0.7542597234613511,0.9779956543901833,19370.372538035692,15000,1440p
0.7243073346843308,0.9176893127865641,20435.1403833148,15000,1440p
1.533776439411347,1.3453882137950761,11654.224763641645,8000,1080p
0.9399065588502785,1.3536960220007757,14629.575446130444,8000,1080p
1.3809599903376524,1.3017347554733043,12507.733894210454,8000,1080p
0.9927846578395145,1.0097077088313167,16756.33453513966,15000,1440p
1.0889996599108456,1.059754541566314,15615.760973001486,15000,1440p
0.9053392916559279,0.9280057550851831,18302.300518740412,15000,1440p
1.4340908983406442,1.5452466100450122,11262.38027935994,8000,1080p
0.8722233402151809,0.7795487896976381,20314.201573174025,15000,1440p
1.4642754536243354,1.7873507604731544,10319.277121867235,8000,1080p
1.7835545914404067,1.2987994904719302,10885.975818580306,8000,1080p
1.2443768672078832,0.9941960594293588,14989.206561344898,8000,1080p
0.9128206907345678,1.2064228342052363,15833.211995281712,15000,1440p
1.7067388557474967,1.2761533798668319,11248.95884583958,8000,1080p
1.2156949692365462,0.9656308220217635,15382.586193437864,15000,1440p
0.9358392395367416,0.9412689268290815,17875.59854100634,15000,1440p
1.208161774527536,1.5778716515269409,12043.800941584213,8000,1080p
1.1006722115518017,1.0141053713574757,15866.64823344662,15000,1440p
0.9871390841637463,1.071784315525126,16297.076425995487,15000,1440p
1.1774754100042306,0.837070228472417,16656.07934569955,15000,1440p
1.2604241087507446,0.9945344301686172,14880.287783951986,8000,1080p
1.362189924828063,1.473800472015009,11831.645141447463,8000,1080p
1.139781298593623,1.2632247521794702,13963.523724463737,8000,1080p
1.0758694442089938,0.936860958621357,16671.101083788933,15000,1440p
1.9169181860297502,1.3091088263394726,10401.162752619772,8000,1080p
1.3005059792180143,1.46651337785117,12126.562076363902,8000,1080p
1.2962315564634972,0.9560002570636632,14898.303007029856,8000,1080p
1.1390297794032456,0.8534160204762193,16840.825482946595,15000,1440p
1.1096855333759752,0.8007045467573293,17564.178305227913,15000,1440p
0.6500475305388356,0.8775990701497622,21964.786872091423,15000,1440p
0.9290178977411092,0.9628814666753247,17735.844004762926,15000,1440p
1.0758267081621433,1.5849053867004246,12610.977281323452,8000,1080p
1.6235160877686547,1.3496477283957582,11285.766299714875,8000,1080p
1.3481377918928314,0.9447168681381222,14634.34756023612,8000,1080p
1.8963520646430743,1.3485225664457712,10340.748353886487,8000,1080p
0.8995612079570747,0.7720942819891401,20072.576079105635,15000,1440p
1.2788449932955122,1.4790526968284035,12166.670330142799,8000,1080p
0.8479481703290197,0.9212803751312217,18965.57235982831,15000,1440p
1.513909998707669,1.7747703316183547,10203.008085213798,8000,1080p
1.5810364344663232,2.128533328608542,9045.370256680846,8000,1080p
0.9438644534259868,1.104159009189208,16383.812301228785,15000,1440p
1.1920452171413327,1.1515481501480385,14317.514492204537,8000,1080p
1.0624435580288567,1.1701966541442046,15029.036840351891,15000,1440p
0.8227066209458442,1.1764651875256786,16784.16625215129,15000,1440p
1.052254535979364,0.9042948167876719,17149.800976165454,15000,1440p
1.212814835949635,1.403050874610935,12827.276210906643,8000,1080p
1.3751545421801585,1.0756219869342003,13691.34704914349,8000,1080p
1.556100491581291,1.8190976091745235,9941.470396207586,8000,1080p
1.5691088699697915,2.2791984962718663,8719.270267845057,8000,1080p
1.8619453444222307,1.7899373544212174,9188.255693597906,8000,1080p
1.1948603928167463,1.0084607705538249,15229.024509831099,15000,1440p
1.6858592959276102,1.2441294791878916,11452.068446466068,8000,1080p
1.4779705675390176,1.200079412807979,12529.427100405472,8000,1080p
1.2293033726101847,1.2458563277445736,13556.47152593456,8000,1080p
1.069920104621291,0.9247934953578252,16821.67906227305,15000,1440p
1.9500814382156666,1.4398576573252073,9898.2403678395,8000,1080p
0.8505768924150635,0.9252593077333281,18895.00394078921,15000,1440p
0.8542056678374857,1.227581213459064,16118.091770807054,15000,1440p
1.3063182543582086,1.4071224472520811,12366.008949481426,8000,1080p
1.3060750302528341,1.0137043462173752,14464.492761831789,8000,1080p
0.8235116722907738,0.8464604658270505,20092.809475143815,15000,1440p
1.004715405638612,1.249000675056016,14888.491184594128,8000,1080p
1.3697848763794735,1.4445473186972433,11922.697703810096,8000,1080p
1.456439928165005,1.1583949622546106,12832.332979393339,8000,1080p
1.1091191618179097,1.6491077605384492,12165.218071084006,8000,1080p
1.2454263672852548,1.1139828927308235,14221.539505092618,8000,1080p
1.6015544067682066,1.311266769339176,11519.564700789926,8000,1080p
1.4179777575691992,1.2624673755132496,12518.231239231969,8000,1080p
1.0685007587499582,1.3614085869065597,13808.923390487307,8000,1080p
1.0568521508985664,0.8214393782462921,17864.33654166376,15000,1440p
1.6039466745686521,1.234151946118935,11822.856244463683,8000,1080p
1.0045820344017926,1.3541925922991709,14225.365840453354,8000,1080p
1.116928138088035,1.4233376952056958,13209.023858929375,8000,1080p
1.2928040707518544,1.6383328114711424,11447.582746306976,8000,1080p
0.8635246580842271,1.0306160061822567,17714.857525111067,15000,1440p
1.2684831508096028,1.1898091606613375,13649.488241665784,8000,1080p
0.7799158744575666,1.1367471599959322,17506.69335028284,15000,1440p
0.863825082422445,1.2554685425197838,15832.837698888789,15000,1440p
1.4441664244121721,1.4996293617266265,11398.355877128062,8000,1080p
1.095383915245683,0.7446004962110149,18236.25884603842,15000,1440p
0.5738370026572389,0.5496078189495933,29867.449966975695,15000,1440p
1.1223214194011795,0.9316100047019718,16336.685639176847,15000,1440p
1.1472966310805115,1.1808278034205955,14412.645433700956,8000,1080p
1.6862532955141696,1.5551236339328385,10351.906837852554,8000,1080p
1.4865856782502764,1.8608743733120796,10023.848375528538,8000,1080p
1.123960384777295,1.599710227044987,12319.563112497764,8000,1080p
1.4500183059404672,0.996711604916483,13713.991009431764,8000,1080p
0.75951812409459,0.7067879055648049,22883.648652658332,15000,1440p
1.2170691186783178,1.1624362051482282,14101.431782485035,8000,1080p
0.9228102671070996,0.7734639084017608,19781.25499077064,15000,1440p
1.1562253836343048,1.051504383406967,15198.613752881796,15000,1440p
0.8375713276223439,1.0770895249625285,17525.000291670513,15000,1440p
0.9731214783454821,0.9883447397949535,17106.811062905388,15000,1440p
2.0077772927240494,1.4721309661319766,9642.332355919803,8000,1080p
1.1059365438752722,0.9272135112691804,16503.667260120652,15000,1440p
0.9109935707194243,1.341815164654325,14894.487700232216,8000,1080p
0.9656456302628983,0.9520934237930633,17496.870561734333,15000,1440p
1.2687405129130402,0.93518433630405,15224.853066981701,15000,1440p
1.162381908897319,1.628866124382502,12021.300722806882,8000,1080p
0.9244248704914991,1.2769951683525158,15242.176144457979,15000,1440p
1.232960011001523,1.1323278096865352,14186.194046456076,8000,1080p
0.8216874764504287,1.1938533501285233,16647.85528405947,15000,1440p
1.2799100341885101,0.9874804110513364,14798.700448987109,8000,1080p
1.7387534275296173,1.389009515392418,10727.933226503605,8000,1080p
1.0516114858977441,1.105002745766042,15558.847524674547,15000,1440p
1.5368124390691986,1.1919021646999322,12296.790567123358,8000,1080p
0.9720669905526877,1.1742046631020213,15633.823399224848,15000,1440p
2.137156619584551,1.7784511169613584,8569.405889875861,8000,1080p
1.0054518694535985,1.356420211561532,14206.710121903949,8000,1080p
1.148571679914454,1.1894608234352653,14351.567804094373,8000,1080p
1.1912163001531875,1.2723066398404104,13620.50722372701,8000,1080p
1.5288493366346305,1.0236223188873677,13145.8588099925,8000,1080p
0.8737982888046071,0.9421119236816008,18478.023731173245,15000,1440p
1.64660332136286,1.673935074319061,10105.117906070502,8000,1080p
0.8812934069354766,1.0314020479145825,17543.008174623606,15000,1440p
1.0730938301142494,0.7437603157654031,18468.42360796893,15000,1440p
1.1849484298862494,1.3282034874402993,13351.53349412107,8000,1080p
0.8060403427231567,1.1430542484472945,17215.39434361173,15000,1440p
1.0191923934437248,0.7459530516451309,19009.443155723013,15000,1440p
1.0245429652379718,0.7257830322778209,19170.390000276075,15000,1440p
1.5633692259527452,1.5253397251002947,10863.578450329616,8000,1080p
1.55332286874152,1.2216919074233645,12091.622822409894,8000,1080p
0.9620938510734124,1.353103986240904,14493.116510044742,8000,1080p
1.8332569719830725,1.5403608282985328,9946.127269425457,8000,1080p
0.6725830061541852,0.8945488125159707,21411.3654003106,15000,1440p
1.4189841429990964,1.513947574987607,11440.57728798176,8000,1080p
1.3512458457708714,1.0869266596123366,13762.123855435013,8000,1080p
1.913058179878473,1.5594194455435022,9662.965645724633,8000,1080p
0.8438056680564854,1.1851988951188428,16537.38616905246,15000,1440p
2.1936478373172523,2.4832528747015097,7174.501676670486,4000,720p
1.3271670813827778,1.897922203058459,10404.18699782244,8000,1080p
0.8474132401984138,1.223623038116308,16201.759646288992,15000,1440p
1.382842020127352,1.030671447819643,13902.732446130653,8000,1080p
0.8864556517139278,1.0579377513543138,17257.018022716646,15000,1440p
1.3067757754149696,1.4028910064179216,12383.23185159427,8000,1080p
1.603914574749776,2.3686638824090647,8446.512098340756,8000,1080p
1.7364115618603746,1.2708109749124894,11157.947770638953,8000,1080p
0.8974807608493232,0.8841397959354418,18833.657858413262,15000,1440p
1.4135486083971966,1.3494989929937682,12143.993459652353,8000,1080p
1.1780285943258202,1.0449159139820503,15094.588225030411,15000,1440p
1.2905328187613936,1.0457546357838803,14362.287455132917,8000,1080p
0.7490874571930554,0.8919976012951375,20446.491683320273,15000,1440p
1.0504836215285625,0.9924822932455324,16424.37191797708,15000,1440p
1.538503046420218,1.0265699865118922,13081.277440917247,8000,1080p
1.411565242124394,1.5078804508935668,11493.425645918864,8000,1080p
0.9742619140450205,1.2909817754962294,14812.725074535068,8000,1080p
1.181760439087992,1.0669774616391396,14921.450823215164,8000,1080p
0.7156511908705442,0.8083825854317425,22016.855874029265,15000,1440p
1.1191877158394787,1.0297434720950578,15614.474855405271,15000,1440p
0.986979082663289,1.2257280941620254,15164.424986473936,15000,1440p
1.215116046621302,1.23437025092568,13698.558768670317,8000,1080p
1.3025461708805892,0.9049829104240334,15199.995453817415,15000,1440p
1.457179800833411,1.4200462593711871,11662.0770484798,8000,1080p
0.9466101245362598,1.1850164544708357,15741.233633720942,15000,1440p
1.192159945626981,1.3889121312110073,13000.191781202313,8000,1080p
0.8205417730424546,0.9843002525628005,18591.340141665583,15000,1440p
1.8542069907893253,1.3060121466516552,10617.754826702,8000,1080p
1.3090236285590526,1.7086457073029537,11119.32033150182,8000,1080p
1.1226446770941714,0.9961263043967221,15836.743231394034,15000,1440p
1.1106991489298765,0.9020168262601238,16671.220586318672,15000,1440p
0.7868153408996921,1.1271423916691654,17531.43835363816,15000,1440p
1.3651388513126101,1.9497277647908402,10122.407893275195,8000,1080p
1.3210184168936825,1.635506348207562,11349.281560592965,8000,1080p
1.0063387884497168,1.337915141324286,14313.480111446292,8000,1080p
0.8295771977522386,1.1394043639357396,17041.51661594753,15000,1440p
0.9731371027520473,0.7771262333016796,19171.076322523157,15000,1440p
1.3001320079973935,1.2790883261130688,13009.52522599139,8000,1080p
1.4305953763373809,1.3833959518087389,11924.141934760664,8000,1080p
1.45553959466435,1.2033149716703118,12619.882420367256,8000,1080p
1.5983258183810691,1.817165690837185,9824.188380922084,8000,1080p
1.7931454310900339,2.225435053635108,8349.822064667449,8000,1080p
0.8205756124279302,1.1747104612661572,16816.852702167704,15000,1440p
0.6550126222701227,0.925267336133188,21233.219988376524,15000,1440p
1.1999668330545692,1.5855493001712837,12046.037572627969,8000,1080p
0.8981048016210822,0.6644435273212113,21474.17227261916,15000,1440p
1.8004701747385017,1.2190661994398666,11112.445038563357,8000,1080p
0.6312238762214573,0.9299900367409104,21492.526886550244,15000,1440p
1.337286934192263,1.118752979145005,13662.005986867787,8000,1080p
1.1117113424161085,1.1322160535147532,14953.439251576327,8000,1080p
0.8532639615668538,1.1369793397913854,16859.46234668938,15000,1440p
1.4887199632447825,1.6501136803775285,10690.095688307058,8000,1080p
1.1563012892571904,1.3864636862316184,13196.041444431827,8000,1080p
1.004683861773041,1.3061689084989285,14520.367732493361,8000,1080p
1.3767522073581815,1.8812875405806349,10298.963363239523,8000,1080p
0.8212705396472539,0.727190321858745,21669.538335870948,15000,1440p
1.103518041474939,0.9063503201146565,16694.840637952006,15000,1440p
1.260177640075025,1.5006808948571035,12153.622351688107,8000,1080p
1.3312738432003421,1.0396848668803151,14152.263325943164,8000,1080p
0.9197019765675429,0.6551094592276578,21306.952208571365,15000,1440p
1.4894939500603686,1.102167598328541,12947.07328619314,8000,1080p
0.9603283557058621,1.440190689835314,13977.990327685755,8000,1080p
0.9738992447424294,1.4589825809538004,13792.051732885779,8000,1080p
1.6737579133870997,1.5941163498137791,10267.96911308744,8000,1080p
1.0486394751616535,0.9631093690786587,16679.235132192167,15000,1440p
0.9940067874183225,1.4017456623672764,14005.80097622476,8000,1080p
0.92908073614454,0.7837171780518747,19590.420867451005,15000,1440p
0.7593378721658179,0.9614262679922405,19499.72760178388,15000,1440p
1.039545164465511,0.8466037866306575,17789.91631625872,15000,1440p
1.5363825194741678,1.1786306640167168,12358.846801935853,8000,1080p
1.1230814049690088,1.144309989957834,14798.694250615972,8000,1080p
1.1272028216756518,1.2195657632225065,14298.14265280705,8000,1080p
0.9698887117975707,0.7500707948566441,19508.849987563033,15000,1440p
1.1296703360862752,1.4217300526259011,13151.378414948293,8000,1080p
2.116851708317594,1.6792629188419448,8839.1514207534,8000,1080p
1.6266990795105465,1.500713962617211,10729.133487647992,8000,1080p
0.9114801603501855,1.103319894835522,16653.976117201975,15000,1440p
1.2625341469056472,0.9170558494630732,15394.836669237313,15000,1440p
1.3414604214061352,0.9290323679364427,14778.47987780472,8000,1080p
1.4460304298427042,1.4415454118681257,11620.277298108882,8000,1080p
1.1707437512509102,1.0891594473751178,14847.729770195627,8000,1080p
1.002369179375372,0.7701206445056041,18930.676807232943,15000,1440p
1.4131857196972826,1.2617121838767922,12544.191669957243,8000,1080p
1.6530802494396466,1.5045801770825171,10626.358590735717,8000,1080p
1.4255949461992357,1.176542847835771,12894.948175657062,8000,1080p
0.7888606895633303,0.8153209832922677,20916.852852626023,15000,1440p
1.1052446509899294,1.1428198349154393,14925.920590968519,8000,1080p
1.0462765237707692,1.2775365411619264,14439.385209744414,8000,1080p
1.1881586897938756,1.009845453878212,15265.863850439522,15000,1440p
1.433318380135785,1.2250722237547391,12622.084937741456,8000,1080p
1.445473172993817,1.0261864616064014,13575.668563049258,8000,1080p
2.3535622762293866,2.3869617890364974,7078.211509536555,4000,720p
0.8563717319888435,1.1933084286616542,16370.569732865533,15000,1440p
1.3106633610890144,1.4753818961530174,12043.749796518481,8000,1080p
0.9368352869806562,0.9645220755316011,17647.619885440494,15000,1440p
1.3211484705395038,1.5300377269285312,11768.586713066179,8000,1080p
1.1121156625349746,0.9441241769974167,16318.345435632937,15000,1440p
1.1084938265192272,1.4063541231232508,13342.529119810304,8000,1080p
1.3112529207931791,1.0948884359203328,13945.328650944744,8000,1080p
1.187640717263138,0.9910833197429174,15400.955527212893,15000,1440p
1.7811487165307993,1.2509929243262954,11066.248208152696,8000,1080p
1.2476042980112607,1.2213610324806183,13590.48326260423,8000,1080p
1.0836358709311498,1.180019720563746,14823.11714117296,8000,1080p
1.16730018352507,1.1578493995889028,14431.085313256273,8000,1080p
1.218013119634504,1.7046907777978557,11480.61287682207,8000,1080p
1.1615519509753827,1.1389363921145188,14585.786579092748,8000,1080p
0.8639589925869412,1.070755539374225,17343.350373239202,15000,1440p
1.734442152747976,1.2315579691763512,11313.024484378659,8000,1080p
0.9654153531117112,1.2385640095926918,15224.476493657765,15000,1440p
1.3810677497772141,1.4670184805422577,11781.396097770597,8000,1080p
2.4858280973969955,1.6767482410285885,8060.976970020286,8000,1080p
1.0929044936121215,0.8886022056512228,16933.796899336437,15000,1440p
1.048306579894114,1.3106225403073115,14224.434177630073,8000,1080p
1.837738094614194,1.3731253991738293,10450.282942553278,8000,1080p
1.3711996393281312,1.1188377956188247,13475.472910195342,8000,1080p
1.5215721855423325,1.0548033408963464,13023.890211526057,8000,1080p
1.4029953746748958,1.6052003820559868,11154.337919971285,8000,1080p
1.3137287040833938,1.821699687468066,10701.705735144133,8000,1080p
1.212762051390403,1.4801647628117796,12460.209398576237,8000,1080p
0.9199333094193815,0.8697252974684112,18749.06860496203,15000,1440p
0.8409347338401838,0.7582937968434091,20981.63668056691,15000,1440p
0.8645371993248012,0.7415233342350547,20892.383131802715,15000,1440p
1.0858792826752948,0.9036838410180155,16865.226139551425,15000,1440p
0.9616535036913278,0.7114410731387628,20055.31095771855,15000,1440p
0.9263043842161934,1.2725405643114756,15260.026416354554,15000,1440p
0.8664997287476409,1.1860797868369608,16347.445614277825,15000,1440p
1.17256755814013,1.262222837878074,13781.240493996562,8000,1080p
1.0656840557272098,0.9523622713821986,16627.18617964653,15000,1440p
1.4311625145072244,1.0885632982378772,13316.699710054685,8000,1080p
1.0600919782434044,0.9794834717306795,16451.674783801875,15000,1440p
1.0621660285717671,1.4771538138433553,13213.944710520083,8000,1080p
1.7803848107721822,1.3570874511461206,10694.734231525688,8000,1080p
0.8398237950676948,1.1766263118169884,16640.348246374393,15000,1440p
1.4746601359767588,1.4956700832503032,11296.53254806515,8000,1080p
1.2499201172713417,1.8586351879779295,10794.220692595756,8000,1080p
1.3782249499461177,1.8989971245409056,10238.681187100268,8000,1080p
1.0475393554858619,1.2776340188614685,14430.937654022739,8000,1080p
1.0469613914032097,0.8574488383422736,17619.32984600929,15000,1440p
1.1611644417345393,1.0655169024782551,15069.256356419783,15000,1440p
1.229281485905444,0.963792849842388,15300.179958814773,15000,1440p
2.3512053828948702,2.001193630556195,7709.410809142317,4000,720p
1.2069834888936664,1.4938728308516065,12423.627186197242,8000,1080p
1.462226367747891,1.5665184235196001,11078.659415855866,8000,1080p
0.9892006189542608,1.0726845573724535,16273.66663539326,15000,1440p
1.4942414425884376,1.028639797117794,13300.04420022051,8000,1080p
0.7620651543498795,0.8630525082431573,20647.38620000017,15000,1440p
1.2460774160937296,1.8487406951166838,10842.133784358828,8000,1080p
1.1958158571611746,0.9821090302576567,15406.606625340075,15000,1440p
0.8460839619137435,1.16485772800044,16685.929864745074,15000,1440p
1.6183798713941384,1.3509199990914789,11300.45245127509,8000,1080p
1.4094431670008702,1.0363679018111507,13719.143080130902,8000,1080p
0.9357019627570027,1.0854328252179972,16601.778466055992,15000,1440p
1.2623023251017105,1.1570534649295565,13869.159773133802,8000,1080p
1.0066623068378473,1.440141965607051,13713.574223275205,8000,1080p
1.192748415556324,1.2350396996112933,13820.988656451746,8000,1080p
1.2490012648846418,1.375442043917605,12785.352187818336,8000,1080p
1.3797537086298688,0.9285954234869764,14536.116540234661,8000,1080p
0.8936836306061148,1.2584828436269708,15591.002091024098,15000,1440p
1.203906174372536,0.9277893374295079,15740.724608288227,15000,1440p
0.681616623612401,0.9710888660313104,20302.729197827997,15000,1440p
1.2911521717652465,0.8925264981641006,15366.011704041444,15000,1440p
1.0770634945981608,0.9551798815952786,16511.03031904094,15000,1440p
1.1709451462841798,1.409639440324834,13002.64760710355,8000,1080p
0.916126146758747,1.0982494074289324,16657.48570580287,15000,1440p
1.1839374195414034,1.2004187424059773,14072.743214920965,8000,1080p
1.884407044456091,1.5468947318551993,9778.921874971778,8000,1080p
1.2721492083954613,1.1392843609803223,13914.723766861138,8000,1080p
0.7174187794474245,0.6624503027473443,24317.11271233758,15000,1440p
1.7307609080009074,1.6791282981481905,9840.329104972341,8000,1080p
0.6839027720333178,0.9175212097675224,20952.87218208586,15000,1440p
1.0041306208602654,1.3264298038035216,14397.580789968428,8000,1080p
1.0416729642272777,1.108942244701303,15602.248073339231,15000,1440p
1.641918320481835,1.3556107948526843,11194.03038600857,8000,1080p
1.2856295264622426,1.58937215938775,11671.099938878699,8000,1080p
1.3266768244877027,1.0000873811208664,14421.071081942222,8000,1080p
0.9474235601206994,1.0773147159215073,16572.231777822402,15000,1440p
1.5532794683732607,1.6411791107624867,10503.949626755864,8000,1080p
1.3354894913414719,1.5153307181030526,11770.097563093253,8000,1080p
1.355463555448667,1.4937340719930483,11776.800484748546,8000,1080p
0.9463903350729691,0.9847106054617759,17375.80428639239,15000,1440p
1.167967971984989,1.0886912778934312,14869.073388819239,8000,1080p
1.0241247724053737,1.4415574828147302,13608.579097716993,8000,1080p
0.7052355705655177,1.0570058026295186,19040.769618956372,15000,1440p
1.3117426619421133,1.7748415381815361,10871.056748964049,8000,1080p
1.675733944293737,1.6291686725409649,10152.926088980208,8000,1080p
1.2266713889974883,0.8555009353977103,16115.108056556483,15000,1440p
1.0425064903126,0.9486279782163516,16851.916598475636,15000,1440p
0.897898634549607,1.1750650099458895,16186.6958396013,15000,1440p
1.3043694473064216,1.2087050692057284,13351.944711360798,8000,1080p
1.160316488718874,1.0740139366228194,15017.667762756515,15000,1440p
1.1068443018801952,0.890988926589344,16795.411910184674,15000,1440p
0.7932650620251678,0.9611626925543508,19125.570666796677,15000,1440p
1.082737509525627,0.8075737801141891,17750.744114951318,15000,1440p
1.3867342198080257,1.5787594927615527,11314.956379025782,8000,1080p
0.9452841423439458,0.6730961933716773,20733.341390460446,15000,1440p
1.2321593506385058,1.425772407593927,12624.263921024907,8000,1080p
0.7007877056540237,0.9626517886330559,20171.71776625445,15000,1440p
1.4639183400204385,1.6910019080231398,10635.588021854972,8000,1080p
1.7992877404372516,1.2349287578168777,11058.680888231616,8000,1080p
1.4425890616404566,1.627713410649399,10928.705657776722,8000,1080p
1.177892067450883,1.2803663339039768,13649.676527702131,8000,1080p
0.9353755639437018,0.8562899970486069,18728.066627242628,15000,1440p
0.7089552921893976,0.5231294299915963,27233.867441033683,15000,1440p
1.486932893302083,1.2092907870525322,12444.973406504174,8000,1080p
1.5479825997385663,1.4373874683458185,11239.622303016788,8000,1080p
1.5927820355342657,1.3964466192527285,11225.113858809511,8000,1080p
2.2983813725150406,2.0206770820735325,7768.922868907164,4000,720p
0.9906447426927509,1.021118035468635,16679.119608061574,15000,1440p
1.6351858164465807,1.1379171390140763,12099.95897697425,8000,1080p
1.1810281681282844,1.1777200619778119,14225.525035578183,8000,1080p
0.8844676563297843,0.7012598535258135,21160.27614546183,15000,1440p
0.7992503318258449,1.0886966587126956,17772.97358885513,15000,1440p
1.9487199244717073,1.9655258450875879,8572.387625976253,8000,1080p
1.1753854133489807,1.0213106310165134,15274.954441724798,15000,1440p
1.5148597516210534,1.8062525825318527,10103.371588771779,8000,1080p
0.8359752756685991,1.031361658351948,17969.136361349767,15000,1440p
1.3231156341024792,1.621733649461378,11394.27820203838,8000,1080p
1.2271165076310622,1.3303585378197358,13120.140530671519,8000,1080p
0.6246152495661123,0.8809212455257426,22287.3587650579,15000,1440p
0.8827149269725811,1.0928403173142998,16984.810775115628,15000,1440p
1.4261937435711207,1.4793664612318356,11548.35199922334,8000,1080p
0.8736961135536356,1.1539901390223313,16548.138035345728,15000,1440p
1.242394389983982,1.434605891407398,12534.340109430235,8000,1080p
0.9568817693320377,1.2921744256313095,14919.339087722012,8000,1080p
1.1009343706231238,1.1423173494145349,14957.943283973813,8000,1080p
1.0472576720780138,1.5621693961355652,12858.92693025962,8000,1080p
1.3393831328860686,0.9077785018722504,14931.917437976712,8000,1080p
1.806227805292048,1.959436521419463,8910.62747201966,8000,1080p
1.241970317358349,0.8552976310421754,15999.11543281353,15000,1440p
1.4137553997437753,1.5906416628532856,11168.441221612326,8000,1080p
1.063853733334527,1.295466708852924,14222.074882244444,8000,1080p
0.7293205832888621,0.7803795451541393,22225.891995257152,15000,1440p
1.4287767617606568,1.4707440004634447,11572.406184207419,8000,1080p
1.0118323793323187,1.360092868894615,14146.496406277001,8000,1080p
1.6518881212297267,1.506520145733993,10623.842506674087,8000,1080p
1.1261363292512654,1.2147768472607259,14333.907099449452,8000,1080p
1.3974749451792712,1.0974566514013468,13449.038861821864,8000,1080p
1.9065910742274064,1.5771175275891645,9631.813631743806,8000,1080p
1.1465062749785708,1.6035022871947493,12201.573646549694,8000,1080p
0.6674737514703358,0.9317977699706744,20981.07266348747,15000,1440p
1.257109929892216,1.6998650373728572,11347.553622016196,8000,1080p
1.6643683176148403,1.6874818852749836,10010.719444165728,8000,1080p
1.664999018578474,1.204743869628649,11692.48720430254,8000,1080p
1.5258060786756362,1.2252326233527773,12197.004707807066,8000,1080p
2.0974015071887155,1.9814092050921914,8226.523456695559,8000,1080p
1.1961533289082213,1.6228643285449875,11902.881101608336,8000,1080p
1.7391331018451552,1.6970720399724297,9764.967635852889,8000,1080p
1.123755692914889,1.6325375744518622,12173.752480285422,8000,1080p
1.3117711770781237,0.8762459439186909,15335.543619838452,15000,1440p
1.3171650025098696,1.4723311989594545,12028.85022117102,8000,1080p
1.1183981292841019,1.132799874252053,14905.144703972328,8000,1080p
1.2626997796942947,0.8640482119395443,15777.342746764445,15000,1440p
1.4986242480554124,1.403370277265121,11562.5414545859,8000,1080p
1.4306963115970652,0.9926043447871282,13846.582309793355,8000,1080p
0.9815384657575884,0.9343108235630325,17514.12920997493,15000,1440p
1.170798667935039,1.2033941693501593,14132.985102578377,8000,1080p
1.3969421302722969,1.1680247264180281,13081.818937534565,8000,1080p
1.496750024629403,1.741024031487835,10363.42605087111,8000,1080p
2.0955871309378153,3.046565434429713,6525.366871840712,4000,720p
1.257072284466549,1.3613039399582556,12814.97734626395,8000,1080p
0.8554889195986314,1.134849479862663,16858.656803828864,15000,1440p
1.1062770240058555,0.8513242303310928,17140.585666086066,15000,1440p
1.0106704468265568,0.9496073310950939,17117.182257493874,15000,1440p
0.7762030147821365,1.0360094496196597,18515.727410072843,15000,1440p
1.197840624593503,1.1885669558374845,14060.64591612638,8000,1080p
0.941379744815497,1.0268028376539533,17048.43458064736,15000,1440p
1.2820840529154247,1.2296635968933338,13358.998067562557,8000,1080p
1.0005461580097879,0.7586530698038843,19073.696412259887,15000,1440p
1.5065870930387393,1.0793620243689548,12975.67371845155,8000,1080p
1.0501897137389584,1.204100559150932,14884.698924324795,8000,1080p
1.3882065743683778,1.8990434520929822,10207.447480385446,8000,1080p
1.4960954659248433,1.3291265605560854,11876.741610214294,8000,1080p
2.0902120867028082,2.0857964087519085,8035.048787980573,8000,1080p
1.6691487176828304,1.3625886582559779,11067.723829347035,8000,1080p
1.1267714191724363,1.0170929711442624,15651.378021649602,15000,1440p
1.038633374136036,1.0078408720795682,16396.215130510325,15000,1440p
2.00999434844537,1.5503437604258994,9424.507160258925,8000,1080p
1.494734115567401,1.1674217367829558,12604.232757588386,8000,1080p
1.070459426547695,1.4870560326942646,13119.933206560338,8000,1080p
1.6376510825664663,2.184211612371838,8779.601644098746,8000,1080p
1.2176903114568198,1.3236306127379522,13203.539812915153,8000,1080p
1.5037757568083643,1.941214966053103,9740.064545697564,8000,1080p
1.278054940743363,0.9723432066119961,14910.442420792411,8000,1080p
1.0725181363958767,0.754338730055591,18367.30212212901,15000,1440p
1.7723409502657448,1.5398058139791393,10130.720160780636,8000,1080p
1.030635145487966,1.4935064935118565,13293.402985616829,8000,1080p
1.7114405037482405,1.4906861161682818,10478.796119834495,8000,1080p
1.8313017513502967,1.6680208856273941,9588.836320900215,8000,1080p
1.8746251602169686,1.359061182980302,10376.526489833715,8000,1080p
0.8885256003554703,0.995242278479126,17812.402672859374,15000,1440p
1.0125155984305614,1.3018782319916717,14498.151334027018,8000,1080p
1.228776328945807,1.0807128774096486,14528.940818455425,8000,1080p
1.783404731460291,2.471501601040425,7886.05656103344,4000,720p
1.6393602807993821,1.2894966507031855,11456.494046906499,8000,1080p
1.224711476787629,1.2233800216201303,13706.363516977954,8000,1080p
1.1598441504255919,1.4725776510867037,12746.60162012158,8000,1080p
1.5285033722583967,1.1721233843843035,12424.683239720762,8000,1080p
1.1897503061485084,1.0768520623220477,14803.845820844903,8000,1080p
1.8470961487728041,1.2761748439042495,10743.36235269788,8000,1080p
1.4921366675327554,1.6578907069376323,10652.108064820068,8000,1080p
1.0996019913863821,1.6265613209034862,12308.298570644183,8000,1080p
1.002704835353549,1.4192389654999484,13854.339637515683,8000,1080p
1.2803429321956616,1.4711149913292343,12195.146330645455,8000,1080p
0.8095656502467051,1.0438093274426499,18104.502544775412,15000,1440p
1.5875675717437945,1.1409243597901995,12297.79410824032,8000,1080p
0.9582173461898117,0.8369198979819054,18691.847717460812,15000,1440p
1.5098546230754064,1.3559261328304266,11708.652844726746,8000,1080p
1.1043591938773514,1.3080773339586462,13908.938789821334,8000,1080p
1.1087701373248713,1.6240415932624428,12278.35478911266,8000,1080p
1.3827964025457808,0.9226603055398959,14554.353539720873,8000,1080p
1.6559139242368521,2.4516453578473856,8168.946494905845,8000,1080p
1.029230810688131,1.246998295540513,14741.236683153767,8000,1080p
1.251226417851483,1.7766338766601277,11081.895707282716,8000,1080p
1.052009850327377,1.0242366677266115,16161.102117801354,15000,1440p
2.414537634625054,2.0023292084603135,7596.8855734307845,4000,720p
0.9653019548718151,0.8324758916708115,18664.39285840004,15000,1440p
1.3504272236154555,1.4526321714451582,11970.646094452242,8000,1080p
1.171943426239186,0.936721990652658,15912.639213033126,15000,1440p
1.7451381225310174,1.1718479825286516,11503.116844402528,8000,1080p
1.7044668461043129,1.8006133082715494,9573.085499374243,8000,1080p
0.8602611530102806,1.245701264886956,15933.063056986297,15000,1440p
1.66691841533343,1.423707911410362,10856.838858080953,8000,1080p
1.8059989586124434,1.4994576448600339,10151.22448279917,8000,1080p
1.6537787250776002,1.2476268914833937,11564.888345315787,8000,1080p
1.2296453848700521,1.4698564415874233,12429.860825111235,8000,1080p
1.6086668355766076,1.8813873739043208,9614.301092758818,8000,1080p
1.2800652815968507,1.2579023621020937,13220.984941752964,8000,1080p
1.5077931185163878,1.7360851105572204,10343.924657610383,8000,1080p
1.0197060972251613,1.1441289240288992,15506.927131881514,15000,1440p
0.7013396192163076,0.8368428834120859,21814.33733816588,15000,1440p
0.8030347152212997,1.098254198079922,17648.25522584003,15000,1440p
1.0868151263121646,1.3354311742449034,13852.609452755962,8000,1080p
1.1729531163421847,1.4966988421354432,12568.84137778561,8000,1080p
0.9686762821635647,1.2318519629885265,15248.353241510362,15000,1440p
1.2294913942913992,1.1261225896249278,14244.45271131141,8000,1080p
1.2996381743754353,1.510634864825756,11939.918837757385,8000,1080p
0.8839747985057185,0.7252298709751519,20851.56266096634,15000,1440p
1.069241642548334,1.14377657965855,15162.293587686132,15000,1440p
1.1451540820095556,1.2985525549625476,13730.95751034008,8000,1080p
0.933993824257259,0.759176375041686,19817.51864868232,15000,1440p
1.189575489595431,1.19385333195468,14078.218613710143,8000,1080p
0.8993352201265068,1.157651304689775,16312.421882781604,15000,1440p
1.4468461378623245,1.3793158285433127,11872.791580545938,8000,1080p
1.1504311703327195,1.3980662772323835,13166.358880233029,8000,1080p
1.4390950528678372,1.9696787296465716,9843.54907096513,8000,1080p
1.577180593725243,1.3706291296328446,11382.83510435519,8000,1080p
1.3492741123477658,1.5681884036902136,11501.238427415392,8000,1080p
1.1563814230418947,0.7985226364109208,17164.23465271846,15000,1440p
1.203680010850265,1.160728512755549,14191.469733338721,8000,1080p
0.9728778269021866,1.1007956362904996,16181.155131502068,15000,1440p
1.193121223680589,1.2125250703850698,13948.198487355921,8000,1080p
1.024547144704301,0.9351990576716855,17121.825244166197,15000,1440p
1.0460743435579978,1.086618286557256,15733.36519580258,15000,1440p
0.957347227511114,1.3563967887042043,14502.223134816055,8000,1080p
1.2439615504088797,1.2002926163326733,13727.881681278497,8000,1080p
0.9155850386800768,1.231304795520827,15629.321759068896,15000,1440p
1.2261742998518153,1.3683055959258197,12933.009060740029,8000,1080p
1.1984499717065393,1.7082750795962847,11543.72409078064,8000,1080p
0.9364440100455572,0.6761980946496079,20807.116409962975,15000,1440p
1.1919008611241257,1.4339960772615092,12778.274542880117,8000,1080p
1.2636648197421383,1.6308919373019493,11592.252222501134,8000,1080p
1.2834323504612328,1.5295826116483493,11928.280671083354,8000,1080p
1.1628730740852238,1.489570759173805,12650.383611996049,8000,1080p
1.5124599699652226,2.0695778395451363,9367.414244180374,8000,1080p
1.523950907112588,1.19299242388807,12350.06693630294,8000,1080p
2.061846879316429,1.9758034685836612,8310.385771133218,8000,1080p
1.3756748410328827,1.1595501613234107,13235.28758544657,8000,1080p
1.0220221044477775,1.0732450082443659,16014.393485557532,15000,1440p
1.187228827520056,0.9537745906074371,15672.292587625328,15000,1440p
0.6992501888688293,0.677044600633225,24380.265228018518,15000,1440p
0.8632569774193435,1.174784494214439,16464.057511597795,15000,1440p
0.9799585032653337,1.2264768696127337,15207.529942847003,15000,1440p
1.5783760731848784,1.3738077488506468,11365.969744006077,8000,1080p
1.1191438924827497,1.070914059135189,15321.253017625015,15000,1440p
0.8867785656016072,0.6857385155933902,21338.03975884389,15000,1440p
1.7564572958420324,1.662781350859095,9813.422070545801,8000,1080p
1.4965642780341237,1.0116121478445905,13378.019047541498,8000,1080p
1.4182341206597417,1.4547796001190627,11679.175688344505,8000,1080p
1.059640996120883,0.762395752018028,18415.8920144029,15000,1440p
1.2532777052173525,1.2529657760148816,13388.336868013492,8000,1080p
1.5333605307723683,1.6601354811704123,10507.115673392365,8000,1080p
0.8754559505050669,1.287854521424586,15510.68717846577,15000,1440p
0.774182444388668,0.7608826616511497,21858.637700757976,15000,1440p
0.9252646142436118,1.2431590890009643,15474.112347044107,15000,1440p
1.233012697342405,1.1923073527406254,13835.053233016102,8000,1080p
1.1925402273784744,1.2962942472672667,13481.986183422709,8000,1080p
1.2270622561970348,1.1674427793599214,14013.097279703703,8000,1080p
1.909168027705561,1.50610014782068,9824.830811369528,8000,1080p
1.4542160261280996,1.4741181018007,11458.539406407468,8000,1080p
1.0403864560880334,0.9632536065431543,16746.736415290176,15000,1440p
1.2428609123119534,1.047511800466829,14650.205974245242,8000,1080p
1.6579229282055497,1.3855613652845566,11025.005803963444,8000,1080p
2.1870235592488583,1.4713875471036202,9171.859319401246,8000,1080p
0.8636057719016963,1.2877525741993272,15596.858636224777,15000,1440p
1.2989836506959722,1.0022844968033964,14580.844060463496,8000,1080p
1.2889066811584033,1.1683698430957188,13655.130657378928,8000,1080p
1.398516970476674,1.1878165969954604,12973.744926798396,8000,1080p
1.0686740835684823,0.7503190540602116,18446.706205688486,15000,1440p
1.1769294444609197,0.9727964889198215,15608.702243839529,15000,1440p
1.201691456560696,1.0930010705587974,14622.626606153884,8000,1080p
1.1388840934389424,1.2134727773158267,14264.175821772247,8000,1080p
0.9350086238610569,1.371809863310994,14545.761700191102,8000,1080p
0.8314340559792849,0.7415743457002161,21331.37494000282,15000,1440p
1.2599036421286043,0.99158453489533,14903.223717724768,8000,1080p
1.6955094330279157,1.799102060297089,9601.763190011743,8000,1080p
1.8600909233926546,2.139553027361816,8389.354755857825,8000,1080p
1.4097242297428283,1.390866722926641,11981.197028440216,8000,1080p
0.9583730385259372,1.0244371608709586,16922.664615204285,15000,1440p
1.2778188935221626,1.4492062079466559,12304.408926022374,8000,1080p
1.7655912620689005,1.301295126236182,10940.878712675069,8000,1080p
1.125435074182814,1.4116532341872823,13225.567233627906,8000,1080p
1.3120719716985878,1.473364461562336,12046.382247078482,8000,1080p
1.2413064183134679,1.2114609711982196,13680.234066826953,8000,1080p
1.4013884952947566,1.6659200177139657,10939.37302286116,8000,1080p
1.134788212490436,1.246620153300053,14090.162981711825,8000,1080p
1.012712866815134,1.380153618600648,14022.692951951149,8000,1080p
1.336353014451329,1.542055501270399,11657.28624575953,8000,1080p
1.112023426279419,0.9637768567966583,16164.576271411099,15000,1440p
1.1515579805881415,1.0808381967631606,15030.67974243341,15000,1440p
0.8622705550757295,1.200576848844387,16266.075685596079,15000,1440p
0.9552441183173254,1.291894406441564,14932.071000651942,8000,1080p
1.9546890381967228,1.3399426828785153,10184.577470482545,8000,1080p
1.5376571495751221,1.3333557512791858,11687.314950767179,8000,1080p
1.5079134628703088,1.556174814829262,10950.869870234841,8000,1080p
0.8964388868656437,0.8447585923422662,19270.893968479835,15000,1440p
0.9683849783743,0.6651702085111709,20540.73977382713,15000,1440p
1.3311853748183113,1.1638597747125237,13448.426777491193,8000,1080p
1.277871220219345,0.9125082985560831,15319.003721674326,15000,1440p
1.3772447631004126,1.2646515845259871,12700.888901317734,8000,1080p
0.9346909892959592,0.8390417023582253,18917.41194030038,15000,1440p
0.7341559609975258,0.8816157027997803,20766.815480067304,15000,1440p
1.1608756017514987,1.3396509044332157,13418.946736620328,8000,1080p
1.2351943762132007,1.2750328850565913,13367.089314067354,8000,1080p
1.432706357654199,1.9403492803635365,9947.784916977871,8000,1080p
1.9073694750532206,1.7349042148188534,9212.496055226018,8000,1080p
1.1362338390335411,1.3577528905293867,13454.134138829371,8000,1080p
2.238362966115779,1.6995495963689393,8520.867710386146,8000,1080p
1.3408448819252556,0.9607137085189339,14579.004045047646,8000,1080p
1.6015427086800893,2.104350950807615,9054.342915127927,8000,1080p
1.2105404830064532,0.9138538006277146,15794.823144882013,15000,1440p
1.8149696322665945,1.5850596963749306,9868.865458700795,8000,1080p
0.8966650675332316,0.9398226877125454,18270.98051928444,15000,1440p
1.2353273887529022,1.2657595563162745,13415.939844135219,8000,1080p
1.3207434239739437,1.03510427562725,14243.039567320167,8000,1080p
1.6448617632768854,1.7839445616507223,9786.038877745139,8000,1080p
0.8960001277161675,1.2257077393166187,15814.82188069838,15000,1440p
1.4575787338047352,1.120655124355104,13014.502890730317,8000,1080p
0.8917798902209223,1.2308492965261575,15807.95751302281,15000,1440p
1.3469752815630407,1.5763782586194155,11478.061595624098,8000,1080p
1.9769307577735116,1.4154342655354555,9891.161997440497,8000,1080p
0.7896396353203339,0.7201509018891292,22224.56107190767,15000,1440p
1.7587665523943492,1.237706832820001,11197.974313928276,8000,1080p
1.971696175072231,1.3564926069191996,10081.889639662393,8000,1080p
1.4626873397739335,1.2043091652241376,12581.355819971075,8000,1080p
0.8902422960528485,0.7762450257221843,20134.825846895747,15000,1440p
1.1456676495425735,1.1689300952892734,14496.874057240428,8000,1080p
1.2729486293525023,1.241096153531122,13346.791683445219,8000,1080p
1.6734681477891376,1.7347477430384948,9845.160363902834,8000,1080p
1.1647073325683257,1.4519396921891117,12823.446067629427,8000,1080p
1.6083502294178549,1.177683531278243,12043.799494955272,8000,1080p
0.7607906647664354,0.8754204298509108,20507.397920955445,15000,1440p
1.5996321321524543,1.9632020329967703,9417.90452337672,8000,1080p
0.8023648010787423,0.8308168701195202,20545.437529543895,15000,1440p
1.5501135326333544,1.3293863972065219,11652.867795647386,8000,1080p
0.8420458004049308,1.2210263398854102,16264.303775280396,15000,1440p
1.2625892412038222,0.995281502976811,14861.095165204724,8000,1080p
1.1036641189965493,1.148943970237227,14895.814394155677,8000,1080p
1.107801820271414,1.4436697996732348,13151.011258642935,8000,1080p
1.1447244616778427,0.7809255397841308,17424.98999014625,15000,1440p
0.7016014071069132,0.7422052005352593,23240.253800193164,15000,1440p
0.7855782204083357,0.6199811332607565,23872.65390992492,15000,1440p
1.022221435054059,1.0495638772023668,16195.90205678944,15000,1440p
1.0643728685393632,1.379955639752792,13727.464162926439,8000,1080p
0.8291215072698299,0.7602026932596888,21112.389774736075,15000,1440p
0.7563522339166272,1.1028730953299184,18047.53381538643,15000,1440p
1.501229828314478,1.0366784204918342,13221.294353640284,8000,1080p
0.8492808556712341,0.9937846368175618,18205.773010643017,15000,1440p
1.431564840129359,1.0049120258490747,13771.70145488958,8000,1080p
1.264077926984165,1.8031026013035645,10939.829491788,8000,1080p
0.7979071609303595,0.8964965706326439,19803.0914208668,15000,1440p
1.01120989104116,1.0440958948221786,16325.76146614862,15000,1440p
1.7657463697377327,1.4971114132753438,10283.755600593251,8000,1080p
0.988296729298712,1.2615106850962583,14914.357462469126,8000,1080p
0.9912345652667439,0.9047235667758754,17697.87604109695,15000,1440p
0.9511138171812789,1.010793600366629,17102.964033816665,15000,1440p
1.5810968446067828,1.9534861297572275,9493.179886670383,8000,1080p
1.1487607864660438,1.5199670679749218,12573.19360764451,8000,1080p
1.152220001144208,0.9450879717106502,15998.810110050583,15000,1440p
1.5757395755018166,1.369528020065993,11392.65988954431,8000,1080p
0.9164990089555486,0.9310914292246478,18161.185134217187,15000,1440p
0.9534899052163162,1.350790768799565,14561.781634665891,8000,1080p
1.7622833818591142,1.7153137478797267,9648.740422821737,8000,1080p
0.6922712681930157,0.9590391234890916,20319.881815689285,15000,1440p
1.0596780597929825,0.8962918543132044,17154.881451912956,15000,1440p
0.8690829376713626,1.297595738027093,15486.575086720377,15000,1440p
1.5476066670249475,1.3796553048608116,11462.736277882243,8000,1080p
0.9101645964964534,1.1649277615438876,16170.0908732987,15000,1440p
1.7924775489729061,1.4328153690238703,10403.530114356434,8000,1080p
1.0571456390100495,1.2636627848740716,14458.079199765687,8000,1080p
1.7353645828274609,1.1856463794389336,11487.266714660092,8000,1080p
0.9154136125129013,1.077092532050337,16840.315444726122,15000,1440p
1.1493976449349872,1.642311343597806,12019.315816164213,8000,1080p
1.5164795369674953,1.088664837826221,12880.06619696728,8000,1080p
1.2199868975994586,0.8617934424376441,16118.142416217637,15000,1440p
2.41596795960501,1.9565373512480635,7673.9602618009285,4000,720p
0.9927788266925642,1.396517973329566,14043.643301112364,8000,1080p
1.477420973652065,1.1713926865213489,12667.720838393458,8000,1080p
1.2520708606357627,1.3678759809313685,12807.294967835793,8000,1080p
1.0459565272699962,1.5135308276444432,13109.825268553313,8000,1080p
1.2322191536859215,1.0657938682054962,14601.497763656043,8000,1080p
0.800318917438984,1.1254719444305676,17423.715453414017,15000,1440p
1.4030812302646187,1.9011582368113844,10154.96374713213,8000,1080p
0.9890626155882961,1.2214468112838262,15179.501879564308,15000,1440p
0.6812559418568184,0.7164124599559184,24007.43406410336,15000,1440p
1.1142164372524412,1.5006257816251787,12832.297015000284,8000,1080p
1.4954871574416027,1.3715223094545772,11703.634880677942,8000,1080p
2.009454803400558,1.3959913813046554,9853.167596863548,8000,1080p
1.1349624167285963,0.7940370652025706,17394.73354674407,15000,1440p
0.9336706805062547,1.037789175518334,17020.09396613425,15000,1440p
0.9628551391565201,1.4086525402038197,14148.9872843467,8000,1080p
1.0862824264181037,0.8849341104885506,17022.19485874217,15000,1440p
0.9718748519212578,1.1373996107007662,15908.04449331299,15000,1440p
1.4264330703771877,0.9709887784493489,13996.048303482281,8000,1080p
1.1285964845978005,1.0082409715339868,15702.847169640105,15000,1440p
1.3882092087176006,1.4439273785382694,11847.74496787662,8000,1080p
2.404632200081377,1.808083914682903,7965.03516636262,4000,720p
1.0578225923080335,0.9114929670540528,17038.626359540456,15000,1440p
1.0658276401541877,1.2915237731363656,14233.954178754544,8000,1080p
1.167483195406343,1.565187228903643,12278.98970234315,8000,1080p
1.0302293224270114,0.7862768653267975,18471.9612992299,15000,1440p
1.2604514179945823,1.2936340511014435,13137.552523595074,8000,1080p
1.203425848336651,1.2922930456259882,13444.79623934053,8000,1080p
1.1748382482386588,0.8169364488361008,16846.499781968345,15000,1440p
1.803517655178061,1.6758657186493968,9643.78695731043,8000,1080p
0.998248310771296,1.3938977215098247,14026.916228020958,8000,1080p
1.1161481520697167,0.9574361823198756,16181.850645528495,15000,1440p
1.2551546794724926,1.6446978377361194,11571.082253624189,8000,1080p
1.4178034868639764,0.9483957157249399,14180.729992338463,8000,1080p
1.3394848191538962,1.1912640013840596,13258.697081153794,8000,1080p
1.1277647376067987,1.47766302878615,12878.665236017656,8000,1080p
1.0383710813131255,1.2223319748967054,14842.476506514526,8000,1080p
1.092747393480266,0.7536128053054629,18173.286026240865,15000,1440p
0.882618802302342,1.166521188492564,16374.88514729709,15000,1440p
1.3786814776906615,0.9694885025276063,14289.609475750574,8000,1080p
1.6330022030548077,1.62352712978917,10303.740138798747,8000,1080p
1.4190697292379981,1.4144612123876954,11841.914802154472,8000,1080p
1.1660963924323047,1.5024404926606894,12574.093387069928,8000,1080p
0.9305382017488361,0.7891886848047368,19511.48886626116,15000,1440p
1.529551411855569,1.09196495699725,12799.62711607385,8000,1080p
1.3238978773480103,1.040595426882188,14190.960887886391,8000,1080p
1.6582220941701549,1.6947499358675724,10007.370088208712,8000,1080p
1.5620091319295761,1.2441811655359098,11957.290291505149,8000,1080p
0.8582734816936374,1.245254878961629,15951.499693375905,15000,1440p
2.579429068152376,2.345280621616825,6813.484268871197,4000,720p
0.8984493576821042,0.794290674319166,19822.554772530377,15000,1440p
0.9317335902587698,1.1466948549322167,16144.1362475756,15000,1440p
1.2164001529728097,1.4035029699931987,12807.508684524495,8000,1080p
1.0094806207142386,1.19027519784531,15253.707578313044,15000,1440p
1.2954994648542744,1.3831479026825824,12526.632809773273,8000,1080p
1.1630577683848615,1.3031123556752926,13605.886987535963,8000,1080p
1.4429562181437638,1.6119162443242148,10983.906009906532,8000,1080p
1.0655467865287027,0.7686574239769872,18293.727496541425,15000,1440p
1.0985580448852286,1.013884952577858,15884.183402958943,15000,1440p
1.1966807449730386,0.8065876576480138,16749.843383990774,15000,1440p
2.413387635599398,1.6170212781167086,8325.317038132052,8000,1080p
1.0912700739690426,1.2626241719827607,14254.859604549558,8000,1080p
0.9994202319447401,0.9078064379289772,17593.311025910585,15000,1440p
1.1092192755089476,1.5535198381494384,12601.471855760947,8000,1080p
1.6277176381350846,1.740774222059385,9961.262604346277,8000,1080p
1.6743012056180797,1.6851356407730749,9988.11215518028,8000,1080p
1.0701623899482287,0.8657934913934215,17332.22968735538,15000,1440p
0.9447536616275449,1.063463799394497,16708.56500915152,15000,1440p
1.3954231661260221,1.5842369023853127,11261.16108162771,8000,1080p
1.0222757751131275,1.1328684550178854,15569.4600532421,15000,1440p
1.537365937942533,1.7683224469569991,10150.512720218121,8000,1080p
1.6479277681066162,1.6663096447589285,10124.329617952228,8000,1080p
1.6525480277501727,1.2562931473133943,11535.326262447703,8000,1080p
1.2477853668671053,1.4329139305138499,12517.044352114652,8000,1080p
2.185113232089609,1.7018923578270484,8632.463016529764,8000,1080p
0.6883123423180526,0.5711991004878618,26640.83140463425,15000,1440p
0.7678751777453647,1.0190582295824666,18777.662257810203,15000,1440p
1.1111716729749628,1.4097479293630923,13310.393544038281,8000,1080p
1.162140048998611,1.228074341536031,14038.252021608223,8000,1080p
1.8931031466489716,2.452300018415658,7721.822515748303,4000,720p
1.0511810453875794,1.0943106978932657,15639.506469826447,15000,1440p
0.9862388003616297,1.1492525817929558,15712.745216581277,15000,1440p
1.3473104549280592,1.2070199764123337,13136.292622247862,8000,1080p
1.097301268540187,0.7623625362220408,18043.278529201783,15000,1440p
1.3045729592513868,0.9575363869426117,14833.249354835729,8000,1080p
1.3231278133728404,1.1098548449108085,13791.480134786912,8000,1080p
1.6368596552285453,1.4268457615416337,10952.23836349572,8000,1080p
1.2512282604589413,1.831779224362807,10883.668679104758,8000,1080p
1.306741578801041,1.4556370186539263,12146.93454073035,8000,1080p
1.10462890366497,1.1865658523299674,14644.94971988062,8000,1080p
1.257974023511178,1.2782066109997519,13230.300532781468,8000,1080p
0.7001051784705481,0.8324842749078669,21893.946827073072,15000,1440p
0.8507424847970998,1.1579466627643162,16704.64145272835,15000,1440p
1.1839050618351368,1.1488097614681645,14384.283781625898,8000,1080p
1.4862655396279896,1.1904319590952637,12535.757968916918,8000,1080p
0.6850847650193875,1.0076940186811174,19822.100987494785,15000,1440p
0.9561003257361844,0.6610142071944713,20749.57049528839,15000,1440p
1.6847951964112573,1.8741777925869347,9428.122130661399,8000,1080p
1.2177587486615042,1.7249430048257257,11402.59353848433,8000,1080p
0.8277274444570158,1.072159566018597,17661.27765229579,15000,1440p
1.2250155315988762,1.5758587005321696,11979.985254271878,8000,1080p
1.0391777736652397,0.9696657470362713,16703.357754954657,15000,1440p
1.4582949437238395,1.1780439471568838,12727.662637025565,8000,1080p
0.9035236005950239,0.9926294410965116,17696.05683835862,15000,1440p
1.8816766442502428,1.7504885108732509,9238.134987520729,8000,1080p
1.2355975751581696,1.1826230431423281,13875.670294955029,8000,1080p
0.9014939064907167,0.8547961303233339,19105.290866916544,15000,1440p
1.1873830555786318,1.2630718302327282,13693.144156330765,8000,1080p
0.9115069259680286,1.0034936363808256,17521.891460357398,15000,1440p
1.2455038015454951,1.0164858371445735,14834.034350144755,8000,1080p
1.5136423277420927,1.3388964958040062,11763.006246585353,8000,1080p
2.21548318082108,1.8012706145563988,8353.619292926238,8000,1080p
1.1445928641147867,1.0880153610357794,15029.252164354588,15000,1440p
0.7521486304681632,0.736063565540995,22546.806221572933,15000,1440p
1.3343302664035284,1.0552438998319518,14042.013206420555,8000,1080p
1.3767460672129594,1.3635547994823352,12244.798521143939,8000,1080p
1.2042603156068719,1.5000279704518942,12407.860572033273,8000,1080p
1.2488099527241365,1.1447386447798653,14018.696773063493,8000,1080p
0.9602321285039845,1.1185062595542459,16141.729133767294,15000,1440p
1.0256234318332202,0.965671828336077,16850.555852348713,15000,1440p
1.335995231779638,1.1386253031886733,13559.425182911804,8000,1080p
1.1520261300726318,0.8844857080069584,16476.423742098883,15000,1440p
1.3790680603415633,1.1966638912805123,13027.144373027242,8000,1080p
1.4489063892308192,1.07661578457797,13286.136367354047,8000,1080p
0.956866683026623,1.4212017397327381,14109.952295260515,8000,1080p
0.8602572208644877,0.7913735448649998,20315.94027929104,15000,1440p
1.6790973119273256,1.3195511259001786,11189.851926860058,8000,1080p
1.423874931226617,1.2361825829090487,12614.175378423297,8000,1080p
1.3616811202441288,1.172291988113963,13241.826398758376,8000,1080p
1.1425918580670416,1.1596014017373257,14574.984900638334,8000,1080p
1.3145648839455422,1.2888810314687789,12888.46900998903,8000,1080p
1.6054260279774057,1.140129788973451,12221.362171126677,8000,1080p
0.8818069018832979,1.3070853371074227,15329.412477368764,15000,1440p
1.372005560151204,1.260395292360889,12746.70305929247,8000,1080p
1.2318037958913768,0.8983077259505967,15752.429699541948,15000,1440p
1.0221981260391968,1.2053498267372764,15063.393790547534,15000,1440p
2.0364353750547735,1.4579719669668707,9602.324147071968,8000,1080p
1.115277745968301,0.9736314675894608,16063.135622275891,15000,1440p
1.1491529735062758,0.9983596728322903,15624.789012166764,15000,1440p
0.7759922625232348,0.8494468105641307,20643.303434478523,15000,1440p
1.548138954298884,1.901056333794722,9728.191417814955,8000,1080p
0.6918551468395804,1.0198540667345037,19602.88098814264,15000,1440p
1.7288778274743988,1.3369683013881117,10944.591016526116,8000,1080p
1.2999357616610878,1.0053120331596375,14555.67252916924,8000,1080p
1.8148166459065451,1.382983363916451,10492.973887337406,8000,1080p
0.7126111288248641,0.7534417111631454,22887.600695398152,15000,1440p
1.5039914229271596,1.2412433404910672,12222.791451984867,8000,1080p
1.2600077864343913,1.4126786153932849,12554.571302137922,8000,1080p
1.169268975286989,0.8869563640437381,16318.460510228662,15000,1440p
1.4272369136770788,1.2615015804221048,12479.619001118905,8000,1080p
0.8287857472271274,0.7034366508815835,21899.191684847905,15000,1440p
1.0112994681436356,0.804161516210105,18482.596039894823,15000,1440p
1.7568695750755277,1.6728338078797371,9783.479284755882,8000,1080p
1.58168359670239,2.2934524112686336,8658.904340642412,8000,1080p
0.942564645542933,1.1197591377552047,16270.205615501667,15000,1440p
1.3441469342779506,1.0385396174033177,14082.604351094089,8000,1080p
1.4393246098144894,1.0516001208745138,13470.672793360025,8000,1080p
1.7944591182566478,1.2173318568182263,11141.022825850596,8000,1080p
0.9430309943259931,0.7462376500908698,19863.289424627317,15000,1440p
0.8111767429424926,1.0545774297629027,17984.379984714247,15000,1440p
1.300389554778356,0.9660001850116393,14805.234691500664,8000,1080p
1.2372109855445885,1.2998248212743884,13225.84092420505,8000,1080p
1.4274950201471814,1.0229198380518525,13693.367834318997,8000,1080p
1.1762147297786225,1.757844765820406,11436.179821960088,8000,1080p
0.8813273524458048,1.2946162288376213,15420.635116011948,15000,1440p
0.9577377619847682,0.8289549421828108,18780.19198361983,15000,1440p
0.767239282066913,1.0661565187203097,18301.79385465616,15000,1440p
1.0805399774178661,1.5863527214281476,12581.845536762417,8000,1080p
0.9695232426398885,1.075789103501305,16405.529484680304,15000,1440p
1.609732569101784,1.3316554205160913,11407.686479456645,8000,1080p
1.1263819797361478,1.0779875243140904,15221.781982715764,15000,1440p
1.031606149723057,1.0572174989528818,16063.793619566422,15000,1440p
0.8186184637549996,1.0554546720056632,17904.547778697375,15000,1440p
1.3068678233167477,1.2511549444197545,13117.331254127597,8000,1080p
1.2675538887688496,1.2677165405335038,13235.050435717578,8000,1080p
1.2369590446464576,1.3691176445551572,12875.458400374078,8000,1080p
1.2554224048320186,1.3758815213639306,12752.016848357505,8000,1080p
1.1498718517298614,0.8778744675778634,16547.64783962499,15000,1440p
1.1224688251739021,0.9314343588791205,16336.91025970666,15000,1440p
1.1917146864277537,1.0454342735404547,14998.747334409432,8000,1080p
1.9856583912734986,1.479166863787739,9684.307152571524,8000,1080p
1.2180052472167573,1.3724854426804372,12952.925146907835,8000,1080p
1.6970078999453138,1.5089702220194614,10466.207417359497,8000,1080p
1.5797799343802783,1.4446428129032163,11094.491347196172,8000,1080p
1.1346320582257736,1.485942568987834,12804.226848398359,8000,1080p
1.5610942270883974,1.069372478827033,12756.075537676385,8000,1080p
0.8527392515648143,1.2456821771983377,15990.320886008865,15000,1440p
1.2862476392495241,0.9271018234223252,15160.024463328398,15000,1440p
1.6091411755514224,1.5296131125696304,10690.365960467276,8000,1080p
0.8698070613974841,0.9431317737835757,18508.30891194897,15000,1440p
1.1350955782250194,1.4517776577808121,12971.038369011276,8000,1080p
1.473878196135395,2.179764578373562,9183.829419259428,8000,1080p
1.4855318446702437,0.9976874540514966,13512.47230450909,8000,1080p
1.1957789343135532,1.2187502082294357,13896.88424495899,8000,1080p
1.538282207711021,1.2797413934244815,11907.079836549092,8000,1080p
1.1216045381848239,1.4915826067684446,12840.42440848608,8000,1080p
1.142893327387139,1.0566151849864263,15255.422659760594,15000,1440p
1.3635885163671349,1.484943821398335,11779.551018305014,8000,1080p
1.714934626272993,1.8012464917562743,9542.86223424305,8000,1080p
0.9948442550059002,1.2708643312175536,14809.685678037467,8000,1080p
1.3882370628916703,1.0907594637231712,13535.489719229166,8000,1080p
1.301029706743686,0.9294999827469996,15043.257284623613,15000,1440p
1.5197517340986715,1.3286559277152672,11780.066614001342,8000,1080p
1.5499283594412483,1.9348281940903105,9628.917109286991,8000,1080p
1.5187765942982656,1.4177650980201797,11426.513060506984,8000,1080p
1.1494913571001844,1.003792878026223,15582.908866664417,15000,1440p
1.467212916219087,1.6275316340358403,10842.391497946406,8000,1080p
0.8166330314330784,1.126336011389216,17269.66887298416,15000,1440p
1.3999545272337295,1.037481820132266,13766.280311795812,8000,1080p
1.061799875971301,0.9683899140097618,16527.731626663826,15000,1440p
1.0392880109249742,1.152148079665626,15311.617867421794,15000,1440p
0.8211610863840217,0.9887664884010521,18539.10204334256,15000,1440p
0.8276314050869628,0.8938116347002573,19492.037334065677,15000,1440p
1.2629416085748046,1.7566548782861606,11112.223817322578,8000,1080p
1.1989221781240094,1.172589349414328,14148.964325225092,8000,1080p
1.2127898387362293,1.5092539016727011,12326.926089350476,8000,1080p
1.0622782406591762,0.8878389136414477,17206.367282089635,15000,1440p
1.4110016436485862,1.2138614925300542,12783.307265631234,8000,1080p
1.7111670196468407,1.350231546145328,10960.491186915233,8000,1080p
1.2974097016059394,1.4108042123794766,12389.875048910442,8000,1080p
1.6587295944658829,2.182090565205164,8736.26741296677,8000,1080p
1.1377003070297003,1.3294429503242051,13600.52031838162,8000,1080p
1.2171448017292614,1.3592715061861464,13023.684059486903,8000,1080p
0.9174090639993182,1.3345858693982329,14899.870111775488,8000,1080p
1.824914446312063,2.311023767016715,8112.894890901664,8000,1080p
0.7931449981764984,0.7919956594726429,21168.11012201481,15000,1440p
1.3419928242643095,1.0440773596710207,14062.634127827241,8000,1080p
0.7925665705058265,1.0189277701414174,18523.06752888395,15000,1440p
1.089392952487754,1.0153120545171286,15942.581923986538,15000,1440p
1.0508905106173834,0.794571590872877,18182.130087041012,15000,1440p
0.6691878125878932,0.7666023310907095,23370.01138204711,15000,1440p
0.9226005415907668,1.284364820829999,15203.877945413233,15000,1440p
1.5289163347654378,1.2170164289668257,12219.684488702818,8000,1080p
1.0664555053197524,1.4665197788399376,13247.042799760922,8000,1080p
1.3980783316150405,1.7513621473027678,10654.093076091334,8000,1080p
1.4771439497768608,1.1143566406332261,12947.8774283012,8000,1080p
1.0651031923112524,0.9273054595717936,16841.1394762251,15000,1440p
0.621779240274267,0.8219755127157082,23241.08850932592,15000,1440p
1.544565564347782,1.2356265835001532,12069.105376753725,8000,1080p
1.7964857041237827,2.078253311866984,8659.791501188414,8000,1080p
1.2135700160855127,0.8123691775162993,16562.408243035825,15000,1440p
1.9837721328409739,1.6852827074644057,9145.25224082157,8000,1080p
1.2737557393564591,0.865725311335142,15683.444351682065,15000,1440p
1.2881683138870224,1.4534291674928288,12239.007450179008,8000,1080p
1.3373678160820763,1.172980492774358,13366.44476052226,8000,1080p
1.3293183967960354,1.669632265956548,11188.724248368297,8000,1080p
1.8399841351010287,2.444525389731144,7831.569005862895,4000,720p
0.9845292635833283,1.1184112410638392,15955.958775747573,15000,1440p
1.1352434425405475,1.1365372490291963,14770.101764010822,8000,1080p
1.1342162937477103,1.1465443495446264,14711.948006768178,8000,1080p
0.664398319646685,0.7777925822552111,23266.290167099192,15000,1440p
0.5191302395897123,0.6995931091435951,27532.443712410324,15000,1440p
1.6115817002481594,1.1142229966705777,12309.917888809163,8000,1080p
0.7753238005544908,0.68617070177722,22958.98612445431,15000,1440p
1.5047813076381942,1.0797495365401952,12982.794179292065,8000,1080p
1.01866877860712,0.8229837778697924,18219.740679094077,15000,1440p
1.4671533877154022,1.186575901754233,12644.255815070748,8000,1080p
1.8451962187654027,2.2942520464816907,8106.015548426491,8000,1080p
1.2344992912935118,1.2331314960050876,13597.833262865552,8000,1080p
1.1362944218008368,0.7955448112512564,17369.163761617827,15000,1440p
1.9495018339974746,1.3491991476652714,10172.013828027093,8000,1080p
1.137688653644774,0.9095766921491542,16389.87934267388,15000,1440p
1.5473688163227413,1.2481519519831792,12002.927104109447,8000,1080p
1.8460863948218682,2.131784565214356,8435.274129579719,8000,1080p
0.967151118859251,0.994164373061116,17108.125713699494,15000,1440p
1.0103660958810299,1.2131880509341284,15090.449696518835,15000,1440p
1.2914849736415912,0.9544934582566247,14939.783714503912,8000,1080p
0.9901146153303179,1.0998181352096386,16055.268759882754,15000,1440p
0.8023285850554532,0.8346384782510033,20497.92738787578,15000,1440p
1.1699170953292273,1.0528818787775067,15095.576519007693,15000,1440p
1.8020806878284572,1.714718494037723,9541.18511316146,8000,1080p
1.1454138847121667,1.4372920119657993,12991.967859429818,8000,1080p
1.4016165050515361,1.813937612245825,10435.038806997949,8000,1080p
1.0690318894481343,0.7850932605179513,18097.17752904315,15000,1440p
1.0210107561872412,0.7464010559092777,18985.067187141543,15000,1440p
1.4431681355686847,1.8224698501674004,10275.000519519228,8000,1080p
1.1557879094358947,1.3557513791203704,13360.10635106905,8000,1080p
1.0000525763625296,1.178906092880051,15399.297138418751,15000,1440p
0.9674712806373532,1.1857096179754376,15583.65672926868,15000,1440p
0.780541506801817,0.8187420139220295,20980.91524435457,15000,1440p
1.0533897308912494,1.3669330780528361,13863.618471057915,8000,1080p
0.7461039416791998,0.6977356602449484,23239.72271939579,15000,1440p
1.613232313570236,1.1435942811959947,12171.397382665375,8000,1080p
0.8551994453010562,1.1347955755773587,16861.565806927774,15000,1440p
0.9554574385768585,1.1268840273468155,16113.799081034053,15000,1440p
1.2071706198661074,0.9424447358770376,15609.505165820643,15000,1440p
1.0014384401642435,0.970540232454868,17015.616074302772,15000,1440p
0.7633249444877765,1.1240576039405477,17778.288788323123,15000,1440p
1.3191697463699352,1.247559663100866,13072.835755958447,8000,1080p
0.9156479459782044,0.7890919787589473,19683.021153607137,15000,1440p
0.790575581605152,0.8897856019726934,19968.583140295766,15000,1440p
1.7782367934319756,1.2865435307772268,10948.397095526892,8000,1080p
1.6501922458514144,1.688279785199768,10050.835138922741,8000,1080p
1.070728086273144,1.4375568134477046,13377.4404987784,8000,1080p
1.3452450018250426,1.3323888519561273,12531.374277561043,8000,1080p
1.4468762490632314,1.3236594586440291,12111.171101912185,8000,1080p
1.213534623131605,1.628313613812277,11807.256828071992,8000,1080p
1.3994083183370154,1.3724397842376452,12105.436791010521,8000,1080p
1.2851498744368017,1.1677624571231444,13679.425704815481,8000,1080p
1.3414692913472255,1.2458955621651482,12968.573780558827,8000,1080p
1.0393965902419737,1.4324155394940996,13574.83103037558,8000,1080p
1.3397273038369841,0.9626077630340626,14574.0871877531,8000,1080p
0.7656584500806185,1.036531950508863,18618.69422288823,15000,1440p
0.9627856938397588,0.9154579614567016,17864.791879040742,15000,1440p
0.8659848212545886,1.217457968694646,16105.281201802325,15000,1440p
0.9205684162235483,0.8703792504344636,18735.57369915452,15000,1440p
0.9985447332598295,0.8523752179955558,18128.516026444973,15000,1440p
0.9682508617685379,1.3624268799319104,14396.856073083227,8000,1080p
1.4557555497100727,1.6800197687894618,10700.521750409007,8000,1080p
1.335622202478067,1.1299623506400045,13609.118355955708,8000,1080p
1.1577123763610302,1.153470646521326,14518.292868971108,8000,1080p
0.7894055956263162,1.1390314677554538,17399.806629498118,15000,1440p
1.1998978105366038,0.9018766876259738,15964.810701306968,15000,1440p
1.8867960348100754,1.2871998960460764,10571.668247523256,8000,1080p
1.6877835984180254,1.2639349544138092,11367.761322572025,8000,1080p
1.3623631093850639,1.018230775223763,14094.983700049948,8000,1080p
1.3051866877017446,1.8747144655421477,10552.036174385586,8000,1080p
0.9295669161421803,0.9649143786699784,17711.672367462983,15000,1440p
1.4755291673362485,1.913214552855736,9901.731960450234,8000,1080p
1.4058002487206986,1.737295322658363,10675.60029212783,8000,1080p
1.4279553442153337,1.4775517862371756,11548.562950789994,8000,1080p
1.0658634341871256,1.0640172660766187,15754.136837732243,15000,1440p
1.461037234745169,1.185854794328112,12676.917543836475,8000,1080p
1.0848464411083703,1.216569455675131,14579.907980515933,8000,1080p
1.42449162195595,1.49866406102996,11478.838501589906,8000,1080p
1.2152607433361782,1.5690008400305677,12051.465350976749,8000,1080p
1.2174575584461356,1.052243121521308,14783.637462046892,8000,1080p
1.319411511129277,1.223925903528719,13193.071358371883,8000,1080p
1.226356687512032,1.3790519973650472,12878.759556903477,8000,1080p
1.425172401506425,1.842207764086304,10269.521849139634,8000,1080p
1.829191878317863,1.609649554772613,9757.481597470674,8000,1080p
1.0695239622463755,1.5974543212957497,12581.441778909035,8000,1080p
1.2507905527935754,1.3330829773567177,12986.096884567056,8000,1080p
1.2298657141982077,1.38628109350582,12825.897958474243,8000,1080p
0.897970005368631,1.3350691681211504,15026.351708627359,15000,1440p
1.4328036780561675,1.5604016290258795,11210.200623595325,8000,1080p
0.6954532764587531,0.6820512643957664,24358.85400362084,15000,1440p
1.3512423301226058,1.2383774467502384,12957.281335146212,8000,1080p
1.2587786311791982,1.3852995206583936,12690.408555692733,8000,1080p
3.079779729635083,2.5332167422410854,5977.989148598964,4000,720p
0.8806015594852324,1.2482238124235092,15761.946678564113,15000,1440p
0.9789577083835331,0.9783883340570197,17142.820570532353,15000,1440p
1.7740662469341757,1.2245709382337697,11189.893917800098,8000,1080p
1.5700308690840232,1.248205097082858,11906.182591813918,8000,1080p
0.8625366674171332,0.8318892824944698,19802.831750629473,15000,1440p
1.5575658126554999,1.8618722374556456,9812.849804051677,8000,1080p
1.165459042858412,0.8447465715352191,16692.03973948781,15000,1440p
1.0918207750489899,0.8977907564124026,16864.81580419565,15000,1440p
0.9924373805854976,1.4220200564465997,13897.296960117808,8000,1080p
1.4254892127326513,1.7451055629253207,10583.00867004888,8000,1080p
1.8950002366790006,1.5401344694191692,9768.01053549167,8000,1080p
1.0732198662351902,1.118720384745198,15308.09609659393,15000,1440p
0.9749865245906034,0.8749968288288735,18137.694016531863,15000,1440p
0.9741077391129221,0.8801969302469764,18095.42550069882,15000,1440p
0.8694526873620004,0.9318987457037945,18627.365756659885,15000,1440p
0.841643089836317,1.1885074194803225,16528.051415899514,15000,1440p
1.457897691865879,1.0679974468162838,13284.174582760541,8000,1080p
1.495439160707141,1.0014286731836812,13438.609582996134,8000,1080p
1.4690955148374445,2.002252443143926,9666.11022754178,8000,1080p
1.003753447681657,0.7249524028985765,19410.14544998363,15000,1440p
1.7073406388787586,1.4994524783988759,10463.547467161088,8000,1080p
2.4299724555173263,1.6786401482357292,8166.8522287424585,8000,1080p
1.486951234378273,1.6225701159663297,10790.867217001562,8000,1080p
1.1672464108403207,1.4916765915050545,12619.557606746192,8000,1080p
1.430845764125547,1.0886007534270838,13318.175943101382,8000,1080p
0.9683818947039834,1.3731128790236213,14330.346741104246,8000,1080p
0.7211948692689172,0.7986545609411568,22077.471184341,15000,1440p
1.5105589705284401,1.283464241868087,12009.360498912692,8000,1080p
1.2315032216741417,0.9259847186275807,15552.546724922804,15000,1440p
1.124075164345177,0.9290397214978077,16343.182854194225,15000,1440p
1.0121589816305503,0.6979317760305508,19621.433452977984,15000,1440p
1.3570647056929752,1.0665795188212026,13844.619462134968,8000,1080p
0.9348193105764622,1.2698878442784907,15219.450767468272,15000,1440p
1.959208407824055,2.588003162713659,7379.12267320171,4000,720p
1.084328716027003,1.2480578449047288,14386.308239829601,8000,1080p
1.005406147551528,0.8218481513006715,18363.307187772065,15000,1440p
1.2017741378484534,1.7373278751071108,11416.55915721606,8000,1080p
1.476110053383149,2.196447287853756,9136.530456104187,8000,1080p
1.4025693262625503,1.6637145723395375,10943.028470161356,8000,1080p
0.6686105772954152,0.9875206129239897,20260.733085737425,15000,1440p
1.4073705566038277,0.9452024349770158,14262.865432903165,8000,1080p
1.3213534289847528,1.3960836802168606,12347.822838799142,8000,1080p
1.5332816227602182,1.2566668957637557,12026.900058267747,8000,1080p
1.7099528302309763,1.3330129642313118,11026.884383999224,8000,1080p
1.639327926350558,1.635197608043731,10247.112641986709,8000,1080p
1.3534956159926033,1.602191174905216,11352.499223981546,8000,1080p
1.1586839916973766,1.3940980898163202,13144.260233957602,8000,1080p
1.7319503052732852,2.053676617962094,8863.639413078447,8000,1080p
1.4157106158245816,1.3145486026432331,12289.83379051836,8000,1080p
1.8285246847675252,1.4033831917513466,10382.236524681482,8000,1080p
1.490823673596288,1.0546549394388898,13181.973648558911,8000,1080p
1.9747870305269855,1.7133066057129702,9098.042324708718,8000,1080p
1.5680927762143606,1.7384055953421764,10148.026168300885,8000,1080p
1.7847519093590052,1.6223217675839925,9848.460932053213,8000,1080p
0.9634065852435154,0.6506321086109201,20789.11250874024,15000,1440p
1.7979426306338206,1.665385203224361,9688.494306535235,8000,1080p
0.8341793390513602,1.1160602750795423,17205.286856483566,15000,1440p
0.8539368835949352,1.2170063545113015,16202.487534464573,15000,1440p
0.8805920809293002,1.041813222367967,17454.400454705454,15000,1440p
1.4863527142331414,1.242132505875705,12297.824357890942,8000,1080p
1.3834724222388108,1.1452566155085964,13269.287258191292,8000,1080p
0.977971765374934,1.1307225205257507,15912.42136157633,15000,1440p
1.118055502502136,0.9952948346394148,15877.363733920538,15000,1440p
1.547032888679893,1.2463167737216376,12012.256271258286,8000,1080p
1.5650618036879074,2.2920540034289054,8699.358193520738,8000,1080p
0.8890690812770317,1.2140613912454434,15954.5175339289,15000,1440p
1.5062485047901226,1.3053618671088139,11934.23965687594,8000,1080p
0.9633258267305598,1.0054677868511692,17043.143460302108,15000,1440p
1.3334184599410976,1.623252769274413,11348.719353183867,8000,1080p
1.2626434978333587,1.2233046886883083,13497.639324071868,8000,1080p
0.9752539046887656,1.0667229105031235,16432.327610363594,15000,1440p
1.6006624279954424,1.2951162504381202,11587.360681221286,8000,1080p
1.692155589423999,2.0026339660433887,9081.554306752767,8000,1080p
1.0864414274942689,1.222955903749247,14529.518825559702,8000,1080p
1.1847970797652831,0.84847213311399,16502.700078994567,15000,1440p
2.298405321362167,2.0166228412391796,7776.179143120926,4000,720p
0.9293888027264519,0.9639290045080537,17722.556599735166,15000,1440p
0.8671251089209884,1.2701267752929173,15699.802277793535,15000,1440p
0.8129906209744616,0.8186492070615256,20564.852256879283,15000,1440p
1.7954637355030574,1.3523974851506817,10659.438154338808,8000,1080p
1.423085294448607,1.3779766643848903,11979.182357670428,8000,1080p
0.752300376311981,1.0759053727086765,18353.750401438465,15000,1440p
1.7672525707951088,1.2891923644833956,10978.255035025686,8000,1080p
0.8277510783095037,1.0571572430184755,17801.625479779203,15000,1440p
0.9547932507261715,1.2005208221885804,15568.233150643546,15000,1440p
0.7006529332414397,1.0087255627508551,19629.60928704186,15000,1440p
1.3946387364866735,1.1253659991776295,13315.225771254218,8000,1080p
1.1787299882688818,0.8653999474433858,16415.0191305271,15000,1440p
1.1023457652345556,1.3907859272472372,13458.748328933309,8000,1080p
0.8470539980106956,0.9908849638241005,18256.554051448446,15000,1440p
1.327421191672798,1.1192809750163517,13714.146518047795,8000,1080p
0.9619327096296152,1.2986693588948275,14843.139563214638,8000,1080p
0.7090163039343648,0.7984803106947701,22258.379670228882,15000,1440p
1.0213236628122468,0.7803642183727861,18623.887272822238,15000,1440p
1.2868477007251555,1.8103591083908515,10833.77186865251,8000,1080p
1.97675574647596,1.6815647965728542,9172.086372736496,8000,1080p
1.5055292749314177,1.099467725375686,12880.794870798032,8000,1080p
0.9169871082106614,0.8985117880717589,18482.2100793942,15000,1440p
1.6796941075047138,1.5852173642431093,10277.286931163595,8000,1080p
1.0940096832142696,1.279000071031864,14140.031215615332,8000,1080p
1.4485223080350433,1.0733289181414394,13305.476410229687,8000,1080p
1.3966038273346209,1.4712583388320477,11700.155047845474,8000,1080p
0.9642782001438819,0.9744068732541373,17307.83016820141,15000,1440p
1.1985988652228312,0.7998511636825834,16790.228184178486,15000,1440p
1.040774738324642,0.7214497732401488,19040.951808237474,15000,1440p
1.100391361218669,1.3625988439519807,13623.453284368688,8000,1080p
1.0414727501460657,1.5153001785747542,13123.743459215846,8000,1080p
1.0379844786219146,0.9714299543805771,16698.612017961153,15000,1440p
0.9952706175986379,1.1876462201910847,15371.37440103994,15000,1440p
1.3943949846442312,1.3990098808707163,12012.01888571009,8000,1080p
0.9687550311400203,1.332811597944148,14578.953125224913,8000,1080p
1.043707299143554,1.0329391576553435,16157.98967134896,15000,1440p
0.8539900269145677,1.1483259190265793,16757.810907922645,15000,1440p
1.1212416536277052,1.1986858540201535,14463.569180237171,8000,1080p
1.1143524903878224,1.2657808748277863,14097.710863760953,8000,1080p
1.6454332486554757,1.803972471463345,9727.597946594744,8000,1080p
1.0958203937931494,0.8247519835724328,17471.058313369093,15000,1440p
1.6376005570415608,1.94678468913376,9361.279465092066,8000,1080p
1.2883488507407113,1.2131724019656853,13413.610603426796,8000,1080p
1.4883049770145882,1.3795520275893947,11700.176105758617,8000,1080p
0.8753379501009289,1.0538823840840992,17392.742241738084,15000,1440p
1.3598488449954278,1.081001368850682,13747.026265543524,8000,1080p
0.8269780902766054,1.2189543109773702,16400.55750592449,15000,1440p
0.7475417328090592,1.0649296613661514,18513.082252130876,15000,1440p
0.6817621938350545,0.8745748121961464,21559.875444693575,15000,1440p
1.1807713506927877,1.2651709023024234,13718.407275932403,8000,1080p
1.1867427174551097,1.6522533522890757,11819.118863036503,8000,1080p
1.0851674177573831,0.847525768366233,17361.48926322848,15000,1440p
0.931287235253554,1.0772993378161073,16705.494525296857,15000,1440p
1.3827765366188474,1.2218963235726927,12882.397829235455,8000,1080p
0.8191842552342474,1.1569428932094898,16979.89525948529,15000,1440p
0.6913770351901408,1.0273605021061156,19522.720177965293,15000,1440p
0.8721980222956456,0.7363012580856874,20860.706877061908,15000,1440p
1.1520863180049152,1.5742187563082355,12307.658565486661,8000,1080p
1.0056397863567967,1.3355358495294454,14332.30018528623,8000,1080p
0.8797428083506704,0.8050187423933501,19916.427927252833,15000,1440p
0.9570286122732641,1.2610163474137226,15127.931403489334,15000,1440p
1.590668610622675,1.4030455685532637,11208.295111604915,8000,1080p
0.9913601206085747,1.4848256267047824,13550.854186284816,8000,1080p
1.7433597677725987,1.4242194180888936,10593.083876093895,8000,1080p
1.4382084577034577,1.5909790541970215,11077.040251941457,8000,1080p
1.7728244565651943,1.7497114946316572,9525.646427710473,8000,1080p
1.119193671860108,1.0582301926926956,15410.151668789284,15000,1440p
0.8878332277430309,1.3137789679460181,15240.845806406116,15000,1440p
1.0378066944877415,0.9802494594259337,16627.105214553572,15000,1440p
0.7094469178495121,0.786375197282348,22432.100488795153,15000,1440p
2.230539962507945,1.5498890404170842,8875.826519698676,8000,1080p
0.9193124153767543,1.1889960476146215,15915.333353256694,15000,1440p
2.20899969934912,1.5482705121035405,8930.534699825852,8000,1080p
0.9200492241856114,0.786973811246951,19656.695488879126,15000,1440p
1.087781654507747,0.7757779380354111,18005.55889613866,15000,1440p
1.0256041132431084,1.3172082029433894,14322.287691665408,8000,1080p
1.0068567811068643,1.4124744434125478,13869.300598418647,8000,1080p
0.7861209094643615,0.8596940952904237,20387.730032270163,15000,1440p
0.9955710335719604,0.976351827348313,17016.09767044363,15000,1440p
1.0926941421823104,1.3809908557669448,13564.553299153868,8000,1080p
1.1583881924541795,1.2314316902897857,14040.569434660978,8000,1080p
0.8705447056433214,0.6374597269836578,22250.8841976992,15000,1440p
1.1149765387870734,1.054361215796798,15467.592323555216,15000,1440p
1.143217550998025,1.5380670549895425,12514.311955198533,8000,1080p
1.2604860690357023,1.6723356832409357,11441.006250704793,8000,1080p
0.8316018039505131,0.885494256911113,19541.38313214849,15000,1440p
1.157549525750708,0.8996770735535489,16310.518253724666,15000,1440p
0.8426230193602264,0.5955758593547829,23330.870644246334,15000,1440p
0.8847056522179132,0.9086344564055912,18710.579124756783,15000,1440p
1.6069713477117773,1.532527679890694,10687.830034342893,8000,1080p
1.6024750729144326,1.0726299687584995,12543.220351084248,8000,1080p
1.6363759127939834,1.336843959904501,11285.553519977691,8000,1080p
0.8125692538769035,0.9834545884790232,18682.620580351046,15000,1440p
2.0159622842285314,1.8019463367912611,8788.694369284658,8000,1080p
1.4792362297383579,1.5895955752228357,10933.942989561889,8000,1080p
0.8879172388759027,1.2556170649027678,15653.788204298617,15000,1440p
1.512023581802274,1.0932061193195937,12879.644349805601,8000,1080p
0.7940348050046456,0.592715154312515,24196.454288358007,15000,1440p
1.1194992197993154,0.8700187232194208,16865.609138004143,15000,1440p
1.4811493803707265,1.2016940979388033,12507.04048569497,8000,1080p
0.9720239597571646,0.9928692103178295,17076.97523256154,15000,1440p
1.1927082641033246,1.4412131193251652,12739.34454198602,8000,1080p
1.4224814430225463,1.2294995548531131,12652.591412562313,8000,1080p
0.8813967814412266,1.2032832022510358,16095.723210509448,15000,1440p
1.351672803194205,1.409153786029185,12153.762982063547,8000,1080p
1.258561896057676,1.4742491254588475,12278.357974924875,8000,1080p
1.1309565357634888,1.535292953952964,12584.88079582095,8000,1080p
1.1543236012942228,1.2241632700769733,14107.46992294975,8000,1080p
1.2539264064747557,0.9257067963351429,15394.531500411596,15000,1440p
1.5056326183671627,1.4499560286417474,11352.876197422625,8000,1080p
1.1845132709773887,1.555868803837429,12244.435660406023,8000,1080p
1.2945398058426405,1.3135881695672986,12865.331884155723,8000,1080p
1.4059947331945954,1.7456716682327684,10646.568426405622,8000,1080p
1.1387118409697115,0.8962669817637092,16488.835964852486,15000,1440p
1.1047444469640566,1.3002831323989983,13951.78678528357,8000,1080p
1.1671913613427554,1.7379145352413758,11550.157961351364,8000,1080p
1.556097102949303,1.462785752876927,11114.850626032847,8000,1080p
1.0812751965698475,1.2152247917696164,14611.117862126483,8000,1080p
0.7597587596257382,0.5908412722677328,24844.092409029807,15000,1440p
2.055461317852137,1.724516848778511,8876.885135532237,8000,1080p
1.4843992255081784,1.0997649926085253,12984.636101978813,8000,1080p
1.004751847871857,1.2131008847018645,15129.242580981267,15000,1440p
1.7826935567586424,1.3064633693382066,10862.003065152161,8000,1080p
1.187189678634113,1.607348539085812,12007.147294402435,8000,1080p
0.8472535875493961,0.815115389865215,20184.7077609601,15000,1440p
1.5607664082296697,1.2757349653976195,11829.513749570631,8000,1080p
2.004167590192723,2.093516989835691,8188.632225022876,8000,1080p
1.413538625578253,1.4482825088741296,11724.852960253485,8000,1080p
1.5878169879126878,1.698195599686939,10211.291376857114,8000,1080p
0.8051849336217307,0.9512640522204527,19103.561942569766,15000,1440p
1.2299410673230384,1.2519676285819243,13519.607733903867,8000,1080p
0.7991418398877699,0.6446336857187636,23240.754123397197,15000,1440p
1.9802257806470114,1.4117429115065416,9892.317720272464,8000,1080p
1.5470135413798132,1.996282708835822,9469.835325781176,8000,1080p
0.8994273107417816,1.2311035117372324,15749.329531387484,15000,1440p
1.7623684967118052,1.2611353250396877,11097.863266652717,8000,1080p
0.8519370579791993,0.9696658107495636,18420.278413053085,15000,1440p
1.8130436839600086,1.2615344424675645,10913.507681454725,8000,1080p
1.3684945986802146,1.4868796242408904,11751.325528768397,8000,1080p
1.3034253569402798,1.4721389609396862,12089.228768306682,8000,1080p
1.2829360513335433,1.7823547251672995,10946.573896752392,8000,1080p
0.9291914106767121,0.955350114198265,17805.090287000203,15000,1440p
1.1923958901333596,1.1732484209064398,14184.056260449159,8000,1080p
1.010578538984927,1.1662604404232426,15414.292153626653,15000,1440p
1.457754738593693,1.099408251492562,13121.741605867754,8000,1080p
1.7173636676423283,1.1762905388779559,11595.867925197022,8000,1080p
1.1766389089251106,0.8110008567286451,16881.545931922727,15000,1440p
1.4425734082080515,1.3469671643510959,12028.658887444282,8000,1080p
1.8829459891340499,1.826423215371397,9045.859322723756,8000,1080p
0.9805240890781207,1.3786260832868154,14223.10134939959,8000,1080p
1.506721081243373,1.4014618688997087,11537.937115802542,8000,1080p
0.7971126223738005,0.9728464370873611,18957.744712024672,15000,1440p
0.9504943156381865,1.1609012876763907,15892.063025671045,15000,1440p
1.5156852349989618,1.2574499111398814,12099.818520103248,8000,1080p
1.1469294269469132,0.9695913279633201,15853.58042067635,15000,1440p
1.185911628945658,1.2116545237206833,13995.20591441617,8000,1080p
1.1101869573013143,1.6198497524401536,12290.835460295908,8000,1080p
1.36047099228071,1.5904700874525965,11370.756342933322,8000,1080p
1.6273496773026868,1.7643117493885183,9893.213908657921,8000,1080p
1.3118104688908474,1.1894683799249317,13414.910543015312,8000,1080p
1.2079615062532452,1.497499608705502,12402.481711703196,8000,1080p
1.5016141651314252,1.128739963818737,12756.621487081811,8000,1080p
1.0255528871422563,0.7960504844005167,18420.273328535673,15000,1440p
0.7188478779863522,0.9189021803015526,20488.12749552128,15000,1440p
1.0701122871558744,0.9771902182144234,16389.581858070836,15000,1440p
1.8567775507053899,1.3200639043935438,10562.19911325573,8000,1080p
1.0199672915199147,1.3598645187902951,14099.497222716001,8000,1080p
0.8051193423261751,0.7106489843261505,22136.91328021557,15000,1440p
1.121214230746808,1.2086581044408882,14401.832878665788,8000,1080p
1.1064910284883216,0.750269253835917,18071.493837641516,15000,1440p
0.9042948871787735,1.1654811640122726,16211.624431875713,15000,1440p
0.7765222638736958,1.039035330782812,18481.612535320473,15000,1440p
0.7684540955763676,0.7566779920908492,22001.00061583752,15000,1440p
0.9470054408861122,1.310618750353916,14862.71813094358,8000,1080p
1.2353319697311094,1.150132432482663,14066.205292713916,8000,1080p
1.1861768618318171,1.0622452223856373,14923.54671106086,8000,1080p
1.978144535484023,1.5817072626225224,9425.794640621645,8000,1080p
0.9327832813469462,0.8711996227939395,18600.19400570744,15000,1440p
1.6001267663405427,1.2897406858139775,11611.062637140583,8000,1080p
1.5381431297071124,1.838198708289636,9938.102718861108,8000,1080p
1.0934180725198717,0.7720972104115522,17986.682986200685,15000,1440p
1.356682361067161,1.55045042520502,11542.105045372517,8000,1080p
0.883190929090195,1.236550485964314,15829.49305122538,15000,1440p
0.9997220065973759,0.7211406199271005,19498.611616528557,15000,1440p
1.1367924699220584,1.5873266261223176,12317.534886313722,8000,1080p
1.0262837629996644,1.1058836361065885,15737.240900533943,15000,1440p
1.3235920825418657,0.9925808996186498,14487.014682599647,8000,1080p
0.8466498173955338,1.1096907512508372,17151.631233214648,15000,1440p
1.4568343237231696,1.2426249674495546,12430.056681989441,8000,1080p
1.90244295575924,1.2815487296264232,10538.479781217047,8000,1080p
2.049257909986763,1.4234818112463792,9662.236359045384,8000,1080p
1.0926678223841508,1.1252433957528616,15128.843628008179,15000,1440p
1.1799046532991408,1.4035542556814995,12988.181032552064,8000,1080p
1.3576079574231952,0.9563411346048101,14500.937862289797,8000,1080p
0.8716095872745528,0.6292977857447066,22356.09778670161,15000,1440p
2.021975366419756,1.8120700148335511,8751.704443579492,8000,1080p
1.2058457836354741,0.8791241188732515,16093.485071235735,15000,1440p
1.009056394207177,0.777103296942492,18785.79623437955,15000,1440p
0.9409349775571452,1.2489737377047463,15322.297119579809,15000,1440p
1.6092023111958793,1.4795800217615842,10863.320358308358,8000,1080p
1.017223821043041,1.007488675825456,16572.442779849807,15000,1440p
0.9829220683990247,0.8317019413485629,18491.120926294472,15000,1440p
0.9792747284702704,1.394715110012465,14134.19360777269,8000,1080p
1.1276688477587864,0.9474892505226935,16169.5786107997,15000,1440p
0.7071355966594813,0.7845467661001476,22494.35458761068,15000,1440p
1.714771983435902,2.0262513464897802,8969.319098222939,8000,1080p
1.0296221535708105,1.1625939135260297,15306.170091361595,15000,1440p
1.4874412156580212,1.400193599337518,11620.03998073137,8000,1080p
0.9738620545006785,1.3494064619416046,14442.769642220816,8000,1080p
1.6414245974150736,1.5972835465963366,10360.437096514672,8000,1080p
1.0263849797739444,1.5158846070769072,13198.612835377695,8000,1080p
0.9178883829711716,0.7249069612755848,20425.205195224822,15000,1440p
0.9204044179174156,1.0581079684321193,16959.4247837436,15000,1440p
1.4077258774970955,2.0774659060703713,9627.714652091096,8000,1080p
0.9205468985866347,0.9965527909198777,17502.705875789572,15000,1440p
1.1877696477808461,1.674462607057725,11723.168846021008,8000,1080p
1.472159727523788,1.0271919301899246,13425.25446406929,8000,1080p
1.1152093185842649,1.3397201010336306,13668.186030872805,8000,1080p
1.6128407418159856,1.1649883617218586,12079.372326132325,8000,1080p
0.8340475116838915,0.7238269588085042,21538.598029271565,15000,1440p
1.2048559210395278,1.2054523035711913,13921.220388906597,8000,1080p
0.7571272322349305,1.045384765875691,18615.372344356925,15000,1440p
0.944544755328126,1.275162970976671,15116.599182117956,15000,1440p
0.9054991343891277,0.8791133470106589,18802.083001056395,15000,1440p
1.311957674730263,1.9457332015859017,10300.066296635165,8000,1080p
0.9765553921196286,0.6854013452046388,20189.714477178437,15000,1440p
1.647663452341875,1.499039513960567,10663.361734275288,8000,1080p
1.3518148230206606,1.2400377770154627,12946.118926490011,8000,1080p
1.7733785111046867,1.2098958262882316,11247.51806410241,8000,1080p
1.3628254643095083,1.0895865770060593,13682.216297551744,8000,1080p
0.8149833538471285,0.8040906113006514,20724.458994643486,15000,1440p
2.015405802050506,2.5068048007286676,7419.918032870641,4000,720p
1.3492514498996895,1.7439278764929471,10847.878011370338,8000,1080p
0.8425876261536224,1.1520212021604799,16822.562661753145,15000,1440p
1.7704728765843245,2.489191596469342,7877.247659355084,4000,720p
1.743596139616726,1.682515128151769,9793.736798821123,8000,1080p
1.2017708308512185,0.9315058557495075,15729.057656120256,15000,1440p
0.6217993542493381,0.7867797008664554,23821.47588957414,15000,1440p
1.4539427357445585,1.7340682053226153,10525.193489068703,8000,1080p
1.636906109225928,2.196733141847375,8752.631586450336,8000,1080p
0.6977643415993605,0.8074086030348157,22292.74192020188,15000,1440p
1.1880378516470333,1.4371121824894777,12781.91020081526,8000,1080p
1.250259951446588,1.5400695271865024,12025.258041010069,8000,1080p
0.7362653742308243,0.9598600844195997,19782.989417951812,15000,1440p
1.218648085308958,0.9547396139496023,15438.769627456213,15000,1440p
0.8467157378527421,1.1989140231814766,16402.983882594533,15000,1440p
1.4612610787269396,1.1227454042372629,12985.428721335313,8000,1080p
1.1066586276914736,1.0377805273021747,15647.18305103853,15000,1440p
0.874822127082141,1.0093319283012219,17808.751839653996,15000,1440p
1.3032172396665223,1.081918562469693,14068.143193334074,8000,1080p
0.868928303794937,0.9968993055696417,17983.672141836945,15000,1440p
1.0553369594620385,1.2773591754327256,14384.399021398367,8000,1080p
2.311786317185405,2.3603368140335026,7181.838118903772,4000,720p
1.1734293875644464,1.2462481030073218,13867.315843018034,8000,1080p
0.9546759361054787,0.8664731901712216,18424.867857253023,15000,1440p
1.7392233408819666,1.515183040196741,10310.461592961241,8000,1080p
1.04564870219446,0.7903958824026087,18275.390631303064,15000,1440p
1.1018566459556858,1.2010859087787507,14570.24272317089,8000,1080p
1.165700639623835,1.2556153365162244,13857.931938932974,8000,1080p
1.6607001577765546,1.6874165920780901,10021.88230188112,8000,1080p
1.4238542421201337,1.277188175929743,12422.77121446539,8000,1080p
1.272072509314594,0.8830384029224383,15569.70075622237,15000,1440p
1.5169939962961596,1.216965185477688,12273.201525353137,8000,1080p
1.6981816188645025,1.4027112082880195,10820.893810384365,8000,1080p
1.6463703807848975,1.2677376832728364,11514.477590538394,8000,1080p
1.039387829032967,1.1414592811156912,15385.96256649681,15000,1440p
1.3685280589641828,1.8816936217258737,10323.736439071454,8000,1080p
0.9696548946624137,1.3431884196817103,14507.870806421386,8000,1080p
1.455803895243962,1.0087552081658289,13614.780815593525,8000,1080p
0.8809923061984618,0.6194667229515302,22362.777888716188,15000,1440p
0.7089473739111456,1.0181321338605211,19428.423444901502,15000,1440p
1.5674673910992047,2.1857546943020294,8940.166938299602,8000,1080p
0.9809157839313276,0.7333717250006659,19573.398175726375,15000,1440p
2.2859288771654427,1.9330877325285547,7953.14053111388,4000,720p
1.9836771287949502,1.4511724055711783,9768.821505653574,8000,1080p
1.3130083173751934,1.6815639246811533,11205.083493647315,8000,1080p
1.0795364467145838,1.3701687997135072,13697.334423774302,8000,1080p
1.3752408648198855,1.1692893133831286,13186.887028275156,8000,1080p
0.7282547072625323,0.7744911979964457,22328.74625215987,15000,1440p
1.163508798793362,1.2052974217545052,14165.12322069105,8000,1080p
1.259585410328977,1.2651582556428926,13290.233163961073,8000,1080p
1.0485724948090767,1.4282201270558301,13547.533896776193,8000,1080p
0.9838405805369138,1.191182411212469,15427.161978187636,15000,1440p
1.1226869326511981,1.6250487894279588,12211.666402404242,8000,1080p
0.9162543134592211,0.9985212841980267,17523.950086398778,15000,1440p
0.9471329573140828,0.7079959240161446,20273.002530795242,15000,1440p
0.9139634848751544,0.9893350791163403,17629.62082503307,15000,1440p
1.0186791768487309,1.1192614938877923,15694.744227135385,15000,1440p
1.38188225299723,1.0973273549464484,13534.326380668928,8000,1080p
1.5517305286008225,1.2574564705773341,11944.534845781549,8000,1080p
0.8645602853022937,1.04666637496031,17556.490131520874,15000,1440p
1.1207450657191564,0.951230576075287,16194.414317988814,15000,1440p
1.2287397793978492,1.3432315770597187,13046.191947571006,8000,1080p
0.9422157152019366,0.7603614740899076,19708.023936322294,15000,1440p
1.3146059423598497,1.9083143096455173,10411.189038612341,8000,1080p
1.4765792499075434,1.076586468360113,13142.285187334784,8000,1080p
1.5197157826001044,1.1058889975844028,12779.69641632129,8000,1080p
1.4810454054597235,1.2930703107027748,12095.541582676537,8000,1080p
1.2556872901444507,0.8915375582279581,15626.883242076012,15000,1440p
1.1154755806550796,0.8175730895743025,17358.296517189254,15000,1440p
0.819645782351271,1.1612762171140463,16938.795171671012,15000,1440p
1.4267462879017667,1.3858716079144273,11929.964624740764,8000,1080p
0.5467399969748133,0.6961354165784478,26997.421973350578,15000,1440p
0.7739726541349173,0.5588587115520919,25175.30189027652,15000,1440p
0.8648997039957607,0.8625081890931918,19424.730044504966,15000,1440p
1.5146042277374108,1.3635113703150397,11658.472655756237,8000,1080p
1.5651818079730875,1.1800329142664934,12222.880683309855,8000,1080p
1.633021595661409,1.9971442488507285,9243.222882151662,8000,1080p
1.1842614935862512,0.9362913202244041,15823.436125461238,15000,1440p
0.7390988266469067,0.9654967458397943,19684.68799379202,15000,1440p
1.2964757066811339,1.6721552109264828,11302.998901271669,8000,1080p
0.5938114922799139,0.7185747121794729,25567.49826078988,15000,1440p
0.9601657850397272,1.2960149843543667,14872.226753803585,8000,1080p
1.3108648544825792,0.9246753448001537,15009.54087551897,15000,1440p
1.2919976608797934,0.8644993740985103,15559.693083620487,15000,1440p
0.9028935447235188,1.2932873543542254,15278.5373983039,15000,1440p
1.3967740423741235,1.5905905168220285,11232.118255104731,8000,1080p
0.881991578237896,1.1038578439920357,16896.765497114768,15000,1440p
1.4653249951157696,1.4113163078450137,11664.44768955521,8000,1080p
1.0347735507833182,1.1335657147122384,15474.714927662117,15000,1440p
1.4255957248865974,1.115434150556589,13205.052142154645,8000,1080p
1.888905552836476,1.8608205913493587,8948.50202648214,8000,1080p
1.319086724706951,1.0418220025933953,14212.50707915712,8000,1080p
1.8059124662573391,2.194613055169269,8387.506046464194,8000,1080p
0.8492370374669463,1.2584688778243631,15919.883204086555,15000,1440p
0.6891222080527417,0.9534880454105241,20427.50672550236,15000,1440p
1.2572627994140717,1.0026455598579274,14847.69586445051,8000,1080p
1.4218748238469214,1.0762831012686769,13431.66965653195,8000,1080p
1.8212561463025925,1.841078518666009,9162.03325735325,8000,1080p
1.5520734911872904,1.1217643208417774,12549.165042488832,8000,1080p
0.9293107129475198,0.9921976489662039,17462.547998792736,15000,1440p
1.1454351454477838,1.5574393224696041,12414.35086915238,8000,1080p
0.9590170929883344,0.9336792425261562,17728.37584687293,15000,1440p
0.875435990435199,1.0592923951894093,17343.226185812782,15000,1440p
1.0226151686297822,1.0982748917985554,15820.920011866765,15000,1440p
1.117042762601074,1.025568428719588,15660.532408270363,15000,1440p
1.5809437259956678,1.4764150488739223,10974.973652358234,8000,1080p
1.1000551142881902,1.4532740655605445,13141.443831377763,8000,1080p
1.2789300671638582,0.9408957128026134,15115.79525871927,15000,1440p
0.8602138086123177,1.2510084845487006,15893.367604488854,15000,1440p
0.8615082591538156,0.7058087506103775,21408.835475503674,15000,1440p
0.9836797292375519,1.2909483506450339,14751.612492945244,8000,1080p
1.500608112436466,1.6578366943734797,10623.719600118719,8000,1080p
1.414391305214849,2.095059238803305,9561.163942655756,8000,1080p
1.2841312481975067,1.1584568697561146,13737.245241376024,8000,1080p
1.33229271091644,1.5101657243102886,11804.722132136834,8000,1080p
1.1542119006128049,0.9016866921590609,16321.054023759132,15000,1440p
1.685518309934205,2.3025923888265085,8413.616003795201,8000,1080p
0.8788286545697719,1.1783829187132369,16310.637386922743,15000,1440p
1.2318692854244229,1.6284308758661363,11731.087685867324,8000,1080p
0.7679197333001476,0.8681385412011507,20509.313465761497,15000,1440p
0.5987709713256,0.8796187375455831,22696.608207331417,15000,1440p
0.8638391201105832,0.7228079163179136,21148.012903695453,15000,1440p
1.016402325655613,1.0278378134212178,16414.134209864904,15000,1440p
1.599336500730573,1.2670434737498213,11706.205143329824,8000,1080p
1.2696476770227885,1.0891147467515006,14225.439434595148,8000,1080p
0.982715763016377,0.8408387565315925,18400.564194986404,15000,1440p
1.3951767821977428,1.1027214770528277,13433.065928820952,8000,1080p
1.6015001052621693,1.683174680659727,10215.450291704423,8000,1080p
0.616681893579975,0.8584456790402996,22746.800088887998,15000,1440p
0.9191881059229836,0.8031373319721371,19482.05098857935,15000,1440p
1.0671262193689126,0.7450365920949935,18516.234737702165,15000,1440p
2.1562370850143284,1.5275181202031405,9108.757268255868,8000,1080p
0.6881335616612765,0.7476681943116907,23369.822373048937,15000,1440p
1.2750499189493998,1.7653914774767272,11036.039714312994,8000,1080p
1.0997080415919511,0.8225312620605754,17455.907771858496,15000,1440p
1.0541463343151807,1.088660288685508,15659.10411132289,15000,1440p
0.970263703724723,0.8735656395542812,18198.230829935663,15000,1440p
1.3156439478364803,1.626184075150048,11405.98013813728,8000,1080p
1.5706673988942343,2.3267979042947147,8609.295885853146,8000,1080p
1.4549794789224768,1.5572024538755909,11139.576807975443,8000,1080p
1.1349993590898784,1.3328778722120083,13596.475373411882,8000,1080p
1.103622865147662,1.1304788548013192,15019.20512409178,15000,1440p
1.779642987170521,1.4289698969701894,10457.613059478228,8000,1080p
0.7003571843773146,0.9276832843527303,20610.318136731683,15000,1440p
1.067670567278497,0.8415200411891102,17575.21320877025,15000,1440p
1.1911273949032815,1.4054728074862464,12922.448349623268,8000,1080p
1.5062945360591449,1.4902509056019586,11197.70504177619,8000,1080p
1.0958092107946011,1.4379209908934263,13243.095881970894,8000,1080p
1.1790379261979282,1.4918500232657346,12563.024969556667,8000,1080p
0.8793410196175369,0.8611722178527268,19278.46986603184,15000,1440p
1.0177735972687285,1.2707897975798084,14661.788297204117,8000,1080p
1.5664039811908026,2.0029225122543424,9400.774084864668,8000,1080p
1.5264996731254092,1.7641591726360797,10196.8735055047,8000,1080p
1.4135590294845948,2.013405170427773,9791.299249889462,8000,1080p
0.8261942814938056,1.196285161597935,16590.740694355703,15000,1440p
0.9497738497139996,1.2953571271465,14945.422937828404,8000,1080p
0.9826310127214275,1.3701298229057683,14261.726688023138,8000,1080p
1.1655035873580673,1.106420762149904,14769.167823421081,8000,1080p
0.9167451747825333,0.8579190257514104,18907.48232251739,15000,1440p
0.9518871428664791,1.0167966944330393,17044.093807377045,15000,1440p
2.6370722057796123,1.8474793003018903,7482.226919346744,4000,720p
0.9667510300175254,1.0547357044390737,16598.888050096382,15000,1440p
0.9611127784884027,0.7467200524053316,19647.37496142434,15000,1440p
1.6880052938444219,1.3907676086275307,10898.63821169112,8000,1080p
1.0553364029735857,0.7139178217590512,18965.297090117518,15000,1440p
1.343092823377644,1.472066119464445,11919.196280308273,8000,1080p
1.4584426355406628,1.1414755310730207,12905.956976216545,8000,1080p
1.3602519128247856,1.3414669181892254,12419.66100055139,8000,1080p
1.964980546974465,1.8018851892086056,8907.785503924117,8000,1080p
1.0199578595026957,0.9962980492149824,16641.950981976457,15000,1440p
0.7345151893061459,0.9127983801920034,20369.183269838715,15000,1440p
1.0860855229599669,1.5203167695467517,12873.849941149676,8000,1080p
2.254246181426689,1.9389330569487182,8002.145887996962,8000,1080p
1.7074010085669644,2.2272571821389855,8527.91535469558,8000,1080p
0.574383953865752,0.7258701314800762,25806.05773761175,15000,1440p
1.1593862814459133,1.1033536118054998,14829.115843175601,8000,1080p
1.7267351492008771,1.8169778303813682,9468.721703289753,8000,1080p
0.9436031871528174,0.8774472595403384,18425.866269070946,15000,1440p
1.009108973132796,0.8357303403643823,18188.268080861948,15000,1440p
1.8384270881566152,2.1363534123060357,8441.83269896146,8000,1080p
1.327863608947773,1.3962102557226281,12317.739410513344,8000,1080p
1.6454504956423315,1.3921738401748676,11046.274420557338,8000,1080p
1.6182823191755988,1.3452137703332074,11322.58352517738,8000,1080p
0.6049979600747478,0.6680820187342914,26356.892385810686,15000,1440p
0.7427388212067946,0.7623634161706222,22293.789196983267,15000,1440p
1.1835969678098124,1.0700371407072566,14889.032728600032,8000,1080p
0.7791614221224101,1.0766588286675822,18080.647619679992,15000,1440p
0.8832828424135661,0.647761466036318,21916.04241288902,15000,1440p
1.106824967909405,1.1991847628647472,14550.863143467923,8000,1080p
1.0206595994285277,0.9082890555067562,17395.19189074825,15000,1440p
1.4590961384434773,1.319185827458932,12077.403377990555,8000,1080p
1.5203175543879144,1.7918279899971148,10130.72389191463,8000,1080p
1.8222923183610507,1.2337438305577646,10979.723525806823,8000,1080p
1.3019264905832222,1.53717749538323,11818.669610503126,8000,1080p
1.1034809104030852,1.3788041461960607,13517.557909312496,8000,1080p
0.7788436413683126,0.8757148651424167,20279.99122905746,15000,1440p
0.98668517375979,1.2912087468207964,14730.462949498407,8000,1080p
1.9962354500221335,1.8271072234573433,8776.203146202273,8000,1080p
1.372636619894024,1.517293649509584,11610.810252153453,8000,1080p
0.9468594135710646,1.1691069333288853,15857.73424476234,15000,1440p
0.9412884626841795,0.9506422182873342,17735.550428713206,15000,1440p
0.9662983447485858,0.7347227695540035,19726.052615024215,15000,1440p
1.0379317265160253,1.2523626607248735,14650.706995105018,8000,1080p
1.1240282678984466,1.5931036121077797,12349.209932321397,8000,1080p
1.3952072652796323,1.109789704862642,13394.999035904717,8000,1080p
1.2929539196948714,1.0193522613446369,14511.24088805378,8000,1080p
1.2948989968489943,1.0097158684342862,14559.670036613918,8000,1080p
1.4707016393742294,1.18789530468314,12621.105307069041,8000,1080p
1.1693236874078543,1.0809704222933123,14911.13177399551,8000,1080p
1.248990024179194,1.1555713069925548,13954.49205849486,8000,1080p
2.309598620757587,2.2487261571935653,7361.132353338333,4000,720p
1.2591959013211316,1.4182300991263608,12532.347110393292,8000,1080p
1.5073977299678671,1.5860351702327562,10846.988792879212,8000,1080p
0.9729305992765437,0.7170713438682058,19854.670662426597,15000,1440p
1.1708327888144376,1.4418747342913947,12842.781560223195,8000,1080p
1.5160041831708817,1.0898294729222178,12876.659230162768,8000,1080p
1.337885658447559,1.7246286241253521,10956.498126699315,8000,1080p
1.148302641433867,1.1734255848431765,14452.351321845053,8000,1080p
0.5881693008450385,0.7734277289655213,24643.438010927846,15000,1440p
0.9341485778473139,1.1442081909537367,16144.693011179534,15000,1440p
1.5114496553540648,1.426352432043201,11421.610783089685,8000,1080p
1.268996053866816,1.2678654459478493,13226.74966782829,8000,1080p
0.8606101928764451,1.1547873176928356,16649.039122074744,15000,1440p
0.9051169721515177,0.9319099212865994,18265.618276932608,15000,1440p
0.9701823988463905,0.8274943827866936,18665.44216559206,15000,1440p
0.8129938271871727,0.8001193738272833,20801.039864343224,15000,1440p
1.6636831249893018,1.700011106631861,9975.470327999505,8000,1080p
1.2742987713443834,1.112095774151257,14060.722718015993,8000,1080p
1.6345391207782558,1.1665465345480832,11979.081016746259,8000,1080p
1.2721316766229875,1.430954476600584,12413.378670888675,8000,1080p
1.305038482077187,1.3631006985077374,12575.967642229221,8000,1080p
0.9401366393316188,0.8551233019188935,18690.570222731763,15000,1440p
1.1340050360736758,1.2316219578631973,14184.160092018043,8000,1080p
0.8624312017220197,0.9197854374315306,18827.35873004553,15000,1440p
0.9639668385356841,1.3475480387643617,14516.208539048253,8000,1080p
1.4522956471919748,1.2921729227135204,12226.203778735728,8000,1080p
0.8161343613675801,1.0724454757128803,17767.018021261683,15000,1440p
1.2621073067623958,1.0079975139268584,14781.005570400106,8000,1080p
1.024627917010458,1.2323019541597282,14867.290485460455,8000,1080p
1.533312319838135,1.52283842270041,10979.31182940555,8000,1080p
1.065944614348375,1.1527744669303173,15123.33502836326,15000,1440p
1.6067574358216592,1.2548333939821137,11725.79659206586,8000,1080p
1.475928980659262,1.862503145484562,10050.955278446309,8000,1080p
1.2036141412654366,0.9242477754885776,15769.083386381679,15000,1440p
1.244515071973426,1.8555455664718161,10823.798600542339,8000,1080p
1.0040110339576587,1.2153550052415656,15118.9264895244,15000,1440p
1.2513761124461442,1.6125718613105076,11716.145791568455,8000,1080p
1.201774317959883,0.8555432189345493,16309.797295876446,15000,1440p
0.8723289850760725,1.025364376002439,17681.69330630429,15000,1440p
0.8537506682007402,0.9611263739581758,18488.542871248617,15000,1440p
1.6701371726443301,1.1445996550115585,11920.983756035237,8000,1080p
1.2938552474127072,0.9258826175625694,15116.393935269347,15000,1440p
1.5059794794577812,1.2765137664523716,12059.1243300662,8000,1080p
0.8399631049653663,1.1062099216552261,17241.237824709333,15000,1440p
1.484393950003249,1.5171334328725037,11179.119068323014,8000,1080p
0.9882530092017323,1.008285242362422,16806.30560106341,15000,1440p
1.4287609650868551,0.9976810324080085,13828.656128867977,8000,1080p
1.2644052302868458,1.5527307435513695,11910.831536570691,8000,1080p
1.2230673886983179,0.8630759324899668,16084.432770844869,15000,1440p
0.7166092579751181,0.6934555296629833,23796.376091487702,15000,1440p
1.1894137911168001,1.380476180934227,13056.758213356596,8000,1080p
1.2626374626888877,1.2536341652562213,13334.980066282402,8000,1080p
1.3071441555096286,1.3713704463006138,12527.253716415296,8000,1080p
1.8946357566442682,1.4912129752460737,9910.198197562811,8000,1080p
2.2192055230973042,2.35555842717624,7334.680513514504,4000,720p
1.3915818070156694,1.5448232693061184,11427.044678056167,8000,1080p
1.2564086365273555,1.553788048469767,11940.243250281379,8000,1080p
1.0444391161442188,1.0543818559885945,15987.276878552497,15000,1440p
1.952172775413417,2.107488500720401,8265.32799602317,8000,1080p
1.0076271718881942,0.8315912479692056,18243.853822756722,15000,1440p
1.101263252040756,0.9814363719531689,16111.028020283486,15000,1440p
0.7751541505412749,1.08291309558875,18058.78235563704,15000,1440p
0.705078497809983,0.9621276404179694,20126.144710374258,15000,1440p
0.7675105773813667,0.9668624691531927,19346.721322177436,15000,1440p
1.4437406132387496,1.6225233108525856,10943.099756144968,8000,1080p
1.3250478654115674,0.9306917137199009,14875.135547747728,8000,1080p
0.5907828918190178,0.8106836524533209,23942.371037777386,15000,1440p
0.7664877970332129,1.1190588144605245,17795.59932141802,15000,1440p
1.0810249037624453,1.0452913811269469,15780.54602622086,15000,1440p
1.3855105124542293,1.1286693735328406,13346.074474232179,8000,1080p
0.798041465035579,1.0906970295318437,17765.525559262223,15000,1440p
1.57700070704253,1.1897602432946546,12127.694658951554,8000,1080p
1.1037198083254527,0.8298331703326469,17353.769134004815,15000,1440p
1.7591716312726573,1.3825966968081393,10680.110210575998,8000,1080p
2.1633767375903377,1.8548326278744236,8350.593248920708,8000,1080p
1.0874209802050534,1.1418839400817022,15051.521976492966,15000,1440p
1.4345003962893896,1.5423476376213325,11271.798767610964,8000,1080p
1.0884644526047653,1.5151816548710562,12887.478026931354,8000,1080p
1.4385951905112395,1.7753108237204698,10440.389934060113,8000,1080p
1.1363912928148685,1.29295602199748,13812.118092546954,8000,1080p
1.300850763803451,1.15542619108608,13660.687543074346,8000,1080p
1.0675139842204298,1.1999455978329736,14798.249223747232,8000,1080p
1.383854466623614,2.06760676246512,9721.804700341123,8000,1080p
1.1883422298080195,1.3325931291839053,13310.310349813093,8000,1080p
1.5678328389215797,1.652859555652835,10418.390795881616,8000,1080p
1.1846175337486313,0.921676018607605,15930.558189509644,15000,1440p
0.8303898494360192,1.119585798953581,17207.61591444034,15000,1440p
1.6598129897737335,1.6810658428811773,10043.594419536355,8000,1080p
1.6879557977991533,1.694544827842977,9920.007625609844,8000,1080p
0.9024133462623221,0.9694564897620319,17925.62247344395,15000,1440p
1.1553705322261967,1.5559525893236075,12375.66696986678,8000,1080p
1.2365599202460809,1.0977749982448852,14374.30067733867,8000,1080p
0.9406684447469859,1.025772914310291,17063.530445721597,15000,1440p
1.329036267115312,0.980918604166737,14526.011922205624,8000,1080p
1.3744043269369337,1.1858967674400915,13105.658578083954,8000,1080p
1.4022197819757625,1.655154287207596,10974.91875077052,8000,1080p
1.2488709259651907,1.3583427448900205,12869.84353261448,8000,1080p
0.7453257310720435,1.0007080778815358,19217.515621939532,15000,1440p
1.3891303968676167,1.9751020034942188,9973.874574298463,8000,1080p
1.1258368779308985,0.8917292072548084,16631.143954281666,15000,1440p
1.3152866674936003,1.7594691923858012,10912.8768361193,8000,1080p
1.0148853812408136,0.9256580763751057,17291.25512150279,15000,1440p
0.9192002611358615,0.7725863688599534,19833.725722305186,15000,1440p
0.8093280555015206,0.5933489709780048,23921.709250643227,15000,1440p
0.9799287984458754,1.3289831740796219,14532.573090388554,8000,1080p
1.634796913219191,1.325891787832043,11333.319841456492,8000,1080p
0.9573881000174382,1.1744630284058855,15739.5755982343,15000,1440p
1.4408361112668746,1.1506675957510997,12947.861856856402,8000,1080p
0.9624186508647966,1.1867483047374665,15612.761918069324,15000,1440p
1.2190849300009523,1.211206465205295,13806.752583737965,8000,1080p
0.7675749697532858,1.0001033009093745,18982.205391607404,15000,1440p
1.7214558607140176,1.645942601333438,9964.497037751255,8000,1080p
1.3189916661969494,1.8363316346268348,10634.22945954213,8000,1080p
1.290920030819442,1.9299920546423879,10417.68018178888,8000,1080p
1.580883168202279,2.1653458599646003,8956.855479927504,8000,1080p
1.4158998108005183,1.8037599299056652,10421.732326485017,8000,1080p
1.2821543892306235,1.1941815010174577,13550.0325832771,8000,1080p
1.2731107790842324,1.2213226695196886,13451.724686733844,8000,1080p
1.0680416212247326,0.9665292759300583,16492.141928759323,15000,1440p
1.3316446135835744,1.6590748713445471,11219.518302903103,8000,1080p
0.9860881382506963,1.464150859141744,13694.350647307807,8000,1080p
0.9755223989200947,0.7225975404125438,19759.75384470599,15000,1440p
0.9034570271725989,0.8295072087373193,19362.44920968133,15000,1440p
1.3088664434290471,1.104280126338223,13904.846237017453,8000,1080p
1.823156938811075,1.9981182643505155,8780.951440565763,8000,1080p
1.3383442310182225,1.1722392400530115,13365.192747677394,8000,1080p
1.3983089698674103,2.0531544213616932,9721.798610197891,8000,1080p
1.7900072011110508,1.2713077168378015,10960.79067307528,8000,1080p
1.3285920570273904,1.1969532735004362,13286.014546801774,8000,1080p
1.5557238879044175,1.3239017493871845,11652.35910024722,8000,1080p
1.4892753468460567,1.209203033807036,12434.5750703695,8000,1080p
0.6702322905059713,0.8814334007939225,21624.78179941588,15000,1440p
0.746923929271222,0.8039604679408359,21635.675786228177,15000,1440p
1.2978112251108294,1.0038203434784623,14578.541786584059,8000,1080p
1.0774134732403888,1.2611492774796316,14348.31371947104,8000,1080p
0.7695524987106862,0.7772863908835607,21692.26040651312,15000,1440p
1.2276992339953778,1.26395842208746,13466.710371741554,8000,1080p
1.415825891878786,1.0802985700435987,13442.61174146666,8000,1080p
1.4958872513047319,1.05366394308759,13160.917134671461,8000,1080p
1.1529544053301084,0.808087923165445,17110.50879036448,15000,1440p
2.1738953142555735,2.1566891552821597,7748.2455857931245,4000,720p
1.383851396835623,1.5815583212401498,11315.27687235515,8000,1080p
1.215533883588588,1.3509645760602023,13074.012132698384,8000,1080p
0.8177963078688287,1.2177752608226795,16484.03451693385,15000,1440p
0.9141000667249335,1.3177467123977173,15034.379740526096,15000,1440p
1.0233718515218457,1.1880550821110065,15173.204002213175,15000,1440p
1.3990312352974128,1.132138256489515,13256.49353347397,8000,1080p
1.0105766840617554,0.9661579078153377,16974.67739871793,15000,1440p
1.2719098326881357,0.9923929903800119,14818.880080065213,8000,1080p
0.7878512695792501,1.090775035432576,17861.153072584475,15000,1440p
1.1868371605688224,1.2008254255954456,14053.255344552063,8000,1080p
1.2301167191694575,1.1892483457775636,13869.10660410597,8000,1080p
0.9335953783634268,1.006912945796678,17291.56818460086,15000,1440p
1.5227233926521315,1.6888719326413775,10447.901619402639,8000,1080p
2.4695327811437964,2.043941298111592,7434.280425852285,4000,720p
1.0763585238029,0.9222265683575155,16789.093510013416,15000,1440p
0.7170063322320527,0.6776855653477994,24058.66991715198,15000,1440p
1.1563000865800792,1.5967001670671574,12188.314169439807,8000,1080p
1.8976252700235339,1.2769192942574197,10569.841223066971,8000,1080p
1.271769075050663,1.65196165495415,11476.580813563758,8000,1080p
1.768337733650905,1.1853826539234984,11360.057011880843,8000,1080p
0.8881096690751286,1.292720621864894,15386.081227593704,15000,1440p
0.8832949437486701,1.2398715695600968,15803.956868040648,15000,1440p
1.1879568093202526,1.0705557953075118,14856.87170009408,8000,1080p
0.9316301630351359,0.8366249687621664,18976.012791714264,15000,1440p
2.193094888709571,1.9527271648670412,8093.553357180996,8000,1080p
1.1100848886231238,0.9493807896532009,16292.785237423073,15000,1440p
1.3849368718334263,1.520279515483294,11549.71868756087,8000,1080p
1.5516205929998497,2.293307485081683,8726.933591106947,8000,1080p
2.1212967400204037,1.4345917278934315,9436.300464082236,8000,1080p
1.1324587534516006,1.578792635413136,12375.994397941098,8000,1080p
0.7920418924500983,0.6020551228834576,24068.936114874086,15000,1440p
0.8285009132613539,1.09528387231545,17441.884482904596,15000,1440p
1.534607238209389,1.120658117234766,12636.941137051532,8000,1080p
1.1861254346131371,1.5300118671468477,12353.731889127115,8000,1080p
0.9898174213607009,1.418708170734185,13931.523962265663,8000,1080p
1.1804094601685062,1.2192309148603273,13983.108614596807,8000,1080p
1.8430557566612096,1.3771837870657675,10419.85589716889,8000,1080p
0.9544469778825078,1.240890604397451,15284.406494399911,15000,1440p
1.6518483171040765,1.6664379738503143,10111.97620032635,8000,1080p
1.28239428079576,1.273259411867175,13129.4909385931,8000,1080p
1.5656671667977018,1.2587432613092862,11880.154408893495,8000,1080p
0.715462247447119,0.9673644406900533,19939.327226348858,15000,1440p
1.322894813998806,1.3050355214742635,12768.387177949931,8000,1080p
0.8338929987939505,1.0262494142362146,18038.63605547274,15000,1440p
1.143332494635487,1.5693580592940324,12369.428555495977,8000,1080p
0.8548843985952318,0.8461781285943787,19725.572378245583,15000,1440p
1.329690186286134,1.6393571117762655,11301.413763902525,8000,1080p
1.1364033724323377,1.159001582296139,14618.088163867867,8000,1080p
1.4289450085062154,1.6380916767850957,10940.342566138219,8000,1080p
0.7767316572601278,1.0974634888307815,17903.382190475706,15000,1440p
1.2441314269970265,1.490070878878369,12272.110197514097,8000,1080p
1.1262272892219607,0.8075752632852204,17351.52948086482,15000,1440p
1.0326206098202195,1.17049677085091,15230.433155485527,15000,1440p
1.7105236827798775,2.5410337811206354,7892.268253435791,4000,720p
1.188887091008543,1.313767572379841,13407.535802230948,8000,1080p
0.8804182724769363,1.176089903130844,16316.216194999237,15000,1440p
1.4418313938928116,1.2838633254738887,12310.414574892739,8000,1080p
1.1850458101069086,1.5269620962740589,12372.542101020874,8000,1080p
1.1579079501271095,1.2352534484757356,14020.96491260032,8000,1080p
1.5861972092621375,1.6253043047287334,10448.206813485993,8000,1080p
1.0424168854162383,1.3054582825117675,14291.40375874911,8000,1080p
0.8627808679288737,1.2540630554724217,15851.160129975726,15000,1440p
0.951587752997728,1.3164800436969557,14794.280862723668,8000,1080p
1.5076928329986072,1.8806981227016564,9902.762827161854,8000,1080p
1.8576470125320503,1.3899351917869904,10332.127068369547,8000,1080p
1.1043566946634826,0.808430340538125,17542.168251084662,15000,1440p
0.7454272019622581,0.8402739031294792,21160.62850196398,15000,1440p
1.1943192727017307,1.7065744984567006,11566.928900881645,8000,1080p
1.417389754233054,1.6457765202773083,10954.166046818196,8000,1080p
0.9926845996459684,0.8521903400023293,18187.91684947313,15000,1440p
1.1820926366865971,1.6981880890476622,11649.708898234596,8000,1080p
0.8062892675698786,1.1351936365986095,17282.888212899783,15000,1440p
1.5909470443516334,1.6898955363647734,10227.38250144054,8000,1080p
0.9984312761213172,1.169361343262662,15478.617142600639,15000,1440p
1.5178260524450753,1.29280252594942,11938.40846063238,8000,1080p
1.2959986625969262,1.4242616700149306,12335.007645309715,8000,1080p
1.0642735937422876,1.2964673734109342,14213.51705539415,8000,1080p
1.1005348244742048,1.1444631624839798,14946.308279529423,8000,1080p
1.0987053164912768,1.3483691796314783,13712.059871150232,8000,1080p
1.0161289646051317,1.0535541730914926,16212.352214138024,15000,1440p
1.9874594564473262,1.694607071789626,9112.934745387813,8000,1080p
0.8192095007854031,0.85986565273529,19983.877392052942,15000,1440p
1.0968315301827998,1.3899960533584328,13492.866261447294,8000,1080p
1.0569091253512344,1.385894166860365,13736.035196522676,8000,1080p
0.9162717500812216,0.6315818450723931,21678.03990316664,15000,1440p
1.1199447306082544,1.0262253974418962,15634.562964719411,15000,1440p
0.8909034793075513,0.8218761027329021,19590.630546883465,15000,1440p
1.4749094668367644,1.1065496283704175,12998.24276212558,8000,1080p
1.5148732551605992,1.5882063572737877,10813.268169319163,8000,1080p
2.1611171296895515,1.5625902128491793,9011.028234330419,8000,1080p
1.1256607084092785,1.333551279005875,13644.383717919593,8000,1080p
0.7994031064660707,0.9725294255562038,18936.63070890455,15000,1440p
0.9743606036714366,0.6548660426990375,20595.312551971343,15000,1440p
1.1309020397757332,1.0292298596928826,15533.510712125617,15000,1440p
1.4769916649016506,1.3180279856568444,12005.07910321676,8000,1080p
0.7973881713587181,1.0632637047289482,18033.696916240904,15000,1440p
1.4482679352812267,1.2520849675555197,12425.943277543742,8000,1080p
1.2117894630895887,1.4435040810570425,12636.806982778944,8000,1080p
1.1720676586060588,0.9119550073318807,16100.799932950069,15000,1440p
2.2266333529633378,1.7363994559463967,8466.8569799782,8000,1080p
1.305878912980054,1.2025470331742873,13376.688297871491,8000,1080p
1.250875583241401,1.2299051149754037,13525.755027084444,8000,1080p
0.7602214317583903,0.8788007674617268,20472.22546220908,15000,1440p
1.1794077485400039,1.0160240338349042,15283.750681473008,15000,1440p
1.2239362504772782,1.0822336561675465,14549.852507969505,8000,1080p
1.710491102516747,2.534928480362816,7903.678622323793,4000,720p
1.1396949348992933,0.7954935914150816,17339.10238911215,15000,1440p
1.5956481040009527,1.2187504248569228,11922.416692570148,8000,1080p
1.7022950482494774,2.1783821734242217,8646.54030296503,8000,1080p
1.2363943382747424,0.8594553402237677,16009.9420985377,15000,1440p
1.4118117633163112,1.4229338700561178,11836.840528115074,8000,1080p
1.5045941533483258,2.211394702713318,9029.745055684141,8000,1080p
0.8280699159020288,0.9720297712420185,18640.31877769829,15000,1440p
1.1041131856638804,1.2602249602952436,14191.892161173171,8000,1080p
1.5025354574529644,1.9521787408885793,9712.650619871249,8000,1080p
1.8604832924893062,1.2699633715144623,10718.736206508198,8000,1080p
1.8303086677924938,1.437447878642852,10268.339003590423,8000,1080p
1.1870933317995533,1.1413174825105006,14410.872769435546,8000,1080p
1.758119970381979,1.7451375707299106,9578.06601605152,8000,1080p
1.4759256227212232,1.7530764546625366,10391.579564168898,8000,1080p
1.2816614473953207,1.2472750820913727,13268.198552539654,8000,1080p
1.072589923915325,1.2234650465060044,14613.949766996526,8000,1080p
0.9319705824099217,1.0968912606832069,16538.54948981846,15000,1440p
0.9610745592992483,1.2692941446044008,15044.343090571601,15000,1440p
1.141752867849784,1.2554222070011138,13997.489107918851,8000,1080p
1.5576971375133004,1.8198272625430283,9934.623122024046,8000,1080p
1.2845103525210089,1.1210203549048146,13948.868703449998,8000,1080p
1.765010091765327,1.7922162083210114,9432.751579281192,8000,1080p
2.114655021835475,1.4857639799959772,9319.590853989943,8000,1080p
1.2730325153986173,0.995067539104626,14794.070452658692,8000,1080p
1.0600784592922545,1.0134950673717944,16181.934987365576,15000,1440p
0.9908164895631292,0.661609097665422,20306.16825310573,15000,1440p
1.431161112547974,1.6154587072569853,11013.659066311764,8000,1080p
1.2948558669743937,1.0485273151000696,14318.798673930985,8000,1080p
1.0259380412137664,1.1404237986011936,15488.840037390084,15000,1440p
2.1544699679705372,2.2183604706911497,7673.3896890521555,4000,720p
1.5361851471239616,1.0969847765393244,12742.98012386486,8000,1080p
0.9826403344666843,0.8970947495628632,17850.61750726602,15000,1440p
1.1629172649098838,1.068849650819559,15034.917743205671,15000,1440p
0.9015897857081171,0.8056834159643788,19653.815199072462,15000,1440p
1.4777730880636633,1.6244497950561423,10816.25442922895,8000,1080p
0.8755957331956156,0.796405474439369,20068.425696571197,15000,1440p
1.4054609347348856,1.4982190442340269,11555.829927206742,8000,1080p
1.5297868107926949,2.136352270152449,9152.525656868847,8000,1080p
1.2470734546993025,1.5566285779320346,11967.902298272551,8000,1080p
0.8837066528759066,0.8760655091332865,19067.486532853058,15000,1440p
2.1515627046892827,1.5646988487290328,9029.082457647726,8000,1080p
1.3028710166248518,1.2538131738112517,13124.198962671448,8000,1080p
1.750225138450849,1.8789199396483882,9245.822715242379,8000,1080p
1.9437787926812884,1.3979506271834443,10041.037972894354,8000,1080p
0.6288970194233202,0.7340134899258993,24619.688357984716,15000,1440p
1.0710556514330298,0.9326049253378661,16746.564956663668,15000,1440p
1.0537777833927424,1.36117782780727,13894.43012715522,8000,1080p
1.7832111255084395,2.6415806971864146,7583.279246697795,4000,720p
1.2549312032253281,1.4171904209039048,12557.224827269762,8000,1080p
1.287161445046851,1.0176036755437756,14558.720843276747,8000,1080p
1.1135193048064624,1.5444918829724439,12623.886669205043,8000,1080p
1.106532839471495,1.3805549747479495,13491.454466609104,8000,1080p
1.105110844438942,1.222784306623345,14414.064991152254,8000,1080p
1.3677908944358828,1.3375510467854277,12403.02805672397,8000,1080p
0.7512663801706623,1.0124021405811146,19025.361968640893,15000,1440p
1.1080709787698308,1.1350689317220264,14958.688864236943,8000,1080p
1.2131543444866366,1.0860376999791408,14594.010135328408,8000,1080p
0.5856450741376373,0.8402157015606087,23532.754790570874,15000,1440p
1.3060623092516717,1.185071132680576,13469.544198312196,8000,1080p
0.9234770051948075,1.2531076848918583,15416.092997816664,15000,1440p
1.0723077653699111,0.7836280959853748,18079.52133404927,15000,1440p
1.3583927483631384,0.9370656884307698,14617.747575889825,8000,1080p
1.7865503920790171,1.2889435525440331,10910.25786562315,8000,1080p
0.8631602009428805,1.1838176588520393,16392.18120481367,15000,1440p
1.0438940803268095,1.4615640202154538,13392.533681859504,8000,1080p
0.839069673701008,1.025498689042136,17995.817514909926,15000,1440p
0.8496010346533186,1.0495198545726407,17668.402359407497,15000,1440p
1.248263950546547,1.1086613806150805,14236.527375885285,8000,1080p
0.9957113541094924,0.9045328443258673,17657.957870692804,15000,1440p
1.014799466340275,0.9588786693538747,17000.964540856497,15000,1440p
1.503237710800884,1.2781899624986874,12063.744213846414,8000,1080p
1.2399950570922023,1.2327399125626564,13569.7648198357,8000,1080p
0.9127437838766028,0.9983909674743423,17557.334445559634,15000,1440p
0.9040451760040334,0.7415157137972833,20390.878397730594,15000,1440p
1.8727438662005311,2.3642535320188345,7919.389333139911,4000,720p
1.2962556862731944,1.731706684309971,11081.522123915178,8000,1080p
1.3406236773552584,1.0543234346877863,14010.510641872128,8000,1080p
1.3809574666890865,1.7770286651457003,10625.262619663536,8000,1080p
1.4699536644789934,1.7690289504684542,10359.559154516925,8000,1080p
0.9658216024021385,0.749722173012579,19559.064875443655,15000,1440p
0.9884305688477122,1.2057559452639888,15292.424679578457,15000,1440p
0.9475792658211101,1.2314821943339247,15398.570721182268,15000,1440p
1.2798136984042854,1.6307958278609682,11528.317933823073,8000,1080p
0.986745344605617,1.3511459243821413,14352.434796733782,8000,1080p
1.452795889616361,1.042140850910787,13449.011133208282,8000,1080p
1.1973740946746794,1.2343355985405704,13798.69977638397,8000,1080p
1.8115617210176636,1.432101538788125,10344.610186819775,8000,1080p
1.6561956566745486,2.3793163131172443,8314.78936283051,8000,1080p
0.845867072503102,0.9844190267384848,18332.889057018958,15000,1440p
1.2756955604439257,1.092862581130503,14166.60685293361,8000,1080p
1.3302180334111384,1.4392993663042881,12115.624189054666,8000,1080p
1.1848777683151595,1.215621179661534,13978.107354840542,8000,1080p
1.7367334814912532,1.7047405854401845,9750.017390053597,8000,1080p
0.9848561604314382,0.7614970276917242,19214.00105557202,15000,1440p
1.0943974200861897,0.8966818025101146,16852.384184013572,15000,1440p
1.1364816714354469,1.527884018788028,12593.778745584134,8000,1080p
1.1410762832233305,1.1319472365406011,14762.025869175717,8000,1080p
1.2276973133721263,1.2154133923979453,13734.306808427496,8000,1080p
0.8735346339884095,1.2557427827121508,15758.600423233976,15000,1440p
1.3665443081902362,1.5923744083320326,11340.099277697569,8000,1080p
2.065254081157668,1.7308367405825797,8839.20685138339,8000,1080p
1.2054339533520617,1.2825730953466443,13486.469830360755,8000,1080p
0.8331485395290202,0.8308103806176651,20165.42090897414,15000,1440p
1.4757052179559254,1.629963726456177,10804.252674894102,8000,1080p
0.9074692263367321,1.2901627357778007,15268.44921190278,15000,1440p
0.9860398343619396,1.0789018317831276,16249.578644340609,15000,1440p
0.9598959111279022,1.0542093687840335,16659.720986118027,15000,1440p
1.384166173565127,1.717499780335045,10818.196575233116,8000,1080p
1.1342552037706843,0.9445685164165369,16141.066543621144,15000,1440p
0.8872911901306081,0.9269551800516361,18494.969895753133,15000,1440p
1.1385116345428323,1.3114262654850317,13696.033682983709,8000,1080p
0.7463518354412654,0.9062038971056502,20304.56906181674,15000,1440p
1.261524919232102,1.3304223831065545,12945.645912524758,8000,1080p
1.6185349288377047,1.6043067511290847,10411.44286068243,8000,1080p
1.220064740832054,1.2335151911171203,13675.703637396346,8000,1080p
1.7386378537044205,1.6775811357446935,9822.096330367525,8000,1080p
1.1166769116513353,1.0790402803424777,15281.764027876021,15000,1440p
1.4249748706035077,1.156053689613346,13000.410966851452,8000,1080p
0.7965137075478714,0.8923016170493177,19868.621222988546,15000,1440p
1.3267299277295939,1.6054824060449997,11443.384100634306,8000,1080p
1.1821056578512543,1.0304076120914298,15165.754011893107,15000,1440p
2.435862215253871,1.9450893631410748,7659.165229188262,4000,720p
0.800895362104036,0.662217256115837,22933.594845777978,15000,1440p
1.1105353208831474,0.9579211427197343,16221.966761415018,15000,1440p
1.0014194043082454,1.0656966196175781,16232.486039305199,15000,1440p
0.8714770137750911,1.0927913284862534,17082.40736668942,15000,1440p
1.710808584398087,2.5420340021061896,7889.883370355556,4000,720p
1.0417239927519262,1.3639996248852149,13947.750171300462,8000,1080p
1.3953365872859476,1.396104410137008,12020.469725484896,8000,1080p
0.9652732131177533,1.0311870175121904,16806.96238532764,15000,1440p
1.8123028068464577,2.18425233813295,8395.838611698398,8000,1080p
0.9066870997292933,0.8148416316734408,19491.0670893417,15000,1440p
1.662449019109991,1.8117937394522134,9658.056253353554,8000,1080p
1.4020713257679769,1.016133105004267,13875.763179080986,8000,1080p
1.008124010789005,1.0648727732773302,16186.437074051084,15000,1440p
1.4646756437267383,1.651852034903433,10766.608052314303,8000,1080p
0.829465966820924,1.082957511252379,17545.503067032445,15000,1440p
0.9829749258271878,1.3266905643358307,14527.83190592318,8000,1080p
0.8450736800758525,0.6939102294360977,21802.97779113294,15000,1440p
0.628273845149941,0.7407283496144463,24510.137477007404,15000,1440p
2.5726359727534174,2.217059606889646,7005.545851935027,4000,720p
0.7327326226053033,0.6490802954817716,24282.905131941723,15000,1440p
1.2072631226945059,0.9363515197342354,15653.201529721977,15000,1440p
1.2891931410515067,1.3917685402760032,12515.819317262723,8000,1080p
0.6828713827401128,1.0204522209498563,19699.387672025365,15000,1440p
1.184368358815292,1.38122901133099,13078.603989248257,8000,1080p
1.248090450508504,0.9271952088766005,15425.299134958188,15000,1440p
1.0312875886035815,0.9397893983645462,17023.400010170466,15000,1440p
1.1535527641105585,0.9192579918616708,16187.889754683205,15000,1440p
1.4411501068979709,1.535828958561284,11271.302640088805,8000,1080p
0.848177728568072,1.0018787474687445,18136.977132654978,15000,1440p
1.2346909548311098,1.7259643513721414,11333.447676159996,8000,1080p
0.7979622546732815,0.8727939301197639,20083.380391110957,15000,1440p
0.9640344851832473,0.9331002053777352,17686.900232728312,15000,1440p
1.3634964140757544,1.1052561501799858,13591.654540768335,8000,1080p
1.6424904946424905,1.2908838247037386,11438.85107969391,8000,1080p
0.8253670185221531,1.1406888055349185,17066.87652986295,15000,1440p
2.3693456453745485,1.7616684530402233,8122.5653557745345,8000,1080p
1.2930857069342763,0.8973435473616431,15318.655890936578,15000,1440p
1.1161204655599797,1.2089043482798842,14431.859737696142,8000,1080p
1.6631833143752843,1.4629167851568947,10733.639656971132,8000,1080p
2.1153135065982376,2.1829849408029736,7806.445366837499,4000,720p
1.1908662186699739,1.3097863722054366,13418.270143736161,8000,1080p
0.8837986065925749,0.7536039775333694,20492.475293063962,15000,1440p
1.3060886761356147,1.419428841280433,12311.214947468616,8000,1080p
1.8643354262242837,1.3014718371132983,10599.012892725796,8000,1080p
0.9266297492726772,0.7812576487530649,19646.747226302945,15000,1440p
0.7920815385577465,1.041171151139534,18303.22256641049,15000,1440p
0.8627761592688741,1.1294676222394238,16842.53318366312,15000,1440p
1.544405009841342,1.04730834155325,12946.814500895507,8000,1080p
1.2077819442443751,1.4790462878079003,12488.491671970478,8000,1080p
1.2194905932193243,1.0386148802619322,14859.550359386045,8000,1080p
1.3779919306071307,1.582729780559287,11333.193482335346,8000,1080p
1.215787861356159,0.8670894854238536,16109.653336944146,15000,1440p
1.2121927615405754,1.4378687253175553,12661.756025812663,8000,1080p
0.8894206239135038,1.0179493865866371,17591.988872259517,15000,1440p
1.4844102535597592,1.9042313785687528,9902.030265420368,8000,1080p
1.6757621484450087,1.9191967696323287,9333.745604510452,8000,1080p
1.091401342810655,1.0689298483465361,15532.077737592826,15000,1440p
1.2012025828830695,1.0413844486814587,14962.376722829322,8000,1080p
1.1865096122142327,1.6465715128486917,11843.794977545775,8000,1080p
1.124906696254842,0.856088243381893,16938.171485765153,15000,1440p
0.9376569291958481,0.828553190101734,18997.98423380369,15000,1440p
1.1508602251638644,1.546169807573287,12441.252634456727,8000,1080p
1.1715408170600847,0.9605964030729215,15737.463650630712,15000,1440p
1.068398220562921,0.7463403814149268,18489.95329874489,15000,1440p
0.7776258135777615,0.5441378204205111,25386.106212121624,15000,1440p
1.2184149576683025,1.5634332549720336,12061.920505774999,8000,1080p
1.3035288454956613,1.1392568745748253,13736.134006478385,8000,1080p
1.4145740417876154,1.2533898170408102,12576.794055499182,8000,1080p
1.6233676924261689,1.7801626703597146,9858.713871597365,8000,1080p
1.105386368141751,0.9380290389316976,16420.75903110479,15000,1440p
0.9778992214236872,1.1768841879984806,15572.067175418824,15000,1440p
1.573251063409627,1.1560840647315034,12293.99484659582,8000,1080p
0.7759607133545375,0.9924488216244433,18974.355960141795,15000,1440p
1.7945917818638686,1.4354974257212565,10388.0821375475,8000,1080p
1.4498045515752576,0.9872360198151757,13768.515959032966,8000,1080p
1.576049471189452,1.5927647986880988,10588.955092434815,8000,1080p
1.245055562223552,1.4130591765974154,12623.394885836791,8000,1080p
2.149639487033137,1.465650835983857,9281.25516957059,8000,1080p
1.081901769482484,1.161011344535827,14960.201440833016,8000,1080p
1.4306896445576653,0.9751014177811717,13947.359155694676,8000,1080p
1.1523160329210391,1.1320780897433274,14688.547684085408,8000,1080p
1.3947064072256896,1.350693574603283,12222.055883327497,8000,1080p
1.3438732217723686,0.9455405941566306,14656.34205862616,8000,1080p
1.6211256439727213,1.388418399334533,11149.340736388192,8000,1080p
1.8125325787767352,1.6647746998225295,9649.544694110684,8000,1080p
1.517503484961127,1.0186817214791064,13230.276682788752,8000,1080p
1.0633888334906876,1.141699224308837,15216.821786919585,15000,1440p
0.854707153385664,0.9857239383086145,18231.83283059525,15000,1440p
0.8609682251950822,0.6577632385859383,22093.722820796233,15000,1440p
1.0766967022358536,1.4392072010525379,13336.929107722659,8000,1080p
1.3150289066083876,1.0042531326723967,14467.594467469477,8000,1080p
0.9461289291116822,1.2345864272995901,15386.892150481926,15000,1440p
1.0404031562652074,0.7130379593489922,19136.332381624616,15000,1440p
1.2698749426937148,1.3982191016816516,12576.18039016893,8000,1080p
1.1042296301082106,1.3616365436931672,13607.564091068458,8000,1080p
1.8030059359160642,1.5731736435124952,9938.580342245688,8000,1080p
1.8248085861455714,1.7078067130510155,9498.467610563537,8000,1080p
1.3935018833083466,1.063189266611165,13658.384368380755,8000,1080p
0.7926074496506527,1.061788706407842,18094.532762254912,15000,1440p
1.4733640695288708,1.0897693027373974,13091.176746035608,8000,1080p
1.41156442700179,1.2682182366200043,12521.325872990883,8000,1080p
1.2229723495538616,1.4876896118451748,12378.685530630226,8000,1080p
1.469582318867121,1.3605732696462223,11856.037928157108,8000,1080p
1.4466253983295123,1.7084229249604166,10635.15628344199,8000,1080p
0.7066858739316185,0.9473580789855652,20286.30009548485,15000,1440p
1.32971548483512,1.2132326134404694,13195.091171052118,8000,1080p
1.0789073205581714,1.6040105644111413,12506.693621889885,8000,1080p
1.5298363173843532,1.444103714759912,11282.820647801242,8000,1080p
1.4391459741890242,1.0352361617738863,13560.731591259339,8000,1080p
0.9801659593379194,1.051001104718095,16519.779487264597,15000,1440p
1.8531163221746862,1.354642957465584,10460.39589472029,8000,1080p
0.7201858908665407,1.0423895293441188,19037.16097209028,15000,1440p
1.4559502805470186,1.6721677677276139,10726.715386750677,8000,1080p
1.5398897442491324,1.4263459862909282,11312.12588889244,8000,1080p
1.319101427731306,1.2602545763624475,13008.840945858195,8000,1080p
1.215557017721778,1.160283331689188,14123.184669508217,8000,1080p
1.3570081495122623,1.8707787755214025,10395.49164158351,8000,1080p
1.5971128773905359,1.8670381552182334,9686.191994559475,8000,1080p
1.1069795139813667,0.7888788591032332,17698.807292976355,15000,1440p
1.7356279066754547,1.3104509039152878,11015.615184786571,8000,1080p
0.7659541171301428,0.8621244671159344,20609.83562137956,15000,1440p
0.9649569465149705,0.9160076113030426,17838.949628548213,15000,1440p
1.636164520006724,1.8130783665141628,9728.057171945062,8000,1080p
1.8840352139891983,1.396221994644114,10229.207609600873,8000,1080p
1.0401511049606507,1.1103321601399072,15603.205355997492,15000,1440p
1.3173547708532654,0.9421952934474336,14850.050251214352,8000,1080p
1.3294598411010012,1.835642279391677,10601.37421246204,8000,1080p
0.9134924330335915,0.9770485334187206,17748.587624084365,15000,1440p
1.591064313285603,1.9747705401298528,9409.979255730432,8000,1080p
0.7258514925020052,0.940630364126547,20134.89187808125,15000,1440p
0.8641346628357577,1.054730200529209,17486.6050447962,15000,1440p
1.5587591984119644,1.1266917112569006,12494.89680827474,8000,1080p
1.4395152288961577,1.2700748296858806,12383.582488326461,8000,1080p
1.18029076244775,1.1371355144452777,14479.179913756052,8000,1080p
1.6509132730875367,1.3843366693322725,11054.915620309413,8000,1080p
0.7962391461653571,1.1623581386560247,17131.86894520793,15000,1440p
1.4059179319582886,1.0620610040132534,13595.915066751166,8000,1080p
1.7787498140829883,1.5047293578256558,10219.170045928824,8000,1080p
1.6643674195143419,1.2895614779398308,11359.255136072741,8000,1080p
0.7776988121731837,0.7010074641625438,22691.749224970325,15000,1440p
0.8785876123434866,1.0491813393549805,17405.836923785268,15000,1440p
0.8127845946680358,1.2009075271499872,16663.13913454954,15000,1440p
0.8771948926554123,0.9263187659300709,18605.033480210586,15000,1440p
1.530192911213979,1.5500196945717963,10893.544145937329,8000,1080p
1.926429260547593,1.5432716764526209,9670.698601767686,8000,1080p
1.1943437937687236,1.3355223646968755,13263.322997431318,8000,1080p
1.5593583390952221,1.1781313792746588,12257.372794803034,8000,1080p
1.0000900944295648,1.0663151683777348,16238.069368065235,15000,1440p
1.1362858163463898,1.1932371619823432,14403.992711019711,8000,1080p
1.3688863877449078,0.9878005138065655,14237.967707084965,8000,1080p
1.0234936489920707,1.2994822073262087,14444.589214621,8000,1080p
1.089210568668776,0.8760193103360923,17074.049381434666,15000,1440p
1.310826625956194,1.4802994505689275,12021.825987084892,8000,1080p
1.055485089295217,0.7580788304111241,18501.92961791678,15000,1440p
1.4720610965840797,1.1480523785704204,12806.48045139396,8000,1080p
1.6159859180154466,1.246174209616949,11723.464273033713,8000,1080p
1.8288772147680707,1.8673618490517354,9077.992905936075,8000,1080p
1.7294214009043245,1.3138569691209379,11025.75181110411,8000,1080p
1.3135008451763426,1.0603061296451188,14135.282420140204,8000,1080p
0.9383144725777505,0.980296511643535,17488.918950195042,15000,1440p
0.944148547604138,0.8322617983803065,18888.896969019246,15000,1440p
1.4699515936762508,1.094623602451589,13083.816785977902,8000,1080p
0.848767568118309,0.9147964031477315,19026.48985049955,15000,1440p
0.8222648954249022,0.8100262539932829,20556.64641198365,15000,1440p
0.8564155903219601,0.8110226130644203,20123.343660865332,15000,1440p
1.0635267327018376,0.8307039098201578,17714.016047869085,15000,1440p
0.7459225534876108,0.8738043183591142,20716.105031796535,15000,1440p
0.7553327265491897,1.010868306219944,18998.081972238328,15000,1440p
1.321107177314198,1.8029657629504396,10740.604538240272,8000,1080p
0.8524354164681205,0.9731128465976224,18380.468311284312,15000,1440p
1.4237797122227185,1.0646775534767745,13484.029829448575,8000,1080p
1.1928202005706272,0.9601984952670815,15584.83076104662,15000,1440p
0.9267659392931851,0.9259468147655632,18110.973720287788,15000,1440p
1.459236586537386,1.3548943452206426,11923.550401060429,8000,1080p
1.488778168677249,1.7288812541969554,10428.211190240634,8000,1080p
1.630242871340194,1.437696411765023,10937.123881421101,8000,1080p
1.1922325551797668,1.6173217535499895,11942.97326652158,8000,1080p
2.015640281187163,2.2691733140005934,7831.013241202544,4000,720p
1.454765708982125,1.2718332355841828,12306.332057697307,8000,1080p
1.8327038146229209,1.6164486610309503,9728.312168524511,8000,1080p
1.1693069384494412,1.4859535129063082,12636.964476636349,8000,1080p
1.9527862735109933,2.685002191599488,7235.00699793143,4000,720p
1.0892303196402937,0.920307402932891,16697.587521290232,15000,1440p
1.2247853193791127,1.2173256861847643,13739.929071017952,8000,1080p
1.0362250687027645,1.3583121345282885,14012.909030907329,8000,1080p
0.7338208920700761,1.0171282443402307,19163.567520180128,15000,1440p
1.4792458632356407,1.524743403507456,11169.957353535909,8000,1080p
1.0654883590630195,1.5123369215438496,13016.565650291337,8000,1080p
0.8213225567609251,1.1941917305169927,16648.074494831504,15000,1440p
0.9653110672322983,1.3828895202597793,14289.423219945946,8000,1080p
0.8988132646331664,1.0809185630748452,16948.978407265826,15000,1440p
1.0190006107685052,0.8411675105813639,18038.3867538008,15000,1440p
1.5429819998342673,1.5234300903976912,10942.570995883916,8000,1080p
1.2014174407808538,0.9563631251319977,15550.437579274778,15000,1440p
1.1429640444661537,1.3242240848989006,13600.272958769234,8000,1080p
1.197248843532385,0.8698693252788239,16232.469196135515,15000,1440p
1.5899199039559908,1.9542038540531241,9467.62423974973,8000,1080p
1.1852017721124726,0.8664314545122409,16354.98565949956,15000,1440p
0.983439576064311,0.9058434407178139,17760.405244710648,15000,1440p
1.1352031083844305,1.6443139093126136,12072.036899346407,8000,1080p
1.730050279564782,1.2074089355492224,11422.943960329243,8000,1080p
1.4948206662327315,1.6023575236776626,10833.871977178937,8000,1080p
0.7587220767846083,0.9378479082324758,19777.80598285317,15000,1440p
0.663464031039257,0.6770264993170465,25031.457694133212,15000,1440p
0.7722715369211659,0.9419850698175967,19573.751017261442,15000,1440p
1.8807332659196287,1.274888239463774,10633.224530494886,8000,1080p
1.0991388511877433,0.900666159770892,16778.851846118338,15000,1440p
0.6085030308305821,0.8937303482169281,22336.36428800108,15000,1440p
1.4751339405293078,1.8188140625989746,10186.69146207929,8000,1080p
0.9125916658987732,0.7131317680341123,20639.6926436783,15000,1440p
0.6981048412261366,0.7755005028020021,22770.29744495774,15000,1440p
1.347303674239606,1.27249433267272,12808.022569475497,8000,1080p
1.8520225964384698,1.3823108015830845,10374.450580921957,8000,1080p
1.250973796256542,1.234529079362139,13500.057605705955,8000,1080p
0.7494237446403708,0.924136648548621,20049.728791717866,15000,1440p
1.038799637049387,0.814583393476008,18104.423881817904,15000,1440p
0.9474319933426257,0.872929334275988,18432.841596286664,15000,1440p
1.0049563645074624,1.3898173221495713,14011.525258923342,8000,1080p
1.0853401438981924,0.8162117683281247,17645.814339464872,15000,1440p
0.8712329574607378,1.1626892008313185,16497.402254654935,15000,1440p
1.0460052598612477,0.8989986409603601,17251.601390529835,15000,1440p
1.3609379674331759,0.9382274987275887,14594.178841782314,8000,1080p
1.2039506983510906,0.9778772378875082,15379.045910396932,15000,1440p
1.5245482438312883,1.196152910070182,12333.009067123427,8000,1080p
1.5282939836402285,1.097781745937695,12777.404559232968,8000,1080p
1.5197489534030284,1.3367896581307424,11746.535427358885,8000,1080p
0.9296738485971789,0.8752106170767957,18590.902984734927,15000,1440p
0.9098575943778707,0.6681403189551646,21263.926724165674,15000,1440p
0.8019151548493917,1.1921627495018887,16827.041675142595,15000,1440p
1.0222901996861453,1.1294909457015918,15593.794039845863,15000,1440p
1.0622020902556377,0.8131021325362191,17892.79392228205,15000,1440p
1.1307166365057026,0.7642499230365072,17707.136746574648,15000,1440p
1.3237582098363374,1.8026688509681823,10732.517134548305,8000,1080p
1.525336644688018,1.3457806364212883,11686.890055231619,8000,1080p
1.0355092498122767,0.7990548866158338,18290.138422377728,15000,1440p
1.7708784599307725,1.7671966500616405,9483.809969221356,8000,1080p
1.888621698537442,1.4643927201644196,10007.243575466277,8000,1080p
1.145872355378668,1.1710156112023715,14482.544034925973,8000,1080p
1.0934411933692147,1.1867062189083826,14715.904690777468,8000,1080p
1.6948933901106835,1.3729486080476232,10937.470710728736,8000,1080p
1.3837755806664878,1.94212670051798,10088.820765969744,8000,1080p
1.1078322330025976,1.2150670357333164,14445.065462636185,8000,1080p
0.6640495335696686,0.7329620550234353,24018.721300509646,15000,1440p
1.1021275460045936,1.331437640843608,13788.178833811131,8000,1080p
1.4202977260937852,1.1092167930556944,13265.166792275339,8000,1080p
1.4017668897333835,1.053087359387136,13668.604566654525,8000,1080p
1.3183512794436654,1.083300591064834,13971.397108813924,8000,1080p
1.2348835911372247,1.2890421625980417,13294.540043557681,8000,1080p
1.1456400870242531,1.2600788452539795,13947.777335826891,8000,1080p
1.2490171093132254,1.7651130304239522,11132.37665409027,8000,1080p
1.6910722707021881,1.4703328613788627,10613.771597793353,8000,1080p
0.9358974726343218,0.888235501584448,18394.729153103828,15000,1440p
1.3865420117500928,1.0035937434452564,14038.713879353496,8000,1080p
1.132992065830534,0.769264189063324,17639.280677183146,15000,1440p
1.0494704059452606,1.572510481604301,12797.359492333731,8000,1080p
1.262578706187194,1.1319511817554044,14012.951840342352,8000,1080p
0.8002500115093338,0.954187914407417,19125.459786482166,15000,1440p
0.8597398402554471,0.8053252336444291,20152.02440191097,15000,1440p
1.190379194128441,1.4383295802086598,12764.60607868654,8000,1080p
1.7691917679845508,1.3199491735990292,10862.059269720163,8000,1080p
1.1332609852786628,1.3178821447808116,13689.299326712855,8000,1080p
1.0327015319173554,0.9751439654538117,16711.660356303393,15000,1440p
0.9762307581723244,1.0914816040804014,16227.804511186074,15000,1440p
1.3858925020738577,1.4833208214341895,11694.645262198432,8000,1080p
2.098347584014232,1.6045619892141558,9061.639593522537,8000,1080p
0.7765829320940956,1.1334466590015535,17567.493276767607,15000,1440p
1.3010097727649488,1.3033650333193647,12883.872137608796,8000,1080p
1.504651907542895,2.0209871253044622,9517.262455793994,8000,1080p
1.6275221520298,2.0459525537235006,9134.248820999888,8000,1080p
1.454135046218034,2.074636301199936,9508.81445593012,8000,1080p
1.0660507444870508,1.1690915244192364,15012.21307779171,15000,1440p
0.717787545260435,1.070075164605059,18767.901928288666,15000,1440p
1.1928234170515175,0.8987836478672637,16042.416648321536,15000,1440p
0.8697307854139379,1.0086848314740497,17863.156427324833,15000,1440p
2.0897509261139313,2.0667533830597473,8072.75284809477,8000,1080p
1.1945017257186898,1.7078648508845102,11561.05926470205,8000,1080p
1.4574832316367068,1.4991946785633508,11348.693709329202,8000,1080p
1.1603784049099022,1.094298949667198,14882.14352793447,8000,1080p
1.3929913959927933,1.250496683094638,12693.241276723842,8000,1080p
1.3299918384214793,1.3059892827185655,12729.39010484564,8000,1080p
1.1038494686530775,1.3088969507991717,13907.152334565542,8000,1080p
1.637311360339317,1.9926963698387765,9243.625494525813,8000,1080p
1.240316357591872,1.4060298386788959,12679.532272566952,8000,1080p
0.9749082775182782,0.6702406590677223,20395.984371865976,15000,1440p
0.9755578286085947,1.044413327229155,16611.342148637686,15000,1440p
1.0238935483309977,1.4602402761770685,13507.497731787777,8000,1080p
0.7278413854850797,1.0631046291091937,18735.590981842928,15000,1440p
1.5721463854794644,1.1700879275082947,12236.16517417189,8000,1080p
1.3780209322756736,1.1059054757580757,13508.625654719515,8000,1080p
1.293663946429618,0.9604225636825074,14886.044457242635,8000,1080p
1.1143252200306735,1.3401085009293194,13670.946464537648,8000,1080p
1.2291051380583111,1.518305107948061,12213.113075768217,8000,1080p
0.8692205075941726,0.8776584276147146,19208.218339405215,15000,1440p
1.52640636309974,2.1206530295830444,9200.407338394698,8000,1080p
0.928799798009535,1.2325224119888945,15524.955901889512,15000,1440p
1.1526330504928672,1.2414256637309544,14015.709723676802,8000,1080p
1.5144421790439309,1.1177361155906256,12747.78082791637,8000,1080p
1.0328623595141242,1.5255592368854758,13115.286412223957,8000,1080p
1.411169807891062,1.0706894548827612,13519.877014500109,8000,1080p
1.1954315612433237,1.1091029484012636,14560.177710324188,8000,1080p
1.8331526005057937,1.6949963823501402,9510.491808324565,8000,1080p
1.3944284395902522,1.9197442702582093,10124.527276532386,8000,1080p
0.841057005647706,1.2284909948963159,16213.410846803044,15000,1440p
1.7209213859329464,1.1658199526541602,11623.636503720476,8000,1080p
1.3836711777202775,0.9528003948085482,14361.155682148164,8000,1080p
0.9566296582518948,1.0793138084616514,16481.02344126683,15000,1440p
1.0278771709201788,0.7257016755110257,19134.829362414064,15000,1440p
1.006773670947468,0.8855640723644458,17731.73531976064,15000,1440p
1.801475631223809,1.2065375751267917,11155.0148547084,8000,1080p
1.7002949361281938,1.194378097545153,11591.78657128655,8000,1080p
1.5010627308670588,1.6589694744704475,10618.382921327293,8000,1080p
2.381993688829768,1.8596954452960102,7910.629689960919,4000,720p
1.0533378180135875,1.4726103314388275,13283.895794644108,8000,1080p
0.6656364110830555,0.9802988157190751,20386.240876071737,15000,1440p
0.6586874665457213,0.9621115913242203,20702.400977513724,15000,1440p
0.9836960738257787,1.2452024608495618,15054.266256623258,15000,1440p
1.2936754328455131,0.9783487285613592,14768.519001674074,8000,1080p
1.417323948306788,1.4562711183751997,11676.812919484792,8000,1080p
1.1916461930788353,0.9961369184522642,15337.183938913051,15000,1440p
1.0972962858866748,1.4883270554986217,12977.308590516739,8000,1080p
1.3154081617155975,1.7851744707933825,10821.976375726481,8000,1080p
1.8863614561576292,1.4635762021321546,10016.434758708398,8000,1080p
2.449642286823303,1.6655212894905884,8153.851330025617,8000,1080p
1.051292489702759,1.5079357905562305,13111.152396535863,8000,1080p
0.7320911837274305,0.7685867344211831,22359.51605218267,15000,1440p
1.5427625615166314,1.5716577515918682,10773.893253511875,8000,1080p
1.344903410463423,1.2655931869875097,12853.658584640501,8000,1080p
1.2430270879194765,0.989091000742244,15032.55234140312,15000,1440p
0.8147136231510651,1.1994157560102847,16659.52165097334,15000,1440p
0.7961164666666204,0.6336663283953131,23468.202384227552,15000,1440p
1.2477953956410044,1.0380960493516893,14678.926277755612,8000,1080p
1.0908638350584494,1.1604299699983793,14904.510430682321,8000,1080p
1.1929793970544111,1.4501187969514906,12695.11366474986,8000,1080p
0.9335834342751494,0.98449516989224,17493.773157730153,15000,1440p
0.9991446072823057,1.0546991548686977,16337.382919944328,15000,1440p
1.409607128358334,1.2855925442431246,12449.701720100247,8000,1080p
0.8934285101241989,0.9893311301302307,17821.941411207208,15000,1440p
1.3160848712268471,1.3003960758777433,12824.260018836172,8000,1080p
1.3267995767607648,1.4716460603589203,11990.381930211828,8000,1080p
1.1976259162940512,1.5970934399014767,12006.369056561693,8000,1080p
0.9474470406479849,1.3548195197294106,14574.520855873283,8000,1080p
1.114393323996802,1.512968254038959,12771.151211355382,8000,1080p
1.143055617118554,1.517019691501278,12614.090996322044,8000,1080p
1.2998779528111095,1.109172528664221,13928.488530240711,8000,1080p
1.4804663510280474,1.4653023383053378,11390.721926504428,8000,1080p
1.3668858174677951,1.3007749596165943,12578.222946574639,8000,1080p
0.8535228612605906,0.7739983930945763,20616.893272643898,15000,1440p
0.8895738528000732,1.162435632858314,16351.98678881061,15000,1440p
1.031593117344596,1.176073688714695,15199.047205812287,15000,1440p
1.0891648075690294,1.2472668606367907,14361.40095882493,8000,1080p
1.3018498662543558,0.95827419172245,14846.278849859642,8000,1080p
1.2136326097116985,1.5145168221356133,12299.338008504646,8000,1080p
1.009426786104488,1.3825132322799472,14028.12434346215,8000,1080p
1.0404236527677906,0.7255852267137166,19000.14908750144,15000,1440p
1.298137379780286,1.5996797854356055,11579.209483183577,8000,1080p
1.2242508440481257,1.309712310876208,13241.878412790878,8000,1080p
1.0445613440228048,0.9976350614581806,16430.56069922772,15000,1440p
1.2229233838557794,1.1055906636859798,14410.233872294575,8000,1080p
0.8582280486733795,1.2267150133501055,16093.69225048988,15000,1440p
0.997652608041593,1.351175520483117,14285.605486628521,8000,1080p
1.107899693415613,0.8234863621409774,17373.239235865884,15000,1440p
1.2064445427772255,1.6885701831021327,11590.41841827173,8000,1080p
1.273151554047905,1.5545151185538046,11866.473628281963,8000,1080p
2.540698691519696,1.9328553195314693,7500.62074071519,4000,720p
1.4608430310295895,1.1006066450499488,13099.78185921544,8000,1080p
0.8528943817929647,1.1843946199723483,16470.138488415265,15000,1440p
0.9203793883687487,0.9083882327980436,18348.11137928589,15000,1440p
0.8228442531257292,1.1812860325531362,16742.640056773555,15000,1440p
2.030355211942665,1.6192214444556976,9194.061437556891,8000,1080p
2.320259162045231,1.5823751887416546,8597.892854921047,8000,1080p
1.1632196760919993,1.0871963677167764,14910.323845367688,8000,1080p
1.4023249395137016,0.9438524994286803,14301.745231650417,8000,1080p
0.778510151709179,0.7809200304574115,21517.11079067434,15000,1440p
0.9731618795019287,1.1567834511322386,15753.658799312723,15000,1440p
0.9746107052207823,1.2938450162955863,14791.750917478897,8000,1080p
1.792019386975178,1.7678006134923385,9425.878835332474,8000,1080p
1.597209957052342,1.7334919838808835,10074.282417056635,8000,1080p
1.3656148710527303,1.3332159135400814,12432.951406793203,8000,1080p
1.359676818600913,0.9739402474979115,14378.722407997264,8000,1080p
1.3602974886122707,1.6745683111227363,11056.314912814216,8000,1080p
1.4015456344720247,0.9436111812606853,14307.969418035018,8000,1080p
0.7755144049115406,0.9580517550523822,19355.72623354525,15000,1440p
0.9432543138781249,1.094348473133012,16467.602132219014,15000,1440p
0.8465271811600398,0.932443705845596,18861.709455222637,15000,1440p
0.9584355217486374,1.157466385508663,15858.217190935058,15000,1440p
1.872557727312711,1.4843540169939105,9995.625311540847,8000,1080p
0.9585922902224476,0.7039641052015196,20182.432362809148,15000,1440p
0.6576629610832572,0.9627951925278124,20706.756249907758,15000,1440p
0.8155813222676318,1.1322242773185647,17226.786906829155,15000,1440p
1.2355592426635285,1.5253540533594532,12153.381291739302,8000,1080p
2.1561961303754638,1.5199630996628843,9127.57851341765,8000,1080p
0.8660528144255212,0.9648585151255576,18326.628634837936,15000,1440p
0.8723414803596,0.6837216728732171,21563.66978440984,15000,1440p
0.7240471697147434,0.6450212062498536,24508.952649175564,15000,1440p
1.2263789418462965,1.0982514200939493,14434.308589170234,8000,1080p
1.2013652420245418,0.8974704669098115,15987.164625208645,15000,1440p
0.8440794414459655,1.1583687430109504,16756.70424855478,15000,1440p
1.076952522571016,0.9448534475448416,16596.26714727586,15000,1440p
1.3280028946321578,1.023303906138517,14270.546059324139,8000,1080p
0.8137784540010605,0.9051496785659036,19520.555492853233,15000,1440p
2.250357551777885,1.6710988999356742,8556.62492065613,8000,1080p
1.5107962478799983,1.2290298786520797,12246.9202242667,8000,1080p
1.1779477059439285,0.9859947806177349,15506.157029762555,15000,1440p
1.7434856595870407,1.9204720705847875,9157.97464683808,8000,1080p
1.1256944052933096,1.5045726404709343,12757.043834783137,8000,1080p
1.1281584705536378,0.7966667462976613,17432.456571246294,15000,1440p
1.9011203140593882,2.8315807750767314,7089.911525793156,4000,720p
2.9489693032257738,2.3040954712652515,6387.591518562823,4000,720p
0.9635499973699259,0.9151672433083909,17860.288538090525,15000,1440p
1.302413387529379,1.3916577709856337,12454.916750786715,8000,1080p
0.5858025507005161,0.7927680503620037,24340.017097519885,15000,1440p
2.075124193967857,1.6692831117588915,8961.213153462602,8000,1080p
1.2339839867697535,1.2942946492027454,13271.651123648138,8000,1080p
1.2464526648659042,1.4283058418384948,12544.845419088995,8000,1080p
0.8968067714280591,0.9646394160463859,18026.00162485796,15000,1440p
0.9358301013360137,1.3821507794558123,14475.715601475433,8000,1080p
1.3662755431066242,1.8031195410355194,10587.01459085595,8000,1080p
0.9596201916927524,1.1441692139673991,15949.520379617512,15000,1440p
1.0371934532778753,1.1925373292793824,15048.647245887116,15000,1440p
1.0002237426052538,1.221044520856041,15105.979116504259,15000,1440p
1.7594486355002057,1.1822450699726503,11406.500934333802,8000,1080p
1.877737325724523,1.7079040157349,9358.000091091855,8000,1080p
1.9428598353824507,2.272685453221391,7959.689601890859,4000,720p
0.7294984132947046,0.7452166500433804,22753.162854421524,15000,1440p
1.0539530619916337,1.364536184069731,13874.129088911657,8000,1080p
0.8583787212103288,1.083289262395545,17281.240811153522,15000,1440p
1.1149708793311894,1.3210947744479113,13774.026142500128,8000,1080p
1.4629570581070452,1.1148924804570117,13016.443162424008,8000,1080p
1.0087543769083442,1.1529608897135883,15522.1330570676,15000,1440p
1.3310969562147585,1.351395934155612,12508.67509116386,8000,1080p
0.8530477071037071,0.784732115323011,20487.755155196617,15000,1440p
1.2755100522114646,1.2957890253062634,13049.602939379834,8000,1080p
1.9122303798896658,1.767006656044004,9119.942986082979,8000,1080p
1.0271059163733267,0.7117672235485388,19296.653234581412,15000,1440p
1.2100801099748528,1.2814964343262014,13467.148772430271,8000,1080p
1.0240583927204903,0.7753414108196461,18647.5690027225,15000,1440p
1.7875379403109244,1.5027137289198886,10198.135393042525,8000,1080p
1.461508649824306,1.8372347079287057,10171.883157001976,8000,1080p
0.9950421998139852,0.996491951603668,16848.53457125735,15000,1440p
1.0606890390789752,0.966603457401003,16551.35213999022,15000,1440p
1.1022337433262939,1.3983236271432138,13418.781107069652,8000,1080p
1.5175725658345698,1.5173498270552455,11056.108742223845,8000,1080p
1.3729333180716723,1.3338654922334965,12396.352426435795,8000,1080p
1.116248170746107,0.8513791729675126,17053.245426377707,15000,1440p
1.8555123297509437,1.823910474586558,9119.482534174716,8000,1080p
1.1626307013772004,1.1883955829297626,14272.248772365894,8000,1080p
0.8463848044790305,1.2007447458875977,16390.96655802297,15000,1440p
0.6676546401560265,0.9353567973716873,20932.122637721284,15000,1440p
1.4408378664006891,1.3999822959429307,11811.529798605156,8000,1080p
0.7434530202833683,0.8504112599516424,21052.25169802569,15000,1440p
1.1005093708508953,0.9063949101871669,16719.497943690727,15000,1440p
1.429404040545497,1.0097074843156735,13756.825654747317,8000,1080p
1.5823629326234798,2.246626594300988,8763.260323397042,8000,1080p
1.863198026786288,1.8171023668327173,9117.307939910963,8000,1080p
0.7865821042674339,0.6993237682901641,22581.80186221677,15000,1440p
1.2741107413316985,0.8986367404082998,15443.318785084335,15000,1440p
1.195955288381178,0.9476564603851443,15653.222659985435,15000,1440p
1.8569198840329282,1.3418129923319357,10489.913755515672,8000,1080p
1.644930338028956,1.6430022633662205,10205.328413898073,8000,1080p
1.1246852548653234,1.051017255296204,15422.343745657061,15000,1440p
1.7804177660658482,1.2147607582302518,11202.815367369683,8000,1080p
1.5566095654906913,1.0661096276675137,12793.75698608233,8000,1080p
2.102049550778509,1.7787818102789852,8646.19687851025,8000,1080p
1.4376868822260958,1.0787782350649564,13333.954748445305,8000,1080p
0.8340789390514618,0.817169301492001,20320.646633335087,15000,1440p
1.4041812114590073,1.6300483483152342,11058.633283665122,8000,1080p
1.487401759884659,1.773984965945075,10288.394115991678,8000,1080p
0.7464664394372172,1.0135537078567096,19064.79994083633,15000,1440p
1.1150040999081015,0.9186992636969691,16499.177117216987,15000,1440p
0.968927927640903,1.3387736608481444,14540.19539067421,8000,1080p
1.2916860112086623,1.4661583746560667,12166.90549038318,8000,1080p
0.9659531532602683,1.1185439690706507,16097.135198958145,15000,1440p
1.2254688801718638,1.3224637545385047,13169.277532258711,8000,1080p
1.3633185345033128,0.9510523656041792,14498.29497875278,8000,1080p
1.6534777926101991,1.4189810201836697,10921.035575896967,8000,1080p
1.2726441975397387,1.577710965583951,11772.017899421302,8000,1080p
0.7554412322757103,0.7247541145765297,22668.921417268557,15000,1440p
1.2019979606802067,1.045329648803942,14930.814652209108,8000,1080p
0.9698088287264389,1.3666203808348647,14361.41607145046,8000,1080p
1.399118572375855,1.4459676136843516,11793.819169487168,8000,1080p
1.964203195542819,1.4252007048969497,9899.803324014107,8000,1080p
1.007324706900103,1.4089640267234125,13886.76424844356,8000,1080p
0.9632322352506293,1.35799025718903,14455.500112241934,8000,1080p
1.298018651983757,1.253897552910129,13148.720140438649,8000,1080p
1.3859567821290901,0.9510253738267109,14358.018059524546,8000,1080p
1.325909117440966,1.6804122484394184,11161.292462216119,8000,1080p
1.671736192938736,1.6643819045495947,10057.926913697145,8000,1080p
0.9113393845106764,1.1058041780645032,16634.6276103238,15000,1440p
1.041831625890631,1.231293097083889,14761.368639769142,8000,1080p
1.1401037120729942,1.3404889322780251,13526.78041532233,8000,1080p
0.9269616633818699,1.0273857328324172,17169.123598495014,15000,1440p
2.038318065930908,2.3236596510295966,7692.481295704843,4000,720p
0.7342077260449148,0.9715634666900869,19671.121275180787,15000,1440p
1.3786145626666473,1.3897612322468107,12120.620351345378,8000,1080p
0.9315438407207669,1.1158767785709323,16388.6363572953,15000,1440p
1.4241588820944893,1.5163710675673419,11411.015216443842,8000,1080p
0.8901442939515313,0.7323860741581697,20680.31061821787,15000,1440p
1.394053921466375,2.0551848475613257,9728.068784712923,8000,1080p
0.9016691769427063,1.1225288314781792,16576.654981582775,15000,1440p
0.8271880700710635,1.1005678936534373,17405.954193066795,15000,1440p
1.3046535942023123,1.2518448092554268,13125.15273024096,8000,1080p
1.0251199422864026,0.8562740581921153,17834.877751000422,15000,1440p
0.915074713542084,0.9309173485304456,18176.910231308262,15000,1440p
1.5786048290216042,1.216021808406032,12006.76739805421,8000,1080p
1.3588291082287742,1.909969906825468,10265.064277573272,8000,1080p
2.311530149485572,1.6187844138520924,8537.340067637035,8000,1080p
0.9717627245364788,1.0914256049439635,16263.387845185112,15000,1440p
1.1147461793318403,1.459705549933652,13033.62250632421,8000,1080p
1.2382616699134688,1.7223965696504524,11333.43644720786,8000,1080p
1.3922455828197375,1.2914089469929972,12503.260619891125,8000,1080p
1.4007941594854896,1.1527989983683193,13140.085333014104,8000,1080p
2.18773617373459,1.5864528061228853,8890.501291556184,8000,1080p
0.8180341364878455,1.2043284248934731,16591.699550194193,15000,1440p
1.1912332518237991,1.6228375442878051,11923.805202898404,8000,1080p
1.3981332941333784,1.2269861783992522,12782.05900763357,8000,1080p
1.1598359785136627,1.7230965351841157,11638.993226713303,8000,1080p
0.9759117521857674,0.9416071791644298,17498.879125210547,15000,1440p
0.9012399733751778,0.8576868537014714,19076.650309420627,15000,1440p
1.2822019446806376,1.0650441276124745,14295.23406006573,8000,1080p
0.7698197936388936,1.0432714231063156,18506.753377932968,15000,1440p
1.0609157465416843,1.2896023655471358,14275.334373059306,8000,1080p
2.2931529441571463,1.9324688772931502,7940.708709347686,4000,720p
1.3043393968810728,1.026233137208848,14397.505981551813,8000,1080p
1.6876487978880401,2.1643098317458254,8711.005290103387,8000,1080p
1.3466616189793779,1.468906577652387,11917.463778764379,8000,1080p
0.7849348269653909,0.9018499093080259,19892.53950336971,15000,1440p
1.6493866417331229,1.3640039006457285,11135.108950568097,8000,1080p
2.096131115070795,2.343920771529167,7557.2161895826,4000,720p
0.9277060192558633,1.13457391032407,16270.55159618157,15000,1440p
1.048009153021457,0.914857190745364,17094.608660724025,15000,1440p
1.0059753136361906,1.0078472524240998,16662.05978893348,15000,1440p
0.9796608861744788,1.2163978890659166,15279.3870447875,15000,1440p
0.8627319236590498,0.8367171364579722,19744.299954297825,15000,1440p
0.8400788572082278,1.1065650982994086,17237.06685296225,15000,1440p
1.613880522912874,2.172291714208595,8862.362802995614,8000,1080p
1.192881764933681,0.9418629603544943,15718.240969289849,15000,1440p
1.8388498111445977,1.308082327599114,10662.585184755613,8000,1080p
1.1681649194120307,1.1142104422073495,14701.539704754181,8000,1080p
1.3269591482910512,1.7442046791700918,10925.640534044267,8000,1080p
1.1598199880679227,1.3443879395794558,13399.219621320859,8000,1080p
1.1232084131426772,1.633755929388838,12170.789256269258,8000,1080p
1.0690680043303462,1.3756056825925411,13725.525897174028,8000,1080p
1.0618873051447806,0.7822974928949833,18194.723237967235,15000,1440p
1.6181151727358447,1.6145743567566688,10379.726136356674,8000,1080p
1.350273077512974,1.9926959491569398,10037.314654220749,8000,1080p
1.1048373070956212,1.5819894650863255,12488.498457513419,8000,1080p
0.9166998590714234,0.6135465068799711,21927.470469200118,15000,1440p
1.1724412668243294,0.9027672587124056,16169.185692469837,15000,1440p
0.8404414063966714,1.0778018623793135,17492.271468472714,15000,1440p
2.157525486917789,1.5948867140140957,8942.096497732045,8000,1080p
1.2203931998254443,1.0431607681447104,14823.782633329476,8000,1080p
0.7632299821116802,0.695831153108197,22997.276255284138,15000,1440p
1.0465419182937565,1.2485345645181591,14620.180308278566,8000,1080p
1.0737411510933448,0.9843420591567462,16303.729525067445,15000,1440p
1.2132169672416209,0.8488535681710891,16272.203798927905,15000,1440p
1.4081364707414272,1.5654351770066468,11284.21843321355,8000,1080p
1.3885710702370468,1.4256688524476695,11923.088621381608,8000,1080p
1.5780335137152974,1.1453125464201017,12321.031282499494,8000,1080p
0.8802038447730907,1.3147906847052784,15286.79527414315,15000,1440p
1.0423866010681957,1.3308851431171282,14138.470270928992,8000,1080p
1.2383083584236385,1.6089846390390485,11784.678299669693,8000,1080p
1.1498003843773625,1.194393434169741,14313.847146306587,8000,1080p
0.7861297621146586,1.0978455297749317,17810.441646687184,15000,1440p
0.9391590203249797,0.9331316969908706,17921.59288601518,15000,1440p
1.5857386667033937,1.112598747640533,12435.22467636184,8000,1080p
1.1130358273795886,1.4506684223617674,13088.261644604756,8000,1080p
1.9270782943442433,1.8732091671251194,8829.445756460313,8000,1080p
1.1151224617190156,0.7960129892969745,17557.328017834596,15000,1440p
1.0111916461136627,0.8366272061268001,18158.94017929061,15000,1440p
1.701336286558074,1.284563787541561,11237.627237113073,8000,1080p
1.0447725805005488,0.8674273308248444,17547.554416913757,15000,1440p
1.470815864312341,1.0863410025674172,13121.773026362322,8000,1080p
0.8069978011775811,0.6405844848091515,23179.637057473312,15000,1440p
1.6910007161164642,1.6391023284437267,10076.094208199362,8000,1080p
1.350827205565777,0.9024049867073427,14891.688533062103,8000,1080p
1.309765481507808,1.9076511262190654,10428.998196694967,8000,1080p
1.220504886545891,1.1061865104247417,14421.522357321683,8000,1080p
0.8443060001749799,1.0274163498682563,17927.034957521824,15000,1440p
0.9303103336064013,1.293870936097378,15086.194842594303,15000,1440p
0.9225598550411944,1.3249662693459112,14929.495873668746,8000,1080p
1.0543815721051275,1.1226402243910107,15412.997726529433,15000,1440p
1.0059756185466378,0.9105231493113704,17508.193880814444,15000,1440p
0.9910600949976712,0.6987927044729977,19856.423003536533,15000,1440p
0.9251986465742905,1.16901435245471,16022.454265902177,15000,1440p
1.246348982408471,1.8218288577061619,10936.273498001126,8000,1080p
2.0187878976800735,1.465393656810031,9630.506182078263,8000,1080p
0.9497413747364253,1.2599183766853943,15185.338818978436,15000,1440p
1.1381906240580129,1.445844931344902,12985.282625017146,8000,1080p
0.9923866521145932,1.4024230500399875,14011.314539861556,8000,1080p
1.1808571369151901,1.1699853036599037,14273.364909896503,8000,1080p
0.9112447338361028,1.3202609208228662,15036.678007041828,15000,1440p
0.9493891289089503,0.9102371177258305,18043.64294208087,15000,1440p
1.6738371542233483,1.247797730596264,11484.81357966525,8000,1080p
1.3108190190905613,1.0176811793047318,14410.319579583604,8000,1080p
0.8744679620682209,0.7331620130095583,20871.987036927818,15000,1440p
1.9802430734101608,1.7089955667735497,9095.218627095675,8000,1080p
1.2826661520523248,1.7228131432659413,11164.419615955712,8000,1080p
1.2322085405743803,0.8496031470686805,16117.899711663598,15000,1440p
1.7865013171277635,1.2361062889082741,11101.15382922779,8000,1080p
0.9575481344326624,1.294189271088697,14901.57418787957,8000,1080p
0.8894314508402746,1.215133326828144,15943.644194774515,15000,1440p
0.6182982348357359,0.8865671553883961,22297.29796297758,15000,1440p
0.958194635175483,1.0861993375337948,16412.899102579966,15000,1440p
1.0450623880644008,1.5180383222139682,13091.343568921167,8000,1080p
1.444745851413055,1.7514429592719738,10498.263396650958,8000,1080p
1.2224045850421044,1.0420553815203133,14817.851715408147,8000,1080p
0.927651890899632,1.3781087952776212,14552.434778316165,8000,1080p
1.7813715790606235,2.31388305337088,8193.491006462154,8000,1080p
1.1018744275659402,1.4737689067677209,13027.592583458685,8000,1080p
1.6768548930604639,1.7410997114775508,9817.10873381695,8000,1080p
1.9051476886407193,1.4665554975413608,9951.775155509782,8000,1080p
0.909746192593012,0.8941176459975245,18601.42172716208,15000,1440p
0.8626636964067903,1.1018019690543657,17080.6915030114,15000,1440p
0.7540443726462228,1.0236835309665766,18874.897520486,15000,1440p
0.9206539039558754,0.9772922326927658,17679.338392210542,15000,1440p
1.268971281443822,1.1528038409459227,13855.304602720238,8000,1080p
1.2230916831470666,1.4572347965140762,12518.785399695815,8000,1080p
0.8196781172956877,0.9630245372753556,18822.225856882407,15000,1440p
1.5147912226994955,2.155658746371678,9141.77615353551,8000,1080p
1.1830439236827865,1.6671100506862053,11772.848871236427,8000,1080p
1.923111682484299,1.4391104492667781,9979.837942035238,8000,1080p
0.8932052003950572,0.6418723055612732,21858.461132942008,15000,1440p
0.7319711081064233,0.8101691860692133,21758.35241886134,15000,1440p
1.4564221358614158,1.0385215064972995,13448.973928837006,8000,1080p
0.9362763381448866,1.1500584647008325,16082.956558186357,15000,1440p
1.056792379353535,0.8682554651699304,17430.440544871864,15000,1440p
1.9179159909700971,1.3963486605588018,10124.24640999054,8000,1080p
1.1969090546520817,1.2630932773400207,13640.000077897374,8000,1080p
1.7237709044172347,1.3293666176415482,10990.147596552963,8000,1080p
1.4481327754419,2.171992392743772,9268.859622557402,8000,1080p
1.3185560830831768,1.1030175650984182,13856.457359947179,8000,1080p
0.8925353082378945,1.0255241335865248,17493.947928998336,15000,1440p
1.2591222965879,1.2935731806434223,13144.706174037434,8000,1080p
1.3945795874688633,1.078694539848813,13566.806699421777,8000,1080p
1.3685288926301784,0.9479113502872114,14485.343234125741,8000,1080p
0.7409611953183375,1.0395415688002427,18845.481555099286,15000,1440p
1.6719563541760425,1.2897567587257774,11329.399817230818,8000,1080p
1.3676601364764898,1.3516489312046007,12339.322660595462,8000,1080p
1.149602684694834,1.0438486932048416,15297.549942561214,15000,1440p
1.062032975548816,1.5863604875194162,12669.73071332321,8000,1080p
0.8133770895359086,0.788237529528579,20950.378199968814,15000,1440p
1.2349397246860725,1.5973152605203234,11847.249691593279,8000,1080p
1.71295451757137,1.2095084057470857,11481.559520316841,8000,1080p
1.7544489486035784,1.6666428487999978,9808.106296786891,8000,1080p
1.1188484109876702,1.0914571612278723,15180.901872480043,15000,1440p
0.799461093191382,1.0903212522298018,17755.71249318745,15000,1440p
1.4200521814683125,1.4707690363535137,11607.231811202275,8000,1080p
1.3995323360774086,1.0737711587660737,13566.645609791378,8000,1080p
1.1702985988603436,1.4607505302128316,12753.251784325299,8000,1080p
1.5448993693732977,1.3274975083379266,11681.683774401243,8000,1080p
1.932593193140466,1.7660740856722206,9072.033105603201,8000,1080p
0.7064895622173339,0.9945614583780746,19725.705809961626,15000,1440p
1.2852803864927864,1.3408595706965531,12777.092061731571,8000,1080p
0.819376353388148,0.7667274823501955,21155.255566468106,15000,1440p
1.119293960595498,1.1188531869706047,14992.05806753552,8000,1080p
0.7692586061815895,0.8657101550759637,20522.98049669846,15000,1440p
0.9171739257327538,1.241783655244342,15541.959830824473,15000,1440p
1.101011747213393,1.1254726778531199,15070.589141443294,15000,1440p
1.118000712916587,0.8684033091217893,16892.047955867332,15000,1440p
1.4908865319579931,1.015647496096095,13386.784948636625,8000,1080p
1.090820867101537,0.9842356539061881,16170.370137052803,15000,1440p
0.8392882506346332,1.1353289117388976,16992.87975379839,15000,1440p
0.9776216090274343,1.0597713149710741,16469.29838852457,15000,1440p
1.1422995495766395,0.7716608914053753,17531.413545195268,15000,1440p
1.5423020049258598,1.524895501478044,10939.768935630253,8000,1080p
0.6355255341914701,0.8296210835885107,22901.757129837515,15000,1440p
1.0504338356522946,1.0115782067297607,16272.665392020508,15000,1440p
1.241657738680354,1.1616425266467727,13961.814295157463,8000,1080p
1.668021093647728,1.3818338498154266,11001.976363472046,8000,1080p
1.3362611412881906,1.0529566991855244,14044.107419416849,8000,1080p
1.3667306542105444,1.6927671470413164,10967.300576673226,8000,1080p
0.7952941292222905,1.1013622277669262,17691.360839485365,15000,1440p
1.2670393089153102,0.8708921318913752,15694.811984868524,15000,1440p
1.2781834552479352,1.356766570859739,12734.371304022916,8000,1080p
0.8782252726155567,0.8538848690825146,19371.996729437175,15000,1440p
0.7711001206434669,1.0850423769157618,18077.508620228815,15000,1440p
1.8222481561813972,2.007649021754333,8761.183509914867,8000,1080p
1.3533148366245973,1.6983454514052916,10995.467657922793,8000,1080p
1.463688524962615,1.773166128212445,10366.369700006813,8000,1080p
1.3222154805702766,1.6482627712781766,11295.96958978573,8000,1080p
0.7764593295008837,1.0383662118729233,18489.06753571453,15000,1440p
0.9171890744397742,0.8774653710791445,18696.876205768873,15000,1440p
1.089781666495899,1.5377665077758726,12770.244263665936,8000,1080p
1.3107053053197786,1.7034871257847832,11132.14659214835,8000,1080p
1.5608377036703358,1.0472392493722384,12865.583571395586,8000,1080p
0.8196238219050765,0.8047629953232583,20656.67588786111,15000,1440p
1.1159858009297032,0.8793578642200837,16816.36731859979,15000,1440p
1.6090271551542614,1.4174268917024915,11087.044931294868,8000,1080p
1.428801078980538,2.032385302545493,9694.488623639478,8000,1080p
1.000407722991458,1.3160239913932974,14485.396565601788,8000,1080p
1.248574641361545,1.0305702400986856,14722.377797457937,8000,1080p
1.0442194206821458,1.1474919886971373,15309.69444991984,15000,1440p
1.276569385794254,1.3578754469351455,12736.813306216076,8000,1080p
2.0745332182087646,2.6879091133146273,7045.635340904324,4000,720p
1.7649574128329704,1.8401629124291499,9307.437470221008,8000,1080p
1.4202900623104975,1.0626163473041095,13514.175109487218,8000,1080p
0.8551911555645405,1.259744188977733,15865.464675593685,15000,1440p
1.9065131833111197,1.3333315593603932,10356.802459716533,8000,1080p
1.8100948028287058,2.100357404686485,8580.703770145654,8000,1080p
1.3092241052685223,1.3948102165714884,12409.025924333408,8000,1080p
1.0407725822770264,0.8037774547382293,18191.12050454096,15000,1440p
1.2627701487245406,0.9080945080132337,15456.713017947091,15000,1440p
1.0546435365434434,1.3365435017256782,14032.541772344428,8000,1080p
1.6021687424087463,1.2761027148817732,11657.841346064939,8000,1080p
2.509602989171773,1.7357503565739112,7903.80193762323,4000,720p
0.771564398082745,0.6870403829196782,23004.471421614144,15000,1440p
0.6450886313492056,0.9002877459379667,21712.789514036092,15000,1440p
0.9375124174548527,0.9027719163241091,18233.286772102823,15000,1440p
0.904098537908354,0.9617095584622551,17983.860218674396,15000,1440p
1.1425843689665118,1.701404288289888,11798.370543562578,8000,1080p
0.9190002747168659,0.9074418874755158,18371.47252433262,15000,1440p
1.1343415453670433,0.8308454401576786,17074.4220510094,15000,1440p
2.891049425760141,2.03780900211382,6807.749196089922,4000,720p
0.7212552579374483,0.8435256181575981,21443.534051704417,15000,1440p
0.9512074503301534,1.0848261792717255,16480.293602302216,15000,1440p
0.8630023065426817,0.7286104949785837,21082.031991655655,15000,1440p
1.4088951193507342,1.8077754671119355,10431.416925691285,8000,1080p
1.1069473119964892,1.0388059600182287,15637.600295254191,15000,1440p
1.19681019700734,1.2254353100132085,13852.613990921669,8000,1080p
1.2320979838964103,0.9932192901999117,15078.493476228508,15000,1440p
1.572418697652449,1.3379028571082965,11529.458641816118,8000,1080p
1.1088449779384304,1.6445613472543765,12186.516640492702,8000,1080p
1.2914905336684668,1.1482065441530627,13753.523871890542,8000,1080p
1.228259844615099,1.28176938163029,13368.143943962032,8000,1080p
1.1388851493168894,0.9480115210123816,16078.626449054505,15000,1440p
0.7488160140894398,0.96956547064181,19526.765330137285,15000,1440p
0.8577626994886993,1.1240393298879399,16931.273408047873,15000,1440p
0.8414386010387633,0.812586626374391,20286.52976017671,15000,1440p
1.2625445884431195,0.9140550130736675,15415.987385377279,15000,1440p
0.8264041797648342,0.7454051981457718,21347.647158463737,15000,1440p
0.7182554089883256,0.5105045913589649,27307.555576773615,15000,1440p
1.1920426343416424,0.889969446394496,16116.348368226632,15000,1440p
1.4332567474513127,0.9793634381887022,13907.879988618577,8000,1080p
1.4197572008888042,1.0273345157424012,13711.963377569185,8000,1080p
1.3139834222437816,1.1606230760457361,13559.502095865862,8000,1080p
1.3966506961140948,1.280908742211267,12531.722552902917,8000,1080p
1.101969465803862,1.296661529984984,13988.992912586307,8000,1080p
1.1197261103788458,1.11292736904823,15028.947532247794,15000,1440p
2.1903757290282404,1.588429667801532,8879.64011805172,8000,1080p
0.9012236467181289,0.6761459719201242,21272.396528701764,15000,1440p
0.8961821651642904,1.0420688460294678,17311.706175421525,15000,1440p
1.7702012899688495,1.6280679601340826,9873.976877783787,8000,1080p
1.6055322508253178,1.723012395675313,10080.811755154458,8000,1080p
0.8067640502302088,0.775605756007064,21205.17711330027,15000,1440p
0.7597031902456932,0.9975951483908567,19094.32864201884,15000,1440p
0.9883342737809959,1.3729161231149722,14210.45054946722,8000,1080p
1.563392256454034,1.4077820236345064,11293.32339232557,8000,1080p
0.896048888408273,1.0583966618315501,17168.261349559034,15000,1440p
1.3467162110866775,1.2721114703727132,12812.768185381776,8000,1080p
1.2663724578236775,1.569428941397786,11832.433684958327,8000,1080p
0.91912291139199,1.2593765333673304,15402.543287637642,15000,1440p
1.2937802535526572,1.1780255975734624,13574.865511671589,8000,1080p
1.1018900791886377,0.9279641116314317,16530.464183953958,15000,1440p
0.9467715681146022,1.2705679829513312,15132.74409590065,15000,1440p
1.5525760414178473,1.2328000083075101,12046.643397866697,8000,1080p
1.6695674179552353,1.4538971100193379,10742.696675271207,8000,1080p
1.3189388430345548,1.3391068651368343,12623.722721112978,8000,1080p
1.0567832080747566,0.7508374059943359,18562.76241753318,15000,1440p
2.014037038441728,2.010225209449816,8338.033143237715,8000,1080p
2.294443500791705,2.0541898696138126,7716.086674115503,4000,720p
0.8679539470034988,0.9321124522595688,18640.6634853786,15000,1440p
1.714203391141974,1.7889192097253328,9578.434963050553,8000,1080p
1.2927285712152101,1.6089774879197338,11563.69091706113,8000,1080p
1.235047017008328,1.7847733613810706,11111.399949521514,8000,1080p
0.5983079467919646,0.716249067404695,25525.277061113615,15000,1440p
1.268904506520952,1.470441629193968,12249.066141195368,8000,1080p
1.0774083271555985,1.0585198414886194,15709.532039787042,15000,1440p
0.856058832072101,1.0213084614922954,17873.131227450478,15000,1440p
1.665618043639999,1.2175243707600538,11638.145875975493,8000,1080p
1.4364379113079402,1.3513358126066792,12036.282468751637,8000,1080p
1.422247829775496,1.3459195782860887,12121.532788183706,8000,1080p
1.169544366194482,1.3380584540134528,13381.079224188146,8000,1080p
1.2147414990601793,0.8519034968227632,16236.18573429172,15000,1440p
0.6670727269407313,0.788892921173888,23046.170109473947,15000,1440p
0.7478884928741193,0.8632397804178394,20826.666973846513,15000,1440p
1.1916262031659421,1.1388932077082905,14397.834166681729,8000,1080p
1.3501361949795396,1.8892038832048654,10358.415970578393,8000,1080p
1.025604155532652,1.4510073676712096,13548.524540737177,8000,1080p
0.8454271637057329,1.0395191194107645,17801.266964765913,15000,1440p
0.8358901805746425,0.9724914147442013,18554.951060582913,15000,1440p
1.0668172073849183,1.2682313739278783,14369.90744797919,8000,1080p
1.3976028720937084,1.0474066324193139,13723.640721258918,8000,1080p
0.8908432182647243,1.1366311237168056,16549.867638377087,15000,1440p
1.362661310477931,1.0726853993392997,13778.092402505683,8000,1080p
0.8706664963375422,1.1503277457433483,16602.933002644833,15000,1440p
1.3284820506226194,1.8159870022448785,10670.93726662729,8000,1080p
1.4311358436222745,1.0802120552232601,13361.124524174827,8000,1080p
0.8388600076606785,1.1934901079360591,16510.1631566802,15000,1440p
1.2184592524959414,1.2090712477647527,13822.455370343057,8000,1080p
1.0604026675049019,0.90115853645534,17105.982689837143,15000,1440p
0.9900969591957218,1.353332439145381,14318.516283764704,8000,1080p
1.3835298725164802,1.9429864301612558,10086.958531659619,8000,1080p
1.0954246098895688,0.8616181276076345,17145.47738641193,15000,1440p
0.8503882724965979,1.0448511644827623,17704.587264962774,15000,1440p
0.845995099180027,1.200445459698154,16396.485035653266,15000,1440p
0.748840997657587,0.9517139680610552,19731.45983306699,15000,1440p
1.0948492325397265,0.9173257810010971,16675.702547838657,15000,1440p
1.4945507621583567,1.7963591698102017,10196.095515725156,8000,1080p
1.0724181393400263,1.2716238725906097,14314.774150469848,8000,1080p
1.3543387110836704,1.6466551090920594,11181.10666353693,8000,1080p
1.1569761280888935,1.134111270810474,14645.635961386484,8000,1080p
1.1855446347835337,1.2248069489810465,13920.969963889414,8000,1080p
1.050975523484691,0.8084060394164614,18046.017379910852,15000,1440p
0.6908087743451667,0.8533299080120043,21730.193267859995,15000,1440p
0.8491166265282073,1.157606042151799,16721.01109121951,15000,1440p
1.6360191430886992,1.138207452434913,12095.058152114241,8000,1080p
1.6168078031432676,1.1978884819497382,11921.155464519776,8000,1080p
1.368368393456008,1.0428511058496208,13915.959127596157,8000,1080p
0.9971823102059719,1.39877549805282,14004.600533589914,8000,1080p
1.8817561121089594,1.7185643356759355,9319.845965556882,8000,1080p
0.8851566757007201,0.8248355202956876,19622.56440617726,15000,1440p
0.705907538342197,0.968457517756374,20040.09333435625,15000,1440p
1.138857651326345,1.4003202257939473,13214.68350143883,8000,1080p
1.603191774503347,1.888493361259624,9609.81036243063,8000,1080p
2.092965719555345,1.4439010485983301,9487.050035960552,8000,1080p
1.082210039977636,1.488007566560068,13055.093823437232,8000,1080p
1.7074189645946134,1.9131851721305366,9267.6334481433,8000,1080p
1.2746265233285168,1.0365535157386037,14518.311612601083,8000,1080p
2.01916704036369,1.4383278734589724,9704.839149828764,8000,1080p
1.0615269723796819,0.8400159556988069,17645.897709975336,15000,1440p
2.0140022673778146,1.8338057779207029,8720.401746911159,8000,1080p
2.20349024233499,1.608614122225354,8802.075911651986,8000,1080p
2.276086516595849,1.7812309648791969,8270.102636336267,8000,1080p
1.5088173662998687,1.439548648621495,11380.687414718737,8000,1080p
1.159335390318971,1.148864185774602,14537.058384174888,8000,1080p
1.1496845790557357,1.1786232304588704,14411.51030928134,8000,1080p
0.848596359025486,0.9975946908891461,18174.951071045198,15000,1440p
1.0091272453798423,0.7322707080667354,19268.675453298318,15000,1440p
0.9163758832670414,0.7335198746290483,20337.304244474126,15000,1440p
1.085835612167602,1.115095365511199,15245.563055043182,15000,1440p
1.1256434354542328,1.3767135000129027,13409.131017408641,8000,1080p
0.6112802594948159,0.7657393776318899,24367.43173104982,15000,1440p
1.916161471584073,1.6452222080954986,9421.740261082736,8000,1080p
1.082203865739031,0.985161309246696,16230.52976126081,15000,1440p
1.4577631794071404,1.6347306363661185,10850.28265177304,8000,1080p
1.2731010197671149,1.5046714146927,12079.618756287799,8000,1080p
1.012199673188928,1.3424551382930532,14250.255212092592,8000,1080p
1.2700440267840922,1.66957078658691,11414.567598236268,8000,1080p
1.6374173745738432,1.6094691545036626,10334.340821430975,8000,1080p
1.3311837061810956,1.025639029216665,14237.147111675764,8000,1080p
1.1140513124177789,1.596735090305718,12378.1172748573,8000,1080p
1.0706983636497616,1.2346747323660536,14554.881402055633,8000,1080p
1.0435998980779968,0.9597227911719624,16749.389491796115,15000,1440p
1.2599295054203485,1.3173245689935673,13019.450559072448,8000,1080p
0.8740828222113136,1.2920646228939825,15490.37304723683,15000,1440p
2.66150354758855,2.374778753128997,6662.539944438642,4000,720p
0.9822905737954299,1.3162581878077473,14598.094484885614,8000,1080p
1.4914201345734492,2.0899401521437833,9369.186374364157,8000,1080p
1.7255314737736325,1.4955859765461335,10417.015994455276,8000,1080p
1.018235566718107,0.816936561650816,18284.078905351915,15000,1440p
1.4117291861473504,1.5524373696674536,11320.022464384227,8000,1080p
1.5520768318147413,1.0401739591801087,12944.130296560748,8000,1080p
1.5314839110082514,1.2547537434771014,12042.918143031791,8000,1080p
1.3022926875230099,1.6266408010357292,11456.194594746967,8000,1080p
1.517640879631009,1.2188428702304028,12261.878771141743,8000,1080p
0.8666706843888634,1.109791446461982,16977.017407136045,15000,1440p
0.7702250680809496,1.006804357712435,18882.31647318899,15000,1440p
1.2016846385236537,1.3588671113754378,13104.375649241356,8000,1080p
1.639241551969818,1.1566716716835566,12001.242283247608,8000,1080p
1.0589120688981437,0.8055103367271179,17997.22632530101,15000,1440p
1.3179432740380155,1.0264098204222978,14312.87466008804,8000,1080p
1.2689677623317646,0.9698253764073164,14987.732193470236,8000,1080p
1.8463817147235444,2.1646588807823948,8365.517925097827,8000,1080p
1.0000335892340584,0.9185746792000986,17488.943705733604,15000,1440p
1.9828359278223338,1.3840598332953036,9965.98480639081,8000,1080p
1.3889389754268162,1.202939311603859,12945.990623055395,8000,1080p
0.9205395655797762,1.0643594184303034,16904.856252286543,15000,1440p
1.4633469376342623,2.11270456944511,9383.095275214459,8000,1080p
0.6880845817910396,0.8584570903824754,21696.429267788488,15000,1440p
1.3088569084576596,1.2819899952059328,12951.144258100427,8000,1080p
1.0368530462308305,0.9618797159914338,16787.853100828223,15000,1440p
1.211321447336252,1.7558370148364273,11308.6080260877,8000,1080p
1.4503987070057045,1.567490731211043,11118.509371180644,8000,1080p
1.0047423537412463,1.4859418775567121,13471.97351569289,8000,1080p
1.4348617818805411,1.4062884456884748,11810.15761658978,8000,1080p
0.8686354086361338,0.6708910611627527,21795.293980481758,15000,1440p
0.8818236682617805,1.2620574232978163,15651.25609442749,15000,1440p
0.95053896588001,1.2462601065169236,15274.238059190668,15000,1440p
1.3473259182522728,1.0593401535826363,13942.288210519031,8000,1080p
1.0913115371925344,1.6191290988183293,12379.69633210056,8000,1080p
1.2512444911500273,0.8505521753885354,15964.64231492983,15000,1440p
1.3428791413355592,1.0796496530885475,13850.994084046251,8000,1080p
1.217246925827189,1.687632384420664,11551.058896535373,8000,1080p
0.5954472139491652,0.8835576069710539,22687.168780912314,15000,1440p
1.2138662268046152,1.2183664691996923,13795.73264314862,8000,1080p
1.5310230157963332,1.360747925674015,11603.419731072798,8000,1080p
1.5700024403768988,1.1756738618249003,12220.825875611119,8000,1080p
2.199754071227123,1.5839104781203468,8868.236484068544,8000,1080p
0.9653140895207493,0.8204692470125996,18789.755349121762,15000,1440p
1.1240229558990402,1.5948993694709894,12341.077818555716,8000,1080p
0.8365099001228231,0.8955294979084072,19372.787962064,15000,1440p
0.9892045064774445,1.138028632594129,15773.744487002852,15000,1440p
1.1907451105358782,0.8193163374634833,16693.236932332158,15000,1440p
1.223556808630346,0.9263506486645912,15607.384348635618,15000,1440p
0.873612679586221,1.2626818965183664,15706.837612809284,15000,1440p
1.073331077944687,1.4425713895024177,13336.936719191584,8000,1080p
1.8049401086723633,1.234758074844478,11038.738050360811,8000,1080p
1.118756525072007,1.0167881569882256,15712.35305066476,15000,1440p
1.03827740974633,1.1863896494397501,15082.90054525115,15000,1440p
0.6973086270160392,0.673030342301261,24486.22767892001,15000,1440p
1.3050912076658172,1.085493585866679,14036.076900839653,8000,1080p
1.210169481786898,1.5789660216978203,12030.405822190218,8000,1080p
0.9187241786483266,1.2056262857472682,15795.148946643638,15000,1440p
1.012235179473743,1.3166344344269403,14408.033751532714,8000,1080p
1.7081469581665196,2.1874225233314624,8613.485694291136,8000,1080p
1.635827649015953,1.2616672828660622,11580.497218749346,8000,1080p
1.5035091614140448,1.4072133220526768,11527.870551244061,8000,1080p
1.5173502805988468,1.796779876218003,10124.65727424185,8000,1080p
1.109226317913459,0.9911455071138,15975.472342647963,15000,1440p
2.048859058320739,1.7440814302725673,8846.548502648504,8000,1080p
1.134991578024222,1.0860704834491732,15107.381545989245,15000,1440p
1.0968526288421372,0.8220832143848575,17485.958229626325,15000,1440p
1.3293409192036263,1.8841761012803704,10441.653735179618,8000,1080p
0.792851616332412,0.9847104652728147,18876.658287905582,15000,1440p
0.8956182440928991,1.0529111117728154,17220.38823741101,15000,1440p
1.0362178031170994,1.1560449907900374,15305.843849221184,15000,1440p
1.1014570966345651,1.1591041741057024,14843.407446776218,8000,1080p
1.0589827070321385,1.495780580367628,13134.066927254009,8000,1080p
1.6892107353314652,1.430097296070152,10757.011382720926,8000,1080p
1.4902768152664512,1.703684656169689,10505.584459950454,8000,1080p
0.7576798373695219,1.134647787951636,17731.830128678317,15000,1440p
1.1334550570344633,0.9889044809246113,15809.96593643458,15000,1440p
1.1012027586772184,1.5049028271093652,12875.3156368653,8000,1080p
1.618802266894474,1.6119249893598135,10386.030555517424,8000,1080p
1.1299162238996432,0.960545720790767,16051.204416911443,15000,1440p
1.551072327053395,1.7718973842766084,10097.724299319598,8000,1080p
1.311482239972112,1.6431964486825665,11356.372565599671,8000,1080p
0.9358212155153137,1.3394123294582743,14747.686923888736,8000,1080p
1.3583680346543199,1.7709297529238124,10722.671435488053,8000,1080p
1.2104369650051259,1.6885226629409107,11574.646185664165,8000,1080p
1.270931781367688,1.4767657716388358,12211.83603824403,8000,1080p
1.2623475905596033,1.6898124480679602,11366.061311364134,8000,1080p
0.9155351696980885,1.1316327687018968,16390.659198299723,15000,1440p
1.0261823669347019,1.1708011582982942,15272.955675187168,15000,1440p
0.8765722221788945,0.9393882739570849,18477.512077711763,15000,1440p
2.25078859606552,1.512357226977215,8916.5909528505,8000,1080p
1.5961389957467456,1.0828419961454727,12525.072817444601,8000,1080p
2.2061459903774834,1.8094775826917706,8355.97047119469,8000,1080p
1.4116887611291582,1.3243947057880816,12263.672656816265,8000,1080p
0.8713893052487761,1.1409247012261492,16674.550737128266,15000,1440p
0.9093713700985138,1.199802304727903,15908.804666245183,15000,1440p
0.9320247039637476,0.6808467513725783,20804.15763387853,15000,1440p
0.9345142973849693,1.2630836116558544,15268.685805514515,15000,1440p
0.8873641283507432,1.2170140129679599,15945.05822939845,15000,1440p
1.8567106269616842,1.263688179474226,10753.251132769645,8000,1080p
1.1127006896491176,1.2994947395496386,13910.328986547149,8000,1080p
1.4175735666889402,1.6469669678460788,10949.253769649093,8000,1080p
1.7296075066531535,1.1650823966333717,11591.719016915602,8000,1080p
1.139130721118732,1.6933629393616658,11846.25140319258,8000,1080p
1.098010082477614,1.3708175405181087,13591.241319345094,8000,1080p
0.9101973565755045,1.0154224211313054,17425.26348579544,15000,1440p
1.1413375268164692,1.4342397703278298,13027.926607834237,8000,1080p
0.9854587228818446,0.8344462428877919,18437.463840761517,15000,1440p
1.2552227893970245,1.66387153450591,11494.809100631086,8000,1080p
1.0279512985393984,0.8965391294402387,17435.48916230569,15000,1440p
1.4642715112601166,1.4245904511642258,11615.103953198584,8000,1080p
1.0751635054629571,0.8011886833124762,17882.80057482102,15000,1440p
0.8939338455112038,1.115186927553916,16701.05274398675,15000,1440p
1.366473438788552,1.209790889773404,13024.452354518195,8000,1080p
1.4758475256244734,1.3140232749323817,12027.235093934305,8000,1080p
1.6004590915176329,1.52363692046741,10740.525217942835,8000,1080p
1.0558110995307466,1.5670624197775362,12793.004219604589,8000,1080p
1.0769968633011096,0.9610262491526167,16464.205825223125,15000,1440p
1.642205575585335,1.1855958218565275,11865.90827430619,8000,1080p
1.439865990731558,1.2741114682579238,12363.563259841372,8000,1080p
1.0310718121813127,0.7396462274431226,18949.618882923227,15000,1440p
0.8459873923139248,0.8368871789647142,19938.759888983004,15000,1440p
1.784937406471716,1.8073896277766908,9340.583883399224,8000,1080p
1.0538726848875726,0.8477436114381696,17645.216895139718,15000,1440p
2.3980882263895302,2.3176170360412516,7115.464205815072,4000,720p
1.4826874130823622,1.2357934743248296,12343.08181287353,8000,1080p
2.010247347232572,1.6253546686052602,9229.40185802139,8000,1080p
0.9278247894527115,0.8107467991260616,19300.000195809986,15000,1440p
1.3076850945642802,0.9619288653575748,14784.202332433359,8000,1080p
0.9632352632640857,1.3817175439564475,14309.214196840057,8000,1080p
1.0093248609727743,1.1309060895483443,15677.949144614477,15000,1440p
0.6132929208080639,0.8070690307651299,23623.86007512739,15000,1440p
0.8991465845451101,1.2948210103751374,15293.950593294761,15000,1440p
1.7130804983958583,1.3700420743472856,10883.262409559553,8000,1080p
1.2151181038233627,1.4874406894775234,12415.800937679825,8000,1080p
1.2262614432712131,1.1047146732158493,14395.013214708,8000,1080p
0.6904453059464565,0.6165526600032826,25672.902999215796,15000,1440p
1.0159793264349195,1.0851031342337907,15970.06906112607,15000,1440p
0.6689520021381263,0.8982196084678613,21410.821745951172,15000,1440p
1.534075380775602,1.0525046933084312,12972.508501165341,8000,1080p
1.309137516471854,1.4426577779427383,12193.651202219333,8000,1080p
1.1044896003239566,1.0525580784747615,15555.721057907633,15000,1440p
1.0061374561907952,0.8255081738689274,18319.28155169727,15000,1440p
1.3750846212149128,1.6269333304106548,11177.292254974876,8000,1080p
1.0739500955172068,1.074401306434239,15618.68880925205,15000,1440p
1.1853222589072694,1.3704284621931888,13128.992480750272,8000,1080p
1.6482706755568104,1.2091159007856207,11743.049497681555,8000,1080p
0.9374871451293187,1.3410880018764648,14726.058977731329,8000,1080p
2.125451367726777,1.5831522068424104,9047.726812887482,8000,1080p
1.5154491507472792,1.3708168463810735,11625.550809725952,8000,1080p
1.037594378777577,1.3737184612946896,13915.420447474738,8000,1080p
1.353979269179588,1.9530218345332553,10146.483459690322,8000,1080p
1.2386577048488217,1.813647452367259,10993.14461421807,8000,1080p
1.1603185566991887,1.4241242727000363,12983.23631627789,8000,1080p
1.4543684583329972,1.0539674191000576,13377.168624777021,8000,1080p
1.3333960385096364,0.9435581901121406,14736.54216593991,8000,1080p
0.9402453663758205,1.1617469871650608,15963.156071179976,15000,1440p
1.0043749633786374,1.07459685096226,16139.916745642777,15000,1440p
1.3555949071952949,1.5542856823379987,11531.205823597624,8000,1080p
0.8584648752449924,0.9925860295376059,18127.23351546126,15000,1440p
1.0360279697094004,0.9618408380489973,16795.112807055615,15000,1440p
1.1203179841962736,1.1950260526395786,14492.201360215766,8000,1080p
0.68165106255442,0.86377653859985,21712.069834224785,15000,1440p
1.6761118193448503,1.1689518513075376,11793.912504005857,8000,1080p
0.7922427997881071,1.0258253560740584,18456.091369186208,15000,1440p
1.3198152527555354,0.9679697602809889,14666.776733301516,8000,1080p
1.1061534138770404,1.18392407155605,14652.094618385509,8000,1080p
1.398927909977895,1.189029243749202,12965.605690834536,8000,1080p
1.5054844628318333,1.556201626644047,10959.461884527838,8000,1080p
1.1107103799511504,1.4496269275082658,13105.473213330455,8000,1080p
1.3521261180636377,1.19642188118809,13166.097719113717,8000,1080p
1.1576561356406254,0.9901144889321694,15622.912249614266,15000,1440p
1.2126534239186275,1.2940000114764632,13386.147253623538,8000,1080p
1.8504890445427837,2.1140339566664332,8463.674441985979,8000,1080p
1.0824186066482155,1.3478133073373482,13807.090511362334,8000,1080p
1.548415172360508,1.082401064406866,12754.380762538605,8000,1080p
1.453625897533729,0.9823159995310895,13774.72592446943,8000,1080p
0.8703036067974064,0.9913578222742507,18023.917494349324,15000,1440p
1.182296181560036,1.710728478958345,11598.391281596478,8000,1080p
1.2553384042448024,1.5497996143911281,11961.775776122666,8000,1080p
3.0295893233176963,2.1205222023982766,6515.282597756023,4000,720p
1.3201369842727537,1.143847771269007,13617.95438244192,8000,1080p
1.231685698677414,1.604855150216688,11829.349121865125,8000,1080p
1.2072242591460387,1.7052948997758428,11520.759235939497,8000,1080p
1.2886855575320069,0.8740989121713731,15514.459471128856,15000,1440p
1.4368530034118674,0.9715302012233291,13932.347616201952,8000,1080p
1.4709186711069353,1.2370028111379379,12391.213046614372,8000,1080p
1.342602187903812,0.9399800498942161,14700.207267173622,8000,1080p
1.664629356570357,1.2862193283682313,11371.112375658233,8000,1080p
0.9638446972257023,0.9168839308783022,17841.187451815847,15000,1440p
0.9574326319966573,1.2152986891798927,15443.433650981766,15000,1440p
0.5754533880299626,0.7860565899767977,24645.013655444098,15000,1440p
1.0874974157143609,1.0810625645152185,15473.139920458962,15000,1440p
0.9845818968428045,1.272785486639116,14864.40897725886,8000,1080p
0.9090291095153895,0.9058809548377851,18488.206473172344,15000,1440p
0.8246928609722355,0.895473549890639,19506.50343368136,15000,1440p
0.9255595906332552,0.9389223241665676,17996.651902951024,15000,1440p
1.5518696849958948,1.096674016491377,12669.012023912512,8000,1080p
1.7050199913603494,1.3643542034292881,10932.01084995102,8000,1080p
1.3476562538609949,0.9040141336023051,14902.017713970094,8000,1080p
0.6899629122637122,0.9382039652010709,20608.71797874157,15000,1440p
1.039384488899195,1.42559052954235,13612.483594748332,8000,1080p
1.1176471687685108,1.4157462566879817,13244.856350708269,8000,1080p
0.9863465999373733,1.1846569809842955,15455.723931028682,15000,1440p
1.0660222128838575,1.5874253849539253,12645.598137058569,8000,1080p
1.3464478649323848,0.9284610223715362,14749.791601441499,8000,1080p
1.5630960766437785,1.0569985068536496,12806.572789906666,8000,1080p
1.2437882931085313,0.9829920154407532,15068.586636577647,15000,1440p
0.8375928696516028,0.6183458383628693,23046.596546471148,15000,1440p
1.8115788061647786,1.7583304757827827,9399.23940635668,8000,1080p
1.2592901263357095,1.1628449974578632,13853.245291883924,8000,1080p
1.7425096100823663,1.7599498486446488,9580.248506915055,8000,1080p
0.8227682165888948,1.187205135567138,16693.968586204017,15000,1440p
1.4611727934515542,1.56587631517914,11084.86542366621,8000,1080p
1.396750377742749,1.6324555302660815,11076.972982023573,8000,1080p
1.0766612689780166,1.3059433154818911,14083.0888259229,8000,1080p
1.7607352054834902,1.8967940344816787,9174.070745178662,8000,1080p
0.9211738759239553,1.2238665248063132,15642.797211920373,15000,1440p
1.5976659470334316,1.1937553825175689,12020.554419635828,8000,1080p
1.0719212222052563,0.9956858300560458,16228.631046359684,15000,1440p
0.7332811477083477,0.8246235205170979,21538.180534641233,15000,1440p
0.8913335037224052,0.9248261362803166,18475.48599854896,15000,1440p
1.1716041901865264,1.4661205487756188,12720.975583374377,8000,1080p
1.0933723577961596,0.9856276328173925,16139.698004566828,15000,1440p
0.8551328269415223,0.7996109815531217,20277.720229408318,15000,1440p
1.0912618484115748,1.5736524049778693,12591.186360807998,8000,1080p
1.195001961993211,1.6437196776516207,11820.261462549806,8000,1080p
1.723339099852063,1.4106363709087477,10706.667079259001,8000,1080p
1.2620819870144493,1.5179529613560285,12069.787834742147,8000,1080p
1.2497648349071626,0.9709010459987495,15110.076796565,15000,1440p
1.3666479379586292,1.238551497482571,12879.793977967538,8000,1080p
2.053668412506774,1.4149599226218186,9673.689066129373,8000,1080p
0.845730689711776,0.6802496017048125,21988.771538360405,15000,1440p
1.0794530608899313,1.5011091920981574,13002.760139247406,8000,1080p
1.5283012480953715,1.3113728732980106,11816.296717714702,8000,1080p
1.9000539574450614,2.6571957405895663,7362.868884377956,4000,720p
1.046911859708958,1.5125349735275018,13110.03282594853,8000,1080p
1.0931051959870817,1.5937554912840164,12488.340820557934,8000,1080p
1.5696405201775596,1.5859021281920966,10633.49025478589,8000,1080p
2.239422187754443,1.5208703809909636,8923.356729977844,8000,1080p
1.2592282204216734,1.473208042881901,12280.041972299097,8000,1080p
1.6130873595427715,1.523704487619842,10697.054071455737,8000,1080p
2.2752293170377214,2.6191834428365346,6855.660453300645,4000,720p
2.4812262705823795,2.813835687749409,6336.929060329888,4000,720p
0.8381796921579617,0.7229487201016626,21493.704000577574,15000,1440p
1.400446593285398,1.2398092999525077,12708.780268586075,8000,1080p
0.9135707227618212,1.3266912244267068,14977.905615952619,8000,1080p
1.6701457113301255,1.9854109430722284,9179.02119218716,8000,1080p
1.905089146188152,1.8886679961395338,8844.644172297345,8000,1080p
0.8434901386468215,0.7660052235107965,20847.79663795888,15000,1440p
1.2269419069228023,1.4399087973202112,12582.043661692129,8000,1080p
1.296446450274074,0.9109606651127735,15200.835299527245,15000,1440p
1.012800406988946,1.3521158160960427,14188.423113030563,8000,1080p
1.5665522796548457,1.347851746455861,11513.308278254965,8000,1080p
1.1190669884796534,1.3423853391134002,13631.965008565252,8000,1080p
1.193987526127643,0.7976534423264539,16847.63093924745,15000,1440p
0.9944649902827539,1.4298205734476181,13840.956899635241,8000,1080p
1.1245967530736805,1.0101754724216108,15718.03848638465,15000,1440p
0.5919514985254408,0.8050174360663322,24019.454670125062,15000,1440p
1.3152401565402334,1.410655544587371,12309.506921383581,8000,1080p
1.3003702928738998,1.1924143729297163,13460.621954356746,8000,1080p
1.0204910488526173,1.4965501238092571,13330.903111336398,8000,1080p
1.0933855969507524,0.8274089280910257,17469.03771462498,15000,1440p
1.254407299774007,1.1279305127169437,14084.665837090413,8000,1080p
0.8504496156742591,1.2688608893525501,15832.711592006917,15000,1440p
0.8855370986409268,1.297932860997781,15367.480487596062,15000,1440p
1.4856927895070866,1.2508175809112085,12261.75948855292,8000,1080p
0.8181165729465059,1.065482569389148,17813.998342764517,15000,1440p
1.190446295577825,1.4101566645722379,12902.558565904195,8000,1080p
1.5255518013246196,1.2153592896072114,12242.072393742788,8000,1080p
1.4249005036572548,1.7829758536221425,10460.014122382678,8000,1080p
1.1771598858469565,0.9399245777477423,15849.359143199383,15000,1440p
1.89323666026776,1.684310014731766,9379.173788139173,8000,1080p
0.8561951549564703,0.5900855388570193,23200.497761969804,15000,1440p
1.3939828601047959,1.091927358807933,13497.845475157914,8000,1080p
0.9994765864246058,1.258236523347684,14862.132772655184,8000,1080p
0.8065684896185413,1.0697515042421717,17883.107417599094,15000,1440p
1.2061051432911853,0.8217250755797123,16546.96319629915,15000,1440p
2.0466706621590274,1.7411349366261364,8858.541212030967,8000,1080p
1.5412926657589354,1.1845612187307824,12309.695758428892,8000,1080p
0.6386663509819931,0.7599264068759642,23991.567103057907,15000,1440p
1.8888924964876286,1.293797262072213,10542.790703918088,8000,1080p
2.0253303140965864,1.4605543349003969,9625.801017154954,8000,1080p
2.16847153485438,1.5288857441872041,9075.247390941311,8000,1080p
0.9182363320847233,1.2253740064281586,15653.23295803761,15000,1440p
1.374929289315683,1.1475690269193735,13302.063190306313,8000,1080p
1.0246301061583014,0.9143473971228746,17305.21986109613,15000,1440p
1.1380027007923015,1.2627335314867747,13976.72578471729,8000,1080p
1.8454917058338576,1.48927672471827,10061.997616561488,8000,1080p
1.0852378282092985,1.5045822666973347,12956.279112202072,8000,1080p
0.8875680720466663,1.1058038154554197,16833.001513855696,15000,1440p
2.4061771397199947,1.8682785527476162,7849.98942885972,4000,720p
1.0146613112826577,1.5135639728653962,13271.931188405535,8000,1080p
1.022490334967242,1.4756509029152254,13431.759378201607,8000,1080p
0.9390226778416789,1.223228899456546,15518.283049156988,15000,1440p
0.9574613575526091,0.888959782303648,18172.686217518174,15000,1440p
1.0473422219263366,1.4315751427290306,13535.92196271735,8000,1080p
1.3825887991141852,1.1831519634617957,13077.873060843312,8000,1080p
1.851310136843899,2.2594333264581055,8162.618830280156,8000,1080p
1.2403215364009648,1.1823066616105176,13850.42575973557,8000,1080p
1.2604396341952442,0.9952698356832226,14875.334101340562,8000,1080p
0.8370580493539719,0.7997126589540207,20500.38641923572,15000,1440p
0.8314232554335735,1.094991854714943,17418.069357550423,15000,1440p
2.445536453222173,3.145551708305733,6001.413504957219,4000,720p
1.233267314843192,1.0707861632204594,14563.217529221356,8000,1080p
0.8698799670410574,1.250770512076882,15822.70738644144,15000,1440p
1.4249915016429175,1.7197035823940177,10670.170271937848,8000,1080p
1.02520026127273,1.046835937251077,16193.94102472987,15000,1440p
1.2685178118829274,1.5810015980489862,11775.470587442584,8000,1080p
1.65279823636339,1.9244497619837664,9379.956887390419,8000,1080p
0.9226489507839316,1.0077395974813954,17382.216668324345,15000,1440p
1.1221319392262743,1.5547213514209377,12535.028392193724,8000,1080p
1.351530387561226,1.7778657812153849,10722.334338741644,8000,1080p
1.6490764392001587,2.1418193051898697,8851.320179315311,8000,1080p
1.397635915634774,1.5818385648470596,11261.862526365272,8000,1080p
1.643817411149683,1.507124200771345,10649.017383582344,8000,1080p
2.2576965725911324,2.254540495733979,7436.318502754334,4000,720p
0.8878996724718153,0.9690249996465554,18069.89400475856,15000,1440p
1.0993191561407512,1.0574478235532856,15557.745605304148,15000,1440p
1.2652905380507702,1.5217829321406173,12039.306591259623,8000,1080p
1.0523843822876147,1.5292636636894807,12997.291420992442,8000,1080p
0.8054165824227546,1.0169847941149817,18412.207339169112,15000,1440p
1.6461403217795951,1.7521550745269867,9873.90090822253,8000,1080p
1.0608186475161643,0.9731939403637548,16496.66880133435,15000,1440p
0.7955370282838746,1.0840010168804541,17852.488852954462,15000,1440p
1.4883097758398398,1.3070603131983318,12003.574099751986,8000,1080p
1.123911779872447,1.462419358903116,12973.757109805185,8000,1080p
0.9718038668052569,0.8455636483228091,18463.2066550587,15000,1440p
1.2891015111305155,1.0599285807565477,14284.377248247372,8000,1080p
0.922212979379031,1.2913977144819067,15158.23540835674,15000,1440p
1.5053597559461298,1.1574191839395935,12601.283380076617,8000,1080p
0.9043021489923403,1.2704528805281128,15429.062834446675,15000,1440p
0.8779581598537902,1.049460154523983,17409.00340610925,15000,1440p
1.849863812618067,1.31664397370953,10596.668084911054,8000,1080p
1.3249777016855653,1.61215641672917,11424.208308917945,8000,1080p
1.3366022663927426,1.3872824551588194,12318.594738798982,8000,1080p
1.5250958993071613,1.6774888159667547,10477.297240560303,8000,1080p
1.0611793522424946,0.7372342815957664,18657.794496578917,15000,1440p
1.0326454677112429,1.4811583990117654,13348.070803845774,8000,1080p
1.1784145211272006,0.8028434409934235,16935.92285382428,15000,1440p
1.260114862948541,1.6411816711769347,11565.323159948612,8000,1080p
2.538618640667509,2.4661637160545995,6704.473762966296,4000,720p
1.5612372682464786,1.7807300236768757,10040.323279372642,8000,1080p
0.8395933953335598,0.5734573571122484,23746.091173244567,15000,1440p
1.1869353910632623,1.535351074778128,12325.826991770746,8000,1080p
1.035992075056401,1.2206927783193424,14868.904689906698,8000,1080p
0.6487514334879944,0.8374458400547763,22577.37421359517,15000,1440p
1.000348534197337,0.7158230743771117,19551.909513217186,15000,1440p
2.1899564478725098,1.615423016942883,8817.631016891977,8000,1080p
1.439608255315049,1.898464482436007,10052.037398863415,8000,1080p
1.2382455619181651,1.3003549471516374,13217.688990496208,8000,1080p
1.619268435923043,1.4025270933597325,11104.137151187117,8000,1080p
1.429109987162465,1.0636744804755427,13460.623024418106,8000,1080p
2.4475229689937867,2.2556412495134692,7134.437676652058,4000,720p
0.9582509453235778,1.076881414117055,16487.591995845723,15000,1440p
0.8470815219737572,0.7255765171621947,21336.127222187122,15000,1440p
2.111583899072857,1.4938099739022532,9306.731298212211,8000,1080p
1.5719003683160893,1.394852164682652,11310.155338801977,8000,1080p
1.2936257822501451,1.226577266672205,13314.178004168363,8000,1080p
1.1388975411631237,1.3279123480255093,13602.35831186671,8000,1080p
0.9671878810858537,1.2681561678553321,15010.857955353096,15000,1440p
1.432791990293772,1.060481431763603,13457.98326936477,8000,1080p
1.5863597265840494,1.1633961098426233,12202.695074048546,8000,1080p
1.0976017828141484,1.4960503287511606,12937.13673101262,8000,1080p
1.5279226005368647,1.071656686786642,12907.639387505358,8000,1080p
0.6206619756549208,0.7969214907024775,23670.163201198287,15000,1440p
1.053193169846302,0.7036996385718501,19098.736040823853,15000,1440p
0.8635208665206926,1.142619193950239,16725.867082342826,15000,1440p
1.3080634647264318,1.7543188565418038,10956.970253832964,8000,1080p
1.2305231425584124,0.9320839051931515,15515.732289361644,15000,1440p
0.5495563856784137,0.6115982017721667,28897.471846252425,15000,1440p
1.1287941613923425,0.9132934453951329,16431.436089456707,15000,1440p
1.1983250632172915,1.0325363541826813,15041.020360245893,15000,1440p
1.065105892848638,1.5718913069512008,12724.485260184176,8000,1080p
1.3058179669893688,1.6706914722294934,11273.08099812572,8000,1080p
2.2455596794047747,1.6238449684913556,8671.729905075757,8000,1080p
1.207327561949468,0.9255595473664502,15731.930608724024,15000,1440p
1.2003683902879885,0.988147191928004,15332.05076201664,15000,1440p
0.9779567847726252,1.1750449028928294,15584.953877292955,15000,1440p
0.8497884579835294,1.0191754384407492,17953.49394613598,15000,1440p
1.5297507027812942,1.3509406696790036,11648.048215363777,8000,1080p
0.8384035885809027,0.8107616101806923,20346.31341068619,15000,1440p
1.2653014281172474,1.5767113950602916,11806.573047930218,8000,1080p
1.5756377582334982,1.890118932704136,9681.704456558982,8000,1080p
1.6311099230362633,1.2374308744243034,11697.387058153306,8000,1080p
1.1996194459091918,1.109401138295924,14531.889507408256,8000,1080p
1.3051553050742715,1.200894519682971,13389.37145962386,8000,1080p
1.0914351711037569,1.1213698670614403,15163.754339524869,15000,1440p
1.63594202766078,1.0995447979096173,12266.347505805776,8000,1080p
0.8936516577665061,1.2042525946819185,15994.26282721876,15000,1440p
1.2752486557944065,0.9589443283064762,15018.591607252529,15000,1440p
1.1683267456956552,1.3483069812550228,13333.061398909565,8000,1080p
0.6435827105427754,0.781429599778664,23546.76640823625,15000,1440p
1.192003672124687,1.1434683777855492,14367.301891405494,8000,1080p
1.8607278257374582,1.6272295940756694,9620.080741065276,8000,1080p
1.2108735938759803,1.1925024070294135,13961.374328178137,8000,1080p
1.4093716118326076,0.9403425127869183,14280.218877874455,8000,1080p
1.6403774185183964,1.4717019050372784,10781.99766504111,8000,1080p
1.6861487961113033,1.89927375160257,9358.571145650567,8000,1080p
1.3846065669699896,1.506726409928371,11605.177358712615,8000,1080p
1.87197089476467,1.8976583347843317,8901.255257938046,8000,1080p
1.3101764575465717,0.9144861305437508,15082.930858653732,15000,1440p
1.4509898191404815,1.5273240362700857,11266.251184052744,8000,1080p
1.1317194690602557,1.537073124852624,12572.88860757958,8000,1080p
0.7886599330884715,0.6006538534888056,24151.80236760259,15000,1440p
1.122199382086109,0.9399922467357118,16271.248283153223,15000,1440p
1.2198215689401521,1.2058746871992636,13832.9075270962,8000,1080p
0.9371630782863498,1.3782373163369943,14491.848614139344,8000,1080p
1.1790125880915563,1.4571883947152064,12728.328461616231,8000,1080p
0.7517912028594067,1.1114595119584771,18008.543741940626,15000,1440p
0.8102089289119198,1.1580390453926355,17047.86817415923,15000,1440p
1.1465768217741334,1.1585325127781927,14556.546840116192,8000,1080p
2.006650867515418,1.7067605840290536,9036.012420881649,8000,1080p
1.688497381877765,1.232998943561755,11485.358276105979,8000,1080p
1.6596750266385738,1.5794507627535086,10359.101245739974,8000,1080p
1.1412304071731896,1.3840580201176484,13287.366162762495,8000,1080p
0.9121955172795286,0.9161682465380299,18352.164194032997,15000,1440p
1.220788003837885,0.9012199564373418,15812.585356959711,15000,1440p
0.8170384974131301,1.0216866919801766,18248.74766145527,15000,1440p
0.7255947035686682,1.0362866505713222,19044.66036896031,15000,1440p
1.963004773973836,1.5316580789622203,9601.622076879059,8000,1080p
1.1154485134509249,1.1646315308674817,14716.339491507002,8000,1080p
2.912204865877848,2.105393597924279,6687.348986186879,4000,720p
1.3922441886810522,2.0240828245560296,9821.78575703913,8000,1080p
1.1284698318770428,1.1194571788322842,14926.83340702063,8000,1080p
1.6212637816438182,1.9504199998195724,9394.569635235759,8000,1080p
1.1611203823755496,1.1839512947178539,14308.488873819415,8000,1080p
0.8231914949194543,0.9714657666615203,18696.84686781963,15000,1440p
0.8859319856101971,1.2620330407699005,15621.498296249403,15000,1440p
1.0162922663395253,1.0881745925363446,15944.386037004908,15000,1440p
1.1718922922065818,0.8870109191120417,16297.23622535422,15000,1440p
1.455358206531196,1.020238720333423,13554.077255418631,8000,1080p
1.2383471154084935,1.6189147843329983,11743.561905555738,8000,1080p
0.697366993126497,0.8273012927771002,22007.69328661802,15000,1440p
1.9211962724799918,1.85576503801933,8883.975567005222,8000,1080p
1.1447450358547062,1.4060550028959762,13154.473690706904,8000,1080p
1.6489196133914075,1.4654676814289826,10774.007476785291,8000,1080p
0.9578723333297976,1.3272196374705905,14684.061923445055,8000,1080p
0.9091879077643786,1.3089495633720212,15127.300465651184,15000,1440p
0.7928371349679006,1.078900570659968,17926.887885578108,15000,1440p
0.8826451986449906,1.2703033427295505,15585.338597353242,15000,1440p
1.4285421130493974,1.1162070544393214,13185.752226068369,8000,1080p
0.9725527898301324,0.8625000582907053,18285.267388544686,15000,1440p
1.7714945945322484,1.449728863390661,10416.673179710535,8000,1080p
1.1934135579147427,0.823963014813901,16632.70628478414,15000,1440p
0.8339180002414794,0.9973030221278556,18323.529268239516,15000,1440p
1.0595737539593781,1.009909129497889,16213.921008104278,15000,1440p
0.812329972603388,0.9387080204910153,19162.595062088403,15000,1440p
0.7736666954960898,0.9690702659404302,19253.870631366786,15000,1440p
1.108864063757243,1.5881815902523504,12441.180574795213,8000,1080p
1.5398875442509468,1.8049819400532332,10031.611743733012,8000,1080p
1.197215287701501,0.9748100573264769,15448.453249779084,15000,1440p
1.3457705584626727,0.9734358786270325,14468.066086478417,8000,1080p
0.934914022307365,0.8240674812283068,19076.05732780778,15000,1440p
0.8462196054149608,1.2362757427081892,16112.608381210046,15000,1440p
1.6907671258721844,1.7600950368808155,9723.492396239677,8000,1080p
1.7700045413628218,1.319065610418856,10862.30818702737,8000,1080p
0.9512395766097641,0.7510041001709018,19711.88523576081,15000,1440p
1.0464372526135535,0.8561540412246025,17636.17446830087,15000,1440p
1.3286548520573034,1.5685987829850745,11581.461696745511,8000,1080p
1.6788280791040688,1.585051183734346,10280.537145488517,8000,1080p
0.9233691165232014,1.1102123371072783,16500.166216650177,15000,1440p
1.5876987209732527,1.8795361043810868,9677.577000159155,8000,1080p
0.847487856978468,1.1536301143057113,16767.84301650496,15000,1440p
1.4905618502533702,1.686906657159527,10560.114733385699,8000,1080p
1.3081101586327921,1.5225576533240777,11853.892519024856,8000,1080p
1.8375528733699533,1.5228742319975073,9985.168833570293,8000,1080p
1.0020859194296032,0.9405479886296879,17272.64816123856,15000,1440p
1.638114757712586,1.142263251690817,12068.298586205516,8000,1080p
1.151996004139129,0.9020098983347524,16336.093270027335,15000,1440p
1.3899261227562019,1.5979428673259564,11230.221978065158,8000,1080p
1.1075252271846459,0.8823444770093543,16862.627703350696,15000,1440p
0.9231259079342783,0.7284050452383289,20317.168101234558,15000,1440p
1.0813320996444917,1.4402932248012152,13306.668391496976,8000,1080p
1.2414039251500053,1.22843885971589,13585.655008329568,8000,1080p
1.7234998307007945,1.5250877171098474,10328.929575136039,8000,1080p
1.0826764013025767,1.142150833477381,15081.814657540652,15000,1440p
1.1016566090315392,1.4210758234886836,13300.82872343261,8000,1080p
1.3440525581076912,1.6923470546849724,11050.72990347902,8000,1080p
1.1056759462288703,0.8008431765376818,17599.84025300996,15000,1440p
1.49240291916386,1.1595466622926236,12652.741301956234,8000,1080p
1.2775770622121287,1.5375330764675126,11919.402917477995,8000,1080p
1.0061280770718493,0.8312961977012847,18261.667955890567,15000,1440p
0.9380536872614541,0.9070056497738807,18186.099127801328,15000,1440p
1.5759823498187882,1.1554150247384178,12284.712694153335,8000,1080p
1.8095389855596298,1.452306293639734,10286.947763578812,8000,1080p
1.2949637220820547,0.9389600215423819,15020.401701608447,15000,1440p
0.8069522159166798,0.9692975988992742,18890.604080640955,15000,1440p
1.5970629461193078,1.8906396916649222,9620.78350272357,8000,1080p
1.0853712331358012,1.4431110646281273,13270.582131294323,8000,1080p
1.1761906021096467,0.8012594731791096,16968.5356001214,15000,1440p
0.5810834971104251,0.8373942001544039,23655.24115373906,15000,1440p
0.5786360298883594,0.8620901324637261,23289.94424951655,15000,1440p
0.9894746272326739,1.0787662498397927,16223.657685121909,15000,1440p
1.1876808352077213,1.4751253621908613,12601.154388472154,8000,1080p
1.6462535038812907,1.5315181734527297,10559.10726353706,8000,1080p
1.3355984545574455,1.9339523022303062,10262.70411319944,8000,1080p
1.173886830407295,1.187086669468202,14212.117163436798,8000,1080p
1.0535116806408993,1.31654503648375,14157.64937503614,8000,1080p
0.8802083422872093,1.2151573564761828,16013.640015106954,15000,1440p
1.2073056030797025,1.0515004353667483,14854.941694364285,8000,1080p
1.3389668806009687,1.573391114037491,11521.396772571377,8000,1080p
2.3507145399543514,3.1601250024955876,6088.805841928542,4000,720p
1.4327681966352788,1.1327417695694362,13079.049562079355,8000,1080p
0.8848598475532812,1.2473048574848213,15737.260785113864,15000,1440p
1.2539171247233662,1.2408638528127325,13449.850829445999,8000,1080p
1.0029476203642143,1.4803609408696665,13511.98659876879,8000,1080p
1.4004814810851594,1.2691321319367574,12569.021912507204,8000,1080p
0.8020614814344187,1.0443929691068141,18172.35837589415,15000,1440p
2.0577740034687975,1.899154508870657,8479.918678177386,8000,1080p
2.348900490253545,1.7751317229633408,8136.316659327547,8000,1080p
1.1825086406500065,1.4890128844634936,12560.045533817824,8000,1080p
1.2442486990765171,1.060164515538106,14560.94409943377,8000,1080p
1.068819378807608,1.3184590235293232,14055.516929719308,8000,1080p
1.3634798654527933,2.039995921162081,9858.871960236133,8000,1080p
0.7170132470743633,0.6923931129752272,23807.492963788933,15000,1440p
1.2090546025670872,1.3327511393112654,13201.021402683522,8000,1080p
1.0317972576407322,1.0896452412597142,15816.800133584304,15000,1440p
1.1655165990790677,1.029545604448863,15286.323980282157,15000,1440p
1.7177769148245032,1.4736852192424597,10513.81172341867,8000,1080p
1.5944805291452546,1.3906487738190512,11240.52883293184,8000,1080p
1.2418584416770546,0.885690527772407,15771.40290626672,15000,1440p
1.0195175068556785,1.4753592889648603,13449.334274225874,8000,1080p
1.2250603144792926,1.1953858883652695,13862.91170634823,8000,1080p
0.9495981733917813,1.265198540457555,15150.118198289223,15000,1440p
0.7699350195617529,0.8312691532879577,20955.748535355226,15000,1440p
1.623918996810818,1.4080032584892126,11067.048946042169,8000,1080p
1.294949396074092,1.83504799411645,10720.27475331452,8000,1080p
1.6981126133407574,1.9222887992864628,9268.1523885636,8000,1080p
1.1142970224293378,0.8801664237212699,16823.788906616144,15000,1440p
1.1350106580116492,1.2722099821649209,13939.076227569558,8000,1080p
1.0175116187234512,0.7267058626226002,19237.527635662325,15000,1440p
1.3912092381750139,1.3102075156140325,12421.049789128638,8000,1080p
1.1919246431130277,0.8782873050774598,16208.210965707622,15000,1440p
1.0476292302268706,1.0356234044079895,16106.751261054433,15000,1440p
1.3949708564671177,1.1895332621137136,12982.928430551297,8000,1080p
1.3756087337490013,1.0644695287090333,13751.375321133612,8000,1080p
0.8324554768945431,1.0261337504818682,18053.710580990242,15000,1440p
0.7240737900168148,0.7411184890620248,22901.043418748788,15000,1440p
1.8708152765623685,2.7789483383996774,7216.373729629671,4000,720p
0.957276000319429,0.6534762223195608,20831.529224914437,15000,1440p
0.9352652694095093,1.2938827621816325,15052.581311098129,15000,1440p
0.8395308702228628,1.0267603586415366,17979.204682013748,15000,1440p
1.8339756827903473,1.6130592734405027,9734.288287197991,8000,1080p
1.1493347691381064,0.9983958414342526,15623.203317411357,15000,1440p
0.7574705171398182,0.8720683983361965,20591.365865109277,15000,1440p
1.0181453116315617,0.8879702626881063,17603.566358758846,15000,1440p
1.6139324737157403,1.9095060401802273,9523.206341664778,8000,1080p
0.8277760756916676,0.9933436274546891,18425.165540753776,15000,1440p
1.3817177632030617,1.2051663939578252,12970.983608646042,8000,1080p
1.1280464930171539,1.3697027818730476,13433.867176870672,8000,1080p
1.284504991059965,1.3269532341325936,12848.925430360207,8000,1080p
0.8546841687975504,1.2382209301932563,16032.467031677576,15000,1440p
1.1568774276503444,1.2446327359562488,13972.221524812488,8000,1080p
1.1429550487512716,1.1971717829126285,14338.723673426623,8000,1080p
1.10572331005541,1.2603907636374858,14181.2401916997,8000,1080p
0.954596162079911,0.8013134273882019,19109.430349522754,15000,1440p
1.1508001454882841,1.4636385863208663,12834.277427025747,8000,1080p
1.7637421101498931,1.9744761194583391,8976.049534571053,8000,1080p
1.5333568666657897,1.3104160817212493,11799.265486026849,8000,1080p
1.3965735947255686,1.576196084642551,11287.262593155956,8000,1080p
1.9456261685352367,1.5737218235246684,9534.275120193584,8000,1080p
1.5508802792134788,1.4392133212046767,11221.866765410794,8000,1080p
0.9665174840208376,1.1527819733626008,15832.79412595494,15000,1440p
0.9328960508243974,0.9340155674048539,17973.230051364764,15000,1440p
1.3788610078877979,1.3124031234781752,12467.907407872737,8000,1080p
0.6346337210632852,0.6416990511842268,26289.720619579122,15000,1440p
1.298093523834321,1.2815309222492854,13007.48721425029,8000,1080p
1.4100570839735904,1.9083512538165683,10111.604294709867,8000,1080p
1.2513010050072655,1.0253085854871555,14738.773015848028,8000,1080p
1.0777727684242409,1.3553681324960698,13790.58318706836,8000,1080p
1.2503295230499256,1.2802829640831013,13259.41137594495,8000,1080p
0.9433802887049204,0.9511759399663248,17710.971831927913,15000,1440p
1.3779687807819618,1.2904137769858037,12574.820616452367,8000,1080p
0.7608601776588999,0.9242585977456372,19912.2058870567,15000,1440p
0.973821478133714,0.909302044675077,17818.497615043096,15000,1440p
1.773610167928027,1.1988272685432737,11288.524222004757,8000,1080p
1.1801920675623936,0.8895186145566105,16212.136454572683,15000,1440p
1.4340982279945114,1.1711123850549936,12879.738717447943,8000,1080p
1.153254178920327,1.1754308373271112,14409.175893642894,8000,1080p
1.1103479999326589,0.9637655055753478,16177.72215015861,15000,1440p
0.936940163521472,1.2920133952711834,15053.894625859875,15000,1440p
1.5765208272543103,1.1622176122829786,12251.78407532376,8000,1080p
1.3641275326853373,1.1206408051885186,13504.048441277046,8000,1080p
1.5186695985361012,1.0252529650946296,13190.036709336988,8000,1080p
1.3529566773149775,1.2952622298307659,12670.565831797132,8000,1080p
0.7927103765442964,0.7576429699806486,21643.086768065434,15000,1440p
1.0451682332754477,1.501881802454189,13173.840925503408,8000,1080p
0.9238504515327284,0.774574805177713,19756.201733003654,15000,1440p
0.9975376935369453,1.0276774606849999,16568.329508126295,15000,1440p
0.9678326405159039,0.9511613511956365,17485.428378060205,15000,1440p
1.1214650684369103,0.864777407015249,16893.421832780758,15000,1440p
1.9261425539651142,1.7637711554912907,9093.554657933508,8000,1080p
1.0767922034026538,0.8507135226735134,17408.213914003212,15000,1440p
0.8868353730168624,1.1250316015356998,16678.255781529733,15000,1440p
1.0971389801334646,0.8032553830880964,17656.56257952602,15000,1440p
1.9426004228139433,1.9492443786744984,8621.729208514958,8000,1080p
1.2449173570866856,1.6105388514866923,11750.988125559179,8000,1080p
0.9709852690019237,1.0791578841209502,16366.872698078827,15000,1440p
1.0894371132134286,1.2958316899714997,14067.35876275096,8000,1080p
0.7811269620688173,0.7595945164174422,21778.389195279364,15000,1440p
0.9061439755973113,0.7389902255552443,20396.167058281495,15000,1440p
1.4198502068674426,1.6288568321376244,11006.118846680116,8000,1080p
0.9648786769717321,0.8821012094609539,18167.18863398565,15000,1440p
1.427817046724209,1.411257637576147,11818.791589228285,8000,1080p
1.4989286412675924,1.1091907469774396,12865.374242924638,8000,1080p
1.1075488509803715,0.9747778400224454,16113.9134147297,15000,1440p
1.440603090028383,1.5746251096882193,11128.32256051258,8000,1080p
0.8642859469552083,0.8291394241460778,19814.532469286518,15000,1440p
1.385355875424564,1.1458659511378073,13256.21944623082,8000,1080p
0.7565836458533286,0.9882816639526886,19230.38518298605,15000,1440p
0.5896570570388244,0.7671004946064155,24731.339773499705,15000,1440p
1.5452623140969115,1.2049848887485968,12200.514908362904,8000,1080p
0.9922225781350308,0.6630707214719177,20270.988838031026,15000,1440p
0.8985597584544275,1.149674621685835,16382.125173439481,15000,1440p
1.8143077210525231,1.2484474768729206,10955.636292031464,8000,1080p
1.269034814388063,1.2240335272191143,13459.090326568767,8000,1080p
1.0077357185348752,1.1904049600229782,15264.915629519328,15000,1440p
1.8190497976635038,1.3350526088041401,10638.345771904858,8000,1080p
1.786016875736367,1.5953532754120099,9923.324126051177,8000,1080p
1.390599710862462,1.6672008105882912,10973.388147661222,8000,1080p
0.5707753313737405,0.820783920503368,24112.830233234843,15000,1440p
1.0832731094659334,0.9980525467698182,16121.663565463343,15000,1440p
1.1454589101678874,1.1455101640562835,14646.392383696013,8000,1080p
1.5588995178185152,1.6995268714203327,10297.741299547402,8000,1080p
0.6826608672075795,0.7984348138213145,22655.14134555457,15000,1440p
1.5170658514594118,1.5792574084403868,10836.863332249704,8000,1080p
0.9579447780723004,1.336244319008964,14625.835351884878,8000,1080p
1.2182063469191786,1.4881122163974507,12398.552208457899,8000,1080p
1.3815555106610944,1.2383742616069133,12807.378409594838,8000,1080p
2.165676888960159,1.8568792638175458,8341.56957058998,8000,1080p
1.0726682888190857,0.8573280396926692,17385.749135530354,15000,1440p
1.7168860835698403,1.690506937204894,9847.537925745582,8000,1080p
1.4264655553493717,1.0674436949678365,13454.552123631647,8000,1080p
0.8461746395098177,0.8010778364129867,20369.93872551476,15000,1440p
1.0940717352812899,1.4230080427650174,13330.698650339995,8000,1080p
0.8716394164609724,1.2003670462441987,16194.173427524926,15000,1440p
1.2191621667761696,1.1294935669921085,14286.654070907154,8000,1080p
0.8990977023992945,1.0930353387424043,16843.46944055997,15000,1440p
1.47816951450007,1.2841742195828787,12147.08784645134,8000,1080p
0.961460296439902,0.8029528684310253,19017.332599904184,15000,1440p
1.5853728071051925,1.5516398555243835,10696.301101913074,8000,1080p
1.4645102260389102,1.2335339412489217,12436.57624542525,8000,1080p
1.2636130488804749,1.026167947169043,14653.991826244663,8000,1080p
1.4568678897482867,1.642826531180736,10825.07739261061,8000,1080p
1.3073905635429446,1.0680761932009877,14125.405840658144,8000,1080p
1.2445632857614988,1.2435065648311818,13486.129415541543,8000,1080p
1.4834482949721923,1.0603491976900037,13190.68522427224,8000,1080p
1.2762630593598505,1.3012389606094272,13018.198139142467,8000,1080p
1.062945128851897,1.4937586534460616,13124.098392752157,8000,1080p
0.8077446656273417,0.967468883548344,18901.63130829014,15000,1440p
0.9250113438747007,1.1453041671006359,16207.40018713009,15000,1440p
1.1336255038893235,1.0187118170904723,15589.764519218212,15000,1440p
1.1816603663482466,1.7505294653650652,11443.471918867464,8000,1080p
1.3171842965488705,0.9191872797715273,15003.961039072321,15000,1440p
0.7746112546653035,0.8837741827674737,20233.192623750434,15000,1440p
1.5995692797449732,1.1710551300371925,12110.783360433234,8000,1080p
1.1000002316461588,1.4042757263902157,13398.855622249528,8000,1080p
1.4821820071864542,1.3484759180017585,11853.933921658492,8000,1080p
1.1644566493662103,1.6447348003797726,11944.515922200357,8000,1080p
1.0013575331809066,1.4512094442524273,13681.351950320828,8000,1080p
2.1867123422082346,1.70552336517588,8620.863309059767,8000,1080p
1.27382619418222,1.1343880060580644,13933.325364766986,8000,1080p
1.2866123954089244,1.5952897918577926,11643.154354181615,8000,1080p
1.0789575294265195,0.959947162231523,16457.087051339044,15000,1440p
0.7978782529191236,1.1244031295870207,17455.525661000745,15000,1440p
1.1002620923206505,1.5698280294195843,12566.77882397874,8000,1080p
1.667843197554437,1.5313510277318405,10488.40102760482,8000,1080p
1.9297838659373268,1.607859553989739,9484.967255600843,8000,1080p
1.1139161293510111,1.1920180315619338,14551.340003010071,8000,1080p
1.1616041800737933,0.8157193717916749,16969.621369423185,15000,1440p
1.4288743716072774,1.031539848269479,13637.7166612542,8000,1080p
1.903158966509578,1.7095756901648196,9287.820775325803,8000,1080p
0.9833360174233472,1.0281594952842732,16681.335746473167,15000,1440p
1.2682312247096585,0.9972869831904272,14810.930180561949,8000,1080p
1.0198894652436301,1.058319454624198,16145.84158465359,15000,1440p
1.7221069114316139,1.5954465039905488,10114.21002116108,8000,1080p
1.2041329541197945,0.937291008005152,15669.214781132718,15000,1440p
0.8551622247217106,0.9952860926180125,18133.136540792,15000,1440p
1.1369018594217528,1.7009386745621815,11823.931471193075,8000,1080p
0.9884260016472942,0.8393326614644884,18358.239890857993,15000,1440p
1.2682750899070447,0.8496919596849624,15842.754497273096,15000,1440p
1.3231602495617945,1.0590152468086065,14085.625534779101,8000,1080p
1.3046690960935774,1.2668677209325072,13048.396498870596,8000,1080p
1.94292282126311,1.674183227088468,9276.596138311108,8000,1080p
1.1161093743579147,1.2044030357020428,14459.923530050424,8000,1080p
1.2740949076793224,1.2824139237074357,13125.099193104943,8000,1080p
1.4712794802910285,1.5940536793546738,10946.422542820204,8000,1080p
1.3504519282362153,1.613995344075,11318.950521875693,8000,1080p
1.7333287303535643,1.2238534531560818,11346.75847403385,8000,1080p
1.5414097304063537,1.663960856409039,10468.191147076408,8000,1080p
1.143735747571032,1.4701417837506228,12837.03295120865,8000,1080p
1.3239061931345233,1.733440469772069,10975.017130736525,8000,1080p
1.182803957615425,0.8446195898694437,16550.282274084333,15000,1440p
2.1815303049672505,2.6881993120465073,6890.409661096633,4000,720p
1.1419837618114486,1.3801946339747715,13303.750462718686,8000,1080p
0.8439340952734564,0.6285889300565588,22787.033834313002,15000,1440p
1.4029576799188717,1.2666082800058152,12569.246275880228,8000,1080p
1.099974694966283,1.5182266394506156,12815.833358160338,8000,1080p
1.4358431274957428,0.9770896287980133,13906.078365623132,8000,1080p
1.6539737221685342,1.498414292488382,10644.131320126156,8000,1080p
1.4806371745811222,1.2572267885512747,12255.697307038692,8000,1080p
1.0338004884458987,1.0812529733890224,15864.578652725757,15000,1440p
0.7619968355176837,0.5514975513302883,25545.927212160743,15000,1440p
1.9895718702997112,1.811068089664435,8828.62685059927,8000,1080p
0.9829967989326007,1.3474891683161785,14398.040782718032,8000,1080p
0.6175459342472509,0.6425431323688884,26628.61926903908,15000,1440p
0.9007932008113282,0.952052198207519,18109.67715804479,15000,1440p
1.6184380105564593,1.4845776189966962,10813.491134374965,8000,1080p
1.4000896532513292,1.9803552314950286,9926.0402532839,8000,1080p
1.4240596837125996,1.426457941118862,11771.34696789813,8000,1080p
1.1044851575055659,1.0688715173286227,15438.990014172414,15000,1440p
1.2605517628154321,1.012252429548767,14763.450416331847,8000,1080p
1.3569456288155857,1.691886993789369,11005.665496760113,8000,1080p
1.1205694564150006,0.9623942118661271,16108.985725943694,15000,1440p
1.1827287080631883,0.8239985836319741,16720.97257004724,15000,1440p
1.504389470498865,1.2178186607834562,12326.181681117041,8000,1080p
0.8034087100501397,0.9323249065705093,19331.556224236825,15000,1440p
1.488296532278341,1.1545753200078614,12696.200903942397,8000,1080p
0.728206102383632,0.8240372995189403,21616.733534748866,15000,1440p
1.9212864334355995,2.322141036345653,7907.389071440808,4000,720p
0.8668917537714174,1.006861380358566,17907.605537150932,15000,1440p
2.236215868804963,2.5498982318443137,7010.788145532941,4000,720p
0.97226828727871,0.9017782773977724,17904.80163751562,15000,1440p
1.474861972707584,1.3023783269916298,12081.933278742239,8000,1080p
0.9547752430879373,1.0397414892513945,16823.339436538405,15000,1440p
1.2536880468741818,1.545130714059038,11988.7834354847,8000,1080p
1.0671662795262595,0.7240755055962464,18732.49735389863,15000,1440p
1.0725627424291186,1.4857996894466647,13115.589715487651,8000,1080p
1.172384349665977,0.8778577470271707,16366.082841689877,15000,1440p
2.1156643557354484,1.7751649390674151,8623.979480369391,8000,1080p
0.957766569502224,1.404918101576412,14201.82405664883,8000,1080p
1.5587921544398629,1.5441265449693786,10813.828930286945,8000,1080p
1.5948707113285925,1.6450348407328506,10356.608074161435,8000,1080p
0.5828497758091351,0.8239913137055259,23850.904164006024,15000,1440p
1.4502830257001096,1.4731690679911977,11477.674654703294,8000,1080p
1.323002243350079,1.3984938592008582,12329.406596815794,8000,1080p
1.6895647913679281,1.4809673712175189,10583.217667988472,8000,1080p
0.761106800643881,1.0807115256520852,18218.100841400825,15000,1440p
0.6700628884224666,0.9554995637103185,20641.73662228456,15000,1440p
1.0390402926153202,1.0150422320320314,16335.483894816098,15000,1440p
1.3208281624417195,1.1719462262583276,13460.67744923288,8000,1080p
1.2214482588849331,0.9075688431967737,15760.527225070764,15000,1440p
1.3653289415858842,1.0381367937087091,13960.85307448214,8000,1080p
0.986659496925031,1.1666147947720495,15582.980825705408,15000,1440p
0.8602684688719889,0.8771029758093584,19313.332277171303,15000,1440p
1.1549904790557288,1.2299796917388555,14069.12019734859,8000,1080p
1.066698008359988,1.2736744655129097,14337.218701121288,8000,1080p
0.6373492139002447,0.918941077039931,21560.52260644081,15000,1440p
0.7407223539753757,1.0480850419827306,18757.990421896626,15000,1440p
0.7097040514503687,0.8359911113410949,21708.31144958883,15000,1440p
0.9806069890577882,0.859457711374523,18235.463129158776,15000,1440p
0.9894936198326982,0.9515079605944778,17287.173971602504,15000,1440p
1.5188964762872736,1.071231849517764,12954.737286837304,8000,1080p
1.0101340349425398,1.1806019278665247,15316.511240804633,15000,1440p
1.2128446791074328,1.0594593386452222,14766.700114884217,8000,1080p
0.8202438448804633,1.1520970198647906,17012.49140033098,15000,1440p
1.0882071757288363,1.3162955554292697,13954.832142710367,8000,1080p
0.9846384091481138,1.0595271268527338,16414.733253768194,15000,1440p
1.6255696710706364,1.7712927432349335,9878.06625864169,8000,1080p
0.9741601722252975,0.9518542925106765,17421.692627111075,15000,1440p
1.4973944727277684,1.1567651219712016,12642.205866978275,8000,1080p
1.3263235869670555,1.7376310675042708,10951.347452558723,8000,1080p
0.6448544460999466,0.6746248471798351,25430.055758279443,15000,1440p
1.0188105550224833,0.7137037751047397,19367.477322704748,15000,1440p
1.1874510186566045,0.9128570557199724,15975.9572461577,15000,1440p
1.402300033005624,1.0050822220360023,13938.140455147539,8000,1080p
0.7257358638618514,0.868020651344388,21053.675188055877,15000,1440p
1.1988992860249328,1.0367342393910162,15008.914304842096,15000,1440p
2.304736435049674,1.6090889649190543,8573.308354600616,8000,1080p
1.0743833200704376,1.275730701982203,14277.788943488295,8000,1080p
1.5511461390214176,1.1810768364946616,12281.000599397285,8000,1080p
1.2825236273040304,1.1754802382041172,13651.090004719432,8000,1080p
1.3440711513126236,1.0149018812127186,14224.169389541135,8000,1080p
1.2449923542047934,1.0796151299258687,14434.450645567124,8000,1080p
1.2480313271086703,1.2112921773716854,13643.765018661059,8000,1080p
0.9925464142154888,1.3549102050171888,14293.951898871754,8000,1080p
1.1357263408806706,1.280360214272678,13887.926294871628,8000,1080p
0.8329738234564614,1.1175275327887795,17202.978040780774,15000,1440p
1.0087027358009675,0.8860745122347182,17708.905906900593,15000,1440p
1.2563872547781039,1.1943876210404933,13691.356285343138,8000,1080p
1.4698378913231025,1.27144715916618,12240.402359474067,8000,1080p
1.1756567248671161,1.3376458761778403,13350.733010043863,8000,1080p
1.098833992792389,0.7832656186946683,17828.19134290584,15000,1440p
2.1196257385997184,2.319318054193631,7559.1026979156195,4000,720p
1.1584745059847141,1.3797954416180147,13219.410343525718,8000,1080p
1.6298562341906078,2.436096424535294,8252.538781529873,8000,1080p
1.3718004266666188,1.8165182971663674,10524.177444738327,8000,1080p
0.9139428179965762,0.7885436244284391,19709.07442423165,15000,1440p
1.1042588014683594,1.019495407349083,15799.583520865119,15000,1440p
1.6011334824313646,1.2406148790446774,11807.671803344116,8000,1080p
1.9779721425415844,1.4446855016679,9803.619142793323,8000,1080p
1.0876255125788248,1.1651547887471274,14894.675694851545,8000,1080p
1.270381375486112,0.9741668654873474,14949.303110298695,8000,1080p
0.8175031738140216,1.1396654986762096,17144.374152129945,15000,1440p
1.1359396670977886,1.412877117287214,13164.709290038774,8000,1080p
1.4242146153791662,1.7340145231508466,10624.445069751271,8000,1080p
0.8191683204739924,1.0757612753543924,17707.48215335747,15000,1440p
0.7226628361068824,0.5582294620783005,26196.138463429907,15000,1440p
1.4594764392223674,1.0120585318950326,13576.35331570072,8000,1080p
1.0362332237868153,0.8436318299524219,17849.383355074835,15000,1440p
1.138182946618719,1.3109981044415164,13700.266048308064,8000,1080p
0.9395464809764076,1.272974177741128,15165.70336543184,15000,1440p
0.9012069370049832,0.9080278693723,18546.200792581276,15000,1440p
1.3493321097460977,1.5688536557749904,11498.38793556322,8000,1080p
0.8671270411479325,1.2412025560704123,15915.173815455859,15000,1440p
1.0129971765005994,1.1925143445256254,15213.900122538067,15000,1440p
0.8809339408679394,1.2205918735763985,15966.699894605907,15000,1440p
1.2450187694339232,1.448078689680195,12459.419872252813,8000,1080p
1.3458556226082814,1.095511173802828,13744.117454749583,8000,1080p
1.1975967219435175,1.034766412079753,15030.90222580706,15000,1440p
1.4682532044330106,1.5151585260634504,11247.000089530487,8000,1080p
1.4008260776614163,1.9893001590797414,9897.693966775416,8000,1080p
1.2399722220941058,1.2656739513031623,13391.528443341776,8000,1080p
0.9571572294586832,1.098822483011507,16320.410068485297,15000,1440p
1.303651778471044,1.8621587679535176,10599.00190107588,8000,1080p
1.7716812519017826,1.3791623221490479,10649.348725637083,8000,1080p
1.34536622125409,0.9458475529587966,14644.828159488146,8000,1080p
0.855015698204605,0.7600613524362477,20775.746882593503,15000,1440p
1.3822800859772162,1.2036515274380517,12975.761549890447,8000,1080p
1.5871888224138517,1.4380497161599866,11091.499586613845,8000,1080p
1.607469891209954,1.3622559278496362,11298.831624336797,8000,1080p
1.2762320329726193,1.0122153302449324,14662.531696959175,8000,1080p
1.1204327194570796,1.5394640818478582,12614.937535748866,8000,1080p
2.3139529012061852,2.4467248137200728,7048.246911316019,4000,720p
1.0814852270115538,1.4515905441315788,13246.517290265452,8000,1080p
1.0671817890630007,0.8720058157295358,17303.344924994923,15000,1440p
1.2027187469223568,1.0608470861289012,14823.704930538313,8000,1080p
1.068047849250069,0.9255338139582467,16831.230252188467,15000,1440p
0.8120383691126905,1.0083049942213749,18433.023503073124,15000,1440p
1.2968092340511075,1.287347828412269,12984.672057051308,8000,1080p
1.6463063791822852,1.1272257993125012,12098.086425739686,8000,1080p
1.2951540880084216,1.5397593926012036,11836.13970214865,8000,1080p
2.062843899622974,1.464013719209488,9513.974088669882,8000,1080p
1.0626297107894989,0.743189812076616,18581.276575603704,15000,1440p
2.2115158398715424,1.5242905621189178,8981.844450537372,8000,1080p
1.508454134106212,1.014015180586002,13302.21612788746,8000,1080p
1.2992664186195793,1.6556158823849199,11355.590030977992,8000,1080p
1.9675580072133363,1.378860650461238,10026.967762400946,8000,1080p
1.7039780057926268,1.1650155630404468,11695.541030316019,8000,1080p
1.0785968712031953,1.2485804176198447,14418.511284531318,8000,1080p
1.1599481018841766,1.2882872594154318,13705.558105405415,8000,1080p
0.5524194808333115,0.5987623924502031,29147.811287449076,15000,1440p
1.1881785460811853,0.834037680595269,16592.90018414463,15000,1440p
1.3868542222233573,1.3938896182566316,12066.710896393863,8000,1080p
1.0139982849779963,0.9690781336959755,16920.392821995694,15000,1440p
1.035465796331874,1.2347813149610194,14780.079152216576,8000,1080p
1.4203816673695744,1.3551921313634951,12089.187473709459,8000,1080p
0.803436728639212,0.9395643787223761,19250.952772366243,15000,1440p
0.9804878168012162,1.0134658610710443,16828.090026547554,15000,1440p
1.1340967590566462,1.3307688748469453,13613.087682536296,8000,1080p
1.509186203309784,1.1704561941157798,12521.981303265331,8000,1080p
1.1189642922676528,0.9147122248547603,16499.394922196596,15000,1440p
1.5522178557434851,1.0844429510122482,12726.108687938095,8000,1080p
1.1912837803711005,1.4482807258983659,12712.109107506885,8000,1080p
0.7183419892711466,1.0557689557944974,18913.378609903368,15000,1440p
1.1115361810373712,1.3750178312718815,13494.350749629659,8000,1080p
1.4562165308828792,1.8283108471036884,10215.90875597117,8000,1080p
1.5053564973573967,2.101885600116373,9301.962855085025,8000,1080p
1.7441158708991984,2.5047307952434292,7897.30358296569,4000,720p
1.1496533314043955,1.6329039400812946,12058.846854240772,8000,1080p
1.1179001936473065,0.880895562551866,16787.324015439037,15000,1440p
1.2944088901085598,1.3854774326863828,12520.841542638631,8000,1080p
1.6520051651026495,2.3974165233770597,8286.228153382928,8000,1080p
1.7284035340144897,1.2091952759605338,11422.40114138843,8000,1080p
1.2648501151792368,1.2292699300956484,13453.414988412016,8000,1080p
1.270495602525022,1.4402466894746555,12378.31869854635,8000,1080p
0.7837488788997694,0.8134270669784757,21008.600891211958,15000,1440p
1.0707403539100397,1.011128539730299,16117.456820888945,15000,1440p
1.2403677509601745,0.9007527851860795,15671.435322550187,15000,1440p
0.959129390241339,0.9056639237796614,17993.646667279998,15000,1440p
1.283493208548166,1.6070158846766323,11608.485189909912,8000,1080p
0.8554678558976379,0.5772563059910365,23420.022424810093,15000,1440p
1.2219404032501306,1.2370249276116616,13645.75237351565,8000,1080p
0.7840946622990002,0.7967269162668549,21225.945074991374,15000,1440p
1.6047044409870674,2.002985208269256,9300.808900487546,8000,1080p
1.7650561198048176,1.2142518652949756,11262.491883287481,8000,1080p
1.0802909560479688,1.559510769599043,12710.966764663302,8000,1080p
1.1122202564406771,1.3141151981216648,13829.263359650526,8000,1080p
0.8295307356427946,0.981386383774981,18528.971668669197,15000,1440p
1.778215589771944,1.953000406037662,8992.8945517182,8000,1080p
1.4496134189858165,1.8142816275614129,10280.487430346808,8000,1080p
1.062565289973218,1.508479380154239,13050.894210382028,8000,1080p
1.9256962991747626,1.446575392642611,9950.097461428724,8000,1080p
0.8424777541859494,0.7343302206568332,21279.973551215444,15000,1440p
1.0068714619095134,1.3886975780083317,14006.873290176905,8000,1080p
1.3860240094943341,1.5869209390145,11286.597155736163,8000,1080p
1.2921640279834141,0.8987806449805815,15315.052184593165,15000,1440p
2.152752580459765,2.1564387408318293,7786.712052957241,4000,720p
2.0865512281838314,1.5251239886156585,9290.545241699358,8000,1080p
1.1691009925477294,1.3856530322805727,13134.114546411214,8000,1080p
1.4644053418798686,1.9288588737120125,9888.540905780059,8000,1080p
1.388522988186586,1.4792860419785057,11700.371833360314,8000,1080p
0.8967556145687772,0.9933928621462929,17752.273122117356,15000,1440p
0.8408560048012387,0.8988789628585997,19287.094082574495,15000,1440p
0.9742769943548818,0.7968292048055271,18945.465842706915,15000,1440p
1.7103211493710766,1.7688646102738084,9644.334714518047,8000,1080p
1.4838465077934013,1.1507084002344894,12736.281144778774,8000,1080p
0.9638089936114009,1.0729367126680365,16474.531845850568,15000,1440p
2.3320812584137984,1.843545184497434,8035.783961700838,8000,1080p
1.5355587681627858,2.2800128136632054,8794.07744827109,8000,1080p
1.5131800492744782,1.2210227851628896,12272.107825133127,8000,1080p
1.093555697505419,1.4008038106335579,13452.123437104186,8000,1080p
1.8337341809501644,1.248065037359615,10887.93578784896,8000,1080p
1.2451262365616667,1.0499135752752644,14620.41391479972,8000,1080p
1.1182842205332864,1.246808014466327,14187.367200081093,8000,1080p
1.3346471655210561,1.3970967726896066,12283.154189765935,8000,1080p
1.0232724124817112,1.2061885760434568,15050.468329655283,15000,1440p
1.0386801234572889,1.2353338820660784,14755.596015899384,8000,1080p
1.1416758210577524,1.2244184344083522,14181.358972696547,8000,1080p
2.265923381414147,2.6243696434284396,6861.435875016934,4000,720p
1.2001299311154923,1.1183474155993078,14472.615851755221,8000,1080p
0.7207642147008946,0.94696482721103,20119.834311653165,15000,1440p
1.1104091686006567,1.41395833343688,13292.213583369548,8000,1080p
1.2818979879037764,0.9317171176748511,15158.20519811146,15000,1440p
0.8630224670057595,1.2810180589933404,15650.092240846985,15000,1440p
0.8953768575445121,0.8324076297045732,19420.49616004142,15000,1440p
0.6963177058516491,0.5274604093121652,27418.722057722385,15000,1440p
1.322903727037523,1.1922981686491736,13340.651522862747,8000,1080p
1.2513814924022246,0.9608034829807726,15168.004653042495,15000,1440p
1.430673681079658,1.9991674128509667,9783.086469917578,8000,1080p
1.3499880382085734,1.8481341411572538,10491.916855613594,8000,1080p
1.4774343633203968,1.1818613227940362,12617.78905414887,8000,1080p
0.8973308379969437,0.6678961479001345,21437.422368979252,15000,1440p
1.209358898037563,1.5809892905952085,12025.177408573216,8000,1080p
1.378587105260217,1.1980687559594143,13022.4732394482,8000,1080p
1.0179320330084944,1.434500938057279,13682.099529683774,8000,1080p
1.2870948530013997,1.3495735758222625,12726.071899366641,8000,1080p
1.0863979929785077,1.235813809109382,14449.341774006734,8000,1080p
1.058032688242476,1.4669983689350696,13288.720510830788,8000,1080p
1.2614114956682596,1.685440298670736,11386.535306749809,8000,1080p
0.9753522946769742,1.1284951876887834,15949.080093138853,15000,1440p
0.9670308611020991,1.1231520858332433,16053.34693271611,15000,1440p
1.7467817673885948,1.4592136096686548,10466.151086842574,8000,1080p
1.3001315639174975,1.1585083878376325,13647.558267344823,8000,1080p
1.1913361653804688,1.4057328838144312,12920.115470322971,8000,1080p
0.972062839318958,0.8525789563644072,18389.599580247028,15000,1440p
0.8882864715977312,0.7349817398364624,20670.910551715857,15000,1440p
1.2512053538671986,0.9794109870186414,15042.672908365137,15000,1440p
1.838160399669743,1.2745461919073142,10779.82489284337,8000,1080p
1.4393110309235868,1.5101879531155293,11376.31583586774,8000,1080p
1.242511422168433,1.066349507591554,14532.894366872104,8000,1080p
1.9912174450898954,2.6395376032420446,7245.995879675552,4000,720p
0.6269862540081553,0.7427843016741645,24496.388727881236,15000,1440p
0.9860208922297614,0.8539272510621655,18236.61831032172,15000,1440p
1.2827490099065761,1.2040531936551264,13493.003967883707,8000,1080p
1.2630119594199138,1.6057532798265184,11696.471897022178,8000,1080p
1.1543723584981187,1.6184450822432899,12101.204899745604,8000,1080p
0.794656989290318,0.9320343063305107,19432.79153899688,15000,1440p
1.194758480174324,0.9157908234819834,15898.435512437654,15000,1440p
1.608334794521848,1.280920722137029,11613.521824750967,8000,1080p
1.753353698790063,1.8011526317101387,9439.969683575753,8000,1080p
1.1439215242768286,1.4757336136324783,12808.721084859706,8000,1080p
1.2047181056813225,1.776197150768294,11256.4192918267,8000,1080p
0.8808893116491339,0.8109720923304833,19832.84914536903,15000,1440p
1.534704795539863,1.139530439742729,12547.30008688044,8000,1080p
1.2266324485540725,0.9993143591518434,15074.229035410575,15000,1440p
1.4614723405659844,1.0821928863246888,13191.371114907399,8000,1080p
1.3240184545196623,0.9589863138025272,14697.486604313839,8000,1080p
1.614480744402076,1.3486599380621929,11323.941586227613,8000,1080p
1.3580676043510678,0.9621780301754044,14461.58609273624,8000,1080p
1.6164490807773095,1.1460449567498676,12146.426940358562,8000,1080p
1.529146714390802,1.905382879651233,9769.731510890959,8000,1080p
1.0657566986428741,1.0236757006841404,16059.113475414448,15000,1440p
0.6653728107542942,0.8887755993645154,21590.236673365624,15000,1440p
1.1244169933833263,1.2203136719398082,14310.56986469521,8000,1080p
1.1951610047424641,0.8093631574795281,16739.350232029778,15000,1440p
0.9212680180122028,1.3062476568910695,15063.612067042837,15000,1440p
1.4096855237926755,1.735200802851466,10669.521411861459,8000,1080p
1.7581196011336453,1.4033108597939763,10613.68656204904,8000,1080p
1.345987939792162,1.6277129921413782,11283.727842188373,8000,1080p
1.5624297942463856,1.275787548530155,11822.361696646787,8000,1080p
1.241607032619631,1.5835630862414545,11876.95982482175,8000,1080p
0.8430401624299813,0.614085005246541,23027.830926497998,15000,1440p
1.0670360172156232,0.7831514945275833,18135.69261873665,15000,1440p
1.2395871355714392,0.9408640472022891,15388.756356982856,15000,1440p
1.2691230971107568,1.7100091252706853,11263.156347312924,8000,1080p
1.4211031717234446,1.2667330893271,12483.80806756629,8000,1080p
0.8892599250636647,1.1476459456633785,16473.236432876125,15000,1440p
1.0866643664540858,1.3076930101932798,14013.961460917622,8000,1080p
1.8594275677412522,1.8421636172508193,9064.86705934596,8000,1080p
1.8695863879931243,1.6761131916812069,9463.416526417035,8000,1080p
1.6146638791411763,1.135216522229298,12202.142312544676,8000,1080p
1.125035652177516,1.1523405626140777,14733.811560015181,8000,1080p
1.4727496703954002,1.1163729465000702,12959.769375555486,8000,1080p
0.6514485611763692,0.956225175676289,20871.418889811244,15000,1440p
1.4721883024657694,1.0359273787820888,13378.343052863385,8000,1080p
2.1796861974909056,2.6070624065509644,7009.858836469302,4000,720p
1.0508999961445356,1.5165799108291549,13069.01444831593,8000,1080p
1.2050678069801455,0.8180504576232099,16585.50198822833,15000,1440p
1.7550100877625465,1.4152033608495347,10584.281640307256,8000,1080p
0.9325027605503852,1.131191046793298,16259.404316956365,15000,1440p
1.4038496527019226,1.4793535054309552,11637.90068186849,8000,1080p
1.640226976520838,1.4243052408243766,10949.283486100205,8000,1080p
1.09451373281865,0.783660284221779,17865.454263324376,15000,1440p
0.8199891063326555,0.7142827729177009,21869.938733671283,15000,1440p
1.0570943691185113,1.1916679704915507,14921.28866130797,8000,1080p
1.5170946988486522,1.5736581478893183,10856.39443328957,8000,1080p
1.0674570821000027,1.053060037394639,15823.702478759822,15000,1440p
1.2764588340961254,1.2432020392058671,13317.04292253712,8000,1080p
1.1258932618215418,0.781596410386898,17590.88528178063,15000,1440p
0.6548771165054242,0.9355553599491829,21097.677830875007,15000,1440p
1.1237090265946683,1.3530713167115047,13547.601058238894,8000,1080p
0.9968044901632567,1.0779663411235196,16172.59674852354,15000,1440p
1.6499509871672018,2.1497519986634637,8830.80391418135,8000,1080p
1.6235029467165363,1.5277809506104105,10647.860711141353,8000,1080p
1.8423938793412264,1.8957628060348002,8976.197314378947,8000,1080p
2.3479708981166767,2.8064997469252444,6509.772644117387,4000,720p
1.0027098096390832,1.279434884310929,14703.02566219974,8000,1080p
1.2779810300586762,1.7369713899573005,11129.340475569492,8000,1080p
0.6408022462307501,0.6312494912785078,26378.1975296864,15000,1440p
1.0149820410811625,0.6784387173535771,19814.58644159706,15000,1440p
1.0188931162361161,0.7819173612849437,18632.96133538161,15000,1440p
1.2133609584979115,0.9312282636131943,15646.08814315007,15000,1440p
0.6586447591345495,0.4933896172297756,29126.2419667489,15000,1440p
1.663363850161471,1.12412625713316,12037.507115160992,8000,1080p
1.0005244892075427,1.3031250031198558,14565.771447330577,8000,1080p
1.0704008790774242,0.7508385806893425,18423.953983677184,15000,1440p
1.188114812849056,1.175813389259137,14194.35326761429,8000,1080p
1.5409503938970348,1.949282167846442,9613.809798175324,8000,1080p
1.5910021006013917,1.5680894113279558,10621.544793271072,8000,1080p
1.1475980581290552,0.8265691717196162,16996.752601638564,15000,1440p
0.9823915177495062,1.447516546580248,13808.930672138567,8000,1080p
0.8951099416764762,0.890218122593298,18794.546879945152,15000,1440p
1.0443009950327118,0.8128608602691483,18067.58624952811,15000,1440p
1.661120232402507,2.262406616806374,8552.109693544147,8000,1080p
0.9051059000108905,0.8450969700323427,19171.738644887006,15000,1440p
0.8285108990083806,0.7224683377341753,21634.35280440807,15000,1440p
1.4009277111442988,0.9897646205195652,14035.445529976218,8000,1080p
0.956278239636067,0.8987702725499591,18088.169543587184,15000,1440p
1.0938787297174344,1.329919338469775,13843.740714380468,8000,1080p
0.8771871640981297,0.9949637441288071,17922.9312405048,15000,1440p
1.0353476842468485,1.4104558334989152,13719.185436010119,8000,1080p
1.3719808712710697,1.5734381909054092,11392.074028068995,8000,1080p
2.444144195263327,2.189623525393708,7241.2848512920755,4000,720p
0.9592360014464582,1.062233930065522,16599.026024049046,15000,1440p
2.1646912610275275,1.487268145547453,9188.062698503347,8000,1080p
1.0723469700200392,1.307731578301772,14098.035555868173,8000,1080p
1.4198443293278804,1.948593488607559,9961.422420012479,8000,1080p
1.0729748251046076,1.3888695971593505,13629.793863717317,8000,1080p
1.3114921471759569,1.1989381198621663,13366.008385322915,8000,1080p
1.484602541391107,1.361138498705195,11791.10520852751,8000,1080p
2.3581606894191265,2.0492870414935065,7613.120801106362,4000,720p
1.0919062233361205,1.1169687450248778,15190.733962138944,15000,1440p
1.9898962370630786,1.8686870510862243,8696.049688250672,8000,1080p
1.1278366483597495,1.3282380709989494,13661.812377093045,8000,1080p
1.2400769324442624,0.9045177714465762,15646.048150321247,15000,1440p
1.0539215034710565,0.7606158170588271,18492.00433651119,15000,1440p
0.8037432868412925,0.9254720148716505,19404.42694831657,15000,1440p
0.8918587410653122,0.9519848011733215,18198.09069009247,15000,1440p
1.0322839534280948,1.0215136097527773,16337.750419779302,15000,1440p
1.9647804701252851,1.3240618621965408,10202.505504820465,8000,1080p
1.0894486675439619,1.5174855309287083,12871.223224452157,8000,1080p
1.3456800872177412,1.543511205214489,11613.779983308967,8000,1080p
0.9304167401583703,0.7790143656270645,19629.00516226578,15000,1440p
1.412219179802478,1.3730700113654903,12047.019069473883,8000,1080p
1.113253464443403,1.57273996920629,12492.37305632824,8000,1080p
1.8654989374336173,1.4147397193150322,10229.265462427946,8000,1080p
1.212795017405503,1.3301545345451955,13195.083628088638,8000,1080p
1.024045502821801,1.0096121916830885,16499.547633147326,15000,1440p
0.8651765772576966,0.6597130921017428,22004.49821008704,15000,1440p
1.3016066369684278,0.8828689364185638,15360.4061353611,15000,1440p
1.2232668083655422,1.3566070194676136,13006.229854342322,8000,1080p
1.229145489003343,1.2495338296543865,13537.221917908531,8000,1080p
0.8394052520707924,0.9773474892777809,18469.454448211036,15000,1440p
0.8875487781744251,0.8135747903144948,19724.86456689672,15000,1440p
0.8559241213162542,1.083360366971549,17302.480478057787,15000,1440p
1.3249250437129299,1.228543691879666,13140.725606813769,8000,1080p
1.8801898309368688,1.3858091356323325,10273.864855275066,8000,1080p
0.8462838678487447,0.8898663014958025,19326.918023841154,15000,1440p
0.9390146145560805,0.7800380560614242,19519.14131167769,15000,1440p
1.7419373750659617,1.4607063254442252,10477.104273152434,8000,1080p
1.8533747119112849,1.3304315909565358,10539.093402062734,8000,1080p
1.1581274142512736,1.1591670611716531,14480.003450522196,8000,1080p
0.8331415056322903,1.120973566239031,17171.16483210338,15000,1440p
1.046137171591061,0.7682847129435937,18493.180823050814,15000,1440p
1.5881594024476584,1.0669601964718112,12637.634859708523,8000,1080p
1.227645184224398,1.3878916712905254,12828.8890019843,8000,1080p
0.6869161380999367,0.8840860192197266,21358.6161188017,15000,1440p
1.4197905031653109,1.1600533358845795,13006.381042178697,8000,1080p
1.378644063206657,1.8887754627986653,10269.398139094472,8000,1080p
1.1730432110820226,1.4654859849500228,12717.097104879818,8000,1080p
1.3188498430088722,1.836514242092322,10634.092008093541,8000,1080p
1.3607782704134797,1.2069819652072493,13067.587672136597,8000,1080p
1.2086814940659556,1.5131439221696228,12327.914861786936,8000,1080p
1.3139846176289307,1.3358609549987808,12662.787728692374,8000,1080p
0.7467517255433671,1.101331742261286,18156.340113717626,15000,1440p
1.226676506344548,1.6480249092015096,11672.319016695597,8000,1080p
0.8314615381827929,1.1814587363082132,16669.52855769943,15000,1440p
1.6989789251401766,1.8674495336793353,9408.413034901174,8000,1080p
1.5134862110818932,1.7565672339268055,10261.126481347384,8000,1080p
1.315052533082243,0.9220379821837086,14999.139181460861,8000,1080p
1.7894542467837595,1.4925333920666477,10223.81425292425,8000,1080p
1.4612633869178173,1.6768902110529755,10692.412258500386,8000,1080p
0.9818822156841103,1.3600867287426355,14327.445323239872,8000,1080p
0.6759578092793538,0.796410373447299,22789.430248255663,15000,1440p
0.9477846503163684,0.8432414756452206,18734.752951738697,15000,1440p
0.9140890678878122,0.7804383440546887,19801.646030343814,15000,1440p
0.8720664885149011,0.6724912578885404,21724.297507252613,15000,1440p
1.2604093829542284,0.8506229902171487,15894.79745854944,15000,1440p
1.1106992517579264,1.0863459917518177,15272.526635089835,15000,1440p
1.5833412681133823,1.7001723232459607,10219.0629234182,8000,1080p
1.7511409353735676,1.3315622790071997,10884.742924154696,8000,1080p
1.2808980850657936,0.9841166289573553,14814.222526793292,8000,1080p
1.0516956899084935,0.8084935258182031,18038.182200132644,15000,1440p
1.5800143879476793,2.0759752881654157,9177.934013116184,8000,1080p
1.3308237016617173,1.6758859117775833,11159.851237385681,8000,1080p
2.1063850115102185,1.7267451716528224,8753.794000367448,8000,1080p
0.8507801541961256,1.0034220799607199,18096.425180534894,15000,1440p
0.98489317078419,1.1561619337406484,15671.914248767873,15000,1440p
0.671357003405354,0.7451233432435886,23688.596936330145,15000,1440p
0.8617415690808761,0.7685465893458159,20581.902546836674,15000,1440p
0.650827673992647,0.7432133862703308,24069.902211969387,15000,1440p
1.0576772303317097,1.1067482485458462,15502.696825302995,15000,1440p
1.2283141916693,1.0831003197947322,14516.838859312553,8000,1080p
1.1620399269050894,0.8169903807494285,16954.986424522027,15000,1440p
1.0241793467783318,1.316045354597845,14338.124018718463,8000,1080p
0.9911396694552801,1.1891279675408941,15390.051859059393,15000,1440p
0.902923006632164,1.0898713219441656,16837.880115792777,15000,1440p
1.3598675431414446,1.811322122225513,10581.02338262925,8000,1080p
2.1193315567231124,1.4395830913650034,9428.276684866767,8000,1080p
1.7617267618681818,2.0824280147655,8728.689126659865,8000,1080p
0.859327785944605,1.1322421506719365,16848.231831117762,15000,1440p
1.3683954773559337,1.1521698957143236,13312.264128713283,8000,1080p
0.9600838651624315,1.1893966341331352,15610.48449194889,15000,1440p
0.8715587767741465,1.117088084920037,16872.996732770363,15000,1440p
0.8695366170266573,1.270202658546847,15681.551665217045,15000,1440p
0.8713355739033706,0.8953171659785821,18993.224442196886,15000,1440p
1.5839972935068023,1.17804276516265,12148.423370863078,8000,1080p
1.2350597793259768,1.0237841177779208,14854.69272268912,8000,1080p
1.391106945619091,0.9669680983079492,14229.586156053729,8000,1080p
0.8549501624462196,0.9913123765446455,18174.247319311515,15000,1440p
1.3407501858284718,1.0532214239741007,14016.219683894742,8000,1080p
1.2796502945942627,1.1810069583625638,13636.36969743739,8000,1080p
1.498309226983104,1.2212358206998843,12338.25195452742,8000,1080p
0.8576243146150334,1.0247431540740202,17825.65442621492,15000,1440p
1.10190445211487,1.138703359432413,14975.59359878716,8000,1080p
0.9930936887790949,1.027179904053652,16608.855413959707,15000,1440p
1.146616957002271,1.5536040359777115,12426.550303562042,8000,1080p
1.1078952978094034,1.4000354699658812,13379.32945803173,8000,1080p
1.4050651769064542,1.9146741658688213,10107.550182523897,8000,1080p
0.9356848829157454,1.2358356847273566,15452.044295587259,15000,1440p
1.1061202270517971,1.1333456711006105,14983.229719051717,8000,1080p
1.0669150254012043,1.5233155236003155,12954.226029391299,8000,1080p
0.9039758329609338,1.326522723958598,15043.467253500905,15000,1440p
1.3338820559473537,1.7341149445664696,10936.91812422905,8000,1080p
1.2755335216565702,0.983489368605305,14853.515714535426,8000,1080p
1.2720150455258221,1.8767407687859567,10656.409699185888,8000,1080p
0.796925264447277,1.1149802303718044,17550.256584818893,15000,1440p
1.0759352312085637,1.2030634944156802,14723.321967110383,8000,1080p
1.0602345787748715,1.0548186115900582,15864.580688966287,15000,1440p
1.029104151815258,1.2490397870302896,14728.846333126674,8000,1080p
1.5292850699722622,1.5579059151134766,10868.92005130292,8000,1080p
1.0844266002566731,0.7521977768803405,18269.621386766998,15000,1440p
1.6702770081507454,2.1708514609295015,8735.566193659377,8000,1080p
1.308089872072705,0.9966066238243045,14559.154344069197,8000,1080p
1.073573381617656,1.1710135486165056,14949.045433717956,8000,1080p
1.394121991347188,1.1816479745431643,13026.95211309424,8000,1080p
0.6509971641019859,0.9036055665480319,21583.927094975617,15000,1440p
0.7915869439459504,1.0729322697137444,17996.291888105065,15000,1440p
0.9836802632621471,0.743839217616292,19423.475319038174,15000,1440p
1.6626147861875984,1.3576254380837096,11109.8553453958,8000,1080p
1.1577741824123755,1.6478435912255194,11959.730336499742,8000,1080p
1.1360671388333292,0.8081570032603222,17258.520390486807,15000,1440p
1.2717036681388914,1.5557763991334017,11867.256780476759,8000,1080p
0.9016899550353228,0.841250219021191,19251.625786962908,15000,1440p
0.7319729098681736,0.5844329621709855,25489.4274727163,15000,1440p
1.3131468766196892,1.161814596837518,13557.557303358228,8000,1080p
0.8476271025070962,0.9755113295326011,18404.76368130743,15000,1440p
1.1945595799108002,0.9881906565727263,15372.547641574034,15000,1440p
1.0955439874339616,1.5924708880436198,12482.978537846953,8000,1080p
1.5498816883551438,1.100292259186739,12661.218721557036,8000,1080p
1.0391811527882022,0.7899263167322208,18344.70229832788,15000,1440p
0.9703997744838152,1.0364417097250813,16720.021119768346,15000,1440p
1.2962222268076105,1.0642101827344266,14215.375057703988,8000,1080p
0.7618125391377568,0.7002606208668485,22949.899442716196,15000,1440p
1.0911550687995826,0.7510882653486344,18213.89790264286,15000,1440p
1.0602384340337265,0.9881789389864506,16380.661696169615,15000,1440p
1.1202926930851904,0.8075915272718845,17404.796224632817,15000,1440p
0.8466073075561169,1.129460565036898,16980.404603192885,15000,1440p
1.0854171699969144,1.1037352078850096,15327.590869880425,15000,1440p
1.1481286770235493,1.124527548935671,14764.411624040358,8000,1080p
1.1948172983996708,1.4786594677336886,12550.859773705706,8000,1080p
0.587102931374841,0.7852293559582513,24450.661337428457,15000,1440p
1.2143723471553451,1.1978875816191568,13909.95704888512,8000,1080p
1.5149026631066425,1.2868112750442295,11976.394714353275,8000,1080p
1.5453954422566065,1.1227710917092066,12575.83871653115,8000,1080p
0.8182492005547028,1.0433201107535903,18024.809388600344,15000,1440p
1.1680491802083124,1.6059418049363676,12096.085452220725,8000,1080p
1.516227420721894,1.3609672872713685,11662.204127784937,8000,1080p
1.3424354953189497,1.9820129122021706,10093.232887623579,8000,1080p
1.5748583759634345,1.214147985391838,12030.962878010349,8000,1080p
1.6886123080778415,1.1861298593182776,11672.153551910675,8000,1080p
0.8161147141879586,0.9782390753338268,18700.008992620467,15000,1440p
1.249158802130667,1.0683031823223332,14478.956817891443,8000,1080p
0.9853597383039668,1.2582449027725278,14955.590385969423,8000,1080p
1.5314498631588005,1.540814148906027,10921.728037769943,8000,1080p
1.6072422331096052,1.920802475397525,9510.772898963161,8000,1080p
0.9468709751903602,1.149386915848865,16006.82441956858,15000,1440p
1.5356998788084686,1.0349339386801673,13052.980075077667,8000,1080p
1.0603153297906338,1.3422919588127054,13965.841258854061,8000,1080p
1.6389566065352086,1.9968750716971782,9228.818869940917,8000,1080p
1.0560422721092277,1.3225363249908981,14106.925893013713,8000,1080p
0.8646734821339953,0.5988981402000254,22926.40243084879,15000,1440p
1.135327832507105,1.296605839354432,13797.428930006785,8000,1080p
1.6550054081406294,1.5233154424313824,10557.282784700956,8000,1080p
1.1981280719550198,1.0627656480195768,14841.224823419394,8000,1080p
1.6183150490413638,1.7704281099019035,9901.73360038991,8000,1080p
0.9079193058193562,0.655821812066721,21457.792224175904,15000,1440p
1.301140380886828,1.467747781326909,12118.377498198808,8000,1080p
1.4148478379307239,2.1014144019448358,9542.642075861637,8000,1080p
1.8985269414988761,1.3718684814959268,10260.053498140345,8000,1080p
1.080599431602319,1.230564049074843,14518.415629416522,8000,1080p
1.1872073408668053,1.2998062238905486,13491.857252203505,8000,1080p
1.6017318019635087,1.154035471978972,12176.076084972174,8000,1080p
1.581870022875384,1.9868664775432097,9402.32824588317,8000,1080p
0.744715800255444,1.0044985500308736,19182.573018857118,15000,1440p
0.9175689202272016,1.1300901676012498,16386.727751436676,15000,1440p
1.3506649999266171,1.6781833091771863,11078.280777266235,8000,1080p
1.609719928453411,1.9637717009478812,9389.816873762134,8000,1080p
0.9786783236608021,0.7453805743745638,19462.462702542594,15000,1440p
1.1236298303197272,0.8660523898991841,16864.21663671912,15000,1440p
1.3449712579430866,1.2223173453418879,13069.988297017104,8000,1080p
1.2041646161772117,0.817313587526096,16598.95809835048,15000,1440p
1.4035231827849668,1.4412152902888387,11795.26073050352,8000,1080p
0.8811131902464674,0.6993030390512197,21231.389160633385,15000,1440p
1.0522963751764927,1.1583632000161153,15178.470885584682,15000,1440p
1.127233088708228,1.2167992430726964,14314.833266188936,8000,1080p
1.1176323694289105,0.9995049153369133,15848.963712200386,15000,1440p
0.8494303311109647,0.7576856914926812,20878.661856434832,15000,1440p
1.0597868319440609,0.7396040531050283,18647.66142743054,15000,1440p
1.9501284420457483,1.7239492000714245,9132.749840491773,8000,1080p
1.0672715934902575,1.234476477028837,14577.803900334211,8000,1080p
1.2731058477774102,1.3377312545013922,12851.982213180925,8000,1080p
1.6041088874007483,1.7561720490229866,9985.603178676829,8000,1080p
1.6758349224816587,1.3957440780777493,10924.163758734168,8000,1080p
0.9674820094728969,0.8329960943112338,18636.40103674542,15000,1440p
1.1267290969357902,1.6521373125207237,12074.863291669542,8000,1080p
0.78729796351058,1.0083989843559804,18686.02162512193,15000,1440p
1.25949177448144,1.2787528179138614,13219.542395768569,8000,1080p
1.5017320538006735,1.013789695899632,13338.955230260923,8000,1080p
0.69578691059132,0.7413328903375921,23348.388894448046,15000,1440p
0.7474999913640075,0.8878331294671529,20518.40788434953,15000,1440p
1.6953995555547554,1.1392794472933276,11837.11875887425,8000,1080p
0.8443774412706161,1.2450538551151773,16059.121952485819,15000,1440p
1.1793859357163445,0.9900522448618474,15466.876309449472,15000,1440p
0.9996581453200702,1.284177341762455,14692.140563444851,8000,1080p
0.803834163951764,1.1564160972515003,17117.422537366845,15000,1440p
1.582626736984484,2.138595391860796,9017.04623862703,8000,1080p
1.2922859483220261,1.003001611382382,14618.835822175244,8000,1080p
0.9550217595044446,1.3619797220965655,14481.834503107195,8000,1080p
1.4189581589873608,0.9617146882853842,14094.516194629321,8000,1080p
1.2147468103957997,1.6660502560176806,11647.620858547463,8000,1080p
1.4617368361310124,1.5507902215326876,11138.300621944425,8000,1080p
0.9865619858541931,0.7266245638555827,19585.976790259254,15000,1440p
1.2035080534622642,0.9788577346963052,15375.255689062313,15000,1440p
1.585596815931791,1.1245330529874373,12381.11589588921,8000,1080p
0.9118789849946236,1.2824168062458627,15291.663108477685,15000,1440p
1.1319352839840338,1.2329888004401746,14188.375948722916,8000,1080p
1.4310550666795379,1.2730666150884098,12408.625035712965,8000,1080p
0.7744959837841503,0.5245324607948356,25830.405900676767,15000,1440p
0.8995589612206154,1.2921290600456667,15309.857823931254,15000,1440p
1.0832374852685627,1.0290037776542134,15885.700459032627,15000,1440p
1.538947795780834,1.136062561850514,12543.664327980985,8000,1080p
1.3738797149254711,0.9499982812713121,14438.98176019334,8000,1080p
0.9657428497114672,1.2894278541335886,14878.887856599878,8000,1080p
1.1921124762491984,1.5058696297591772,12436.862322131294,8000,1080p
1.2485404601968666,1.0149412837434868,14824.255636180742,8000,1080p
1.205808958127231,1.5206522980860755,12306.953536762396,8000,1080p
1.3413947673844904,1.6865534043173405,11081.574088218635,8000,1080p
0.8606069606197555,1.2640312652590677,15793.009648087611,15000,1440p
1.3356217195587698,1.9839795684422172,10107.970532872629,8000,1080p
1.3441722536714393,0.9268405951779495,14775.095621762066,8000,1080p
1.0017222762717743,0.7603973643655701,19042.08501294704,15000,1440p
0.7653699579814,0.7665740342261573,21903.171506712522,15000,1440p
0.9091488803134322,1.2509225608988268,15533.94547967767,15000,1440p
1.1398531253693676,0.8641488322871667,16743.7121864084,15000,1440p
1.3089191861929799,1.0855569206921325,14013.266577819291,8000,1080p
1.5006461410879566,1.2904191772212088,12022.087688125966,8000,1080p
0.8264788554407065,1.1579167666385721,16909.14433929318,15000,1440p
1.399375160887804,1.2718759488378928,12561.317009034621,8000,1080p
1.2060999358159066,1.4420635575024319,12670.830968202003,8000,1080p
1.1566457899108349,1.6334687707403333,12026.184327058216,8000,1080p
0.8236503760719838,0.7818193334442454,20900.071674420346,15000,1440p
1.324167957588663,0.9818041844875347,14551.100331068632,8000,1080p
2.215393969690257,1.6163931545736911,8756.862245171176,8000,1080p
1.1560101028797032,0.8564152883725118,16673.62782533818,15000,1440p
0.710777736754294,1.0346966770809536,19223.674511660385,15000,1440p
1.0364882756446465,0.946544275197831,16920.767127975098,15000,1440p
1.371475846351011,1.1138391881529104,13501.077945515906,8000,1080p
1.5971982823918665,1.5155935389226007,10779.529736052398,8000,1080p
1.5318407473650928,1.3311098791705294,11720.227267978873,8000,1080p
1.0670793220977055,1.444241859460428,13361.26666967439,8000,1080p
1.1718129992482473,0.8608194107996154,16507.87020522313,15000,1440p
1.595298234851629,1.08359149179338,12525.499525515348,8000,1080p
1.0127759697881764,1.4298074874258626,13737.271453672867,8000,1080p
0.7029059708170233,0.9324864791586525,20517.66351281558,15000,1440p
1.0847574586811077,1.3646862149428591,13698.797143743262,8000,1080p
0.9033993911058964,1.0697402341047157,17005.604454585122,15000,1440p
1.0961310307348422,0.8735281839622238,17035.65355348066,15000,1440p
1.855566976827185,1.8819856696166748,8977.64798896566,8000,1080p
1.344382050109645,1.5869213967552385,11446.932263490995,8000,1080p
1.1279925146353105,0.8784973248405776,16722.951365038905,15000,1440p
1.5848993820178032,1.1396450802041498,12315.61182621894,8000,1080p
0.9756684955120605,0.9888861266211562,17079.91807505196,15000,1440p
0.7332396034334074,0.7634797245535727,22418.653499403386,15000,1440p
1.3674641142419102,1.00691893822201,14131.852889187465,8000,1080p
1.2529005196763936,0.964601284473215,15131.636843410737,15000,1440p
0.8117116206499189,0.609362000000766,23612.02932233448,15000,1440p
0.7637774828658341,0.858434733531777,20684.36648474583,15000,1440p
1.288574408432857,1.0115619678829892,14588.018495557426,8000,1080p
1.1253166436079658,1.1574670659476034,14698.909870235866,8000,1080p
1.2913588138991314,1.095707083108592,14056.768203199475,8000,1080p
1.344027248500795,1.389738033815281,12274.072034294151,8000,1080p
1.3776440440478663,2.053496561420211,9779.38121991433,8000,1080p
1.4955012871083395,1.3888156309175324,11633.40678352566,8000,1080p
1.106396610287154,0.7902486202392811,17691.4646239279,15000,1440p
1.8126063698965245,2.417491594832141,7932.306126189754,4000,720p
1.0578457661387353,1.4609997980003062,13321.353431792922,8000,1080p
1.2784534897287096,1.728513437529284,11158.89626049122,8000,1080p
1.2749754452420667,1.4105974753329162,12494.329140322123,8000,1080p
1.693663762524386,1.1507871024557337,11796.45337281455,8000,1080p
1.1082329862288993,1.453134981549246,13100.199745648704,8000,1080p
1.787825917367291,1.9501192855820821,8976.70516237754,8000,1080p
1.5547971463644037,2.0932594859460396,9197.892297726965,8000,1080p
0.934100755399099,0.8941876130764126,18352.921004457745,15000,1440p
0.7695294287987973,1.1109410142257894,17843.63701352858,15000,1440p
0.9427668173801919,0.8898237128831087,18309.835964927206,15000,1440p
1.7565845444762238,1.3204154598769007,10904.917761628058,8000,1080p
0.9762924445664528,1.1094895366035367,16087.219231406976,15000,1440p
1.009321786911548,0.6915796426935243,19727.440647628187,15000,1440p
1.0883608431985674,1.5113013990313882,12907.227506299992,8000,1080p
1.5677421998615635,1.7128605649882223,10228.130134962077,8000,1080p
1.0909888649123325,1.4906744897523334,12997.214349954784,8000,1080p
0.9960474181852697,0.9306196270511944,17415.791733688882,15000,1440p
0.907253591545504,1.1497157127151096,16312.5584472741,15000,1440p
1.057219941898253,0.7919051334139242,18146.11269296383,15000,1440p
1.7189069494096165,1.1671793069688456,11626.27483008945,8000,1080p
1.1349050027973935,1.3422092442528288,13545.77490317898,8000,1080p
1.2025190839987672,1.4422328674712372,12687.175438645503,8000,1080p
1.208628532631401,1.2452147359280985,13674.236015773633,8000,1080p
1.1978019690173052,1.6672916946349399,11711.460754559374,8000,1080p
0.9861905847674298,1.1548276472992205,15672.184149319959,15000,1440p
1.4242929405481675,2.0811937946159116,9571.975173493116,8000,1080p
1.0882903785668874,1.002256090406696,16050.555439925025,15000,1440p
0.8912726646900163,0.7550369132541149,20381.605288296934,15000,1440p
0.9239823525429446,0.9396608475903651,18004.751122746988,15000,1440p
0.9872691527836102,1.0717781037390588,16296.096116155644,15000,1440p
1.2894574820325888,1.630155507274328,11492.767062926874,8000,1080p
1.688565714709991,1.5104634467996825,10488.942209006036,8000,1080p
0.9880704066046286,1.2044975227053998,15303.71376478134,15000,1440p
0.788045203773224,0.7915436029603042,21242.510618562854,15000,1440p
1.2496395539474028,0.861338281175628,15895.208107689297,15000,1440p
1.2437027150386275,1.7735242285024932,11120.950670226805,8000,1080p
0.9042350460428696,1.2184514131702937,15807.530996564583,15000,1440p
0.8613179968652015,0.6971783173318341,21530.00407786516,15000,1440p
1.2769289891252462,1.0855720077604138,14202.928186795581,8000,1080p
0.7159863312819148,0.9112113995118434,20620.99237542073,15000,1440p
1.2791389190512943,1.140991757307447,13864.719094625514,8000,1080p
0.7911212330251431,0.733594805764223,22007.004023281886,15000,1440p
1.361916008210427,1.225740593875119,12967.111622522283,8000,1080p
1.486284424902071,1.2604323535019646,12216.19653828911,8000,1080p
0.9971939390052552,0.9920908889534433,16867.58554049388,15000,1440p
1.6259975590870812,1.5438392623205497,10585.539221889494,8000,1080p
1.4237451091979534,1.805191362717008,10391.790700081543,8000,1080p
1.5531128358015032,1.0407295197496484,12936.187863610623,8000,1080p
0.7391584634713414,0.6729140489371063,23762.54172866035,15000,1440p
1.460704655541373,1.9020592870955304,9978.229983543946,8000,1080p
1.2290821308469007,0.9761612979622896,15215.749681711584,15000,1440p
1.0817822361365683,1.120124989762289,15238.803708590625,15000,1440p
1.6007999176249579,1.173751563985556,12093.641881362037,8000,1080p
1.9008733506007276,2.5530498222370266,7533.680015998404,4000,720p
0.7876330309929661,0.603438627661189,24121.282172094216,15000,1440p
1.020749306164449,1.3572141043411923,14110.57539899872,8000,1080p
1.2835632509236472,1.1701794484778683,13674.79646834371,8000,1080p
0.9800138030962585,0.9000199451085104,17847.781739046382,15000,1440p
0.7924465735850134,0.9987275857087606,18733.204599841858,15000,1440p
1.4107317032556317,1.95051360093363,9982.738230434923,8000,1080p
1.5128212460580488,2.112216618274956,9256.298349361907,8000,1080p
1.4191182750632605,1.4002756338479048,11901.292648021128,8000,1080p
1.8577848874161464,1.2776267831414314,10701.762806806462,8000,1080p
1.4257591983293074,0.9812298383897402,13940.417462697647,8000,1080p
1.16404894906797,1.6498312204450556,11924.612982295896,8000,1080p
0.9041707085251826,1.0753717912492662,16950.59944599483,15000,1440p
1.1853358993357703,1.1261459460263465,14516.415981083928,8000,1080p
1.8674328979276156,2.7725455887169943,7231.592149959474,4000,720p
0.8883829037114824,0.6612035057202538,21653.798585072174,15000,1440p
1.804999007492862,1.5614035922073124,9967.444774130254,8000,1080p
0.8294022872975527,0.9197067887424509,19183.72756716093,15000,1440p
1.205904561059664,0.8978878487943955,15949.497603866572,15000,1440p
0.8406077892507618,1.0869089535707075,17408.114417145625,15000,1440p
1.3657028947692962,1.2260037635403571,12946.847936056414,8000,1080p
1.237809746389907,1.3328677372261504,13052.758354113126,8000,1080p
1.0748290846695356,1.0993553182519307,15433.11227645304,15000,1440p
1.1055568175243193,0.7524644427087863,18059.229309243907,15000,1440p
1.3630203761985507,1.252478633203728,12829.074635233073,8000,1080p
1.0932393779738516,1.377173711380739,13582.5187069286,8000,1080p
0.8989745534594034,1.149309648104133,16381.72670295781,15000,1440p
1.6510557836670694,1.3432211492778574,11206.188589576648,8000,1080p
1.2479603615500812,1.1320951502551166,14098.172010513323,8000,1080p
1.0767054654937422,1.2948110040501901,14148.934840183872,8000,1080p
0.8575449512912584,1.0696332004097062,17411.17289565794,15000,1440p
0.982045827132013,0.8044023448026448,18782.762650013952,15000,1440p
1.5751798836858937,1.0709204405988997,12680.710437186211,8000,1080p
1.8519620164215642,1.2842987059367112,10698.865614325945,8000,1080p
0.8569084607516075,1.099940358591936,17147.17645446743,15000,1440p
0.9078388515014004,0.7492190987527978,20249.401654813966,15000,1440p
1.4196816714095675,1.2037734785843004,12790.1679584949,8000,1080p
0.9909900707327111,1.0035315491455419,16823.29821125137,15000,1440p
1.0948722388926928,1.274222011631263,14163.401051933246,8000,1080p
0.9783693789136889,1.0685457452362817,16392.683606719776,15000,1440p
0.8830094939013753,1.0836485657206665,17061.650262907722,15000,1440p
0.93789311125969,1.0880442066977791,16562.423576771496,15000,1440p
1.881172754857872,1.3266496132597405,10460.190169348476,8000,1080p
0.9818010870447819,0.694454380579825,20017.49294667442,15000,1440p
1.0726728078757144,0.9273126149328876,16777.33828323565,15000,1440p
1.271924844419796,1.0412504215575031,14505.78885808011,8000,1080p
1.172784463433973,1.0953785100086115,14793.660064502144,8000,1080p
1.056617109998328,0.9017852434714426,17133.57418129652,15000,1440p
0.9850688194273949,0.6799320180331923,20152.801875569196,15000,1440p
0.9586736239869214,1.398734874478658,14233.609500364635,8000,1080p
1.4794802337766726,1.2850391203522136,12137.52833738911,8000,1080p
0.6887798952245895,0.8616884220273863,21641.481884306617,15000,1440p
0.9746754487671937,1.2057568482191519,15388.889646505786,15000,1440p
1.2411179273717106,1.194340660431981,13777.4594764346,8000,1080p
1.3214141894044011,1.7325614540079062,10987.131502629973,8000,1080p
1.2750534367662207,1.2577164510232657,13248.117075999015,8000,1080p
1.2748868043092323,1.7501457397059872,11092.254880492017,8000,1080p
0.9801785166192865,1.022860035685314,16751.76544225466,15000,1440p
0.6780034603761338,0.8645826253705644,21752.06447798197,15000,1440p
1.797933280242722,1.3507530784781903,10656.644764590266,8000,1080p
1.5269365454368646,1.6898854020980192,10430.926096395682,8000,1080p
0.835655465160878,1.0597348324227678,17703.178096235457,15000,1440p
0.8938036677404393,1.2745953665915255,15474.288389146683,15000,1440p
1.0013421943936305,0.7940511991204764,18689.180945644577,15000,1440p
0.8795106008726861,0.6107552605806787,22515.73552606004,15000,1440p
1.4641893170385138,1.0320776339965114,13441.844425367788,8000,1080p
1.7478566127851336,1.2386755801741376,11235.248720607913,8000,1080p
1.409922905743518,1.4018774157933491,11933.433445821607,8000,1080p
1.1282032865695444,0.9784048445702835,15928.179286882661,15000,1440p
1.1630734264904907,1.112779420545659,14743.673802855066,8000,1080p
1.4154202604479775,1.0299648940303103,13721.532552265244,8000,1080p
0.8946273922700282,0.9165978201534174,18525.8198537904,15000,1440p
0.9319018934481365,1.2191895768475838,15598.793665146708,15000,1440p
0.7301229694779932,0.7539855441226724,22609.14999981505,15000,1440p
1.0058194051330456,1.0757289213379084,16119.938976813479,15000,1440p
0.8364947680063363,0.858458083441101,19796.67574313088,15000,1440p
1.0870729414806781,1.0004290185761955,16073.964308558452,15000,1440p
1.062541546253484,0.7977836960290361,18036.863252379728,15000,1440p
1.3883106736277306,1.2262938025271004,12833.46383975707,8000,1080p
1.3223266786267127,1.325215059023776,12673.806619485913,8000,1080p
1.0162903940765025,0.7019108556614531,19528.813638750067,15000,1440p
1.5133909389755287,1.3146188000445767,11865.034104029106,8000,1080p
0.6436252488236324,0.9509674388382231,21042.635062625755,15000,1440p
1.2453127847766718,1.6615370452502143,11543.228567706798,8000,1080p
1.1923494759363529,1.0240905276524812,15138.885756288937,15000,1440p
1.1850351715265477,1.170844603056035,14242.845650281626,8000,1080p
1.0273701180229649,0.8447383922226559,17923.337144382545,15000,1440p
1.673503841488119,2.2177594769678595,8623.017579112104,8000,1080p
1.6020399735723405,2.0543570214550435,9176.911600582009,8000,1080p
1.2969454726020122,1.0345507356217607,14391.802088995508,8000,1080p
1.0796342255431508,0.7314814104209355,18526.940706432822,15000,1440p
1.6404494978520787,1.5650367250601749,10467.813513019897,8000,1080p
0.9195476331970028,0.8887539881939573,18555.77167164716,15000,1440p
2.372354494871648,2.6000400597183253,6748.143501409437,4000,720p
1.1434071463585287,1.2454652690122625,14046.138162967492,8000,1080p
1.7821782333011966,1.2691759853061484,10996.570570333335,8000,1080p
0.8097703448468994,1.0675380955502631,17873.691545807593,15000,1440p
2.1338770808909393,1.684488526192912,8787.642528978799,8000,1080p
1.8130222012411699,1.288159502563967,10819.88583862366,8000,1080p
1.629985076278343,1.2474004982220477,11661.43053519206,8000,1080p
1.3702021017562802,1.4622308532806976,11846.505295148969,8000,1080p
1.2227302894762921,1.2309525958996854,13675.129822189087,8000,1080p
2.0008162843553734,1.351014143436232,10010.7785053159,8000,1080p
1.2429499230971202,0.8540082908172046,16001.478607132098,15000,1440p
0.9783607792983585,1.1018767307783581,16130.09660553739,15000,1440p
0.8531097331707769,1.0050445293657937,18057.936672165622,15000,1440p
1.3928373817661326,1.7587979638555167,10646.673336309314,8000,1080p
1.3606666418568405,0.9234321755718551,14690.44672847106,8000,1080p
0.9212873675765807,1.139833013124694,16279.705112897605,15000,1440p
1.0710686606919642,1.2713689453772496,14324.578769168096,8000,1080p
1.522817550819068,1.1807068733837243,12411.36632597445,8000,1080p
1.84166950054152,1.482556892914009,10093.90698120299,8000,1080p
2.5152570554309097,2.2889008403535627,6984.4565328386,4000,720p
0.9680034697393225,0.6739161633340554,20436.098895530075,15000,1440p
1.072633801499836,0.8982015287207865,17025.48735831917,15000,1440p
1.1239685360614955,1.319704049981661,13731.148841969869,8000,1080p
1.0682668705016136,1.4383134112396883,13386.537923568918,8000,1080p
0.6168812606316266,0.8844050304783097,22350.455205444137,15000,1440p
0.8857057422626523,0.8499317646377508,19332.626695722513,15000,1440p
0.9264087319721457,1.2764183422049669,15232.44034601971,15000,1440p
0.8841308807038082,0.7879072730496017,20067.982255474635,15000,1440p
2.057544629755554,1.4076599678213677,9683.246993110672,8000,1080p
0.6552840979526587,0.8214419977489543,22722.177184833876,15000,1440p
1.0466396581839772,1.027324704960056,16178.885518135445,15000,1440p
1.1660828711615414,1.5661571932989053,12280.923787209822,8000,1080p
1.2814641303243404,1.0886446032393726,14157.33865912021,8000,1080p
1.7639383182473056,1.3102965849063601,10914.726121149235,8000,1080p
0.8016695906058731,1.1177230690922932,17481.79656229205,15000,1440p
0.9190566472951918,1.361151895140723,14715.510171782038,8000,1080p
1.319429625300046,1.2943836349366293,12837.348601162776,8000,1080p
0.9157771092779533,0.8808438281776673,18676.411534822633,15000,1440p
1.6047316419754067,1.46104899753042,10944.824808277424,8000,1080p
1.4314377992527643,1.1582688124730858,12956.846867544746,8000,1080p
1.292044010597115,1.1079729502491995,13980.914529940552,8000,1080p
1.8567968813902427,1.8050754911431999,9163.189916634255,8000,1080p
0.666888262286955,0.8551743705553734,22045.368748945515,15000,1440p
1.3434537465042327,1.8750460348171305,10425.488357878385,8000,1080p
1.7141342812350218,1.797867959411114,9554.217139060447,8000,1080p
0.9560264272746595,1.2590743962333584,15148.038249049274,15000,1440p
1.1811877022225352,1.2484460183698713,13810.489916899316,8000,1080p
0.7451438749903376,0.935900226070661,19960.470982779076,15000,1440p
1.0364533159863327,1.0741430471608762,15898.08102860815,15000,1440p
1.0520689172050504,1.3357295278068455,14052.45575483773,8000,1080p
2.073437444342218,1.9838637839785478,8270.135765563431,8000,1080p
1.0856486329477597,1.0539102463547423,15682.873850584927,15000,1440p
1.4604012477375592,1.1925901077561385,12647.772835941196,8000,1080p
1.0520922340433687,1.1354655935822642,15338.763426619837,15000,1440p
1.448816890385943,1.0996678854956499,13166.424346558073,8000,1080p
1.3574108876327908,1.7422230436168735,10825.288645124627,8000,1080p
2.421357425785944,2.3051611241772134,7099.185509440464,4000,720p
1.5080812134530253,1.0691976222709347,13019.325474177702,8000,1080p
0.9178740422327389,1.3332204955894587,14905.829780237462,8000,1080p
1.436749316849729,1.4686433308118332,11549.018005193433,8000,1080p
1.6687511337421286,1.267948970236911,11425.896690825155,8000,1080p
1.276348967135118,1.8431445229385524,10756.371861897225,8000,1080p
1.3304787108556115,1.8384988701864953,10588.409397634725,8000,1080p
1.6110587315297784,1.5485572567204802,10619.781683843761,8000,1080p
1.0152105700409482,1.3794520222470246,14012.175288519677,8000,1080p
1.0556869651549476,1.341283894127312,13998.681656917355,8000,1080p
1.8663895218811222,1.3601693020859371,10399.44840018282,8000,1080p
0.7535606791441993,0.9746815928901476,19415.351969433337,15000,1440p
0.9996704008266526,1.0288938682468765,16540.975561659052,15000,1440p
1.1636374880219618,1.1581113215364953,14452.22319566141,8000,1080p
1.3259134361090639,1.2814065539219293,12869.318736593255,8000,1080p
1.013707271635364,1.4545288024810186,13594.498659133462,8000,1080p
1.7031855581588455,1.18279942419872,11626.682815441864,8000,1080p
1.9815836938932436,1.895083917914192,8655.483358387739,8000,1080p
1.4804508707922945,1.0191987096716506,13423.6543642938,8000,1080p
0.9972285280307756,0.9266754574348723,17440.803830903613,15000,1440p
1.1950064796367397,1.3155420052201203,13365.37900080154,8000,1080p
1.1605223813334886,1.5947042881743236,12178.46515909128,8000,1080p
0.95361093224706,0.8371820552731334,18737.191977987703,15000,1440p
2.6956879867560217,1.9595289309806714,7207.920187812373,4000,720p
1.2308831297693932,0.9503142322704157,15383.491922354342,15000,1440p
0.9683965005306385,0.7622849508035077,19387.9884563006,15000,1440p
1.2057691483729718,0.8715597640489094,16152.681358909178,15000,1440p
1.1936135457650918,1.198902866460755,14024.744753488676,8000,1080p
1.0596823952483396,0.8654804407705796,17429.399410902737,15000,1440p
0.6602582178712814,0.8691949934021647,21938.841772127224,15000,1440p
1.188999686352022,0.8529655459539083,16432.420821439737,15000,1440p
1.1698486141214206,1.6599904309837294,11857.36413455741,8000,1080p
0.8551837228518139,1.1221789694453919,16969.285468321475,15000,1440p
1.4501532743784045,0.988346022915348,13760.279544570189,8000,1080p
0.8193811508304464,0.7470292056009352,21421.227114741625,15000,1440p
1.0537387558520486,0.8742459531856377,17403.889067537264,15000,1440p
1.102717391020228,1.266235199106907,14164.248005570778,8000,1080p
1.4437450836423686,1.3674585049373482,11935.96655052381,8000,1080p
2.0093885674120804,1.7661647658219461,8887.28857427059,8000,1080p
1.4810687308721524,1.2204372027827397,12420.639755769073,8000,1080p
1.4372265984379375,1.3162541591514814,12186.187213225994,8000,1080p
1.1254525903031398,0.8057852087641599,17374.572937732097,15000,1440p
1.4707610897251147,1.1902912596739672,12609.459564963932,8000,1080p
1.559946446834077,1.0560339618164059,12826.713796878115,8000,1080p
1.4390968364145351,1.6035074397675326,11028.19458405051,8000,1080p
2.259449764137293,2.4916422825138964,7062.4672539549865,4000,720p
1.0202170318539663,1.194048716376643,15153.751091897126,15000,1440p
0.7710651602406625,1.0437173952014311,18489.50547787578,15000,1440p
0.881753629780427,0.9822557150703318,18001.214474966335,15000,1440p
1.0273408002422326,0.9237481043875282,17197.797558265185,15000,1440p
1.2573450622957227,0.8493526438480345,15927.502034176661,15000,1440p
1.021948115379281,1.1483501359487944,15460.74691783351,15000,1440p
1.5477824653947987,1.1046241379612398,12650.56117623302,8000,1080p
0.931735902787539,1.0717163663949627,16748.306169376177,15000,1440p
1.4109935412167764,2.1023919334166257,9550.455605359151,8000,1080p
1.5273007525495017,1.2672156758537083,12007.240916158451,8000,1080p
1.651835152972092,1.2909761148064463,11402.169200381471,8000,1080p
0.9671700968844381,0.8353487606240733,18615.30150446238,15000,1440p
0.88625460453874,0.6840044511165733,21368.723765134913,15000,1440p
0.8150577831726118,1.2191904212498679,16494.75807674416,15000,1440p
1.2134742902700943,1.0024122989624709,15142.666670328561,15000,1440p
0.9494088106661122,1.3802066137097349,14403.421117882554,8000,1080p
0.6462574399732767,0.9211019560492205,21408.256514205612,15000,1440p
1.2604483373851685,0.8951437245332032,15566.225443481264,15000,1440p
0.9832065625096927,0.729390242832001,19592.721354694626,15000,1440p
1.3385671595829083,1.951232789313026,10199.535692515576,8000,1080p
1.3311751025416954,1.2370274107346952,13065.337264697579,8000,1080p
1.4065264570348215,1.2971563853159611,12410.639101006864,8000,1080p
1.3330752718777004,1.771988571948988,10806.358158049155,8000,1080p
0.8555475947810459,0.7130697542535199,21391.088158403763,15000,1440p
0.636423180957117,0.8096439416896621,23203.924267764512,15000,1440p
1.469023952502845,1.4237066869363595,11599.57015787166,8000,1080p
1.4892896951376353,1.3675169275776438,11745.433426679707,8000,1080p
0.8526257989797569,0.6952165644089,21678.19720771825,15000,1440p
1.5837638897607824,1.2603018458929276,11798.050790231646,8000,1080p
1.3409262742283603,1.0349461953247696,14122.993733881325,8000,1080p
1.8667020940329488,1.5512565611047517,9817.097099627783,8000,1080p
1.6932369994476264,1.6129382367972152,10149.01800489897,8000,1080p
1.5848840415604866,1.6690373044514593,10311.998487955098,8000,1080p
1.0250365935275523,1.4892257147105143,13345.636964789932,8000,1080p
0.6752123219982785,0.9641411275687289,20468.0888120024,15000,1440p
1.1877974902383794,1.4561575310292856,12690.99955562484,8000,1080p
1.1941505689110208,1.7492580483590843,11399.855189362193,8000,1080p
0.9833555293868593,1.263569108126247,14933.49240103487,8000,1080p
1.0630914574000974,1.033833748311559,16001.730490245249,15000,1440p
1.0920073290420365,0.8580290305208051,17207.080183634225,15000,1440p
0.9293563019120472,1.012847290135697,17276.475101470798,15000,1440p
1.8766228533304379,1.3090844617606299,10532.804391994436,8000,1080p
1.0922040083823863,1.0461800353940516,15691.49007525424,15000,1440p
1.7424123649808094,1.4589884361042667,10481.171863462749,8000,1080p
1.0888370538029088,0.9028731695560592,16847.045120555398,15000,1440p
1.7712738660665095,2.002153124772194,8892.296599739433,8000,1080p
0.9905431884857007,1.1985089844279253,15328.292498090208,15000,1440p
0.7288378305946422,0.7844230140883185,22173.594273517265,15000,1440p
1.2028719584052552,1.5948179713530881,11993.620752281986,8000,1080p
1.1790791430238732,0.8324843340299208,16680.772137076674,15000,1440p
1.0631062970461314,1.0793400589830868,15661.73729651245,15000,1440p
1.4676578723961706,1.1431639419555777,12852.057469242254,8000,1080p
1.5960041259145517,1.689983577449912,10211.36870525846,8000,1080p
1.0991648993466143,1.4353239684443169,13239.131734378518,8000,1080p
1.5822804434008,1.331068021784255,11517.479766317152,8000,1080p
1.124867825921133,1.4852663976821951,12855.443101955738,8000,1080p
0.8891272901403098,1.2745162820768088,15508.299255415837,15000,1440p
1.291513779601199,0.9666666707409244,14859.056987636382,8000,1080p
0.8276266922934303,0.7621821399135065,21105.95394882823,15000,1440p
1.0122065419819637,0.9314573099186432,17263.495417270264,15000,1440p
0.996586977893853,1.3380089163026196,14372.693828260524,8000,1080p
1.3162274155667713,0.8990010210129369,15147.165613225752,15000,1440p
0.7734741299178842,1.049903767216446,18402.346574857056,15000,1440p
1.2823855862832458,0.947705117057329,15046.218501219246,15000,1440p
1.3747369505698608,1.0627968515010815,13765.72992402894,8000,1080p
0.8533482353778042,1.1615072735501188,16653.517759124003,15000,1440p
0.9960655650936395,0.9561290431597712,17188.056896653598,15000,1440p
1.3497856405258106,1.376186231662227,12309.162960315905,8000,1080p
1.3554352246900385,1.5703916275031102,11468.358756379648,8000,1080p
1.1156203509098597,1.3770842313020597,13461.054406304831,8000,1080p
1.2877305857774632,1.13987847919635,13822.008034214501,8000,1080p
0.8176261859203818,1.1415707424285544,17126.6254629529,15000,1440p
0.9582892205843588,0.822108051069221,18846.598191445017,15000,1440p
0.9947756429470366,1.4020250360265365,13999.675606888446,8000,1080p
1.2843958897558114,0.9981286624545993,14700.578781290955,8000,1080p
1.8788154070297298,1.9505961424797666,8762.294563063595,8000,1080p
1.2907471211089632,1.3213908840199224,12845.581640065142,8000,1080p
1.289553434914119,1.4299556260914674,12338.415223956878,8000,1080p
0.8714558104406992,1.0264716671522676,17679.512202729253,15000,1440p
1.0818980631169455,1.1984947460006594,14714.321087946179,8000,1080p
1.1808416237940498,1.2892680451136531,13584.187140499704,8000,1080p
1.1394838659882969,1.6112941172084647,12198.160740331865,8000,1080p
1.2195687649962925,1.47608408943771,12447.608728552445,8000,1080p
0.9164939844464014,1.2710564590117768,15338.815203253393,15000,1440p
1.470113675025736,1.4781949427917118,11380.908971747818,8000,1080p
1.474147575649915,1.976120039994344,9725.167939975716,8000,1080p
1.6436077346327223,1.5703301722116374,10440.286331774774,8000,1080p
1.4290350243652292,1.2595728532282227,12480.22527927511,8000,1080p
1.0970078514005248,1.3425802412774415,13754.138291094412,8000,1080p
0.995421417179447,1.0488872980727093,16413.583599021742,15000,1440p
0.8885976487033078,1.1628697082478463,16356.308028155936,15000,1440p
0.7840873601404745,0.5953652792725628,24324.45380239915,15000,1440p
1.704417646826813,1.2442568682420017,11379.49672930141,8000,1080p
1.262775311789655,1.7876450762398375,10999.936969892684,8000,1080p
1.4692031163460337,0.990870755501472,13639.603421665039,8000,1080p
1.9818395070642678,1.713978821334798,9079.026353152733,8000,1080p
1.2579301239373892,0.9450497247774692,15231.383990904176,15000,1440p
0.7953324203638237,0.8859307205045448,19957.870475093634,15000,1440p
0.7741806459675127,0.7816107636792635,21567.436220526586,15000,1440p
0.9930307160317771,0.8108035495793495,18601.726688361796,15000,1440p
1.0358214881745582,1.146301625236758,15376.965577136622,15000,1440p
1.4565376986129135,1.925057783184988,9922.662891115537,8000,1080p
1.292231573551682,1.8503617735966744,10677.30638151063,8000,1080p
0.8992514471475876,0.9965382482752523,17699.448457291022,15000,1440p
1.386351190599265,0.9951703245644119,14089.49353862708,8000,1080p
1.0495961778358631,0.8630866199154255,17543.124264749713,15000,1440p
1.3347764108741225,1.6265859605509552,11330.74166261281,8000,1080p
1.0679743951985712,0.8140006359839793,17829.371508141565,15000,1440p
0.811459011599967,0.9196163266859382,19383.576935031197,15000,1440p
1.6025643737167696,1.3744107277671707,11271.317648331704,8000,1080p
1.4262954752254322,1.1217610983155646,13168.636971576301,8000,1080p
1.016243179485891,0.7945283334820403,18530.461606943918,15000,1440p
0.9613971101199522,1.0864729579756789,16385.03952118562,15000,1440p
1.3677311290959553,1.9034832239827595,10257.48495155022,8000,1080p
1.2592427674323003,0.9818243718526811,14972.524210365973,8000,1080p
0.8122303373674465,1.0106622731860173,18407.245608292997,15000,1440p
0.8990572877105756,0.693267631436836,21072.603710784264,15000,1440p
0.8942849024092372,0.7847100429747587,19984.832052204845,15000,1440p
1.8967717610804233,1.374090145722361,10258.590229753516,8000,1080p
1.088704287686207,0.7519434929270974,18229.686501357504,15000,1440p
0.7298066269068059,1.0389139848497146,18971.018812675575,15000,1440p
0.8960967889092448,0.8432282629614509,19291.63957243714,15000,1440p
2.132591409162861,1.4794047949713143,9289.719618640427,8000,1080p
1.8185679781276503,1.4186564903389707,10365.185462685495,8000,1080p
0.8679687660910289,0.950735134232344,18449.639874876768,15000,1440p
0.8354658908199178,1.0215383024839038,18069.120210387275,15000,1440p
1.494766501568795,1.7317171926377577,10399.690554844601,8000,1080p
1.3228153495406842,1.2880816160410284,12851.687539697305,8000,1080p
1.6021319390889495,1.3932047183519598,11202.223935878883,8000,1080p
0.9115437761491175,0.9572624096805179,17955.009061094202,15000,1440p
1.3651495884650497,0.9203981406662285,14681.133792272114,8000,1080p
0.9635841078623528,1.0790177487191155,16427.29927610917,15000,1440p
1.4576303561404107,1.0112474407525658,13590.965110637491,8000,1080p
0.93439514172935,0.7615561573747073,19785.020960051297,15000,1440p
1.2286573535296503,1.0241194467243024,14894.698842875801,8000,1080p
0.9709012265029406,1.068715951551052,16451.33820260056,15000,1440p
1.4578346667868969,1.1096036686031154,13069.226059874518,8000,1080p
1.243949973343143,1.0305758853243512,14752.275456502171,8000,1080p
0.6676892362341399,0.7325572890015964,23963.231756173074,15000,1440p
1.6329213756801368,1.1613095687658315,12008.467684711391,8000,1080p
1.1945846685240864,1.354341790162071,13164.142843609388,8000,1080p
1.2536128194853497,0.9385041922465898,15306.861732480897,15000,1440p
1.2584474194200035,1.1635970829892117,13853.763614427111,8000,1080p
1.6020674724060122,1.6806882523032833,10221.422126366533,8000,1080p
0.7147635651642812,0.8789029632726788,21054.8639889611,15000,1440p
1.3183771196134275,0.9010609715479907,15118.435667850134,15000,1440p
1.5288324418950665,1.405655331109399,11434.510754715262,8000,1080p
1.879464228633104,1.5027645342496365,9920.804993509928,8000,1080p
0.9080248232048267,1.255701994973005,15507.702598176254,15000,1440p
1.2771717568602063,1.3121033690982042,12959.006041345241,8000,1080p
1.5594865028568043,1.4670773149911205,11086.642813254566,8000,1080p
1.4241487181587482,1.313432309512066,12256.963962286349,8000,1080p
1.02191352586733,0.9415741867259095,17089.198870352804,15000,1440p
1.1793599569110977,1.1047705656247668,14690.2428162238,8000,1080p
1.7186575138403295,1.9413181178316952,9167.938635884026,8000,1080p
2.2748235335316997,1.914853474641435,8008.8350329972245,8000,1080p
1.54961661434049,1.350211081605127,11571.181297052237,8000,1080p
0.9288838608680228,0.9864765083986806,17518.599913835707,15000,1440p
1.2549591900500567,0.8467308448552144,15965.45229920757,15000,1440p
1.0355361756747818,1.241626860201583,14735.19088065058,8000,1080p
1.4414608367641522,0.9791395315933695,13862.028791959608,8000,1080p
1.9379514429641973,1.2952178724919041,10378.185837529049,8000,1080p
1.5771385373755777,1.0650662233428048,12699.406381690482,8000,1080p
1.2938728862055278,1.7857220977518502,10895.728878244074,8000,1080p
1.5174242696606721,1.4043765316014647,11484.161406727459,8000,1080p
0.9725929010428092,1.3540359863111389,14421.90982084862,8000,1080p
0.9785652125932388,1.1601141169141247,15689.323563869266,15000,1440p
1.3305494977853727,1.3014727831458999,12748.536455446585,8000,1080p
1.059575965991706,0.7363082281969988,18684.073343135748,15000,1440p
0.9396274255072419,0.8301163475224433,18960.050890619612,15000,1440p
0.8909993952412798,1.3225812326110533,15158.441295429695,15000,1440p
1.6445860172333493,1.809056195144537,9715.66535750015,8000,1080p
0.7767287504812926,1.1116093891447765,17769.292107103494,15000,1440p
0.882974610853787,1.070606807067084,17175.855427469625,15000,1440p
1.0534914438706953,1.2171645056272105,14777.417955996221,8000,1080p
1.2303436186546755,1.2651427424339863,13446.049044067628,8000,1080p
0.9617761955091163,0.9669827446594909,17396.902900196932,15000,1440p
1.1793147934400334,1.729660962717884,11534.792591161924,8000,1080p
0.7089684599715882,1.0077956874090483,19545.16119829033,15000,1440p
0.941342892563922,0.9889051617001117,17383.48184103916,15000,1440p
1.1274432244940182,1.508598542605457,12729.097246786443,8000,1080p
1.2763746145758925,1.1652487709401607,13742.673091619348,8000,1080p
1.0670650491178442,0.9923754922819603,16292.984101979951,15000,1440p
2.3553099898713574,2.64097245771349,6715.8797269797815,4000,720p
1.1611408163388381,1.5615948815310732,12323.793317967209,8000,1080p
1.496458480713355,1.7128802323731263,10455.24794973419,8000,1080p
1.3347034063336392,0.9427895831065489,14733.056108439545,8000,1080p
1.463461183817822,1.2652830594114568,12296.657000104438,8000,1080p
0.8901628312702192,1.2038718112111246,16023.818956614488,15000,1440p
1.3534823980680692,1.305680973445869,12618.41688985679,8000,1080p
1.551881212055461,1.9655123763273945,9539.572742391581,8000,1080p
0.8674365093076839,0.6847043474054455,21618.161686083116,15000,1440p
1.1283353574885846,1.6351766966395738,12141.952465840015,8000,1080p
1.1453800147246374,0.8604508710377607,16728.445173605083,15000,1440p
1.474753196415074,1.2325082280949584,12394.23414976364,8000,1080p
1.2437197362847148,0.9499412150352151,15296.088477032075,15000,1440p
1.4470299412623513,1.5294369158876675,11273.242273602378,8000,1080p
1.7760159368457025,1.2516795691874973,11082.498861968474,8000,1080p
1.990258382941445,2.051682601957736,8301.5640568134,8000,1080p
0.8530282447767537,1.1869054527034288,16448.785586241327,15000,1440p
1.2191837995025603,1.5302730811778096,12204.021905481475,8000,1080p
0.7672969961179636,0.8790966266413993,20380.564851655963,15000,1440p
1.242600701750108,0.931509544231915,15433.638685992124,15000,1440p
2.433723573494536,1.8481057158846834,7836.471221127251,4000,720p
1.9431907669647568,1.3702237942307767,10126.843888768635,8000,1080p
1.64723637545076,1.5091426006395847,10630.672759569026,8000,1080p
1.662961154409861,1.138628526482632,11976.925896339922,8000,1080p
0.6020948768883164,0.8688593660486829,22811.336356053554,15000,1440p
0.8448564923175408,0.5900229784426505,23384.843594021906,15000,1440p
1.5283072247584288,1.5105442442909063,11041.813771338111,8000,1080p
1.2350377903145555,0.8783079622699341,15877.398177257568,15000,1440p
1.1394400423244684,1.138158671368306,14732.372212134189,8000,1080p
1.1393399889931655,1.3239052952029968,13622.042520605051,8000,1080p
1.002760407459041,0.674710911371232,20002.984029198204,15000,1440p
1.5817101970010576,1.2573076169367023,11819.028339755116,8000,1080p
1.7772643358513462,1.3743010987564708,10646.909510915973,8000,1080p
1.2092332499214027,1.5742229153059022,12054.95255114242,8000,1080p
1.5101961802551336,1.0960369207549303,12874.68568601778,8000,1080p
0.7511901094548331,1.1204051464530185,17928.252325967675,15000,1440p
1.2434029202554147,0.8951967364860676,15689.90806401131,15000,1440p
1.1905289191185975,0.9008891274492028,16043.866531163272,15000,1440p
1.3965429394868998,1.0907817561224233,13490.169602396894,8000,1080p
1.7126134607037093,2.0207475699595063,8987.727606413464,8000,1080p
1.03013514540437,1.089678323506714,15828.954996326353,15000,1440p
1.043350862340399,1.1142398310271198,15551.806050678222,15000,1440p
0.9069265091401445,1.276375046526911,15368.665823053583,15000,1440p
2.146765428864116,1.5071825593363486,9183.062295455728,8000,1080p
1.272506630537559,1.722074145662014,11205.051560700922,8000,1080p
1.2215767319500288,1.0546820700898256,14741.04437067104,8000,1080p
1.1806431787400953,1.4146963826397327,12928.725203942326,8000,1080p
0.905534115012666,1.052934059343548,17132.998350116148,15000,1440p
1.056051106157183,0.7125719233698555,18972.06552205365,15000,1440p
0.9379331808412399,1.2167199225670147,15573.008920518678,15000,1440p
1.1044429216370821,0.7994149555485117,17624.441615149517,15000,1440p
2.070057670385711,1.8224337133732247,8620.297051909427,8000,1080p
1.3962337972867627,1.5350022966180779,11447.19528726208,8000,1080p
1.5092744640898021,1.1049870879457564,12835.147261326361,8000,1080p
1.168351896056832,1.2107071839482255,14104.076810033936,8000,1080p
1.883228738365206,2.194481522601082,8228.743547867636,8000,1080p
2.3106026990699973,1.7177638541384153,8329.537929778362,8000,1080p
1.559717331816409,1.3788016722565124,11418.824228630825,8000,1080p
0.5996116248552085,0.7577551395456658,24720.23986443379,15000,1440p
1.4947756388154831,1.6300357419132137,10738.066370001252,8000,1080p
1.0685623504889552,1.3777861392684452,13716.129218910888,8000,1080p
1.3018307394688737,0.9038805889606765,15212.52195040885,15000,1440p
1.0168764957203882,0.8061016251726048,18406.38218058439,15000,1440p
1.0272311675484251,1.4236635104269022,13690.687038301932,8000,1080p
1.2123632905008848,1.140739210714458,14259.655914975923,8000,1080p
1.2489812868875174,1.1109109997621132,14218.628617002541,8000,1080p
1.5926597338193234,2.3649282869969115,8478.505550226411,8000,1080p
0.920263708921921,1.3206874377684197,14973.299194655145,8000,1080p
1.2089446277272113,1.5920709845598324,11979.380569250961,8000,1080p
1.2972562198365662,1.0926942490207026,14039.80226253129,8000,1080p
1.2282613858267701,1.6432779815424092,11685.172204601044,8000,1080p
1.492474639593163,1.3902652390487567,11639.77098613828,8000,1080p
1.0054960365080967,0.9935627599911634,16785.11510454836,15000,1440p
1.4255633736314741,1.3346424958545704,12156.496140720075,8000,1080p
0.8521278758979676,1.083628469258877,17334.016279451356,15000,1440p
0.7485195581518682,0.8278735666221393,21285.573676179523,15000,1440p
1.1259416979538168,1.667365333791938,12012.439598889789,8000,1080p
1.5062162234591834,1.456251312086613,11326.514669744061,8000,1080p
0.7992862284424793,1.0595567303963642,18051.246255337417,15000,1440p
1.1006270964258607,1.1615249010051831,14832.96968466542,8000,1080p
1.152057291634074,1.143685519629553,14615.936870354788,8000,1080p
0.904234751454251,0.6492355778459351,21599.660686867282,15000,1440p
1.646515712944996,1.1764050471288148,11886.423620024905,8000,1080p
1.2525478760341227,1.1114166141362805,14194.13537704252,8000,1080p
1.128806057830652,1.1578649278285023,14673.92213853084,8000,1080p
1.1052615471589227,1.5585244276276309,12596.519509300548,8000,1080p
1.2541293310646566,1.061191615450541,14492.3458885918,8000,1080p
0.8116999323046963,1.0295141580965355,18224.079521729014,15000,1440p
1.270478053674984,0.9782057155983515,14921.810019931416,8000,1080p
1.0817158083574185,1.2163330048311092,14601.270350495055,8000,1080p
1.2768111557544848,1.697753173212385,11280.452627378269,8000,1080p
1.0195570466590957,0.9060813635502614,17425.094878717096,15000,1440p
1.317603061321032,0.9136238416714118,15038.556569481107,15000,1440p
1.02884444240932,1.2102045881294272,14986.019306565307,8000,1080p
0.9871216628734075,0.8695087036906713,18072.758371445023,15000,1440p
1.4449238717535247,1.8947532067416573,10047.2085208667,8000,1080p
1.1800957901136238,1.157151135964251,14356.391541525125,8000,1080p
1.1109204754319133,1.5162852759977177,12771.908702522018,8000,1080p
1.4275858370151633,1.0925991749473563,13314.273293717622,8000,1080p
1.593786442684354,1.3450693515485874,11417.515641919377,8000,1080p
0.830363163115058,1.1942005168553522,16573.660948264373,15000,1440p
1.4600239585723749,1.9989547690172738,9700.676021035273,8000,1080p
1.0005248277193362,1.1547838144594227,15568.27237795534,15000,1440p
1.2071676036346084,1.7167561987735398,11475.822992502239,8000,1080p
2.51053329764249,2.29082917332851,6988.52298756235,4000,720p
0.8949712204038001,1.2319294694503449,15776.210031837942,15000,1440p
0.8726732160613169,0.6526011088234649,21998.94894482976,15000,1440p
1.3170695833371584,1.1619319781865574,13535.462228339946,8000,1080p
0.8356289439077341,0.6257825096383781,22960.290832934304,15000,1440p
0.9789389564223647,1.3741924661367761,14259.480655571706,8000,1080p
0.6843749940218335,0.9422569374534226,20628.165075776036,15000,1440p
1.62316741898777,1.7545325531314548,9934.106722613196,8000,1080p
1.1424984843220218,1.6796879155694113,11889.51658235289,8000,1080p
1.2644807277694172,1.5220308886397544,12041.734117455359,8000,1080p
2.3370115520633052,1.6635364616311645,8387.4588894167,8000,1080p
1.8240328466722548,1.4480068726881834,10254.897518957576,8000,1080p
1.231829450758079,1.6731524142455572,11550.651108783428,8000,1080p
1.3978528595763127,1.0693323812434183,13600.288881775014,8000,1080p
1.0987648350937924,1.4665058032147695,13080.269776963754,8000,1080p
1.3396564102214605,1.8289766931293419,10589.560515705172,8000,1080p
1.5535075315857256,1.1639049418989502,12347.934782595388,8000,1080p
1.3161809908768358,1.544786166534704,11728.352740112674,8000,1080p
1.2073296733976928,1.0734151048933445,14712.050343985593,8000,1080p
1.9535179760656611,1.3065711138725724,10292.4892769221,8000,1080p
0.7902766540846033,0.9956155984618791,18788.60942039204,15000,1440p
1.008634657870401,0.7736394352564071,18826.75180512351,15000,1440p
1.1828052058184062,0.9408280422221236,15800.483454928282,15000,1440p
1.3392187276991043,1.9247325559678794,10280.310299944878,8000,1080p
1.171376719602896,1.1865141029235806,14230.697909942444,8000,1080p
1.1686351114035558,1.2889676082352608,13653.318224245517,8000,1080p
1.4553709846581981,1.533524340280297,11226.365714460233,8000,1080p
0.9722392656850543,1.0690632011509067,16437.756062681736,15000,1440p
1.1140101001849971,0.8302966215579122,17257.787377251487,15000,1440p
1.2918640161244794,1.1678229835824872,13641.748728190818,8000,1080p
0.6676484465970363,0.9726795007612095,20455.92898300583,15000,1440p
1.6325763138945861,1.1178053790180953,12199.918319142651,8000,1080p
0.9873543745865686,1.3040957843867353,14643.31740692725,8000,1080p
1.3492509126038197,1.284322510342776,12741.027725916729,8000,1080p
1.57112094540381,2.190504711196888,8920.194368921451,8000,1080p
0.7025272612505883,0.6897207754221689,24100.90092868046,15000,1440p
0.9696461396391867,0.8167091546803122,18783.739218452818,15000,1440p
1.0751072075789538,1.307459803006424,14083.310920919677,8000,1080p
0.9325500017571904,0.8394751032579264,18935.64143365438,15000,1440p
1.8851441230957666,1.5124332558392262,9875.987581044585,8000,1080p
0.9798680986345131,1.4517354655510242,13799.30203023823,8000,1080p
1.6627764231761404,1.4124236185867738,10911.300580226422,8000,1080p
0.9810292094861994,1.3002211485113095,14708.789801332556,8000,1080p
1.16257153138201,1.716713117654386,11653.739067177534,8000,1080p
1.0932097236899234,1.1199572138888625,15161.27474627318,15000,1440p
1.045421170955454,0.7002869799961302,19221.100607057087,15000,1440p
1.2842602075819403,1.4447757981221945,12295.342358937629,8000,1080p
0.8064881544619557,0.9716843585190048,18870.17809298421,15000,1440p
0.7967962691790867,1.029434392574069,18373.60017150748,15000,1440p
0.7596778422809821,0.9262064773421602,19903.163941580915,15000,1440p
1.2223205481263102,1.1085911142823852,14395.411263816766,8000,1080p
1.3384374346205223,1.592001395554744,11450.309644577412,8000,1080p
1.2349298348052968,1.4681809431242698,12413.265587916763,8000,1080p
0.9640267154013432,1.118901038172344,16109.263483781677,15000,1440p
1.1599387437366933,1.064385247480583,15085.226852063539,15000,1440p
1.1255712490288672,1.31454686736785,13751.150722797503,8000,1080p
0.8816433619564042,0.9380245963559412,18439.865276915752,15000,1440p
1.4100486441813227,1.9996385840287916,9840.912011631668,8000,1080p
0.8901388063511047,0.9535465302984234,18199.652257894195,15000,1440p
1.3243131198677485,1.2202589939810917,13186.669702689862,8000,1080p
0.7098217860794155,0.7461355005315534,23046.302462694242,15000,1440p
1.1763181441989685,0.9082488801690678,16096.595411784594,15000,1440p
0.6576117579730919,0.8013349173486896,22999.080478797707,15000,1440p
1.6530843434266558,1.2039151217655713,11744.640630425307,8000,1080p
1.2624523342284473,1.579524865193676,11806.721041542076,8000,1080p
1.6298433121944098,1.9184012887768225,9456.628776611233,8000,1080p
0.8620748666382384,0.7287148987507036,21092.939324886887,15000,1440p
1.645802438860763,1.3274411097635554,11285.463653162622,8000,1080p
1.416453948007842,1.8913350345475852,10144.06667927093,8000,1080p
0.6613489653968472,0.9303870929119782,21080.399495159163,15000,1440p
1.302262629135597,1.2300270384601963,13250.629432081225,8000,1080p
1.1412345423707735,0.7845520321522188,17423.754243541378,15000,1440p
1.6493453756516734,1.3641869786446044,11134.584950502598,8000,1080p
1.4647092024710149,1.0310480945118814,13444.58935993645,8000,1080p
0.9885461246232068,1.3248541678052463,14504.37786742769,8000,1080p
1.6833946328945617,1.2400053029655316,11477.879433601325,8000,1080p
0.9006237379876942,0.9915613500164941,17733.16585820474,15000,1440p
1.511311239595187,1.6374871779727653,10656.265517916687,8000,1080p
1.453790765393495,1.5431838129005282,11196.101642977663,8000,1080p
0.7218738161498092,0.9643208749341591,19899.50044168955,15000,1440p
1.5767299887615722,1.0599457362224725,12726.036684015457,8000,1080p
1.5500292218042164,1.1333845170618828,12504.382575822516,8000,1080p
1.075873107992979,1.04719963567694,15804.654880547427,15000,1440p
1.665147587487631,1.4399599369601732,10806.206141272722,8000,1080p
0.6376830029176119,0.9394261028101001,21275.910384473536,15000,1440p
1.0018480783965558,1.2266516085060735,15056.960607715853,15000,1440p
1.1790857413520577,0.9934076713046114,15445.124852630699,15000,1440p
1.3903291101251358,1.3614949981226612,12193.523524788627,8000,1080p
1.303610911229649,1.112159398936341,13889.744343159196,8000,1080p
1.4345654435962532,1.1671564071881013,12897.009720652564,8000,1080p
0.8537815964510682,1.050675017417424,17618.900717218978,15000,1440p
1.0437613131899288,1.0607790195554536,15943.829385406974,15000,1440p
0.8944604313611741,1.1393713593987338,16498.13526981154,15000,1440p
0.7218170005724828,0.6247157508495403,24919.135434741125,15000,1440p
0.6032860658098573,0.837510898859023,23288.79975653709,15000,1440p
1.0104810451872115,0.7421427095583388,19145.256880802408,15000,1440p
0.7763508711471448,0.5263925243842399,25756.746965747046,15000,1440p
0.6981603093589585,0.8920427480862579,21100.72159835221,15000,1440p
1.59744408421362,1.3853820314583145,11249.20820013716,8000,1080p
0.7309069991240055,1.0577887792773009,18759.160951333015,15000,1440p
1.2836035849814142,1.3462888278495373,12758.861098762698,8000,1080p
1.5999267754919722,1.918491056882736,9536.79568448324,8000,1080p
0.8877052691797743,0.6028266086086808,22511.71712596021,15000,1440p
0.7420763002974775,0.8018679640054325,21732.929598433275,15000,1440p
1.33939191162091,1.1817618924253124,13309.157079646702,8000,1080p
0.6991615394143893,0.8258994590495923,22002.02617062237,15000,1440p
0.9221867129309412,0.7830298453569199,19677.519454590943,15000,1440p
1.2174483310133464,1.6018059483590605,11901.882084743891,8000,1080p
0.841573084707766,0.9090346780731062,19167.304471847066,15000,1440p
1.053458598023393,1.5116996575081871,13080.842839868563,8000,1080p
1.0009207908062283,0.9350116363372045,17332.43967069206,15000,1440p
1.021336771625808,1.316953920185107,14349.983138329735,8000,1080p
1.1041473015300662,1.3963601408729909,13419.049042202914,8000,1080p
1.8623736553751997,1.608416666480747,9667.66323759291,8000,1080p
1.0450284718558136,0.8210678023403399,17981.08300411994,15000,1440p
1.4000205828619017,1.2458469236856626,12681.826250545399,8000,1080p
0.542657288950499,0.8053209939937875,24892.412900532494,15000,1440p
1.3460772612535197,2.012665418508149,9990.176443758106,8000,1080p
1.0081300559841397,0.9060546074492979,17529.359962488696,15000,1440p
1.0134604360265385,0.947553786269578,17110.75402640972,15000,1440p
1.1322336280030323,1.2585806748214974,14034.72948959628,8000,1080p
1.258474518912816,0.8535709391603672,15887.173200624042,15000,1440p
1.3852491660590531,1.962521801794392,10022.917434377161,8000,1080p
2.0011746061524347,2.0778616673975217,8226.068548980522,8000,1080p
1.1827968895234087,1.3832865594475627,13076.126582498986,8000,1080p
1.2303191957967485,0.8830283498449967,15877.384706172768,15000,1440p
1.5726097853212508,1.3241397788118643,11583.477016951427,8000,1080p
1.515939703255341,1.0802111171789703,12924.685166937514,8000,1080p
0.8676959376621706,1.017308155830389,17800.721025401024,15000,1440p
1.5459102409751797,1.2510680700657242,11996.672218567406,8000,1080p
1.5708663058336505,1.8075880048205435,9931.88864333128,8000,1080p
1.0006792693209734,1.0223568290192944,16586.17561373651,15000,1440p
1.3752907745157543,0.9511659024408115,14422.977368267775,8000,1080p
0.9902191048357751,1.1866978062881077,15413.740335489774,15000,1440p
1.877687558041813,1.6440033627103627,9527.932108486488,8000,1080p
1.3843784685608571,1.3740056433712868,12164.524822649297,8000,1080p
1.433256107479241,1.3951005291801886,11863.578858863824,8000,1080p
0.9580642048649737,1.1736647281502344,15740.477825451844,15000,1440p
1.145165919279,1.458250183360449,12888.616601080847,8000,1080p
1.752470639158772,1.490499439343796,10346.821335919836,8000,1080p
0.7411732731700331,0.992214058364624,19357.723106406072,15000,1440p
1.1731631220186083,0.8286600703122136,16761.935883523714,15000,1440p
0.777915634101577,0.9224214299953296,19733.98845941268,15000,1440p
0.7331350381191961,0.7579967335551623,22502.660487424582,15000,1440p
1.3132457344837565,0.9940134784200303,14542.983212436837,8000,1080p
1.6058776576689588,1.1888478033826329,12006.342829600955,8000,1080p
0.9345981326041711,1.2411248103964803,15422.198909996949,15000,1440p
1.0418553854105697,0.8815673839168849,17445.167300235644,15000,1440p
0.8499471639226852,1.1983112880472,16381.932645135419,15000,1440p
0.9058301089083617,0.6610192899921364,21415.224732859508,15000,1440p
1.625135906291284,1.5974122160460378,10412.391289804198,8000,1080p
1.3695711233918824,1.4802032816226978,11774.416929619496,8000,1080p
1.5066005323971388,1.3042303049066566,11937.549408767009,8000,1080p
0.9510126798347112,1.233275545349278,15361.723610066894,15000,1440p
1.1439607593314702,1.4031463560916582,13173.545704781207,8000,1080p
0.9009379411449333,1.1595672829412753,16284.565361818333,15000,1440p
0.9850401298042097,1.20085453807134,15350.43407769105,15000,1440p
0.9023080619391676,0.7860159477910386,19874.40313981082,15000,1440p
1.642888733658474,1.1212653950527205,12139.132059052357,8000,1080p
1.187109498429017,1.6908815213345016,11658.97731076212,8000,1080p
1.650075831223596,1.1267671087499065,12083.66217511754,8000,1080p
1.6840206337318513,1.3099815965152741,11207.216768582837,8000,1080p
1.2488777451039288,0.9320264382888148,15385.559923041066,15000,1440p
1.5734111183849753,1.226408971163313,11984.495762873656,8000,1080p
1.409293688660296,1.6060428440117047,11127.922749725778,8000,1080p
1.1607585996021483,0.9682268534152976,15760.761517859482,15000,1440p
0.9847178887919733,1.0778084321404977,16268.607900640025,15000,1440p
1.103715878339559,1.3920898137257214,13444.328661753187,8000,1080p
1.1953476919592039,1.5767230664451473,12104.464468762144,8000,1080p
0.9390573996010733,1.0229706111934092,17101.912824584415,15000,1440p
1.47104178811339,1.1323746856703145,12888.614763673708,8000,1080p
1.5013953881305284,1.395451177063994,11583.089143607036,8000,1080p
1.1877495044482922,1.6816967716406186,11693.695846341157,8000,1080p
1.7664711904741879,1.3297452530400513,10837.237193248466,8000,1080p
0.9233992570591447,1.0068401862597938,17383.55939007496,15000,1440p
1.806170491451039,1.230333695973168,11050.349325703848,8000,1080p
0.9182837065276892,1.172216101457111,16050.913696254198,15000,1440p
0.8811005530557559,1.1278039404730764,16702.850786628707,15000,1440p
1.556830162730483,1.1095710660843663,12584.16461760863,8000,1080p
1.5506242657829286,1.3747123276352533,11470.280744956086,8000,1080p
0.8803915692546671,0.797781633749238,19994.617921402903,15000,1440p
1.6140904094121058,1.601175022963562,10435.975724469998,8000,1080p
1.4897030503626967,1.9368551827561595,9792.459289232254,8000,1080p
1.294818757086331,1.2880013773920218,12991.393226372276,8000,1080p
0.8711125135897522,0.8976656906262375,18970.401105136294,15000,1440p
0.7636538266090481,0.9336993956073819,19768.67958938099,15000,1440p
1.1201384712958504,1.1040964448012491,15085.830978176757,15000,1440p
1.1243879504578655,1.6279427218001434,12191.279317638087,8000,1080p
1.0932208511695245,1.6047310301336035,12437.001650226985,8000,1080p
1.010522376060416,0.9146680607355457,17429.14953174381,15000,1440p
0.8014329457834458,0.9946642594899816,18681.8574749087,15000,1440p
1.596561961611337,2.093833313604673,9092.36802500403,8000,1080p
1.1111247935718287,1.090080552633909,15243.662776777486,15000,1440p
1.4198066988051594,1.878046609828795,10174.628420297751,8000,1080p
1.6054639486410411,1.1811908971332898,12041.115192605128,8000,1080p
1.2684191171921395,1.811269125155208,10895.398936362699,8000,1080p
0.8476981289905289,1.0140474215708024,18023.10309799482,15000,1440p
1.0513213527361207,1.3012128762111488,14263.100441694827,8000,1080p
1.191502075289833,1.0489350270742797,14976.734657979601,8000,1080p
1.9744148193916236,2.3805957079404108,7704.787804624691,4000,720p
1.0375295983078656,0.8951700454978337,17361.43125370873,15000,1440p
1.8455854124290176,1.7396238114202645,9359.127990855184,8000,1080p
1.2626115259930144,1.7324505196606006,11203.251047401052,8000,1080p
1.1085383327570564,0.7529153072333785,18025.92945595595,15000,1440p
0.866164280778904,0.6411375380058374,22261.25622740453,15000,1440p
1.09347045140504,0.9817466898144374,16169.118562832478,15000,1440p
1.3705369355173707,1.59793575296003,11303.601387422856,8000,1080p
0.9617821176532266,1.2405688063384113,15235.733612872407,15000,1440p
0.8248991070653049,1.0643200234259456,17761.005834868345,15000,1440p
1.2798072997196301,0.9076786647066186,15339.267335048215,15000,1440p
0.9106853594209452,0.7478621439111164,20231.215525987856,15000,1440p
1.5928711926781913,1.6146523813974492,10461.164579178463,8000,1080p
1.016064074131456,0.739071406593842,19117.85863170737,15000,1440p
1.0128797308577637,1.0364449554476065,16373.409359789484,15000,1440p
1.221558758615533,1.0130800835398048,15015.59507827955,15000,1440p
1.0848806023802509,0.8195188068443213,17619.429956483025,15000,1440p
1.1552866379201574,0.8422806973279671,16797.647522521234,15000,1440p
1.4723539672314179,1.4983186981935652,11295.23033302618,8000,1080p
0.6972663398394732,0.9405238376912444,20487.62561916798,15000,1440p
1.1798026879540102,1.4286088608179504,12863.933230090712,8000,1080p
1.446057389838173,1.3572361589553812,11969.646209345692,8000,1080p
1.3529880157699286,1.0579400204528004,13917.64146248459,8000,1080p
0.8838363206249992,0.7978232323013569,19953.165872135018,15000,1440p
1.0553247223435533,1.0249981562648458,16129.43468777584,15000,1440p
1.1080598043933494,0.83156947340374,17299.404780128418,15000,1440p
0.793995086478941,0.7855338005155782,21243.316457381403,15000,1440p
1.285602886333552,0.8593513825003021,15643.425357614973,15000,1440p
1.1259643030731465,1.0283998891692152,15575.097340006843,15000,1440p
1.270474980253307,1.1156996648555206,14062.018498427915,8000,1080p
0.7637629155856644,1.0834198878602235,18165.19292914853,15000,1440p
1.1238714427333578,1.2365876680901824,14215.214254778259,8000,1080p
2.05504150949716,1.4711159558242568,9515.863182514295,8000,1080p
1.0949528742591328,0.8686040058321687,17088.596892818194,15000,1440p
1.1766547612168066,1.0093115021337922,15349.931315302434,15000,1440p
1.1728686906182038,0.954232509911594,15774.722891248703,15000,1440p
0.6873267705598636,0.9995453963722611,19891.508472171114,15000,1440p
1.0808396657094663,1.0906076895196088,15452.565275965533,15000,1440p
1.7051673027575656,1.5065764472942442,10447.41878907952,8000,1080p
0.8811664942028846,1.2799868559898298,15526.16893058879,15000,1440p
1.4370810852524123,1.8364347603766387,10250.27327874506,8000,1080p
0.950697044507344,1.3157662619831396,14804.75413120962,8000,1080p
0.9891438006716229,1.0882154241904753,16152.445661980993,15000,1440p
1.245629345583442,1.2064068629695646,13684.313422027773,8000,1080p
1.2910880907363096,1.607861036081809,11574.688113561098,8000,1080p
1.530566893208046,1.292098769242799,11887.497852248498,8000,1080p
0.7890371496617062,0.9134785510571434,19708.735717287294,15000,1440p
1.1257004421855603,1.197165857878458,14445.270482883685,8000,1080p
0.7733035182040223,0.7162101345846436,22527.106037047346,15000,1440p
1.0450275911152929,1.5215132217116487,13073.796384730444,8000,1080p
1.4780841868575472,1.1547447775038266,12744.630378274138,8000,1080p
1.03330837102621,1.0063109966781565,16451.320541129302,15000,1440p
1.4169228999614873,1.562615866946112,11261.619540807465,8000,1080p
0.7829453611604728,0.9470533796280122,19395.639550989978,15000,1440p
1.4216188756281654,1.2137896898034508,12732.155628592105,8000,1080p
0.5918197268196821,0.8086610494354283,23959.223553017735,15000,1440p
1.7748597254295753,1.4818486949039351,10303.173532668849,8000,1080p
1.1488983056202247,1.0364896246494535,15353.993465068403,15000,1440p
0.9079565945393313,0.8328063517210726,19275.704410002145,15000,1440p
0.881946515341087,0.6545759530724176,21837.905198122964,15000,1440p
1.6940192268163732,1.2364887387780894,11450.039513266902,8000,1080p
1.8227084374719436,1.8749566362792325,9074.491964725183,8000,1080p
1.8028927875074303,2.558040680355862,7694.323301942169,4000,720p
1.1090603111224486,1.1606700798076837,14783.44394298278,8000,1080p
0.9733291605153874,1.236726471300626,15182.618716447494,15000,1440p
1.1941118899144745,1.7855078905325827,11261.313346149673,8000,1080p
1.0945550875755257,0.82501228960452,17480.205383201177,15000,1440p
1.36624284111284,1.265720843373741,12748.820281137538,8000,1080p
1.4558202025866909,1.1992278115912798,12637.975592463545,8000,1080p
1.475580512140803,2.0798486666870772,9437.519442044379,8000,1080p
1.1624562164157446,1.0331077937450308,15282.83021798253,15000,1440p
1.2641881746748682,1.046052738483647,14524.213387825883,8000,1080p
1.1418991916704677,0.8476266061763078,16865.542551051763,15000,1440p
0.8181537342262306,1.0351491586770352,18105.206724970776,15000,1440p
2.036915141874093,2.032644388103782,8245.224514551437,8000,1080p
1.4292000748048326,1.2891596859176404,12343.631805041898,8000,1080p
2.1238124997014696,2.0659841286742067,8008.606377872945,8000,1080p
1.3977040621793198,1.3583703548426642,12174.71915589874,8000,1080p
1.4629779322340755,1.7002644953716255,10607.606836317564,8000,1080p
1.1185327988742555,1.1780113528664107,14610.836884876528,8000,1080p
1.1316889047886816,1.083790731540481,15145.448168323712,15000,1440p
1.184209850069657,0.9196926920101478,15948.662701281732,15000,1440p
1.0178781379619135,1.2872033173769317,14556.72289683469,8000,1080p
1.7463053105983752,1.395849937934203,10678.79507725479,8000,1080p
1.1129563577977646,1.169533981305644,14700.799133800763,8000,1080p
1.552698474943956,1.1368514841112716,12475.853771382199,8000,1080p
0.7944500943512484,0.9575134246696037,19152.471861259477,15000,1440p
1.690816150192849,1.8551305314420163,9462.75706112131,8000,1080p
1.1405977712492077,1.419552509848136,13106.430605947764,8000,1080p
0.8896960744911454,0.6374142151153578,21972.500760666153,15000,1440p
1.1599200615727958,1.645962099840347,11958.603415868607,8000,1080p
0.9609401679718999,0.6491949718209571,20839.5128897794,15000,1440p
1.5583238284459722,1.3728087672168499,11447.59948753266,8000,1080p
1.392875057634128,1.071282415943702,13616.999871067774,8000,1080p
2.660070164236235,1.7798296448543502,7557.47504285978,4000,720p
0.8127508053248876,1.0049508351597303,18459.812794719186,15000,1440p
0.5336468169250377,0.7806841728817069,25529.66662144499,15000,1440p
1.2470401966535096,0.9130188385558542,15534.034696763616,15000,1440p
1.0185277211501989,1.3744735194807154,14021.903302964181,8000,1080p
1.8265697337222147,1.4070047213261225,10376.885538421415,8000,1080p
0.8911561864096803,1.2041160637655883,16014.354219215755,15000,1440p
0.8988986010121316,1.1653812894623643,16254.788003717447,15000,1440p
1.1295606660410107,1.5498888177923449,12522.882854277716,8000,1080p
1.3620651766086136,1.101995631711014,13617.534066816528,8000,1080p
0.9241511368706153,1.2212963071280982,15639.829394963319,15000,1440p
1.417970586279048,1.338965182005329,12170.915400354323,8000,1080p
0.813302577417921,1.1827016804382233,16810.80181464138,15000,1440p
0.7572472205627894,0.7135508833903248,22813.757992898285,15000,1440p
0.9249627216815501,1.002057409240965,17412.60065816573,15000,1440p
1.615986257972096,1.1448824891076588,12153.577396785497,8000,1080p
2.4072554938301787,2.6307997487897286,6660.195330162935,4000,720p
1.7660734500598831,1.3685222354425175,10704.54864568029,8000,1080p
0.955185882214727,1.1843488145373111,15683.051109635171,15000,1440p
0.8852414733221874,1.3225767307679495,15198.004952508354,15000,1440p
1.0785039961925542,1.3372136541457675,13890.047123388238,8000,1080p
1.3971215942672666,1.1146319959943052,13358.966472704702,8000,1080p
1.5003878071313679,1.7045490903676903,10469.607693737707,8000,1080p
1.2646797327240993,1.4170968042314138,12512.016395703375,8000,1080p
1.9539396864731193,2.565480494907061,7424.499305960272,4000,720p
0.9343924858585849,1.2241318637645846,15545.079213888814,15000,1440p
1.7671493483245424,1.3052936001158622,10921.091965933001,8000,1080p
1.5222834229064417,1.028145296422994,13156.388863446535,8000,1080p
1.6615235347082615,1.2655649168645233,11463.415798716473,8000,1080p
1.2358549728024737,1.1041851301986967,14339.255108049409,8000,1080p
1.0054310698965763,0.8908128980154895,17695.208300093596,15000,1440p
1.0946519881148749,1.3066935843871141,13973.179197627629,8000,1080p
1.713723629206812,1.2180274950930003,11445.18432068949,8000,1080p
1.105198754202375,0.9495687231195689,16330.03849356851,15000,1440p
0.8581876236031023,1.2536948018537244,15888.399654986359,15000,1440p
2.472201411371939,1.6802727546534668,8080.587779337604,8000,1080p
1.126786187872461,0.8722638641184763,16785.18852821206,15000,1440p
0.8983949768505187,0.9935979935070526,17734.966527734236,15000,1440p
0.8836749920146141,0.8268774131111694,19616.13797943397,15000,1440p
1.0864292884148112,0.8999573505658269,16892.19577977994,15000,1440p
0.9647347060997995,1.2088951487105324,15437.049654863118,15000,1440p
0.7768748050323045,0.9815312776236432,19082.299777602228,15000,1440p
1.278952195993039,1.100522158074242,14101.615317956575,8000,1080p
1.7411662516628232,1.1938661461721822,11432.388966047209,8000,1080p
1.1484997539910264,0.9622819156201621,15896.685328985643,15000,1440p
0.8786637834069897,0.7596504245680002,20481.07245646998,15000,1440p
0.9720845731563459,0.8057959061257922,18873.277698368343,15000,1440p
1.225524547899748,1.096322950244099,14451.608913515807,8000,1080p
1.1607334562551577,1.0425926788948678,15228.99014571679,15000,1440p
0.977492434106153,1.35854960109226,14363.796324902192,8000,1080p
0.9912286527914731,1.1289934792656109,15825.904037443845,15000,1440p
0.7973050937347441,0.9925594963603905,18746.910903587694,15000,1440p
1.3231439155330107,1.4789941972359126,11974.581783495069,8000,1080p
1.2249368059387238,1.3384339718408627,13089.964312172247,8000,1080p
1.040454410973923,1.4568359903968593,13436.335630642598,8000,1080p
2.7224044311244966,2.3975929847275768,6553.603307711015,4000,720p
1.035976045123809,0.9391735800146521,16988.298796678646,15000,1440p
1.427777351171105,1.1675823634510247,12928.624811025604,8000,1080p
0.7624911608634414,0.9855460718616792,19195.490445984364,15000,1440p
1.9456826642410157,1.5293839573187054,9655.766537488624,8000,1080p
0.7521801024143893,0.7966370683582169,21664.553204340984,15000,1440p
1.2258657325174422,1.1326575158653414,14226.882021624313,8000,1080p
1.3551959114055228,1.1619321935254652,13330.442711385149,8000,1080p
1.0034895447932968,1.3788103667236298,14084.889915742917,8000,1080p
1.1182784786347482,0.8567071091472835,16989.7098022283,15000,1440p
1.037562256845279,0.86480625933404,17638.239759870547,15000,1440p
0.9143662467159228,0.6942611085893637,20859.045999271853,15000,1440p
1.547154653087415,1.8167329063993505,9974.897022158333,8000,1080p
1.973316590879159,1.5323658017597301,9571.440946976953,8000,1080p
1.264795581565332,1.8050532852839656,10930.320499601072,8000,1080p
0.914764058129261,1.0532052482905292,17050.282182014103,15000,1440p
1.1679467964587837,1.247580560073857,13891.14137302323,8000,1080p
1.20305667190336,1.7275857828090728,11449.514063390754,8000,1080p
1.5613513541929585,1.9904562684124805,9447.142290715072,8000,1080p
1.1366934076450874,1.3142332827911842,13690.508219169631,8000,1080p
1.2007471639213207,1.0911587041584,14640.40581566889,8000,1080p
1.157231205866228,0.9197068723502251,16155.720939362087,15000,1440p
1.6784828935605285,1.5070673988421737,10533.323576785084,8000,1080p
1.1598561014640085,1.124628861106842,14687.963610948631,8000,1080p
1.0360043461455173,1.3483027292408747,14073.032935391635,8000,1080p
1.2915835652541046,1.5016826065303719,12012.615317130258,8000,1080p
0.8043158361755709,0.9646598993154907,18968.282790315043,15000,1440p
0.6290040545139146,0.8343655925864624,22929.566747873378,15000,1440p
0.9482928806864422,0.7842619251281452,19367.02486258371,15000,1440p
0.6664132436035075,0.9610327418561921,20617.846797859766,15000,1440p
1.386091214100124,1.2515347980660143,12721.451731681844,8000,1080p
0.8558328838702978,0.7316185648031857,21137.296531518474,15000,1440p
2.186351818737988,1.8591264861278223,8294.305264136872,8000,1080p
0.7463494657572516,0.80612916464164,21613.458209971348,15000,1440p
0.9336837356746864,1.0996524198917133,16502.156767410248,15000,1440p
1.1654164329107846,0.9778276860157633,15655.907651250605,15000,1440p
0.9955603485664555,1.17007732177201,15494.019364169912,15000,1440p
1.2011212987501776,0.8787930176330172,16132.603028738455,15000,1440p
1.1822985899458494,1.6027450043454716,12048.081426365688,8000,1080p
1.1056773154979274,1.0927392978185546,15262.999650180289,15000,1440p
2.156872422597456,2.0035864792652496,8065.079548070318,8000,1080p
0.963200209555692,0.9414213697098082,17617.374687595402,15000,1440p
0.9242168477795875,0.6873607636110269,20820.86010803179,15000,1440p
1.7697859249905676,1.7700681937160827,9479.043733095905,8000,1080p
0.9480472181122579,1.0197508464298988,17051.765933008497,15000,1440p
1.0451123983453026,0.7157249968730377,19055.951498485367,15000,1440p
0.8860969787688933,0.9723522325068812,18055.070752762622,15000,1440p
1.6276225413427232,1.3073962952206548,11432.441789467008,8000,1080p
1.3391189187575951,1.6266838278925924,11313.777370359183,8000,1080p
1.2071648470400618,1.5617628092929792,12118.20464982352,8000,1080p
0.713129457920385,1.0343133750193165,19202.019870116033,15000,1440p
1.1249574223810894,1.207032987973398,14388.75213680633,8000,1080p
1.4942961806478194,1.0506677855794686,13184.639328996805,8000,1080p
0.913229257412142,1.0115776535888261,17432.622362390885,15000,1440p
1.4506933347184843,1.236941770556883,12484.742416907116,8000,1080p
1.2886082444829197,0.9641782117280457,14894.63500079643,8000,1080p
1.2665441141966403,1.6606322916068947,11463.0713521309,8000,1080p
0.8549618021610982,0.5846379584652698,23308.167254348882,15000,1440p
1.037177263407958,1.0126906741244248,16369.070116971829,15000,1440p
1.0592055407025713,0.89866908837851,17138.192354915293,15000,1440p
1.513386054415244,1.5235681124061644,11048.712017646068,8000,1080p
1.8037669091487105,1.3386323147896761,10677.96597720198,8000,1080p
1.1682361919734476,0.928214445517741,16005.352761443699,15000,1440p
1.355448567878723,1.2194031948908692,13031.597579779811,8000,1080p
1.9224816173461265,1.9036627613450094,8769.776746239368,8000,1080p
2.4036269046656504,1.6930277872061565,8190.6908255107555,8000,1080p
0.6941069852069864,0.6338180865561668,25268.317251852233,15000,1440p
0.6644146364598849,0.9872654009629291,20315.334229235097,15000,1440p
1.3502610807084652,1.0740516064249375,13840.802045909353,8000,1080p
1.7263929894126764,1.6129424572225917,10048.236403985595,8000,1080p
1.844904570579058,1.5205902583763355,9970.133280642973,8000,1080p
0.8685965505477795,0.6743085352418192,21747.567176388005,15000,1440p
1.611899893957015,1.3220160323227519,11436.739444182824,8000,1080p
1.5684085256001292,1.1636597065434844,12281.696190901055,8000,1080p
1.1810604067681723,1.4861220727325606,12580.478560387448,8000,1080p
1.0931740223973867,1.1697913793410757,14827.638095669827,8000,1080p
1.2735717549816434,0.9982342074157002,14769.937466222416,8000,1080p
0.9366634865773427,0.8439778973809151,18844.014467085188,15000,1440p
2.232855987076772,1.7462425483687491,8432.671797669636,8000,1080p
1.0451215414398496,1.0618114495242466,15925.72338270999,15000,1440p
0.9689298629269704,0.7989031987691276,18980.543314314495,15000,1440p
1.0882757037921913,1.0141569523636649,15959.812982239258,15000,1440p
0.9427294150807627,0.9805045828123172,17446.87959798921,15000,1440p
1.9357593449827677,1.3054050947001263,10352.58550574585,8000,1080p
1.1440007799939187,1.2286124977781971,14142.394091087452,8000,1080p
0.985613343489444,1.4783802235788701,13617.905683058834,8000,1080p
1.648852497061437,2.4407890017102876,8204.736774623809,8000,1080p
1.545272753382196,1.5323269176284526,10902.79295129412,8000,1080p
0.7269736529602517,0.7269857917881364,23077.969692481132,15000,1440p
1.2445240375657711,1.8345251976288135,10897.660101196623,8000,1080p
1.6689171145093182,1.5871251561938815,10305.281446101537,8000,1080p
1.029684095431922,1.3803386954052326,13922.869164380147,8000,1080p
2.0740690189248885,2.489289498845371,7353.012451100447,4000,720p
0.8610753549329248,1.2709407147156608,15738.357922194595,15000,1440p
1.166466276808584,1.3979191020360748,13084.785257634478,8000,1080p
1.4485676307777078,1.2662969994096198,12359.523059418516,8000,1080p
0.9256466615436101,0.6984381682223284,20660.516855413167,15000,1440p
1.2186693070182963,1.1890375272767466,13936.261475880416,8000,1080p
1.7154818965305665,1.5752301732816723,10196.708581044148,8000,1080p
1.1294266839240859,1.3791102325191362,13376.096552557736,8000,1080p
2.0616653619496703,1.8370120639575145,8606.619202970403,8000,1080p
1.9348689497366658,1.3797519245659469,10123.158355798312,8000,1080p
0.9186008604023643,0.8177613033868802,19324.558378290458,15000,1440p
1.4015641547573332,1.1962909096013146,12916.206319725476,8000,1080p
1.1316406349196109,1.116179949496708,14927.540139380353,8000,1080p
1.1259085085522085,0.9338073935222699,16290.80591464341,15000,1440p
1.2495037713831771,1.0635811051605342,14506.355707162009,8000,1080p
1.0785130858699747,0.9886304790140694,16232.269770717268,15000,1440p
0.9594940233739258,1.1700515676563121,15756.615937847539,15000,1440p
1.184127982761809,1.3836921403519256,13067.282905825954,8000,1080p
1.708863973596842,2.1541621068133416,8686.04852816244,8000,1080p
1.6684932191277355,1.1244927650769474,12013.820402165318,8000,1080p
1.288522189339224,1.081895837883829,14155.491400522737,8000,1080p
1.4435385872549373,1.6582121141585855,10817.900995301992,8000,1080p
0.8581187151723101,0.7733984227950622,20566.398733514885,15000,1440p
1.0605364513019493,0.7775078725104514,18255.507533356264,15000,1440p
1.3459402544910113,0.9896368434044194,14366.655688752739,8000,1080p
1.3202293498142714,1.5009554095959714,11893.737866007194,8000,1080p
0.9073330956532019,1.016530890612029,17441.16644396402,15000,1440p
1.3707433285982955,1.7152422836228765,10873.165405281597,8000,1080p
0.9894236440874511,1.3040054823431098,14630.681896075563,8000,1080p
1.649800023807338,1.542305627589527,10511.69217576385,8000,1080p
0.8958208107473944,0.9848817684436806,17841.43456347701,15000,1440p
1.194795575984615,0.8921116302897076,16078.545274614042,15000,1440p
1.8996312549056882,1.6384164228593179,9483.883501874237,8000,1080p
2.0705806714477997,1.4053484253795387,9653.370671636218,8000,1080p
0.9388146295751462,0.7973413481191493,19326.853365192463,15000,1440p
1.2413863643733438,1.0727964595823112,14499.47327093418,8000,1080p
1.4075158347365735,1.5506744991492607,11342.891502158147,8000,1080p
0.9451429995201758,1.1677041641157864,15881.144920230177,15000,1440p
0.8458283400376335,1.100878986056442,17236.505739835316,15000,1440p
0.8802460505037591,0.6999609241860524,21234.200669558875,15000,1440p
0.8781593983441092,0.7895042570989059,20120.62317871061,15000,1440p
1.1165864732342543,0.8324150133152053,17216.21673024234,15000,1440p
1.1533688211180408,1.3760962090054665,13265.42632548734,8000,1080p
1.8151000810057172,1.3410359394787144,10631.491096144131,8000,1080p
1.1997351802926106,1.3619237412330145,13098.711822265657,8000,1080p
1.511734729860949,1.323912428352113,11833.07729341932,8000,1080p
0.8250933127999978,1.1637608523384582,16871.23801642041,15000,1440p
1.2114229095502427,1.078273956764486,14654.530254044468,8000,1080p
1.3125547088254774,0.9585577457840988,14774.447620106197,8000,1080p
1.2364719758518463,1.0962111207573764,14384.479421475882,8000,1080p
1.7295373482387046,1.279638674598384,11150.704294248784,8000,1080p
2.0699791510950307,1.8710197645321505,8514.194679665385,8000,1080p
0.7302461471743574,0.9564327181709874,19893.788135615127,15000,1440p
1.3133323188273642,1.1773126282670596,13472.186005132713,8000,1080p
1.6805929594406341,1.6153848047262744,10180.418194805758,8000,1080p
1.2471531000306852,1.3217564945955107,13061.741086642845,8000,1080p
0.7731181087820117,1.0829070382507315,18078.65160320915,15000,1440p
1.2371440728168737,1.4180686692580147,12637.191539604935,8000,1080p
1.087374105598358,1.1446166543175773,15033.409905901124,15000,1440p
1.0148119929998067,1.2432410592856975,14859.895327099444,8000,1080p
1.4733106022616502,1.0310147904761757,13398.591132487376,8000,1080p
1.4773980310127368,1.2457415948859674,12321.965308307024,8000,1080p
1.196677296251594,0.8945770442330352,16045.122465698776,15000,1440p
0.6753382176367174,0.9628898895816383,20482.148885220904,15000,1440p
1.048756415630031,1.3547358335058985,13960.699066977655,8000,1080p
1.0622545891758415,1.2119407044901813,14754.41976924944,8000,1080p
0.9227356553437251,1.0635073365588568,16893.417440259356,15000,1440p
1.6993252812368767,1.1673449085207375,11705.020033308097,8000,1080p
1.0822168680541144,0.8979443409264605,16945.30316411686,15000,1440p
0.9506788865311152,1.2125462480499611,15511.299061573658,15000,1440p
1.4556873381229567,1.4827276854203857,11419.228302044878,8000,1080p
0.8859053429674598,0.8186619767765492,19685.014262176035,15000,1440p
1.4807464664687873,1.1854872098015379,12584.955436815948,8000,1080p
1.3154049319473027,1.8771715368484043,10510.141989694388,8000,1080p
1.1590840540583718,1.579361826890689,12253.092980012105,8000,1080p
1.4999608128701858,1.0385961837130597,13217.91555011858,8000,1080p
1.1883149987254482,0.8209892164518475,16699.527999068694,15000,1440p
1.2287856109200999,1.6375997124900923,11706.183298510497,8000,1080p
1.5308827597343178,1.19427857267469,12312.824052269343,8000,1080p
0.8984631303418876,1.3120963661527196,15179.158060757429,15000,1440p
1.2310697223611686,1.0554321922116767,14675.007174121914,8000,1080p
1.419683911579425,1.0940266662984917,13348.566177545694,8000,1080p
1.187545194818441,1.0405683474933816,15059.570063554727,15000,1440p
0.9792880575760744,0.8350083931523028,18494.459373785943,15000,1440p
1.093015639020637,1.265456971241673,14227.187483117757,8000,1080p
1.379847446533695,1.0152347977302354,14009.720159030336,8000,1080p
1.6375017792530278,1.637058120317037,10247.005102702671,8000,1080p
0.9548896863174926,1.0550213630571705,16694.48606217657,15000,1440p
1.3262209095325252,1.37310434502064,12430.673903932506,8000,1080p
1.0966288832604556,1.0728059237130128,15466.900361394617,15000,1440p
0.8495820315035839,1.1904608781536097,16447.905012761934,15000,1440p
0.9918302384377867,0.701373199921112,19817.129613510537,15000,1440p
0.707664705698011,1.0119922231069152,19512.282617509423,15000,1440p
1.3157225338935983,1.059660405465476,14125.904267483564,8000,1080p
1.0406357683005432,0.8159932904358644,18072.771102072817,15000,1440p
1.2697600355928196,1.192734740846459,13626.194183655927,8000,1080p
0.6111682745306175,0.7427277840626685,24783.61007628861,15000,1440p
1.3123047591948591,1.1502800442669505,13625.69603809397,8000,1080p
1.1204066885428727,1.2549571195617688,14126.018037958518,8000,1080p
1.3151518315033663,1.812327810188961,10728.905011142831,8000,1080p
0.7985522965290944,0.8839669211652438,19942.971020551995,15000,1440p
1.254254316501413,1.504280794844715,12163.85894889911,8000,1080p
1.2060317776947882,1.0867528378035691,14634.794639315322,8000,1080p
0.8637113330729315,0.8748435036189192,19300.18616142583,15000,1440p
1.4514714943112494,1.24628338696686,12437.909846020922,8000,1080p
0.8408573100192438,0.9739872674663226,18488.873601776435,15000,1440p
1.2543888094803421,1.6518126099110828,11545.804009354068,8000,1080p
1.1390328510430994,1.5486059018857437,12484.725472660415,8000,1080p
2.834722741239467,2.0386130019260773,6885.310959142791,4000,720p
0.8300715974861048,0.8672075867289624,19769.54193043837,15000,1440p
1.1791685835104146,1.107087939746575,14676.582290161616,8000,1080p
1.1069983410541693,0.9618219388879541,16219.114016486104,15000,1440p
1.1444641887132996,1.2526426400489077,13997.887619103936,8000,1080p
0.9872695249593402,1.3903068674983656,14112.872295688767,8000,1080p
0.7811578829985601,1.160391340902214,17282.297861388062,15000,1440p
1.1925029630497952,1.0774797168546875,14781.80089083848,8000,1080p
1.3430148408107794,0.9467598108223583,14654.032428941402,8000,1080p
1.3444278833451295,0.953429569587255,14602.486310532402,8000,1080p
1.4389509729944767,1.1159894886355475,13133.156135698222,8000,1080p
0.8697780070480493,0.8720295944209467,19264.143738780935,15000,1440p
1.501180228062071,1.37531500394808,11665.040020438868,8000,1080p
0.8378408440901873,0.8254602430628749,20173.396301587465,15000,1440p
0.9109016200388271,1.296367205334626,15201.787663685616,15000,1440p
1.3584312055152084,1.037478449041934,14004.882002198105,8000,1080p
1.2766708499964672,1.3022640301766222,13010.965208143582,8000,1080p
0.8853984252304398,0.7141583007878528,20977.33169084012,15000,1440p
1.3455512101542544,1.3701812736253363,12355.573385969516,8000,1080p
0.9569002909802582,1.0371129267838117,16827.58755111228,15000,1440p
1.3746580592898217,1.0345648252270787,13927.491813082444,8000,1080p
0.8197753232626236,1.063865668913063,17813.60255981857,15000,1440p
1.682863466792451,1.8907028925542482,9389.62051515793,8000,1080p
1.92997059498879,1.9058089263235647,8747.747834192476,8000,1080p
1.4529999379970346,1.514223032738425,11308.362172622017,8000,1080p
1.1668784249024688,1.2629625646279585,13809.311862207276,8000,1080p
1.0547693622532925,1.0667972998739637,15815.874466256733,15000,1440p
1.435814193385179,2.0640981969924646,9587.22055222058,8000,1080p
0.8125551135907102,1.0656270197881321,17865.37705991043,15000,1440p
1.2127626433124663,1.0557035055801796,14791.682924772596,8000,1080p
1.2787186137769018,1.5129954809040496,12019.293832391795,8000,1080p
1.109770475879668,1.372598954225788,13517.098459665829,8000,1080p
2.0019617627425434,2.4587877750126728,7522.151090528521,4000,720p
0.775524295210815,0.8950889029636517,20085.099313632873,15000,1440p
1.022156968798432,1.2223974583382011,14949.26190887927,8000,1080p
1.8568468553078727,2.3323419663435345,8009.768341445304,8000,1080p
1.295562124447994,1.0434305035258116,14345.676680933848,8000,1080p
1.1051394854581378,1.3388967115648411,13729.105993140298,8000,1080p
1.222920039647476,1.7799770552116,11174.019934763926,8000,1080p
1.4978886019474524,1.0617736531086663,13108.92948228607,8000,1080p
1.915310361918108,1.9021282698911668,8789.77640148648,8000,1080p
1.0583751849123457,1.0469696938684363,15937.73653817306,15000,1440p
0.9909859920552272,0.8826846057167729,17908.394378339446,15000,1440p
1.3889335145199273,1.3029483488813818,12465.046277180427,8000,1080p
1.5144231391678913,2.0193328022065256,9495.40165101197,8000,1080p
1.5562420626650562,1.059854982097572,12826.141930466714,8000,1080p
1.1895575325329706,0.8218089947385063,16682.40549151344,15000,1440p
0.9304634292541396,1.025400957173572,17155.80703490669,15000,1440p
1.1961700729025289,1.6183355952327263,11921.962844093832,8000,1080p
1.014579313202217,0.7515424605600503,18998.934557338554,15000,1440p
1.0655679454351898,1.0459564549006264,15891.093654737551,15000,1440p
1.32984755983343,1.135456095796062,13610.668983262507,8000,1080p
0.9507520412224613,1.3666243806957443,14479.49141220025,8000,1080p
1.0188259199355096,1.4284170832486929,13711.115715252237,8000,1080p
0.9133632455903062,1.1209921130930183,16493.88925920843,15000,1440p
1.383436755383781,1.6831623965940388,10941.903501916411,8000,1080p
2.0468497521656657,1.5326690916874162,9374.006246012994,8000,1080p
1.0549069587234667,1.547041768516495,12895.885168188204,8000,1080p
1.9276398822851413,1.84665226867405,8890.258267758245,8000,1080p
1.2462110181627255,1.4519079051978359,12436.231668471928,8000,1080p
0.9951618049036218,0.7154844192563564,19615.062147918445,15000,1440p
1.0583236815178845,1.2091675846021084,14798.042445127698,8000,1080p
0.8356935369738216,1.1107496306857318,17238.844964760312,15000,1440p
1.2109822142429025,0.992136274354491,15230.425496252947,15000,1440p
1.3121084880381515,1.0100270209797788,14449.816502823614,8000,1080p
2.084890213539214,2.0081865887662853,8197.850570773522,8000,1080p
0.7601327923312665,0.5228650534311224,26153.147576067153,15000,1440p
1.1860171329676823,1.1159633081869953,14576.332361524774,8000,1080p
0.8519590138717192,0.9781950843374863,18334.21132834268,15000,1440p
0.9544692467488646,1.334580029306554,14658.676137292397,8000,1080p
1.5708389877772424,1.7408855160500831,10132.01187514888,8000,1080p
1.0426144580438172,0.7617759760851783,18595.99306521329,15000,1440p
1.0585081952601045,1.3358367898220649,14014.033988025529,8000,1080p
1.114422437874335,1.151016787167076,14811.446552659845,8000,1080p
1.273623498514689,1.5359677961519462,11942.816047193552,8000,1080p
1.095538657386972,1.5626067459038377,12623.249261857265,8000,1080p
1.4851974910363033,1.102583311950352,12966.489264188669,8000,1080p
0.9507623092294639,1.2905657886234283,14970.780954445661,8000,1080p
1.0677612457513714,0.9609641023414797,16539.662222657986,15000,1440p
1.2167277441832267,0.8840937525238597,15972.052862460989,15000,1440p
1.565364568993578,1.3850197165438323,11372.902223104162,8000,1080p
1.7905175024095943,1.5946083756106488,9912.314403984285,8000,1080p
1.938670160411307,1.8018869002142983,8970.437145099464,8000,1080p
1.162111010875678,0.8103524708332142,17011.43382940063,15000,1440p
1.0751633030886636,0.753740208008566,18346.748090537265,15000,1440p
0.8566530775091611,1.2768947805391506,15727.058511213485,15000,1440p
0.7036703353549512,0.9165803073449115,20709.408233338174,15000,1440p
0.9729608066622661,1.2168620685046314,15322.897746897746,15000,1440p
1.0499517187798,1.122188613374971,15447.635451211334,15000,1440p
0.8461920329834319,0.9445767056974915,18737.445698720498,15000,1440p
1.999748150289138,1.811825904417644,8803.300557302511,8000,1080p
1.381477688972464,1.1160946564874392,13434.818839580514,8000,1080p
1.0010758245536553,0.8378450918139442,18246.805341841293,15000,1440p
1.2648378968085576,1.0047378530448277,14784.451235949105,8000,1080p
1.6290366674622967,1.4082091362199187,11047.651118431102,8000,1080p
1.2039161435729435,1.7779689891710773,11252.758072918188,8000,1080p
0.8847501783079424,0.9336698810558582,18452.51971744058,15000,1440p
1.6769261303450873,1.189653994141161,11705.38779411012,8000,1080p
1.390921870745821,1.1596761598582013,13155.515529059581,8000,1080p
1.1292334869748142,0.7719102589222753,17649.60281010562,15000,1440p
1.4449056066280082,1.1889975510429425,12739.43269412789,8000,1080p
0.8512603592638209,1.0173616615177208,17956.77864588475,15000,1440p
1.3484974467673032,1.4160304850388594,12137.49067750519,8000,1080p
1.37558847907764,1.1769361335651507,13145.586073412616,8000,1080p
1.000151503005553,1.4071868511409331,13938.394634972952,8000,1080p
1.8170444680671654,2.1603648519852507,8436.253173851817,8000,1080p
1.1973222742124086,1.5103592149014937,12392.311331633322,8000,1080p
0.8168274764896697,0.5950168674570302,23766.38199803331,15000,1440p
0.8959370321455562,0.9591560332186158,18087.735125791627,15000,1440p
1.1777876833245193,1.5082853810224985,12492.002710342154,8000,1080p
0.7605128387069141,0.8936750356154667,20284.53510079391,15000,1440p
1.2917325034232343,1.6156341643405567,11541.176547163377,8000,1080p
2.2687206392142985,2.1597727078365407,7576.940817207192,4000,720p
1.048040621546909,1.0662723935582252,15870.134535558118,15000,1440p
1.0720218154435406,1.4988782105740475,13051.628480465248,8000,1080p
1.1881322493646387,1.3247896973816795,13352.755362515583,8000,1080p
1.148794862409276,1.336729724910664,13499.939679204963,8000,1080p
1.395054773159096,1.6173847095941525,11138.6244245254,8000,1080p
1.10381437861102,0.9297010438094844,16500.70200109915,15000,1440p
0.970478348890496,1.0634396552075733,16497.435949921466,15000,1440p
1.0081085938811891,1.3889633067151368,13998.091584842565,8000,1080p
1.094297838167341,1.1053194279406249,15254.668399367354,15000,1440p
1.1874538110909316,0.9042478885727354,16041.690842147975,15000,1440p
0.851865843770776,1.2191581149465254,16201.856023327755,15000,1440p
1.7675156019121208,2.2891211535390026,8271.490405176428,8000,1080p
1.184867953872411,1.0311033943581531,15142.087476353407,15000,1440p
0.8227308397831236,0.9936610220525787,18473.12394699283,15000,1440p
0.7394114230472708,1.0536343842955709,18713.650182604724,15000,1440p
1.0704177015006016,1.0204986826540328,16047.715850467252,15000,1440p
1.2448588619001364,1.2167844037201445,13630.90764150386,8000,1080p
0.9088847647932671,1.0770283254005437,16896.22379029957,15000,1440p
2.205823753797185,1.6252257539023778,8758.548260095049,8000,1080p
1.3249474795215013,1.5502605282889517,11670.26243278746,8000,1080p
1.1791439198928646,0.8398113279540047,16619.700726791438,15000,1440p
2.472602660124218,1.76103891144882,7925.666694436918,4000,720p
1.258519038311225,1.4135291975795243,12557.569713487734,8000,1080p
0.8567639143954956,1.1199121496579694,16975.18000556535,15000,1440p
1.316385077942744,0.932444390431659,14920.843252848013,8000,1080p
1.1135358576272847,0.8183958161110714,17368.3326673096,15000,1440p
0.8229166791786736,0.9888864001670753,18519.911121972855,15000,1440p
1.0392640983328347,1.0579015480450835,15999.895887076413,15000,1440p
2.05979139843733,1.464560493785084,9520.738287810693,8000,1080p
1.4551531782247726,1.2154457301186288,12564.384676100291,8000,1080p
1.7337635516724854,2.3058841895552824,8306.27672248517,8000,1080p
1.2702376918540461,1.6020865898982384,11681.97902067306,8000,1080p
0.8994699785213963,0.8195364968117612,19519.665854369094,15000,1440p
1.1652418343618833,1.500115706945791,12589.09226247281,8000,1080p
0.953293561243106,1.34588875155239,14594.071906895599,8000,1080p
0.9229963722443607,0.9367677649760914,18042.305111953312,15000,1440p
1.140305777581709,0.9681054025679403,15914.55799319865,15000,1440p
1.245029765669575,1.5246762592765442,12114.799078957398,8000,1080p
1.5118303502272508,1.9798833948562862,9609.731624548514,8000,1080p
1.4154055300724473,1.520859002997047,11427.59162946503,8000,1080p
0.6395536911398289,0.8213095523998731,22968.9070132923,15000,1440p
1.7702500929291711,1.2296313869891977,11185.252559015453,8000,1080p
1.17425760188106,1.2120469417903084,14061.253032010727,8000,1080p
1.4933844003424133,1.066273001302898,13108.954338354692,8000,1080p
0.8634727254120014,0.9252382771487695,18759.00128749837,15000,1440p
1.1922758239516793,1.6525424629966596,11794.929804108553,8000,1080p
1.0500095576347876,0.7955893717752518,18180.782111054836,15000,1440p
2.0378148010075012,1.3751792103805314,9831.377344360979,8000,1080p
1.4012943521994343,2.068991274103997,9669.069239047732,8000,1080p
1.1921374524658777,1.280155902889404,13572.188724010888,8000,1080p
1.2252191090010318,1.3241837823520184,13161.68272728034,8000,1080p
0.7096641539457593,0.7759384969100829,22586.410963032136,15000,1440p
0.900826911551847,0.8290686528870743,19396.79636723222,15000,1440p
1.3154693496580518,1.1930143222604197,13376.380470652135,8000,1080p
1.2202976814137836,1.690311036340185,11528.321136168717,8000,1080p
1.3877725483949608,1.4956002800453876,11637.215856733312,8000,1080p
0.709200311121919,0.8270398764293319,21841.917866688134,15000,1440p
0.7811624423932138,1.1168653523221281,17678.57778132925,15000,1440p
1.2440144371252846,0.9138611146534694,15549.753076511208,15000,1440p
2.3102058270817682,2.6273698552439377,6795.730163713689,4000,720p
0.9344727121262071,1.1967003447531035,15744.583431030213,15000,1440p
1.197126150292666,1.7178623407581555,11510.999821444919,8000,1080p
1.0238267099814171,1.3272821973354805,14271.747214931254,8000,1080p
1.9669195433523752,1.4529473769199732,9811.61921860042,8000,1080p
1.8195596930199138,1.36906382801607,10523.171449572123,8000,1080p
1.7877882006463,1.6456304245003865,9772.892753084092,8000,1080p
1.1661446549596282,0.8609316406554111,16553.117449296198,15000,1440p
1.2465828771640275,1.2967712313715916,13192.98476267607,8000,1080p
1.2013856817409758,1.1661355349884301,14172.811530852303,8000,1080p
0.8377511423173815,1.1009898177754742,17307.331247797498,15000,1440p
1.2021029570773987,0.9122037691367568,15870.18174041476,15000,1440p
1.011910781223783,1.1151873241382917,15774.74584525022,15000,1440p
1.8313199953100532,1.4512552787255668,10221.98402132846,8000,1080p
1.6424341513004603,1.4159343357611012,10971.350294103586,8000,1080p
1.306464804633233,1.6641747139029004,11295.35636708115,8000,1080p
1.3911289538494644,1.0680497466810546,13644.568405200198,8000,1080p
1.6822365253095772,1.3067702047301224,11225.947289705278,8000,1080p
1.6250023414748904,2.2257796104075203,8713.667099119257,8000,1080p
1.0678595268457176,0.8913437658769578,17126.569827968135,15000,1440p
1.707057882992752,1.4500886146178482,10628.088378348852,8000,1080p
0.6456453685823537,0.7932659142639275,23319.319543889225,15000,1440p
0.9697325565552715,1.4232311792336578,14022.123067793811,8000,1080p
0.8974415790648652,1.308733941892084,15209.321144786094,15000,1440p
0.8156238325473206,0.6861658831265209,22342.962965986477,15000,1440p
1.4840140859551363,1.5511180562988425,11055.344685942237,8000,1080p
1.4322489604473265,0.9578588932232388,14038.877763808601,8000,1080p
1.0799944748598178,0.8835800414459745,17088.4434083654,15000,1440p
1.3553508181682885,1.7473681752883488,10814.524960450288,8000,1080p
1.9889248251387774,1.3658575310214707,10001.969856072894,8000,1080p
1.9367611059953875,1.8279785075664299,8912.816142483272,8000,1080p
0.7814082956196494,0.6415283535913282,23581.114463954545,15000,1440p
1.0287055722757124,0.9046333150696722,17355.690830836535,15000,1440p
0.8314538491268063,0.9749523614849999,18575.241716333312,15000,1440p
1.1771248478610394,1.3898772898073075,13071.446847519215,8000,1080p
1.6735279885062346,1.2929688943127675,11311.13003837506,8000,1080p
0.6346929589338921,0.766785910330978,23942.160481949042,15000,1440p
1.7776462721383675,2.4495427054916066,7937.764830852844,4000,720p
1.9051820493043534,1.7876431972540452,9086.385019510932,8000,1080p
1.2651028040939434,1.0781896692415789,14319.352953938986,8000,1080p
1.319972708894767,1.3573857186869167,12532.66340969817,8000,1080p
1.3500870860210363,0.9402909278146772,14650.172066490517,8000,1080p
0.7035961996414081,0.7311150696634553,23387.585166357247,15000,1440p
0.797843957155707,1.035557098495214,18301.74139835815,15000,1440p
1.9005854798900503,1.6385834100039265,9480.878998403829,8000,1080p
1.7023401544489745,1.5657694990977227,10267.229547694413,8000,1080p
1.3260347777418289,1.0002818490272725,14423.845668249374,8000,1080p
1.5484729028563065,1.1419838441162646,12471.6489264349,8000,1080p
1.1258336660199741,1.545153671284573,12562.55749750644,8000,1080p
0.8236397355920164,1.0129270876251015,18270.193916071417,15000,1440p
2.1570188758407114,1.600326075934702,8930.357055490718,8000,1080p
1.1932338459784888,0.9456138153831661,15688.088780777513,15000,1440p
1.1653094408208051,1.04825818697785,15158.530319387239,15000,1440p
1.7102412465958658,1.4434142192654003,10639.853453629012,8000,1080p
0.8735965788344,0.837412001988358,19610.908078476714,15000,1440p
0.8242681628336351,0.7805995411897627,20907.911546776817,15000,1440p
1.4928973022224952,1.375451962637742,11698.16814537576,8000,1080p
1.5144074755991563,1.255119210737035,12115.583563626598,8000,1080p
1.4059042092311609,1.5681940943869916,11282.220214166831,8000,1080p
0.9643447796119006,1.319916446034123,14689.402255431754,8000,1080p
1.0739551616043936,1.0743126939079657,15619.29622225684,15000,1440p
1.14092624954678,1.1199706088666814,14841.20422173798,8000,1080p
1.3010290316968345,1.1898281607896244,13471.038043134387,8000,1080p
1.266897065222222,1.6133458763528536,11649.861723695636,8000,1080p
0.8221073053876837,0.9383364485986025,19060.212474281292,15000,1440p
1.328006583339488,0.9232940323894478,14904.465341309207,8000,1080p
1.4778943323856972,1.4524184191432492,11450.802301731217,8000,1080p
0.6932022608728191,1.0133137563191368,19662.535635155222,15000,1440p
1.2138745420922614,1.5337178662622595,12212.30335983316,8000,1080p
1.0985509923824424,0.753673387943929,18115.74901853281,15000,1440p
1.438193419651642,1.411334294803531,11775.436269590933,8000,1080p
0.9001103252610068,0.7524163359967462,20304.926260288845,15000,1440p
0.952727874557863,1.2001145570965512,15586.10677057964,15000,1440p
1.6896009082779377,1.8586232569279182,9456.683241447143,8000,1080p
1.2977656831852915,1.9212390987163595,10423.852797192016,8000,1080p
1.0343861810486423,0.9916913875989208,16561.27708002714,15000,1440p
1.1490263456174976,1.2151345838894951,14192.955979099626,8000,1080p
0.9828420532612498,1.260018637889758,14960.551108852102,8000,1080p
1.6303176065801235,1.1067320476394078,12259.343541053893,8000,1080p
1.1524165243791984,1.2103185939572905,14201.520830495967,8000,1080p
0.9386419839208686,0.8069462395641385,19222.421157843128,15000,1440p
1.6946920985026108,1.5018811057736756,10497.000961877493,8000,1080p
1.3071926086924714,1.6160476292521009,11478.506475264327,8000,1080p
1.467269111715371,1.280799576945697,12210.186789890106,8000,1080p
1.0978538039976944,0.7983686671069579,17695.40890444818,15000,1440p
0.8008644456991703,1.066740428939457,17966.558374127515,15000,1440p
0.9761923697252807,1.4387861029215774,13894.298595226715,8000,1080p
1.416121097879721,1.0802454921371958,13441.307912942633,8000,1080p
1.5058481135857098,1.3410873679121622,11786.158210493004,8000,1080p
0.8669052930950545,1.0560500198115281,17449.408093255093,15000,1440p
0.9235963733739285,0.9161735586595339,18238.38481962412,15000,1440p
0.942662083996735,1.0759261248663197,16622.72267948059,15000,1440p
1.1571135487617548,1.1941154976966806,14271.017981230596,8000,1080p
1.3136528810528205,1.8708884604123421,10536.660825562427,8000,1080p
2.308168355448424,1.9798372051488,7825.183882300426,4000,720p
1.5215679385562686,1.2956144858696412,11910.635147043336,8000,1080p
1.139815263434612,1.5029033318902747,12696.937184064782,8000,1080p
1.4777669388061276,1.400106144209022,11659.455101767378,8000,1080p
1.4768374412027705,1.6335074715494367,10788.009992856118,8000,1080p
1.1745760194126553,1.015993071877282,15317.678010439358,15000,1440p
1.3627836232563146,1.8239361419293505,10529.458023443442,8000,1080p
1.6087372235077124,1.0841261962140396,12460.502732614306,8000,1080p
0.9917919852822008,1.0215394035356118,16666.124705730876,15000,1440p
1.146286781413692,1.1618957665052694,14537.165628538525,8000,1080p
2.0562861048608565,2.5283314840361597,7318.916212611017,4000,720p
0.8575348604462576,0.6547027957569536,22188.597051765937,15000,1440p
0.9326892340844343,1.3701604407703272,14570.830378720331,8000,1080p
0.656717874868233,0.7858455504102491,23260.281948103897,15000,1440p
1.038910956515413,1.1686193163517924,15199.987249288552,15000,1440p
0.976064556201791,1.1287826432482775,15941.50492670762,15000,1440p
1.083177712304702,1.1495262020456951,15028.608040830452,15000,1440p
0.9739585612227711,0.8476997856972289,18419.71742765746,15000,1440p
1.2508774521566357,1.2524837703225824,13403.751603521754,8000,1080p
1.3719080430648691,1.6684315107639656,11036.409389781287,8000,1080p
1.8878283070507624,1.4290328313793639,10116.32100338133,8000,1080p
1.7512842225370726,1.273204447970753,11094.249526273165,8000,1080p
2.0076407045843454,1.7891757033837066,8837.517644935953,8000,1080p
1.0498655145474893,1.1402320358452693,15320.975996700492,15000,1440p
1.1249536137218488,1.255330517291853,14096.817923039309,8000,1080p
1.9640451667558845,2.885761064894103,6918.716005811269,4000,720p
0.972343486521481,1.0288712534851947,16767.03220759211,15000,1440p
0.8061496053324273,0.9203588325997352,19434.84970174146,15000,1440p
1.0124480279939199,1.2501120140494966,14830.294611627425,8000,1080p
1.633277691242296,1.5816472753803361,10437.080911175935,8000,1080p
2.163288999626404,1.5154982631504126,9121.058001780862,8000,1080p
0.8379774432367257,0.6069929847670374,23221.53543747998,15000,1440p
1.6043985642737733,1.6548932164771681,10295.007092697007,8000,1080p
1.60489460354566,1.266174149513167,11687.087592120955,8000,1080p
0.9244090776743557,0.7538600273107625,19993.475361210047,15000,1440p
0.7261211382117507,1.0368536695031614,19032.848259182858,15000,1440p
1.1222644826650814,1.0227821231963137,15642.751960871921,15000,1440p
1.061195496434372,0.9212177038893312,16926.05355660514,15000,1440p
0.8639371353028013,1.1669528684544863,16522.033166701283,15000,1440p
1.3028739051648834,1.055386994572494,14228.464714712743,8000,1080p
0.6847757226127953,0.9153541989820815,20969.817229938257,15000,1440p
1.2236951143648342,1.2879129086918617,13359.740728636205,8000,1080p
1.0696724359219314,0.8834105095634532,17180.23910738772,15000,1440p
1.2848648226877672,1.5486123352056074,11842.13957981823,8000,1080p
1.0374362364880132,0.9606944438292784,16792.91166014815,15000,1440p
1.59124714579245,1.2566428234987026,11782.208007267847,8000,1080p
1.4516367115635591,1.1151637023489342,13072.474126982874,8000,1080p
0.9463045787335463,1.3843360693840956,14397.08520792361,8000,1080p
1.3452152562943271,1.0939058436010485,13756.771650837381,8000,1080p
1.3364783442093946,1.2395882756586574,13025.451958893316,8000,1080p
0.8568480436262673,0.9398234724061583,18675.885770203542,15000,1440p
1.2889658826723278,1.0730124701648998,14206.07092342491,8000,1080p
1.148305321833211,1.390445087805362,13216.908551785105,8000,1080p
1.815304383623277,1.2887311702759368,10809.938036260488,8000,1080p
1.3287836838495009,0.9757902747872251,14559.928473655571,8000,1080p
0.8756280454709744,1.0240451518460763,17663.265475024677,15000,1440p
1.3578071022950298,1.7168193564265322,10913.336124074085,8000,1080p
1.0018849738680535,1.1840592315017424,15350.08620877567,15000,1440p
0.812414452788685,0.9354285259110113,19197.623819138913,15000,1440p
1.2315874295119906,0.9175047858637893,15613.304892146209,15000,1440p
1.2045708399104087,1.525508069281917,12290.645478055738,8000,1080p
1.2176761327236092,0.8166254999412963,16494.324863734284,15000,1440p
0.9461264918867113,0.9813513804706903,17408.465477718433,15000,1440p
1.373044016810718,1.075413742264063,13704.313205174301,8000,1080p
1.4688319865786208,1.9346873404091571,9858.74583814887,8000,1080p
1.1706065734322846,1.3624856671145071,13246.431165395288,8000,1080p
1.1786288224285786,0.8024684084048321,16937.29690686826,15000,1440p
1.0572748455585474,0.9206233459955311,16964.69117737326,15000,1440p
1.4266113457141691,0.9688307481698266,14007.615581971542,8000,1080p
2.3027691045600096,2.481942782185302,7012.842736247724,4000,720p
1.1049138649000507,1.3897565004086625,13450.447187978549,8000,1080p
0.7498006700572531,1.0282354722537916,18871.62538573981,15000,1440p
1.859970851473954,1.3227591135043097,10542.657520186183,8000,1080p
1.0155341419207706,0.8425092863554304,18059.013847232898,15000,1440p
1.4272986434587889,1.7640527584873462,10514.17652707815,8000,1080p
0.857019916214131,0.8481706036981425,19677.819931655653,15000,1440p
0.9975550320159414,0.9092148275351455,17597.525905879254,15000,1440p
0.9899484171955274,1.4107425912310085,13976.989076154488,8000,1080p
0.7060026117047451,0.8467420771621936,21609.754804239696,15000,1440p
0.9226874486116268,1.1482682448145511,16202.390088069787,15000,1440p
1.5528132196041704,1.21528093882335,12121.853549613848,8000,1080p
0.9708263977982613,1.3860280934413431,14236.95528286594,8000,1080p
1.2270802656506001,1.7213157239597088,11380.571713650617,8000,1080p
1.316489615087134,1.1052622840517117,13855.437467368838,8000,1080p
1.2116574192140865,1.6951079767238137,11543.563868928366,8000,1080p
0.9346725070552573,0.8186056921547833,19138.11054920909,15000,1440p
1.7308107776116142,1.5707246089198703,10163.281040961823,8000,1080p
0.6556709602766322,0.8414222564006231,22413.054595540056,15000,1440p
0.769157371173136,1.1170176657065758,17789.67028187845,15000,1440p
0.8380230871501463,1.0346268555427254,17918.15503529117,15000,1440p
0.8157567537218188,1.2201706842223201,16481.15319565758,15000,1440p
1.1617363105822807,0.9238303015550708,16088.880501214202,15000,1440p
1.5372698344214752,1.1739951546445067,12375.932317688852,8000,1080p
1.1299295403321674,1.5340170293191948,12595.760133579315,8000,1080p
1.0499357036334402,1.108559384904922,15545.289946766374,15000,1440p
1.2086980724506358,1.329765802992362,13218.40043681704,8000,1080p
0.6789581536697824,0.9377220428316981,20755.145063700464,15000,1440p
1.0094352643194855,0.8061409692153039,18481.422801328514,15000,1440p
0.9101709549736496,0.8587061482878304,18969.34045792773,15000,1440p
0.830480749531783,0.6318309173482999,22946.15625381018,15000,1440p
1.744915256708394,1.3234094484414094,10935.75003443509,8000,1080p
1.331060427813454,1.8048737447013785,10699.979704322473,8000,1080p
1.3349604026499164,1.4750905045738476,11940.862677520192,8000,1080p
1.1149209996749818,1.4638524611066248,13011.779634892748,8000,1080p
0.9552493999707843,1.3168575534278646,14767.98086014781,8000,1080p
0.779160434045526,0.8682384377311358,20368.1285539626,15000,1440p
1.0301938331145348,1.4986476334208407,13268.697324063993,8000,1080p
0.8132718357156238,1.1597877893346284,17006.293968001803,15000,1440p
1.2765320481922995,0.925526651473163,15237.755471776298,15000,1440p
1.507006980951571,2.1999553903770277,9051.732561281404,8000,1080p
1.4028183130838352,1.1060972894043197,13374.077616131537,8000,1080p
0.9353099561242213,0.9140083497840783,18144.216651508035,15000,1440p
0.9239083382774961,0.7554453752833893,19980.562599198656,15000,1440p
1.136603640020063,1.2120924249445426,14286.408744209166,8000,1080p
1.0184048848268246,1.486414882145621,13395.946663482682,8000,1080p
1.1482995986526394,0.9358688259234007,16099.673905589285,15000,1440p
1.3483724806791568,1.2301482242094255,13013.05509642975,8000,1080p
1.2610361816651632,1.5837200996340157,11795.186891959665,8000,1080p
1.174147559289618,1.7576034639047442,11445.184715392352,8000,1080p
1.6668341940220972,1.1672998157923051,11839.394991134299,8000,1080p
1.0316531793450459,1.0572499492195027,16063.182414331448,15000,1440p
0.8846764274651603,1.0712800276657832,17154.999494993186,15000,1440p
0.8869994541069993,0.8219810244613576,19634.180975612515,15000,1440p
2.3611719420693076,1.5798885008081616,8514.061757322619,8000,1080p
0.9129297936015516,1.3598579229545296,14763.557438987084,8000,1080p
0.7025574885833809,0.9866749144418182,19863.71557869024,15000,1440p
0.9775222641304981,1.3159640163659774,14630.317297008816,8000,1080p
0.7929595567499146,0.7912512707376487,21180.534445162677,15000,1440p
1.3724920632845605,1.2551521484120558,12769.777525677491,8000,1080p
1.1410638942452929,0.8792250136816842,16608.729508112916,15000,1440p
2.0679189281994894,1.5712850836129513,9220.266819635872,8000,1080p
1.086072650839491,1.2325828919784896,14471.503584883327,8000,1080p
1.016118569549627,0.8550154007586279,17932.67212954942,15000,1440p
1.4711627579227855,1.0431266287931473,13345.493234502928,8000,1080p
1.3687078533777692,1.2116107883654836,13003.987746773306,8000,1080p
1.8320267480779433,2.5220053763443406,7706.519162270118,4000,720p
1.3605410783336596,1.2066407478662167,13070.531918523917,8000,1080p
0.7800818852794137,0.9312642327020516,19607.04012323205,15000,1440p
1.6026345505967645,1.3092996687691028,11523.073487321826,8000,1080p
1.0438308386470703,1.2915204582807935,14368.044775165341,8000,1080p
1.5183572187462855,1.8739524719811813,9891.32333398617,8000,1080p
0.631447285991231,0.8339582775300907,22897.71025528919,15000,1440p
1.3374475315902985,1.370853955948101,12389.474419444321,8000,1080p
0.7439043192632143,0.722974494291107,22874.71309146249,15000,1440p
1.2936046253509703,1.6770715558288551,11295.21696527476,8000,1080p
1.0311799132821928,1.503331614956993,13239.013366536723,8000,1080p
1.0443596847640437,0.7947581045343131,18244.852067251973,15000,1440p
2.181468431763811,2.7165954731833146,6850.550064508033,4000,720p
1.2734521470647993,1.5493728301557326,11886.826944913551,8000,1080p
0.5552334398806706,0.8327154707314166,24175.552675928433,15000,1440p
1.8239817247718368,1.5848395833739908,9843.411832652318,8000,1080p
1.171148733048289,1.1186526191304196,14653.861553568175,8000,1080p
1.34388349022237,1.0079057169931536,14267.618839754712,8000,1080p
1.1225867356620491,1.3035521639313625,13830.383744979841,8000,1080p
0.6571518421918533,0.8633239287166431,22068.37665025794,15000,1440p
1.4688929971965323,1.16028876368472,12762.30974185413,8000,1080p
0.9606635077093962,0.7042337886959394,20154.05519154068,15000,1440p
1.3415927125542695,1.2875853276987355,12762.32780217922,8000,1080p
1.4194565360570917,1.3130319094917524,12279.807460726628,8000,1080p
0.8994986448447926,1.113643275843947,16667.693248631127,15000,1440p
1.7778199057357162,1.6420709685887558,9811.550494758982,8000,1080p
1.5004618895483919,1.017429833910708,13326.39989534683,8000,1080p
0.9027465980460435,0.8910277501177387,18706.049640161473,15000,1440p
1.4955257779291853,1.7385897114839586,10375.149591856016,8000,1080p
1.2620615003323326,1.5400337915750328,11974.764775811655,8000,1080p
0.7405520130599497,0.9225792216156048,20175.45657276158,15000,1440p
1.7792703953537798,1.9726826891169762,8943.190718157162,8000,1080p
1.3076973518580806,1.0055012066763265,14505.642793266898,8000,1080p
1.1103009691617458,1.6188047167657438,12295.028431116434,8000,1080p
0.9456666114942242,1.1743732429031661,15827.264723538729,15000,1440p
1.2885777177675792,1.053536102462942,14326.559072478136,8000,1080p
1.177616932346776,0.8212687961373688,16786.56839750715,15000,1440p
1.6037071660515896,1.294555945212531,11577.42782896089,8000,1080p
1.289140325094691,0.8660493575516566,15569.131696472614,15000,1440p
1.355213308937049,1.4647895677062739,11898.722614049306,8000,1080p
1.5563390260454961,1.2587613227160401,11919.444368923403,8000,1080p
2.26068714754408,1.6519402777137433,8575.933344276686,8000,1080p
1.0141380119283463,0.9111828182774095,17427.969133027087,15000,1440p
1.4930264142641907,1.0976190222732731,12952.151431747949,8000,1080p
1.6289090305875222,1.6306791298541963,10294.07101400593,8000,1080p
1.0360354750254908,0.8008538793574587,18266.98593463821,15000,1440p
1.9362273147432043,2.6323641225810768,7344.590222244092,4000,720p
0.7830513178817763,0.559791413181658,24987.611150434062,15000,1440p
2.0144426105610096,2.434028969120372,7542.912526014904,4000,720p
1.1905290409206326,1.550744169588852,12240.455227650833,8000,1080p
0.8051749009300063,0.9584605538898562,19025.71867009061,15000,1440p
1.1896268020117564,0.9734248177474603,15512.54334084508,15000,1440p
1.5277483698368006,1.6628324508027394,10516.715885377303,8000,1080p
1.089034939192588,0.9411021870031013,16528.16037253516,15000,1440p
1.8829020412124062,1.658099946928002,9475.970957480722,8000,1080p
1.1802456140086435,1.3694802722549626,13160.01542784311,8000,1080p
0.8574575822821415,0.6670309229719082,22010.288620974738,15000,1440p
1.0294099650949027,1.1850477197664377,15152.437650711321,15000,1440p
1.826113557314661,1.284684789481712,10786.43751838036,8000,1080p
1.0785749636756776,1.0054371060438712,16100.881797923326,15000,1440p
1.8163278774385323,1.4655365414518728,10224.198113383585,8000,1080p
1.1166433846156454,0.8904999556198443,16717.506581300368,15000,1440p
0.8576875745540834,0.8156507303121295,20052.389826026694,15000,1440p
0.8970626988878683,1.0366712618890352,17352.144959236823,15000,1440p
0.7940630886448028,0.8807368997106402,20034.88908126189,15000,1440p
1.8657307615889105,2.562310082757987,7577.715106859866,4000,720p
1.1763206965518551,1.364126422271332,13208.081267026506,8000,1080p
1.6567417716349844,1.793072474021488,9726.446008577732,8000,1080p
2.0254102066764657,1.6480685646314113,9134.238711839225,8000,1080p
1.0158763723985729,1.1873020318337204,15230.011303461457,15000,1440p
1.300321877387803,1.4959566008305332,11999.674660936986,8000,1080p
1.5775863568672437,1.6067918163504855,10537.200726411882,8000,1080p
0.9940892576276296,1.3532366177704178,14294.748058494439,8000,1080p
0.7420020310476679,1.062995346397936,18589.740029143733,15000,1440p
0.6648876337588885,0.9709243534866416,20512.401340511504,15000,1440p
0.9054516754324045,1.0039319273844547,17573.43676278465,15000,1440p
1.048236265272049,1.0677186303455484,15857.820064829999,15000,1440p
1.1853267978554043,1.0044896186659646,15322.942940259287,15000,1440p
1.2025507284391297,1.3552788985598572,13118.321738797067,8000,1080p
1.2016627123152344,1.3319707890068997,13243.601326904694,8000,1080p
0.694515693860156,0.8785608184293632,21330.45134032516,15000,1440p
1.4262869931635445,1.3513311907969552,12080.289578229942,8000,1080p
0.9115552333591065,0.8849548101601546,18677.564381587745,15000,1440p
1.9783576205944498,1.4942115172342654,9662.710998169066,8000,1080p
1.0554039045538375,0.7183807341103687,18916.85792547455,15000,1440p
0.7058876081727218,1.0328479330039224,19298.180318608378,15000,1440p
0.5321475176736365,0.7132982235818872,26941.70519718832,15000,1440p
0.9013067747951721,1.227566990275247,15761.588380929708,15000,1440p
1.3732287069445361,0.9367398327010628,14525.925970034208,8000,1080p
1.2877483258672382,1.3665353804779534,12641.61473010083,8000,1080p
1.2456949290186905,1.7278000024778957,11284.509566361277,8000,1080p
0.9807817743194194,0.8513014263255305,18314.90621615208,15000,1440p
0.9664256159574407,1.2478978369679496,15153.356189074599,15000,1440p
1.131044004152195,0.8179360580257895,17216.40598134336,15000,1440p
1.1830170083849336,1.7717826804469952,11355.907517800135,8000,1080p
1.4596005489172506,1.048191232149345,13380.070966549254,8000,1080p
1.5625161212629675,1.6373731013284585,10486.123007979004,8000,1080p
1.5061053915416611,1.0052315769284634,13361.182677305525,8000,1080p
0.8032792020532837,1.1507050990379173,17172.314015655887,15000,1440p
1.1286486705971928,1.0995536980437672,15058.969720270848,15000,1440p
0.7279244589664928,0.9520544231785031,19973.127255717478,15000,1440p
0.754416819241146,0.8450547950504661,20978.44794504895,15000,1440p
0.9900663848733606,0.9927540085992688,16922.577612405006,15000,1440p
1.472448607949767,1.047923391622629,13313.285501383454,8000,1080p
1.0653205049489574,1.5101421567101265,13028.506489154308,8000,1080p
2.0767437378249687,2.197091954738428,7851.128216834756,4000,720p
0.9249877387034737,0.9542983320710365,17854.882511937743,15000,1440p
1.170965441487135,1.239505348492647,13920.281523212916,8000,1080p
1.779607460900673,1.324046383022018,10811.267521248677,8000,1080p
0.9496332698390602,0.9861703453598072,17333.59300321015,15000,1440p
1.2458028732150175,1.591746824465885,11825.143371911217,8000,1080p
1.3380244084144197,1.1208215026948343,13646.41511222745,8000,1080p
0.955481847858367,1.3149194137970652,14779.075649180288,8000,1080p
1.6735557237975989,1.2725680169345959,11389.349176372605,8000,1080p
1.034273110689419,0.7458141581437117,18849.880333111618,15000,1440p
0.9918976004267419,1.0921665120261213,16100.479730687233,15000,1440p
1.1210168126508584,1.2794171852017364,13978.485569700091,8000,1080p
1.7561330808825926,1.5573928461015856,10126.503531101001,8000,1080p
0.7852416882181094,0.6631617286172583,23166.496025888588,15000,1440p
1.3480512757182992,0.9968050457354543,14309.802990059994,8000,1080p
0.8764791810137351,0.9082977044661591,18800.351053951388,15000,1440p
1.0104945578499753,0.928143800315177,17308.247233773913,15000,1440p
1.4602116892315642,2.167226858467375,9250.172417472162,8000,1080p
1.5689932379747968,1.9707314973065524,9479.390209513844,8000,1080p
1.2032867468744946,1.69430210864076,11580.121843764233,8000,1080p
1.0420031096338014,1.3493855419851264,14031.358715901008,8000,1080p
1.6657881847343925,1.169053219077002,11836.440639990178,8000,1080p
0.9077270098808361,0.8598480856559563,18983.313401917952,15000,1440p
1.2905497254100997,1.0313889678737913,14451.041320365077,8000,1080p
0.8444252003119587,0.5768682826598394,23608.3767371118,15000,1440p
1.5088703636523735,1.050410309597975,13110.883988111025,8000,1080p
2.2286974712450713,1.9261236889103164,8076.023180440596,8000,1080p
1.7204214330446632,1.1983674304840868,11496.012068318449,8000,1080p
0.9274496940646072,1.182050621331959,15906.341305140824,15000,1440p
1.0375136809507792,1.3863972838518988,13843.09592523814,8000,1080p
0.7504462108688976,1.1038197332622142,18095.803412774876,15000,1440p
0.8887777459841758,0.9460892208954604,18287.119777987213,15000,1440p
1.0556978876190444,1.0447585432794484,15974.828854529836,15000,1440p
1.3132751269785548,0.8972916511852311,15179.108060183595,15000,1440p
1.1644998959655695,1.2961260344987995,13636.543281354274,8000,1080p
1.2247106496864604,0.9646764834241919,15325.947381597292,15000,1440p
0.7837342691666482,1.1459970914836777,17388.1363407454,15000,1440p
1.7542462506143894,1.1738731185171378,11459.379816865923,8000,1080p
0.9380132975785951,1.2027867476433889,15673.781432735663,15000,1440p
0.6332347491956707,0.7596822216738615,24089.32671633224,15000,1440p
0.7999792230013305,1.1756539730980897,16984.140611854466,15000,1440p
0.9274316383513577,1.1146144046009099,16431.770535148666,15000,1440p
1.3506080219528056,1.4784048020468847,11860.827110907318,8000,1080p
1.2122371236994203,1.3651744489659803,13018.654977675944,8000,1080p
1.7721751976694373,1.4993194079803145,10256.606244146855,8000,1080p
1.797158602754731,1.780174001579311,9379.735045980302,8000,1080p
1.2412004584568201,1.397020003938111,12718.585303344915,8000,1080p
1.2543083508464083,1.3692223672528727,12789.799550854817,8000,1080p
1.3547632773074296,1.6173504845935764,11289.753585521608,8000,1080p
1.1628322272868692,1.5533664845480954,12353.452585702704,8000,1080p
1.000338687212712,1.296299925098016,14610.23594227553,8000,1080p
1.2878722789970536,1.0607397484361636,14286.919937419985,8000,1080p
0.9373379669278886,0.7560515283595427,19814.952256039924,15000,1440p
1.0856683491886814,0.9875845684847875,16184.437370841179,15000,1440p
1.043648857546245,1.2334446790302411,14735.640614240057,8000,1080p
1.162003906259985,1.4107958292892195,13041.99139030045,8000,1080p
0.8814988813047845,0.889855776729524,18942.80845894278,15000,1440p
0.8079216213084041,0.7923343819540977,20968.165050836444,15000,1440p
1.4480769041295398,1.1827238935582975,12754.455612713198,8000,1080p
1.0840000880008684,1.1557288875043135,14981.469797001502,8000,1080p
0.8677249985672203,0.9500992783483294,18458.56743476577,15000,1440p
1.0712103460040456,0.9531285905072471,16575.50096715873,15000,1440p
1.0458342159065726,0.9641994700983594,16693.46749441376,15000,1440p
0.6839893196484963,1.0165482620685617,19731.66154088732,15000,1440p
1.246624536469207,1.1565208331360028,13962.714209632828,8000,1080p
1.5039774294409884,1.4525116868142263,11349.418408311658,8000,1080p
1.017034502275624,0.8452273797706429,18018.106005117897,15000,1440p
2.130641555186251,1.8886391027188005,8348.3674955631,8000,1080p
1.0031314944296075,1.2402078841925037,14957.358801685004,8000,1080p
0.852617789648754,1.1962151130279621,16377.339487355222,15000,1440p
1.0937894758142372,0.91722547523914,16685.321997444156,15000,1440p
0.8362134296365324,1.1185525779378152,17165.446846314564,15000,1440p
1.0639024015633534,0.9390356832711988,16752.605711609744,15000,1440p
1.0968678127682006,1.3455112153012279,13738.421274654902,8000,1080p
1.0977390056070935,1.3698817724642367,13597.888418748784,8000,1080p
0.7813909571455584,0.9299210263410638,19607.431212885156,15000,1440p
1.1035083564880783,1.054217296873515,15550.83332662075,15000,1440p
1.3712497113632305,1.4820416096222544,11759.903993403237,8000,1080p
1.063877606799154,0.8979484013487371,17103.673751209906,15000,1440p
1.3676671760959718,1.3001582633723234,12577.44659886274,8000,1080p
0.9291034903100686,1.1557711027689486,16094.220780179214,15000,1440p
1.118953312188054,1.2543635099912693,14138.201729505414,8000,1080p
1.2677488955676444,0.9311883660107012,15259.385788894866,15000,1440p
1.1098947860457635,0.9064517714127305,16641.202811035477,15000,1440p
0.6408056750361176,0.9163193683011422,21548.964319580595,15000,1440p
0.970740590124539,0.9522402884580909,17449.176106593397,15000,1440p
1.9351157671769064,1.5106254777854875,9737.943047539022,8000,1080p
0.9983326911280349,1.410971427670758,13927.022221142111,8000,1080p
1.3368231398104626,1.0729738511742282,13924.17374805045,8000,1080p
1.139081633838344,1.702737949183979,11807.375880038908,8000,1080p
1.6244443799343438,1.0885624843951034,12367.98639958229,8000,1080p
1.8488633629430373,1.7616756689157362,9293.46884327284,8000,1080p
1.123476710753119,1.3590963942552496,13515.989491832865,8000,1080p
1.015490248633749,1.1951563299196843,15178.560121517388,15000,1440p
0.9406905774776364,1.0260424686254623,17060.99974599249,15000,1440p
1.2716673833862975,0.899890421824187,15451.779326108079,15000,1440p
1.389419702491145,1.6299863534122192,11112.924654302908,8000,1080p
1.2237963776037775,1.739486170111623,11323.399459788077,8000,1080p
1.110272206406405,1.2444651351816152,14249.755761451976,8000,1080p
1.1962935160909827,1.086853859557638,14696.568586803338,8000,1080p
1.534347426381442,1.2478602843289432,12060.361945957116,8000,1080p
1.0005489739930604,1.1003858643959836,15971.191198737455,15000,1440p
1.6395447757898198,1.1735024584577767,11928.143826200194,8000,1080p
1.509152934894103,1.2221084823862427,12285.32420503777,8000,1080p
1.1366326965645408,1.2038692474300614,14336.425605668022,8000,1080p
1.154135942394867,0.947660176976677,15964.646471054042,15000,1440p
1.384513716773798,1.2327679829215847,12820.336459734272,8000,1080p
1.7322719286017976,1.249727667128702,11252.326139829735,8000,1080p
1.599372528683679,1.1944779011619857,12010.10320436287,8000,1080p
1.245377590591994,0.9113372965326643,15558.12138188322,15000,1440p
0.8028030374601767,0.9825336123872428,18794.456498088286,15000,1440p
1.574241104145793,1.1952879235187313,12115.573321250085,8000,1080p
0.8974655316374395,1.2687887133521212,15489.609346460486,15000,1440p
0.8556064980172972,0.8870888284129544,19254.330628597665,15000,1440p
1.4307922137394855,1.5741278903443519,11166.497223802337,8000,1080p
1.0459936754605306,1.2425818905238077,14661.710322668727,8000,1080p
0.8063026270061643,1.012442233648827,18449.224366696446,15000,1440p
1.3114556532828912,0.9527456978521311,14819.54419962672,8000,1080p
1.2846845057499447,1.6414435655874013,11467.178189731256,8000,1080p
1.138821720525727,0.8694071622932615,16708.46997922817,15000,1440p
0.99142507828032,0.7244245855993707,19555.578035974555,15000,1440p
1.1664932556589311,0.8799892954133737,16396.148592822516,15000,1440p
1.1623521501175915,1.2800370744434106,13738.36391946542,8000,1080p
0.9156595706499716,1.137735615345692,16340.951916535207,15000,1440p
0.8035591824147464,0.6845844236201916,22547.845425619642,15000,1440p
2.1902160073730106,1.6365002682082066,8768.466116527967,8000,1080p
1.3814846536005918,1.7157234182832282,10833.767451597507,8000,1080p
1.4775912307351688,1.329252271652899,11954.507606659163,8000,1080p
1.7188786156269047,1.8021460655862613,9529.734960119295,8000,1080p
0.9553645512248091,0.6899091742486966,20394.437399979215,15000,1440p
0.7735560466312322,1.0092749448107483,18820.870941255438,15000,1440p
1.6965529645613915,1.4294335757227048,10734.029583169768,8000,1080p
1.8860705230442034,1.4337053947508769,10107.438824451167,8000,1080p
0.8655989142962416,0.967695604283899,18302.804955740234,15000,1440p
1.3220826279362157,1.8578471921016717,10551.941048686482,8000,1080p
1.0432968777272105,1.3553234077263723,13989.055376330565,8000,1080p
0.7790979008065373,0.8584839596603755,20490.23185346768,15000,1440p
2.0458633830112274,1.723682892019899,8901.451143406624,8000,1080p
1.6354911288200895,1.394466556187506,11074.224622353393,8000,1080p
1.1403899879998332,1.447837791778747,12964.250002320328,8000,1080p
1.0928252966976941,1.4694916853239628,13095.347779151703,8000,1080p
1.251327088954417,1.141731186248164,14021.56911417441,8000,1080p
1.3745346904351257,0.9963250322077055,14152.854207079106,8000,1080p
1.1694684520560727,0.9522221852758288,15814.950308776328,15000,1440p
1.1726480191784956,0.884544224823457,16310.79064090043,15000,1440p
0.9582337760735269,0.8160869029688251,18911.142949712008,15000,1440p
1.101502391769604,1.581511230706685,12506.24734772346,8000,1080p
1.6710365351119707,1.4251226838034676,10837.437491910985,8000,1080p
0.8100106921361453,1.0607342007645983,17936.40176559354,15000,1440p
2.4248728145931024,2.1010130458509466,7413.8926686736795,4000,720p
0.6749697028121012,0.8683354598478733,21741.929471788342,15000,1440p
1.190993179122262,1.5015569099248993,12461.952754934347,8000,1080p
0.9508836629338263,0.807727706690139,19080.072254494047,15000,1440p
1.0772976634871907,0.8817026603389357,17128.344284530176,15000,1440p
1.4737891299898314,1.163151387149017,12724.758780834187,8000,1080p
1.5100532602216654,1.718911417042259,10391.699926687485,8000,1080p
1.7224864371457662,1.965410696004068,9098.52709783723,8000,1080p
1.6111136852683894,1.2290782735582508,11814.142313768905,8000,1080p
0.8873281476340663,0.9843925975290196,17927.05032880124,15000,1440p
0.9844066137592096,1.204873627496844,15326.695672706046,15000,1440p
0.8626877207980216,0.8888560914666853,19157.061196553725,15000,1440p
0.9017202416094452,1.1736844516033125,16167.657377731586,15000,1440p
1.0640399068871145,1.1674715833035862,15036.63868525835,15000,1440p
1.416657008399576,1.0031252189457867,13866.715616310274,8000,1080p
0.6739738552586495,0.9254957730128396,20978.473993445892,15000,1440p
1.543572190029085,1.3723851027737366,11507.175390675025,8000,1080p
1.334967353789335,1.3763120088933989,12375.866707737136,8000,1080p
0.9131813968513725,1.3183674916057107,15036.386687992255,15000,1440p
1.8837317956877617,1.6227241157903596,9569.329501666361,8000,1080p
0.9103309684338268,0.8055075145774733,19555.705465418807,15000,1440p
1.0121747656352744,1.4389788576163827,13689.240723919736,8000,1080p
1.0036151669004507,0.9856356612821899,16867.87383703391,15000,1440p
1.5376936288179135,1.3868245729716866,11473.490566571629,8000,1080p
0.8634320269401679,1.2352179566866157,15988.579449543502,15000,1440p
1.3090963067461359,1.80415837392564,10777.927102565103,8000,1080p
1.3917399703596665,1.4691946836577785,11728.485987221502,8000,1080p
1.3047545710919195,1.4497498731859766,12181.658326856112,8000,1080p
1.4234244064493866,2.041107483388794,9685.127188010163,8000,1080p
0.7746594813476942,1.0633518550771086,18255.83517089084,15000,1440p
0.7657831434997581,1.0388659623078476,18593.327584856957,15000,1440p
1.1431237376845191,1.512158603425137,12636.860299374956,8000,1080p
0.8020879260948459,0.9722446383334589,18911.016273215577,15000,1440p
0.7044290990626964,0.8186309668190043,22030.931511933057,15000,1440p
0.847942345151225,1.096688532529329,17254.910628603116,15000,1440p
0.9390774414777125,1.0211534017043902,17117.592102331208,15000,1440p
1.2339219472144767,1.157762461302163,14029.623591020098,8000,1080p
1.0956057479746122,1.023767621896807,15832.241962177586,15000,1440p
1.0773877207631053,1.3610897969864781,13760.402446099497,8000,1080p
1.7853220893208246,1.5069340592897003,10191.926291689493,8000,1080p
0.8713206268921591,0.8510072232404574,19482.023702639635,15000,1440p
1.5463282503968738,1.6354692377907236,10545.747215079089,8000,1080p
1.5632417879595109,1.1364585848465383,12428.946685340405,8000,1080p
0.9683754319406258,1.054666415275483,16586.128480819105,15000,1440p
1.2867083074717616,1.0174214976557059,14562.735105170745,8000,1080p
1.8205954189312958,1.30965521569084,10719.40745858214,8000,1080p
0.625979037388409,0.6191165558044712,26949.281792857506,15000,1440p
1.252488730423701,1.7288361280179936,11254.872780800724,8000,1080p
0.9146923886407176,1.1614090428810124,16162.23152228427,15000,1440p
1.1394674114116938,0.9220490729187492,16276.577099939173,15000,1440p
0.9755708368419496,0.6940026794196466,20097.60676794453,15000,1440p
0.8623127983695997,0.8954776696953037,19088.98279380194,15000,1440p
0.9379740178997179,1.2226405740621837,15530.040445358462,15000,1440p
1.8713807971653778,1.4902593889895568,9981.56558759484,8000,1080p
1.6521007272866681,1.3142705541304003,11311.608971608799,8000,1080p
0.8562078432219322,0.914587722776107,18948.789258509558,15000,1440p
1.5133311032669243,1.5016358752953636,11129.286734676181,8000,1080p
0.8936329008811733,1.22876905551181,15809.649957647829,15000,1440p
1.3993768661003323,1.2807217078527333,12519.849951081542,8000,1080p
1.3835840080151893,1.0136122444112665,13997.365449756568,8000,1080p
1.1819584882914522,0.8019274259183005,16913.48870399427,15000,1440p
1.0955274217083144,1.4245758231331356,13314.7052878427,8000,1080p
1.3885074241192714,1.2191015242353433,12867.89264209752,8000,1080p
1.793679422835121,1.5101234833441797,10156.305612916902,8000,1080p
1.8974446172394757,2.336368338494938,7925.345864548122,4000,720p
0.831195346078703,0.8751925490784048,19664.01197244231,15000,1440p
0.9943879032077232,0.8905296676753347,17801.53812470442,15000,1440p
1.1203726043473763,1.2766743370413969,13998.237339715852,8000,1080p
1.2722525261760433,0.9883654488484963,14843.035121684263,8000,1080p
0.84975515928886,1.1961845304978445,16400.499079959758,15000,1440p
1.9972111405310722,2.1976709821233147,7998.897470512909,4000,720p
1.764144050739081,1.3835657995762236,10659.950756464694,8000,1080p
1.149270205324622,1.3131370889093754,13626.678282902858,8000,1080p
1.6945228736063267,1.5768532331264107,10256.977768756842,8000,1080p
1.2046459424586073,1.2404648702763135,13723.072109958275,8000,1080p
1.22203963909578,1.7130775788316916,11432.058588683305,8000,1080p
1.1975026215374012,1.2046525429200603,13968.469854268733,8000,1080p
0.838800208843106,0.8867955319058093,19445.129127078886,15000,1440p
1.800790967685282,1.2010200995092222,11178.062592513528,8000,1080p
1.1054513779662543,1.2917935758341526,13997.08108543743,8000,1080p
1.2578981861403273,1.2596963993848485,13327.972737517019,8000,1080p
0.8481337459763832,1.1630372510237694,16684.027390037714,15000,1440p
1.0546234318673768,0.729501363860509,18807.22249942751,15000,1440p
1.522585976684641,1.766032341387708,10203.200479546138,8000,1080p
1.5758228786704227,1.9341046176549894,9559.864708068346,8000,1080p
1.2748901965118649,1.0263850450922194,14580.799112326595,8000,1080p
0.9687877650706004,1.306347608091067,14748.323284768196,8000,1080p
1.320918831935412,1.4813021337873984,11974.227732374738,8000,1080p
1.5882691858535485,1.5821339443599216,10583.648394814923,8000,1080p
1.2999212898650834,1.8250475289484749,10737.525378809843,8000,1080p
1.0333349832334424,0.81536152072896,18150.31938886731,15000,1440p
1.047736821189752,1.1026911320451698,15603.606691181425,15000,1440p
1.8359163926707365,1.683817583387143,9533.229564576677,8000,1080p
0.6962845604053105,0.880438662171521,21281.117395583322,15000,1440p
1.1067710065424985,1.5582072483472114,12590.883973793869,8000,1080p
1.146151046001065,1.4075379635716618,13139.592125046658,8000,1080p
1.1171077829491294,0.9721860756885672,16060.178352258614,15000,1440p
1.1791465985345642,1.6939108938452943,11678.997753785163,8000,1080p
1.3757129873803398,1.2516892944162503,12770.953360463642,8000,1080p
1.5539591708626508,1.1468351583079228,12423.912342227377,8000,1080p
1.3394050483319786,0.9735720372286387,14507.03174254193,8000,1080p
1.175345855473418,1.5956805310924138,12109.026519081413,8000,1080p
1.3751671234182072,1.0806130482658671,13663.450982662562,8000,1080p
0.9211907632883481,1.0376553050304183,17129.693109984397,15000,1440p
0.9263698422978327,1.038255608978166,17079.302305794132,15000,1440p
1.2793527594768739,1.7505379979986933,11074.469241906514,8000,1080p
0.5152421221031168,0.7178260746795703,27212.146163164365,15000,1440p
0.9551784305499408,1.0770899202708408,16510.827414326566,15000,1440p
1.4371114179411566,1.7163283352479963,10640.58127829002,8000,1080p
1.9740855720496866,1.390744407865484,9972.103256416518,8000,1080p
1.115040799870609,1.4864389668823432,12898.20986840928,8000,1080p
0.6659343058772089,0.8043400929607012,22821.884150687165,15000,1440p
1.613343230964986,2.238904517008417,8710.351512997151,8000,1080p
1.4565995703481214,1.0387666493473002,13446.696414803424,8000,1080p
1.120086165568095,0.8355966381511486,17157.399930186763,15000,1440p
1.487083953902627,1.4724161234975133,11337.871641306689,8000,1080p
0.8824651791689436,1.280111918803763,15515.947168521936,15000,1440p
1.3421266663519662,1.6980426994363624,11037.027205653458,8000,1080p
0.8909590827112267,0.8426179534237918,19355.60479897049,15000,1440p
0.9249593863966141,0.8718657179077529,18674.28940057605,15000,1440p
1.3538952092490957,1.0931890414010905,13712.005212360238,8000,1080p
1.6701847265805498,1.3965059983897237,10941.576770942644,8000,1080p
0.8606764170202847,1.008112490531436,17955.1750678782,15000,1440p
1.7028948014893661,1.4165336546524245,10756.596111039264,8000,1080p
1.0432812813741914,0.8456782652776536,17763.446580671764,15000,1440p
1.367716309087153,1.970953093136254,10050.24096655219,8000,1080p
2.2445903635651736,1.7362713791141475,8428.936790308164,8000,1080p
1.2714810802022123,1.0833691106433212,14249.07288388988,8000,1080p
1.0732880343555966,1.21075688940516,14690.7933600323,8000,1080p
0.6683245011620298,0.9276410361290315,21024.534186968835,15000,1440p
0.8333815276146604,0.7860285405894364,20720.157703608325,15000,1440p
0.7058027526273304,0.6515505820222723,24720.484448260475,15000,1440p
0.7806772143989693,1.1566476890851196,17319.981764367785,15000,1440p
1.3955700218132088,1.2495599865779186,12685.362115871625,8000,1080p
0.9087343190398475,1.1311654027428433,16449.059550180446,15000,1440p
1.7293594991740173,1.9904934236751965,9020.365239144738,8000,1080p
0.7357236850713871,0.9477994283817412,19931.07889750051,15000,1440p
1.8366539681318894,1.617980043191484,9712.876064444881,8000,1080p
0.8690487820934918,1.1208771270485924,16862.15142274634,15000,1440p
0.8363930973943637,0.986736166494021,18404.856235171632,15000,1440p
1.4145710665784557,0.9753101670571556,14040.208997731346,8000,1080p
0.7224442305067608,0.9648757268050508,19886.229552726876,15000,1440p
1.1302796737911582,1.256498248632289,14058.464210164158,8000,1080p
1.6620453499497496,1.512052723731363,10571.328050076836,8000,1080p
0.7873636717512847,1.139663489796241,17412.53712949933,15000,1440p
0.8037196187580539,1.1353047550484896,17304.80155550006,15000,1440p
1.1609419370959562,1.2392668001908982,13979.79745625342,8000,1080p
1.5684816749836592,1.3993268121151956,11306.131155653082,8000,1080p
1.191196191209862,1.2422717982916083,13788.729559937252,8000,1080p
0.9146486449893231,1.1769167288541764,16042.736421066176,15000,1440p
2.034770640324449,1.8355362907568655,8669.708267975873,8000,1080p
1.7091431761037865,1.5897606295650302,10171.388429799094,8000,1080p
1.4162676791386033,0.9672339297691981,14077.78869315542,8000,1080p
1.3605937532624812,1.4548899606780614,11917.82137962976,8000,1080p
1.4336964218431134,1.0015087453494174,13778.89323333024,8000,1080p
1.3227002578049436,0.9572071038340255,14717.454123170402,8000,1080p
1.290505893049546,1.8402407229877278,10717.709260825248,8000,1080p
1.3202521987609241,1.5817786257461535,11562.39682798661,8000,1080p
1.567988672102203,1.91052813341713,9646.189418075966,8000,1080p
1.6461241852751891,2.3146993413331485,8471.579653722349,8000,1080p
0.8816764150762295,1.254610082289409,15706.897010947569,15000,1440p
0.75361512032275,0.8765512819181155,20583.439797234983,15000,1440p
1.0656545863547016,0.9988670320991164,16252.884784577804,15000,1440p
0.765468810712107,0.8991410626089049,20157.535130472694,15000,1440p
1.0885203049822028,1.520251831024588,12862.155163678372,8000,1080p
1.190101896691022,1.6378415862321802,11865.312090790194,8000,1080p
0.8755656129353985,0.5849327753655146,22974.645003912618,15000,1440p
1.190342632253545,1.7024524340724934,11599.311818038817,8000,1080p
1.7868717716305564,1.893399752567035,9117.379459472317,8000,1080p
1.343540324810713,0.9912061575797666,14371.766807694077,8000,1080p
1.2402370087478074,0.8588191181909202,15985.485842599133,15000,1440p
1.611763154088529,1.7503463341212953,9980.17230481874,8000,1080p
1.158879327643922,0.9984763096973794,15553.50050738601,15000,1440p
1.1482514673895503,1.5961777772125827,12226.37896968791,8000,1080p
1.2198457301983412,0.9899799845066983,15184.198363117854,15000,1440p
1.214689280328167,0.871229335044237,16086.165468162068,15000,1440p
1.183010478092961,0.7901662795237911,17005.284433072182,15000,1440p
2.063971353914691,1.8110294433658707,8659.206476434321,8000,1080p
1.5570468442458252,1.0735282749960804,12755.549824279457,8000,1080p
1.1848372438060786,1.6690916353079508,11757.27687033904,8000,1080p
0.8758533982884797,0.9715622026763655,18162.90388717926,15000,1440p
1.7969769958242787,1.3602397822846946,10627.851794230472,8000,1080p
1.5275711956080509,1.0683767349931708,12925.695313244898,8000,1080p
1.0686174714981105,1.0550073370179276,15800.546247831513,15000,1440p
0.9178037398001656,0.9595248459037166,17873.499746140158,15000,1440p
0.8964476896014192,1.0142957994546724,17560.929654966876,15000,1440p
1.471149891388013,1.3637075894249586,11836.373513344086,8000,1080p
1.4135137168532874,1.448154809730657,11725.478226527825,8000,1080p
1.1987143597262466,0.8910281429254907,16056.73041411646,15000,1440p
1.3916584183021494,1.203140005892784,12931.421449591275,8000,1080p
1.3530287355778388,1.1701962052043076,13298.232534749293,8000,1080p
1.0364810576226218,1.4904472752149267,13278.743035154037,8000,1080p
0.8088688066136935,1.0859644523358565,17708.38243498099,15000,1440p
1.4640131243248276,1.1385315458841896,12892.932207501804,8000,1080p
0.9390352303410713,1.3950650006553413,14375.745974574462,8000,1080p
1.0144366451597204,1.3964300768933995,13917.995421756325,8000,1080p
0.9245655373029147,1.1747964132153925,15983.15716435454,15000,1440p
0.7748323010238913,0.9850641899716497,19066.1394983627,15000,1440p
0.9590953941921743,0.8905958688920024,18140.558194588277,15000,1440p
1.4020535120594353,1.1094217898207024,13360.446736179536,8000,1080p
1.4225767803242497,1.7684638535908161,10515.200478294224,8000,1080p
1.1161304312056723,1.615852218556668,12282.080928632162,8000,1080p
0.9271667181080464,1.1495804434242638,16157.206145037968,15000,1440p
1.0393764848076417,1.0290078305587833,16222.532607077743,15000,1440p
1.069006811828034,0.8597148985501806,17397.2387096841,15000,1440p
1.1518920516805473,1.4616444003731555,12838.7082466874,8000,1080p
1.2936546016508592,1.658194938502812,11367.256882020205,8000,1080p
1.0116314794862589,1.5167913689378094,13270.894154794569,8000,1080p
1.6548186320127,1.1523370770875903,11953.17804823673,8000,1080p
0.7022784483430131,0.7575622066880654,22984.9962626816,15000,1440p
1.6657743593716143,1.4803575694979234,10665.297183534423,8000,1080p
1.598391236091351,1.2495160774865186,11782.136251423524,8000,1080p
0.8354202902571609,0.9440895878457135,18855.996481330127,15000,1440p
0.8666753465649977,1.1146508125163987,16935.339921801093,15000,1440p
1.3344893856841586,1.111686540425027,13717.096812971535,8000,1080p
1.2536573742152342,0.9119048421239262,15494.559217385635,15000,1440p
1.87404802366281,2.7143121900124645,7312.946333200574,4000,720p
1.263020635041389,0.8753329863624624,15691.713318198123,15000,1440p
1.8267405143389628,1.3432823199405195,10584.918076032289,8000,1080p
0.8381880624494418,0.8388439398227285,20008.22402586111,15000,1440p
0.7844350740587622,0.9611551055333842,19222.39961721137,15000,1440p
0.9525632737749725,1.3156890674963315,14793.077202862492,8000,1080p
1.1051489126076146,0.8874156168202123,16839.822000462536,15000,1440p
1.2873332518640832,1.242631800089304,13262.804549055967,8000,1080p
0.9835374838035094,1.2669801659791662,14909.65067669664,8000,1080p
1.2005251012527667,0.9762841199278303,15414.50287582009,15000,1440p
0.8583495834038348,0.8691825214376647,19423.333381742625,15000,1440p
1.081191664776312,0.8671320910319296,17222.20544710255,15000,1440p
1.5560514715187332,1.0642609035081698,12805.508350757415,8000,1080p
1.3160531344527913,1.3907749514425198,12396.218354185405,8000,1080p
0.8514314351743398,0.8486011785635014,19737.522520949922,15000,1440p
1.710301468708417,2.10426976860213,8796.38363331693,8000,1080p
0.7724814174606215,0.9547574601567054,19426.630812228654,15000,1440p
1.6231740482653327,1.1082408635060714,12284.633819414476,8000,1080p
1.2807923334829345,0.9822718477438253,14826.990890647585,8000,1080p
1.295958431417516,1.2004828973027641,13440.905505758708,8000,1080p
0.9710716185130868,1.2200925462288592,15313.518055801043,15000,1440p
1.0512018301465413,1.0305464532471575,16118.390617956478,15000,1440p
1.3757302237936628,1.157282523100618,13246.846878737972,8000,1080p
1.6124255604516946,2.0604408749765604,9135.761561143609,8000,1080p
1.2687101879666591,1.1641980952272184,13791.901746477,8000,1080p
1.6773393426067338,1.3446243600583536,11103.519201904428,8000,1080p
1.1571951680229484,1.6726458214875108,11857.355987272154,8000,1080p
1.9064789875833443,1.4099314893745354,10117.695693320584,8000,1080p
0.825772360641336,0.8622032190304166,19878.505592198835,15000,1440p
0.8983234730358834,1.014475633782296,17542.05754299817,15000,1440p
1.2165522087357525,1.7840775220618792,11182.463352811115,8000,1080p
1.1275000794601129,0.8112812432715664,17306.97093405197,15000,1440p
1.4147895382255573,1.3351974137977618,12201.669529854362,8000,1080p
1.0380965264753752,1.4119550583797724,13695.398173415933,8000,1080p
0.938584447844694,1.275865299445298,15152.491963777176,15000,1440p
1.3309978234463495,1.5570526125358823,11618.36773414522,8000,1080p
0.9911412705470913,1.2469464044575966,14992.456450540849,8000,1080p
1.1620576589614162,1.3343774694709223,13440.938888354309,8000,1080p
1.37811013947737,1.148622118290986,13279.773469008436,8000,1080p
1.4051450814867705,1.405380314196418,11938.84675496537,8000,1080p
1.119113269632764,1.09238171961631,15172.737068417959,15000,1440p
1.5920589179367377,1.1492021084185915,12240.50963312043,8000,1080p
1.1906447023706632,1.3705838093563907,13100.913036991775,8000,1080p
1.3171453524419487,1.1556189251292623,13569.603987064107,8000,1080p
1.0264396587302682,1.0478934668489555,16176.009333423952,15000,1440p
1.0203406860054323,0.7573891681229656,18874.87681105034,15000,1440p
1.0323308944223062,1.1712444880436734,15227.267588390767,15000,1440p
1.125757390327336,1.1417405454518343,14797.998917899715,8000,1080p
1.120514400884292,0.9799769330978885,15974.563406737036,15000,1440p
1.5527502164379623,1.1818200784033754,12270.458749332263,8000,1080p
1.8557566029899155,1.378422971315685,10374.944009472436,8000,1080p
0.9190923666475316,0.8749840835086239,18702.899754957176,15000,1440p
0.7657893816269358,0.9372448235837042,19702.735210682287,15000,1440p
1.0901718170314008,1.2103132479799366,14585.807363124366,8000,1080p
1.2501562684830014,1.4873737514113012,12257.19234351832,8000,1080p
1.6787889802790399,2.0575687486346945,8980.519113665068,8000,1080p
0.9761132218729726,1.021492887926927,16797.321471629435,15000,1440p
1.4591385923947073,1.7886351904725548,10331.517600458254,8000,1080p
1.7947931958431222,1.86274846537324,9174.03958943315,8000,1080p
0.6034905397317358,0.7813025533562528,24230.64656191781,15000,1440p
1.148560395339095,1.6398764853702459,12033.419953714068,8000,1080p
1.686675105953334,1.415390451574542,10816.802990695167,8000,1080p
1.4286582538644157,1.8686522745714722,10176.303296467766,8000,1080p
0.7605307251233209,0.6956781265688778,23042.321134779406,15000,1440p
0.8700640373439645,0.6812593945397749,21629.55274855583,15000,1440p
1.3584550976705245,1.0788950954675973,13766.766915343505,8000,1080p
1.2320462543905,1.2848214256507433,13331.82203660788,8000,1080p
1.4919065374246265,2.0624504048762144,9440.366441722428,8000,1080p
1.2315188963768637,1.1118295304947106,14319.011042159002,8000,1080p
1.4771255582867142,1.9764755144705113,9715.781091419281,8000,1080p
1.3202153679486366,1.5857696308525466,11546.663872608542,8000,1080p
1.1937082517960793,1.48382647127043,12531.838228253115,8000,1080p
1.427966020469213,1.7946196297925527,10412.270034552665,8000,1080p
0.9313361545056158,1.0019641716724397,17356.037003487094,15000,1440p
1.204666536046522,0.8562868800570922,16281.02398521804,15000,1440p
1.4099784843054621,2.0785056521100955,9618.628231595578,8000,1080p
1.3349161392159046,1.3565108533758712,12467.152960997815,8000,1080p
1.0688262344671748,0.8353312768874466,17621.668270567236,15000,1440p
1.2992159589244534,1.2385499969329268,13222.035673760029,8000,1080p
1.1270746864235144,0.8568475762036478,16913.17882363311,15000,1440p
1.1028484506921419,1.198187449124209,14582.315731222634,8000,1080p
1.1407764163243355,1.2149784136424853,14243.601062879958,8000,1080p
1.2985928215197855,0.8711376382371225,15464.792803692015,15000,1440p
1.4038815767227633,1.4569449790575744,11728.929155877286,8000,1080p
0.6001625856686024,0.7967172465063368,24020.986792941105,15000,1440p
1.2699878263609112,0.8949429846910353,15499.07822859974,15000,1440p
0.8986484748595301,1.0932370775474878,16845.56221588757,15000,1440p
1.1004030668022398,1.1681381133195434,14791.193694883106,8000,1080p
0.8703692308652958,0.9005663593167831,18947.29101725834,15000,1440p
1.1224532216118832,1.1321986382407832,14882.311809412857,8000,1080p
0.7562376989397794,1.0784163511787161,18289.242049656612,15000,1440p
1.4854525520072885,1.5002245066687754,11238.46663271714,8000,1080p
1.132699854687197,1.276790622623474,13925.945056006798,8000,1080p
1.110850606044079,0.7439312678381045,18090.769848730684,15000,1440p
1.8448737899588852,2.3543382867107794,7990.649528378081,4000,720p
1.818291222528966,1.3584253502519312,10562.614331887486,8000,1080p
1.0122767658688996,1.3085868330146424,14457.735480939706,8000,1080p
1.2572219516681546,1.1061043933112236,14197.968076344017,8000,1080p
0.9913130216263957,1.2522722412416298,14955.719559820345,8000,1080p
1.0132625223163074,0.9398398187464898,17180.06849643172,15000,1440p
1.3099724884574666,1.695607617622299,11164.045147931749,8000,1080p
1.7885627117218617,1.7395033302738838,9510.71538927855,8000,1080p
1.2102088412152354,0.9437191897092103,15578.25123135556,15000,1440p
0.8328011313606838,0.8012620276407361,20534.354388422293,15000,1440p
1.3502876357238234,1.1951538192980193,13182.16607724418,8000,1080p
1.2002394942290058,1.1348543617982954,14369.628832429977,8000,1080p
1.1869709065923355,1.5126207647495735,12429.447147953606,8000,1080p
1.3349035642924276,1.7024255271961182,11047.34817640571,8000,1080p
1.0980029275442433,1.2609661826184437,14224.193040698998,8000,1080p
2.029762371284368,2.474683236416356,7449.181302719232,4000,720p
1.0688308989126643,1.3711353408531874,13752.006668428334,8000,1080p
1.1029510572694277,1.4262881337520883,13266.61081289348,8000,1080p
1.0904775045386776,1.449391984550674,13211.08511446809,8000,1080p
1.5315689072455982,1.5788991999113628,10787.58271875339,8000,1080p
1.024845007166036,1.4866029840549932,13360.59202392096,8000,1080p
1.3714299961855139,1.5671685721920612,11418.515057170835,8000,1080p
1.407129589031623,1.1465373416110942,13139.705729578009,8000,1080p
1.7767100462296497,1.5443447576416267,10103.54660841079,8000,1080p
1.4682995472302365,1.9775523131181696,9737.630449559532,8000,1080p
0.8336320100794952,0.6218235334229176,23054.247276598024,15000,1440p
0.9767325693141764,0.9255977038160332,17638.594346074042,15000,1440p
1.0849277441667848,1.3934821776129838,13538.693379626346,8000,1080p
1.842173806566418,1.2548671191707088,10834.352145996814,8000,1080p
1.0781190854500238,0.9624767264687606,16443.44843011736,15000,1440p
0.6413817138351298,0.8750667474806665,22126.984764708322,15000,1440p
0.9967862841594789,0.7957436323867378,18719.035978295688,15000,1440p
0.8638846608100682,0.9191601189813697,18818.614305314783,15000,1440p
0.7569448475656754,0.6926909225945644,23146.801900653267,15000,1440p
1.058474792676466,0.8790383490095326,17318.29904947193,15000,1440p
1.5866955073668005,1.1963049929539376,12056.926326866589,8000,1080p
1.5147760952265803,1.072201310353997,12970.516065434911,8000,1080p
1.5306684233614936,1.026189811483188,13123.305603229226,8000,1080p
0.9197938352287988,0.7550048188363162,20034.90504279772,15000,1440p
1.1667541905044405,1.7325926350742005,11573.100432130374,8000,1080p
0.8803328586771711,1.242962932401805,15802.99463738349,15000,1440p
2.002246555076279,1.3485987093055636,10013.72171871686,8000,1080p
1.38669561712272,1.1123753760317574,13426.76222160683,8000,1080p
1.2097795286389488,1.5327128586787548,12235.013725167686,8000,1080p
1.533504516992882,1.837485860518456,9953.879496022722,8000,1080p
1.469061797458743,1.1266810341783442,12926.716618856204,8000,1080p
1.359653130203055,1.0657457107493606,13834.603791112439,8000,1080p
1.3026384661133503,1.1373577171884846,13751.837904350205,8000,1080p
1.6753052361929661,1.2945976093837823,11298.15813671299,8000,1080p
1.5752261231418971,1.485487802788615,10962.942898950887,8000,1080p
1.1471401220340958,1.0852163263527193,15030.947241533804,15000,1440p
1.293724484936185,1.1955228753167435,13479.7499580719,8000,1080p
0.8318118585926547,0.780195803512394,20815.305527879915,15000,1440p
1.1688566781096212,1.512114669566047,12515.774190981492,8000,1080p
1.3447374721843846,1.6023845645168382,11385.491195185863,8000,1080p
1.110896512077424,1.112948831609407,15088.473708504993,15000,1440p
1.2524801508592638,1.2923471675631892,13185.347295312951,8000,1080p
1.3646765747070246,1.807863271860229,10576.520271701713,8000,1080p
1.1996711784626435,1.143172043541332,14322.098757977867,8000,1080p
1.0894594654332166,0.9174978934004705,16719.055764841785,15000,1440p
1.515479708829439,1.4277465680119137,11400.561439676447,8000,1080p
0.8992511537757364,0.7565318636682801,20264.99344811314,15000,1440p
0.8896596608609646,0.6426864531193857,21897.423626337644,15000,1440p
2.1726868919438442,1.49696484979866,9143.764684347663,8000,1080p
1.0858169622504696,1.5875993397347294,12551.143634114704,8000,1080p
0.5763702484998061,0.8119194132404579,24169.618866093464,15000,1440p
1.3208960920710493,1.1153984853421401,13772.731881884105,8000,1080p
0.9537837306935818,1.3152549295572395,14787.950768670846,8000,1080p
0.8290702165606838,1.046012221081599,17894.910285753165,15000,1440p
1.252695494282721,1.686644512094687,11415.634777602401,8000,1080p
1.061597231374641,0.8641179078373051,17424.400585920186,15000,1440p
1.6879551221091311,1.6747231741567326,9978.484125960256,8000,1080p
1.0388962747773725,0.7126690439668237,19156.82597783862,15000,1440p
1.2156227924196348,1.081742098875554,14605.617125576846,8000,1080p
1.1066175898525028,1.2040681021713366,14521.417653567147,8000,1080p
1.1577146067202193,0.8947822212255199,16348.104193458496,15000,1440p
1.595688316471288,1.4153431727368553,11143.832975597448,8000,1080p
1.235715831199688,1.3771337799697947,12842.083163363315,8000,1080p
0.9937772859050367,1.042469631927418,16478.567361426896,15000,1440p
1.1008853861821746,0.9440153706834589,16408.8315226756,15000,1440p
1.7545198589436932,1.3651556198954635,10755.744380337192,8000,1080p
0.8267032411912547,0.6719485823952094,22389.744883971773,15000,1440p
1.0452729222986379,0.9289953360290779,16995.882833279175,15000,1440p
0.779570899077332,0.8519487736784492,20566.36678080847,15000,1440p
1.1356523214467982,0.8540850594668028,16863.74911677704,15000,1440p
1.1372512074813546,1.3963599211412385,13243.71827267825,8000,1080p
1.6889968367498673,1.3522410072490645,11033.149566453896,8000,1080p
0.9950545854873962,0.8637277083305206,18051.835393309884,15000,1440p
1.2116967018899334,1.570781690400395,12059.188704923057,8000,1080p
1.3659991382408327,0.9247413890499467,14647.853652671987,8000,1080p
0.755754002798736,0.8186802016095485,21312.057313065474,15000,1440p
1.7848649626595774,1.637561310923657,9804.281909298505,8000,1080p
1.1558310763097184,1.2812598604194332,13768.231416523915,8000,1080p
0.9134249871299779,1.2369852586624441,15603.735178277695,15000,1440p
1.0946054938023222,1.4705967385448337,13080.618587056877,8000,1080p
1.0102596334707625,1.3930777650917499,13961.598575410022,8000,1080p
1.5253052340631246,1.3493855436507414,11672.362210270345,8000,1080p
1.6408405817474145,1.325687854988609,11311.009725873002,8000,1080p
1.3302187498921458,1.746269957135257,10906.730105445866,8000,1080p
0.8303187871276697,1.058850824637081,17761.471384591787,15000,1440p
0.9161698372051785,1.3685561373589192,14686.414201773952,8000,1080p
1.0223328458808172,0.7601209721638287,18824.853502689486,15000,1440p
0.9707582705957353,0.7695587116291128,19280.643895747944,15000,1440p
1.7706560451619573,1.2842982937028513,10983.611628208002,8000,1080p
1.5835544182205001,2.1748598376071966,8927.81628527813,8000,1080p
1.1582620922481133,1.376205093828354,13239.244991743062,8000,1080p
0.8624470207445226,0.7593621609948898,20689.50674210169,15000,1440p
1.0296348463970433,1.2243482538814452,14886.727409737108,8000,1080p
1.4745595008686838,1.6074393155267732,10887.230657422346,8000,1080p
0.8650715486668155,1.1381823728146037,16749.964465406505,15000,1440p
1.407206379374745,1.013617585550802,13860.748441918195,8000,1080p
0.9195410142159055,1.2410769704947269,15530.016059036869,15000,1440p
1.1262021389319683,1.2962675312483123,13851.332139693155,8000,1080p
1.770126224209036,1.3258676154147473,10838.016397370302,8000,1080p
1.080978998445712,1.2322707207112067,14505.321981506244,8000,1080p
1.060301352548703,1.4785343075509827,13216.464746947231,8000,1080p
1.0371370322553932,1.1609672418331487,15265.168443345829,15000,1440p
0.9205783939178147,1.3757278786418707,14612.35045210105,8000,1080p
1.1676128489559066,1.2042828231252276,14146.672804777656,8000,1080p
1.2930757582414358,1.1412794113254146,13783.704374563555,8000,1080p
1.7920130219822965,1.6738648960461544,9681.365816568428,8000,1080p
1.147734645357869,0.985687676795749,15727.983930592762,15000,1440p
1.936776145098203,1.3597556647990332,10178.707179241812,8000,1080p
0.8372043727327154,1.127837023214174,17075.68709199188,15000,1440p
0.8216550664026976,0.8171284382794981,20475.20731330958,15000,1440p
0.941381419589317,0.9503735735704065,17737.19753420889,15000,1440p
1.1295801239640657,0.7662049150831769,17699.49193019443,15000,1440p
1.2796502983185067,1.0331933694607478,14507.868589414124,8000,1080p
1.6486521884992205,1.5736998128686022,10413.025015813551,8000,1080p
0.8737236135548053,0.9347153800335007,18554.362142690406,15000,1440p
0.6928632263102235,0.5621872936537673,26735.522966009947,15000,1440p
0.8035767489212856,0.6799739196273779,22617.65149742127,15000,1440p
1.216599320938235,0.9117854306676692,15765.209732254745,15000,1440p
1.0476808650236873,1.5396030787526105,12968.979334763417,8000,1080p
1.9177323677188505,1.4830594062149056,9866.652894536672,8000,1080p
0.680279241988299,0.9357055682287954,20764.076362507538,15000,1440p
0.9305263371449854,0.9032986402005718,18297.510620980687,15000,1440p
1.639220094846003,1.2771561554169208,11505.522305969584,8000,1080p
1.167144522721194,0.7846983656247248,17191.154165300446,15000,1440p
1.3024992634405133,1.2203901307468767,13300.001211827883,8000,1080p
1.3749832425861044,1.8705925632608067,10338.514336824803,8000,1080p
1.2135265347914435,1.3226866601609033,13230.130679384964,8000,1080p
1.228511116598412,1.6159371667184068,11796.464079449976,8000,1080p
1.7647745077348451,1.4604094226621147,10403.881677492445,8000,1080p
1.2286597903289667,1.1994843329954796,13818.962259151076,8000,1080p
1.6084019296180947,1.1601410416846991,12119.888456782843,8000,1080p
0.9761633034127878,1.1205283723509334,16003.512766262009,15000,1440p
0.9788218854272022,0.8929900600672307,17926.176868764833,15000,1440p
1.8454091548584606,1.3400844890013663,10533.510893885343,8000,1080p
0.9144204708327062,1.0098654383476908,17437.342257675056,15000,1440p
1.6569635109140899,2.216722503891497,8662.145530575233,8000,1080p
1.1520682203793648,0.9899047244560846,15665.198797633608,15000,1440p
1.1240705754228917,1.0115135320234967,15712.062982207948,15000,1440p
1.9638393695263239,2.3736619278058,7735.8897899669555,4000,720p
1.0477463512415033,1.4587485626960952,13386.9938508223,8000,1080p
1.5975552643431499,1.1665347683764038,12139.413551224385,8000,1080p
1.03336066962394,1.5045384834007778,13221.341738504138,8000,1080p
1.1271167360264525,0.926256655501491,16341.125359100755,15000,1440p
1.2775642476409925,1.1349669606669277,13908.392929571306,8000,1080p
0.7815923449261065,0.9274688895345088,19633.253228980924,15000,1440p
1.3213493479177512,1.6712549279266908,11212.452067532964,8000,1080p
0.9560664101011174,1.1650178489800078,15819.471506773669,15000,1440p
1.3982842207857948,1.716640719143593,10772.147851742662,8000,1080p
1.1785097551862742,1.375386531841601,13138.525699118869,8000,1080p
1.3676786141862038,1.2736808825887964,12703.47033070231,8000,1080p
1.6205772104216696,1.8262718144140149,9734.813378314295,8000,1080p
1.4252812057688995,2.110672401337678,9489.500069390655,8000,1080p
1.7543721027999104,1.9509635270085233,9055.706514158548,8000,1080p
0.728982892403831,1.0638037567316427,18716.355354487263,15000,1440p
0.9679668620399138,0.8109529315023427,18862.251194127795,15000,1440p
1.3629160456205056,1.1839211200507906,13174.942023101705,8000,1080p
1.2336725734229241,1.1779063114060473,13913.885301902397,8000,1080p
1.4694434465678408,0.9978493331250251,13599.696102615324,8000,1080p
1.1123335779238717,0.9795533569707626,16040.270360830995,15000,1440p
0.9469074357658069,1.3074879620328819,14884.004834628533,8000,1080p
1.2764292398105932,0.9422991409029728,15123.271641393323,15000,1440p
0.9362131568101775,1.1671418109082154,15952.814677019569,15000,1440p
2.01156485963749,2.4562628517572076,7510.234093052235,4000,720p
1.0720158510689783,1.370236781976808,13739.13228548905,8000,1080p
0.9998360076486833,1.2378863992966722,14994.903700233355,8000,1080p
1.147120907306323,1.5544860725867382,12420.175195626787,8000,1080p
0.9677967920761517,1.3407914259976512,14534.61112610049,8000,1080p
1.1460413258759918,1.4923615066010218,12717.706176997266,8000,1080p
1.50587758201566,1.4788541099850407,11242.026239721423,8000,1080p
1.3452939920119613,1.910709879871494,10305.40297871029,8000,1080p
1.6797311150628444,1.2694344926510772,11377.601824812438,8000,1080p
1.3329032953147186,1.2323528538710151,13080.343657163,8000,1080p
0.9339630650473679,1.1932603800878825,15773.816369284415,15000,1440p
1.0472686903827453,0.9851192232817729,16509.85610296183,15000,1440p
1.7522289597828862,1.372097682783572,10739.732377161732,8000,1080p
1.4418548873193984,1.307473405156536,12204.592696997355,8000,1080p
1.7835931929017308,1.2778130322856054,10960.46376463702,8000,1080p
0.8979660190710625,0.8249198453023874,19475.71379732836,15000,1440p
2.0144301588004097,1.3630251259487909,9934.826421393067,8000,1080p
1.3770564262887155,0.9900057859309697,14175.559825499779,8000,1080p
1.4510945041391736,1.3396911220907886,12023.292539788616,8000,1080p
1.5771685339845438,1.5319620974273194,10792.223286148273,8000,1080p
0.7834341712623748,0.8289141500254967,20810.907641345282,15000,1440p
1.185425253821293,1.045088094855949,15043.367492016461,15000,1440p
1.101923755844297,1.6265675857844413,12297.796767047868,8000,1080p
0.956349527839761,0.839446379247467,18684.99191226308,15000,1440p
1.2049380919688868,1.388787458209053,12936.770429584592,8000,1080p
1.2267400437408809,1.3822730221023922,12860.967405371997,8000,1080p
0.930225611944069,0.8392678597404604,18962.7328593966,15000,1440p
1.008286606628572,1.3600499206863381,14167.93247623562,8000,1080p
1.1736404492523707,1.233882327143578,13937.326919179075,8000,1080p
0.7004165242983111,0.8497050509727955,21646.32280157222,15000,1440p
1.1673581185344752,1.1027442127433944,14781.021779362598,8000,1080p
1.4560017200938062,1.3303216424416153,12042.547699656463,8000,1080p
1.5559526799883694,1.1093475941028001,12589.362754424206,8000,1080p
0.6170074092290906,0.8237611619767754,23289.258712741266,15000,1440p
1.626130415913582,1.3173698731998527,11399.500154323547,8000,1080p
1.589561111447507,1.6393141839821808,10391.987590073431,8000,1080p
0.9456818523994875,0.8718567337650912,18461.468854318802,15000,1440p
0.9552719831271694,0.7340399221032017,19862.780754761916,15000,1440p
0.7624665227602706,0.5472941918612958,25618.749765063,15000,1440p
1.2978390898105485,0.9305843725521172,15057.475639941531,15000,1440p
1.388617584828379,1.5631677904728662,11367.503979375733,8000,1080p
0.9294518671477522,1.0742227582589772,16746.4475392,15000,1440p
1.2290016827829584,1.404985318923691,12739.02717752933,8000,1080p
1.1915694121681963,1.4970572804673243,12480.137942507867,8000,1080p
1.061205151031627,0.999339985464673,16284.249932547038,15000,1440p
0.9111681636168869,1.0139269531958444,17430.012526110466,15000,1440p
1.8511556511556577,1.656895249284689,9564.978659741822,8000,1080p
1.4425875884789838,1.8699234403450986,10129.606122975409,8000,1080p
1.2900955074260931,0.8639131729794345,15577.667957068224,15000,1440p
0.9695744939600786,1.4075436990667531,14115.592610594796,8000,1080p
0.7873223875854863,0.6451015010200424,23424.931870317658,15000,1440p
1.1025697640993957,0.8594635807235393,17101.86633093544,15000,1440p
0.8097721131977457,1.0627739392621791,17919.14914771802,15000,1440p
1.1598736448885036,0.9577661192572697,15845.203026556972,15000,1440p
1.658702309568967,1.8850881506221604,9468.51468136474,8000,1080p
0.9588832346768746,1.3512179193411304,14525.092090291419,8000,1080p
0.9103600712209388,1.1357161942243157,16399.404346102463,15000,1440p
1.3068256689576558,1.5231122538368078,11856.9498396863,8000,1080p
1.7002921214092368,1.742811643306047,9745.402489423574,8000,1080p
1.5614130871189134,1.1626706234426414,12317.694889443372,8000,1080p
1.6445043009803502,1.3029126310552333,11384.352052570384,8000,1080p
0.9895601720756002,1.2883200698926875,14730.551405549764,8000,1080p
2.061742353054547,2.016845859779388,8226.972238681898,8000,1080p
1.0465423284969675,0.8143047214893739,18031.805462058954,15000,1440p
1.4037727526869266,1.1167114464788734,13312.692859215484,8000,1080p
1.730725680606415,1.3095471534706633,11036.651587286233,8000,1080p
1.9980903952704339,1.623429448324124,9265.290112754257,8000,1080p
0.7964120903728074,0.9633022402837506,19068.11316782348,15000,1440p
1.2543593120878769,1.151048521173967,13949.58124606198,8000,1080p
0.9247229523168687,1.2367074069217823,15524.179095836944,15000,1440p
0.9270850944547521,0.9571577846560321,17807.912330195497,15000,1440p
0.717384824951653,0.6726815107736999,24138.727151097366,15000,1440p
1.616528183063806,1.1335372546353688,12201.321299493551,8000,1080p
1.2273891015378477,1.406094806912556,12741.460804954802,8000,1080p
1.637739845389639,1.6248808660104856,10284.502848509293,8000,1080p
1.755563936440664,1.4677303673055722,10409.980857472974,8000,1080p
0.7784062068333806,1.029873527224264,18555.996269839492,15000,1440p
1.5257904208819328,2.129603249199442,9179.430460427817,8000,1080p
1.2528656618850715,1.2777342623588468,13259.47720085594,8000,1080p
1.0388259463672616,0.9332339654929045,17014.915113988314,15000,1440p
1.3597327672826973,1.046443604479996,13945.125716374241,8000,1080p
1.7304540533400772,1.9305044675049188,9165.47724016693,8000,1080p
1.4430007544443952,0.993944732164673,13769.053179228034,8000,1080p
1.3602671447221084,1.5799978389143448,11412.043535783852,8000,1080p
1.593301021735107,1.7086088614400152,10162.128340018171,8000,1080p
0.8925262159146953,0.8250209134238374,19536.251103003262,15000,1440p
1.4796511423773124,0.9990739982739025,13536.971667292051,8000,1080p
0.9505166929099982,1.0939117816370123,16412.622117990577,15000,1440p
1.3621571329804458,1.2338269558931192,12925.515277160173,8000,1080p
1.3511439758920072,1.388956450758855,12245.694235744679,8000,1080p
1.4584868350819413,1.3209962703308429,12072.184189447265,8000,1080p
0.5215665054197053,0.6054993600624513,29771.49164715895,15000,1440p
1.8965065266378445,1.5414426598318842,9760.013944375803,8000,1080p
1.3358475169211148,0.9812019486961596,14481.534597303436,8000,1080p
0.867585677217509,0.9861360598357976,18101.115895279105,15000,1440p
2.66301091753985,1.8118968080906175,7498.351710765731,4000,720p
1.6565721642300992,1.4125540949066553,10932.893979225792,8000,1080p
1.4237616843043006,1.4558146513434393,11652.558601976485,8000,1080p
1.7292189103298707,1.8423941360776943,9394.75569273946,8000,1080p
2.1689042866834396,1.7617382777491701,8536.627650559114,8000,1080p
0.6938924910850723,0.8243274948646195,22101.166043477355,15000,1440p
0.8743161996396869,1.1192535001931176,16831.331256095098,15000,1440p
1.1591290930463667,0.995609017576705,15572.39454510659,15000,1440p
1.059093295212255,1.5647563070581403,12788.245168841091,8000,1080p
1.3937807260306754,1.7327759496903077,10732.072206003544,8000,1080p
1.4420155986065117,1.3207125417220793,12145.397699539533,8000,1080p
1.4542053537537025,1.172303303974603,12775.298456096305,8000,1080p
1.2136249892581468,0.8488666891623229,16268.881155291347,15000,1440p
1.0393871117568987,1.367320427705731,13942.047984564026,8000,1080p
0.7878758484484406,0.8233928362138662,20824.85206806611,15000,1440p
1.603052783646735,1.6545632860529276,10300.302823313848,8000,1080p
1.5907447511877497,1.6426223406908824,10377.55103164126,8000,1080p
1.0795307517676977,1.0702523199079315,15608.287385873913,15000,1440p
1.8147129977995256,1.4689639874982785,10218.55442853703,8000,1080p
1.1470986319712277,0.8006487619864171,17227.301704570866,15000,1440p
1.6150035988512927,1.385411781483251,11183.262230931075,8000,1080p
0.921768288826391,0.9579627893581899,17850.655548242798,15000,1440p
1.4942933022410825,2.2106821333648803,9056.586901368226,8000,1080p
1.706923671599614,1.7734022116322863,9641.17531684725,8000,1080p
1.828663444980987,1.9199001186696407,8951.277317363192,8000,1080p
1.8048470711596079,1.8161839119020107,9266.540981549235,8000,1080p
1.082944803796333,0.9477287856018459,16523.793964319182,15000,1440p
0.9570464263787182,1.3644213668318343,14453.97265391081,8000,1080p
1.269580773673813,1.6954020293622398,11316.90611009321,8000,1080p
0.6919546820334338,0.8379133305885887,21932.893375874602,15000,1440p
0.9994368446829226,1.452748572620862,13683.480769122922,8000,1080p
1.8272230931710767,1.252626253339736,10894.829007793545,8000,1080p
1.007199676513393,0.855887249687334,18010.126917924,15000,1440p
1.471977674339388,1.3278579700083777,11984.429181669575,8000,1080p
0.8956555382874065,1.075742382880421,17020.62868166303,15000,1440p
0.7945751566661108,1.1540917989665993,17219.1722669743,15000,1440p
1.4660137994531592,1.6860176723151972,10645.335333906185,8000,1080p
1.3101790396280646,1.1677841129875093,13541.134364561542,8000,1080p
0.9826493132937055,0.8074400342802828,18744.55710575258,15000,1440p
0.9558183851688012,0.9963157609335446,17188.589250895067,15000,1440p
0.7593009632085436,0.915512374421558,20034.72939108562,15000,1440p
1.0800216035957577,1.4322210591555296,13356.365807136162,8000,1080p
1.2809214256828703,1.269099154890433,13158.494584563783,8000,1080p
1.3080850135054145,1.6231997000168177,11447.005418890541,8000,1080p
1.5413752899942676,1.69684606236867,10361.994548493498,8000,1080p
1.3998762600052697,1.5808991037729734,11256.947574026013,8000,1080p
1.2858281192653016,1.2903561725092794,13024.856997667017,8000,1080p
1.2207960575380328,1.4486326030340508,12569.892762299543,8000,1080p
1.4788688885004413,1.1365350728728647,12829.540864647584,8000,1080p
1.2203569389795355,1.423043288103517,12693.663129864655,8000,1080p
1.3362252148119371,1.5240130673912768,11731.34147905794,8000,1080p
0.961873323745586,1.2951816600467594,14866.466364776468,8000,1080p
0.9129047513038541,1.193993872303107,15925.983160288748,15000,1440p
1.3572659384112125,1.0745503917921744,13798.094692946506,8000,1080p
2.4400463328385897,2.366107931066017,6981.55534706865,4000,720p
1.2436746487177044,0.8637931340714151,15921.68206509545,15000,1440p
0.901554437514058,0.9164555306728274,18456.682079397,15000,1440p
0.8186802974014127,1.1887069528540646,16715.475300408318,15000,1440p
0.7769497301102611,1.0749770368604827,18118.660304740915,15000,1440p
0.8760984131208324,1.0503310637256487,17417.939459132343,15000,1440p
1.2451846377010616,1.1352301878644913,14096.043949830442,8000,1080p
1.5551949562503011,1.0822504925679224,12722.32266075302,8000,1080p
0.8477976136027123,0.8128629879964329,20205.472429278154,15000,1440p
1.5672018187100598,1.4732767901687798,11035.904644095825,8000,1080p
1.1754098217344195,1.2554883396903784,13803.306338564622,8000,1080p
0.8608871914746625,0.8512088193876604,19598.452298887027,15000,1440p
1.6374891928762216,1.1599972418454922,11994.493193436309,8000,1080p
1.2671424136751448,1.2339797333615221,13415.751021898446,8000,1080p
0.8789045847298242,0.6846817127520741,21459.91689364268,15000,1440p
1.0121350557762463,1.093099862676106,15938.568995742902,15000,1440p
1.6548472562862702,1.183925427299036,11820.048922558148,8000,1080p
1.7132145279868447,1.283721956573221,11196.243955408889,8000,1080p
1.5008819032419003,1.6338939241242165,10703.933502062542,8000,1080p
0.957658458901582,1.313312724238303,14775.366701750503,8000,1080p
0.9324611913628338,0.9733815879979586,17606.086065112857,15000,1440p
0.8198682110133649,1.0853818599200475,17611.563181079502,15000,1440p
1.7920890396215863,1.3028468006870693,10841.721357510805,8000,1080p
1.0575275350346263,1.0831635723140045,15674.579057582529,15000,1440p
1.460288088967312,1.1233172069704804,12987.445122812567,8000,1080p
1.0086828226071909,1.4165406206364428,13835.604341314782,8000,1080p
1.4735034663440705,1.5856989164033668,10968.35965780895,8000,1080p
1.5548719112699292,1.868070025905359,9802.804901706892,8000,1080p
1.1819785436066916,1.590648859824527,12102.034322561796,8000,1080p
1.0821587199810456,1.4181540739433576,13420.093710488974,8000,1080p
1.1237353324112183,1.018498603406657,15663.290287290394,15000,1440p
0.9803663441387511,1.0560584968455131,16477.127623223332,15000,1440p
1.3312593683715916,1.3535452072562593,12497.904802681282,8000,1080p
1.4916484077197978,1.2176676726572337,12384.834771781418,8000,1080p
1.3785102195301793,1.0427285871916228,13858.373617194122,8000,1080p
0.91721633056783,1.1820503816785732,15983.882278633262,15000,1440p
1.363695707356293,1.024347830296937,14051.013505798348,8000,1080p
1.5394020135466617,2.078986666788417,9273.30780752186,8000,1080p
2.0297118371953884,1.9907524532861558,8345.909719790367,8000,1080p
1.7608125629853906,1.7907777832920682,9447.720240362049,8000,1080p
1.2755734272152108,1.5963675726195565,11683.538067784297,8000,1080p
0.7891184453941187,0.8459201781835095,20522.10358589545,15000,1440p
1.1943210849498558,0.8123239985877004,16721.657594200064,15000,1440p
1.6100025785044616,1.3898415876120318,11185.391687675077,8000,1080p
1.3956224534260013,1.041361824564279,13768.834006459612,8000,1080p
0.9491628873878116,1.1361085483077167,16091.157930626017,15000,1440p
1.1021516187208793,1.0027652153076423,15940.977551964097,15000,1440p
0.9850255237567143,0.9367419139878628,17460.19385122901,15000,1440p
1.2768739708581172,1.251918152786534,13268.956228651678,8000,1080p
1.1894363248638686,0.8159151510803289,16732.44436325122,15000,1440p
0.7586162546461716,1.0628382216372327,18421.77909846328,15000,1440p
0.7790743092377546,0.6428613157090366,23597.715263133385,15000,1440p
1.2192595715295513,1.2909986174980417,13366.924624194968,8000,1080p
0.9946790933930794,1.402294198314672,13998.667451189562,8000,1080p
1.185514549859464,1.366970315452712,13145.790776665859,8000,1080p
1.2370358112681485,1.1317692384931026,14165.130221831429,8000,1080p
1.501701207074084,1.7307428740729993,10380.514297433008,8000,1080p
0.9008146266875299,0.6356727783632095,21838.403549355444,15000,1440p
1.1017928679836828,0.7540958505763975,18079.980585276535,15000,1440p
1.4023990400890238,1.858579094185038,10289.683223365028,8000,1080p
1.4497895881472538,1.172036015209948,12798.117448023291,8000,1080p
1.3273977430768684,1.3913131376998336,12342.037631604988,8000,1080p
1.1586126731341433,1.1603019374492622,14469.886837082884,8000,1080p
1.2217337216576707,1.3721981676937391,12935.741349935752,8000,1080p
0.8077149231079099,1.1987827898314283,16722.88574445758,15000,1440p
1.4782142843521773,1.7152786846887094,10507.1256850387,8000,1080p
1.7320162865866053,1.6404723457146764,9949.457406207324,8000,1080p
1.3264791534745564,1.6596660042717064,11236.704924727966,8000,1080p
1.9243301995899205,1.7331433599856574,9174.21040875378,8000,1080p
1.0667832478204013,1.5592269743310585,12777.723299381996,8000,1080p
1.8136035656880722,1.4196180996822243,10378.017801682972,8000,1080p
1.3678019122090168,1.335098682123057,12414.230871221436,8000,1080p
0.8185757991688402,0.6052466030660756,23566.44476679885,15000,1440p
1.2822894729126781,1.1184669221246957,13976.608401152522,8000,1080p
1.9643552278992031,1.4842151580669924,9729.954225828847,8000,1080p
1.2263890891308704,1.3960133847457654,12795.302145363397,8000,1080p
0.914228965779,1.210445444226775,15792.74068628181,15000,1440p
1.0682271874486517,1.0822449450859997,15603.286130683828,15000,1440p
1.7496921145314233,1.395898496903045,10667.132549934187,8000,1080p
1.9529607229406962,2.399870427523386,7708.645440203339,4000,720p
1.0138745698193525,1.169369325587406,15369.071715072172,15000,1440p
1.2846726766322711,0.9039331231435717,15331.418752265323,15000,1440p
1.2009374244334472,1.3103967460050328,13361.197563819786,8000,1080p
1.2476385927993852,0.9560272647860966,15226.642407921592,15000,1440p
1.1974150161090102,1.2339737032070162,13800.521378350062,8000,1080p
1.6204635289643026,1.083642345614337,12408.697571883547,8000,1080p
1.402425913108548,1.9698530061451267,9950.076136473905,8000,1080p
2.1511419682079334,2.0416020274262783,8002.9765792853805,8000,1080p
0.9945144645926249,1.1229287010378575,15846.67420814053,15000,1440p
1.0606393886787309,0.7939276287994894,18092.86571138649,15000,1440p
1.267633321375065,1.8418424525829578,10791.025381519174,8000,1080p
1.7770944924410828,1.8701783304730528,9199.868951177152,8000,1080p
1.5629037284725442,1.3047479041812131,11701.014034591206,8000,1080p
0.7904929148322959,1.0502285702190608,18228.956565400127,15000,1440p
0.6593876479060777,0.8650068724386456,22011.6456417149,15000,1440p
1.7059046046827961,2.204239499842282,8581.37989368949,8000,1080p
1.0203847534697281,1.4997668994917894,13314.4495334513,8000,1080p
1.7603733394988461,1.9966317754852196,8931.164843554468,8000,1080p
1.1099888776429447,1.0609003577511669,15456.538018121593,15000,1440p
1.3410728276550514,1.0965703675667158,13765.112164804475,8000,1080p
1.066260549431722,0.8306968174896645,17688.55356747222,15000,1440p
0.9467963863890295,1.105007280082655,16353.62707860872,15000,1440p
1.270632469745629,1.3399933920854918,12853.022139474464,8000,1080p
0.9106135234128813,0.7721322702329066,19940.285767882946,15000,1440p
1.3054084346564154,1.1377617146333228,13733.972646053619,8000,1080p
1.1371440573595855,1.2074462850519263,14311.426347294353,8000,1080p
1.2379318399213017,1.0099014189625828,14927.45597004858,8000,1080p
0.8395882325240862,0.7051668892692879,21721.52176523952,15000,1440p
1.0536730320731411,1.0380255753864465,16041.714556932546,15000,1440p
0.6698451440166905,0.8900773320825835,21510.320233288687,15000,1440p
1.189428959533787,0.9826795696329951,15447.861628199322,15000,1440p
1.3302330160150098,0.9591034306856601,14656.837376768166,8000,1080p
0.9271853620093791,1.114174923653175,16437.290485010784,15000,1440p
1.367557179142281,0.987183979203283,14249.732664279447,8000,1080p
0.9217078341933724,1.1867482926481754,15914.218737035946,15000,1440p
0.9119834084119759,1.3098156537572314,15102.370223903068,15000,1440p
1.0198789733633549,1.2407970177030874,14842.654202812659,8000,1080p
0.8698106624985761,0.7076358894354239,21271.359057371035,15000,1440p
0.923291707207998,1.1732774767929557,16004.447769267954,15000,1440p
0.9420530936324163,1.128467294342684,16205.796472651551,15000,1440p
1.5818256643914355,1.3450491792745356,11464.25241674235,8000,1080p
1.1019949286483646,0.8242637987090042,17419.4834387763,15000,1440p
1.0728813829185115,1.1323061949079316,15216.135052362819,15000,1440p
0.9678128048941055,1.324630887687793,14636.971066542894,8000,1080p
1.2314655951206748,0.9045930087113498,15708.57276097405,15000,1440p
1.0670806916408209,1.3941161858776319,13633.379883787224,8000,1080p
1.0279490231377573,0.9736406531549127,16763.89141961867,15000,1440p
1.002136153601749,0.8335211522096677,18279.246291653504,15000,1440p
1.0852980280821234,1.5164846527014675,12896.708186978267,8000,1080p
0.7671966655234467,0.9465705447103178,19579.340647685192,15000,1440p
1.213392110086193,0.8263598061776591,16450.251490122668,15000,1440p
1.5789295039282245,1.1845359124854942,12142.157379897733,8000,1080p
1.273529265949464,1.4001412265878648,12549.950374833457,8000,1080p
1.389976222022318,1.1013880387390962,13468.296277857438,8000,1080p
1.3289124824251095,0.9739784881146667,14570.569093045318,8000,1080p
1.4273388279267778,1.7318406637207302,10621.248994782949,8000,1080p
1.1681730625474709,1.6405396890689097,11946.551665238756,8000,1080p
1.196288839202795,0.8455046758096174,16433.80280782017,15000,1440p
1.4392668993149955,2.022839074489201,9691.913608043042,8000,1080p
1.8604482085341263,2.441020353347462,7800.692139738041,4000,720p
0.7593217495281486,1.0505499850652762,18539.67403250141,15000,1440p
1.103475564115393,1.0281673127835047,15741.113281045838,15000,1440p
1.2958145626866522,1.3311754542261756,12772.957561305207,8000,1080p
1.4491036577691685,1.017161809521467,13605.360998247234,8000,1080p
1.265379372671951,1.077864021083608,14319.652874907586,8000,1080p
0.8046160716471061,0.9740610574829774,18864.82456566517,15000,1440p
1.3654546707689454,1.5526877953486138,11498.55854866554,8000,1080p
0.8331924963245521,1.177318526961313,16689.50411679939,15000,1440p
0.744727956454342,0.6198403625495509,24589.777977913232,15000,1440p
1.166664742963358,0.9607923519049197,15772.083996870233,15000,1440p
2.309407891747419,1.7924277248739622,8180.345371236079,8000,1080p
1.1181982256304945,1.3087259064462005,13825.908917592658,8000,1080p
0.7349016747889539,0.7057610066307984,23290.970490699874,15000,1440p
0.8501554626667756,1.175425091684184,16565.340700928864,15000,1440p
1.1216015883461734,1.3505514971150536,13572.958809603728,8000,1080p
1.0210037935253196,0.7406544263534771,19047.072594086138,15000,1440p
1.3059475542649828,1.220244380717488,13282.613856588388,8000,1080p
0.9964342258359419,0.9032731777577773,17662.947428916857,15000,1440p
1.6208474633339123,1.1365278522020048,12168.975260982359,8000,1080p
2.622894059370556,2.0035870692733937,7252.689693740307,4000,720p
0.8650951965393013,0.9553801968201584,18431.686647562692,15000,1440p
1.3302624235668212,1.6390503123593543,11300.40348866582,8000,1080p
2.1658191370099744,1.7940202679943784,8473.68505843815,8000,1080p
1.3441681499392384,0.9499190786755964,14626.48480906286,8000,1080p
1.3426308987450668,1.1482040930860655,13471.158109647611,8000,1080p
1.488506280646086,1.0873966576394318,13026.279640153416,8000,1080p
0.884406932835092,1.0937854689251276,16962.168073309174,15000,1440p
1.5303387171183995,1.14815229291278,12527.364054736701,8000,1080p
0.6815126822125979,0.8307107716401929,22188.805440433538,15000,1440p
0.8871638459542879,0.638387399784188,21994.955655361977,15000,1440p
0.7624813534168309,1.0339869128994839,18677.998731813877,15000,1440p
1.1984324916370455,1.392992241901896,12948.25644199856,8000,1080p
1.1877512065536748,1.7210928598329895,11535.31479660268,8000,1080p
1.0573501654897133,0.8170358044513653,17901.55951767756,15000,1440p
1.2079227993876116,1.6726352997801537,11648.587129589352,8000,1080p
1.395893649649145,1.3759687352245893,12105.374416532766,8000,1080p
0.8730125599564637,1.107040539953707,16946.228362018304,15000,1440p
1.840855881599601,1.3511053763291472,10512.167688956646,8000,1080p
1.0657307127662545,1.2448353820483973,14522.169296650938,8000,1080p
1.2071029747954882,0.9573502579251776,15502.498040959234,15000,1440p
0.7748258025059234,0.6620683642810568,23352.055270034685,15000,1440p
1.0681761672631505,1.495708918247044,13087.338504222747,8000,1080p
1.1805826895550675,0.910929023750195,16043.148018986316,15000,1440p
1.2168522213933375,1.3586086168419544,13028.51571332435,8000,1080p
1.9408752759140728,1.5398139945610627,9640.168769049475,8000,1080p
1.7173066250650089,1.3647154461927071,10887.148509714292,8000,1080p
1.1770642292560274,1.369465186379365,13176.534224965051,8000,1080p
0.8662708097539946,0.9833588727535016,18141.162156584287,15000,1440p
0.9881588458893834,0.940425353805327,17398.479156529218,15000,1440p
1.2698278020370635,1.6498888086734997,11492.35918202142,8000,1080p
1.1696571771606066,1.5997912494933257,12115.925928449482,8000,1080p
1.1046184280974298,0.934743024314733,16453.40111744866,15000,1440p
1.1967953803635483,1.728380051419055,11470.912696525662,8000,1080p
1.0267758439967696,1.3790880844504465,13946.936733723165,8000,1080p
1.2119563403322606,0.8950176328476867,15925.413615507563,15000,1440p
1.7638953720193928,1.281615690054172,11017.668731485135,8000,1080p
1.1151923333144338,1.0309082461222943,15635.069633505618,15000,1440p
1.414373333153554,1.6474291659821354,10959.045206041872,8000,1080p
1.252173288371216,1.6021036211072281,11755.843271048052,8000,1080p
1.0057536756479,1.3855964596304273,14031.584712330145,8000,1080p
1.0552394291232812,1.4165342240938061,13575.042341084873,8000,1080p
1.0527309638885989,1.421827366172599,13559.766036782075,8000,1080p
2.5401423431641654,2.420184199927036,6764.561104698841,4000,720p
1.0131647919913478,1.3592455473994365,14143.60384579023,8000,1080p
1.7492295994078502,1.232531015745299,11253.227985331268,8000,1080p
1.750549099305863,1.8505373825800886,9317.863419494151,8000,1080p
1.4234225615982123,0.9528229642187394,14120.77650875913,8000,1080p
0.8779287426513983,0.7906279082884385,20109.85481439903,15000,1440p
1.1246842608458838,0.8195065651070812,17258.816136812577,15000,1440p
2.5427338589599016,1.9103070258705683,7535.172675890992,4000,720p
0.9207181671993412,1.1138407413901616,16492.239108113245,15000,1440p
1.5618892319939828,1.104680690971269,12583.368510617245,8000,1080p
1.2500575649590466,0.8914770356153836,15668.405259947514,15000,1440p
1.2713081902496224,1.2331252248635691,13398.013218284526,8000,1080p
1.0336559488965302,1.2213662321517802,14879.867826577776,8000,1080p
2.6357379471141136,1.8199226895530605,7530.742293043811,4000,720p
0.816277074700591,1.0171262237610112,18301.719009753786,15000,1440p
1.85566469864835,1.5891050412624457,9740.689373586089,8000,1080p
1.057833822322538,1.1199537966413886,15407.577721450809,15000,1440p
1.0843168647231107,0.90002509612644,16909.601601950926,15000,1440p
1.6469355154135161,1.381020708571025,11081.544618846941,8000,1080p
1.0539338453957081,1.5344522283709547,12963.457167412058,8000,1080p
1.0536549106078552,1.2516813095809813,14555.114219847492,8000,1080p
1.2838081581116036,1.7947050210424635,10899.55769142437,8000,1080p
0.7382634699550763,0.8092939431732935,21682.188793351517,15000,1440p
0.6447237131906314,0.5896925483969577,27182.42868645093,15000,1440p
1.804504765567372,1.3061160854556804,10787.053005500262,8000,1080p
0.6399511443245107,0.9140392416817344,21592.43216828058,15000,1440p
0.6749660864478854,0.7512474078726755,23526.93487589326,15000,1440p
0.9775839359640044,1.0135204922948857,16852.170847383168,15000,1440p
1.1025412267102188,1.4452358222709185,13170.081743776798,8000,1080p
1.0954248358047398,0.7539587996868249,18143.57570601151,15000,1440p
1.2839343805970989,1.044450245907422,14411.034851391143,8000,1080p
1.5836089099437476,1.774978275463164,9990.638964441441,8000,1080p
1.5588711411712979,1.3246056721192694,11636.796191784993,8000,1080p
1.1207351756853317,1.1447752361256909,14810.981148030558,8000,1080p
0.7181990255933439,1.0490198066504626,18987.140351711016,15000,1440p
1.1933754183660572,1.6155460845980503,11945.66383026075,8000,1080p
1.4947137790448817,2.072925884453766,9405.218902374925,8000,1080p
0.8244008070246625,1.1931745207451647,16631.067766421467,15000,1440p
1.3816085975371084,1.6253591875206734,11158.893077185136,8000,1080p
1.7577063294755024,1.7783279254353033,9489.283638414978,8000,1080p
1.4062527516098704,1.4750772785988364,11645.4663812217,8000,1080p
1.641099758326157,1.2313596643088913,11681.429417449826,8000,1080p
0.9537878871175616,0.6622134766323178,20763.863665398163,15000,1440p
2.101905436174137,1.4251978149454825,9513.311522521693,8000,1080p
1.6949079503316418,1.5728633156283325,10268.292750331992,8000,1080p
1.309649954426904,1.3399696062303668,12663.867861722914,8000,1080p
0.970525761887032,0.7956972217783973,18997.845861095488,15000,1440p
1.1053571356165937,0.8216702592101819,17412.535021598007,15000,1440p
1.5525742928906014,1.2851620551673202,11824.365580320331,8000,1080p
0.8959393966369456,1.2254483965163516,15817.208012743225,15000,1440p
1.2360874454935153,1.5365008152985897,12102.205175756528,8000,1080p
1.0122771666504997,1.2663503980541773,14725.720218498649,8000,1080p
1.2028840156723621,0.8063489926967584,16700.11982693629,15000,1440p
0.983647330091263,0.9634920406136805,17232.681185965608,15000,1440p
0.9412433887084053,0.8674356434843431,18551.899702912102,15000,1440p
1.4387850922421304,1.196442412154265,12733.030428689957,8000,1080p
0.7581074282559178,1.0724664914752782,18330.00658336003,15000,1440p
0.5919622000604933,0.8837314045444539,22738.075095868386,15000,1440p
1.8641964735689625,1.243888348847927,10795.85465557134,8000,1080p
1.2222392670557065,1.107610397236824,14401.97301751182,8000,1080p
1.0138947948142312,0.8207008894860406,18289.82390351469,15000,1440p
1.2598276792679715,1.3266540822620085,12973.001588130886,8000,1080p
1.1914453491277464,0.9000162035959789,16043.532789929523,15000,1440p
0.9672758834742626,0.8109916728630971,18869.169535494973,15000,1440p
0.8821530183616283,1.0558010557818505,17314.35870833529,15000,1440p
1.20526030126735,1.4657510388223673,12562.444605298055,8000,1080p
1.5539402802538655,1.0363308365011183,12954.023145668249,8000,1080p
1.3390376308966734,1.2478030763602335,12971.201475942913,8000,1080p
1.2650217505710286,1.3293195736956502,12933.699851342635,8000,1080p
1.375552657941995,1.249472554288963,12782.51799017303,8000,1080p
0.8413171413893796,1.2288658214343904,16208.437902624364,15000,1440p
1.025581032422036,1.051148493539022,16157.343351908985,15000,1440p
0.9468348849593551,1.1183390744730817,16247.750871903123,15000,1440p
1.1938217420304689,1.6414665583351375,11834.57498684462,8000,1080p
1.1751157946465833,1.351123026248075,13282.367336955427,8000,1080p
2.009561001759021,1.3718892024024631,9923.089199629561,8000,1080p
1.2709259475238872,0.8684388029552925,15684.296935566692,15000,1440p
2.0483717941496837,1.7712953833019571,8784.648096587944,8000,1080p
1.2356941612517418,1.070141195344171,14551.963523335053,8000,1080p
0.802128666720906,0.8044466330073305,20885.68895941321,15000,1440p
1.71809620323649,1.722838209877227,9751.5465194922,8000,1080p
0.7656953180958634,0.6081108555650963,24424.42947434364,15000,1440p
1.274359228583631,1.130329038980675,13953.755442066958,8000,1080p
1.3494881615296432,1.2356895211717347,12979.545748258719,8000,1080p
1.3901104698507079,1.4039317312937356,12009.278881419923,8000,1080p
1.9800969630125669,1.3361121119769963,10118.310167191616,8000,1080p
1.3175774685729404,1.1268969454596927,13726.644798316984,8000,1080p
2.210473748412899,2.1471522753996473,7700.163303743713,4000,720p
1.9246535713214705,1.3195031967490414,10343.036541959951,8000,1080p
0.7898847686557159,0.9339135256966494,19465.405036037857,15000,1440p
1.0683805244405684,0.9759342379318634,16413.535047342713,15000,1440p
1.285771530210978,1.0711136865102324,14236.769683115655,8000,1080p
1.5432828109145869,1.4391927526460078,11250.530401644404,8000,1080p
1.512321195370799,1.03168979129164,13189.578258866337,8000,1080p
0.9902723723626988,0.9774345360973947,17052.555873912817,15000,1440p
1.0605710079390387,0.961435087314999,16594.624555661558,15000,1440p
1.7916841011446214,1.4931356039123374,10214.999608149928,8000,1080p
1.9208916265642952,2.3563930839203215,7844.797405641552,4000,720p
0.9871851623230967,0.7816946414199377,18969.311498156752,15000,1440p
1.2392492161011504,1.3987970533279812,12719.425124890293,8000,1080p
1.8151973616479091,1.3513161921098125,10596.64878433277,8000,1080p
1.1848822791518816,0.8024508452059012,16884.15071873936,15000,1440p
1.1933604405282503,1.6955092672874843,11615.072811771217,8000,1080p
1.2564335856878108,1.6268926307277531,11637.403984663772,8000,1080p
1.534214644190855,1.1520807557634487,12490.968789423081,8000,1080p
1.5937350720295749,1.56927208223013,10608.395859873843,8000,1080p
1.4150570854945828,1.1292895679703527,13187.8382036917,8000,1080p
1.1665074720096462,0.8842232122647462,16362.183614506419,15000,1440p
1.1970886397136506,1.368223091377992,13080.06024894341,8000,1080p
1.029473146204568,1.3822435950488365,13913.089968667411,8000,1080p
1.0013287163964966,1.2456031633615507,14933.444267840105,8000,1080p
1.225482042957284,0.9866279112572078,15168.519058499964,15000,1440p
0.809509143964089,0.7538087247279389,21463.601658998366,15000,1440p
1.6959088238454259,1.5940730704441686,10198.971629065882,8000,1080p
1.0270654040576257,0.8588769080963112,17791.865521950906,15000,1440p
1.3518070413485128,1.2603485070321476,12845.495369064534,8000,1080p
1.685356984323941,2.09398846835781,8878.371247113815,8000,1080p
1.8143140822245363,2.434763708310742,7896.874016931795,4000,720p
0.8662373421623689,1.189496462210783,16322.362325618144,15000,1440p
0.8753523493681655,1.1667776284016358,16431.09516302415,15000,1440p
1.8653875746167092,1.4332103516641455,10172.33162388857,8000,1080p
1.8754221769572004,1.2631520944390164,10690.979119341686,8000,1080p
1.2205071459730628,0.8571670600458592,16149.996906538296,15000,1440p
1.2600762945214892,1.1448536734910841,13952.353060712732,8000,1080p
1.0139872581334148,0.7975098177111435,18523.03956072146,15000,1440p
1.284494054499239,1.6069602021053622,11604.690588950403,8000,1080p
1.173560841729708,0.9056982993142848,16137.686418034631,15000,1440p
0.9747374889102096,0.872379479997073,18165.840368977893,15000,1440p
1.7919237969875894,1.8311300841574107,9261.367095483474,8000,1080p
1.1273020990575178,1.1271086155523637,14883.903710423274,8000,1080p
0.8658655736192669,1.1946628941807067,16284.381664392178,15000,1440p
0.9946729850242358,1.0464800726786807,16438.959280085375,15000,1440p
1.3122142522667912,1.6296102119705227,11405.993936045124,8000,1080p
1.158941147719222,1.3633470126007385,13303.171512228606,8000,1080p
2.2149059495058383,1.737363440672087,8489.9152075485,8000,1080p
1.3557088349890494,1.0503198933727012,13945.98144422282,8000,1080p
1.320613810016367,1.1578908887220105,13538.175665787548,8000,1080p
1.0442115520789903,1.3023912904579946,14299.152541604895,8000,1080p
1.0025005141662369,1.4152401888992021,13878.424579383776,8000,1080p
1.0866721012146188,1.1118713429761427,15262.119149230957,15000,1440p
1.1582150498463353,0.9101673643287693,16222.54751831368,15000,1440p
0.7096037437669147,0.8552135295755487,21443.035280616146,15000,1440p
1.5097153368870968,1.2538151036649436,12141.871682548644,8000,1080p
0.9865936060093065,1.4433599263433075,13808.672286631558,8000,1080p
1.1954488123060967,0.8599145449215595,16325.304176512787,15000,1440p
1.318785110536793,1.3986524986818136,12347.820566761238,8000,1080p
1.2278569386544684,0.8440199636647043,16195.18609548693,15000,1440p
0.9938104921971972,0.9815577218049033,16986.418917827297,15000,1440p
0.8840113056382164,1.2945464121982597,15402.131293231412,15000,1440p
1.0924635427449338,0.8913661170609406,16913.96831080922,15000,1440p
1.4144002054580564,2.0240942378398503,9758.466257056822,8000,1080p
0.9352530903873714,1.2515895093910863,15343.780116318978,15000,1440p
1.1026559937435678,1.220326078452456,14444.550563526054,8000,1080p
1.0332045195016966,1.464277480532633,13435.304838849199,8000,1080p
1.2163280633643263,0.9638427573486472,15390.73529524022,15000,1440p
1.5639509927274984,1.81352942921501,9934.7524805789,8000,1080p
1.1383691721858034,1.1260223788111121,14818.299417001184,8000,1080p
1.4370769486940118,1.0226988638887613,13641.256178044832,8000,1080p
0.8797398389180087,1.305132365373531,15357.61768312681,15000,1440p
1.0984868762107247,1.3235325485312623,13853.907056742326,8000,1080p
1.6290741348857705,1.3752171415646746,11168.834481203963,8000,1080p
1.2502346142393084,1.2836764073703242,13242.1508544862,8000,1080p
1.277812182028337,0.886313786797708,15504.842362850988,15000,1440p
1.2642443977970523,0.9191093468252522,15368.298464069794,15000,1440p
1.0842776907973322,1.001449393155146,16087.642653809695,15000,1440p
1.6004210850374745,1.16144818426413,12149.174609008533,8000,1080p
1.2959746866026973,1.096994435378279,14022.091506229954,8000,1080p
1.1662788357942666,1.122358706591658,14661.313282932171,8000,1080p
0.9936153635788201,1.0057527947033988,16782.517947484313,15000,1440p
1.2025623084704744,1.2752269133596377,13542.084897445984,8000,1080p
1.0795942715064843,1.1920828207193856,14770.775351316404,8000,1080p
0.9493445190682185,1.0765147740034355,16563.061469646298,15000,1440p
1.2012478030071767,1.186439112174881,14053.112150778581,8000,1080p
1.293094901573913,1.1970445610880704,13474.920783806214,8000,1080p
1.5083825921922716,1.311904398931876,11897.523941925296,8000,1080p
1.1564087797844682,1.670611714678979,11869.18597361228,8000,1080p
0.9249081491547134,0.8676113305009058,18719.144969318,15000,1440p
1.1923791663514016,1.353114363861278,13181.89639916173,8000,1080p
1.2352932980234816,1.2634184533850814,13428.692597729545,8000,1080p
0.9942812671700529,1.3471302475276146,14330.856318664975,8000,1080p
1.5956379263312894,1.1665548992498915,12147.751485430768,8000,1080p
1.7234442407622623,1.414472736332021,10693.218541132806,8000,1080p
1.116431848587642,1.293206846099966,13925.08846823199,8000,1080p
1.2826253909400536,1.2829528342645458,13078.70158483439,8000,1080p
0.7677018529668068,1.080807373817858,18152.158243951682,15000,1440p
1.2345503878741972,1.22893555537728,13620.711777113924,8000,1080p
1.0238925239822296,0.7339488175963633,19088.430341424977,15000,1440p
1.096432727936352,0.8274804988994304,17440.720055335467,15000,1440p
1.1867508919969707,0.9393895839587787,15781.850907530701,15000,1440p
0.8085989853762212,1.1643435830545381,17007.30296811861,15000,1440p
1.6877400999684375,1.2912247869536502,11263.789025277487,8000,1080p
1.009318182643601,0.962011459848148,17021.21820559011,15000,1440p
0.8788937154873716,1.1005122766646447,16951.768426001134,15000,1440p
1.2959604515830319,1.689813718787435,11238.101103887793,8000,1080p
1.1024082181366497,0.906132954165991,16705.872133819583,15000,1440p
0.7739779419835446,1.0724463444681291,18172.655248422077,15000,1440p
0.8216698799167309,0.9724196430690054,18702.763474232033,15000,1440p
0.9826938885161444,1.3600889303369157,14322.468019646401,8000,1080p
0.9087761914842257,1.0521625672266044,17111.41250635462,15000,1440p
1.1957839445243839,1.2762262140654552,13573.743571968638,8000,1080p
1.1041254856027218,1.5245684916578779,12764.677931421886,8000,1080p
0.7857650230034217,0.7560141692822546,21763.448467776896,15000,1440p
1.255594692505879,1.2904446852387348,13179.070321262625,8000,1080p
0.6067675424906968,0.8825838406185508,22529.56043855146,15000,1440p
1.0487232841806469,1.347529394228851,14002.877201694608,8000,1080p
0.9357353555921948,0.8305092940600145,18997.612820289192,15000,1440p
1.2716718775111193,0.8697112575157702,15669.513526629438,15000,1440p
1.612647566845683,1.209761583425588,11888.578237062111,8000,1080p
0.9086342707036968,1.1614603168180428,16209.129864046667,15000,1440p
1.2078590138057097,1.5252593827784764,12276.97711227434,8000,1080p
1.389471092275589,1.704964452569879,10843.474201908337,8000,1080p
0.9012560183688272,1.246935333201771,15619.852475184527,15000,1440p
0.8273214509584598,1.0964883571478832,17441.657620525657,15000,1440p
1.0830374572400832,0.8350625686456548,17493.577783830784,15000,1440p
1.168289848229358,1.0873587985501496,14875.73521164619,8000,1080p
1.634757179763114,1.2592476300531643,11594.463107381689,8000,1080p
1.9528683442856847,1.4491844439567154,9862.9956936486,8000,1080p
1.3424927745757684,0.9146877631413282,14865.639429062603,8000,1080p
1.9038847510203563,1.8313257556438103,8983.27736552838,8000,1080p
1.0565717731538475,1.042175453381411,15987.838638097324,15000,1440p
0.8049755192764285,1.0391604307351374,18195.205185273655,15000,1440p
1.0294443611046706,0.8622120678737184,17738.121725477104,15000,1440p
1.0257043233593357,0.8521147260400168,17868.83140350124,15000,1440p
0.8375590574127502,0.8610167683419746,19754.450458572155,15000,1440p
1.0152952644509832,0.9584333408130876,17000.529814741505,15000,1440p
1.2371758899673215,0.9844812411230797,15103.335042312,15000,1440p
0.7181203271533786,0.5251555050793729,26988.726982443535,15000,1440p
0.987353997887863,1.1255554657024356,15880.676658517885,15000,1440p
1.5313701503405388,1.2045931799811613,12264.211156680452,8000,1080p
2.493277975309671,1.9623225956635322,7530.843814545737,4000,720p
1.7352560611676588,2.2437338652774086,8432.901972681895,8000,1080p
1.124996516454392,1.050630673971129,15422.877663813919,15000,1440p
1.1990781605519307,0.9459538396441565,15642.85847340862,15000,1440p
0.8151519902430745,0.7139620103791317,21943.70857002584,15000,1440p
1.4710343968880706,1.5742765104597785,11018.392873791148,8000,1080p
0.822468615730077,0.7873222818973257,20843.969269210273,15000,1440p
1.1123050764333655,0.9940274673271912,15930.263290759085,15000,1440p
0.8126726072551641,1.115556794218441,17401.680512887524,15000,1440p
1.7837229502799998,1.1994150900450478,11248.031953742193,8000,1080p
1.0702949329759797,1.1190317439560364,15326.370593090774,15000,1440p
0.8501466746826319,0.9917900838235921,18216.929460277457,15000,1440p
0.966143659102264,1.1018625246818252,16225.49887089857,15000,1440p
1.2888418684492389,1.7517379714443209,11035.537222128864,8000,1080p
1.7714767881879652,1.4064676609828577,10558.533208078856,8000,1080p
1.6272086259589194,1.2912497196425252,11497.314001610328,8000,1080p
1.3320015586893288,1.473795476941256,11958.96623094794,8000,1080p
1.1670220108496399,0.8631221961037319,16528.10272544874,15000,1440p
0.9926085822405888,0.9059824830668024,17673.33293258039,15000,1440p
1.031348136474812,0.9914723347886627,16587.943654258925,15000,1440p
1.1414774170071147,1.3353710263521266,13547.228571842526,8000,1080p
1.1456288330982207,1.1406027284034341,14676.742533446875,8000,1080p
1.1979358220439995,1.457060986674383,12638.21933413071,8000,1080p
0.8078316746597328,0.8857166884181046,19813.093461953762,15000,1440p
0.8911205794837515,0.7378539510328613,20598.500081740724,15000,1440p
1.7838311218905545,1.2180230369860163,11177.902131180677,8000,1080p
0.872712036198268,0.736801776983781,20847.557644542394,15000,1440p
0.8712462294384585,0.8042095794380485,20027.04686225072,15000,1440p
1.8750343096770907,1.352987731020167,10394.734477324755,8000,1080p
1.1688400324274562,1.085733468818745,14882.829050129882,8000,1080p
1.0251881775801408,1.1370200669662784,15518.594050610947,15000,1440p
1.2570008087910418,1.1313377333570775,14049.277942741097,8000,1080p
2.2486200998712222,1.5780572259723287,8768.555366136934,8000,1080p
1.5506435438139763,1.5464780568789325,10834.069928831008,8000,1080p
1.2311059406423934,1.5057816586107864,12260.069434037432,8000,1080p
0.8273876926138506,1.1189220108430693,17240.027083255358,15000,1440p
1.2172067949953607,0.8968242590552409,15872.25123098728,15000,1440p
1.032811675377296,1.5163979033116428,13162.680809185207,8000,1080p
0.8810835381541311,1.2974890584123913,15402.026103184495,15000,1440p
0.9109814301443523,1.1798407294521787,16048.439053503742,15000,1440p
1.2053891553271594,0.9815984095890107,15342.763049174531,15000,1440p
1.1175222830814695,1.5819389649590025,12430.04767131109,8000,1080p
1.1185250442620858,1.5646475509004774,12505.506377224707,8000,1080p
