Total Network Latency (s),Total Computing Latency (s),Throughput (kbps),Selected Bitrate (kbps),Resolution
1.4071100364556715,1.082577909101101,13477.364526700223,8000,1080p
1.4965743314630349,1.5839996132019099,10892.266377215466,8000,1080p
1.1413781628348385,1.1962329304708579,14354.155015815535,8000,1080p
1.6093400902827586,2.1163145191669095,9006.318490955462,8000,1080p
1.155010551865753,1.2827600743105378,13764.392613357162,8000,1080p
0.8187110103777986,0.9906172782099287,18545.242569656024,15000,1440p
0.9237273356618261,1.0363922295263557,17118.56388555491,15000,1440p
0.9793731946045701,1.4553673391061581,13781.5227271304,8000,1080p
1.4517938841795364,1.268775729101251,12333.605373007185,8000,1080p
1.3397251416955072,1.569902843985772,11532.206923059048,8000,1080p
1.1526778636202437,1.0507986356110164,15227.950927412357,15000,1440p
1.464621733700108,1.0886363475211045,13141.809771126254,8000,1080p
0.9496412222526276,1.1038609707306701,16340.100397581078,15000,1440p
1.081207956476021,1.0869286936508304,15476.161061175191,15000,1440p
1.2424109772828178,0.9345127107286708,15413.692351636957,15000,1440p
0.8087608179086012,0.8771463115562512,19902.894657460158,15000,1440p
1.5869705329466044,1.130792911511875,12346.34017482923,8000,1080p
0.9650627613066086,1.2189892766985464,15363.384853525547,15000,1440p
1.0103846506812177,1.3750857072657945,14066.170174035478,8000,1080p
1.5261713900581668,1.9109772254510324,9762.287219294138,8000,1080p
1.9616435096790805,1.4443704469664358,9851.52510444989,8000,1080p
1.429606223791915,1.014969080768028,13726.07828337702,8000,1080p
1.1613174893021132,1.0517873012467784,15161.700495744655,15000,1440p
1.3514712660205817,1.7613396879548668,10779.463480474713,8000,1080p
1.7062602697334404,1.7827838728049308,9617.084401686092,8000,1080p
1.75440827098408,1.5144108424072888,10265.001162816745,8000,1080p
1.317674895129553,1.2023622425811067,13315.054567204788,8000,1080p
1.1601623681389268,0.823815944203369,16912.701006487037,15000,1440p
1.440305781849645,1.6199548839456295,10964.566638077597,8000,1080p
1.6012769822545212,1.2777711642011442,11654.696376407648,8000,1080p
1.0838380279824296,1.1566332344928993,14976.506310073453,8000,1080p
1.2094831635704852,1.109413776017488,14469.997103865266,8000,1080p
1.3716992659629847,1.3383874143630867,12381.313204329985,8000,1080p
1.1652239076693738,0.8400327966050909,16733.23516558971,15000,1440p
1.1007089766493716,1.0873252842822447,15335.423489078854,15000,1440p
0.8468081851212735,0.6545681538104805,22349.1146955695,15000,1440p
1.0023521849225372,0.8657891361557775,17961.39918399319,15000,1440p
1.2625906272145246,1.2773209125229896,13210.866392405014,8000,1080p
1.3099709686021994,1.5210021020607394,11852.614335233658,8000,1080p
0.9770162722700084,0.6903106341459837,20124.686929048028,15000,1440p
1.466456687535821,0.9783672935735626,13724.682128148164,8000,1080p
1.3688467025849225,1.8675680892345217,10367.778594021443,8000,1080p
0.9391227664077746,1.0399629625865279,16954.511625451974,15000,1440p
1.5455741845815225,1.942868518976068,9618.742473763567,8000,1080p
1.0662333044310643,1.3653441212877326,13799.450367113437,8000,1080p
1.0140541932112281,0.9076232494186236,17461.011539002156,15000,1440p
2.2140444120793656,1.6741887318333166,8629.737661830273,8000,1080p
1.1892867525708986,1.1532330126816412,14324.076363292756,8000,1080p
1.0013581122760065,0.9029641681395777,17620.143578153875,15000,1440p
1.3545367068356375,1.6945107052392325,11004.890205090736,8000,1080p
1.7691732494735808,2.403028006938345,8042.380972977478,8000,1080p
2.3523620829656515,2.592851047878203,6785.234753729259,4000,720p
1.2254995813655971,1.4500815856438045,12540.988258451924,8000,1080p
1.068643167617885,1.4912539202715511,13107.726931188743,8000,1080p
0.9882590345669152,0.9549425540495456,17267.60218629216,15000,1440p
0.6425499313716111,0.8905412323064749,21886.781944198632,15000,1440p
0.9778091562149384,0.9796887481675381,17141.490637041203,15000,1440p
0.9729698692082406,0.6869704426955846,20214.240090064217,15000,1440p
1.531435041404355,1.0700854524159265,12898.007945624899,8000,1080p
1.028796418131467,1.340996580664119,14159.224884643327,8000,1080p
1.1906912790420916,0.9357026654889846,15779.969692962797,15000,1440p
0.7199264383905636,1.0409726387340266,19055.2839943512,15000,1440p
1.5861224984071185,1.691870824017361,10236.2722249789,8000,1080p
1.2150368814626742,1.4725550875259044,12484.942799046812,8000,1080p
1.350791450062648,1.2092813749959397,13106.827146306709,8000,1080p
1.0333065852130792,1.0385981743916857,16194.968347097587,15000,1440p
0.9408501763563223,1.1540694224157533,16017.050019326627,15000,1440p
0.9315040389597227,0.7521240227205725,19929.836502316306,15000,1440p
0.8196751727802272,0.6394008430003577,22997.04171482036,15000,1440p
1.0084615051840935,1.4601392922593692,13592.490140467307,8000,1080p
1.4406808153936286,1.0362573484221507,13546.73785974077,8000,1080p
1.1612092722225176,1.5018902894633117,12599.766258366602,8000,1080p
1.5155736182639947,2.2651564911263886,8875.119627465401,8000,1080p
1.265236432317618,1.6820960439795547,11384.678270893788,8000,1080p
0.9349825292842331,1.3443036060995106,14721.465409322436,8000,1080p
1.0093754755620652,1.4282978618098103,13764.941957389574,8000,1080p
1.2081782101949423,1.5227928350247668,12286.630449170696,8000,1080p
1.3102342376649792,0.9390081443542013,14918.104099513568,8000,1080p
1.3170622339543634,1.1405864814752205,13653.06269742251,8000,1080p
1.931743761515196,1.6253659712827664,9433.060692678337,8000,1080p
0.6750422828611247,0.678317704584835,24793.426960496603,15000,1440p
1.0720197731567098,1.3391648381049746,13916.160481151295,8000,1080p
1.436261465994875,2.1001053245241357,9488.391331453327,8000,1080p
1.1265129946328778,1.117938789790228,14949.945564825104,8000,1080p
1.1364551764768458,1.1708939072897953,14542.416765660762,8000,1080p
1.1148014957420493,1.1145378764483531,15051.289372345143,15000,1440p
1.1643165579833405,1.2394430760372332,13959.14613304169,8000,1080p
1.6415352016183902,1.2140301386550179,11750.539035743901,8000,1080p
0.7996383359245208,0.7058901697027965,22287.477038515906,15000,1440p
1.4513576592962727,1.287012324451631,12253.432589147547,8000,1080p
1.3868555173473023,1.0558265790731725,13736.71672182431,8000,1080p
1.0496225931475007,1.4979996639803042,13170.881949284485,8000,1080p
0.8913895349318579,1.2367468199866198,15767.04985206898,15000,1440p
1.2202005776969957,1.6261671184178632,11788.509280020295,8000,1080p
2.0312621770959174,1.579728471411387,9292.306534737381,8000,1080p
1.6017183406415543,2.202406967879167,8820.538041910095,8000,1080p
1.8045881573206521,1.2338566666615487,11043.291533602178,8000,1080p
1.0872568745823437,0.8006396199902135,17773.448966330718,15000,1440p
1.2417012058229455,1.2282945616166596,13584.813562163505,8000,1080p
2.198453303016135,1.6850821613574958,8640.176537028725,8000,1080p
1.3956475083375215,1.5651330580822493,11332.968197833932,8000,1080p
1.353396875213655,1.7896588270347702,10675.73571031414,8000,1080p
1.1373120215192265,1.4154350364389816,13144.440572517284,8000,1080p
1.486572326331604,1.1964083347088164,12506.400991719443,8000,1080p
1.1775819803078795,1.5525678613339478,12290.3261528757,8000,1080p
0.8979003066853659,0.953202098115357,18126.729192819694,15000,1440p
1.229221163454319,0.9203062492431815,15610.143793370667,15000,1440p
1.0076851122666974,0.890751329398684,17674.772388252706,15000,1440p
0.8818156530375867,0.7244006116001591,20890.35750585406,15000,1440p
1.791176422966262,1.7537463437253435,9465.49028240623,8000,1080p
0.8778991666722556,1.0580977376032594,17331.862424933304,15000,1440p
1.3564568488059687,1.3946670589721428,12196.626951310072,8000,1080p
1.2912665372099172,1.3093959782573412,12902.26309659072,8000,1080p
1.0693952230857735,1.0923318168048852,15522.048519917298,15000,1440p
1.0413232710436648,1.122038897355586,15510.316529584192,15000,1440p
0.9167929597399685,1.107079650369907,16579.32017676663,15000,1440p
0.6354077210153888,0.9406439421086381,21290.185331544835,15000,1440p
1.6756103506254507,1.7927478560317476,9674.442488551304,8000,1080p
0.8013231727134789,1.083859530640353,17799.03451283795,15000,1440p
1.33175612663684,1.322616802420849,12641.18980143153,8000,1080p
0.7331758222034316,0.818251932883015,21628.098304925792,15000,1440p
1.6923805931762255,1.1345737142881953,11869.463864839034,8000,1080p
1.5488857227988906,1.663815987735134,10444.303587220516,8000,1080p
1.1712470667642536,0.9986967020693369,15463.272588872895,15000,1440p
1.625126918012422,1.2567269064857003,11643.349747568664,8000,1080p
1.6228011530908433,1.4245335710091058,11011.075263453551,8000,1080p
1.2386163522345541,1.1623053243346264,13975.646239300868,8000,1080p
1.7979895045699916,1.5519784416972284,10016.344197379203,8000,1080p
1.1452949516414357,1.0930485019304435,14990.743242041286,8000,1080p
1.374686382451397,1.0680873804130953,13736.20124388955,8000,1080p
2.074709199368753,1.922614656768316,8394.224037785698,8000,1080p
1.4439908066613978,0.9736525998216459,13878.983108105167,8000,1080p
2.050305460888489,1.4294124935338992,9642.859691359621,8000,1080p
0.8869262174624751,0.718859883313509,20895.953691332285,15000,1440p
2.023352826698421,1.6424663921351832,9153.324263130575,8000,1080p
0.8367349679617613,0.6089567706701493,23209.949329691324,15000,1440p
0.9548925665996577,1.229043169422128,15364.203005864125,15000,1440p
1.1909074700416842,1.12627470738429,14480.705197410809,8000,1080p
1.2077652408586903,0.8601384031995545,16226.303433630828,15000,1440p
1.1953729583137418,1.0729950702979922,14792.322752201582,8000,1080p
1.5016287229344807,1.6396908311917289,10681.635988266566,8000,1080p
1.0335526100192007,0.7821526081199854,18480.109912548494,15000,1440p
0.8310288694737099,0.7906453058478532,20691.22916959966,15000,1440p
1.5806368439866278,1.3075670763824419,11617.750313043076,8000,1080p
0.9848684448450625,1.0823507026586707,16231.676278985027,15000,1440p
1.8781122622372144,1.548068329838764,9793.538635296753,8000,1080p
1.3229609775811353,0.9894828048279347,14510.37740041554,8000,1080p
1.4445838312954025,1.5355720277833251,11259.28763013518,8000,1080p
0.5397284017945345,0.7464090486754942,26089.304831095058,15000,1440p
0.9977723312828849,0.6929755010595041,19845.91158902339,15000,1440p
0.837928210456814,1.1850784744347531,16586.41676796956,15000,1440p
1.7176865094736617,1.5191645103935627,10366.38133607286,8000,1080p
0.9731335933273896,1.4166025364364767,14041.061513898427,8000,1080p
0.9886471576712182,1.3936756842684317,14084.75434533487,8000,1080p
0.9244804463896757,0.8137758140495751,19303.501309709605,15000,1440p
1.9744350729471347,1.5097890984380764,9630.388387627734,8000,1080p
1.2525735912935752,0.98416485944622,15001.500058668891,15000,1440p
1.08671106035893,0.8758084614287087,17097.629668129677,15000,1440p
1.281731588500106,1.066873859412753,14286.959961631232,8000,1080p
1.0803740795256824,1.5762727583982499,12630.369803395284,8000,1080p
0.7585947952370761,1.0211737393548117,18853.256110460592,15000,1440p
1.4103408222194544,1.2084535961538667,12812.93092905037,8000,1080p
2.030134193826991,2.174066839057772,7981.167346076271,4000,720p
1.5813253062121713,1.4537220343020754,11055.653581441225,8000,1080p
1.6698628519755838,1.4879648611128051,10625.795657225204,8000,1080p
1.245381413672091,1.3005687673257775,13179.53204679306,8000,1080p
1.6712144249226721,1.226832397067171,11578.291884518627,8000,1080p
0.9596327554471429,1.1994147066781198,15541.312819020028,15000,1440p
1.4213499926297906,1.5554869646070038,11271.840709457738,8000,1080p
1.3315491959501282,0.9420508509505481,14758.282594927236,8000,1080p
1.6014954815897087,1.866013414909227,9676.812086590215,8000,1080p
1.1642446546180818,1.4825378904153046,12677.441923955541,8000,1080p
0.9866281807945668,0.8308998052222397,18461.57652490184,15000,1440p
0.9683006739537002,1.365375253883475,14378.359736991362,8000,1080p
0.7564289495254042,1.0554167656164037,18519.475317120912,15000,1440p
1.141087528594418,0.9291205488190843,16208.241271052608,15000,1440p
1.3171007654732325,1.094273889219849,13915.063731260288,8000,1080p
1.1516365289314463,1.688375829615275,11814.889431386251,8000,1080p
1.3347215703099513,1.157703111703352,13462.566087612233,8000,1080p
1.5955964583351903,1.2566153843756154,11764.354771106035,8000,1080p
1.5049844091805111,1.6956269004507516,10483.757243195443,8000,1080p
0.8229236915109973,0.980711422947118,18603.78062670459,15000,1440p
0.7896607882560626,0.9280930111142142,19533.90061620062,15000,1440p
1.2728900907087166,1.2707099388802001,13191.709234813497,8000,1080p
0.8148224159392325,0.8465148161494176,20197.24313155555,15000,1440p
1.31137051755615,1.058780311439604,14157.087215507378,8000,1080p
1.2428474246446894,1.0467215910247933,14655.348570127508,8000,1080p
1.0355221206452034,1.0293098865472041,16250.441625817597,15000,1440p
1.335933483842739,1.1018334518666544,13764.413450884556,8000,1080p
1.2349827767764536,1.4989088863252398,12273.504635487769,8000,1080p
1.10317940953885,0.8338002193921159,17323.069122063484,15000,1440p
0.8919758959623516,1.1615963265331495,16339.543178678494,15000,1440p
1.3935037428619264,1.1184613447057787,13357.841701729307,8000,1080p
1.1464303124421416,1.448981099411521,12928.367289575555,8000,1080p
1.1500730783677666,0.8436443964196847,16830.08371262694,15000,1440p
0.9819675303705865,1.4678506765551989,13696.702843149575,8000,1080p
1.0446587633626079,1.2669473365933137,14515.635687516064,8000,1080p
1.5755858724553724,1.1693582912813285,12224.085445265395,8000,1080p
1.4931068959643192,1.7140928325314335,10462.220890663946,8000,1080p
1.0256246083003575,0.9027470523896899,17400.39676168696,15000,1440p
0.9813522273183869,0.9393450714750314,17469.922002326388,15000,1440p
0.9450098440825562,1.230218296474621,15425.707020967991,15000,1440p
1.4212250915921139,1.05191336512626,13567.550942749736,8000,1080p
0.9731634981562691,1.002562826708072,16983.340039417624,15000,1440p
1.2626704313091985,1.0105698658798041,14760.618154399277,8000,1080p
1.0381577123411347,1.26576953203135,14564.01545750163,8000,1080p
1.4276937440345467,1.0832420479379852,13363.317416269107,8000,1080p
2.026339509409745,2.3140846098599597,7730.680476829918,4000,720p
1.120742555391509,1.281978990912674,13965.177134908845,8000,1080p
0.7647283356324893,0.5667969317559053,25199.996441533887,15000,1440p
1.0246289953877334,1.0837788376954132,15914.583257325983,15000,1440p
0.7840290691235372,0.6857556102586773,22829.488203744055,15000,1440p
1.38698848551041,1.2092845789071431,12924.076615772921,8000,1080p
1.2566510243488005,1.4975071302594176,12183.189968178554,8000,1080p
1.0830296801011294,0.8133046957437586,17694.36467925138,15000,1440p
2.260040543616565,2.353569802849652,7272.922826198561,4000,720p
1.3437344896888028,1.0818625297959974,13833.473462598087,8000,1080p
1.7700939668587192,1.2906552716183117,10962.816417033899,8000,1080p
1.1335921134979376,0.9012619675296916,16489.84677223369,15000,1440p
0.9054576746758601,1.2894393166248541,15287.474598120143,15000,1440p
0.9505803214423284,0.9423465835749499,17726.216427619387,15000,1440p
0.7567001321237877,0.8486890314186658,20901.12027787627,15000,1440p
1.1299316313904673,1.5001258126098536,12758.060504170458,8000,1080p
1.0261730253354029,1.4081485368059437,13783.894667754537,8000,1080p
0.9765147063705425,1.262873501014138,14983.749530050127,8000,1080p
1.3471652164992833,1.5388699418118166,11626.480676568044,8000,1080p
1.0110792553995565,0.7273217907691836,19301.893584308735,15000,1440p
1.1351882837841698,0.9793765223216164,15868.2448053197,15000,1440p
1.2255273319591227,0.9840879322377465,15185.644552557913,15000,1440p
0.8138874871859733,0.8709534408674223,19915.48961169146,15000,1440p
1.2799944858407306,1.1056354597937168,14065.229211849262,8000,1080p
1.4361266552879701,1.4968548722274655,11440.382997715082,8000,1080p
1.2161768677076423,1.0711899296789398,14669.458365111106,8000,1080p
1.1403688700529033,0.7749126538095905,17519.321092980488,15000,1440p
1.9369321658192813,1.7206144644266426,9174.027125867126,8000,1080p
1.1044328151150087,1.4588037143180228,13090.649893095111,8000,1080p
1.070933443229994,1.0583812043422463,15758.324885548234,15000,1440p
0.7185511842032664,0.8927431172862288,20824.520988488555,15000,1440p
1.4124345649615355,1.1237458364714912,13230.301748661343,8000,1080p
1.8066762994925827,1.572764371545352,9928.989814073095,8000,1080p
0.9707164152499423,1.4356995262461796,13943.737415211133,8000,1080p
0.8713227759633407,1.242906731674256,15870.761371357994,15000,1440p
1.6587286548164408,1.9335138290659246,9340.803732084252,8000,1080p
0.7548173104615011,1.027360777499497,18827.76599413241,15000,1440p
1.3289791273740517,1.3649784025423783,12455.442087478232,8000,1080p
1.4367525986341858,1.8378095287803726,10246.998131164797,8000,1080p
1.116926844901995,1.1231913234994884,14978.866951444785,8000,1080p
1.4499148633002832,1.0772109890695731,13277.705171878853,8000,1080p
1.2570984040856052,1.2032754627422502,13637.940335978905,8000,1080p
1.1608561719417119,1.1276258376207662,14662.30971438359,8000,1080p
1.3679432252825139,1.58492480601761,11363.336134336574,8000,1080p
1.2099214519607773,1.3632734666794515,13039.988442745489,8000,1080p
1.2993020124508392,1.5713743086571041,11688.685259733358,8000,1080p
1.4175843286407483,1.0058151400773159,13846.017725567013,8000,1080p
1.9289708657602094,1.2992679550932218,10394.036458284521,8000,1080p
1.695852404017439,1.9459852740583408,9213.59900305304,8000,1080p
1.0219644543772022,1.5236588580531532,13181.224353246884,8000,1080p
1.069259191888489,1.5707625762968458,12709.907321356759,8000,1080p
1.0999367522961492,1.3056183478074772,13948.72725989712,8000,1080p
0.945784357404459,0.8862371431823436,18315.52303794055,15000,1440p
1.0641195005825779,1.4851325289049901,13162.461620848397,8000,1080p
1.256021935007329,0.8715152513326583,15771.490254289683,15000,1440p
1.6632193728729252,1.271384154985232,11434.059722708082,8000,1080p
1.0408779891010878,0.9978331198723267,16458.649708784003,15000,1440p
1.8285857074223788,1.6053685177334835,9771.368457445587,8000,1080p
1.3119772378001322,0.9850241240856912,14607.928648528108,8000,1080p
1.5008278495641991,1.662227553367431,10608.234041332498,8000,1080p
1.2236152001305927,1.8160972888200217,11038.686100073839,8000,1080p
1.223684890035367,1.0307725474218,14883.595246688932,8000,1080p
1.3261189495947285,1.5842525500724596,11529.260784692631,8000,1080p
1.5559963625673847,1.232737838388928,12032.13701344987,8000,1080p
0.8943390336548384,1.1496761561588138,16415.94062863059,15000,1440p
1.9995784669619938,1.9653537981055973,8462.800813932188,8000,1080p
1.4347309740452043,1.1450959013458173,13006.466565673787,8000,1080p
0.9604570929089569,1.3317128976949046,14638.718828685234,8000,1080p
1.0341487634557862,1.406739213078612,13746.81358693117,8000,1080p
1.3625403936396616,1.158679973353921,13308.805703490261,8000,1080p
1.067448942073971,1.0756264762524652,15657.140067521854,15000,1440p
0.9404855396335912,0.9581472418111339,17672.944619900358,15000,1440p
1.1738210442803778,1.010395855541943,15362.22524545504,15000,1440p
0.7405466866582568,0.9796174157166486,19506.529611723578,15000,1440p
1.0962575631497642,0.7932597297429367,17758.203180364035,15000,1440p
1.2509214849388295,1.4765851178406324,12302.2367629858,8000,1080p
1.2386327287979233,1.2402993371544744,13535.841687984499,8000,1080p
1.112306977031769,0.7756919390779511,17772.48477935567,15000,1440p
0.9625320958793138,0.7068045990355425,20100.457925722065,15000,1440p
1.7834765274047075,1.4671758901910879,10322.368463133651,8000,1080p
1.0580899801868169,0.7676154848611385,18378.885664955073,15000,1440p
1.1150129154635349,1.64713065566001,12147.968103754727,8000,1080p
1.4709502141642927,1.2691870058629822,12245.52980586352,8000,1080p
1.0158005247550295,0.8630134798347873,17859.36868579262,15000,1440p
1.7839563038825166,1.4805685118606042,10278.504190926737,8000,1080p
1.1764809623346657,1.1564958016300808,14382.668751049352,8000,1080p
0.8508472884060477,1.2246795137531508,16166.70619001059,15000,1440p
1.3522971979925087,1.177756424409262,13262.340253542492,8000,1080p
1.0338743593597421,1.500030092202042,13242.185189468595,8000,1080p
1.1272913810225422,1.390374567521303,13327.59495730839,8000,1080p
1.1007994863790793,0.7822138063194648,17819.540695813776,15000,1440p
1.4162810646461994,1.4566578769718126,11679.479683303836,8000,1080p
1.6723482625718706,1.8440874698385599,9542.171264708215,8000,1080p
1.226149350806611,1.3362699662553486,13094.82479178042,8000,1080p
1.830308388399906,1.5208625555791198,10012.748546977737,8000,1080p
1.24802714434444,1.6615179563865343,11532.53544396683,8000,1080p
1.7785708829549343,1.5141974104598193,10190.34107778124,8000,1080p
1.6043869577682475,1.2094455375034718,11924.815018798692,8000,1080p
1.4995609772629805,1.7343319566927695,10375.863606268398,8000,1080p
0.7032533819584564,0.9923208792115298,19789.420474480812,15000,1440p
0.7510111969349481,0.8018165422075262,21608.599044302187,15000,1440p
0.7954869310099011,0.8737034495600056,20102.219848968703,15000,1440p
1.3151581252706297,1.857159308061508,10577.261798405561,8000,1080p
1.1613820010570228,0.9137752872335587,16169.584922230442,15000,1440p
1.2820302099855305,1.0294417466104364,14516.478084127211,8000,1080p
1.319198449217973,1.417148978353391,12262.489646565504,8000,1080p
1.2491977594518031,0.9253116087438731,15430.80590535334,15000,1440p
1.3016676523434243,1.2677888075875665,13058.961116196999,8000,1080p
1.3805807706394004,1.1031823397064056,13509.513793901357,8000,1080p
0.9226515741771116,0.8244351589483895,19205.93372028636,15000,1440p
1.449807122215279,1.3930481247053552,11803.074404279283,8000,1080p
1.0397014963475095,1.200447064560785,14978.663730406774,8000,1080p
1.6347915663639307,1.3375100093924166,11289.040208331337,8000,1080p
2.36791010912908,1.6818761254423178,8285.482259176866,8000,1080p
0.5144341513302291,0.679324449101715,28108.222204940612,15000,1440p
1.1876632799365097,1.1490892210922827,14359.429158726536,8000,1080p
1.3418608886251662,1.0365556095398236,14107.887338440562,8000,1080p
1.3278841547535114,1.1199584536876586,13707.757142673508,8000,1080p
1.6430471225132723,2.0757929907029427,9022.82189566377,8000,1080p
1.0315926128501365,0.8518566932074025,17815.415520918148,15000,1440p
1.0469669075125017,1.4845478513155126,13254.685513085575,8000,1080p
1.3847266793993502,1.069912135720505,13669.804206351884,8000,1080p
1.6174044674944241,1.0947019103021765,12372.092877588622,8000,1080p
0.881856166157529,0.8253261958218303,19654.8609845617,15000,1440p
1.224725963909263,1.1725089785304101,13997.139540211923,8000,1080p
1.246474217011522,1.345067120225966,12947.673848709705,8000,1080p
1.2208552604985632,1.128081402047944,14284.945411692492,8000,1080p
1.010302340798003,0.774245054977198,18802.768746539274,15000,1440p
1.0551133382585351,1.0653619633183846,15824.014538177738,15000,1440p
1.1382807915071855,0.7982640413923621,17326.95852424943,15000,1440p
1.7618547472396675,1.6729111728856765,9769.059313007132,8000,1080p
1.2525573747428018,0.8562413689191921,15911.633151740074,15000,1440p
1.2766231459410464,1.1546546100137,13801.151233263103,8000,1080p
1.114465699413615,0.8053814676366668,17477.657896880493,15000,1440p
1.4278035218609442,1.237847463716418,12587.706410759673,8000,1080p
0.800815496706752,1.096665367354337,17683.67346176289,15000,1440p
1.799807058003231,1.3462139090111256,10665.673354314576,8000,1080p
1.1109439315689298,1.171967722371717,14698.086078837101,8000,1080p
0.8812890848187512,0.968983425243244,18134.859496386143,15000,1440p
1.1648020970364974,1.6570689035671449,11890.845468422256,8000,1080p
0.7505054644940796,1.0028252680921677,19137.537132258894,15000,1440p
2.166938336303794,1.4580977899732392,9256.302787376882,8000,1080p
1.6629742170975486,1.3917677093644398,10984.375376961172,8000,1080p
0.6123705500860059,0.8197698148522374,23429.569350520283,15000,1440p
1.755915689155989,2.3008969588116965,8271.131775535541,8000,1080p
1.4103728857873319,1.214508562630418,12783.218084087664,8000,1080p
0.9149579642403923,1.28395581499182,15259.548744888076,15000,1440p
1.7823879549044102,1.3661071635134499,10657.2920515949,8000,1080p
1.3564144776097393,1.0243190573309047,14094.156909011901,8000,1080p
0.7432563448529067,0.9127103589272388,20262.74557538136,15000,1440p
1.343204656547093,1.5765282072560265,11492.295208231286,8000,1080p
0.9240199229399753,0.7370069119298293,20201.017404171005,15000,1440p
1.5450305410379201,1.763717622938495,10141.125989980052,8000,1080p
2.2054310368103285,1.5320077952578504,8977.92138083824,8000,1080p
1.7347960156414186,2.0874224787512485,8778.784375939147,8000,1080p
0.8944112115925414,1.0639080144391788,17134.301473408756,15000,1440p
1.1789797691044728,0.9818604055399003,15528.419174047578,15000,1440p
2.5997099090604054,1.8241791537680365,7584.826726768495,4000,720p
1.7007641028846727,1.2433713640549335,11397.04078728396,8000,1080p
0.8770075460018111,0.9386347102705305,18480.75075587298,15000,1440p
0.8629160779247924,1.1472111058985488,16692.691024743093,15000,1440p
0.8247779906704633,1.0923670919306947,17502.291456457628,15000,1440p
0.7989611056819629,1.1065196244875697,17609.431294020287,15000,1440p
1.8745022864862468,2.0959296724418577,8451.078458742477,8000,1080p
1.7186380515365953,1.3155704509329538,11058.710030207209,8000,1080p
0.8042291218254225,0.9908493284270983,18692.45992857848,15000,1440p
1.5058570144114518,1.9247854458965272,9780.801231320305,8000,1080p
1.4043644676216502,1.2241489228781395,12765.554903115752,8000,1080p
1.2158656758053676,1.0810385288686573,14608.54655223291,8000,1080p
0.7522557680352506,0.9029941002307633,20271.520719195425,15000,1440p
1.1242683245201517,1.5038396176815831,12767.524294260646,8000,1080p
1.0211374668964366,0.8334802295491461,18092.371308818972,15000,1440p
2.3272921004591156,1.7132663853372678,8304.404482190414,8000,1080p
1.3660977322990364,1.0293650011272582,14007.494890979246,8000,1080p
2.4078254153985306,1.6254470830992958,8319.406142901873,8000,1080p
1.7595147105855924,1.976652450065023,8980.977177198045,8000,1080p
0.7525061302603667,0.7484019450760034,22356.08732565456,15000,1440p
1.4000696711104215,1.9635250488680625,9975.765451378351,8000,1080p
1.4230617602042201,1.1631598233180505,12974.306692739368,8000,1080p
1.4087481217261044,1.0768269164641917,13499.66566466261,8000,1080p
0.8013247376855166,0.7404743177529449,21763.168087074544,15000,1440p
1.7306240355600353,1.221446794049845,11366.40478386972,8000,1080p
1.3811579404608951,1.8794147682731992,10290.962661288846,8000,1080p
1.4893787020386924,1.114910771622001,12884.294291922375,8000,1080p
1.037982547769516,1.3519609540689728,14039.843190513879,8000,1080p
1.192430277511793,1.4507431478114858,12694.752330107154,8000,1080p
1.2491741268006697,1.4006712943674111,12662.788452470877,8000,1080p
0.9218089893926458,1.0684054545131643,16859.70680332778,15000,1440p
0.9246213354220707,1.3838096268388513,14535.601258413264,8000,1080p
1.2321226426962717,1.1644775785737753,14000.846575161488,8000,1080p
1.5771136368174066,1.5237142282435432,10821.120507229592,8000,1080p
1.1803928002619701,0.9023622224323649,16110.599486920286,15000,1440p
0.6872154045175436,0.8620643045664727,21658.08524003613,15000,1440p
1.2627435520986499,0.8719417541599745,15718.678486998855,15000,1440p
1.0499670852013991,1.5718126267399917,12798.341465215404,8000,1080p
1.0037283544038411,0.9772000468703961,16938.740430202335,15000,1440p
0.7867255694664762,0.7428202966436414,21937.5127895539,15000,1440p
0.9069585774138689,0.9932214794394827,17658.55392439244,15000,1440p
1.3496799270381257,1.5714714049294198,11486.71471854194,8000,1080p
1.723060458068486,2.073715285288242,8837.612297410682,8000,1080p
0.7927179823393838,0.8430901877924318,20512.449205640132,15000,1440p
1.4250738218782697,1.5418352114682818,11309.558743751566,8000,1080p
0.7421201739892007,0.9702242913858337,19595.608639790225,15000,1440p
1.0818230691073591,1.4170539422620114,13427.804508719042,8000,1080p
1.216581403463326,1.5705637497989584,12038.9969502397,8000,1080p
1.657597312836409,1.1669103482211154,11879.745437630316,8000,1080p
1.2773686258373373,1.3829698760908606,12612.843055753972,8000,1080p
1.5622696593679388,1.7548748705769281,10115.45674211479,8000,1080p
0.8691224850716543,0.7576176517655466,20626.792958608865,15000,1440p
0.9656106449001959,0.7914623138632361,19096.777872908857,15000,1440p
0.9124993019128279,0.7400177339460404,20305.044530182793,15000,1440p
1.7645807805500724,1.7190634484462637,9631.991614042425,8000,1080p
0.8393940755582276,1.1586299498325845,16793.808069168124,15000,1440p
0.8186000095216889,0.6535857533274901,22792.254107294713,15000,1440p
0.9608465176155375,1.3029029253877176,14822.502597939567,8000,1080p
0.7626327791472508,0.620397560601461,24261.52994307893,15000,1440p
1.2262360983757732,0.9418309110227006,15476.658172714697,15000,1440p
1.5195244726001922,1.3621375778260363,11644.124610322346,8000,1080p
1.2529959676451303,1.6795965644436353,11441.90051391168,8000,1080p
2.268741999243547,2.235548240842302,7449.438249201382,4000,720p
1.8299400994556891,1.3392498002479294,10587.700031209237,8000,1080p
0.9068409886584318,1.042127187010045,17216.510982018044,15000,1440p
1.3114972960665228,1.841769584517256,10641.164630438105,8000,1080p
1.3341045421593327,1.3173254586771102,12655.2207636689,8000,1080p
1.0341507182378717,0.7602369321600593,18699.656115309772,15000,1440p
1.988126403457192,2.161711673733756,8085.7207861741945,8000,1080p
1.7183646734545237,1.719747826012292,9759.550336181157,8000,1080p
1.3260039346263177,1.1243656902941943,13693.620610844977,8000,1080p
0.8792897834393241,0.9446817285311946,18396.35749779317,15000,1440p
0.958819062050219,1.3490793025276762,14538.95566416633,8000,1080p
1.3198282759000122,1.2101861188451715,13262.545884992687,8000,1080p
1.3630644064765383,0.9141988888263759,14734.542145042871,8000,1080p
1.624525862819704,2.117512402746774,8966.88639150526,8000,1080p
1.031358012533157,1.1547123541018063,15349.200333221946,15000,1440p
1.5630120057706602,1.8305539285608157,9887.661724954856,8000,1080p
1.0875537667204724,0.929925670124397,16631.858242122005,15000,1440p
0.864739108816104,0.7121235344843091,21279.23579302363,15000,1440p
1.4261646069174974,1.6137215180923439,11038.0555784442,8000,1080p
1.6744105561531486,1.7728850442584527,9733.552294150133,8000,1080p
0.9302582442324666,1.0676257793834103,16794.98489570551,15000,1440p
1.3954460846047105,1.0574017259937687,13679.785535415234,8000,1080p
1.178430725469689,1.1206238845995797,14594.88254565168,8000,1080p
1.5703730821998048,1.40814830585393,11265.46619224567,8000,1080p
1.5547238762029927,1.2301442063908026,12048.840736738874,8000,1080p
1.8288136039532876,1.2479447052909651,10905.774398718373,8000,1080p
0.9981759416001666,0.7504809905935125,19188.6878336428,15000,1440p
1.3939025518942072,1.0417900632991397,13776.135703944903,8000,1080p
2.4888165250734735,1.8283159961514128,7772.3886943548605,4000,720p
1.6460743196692558,1.7992480452616075,9739.126980262507,8000,1080p
1.1325431110498656,1.5027773256223058,12732.58140948197,8000,1080p
0.903738663612625,1.3418781025364597,14942.189827670867,8000,1080p
0.8788551863038417,1.084194118560724,17093.015400504664,15000,1440p
1.1573872379446788,0.9955994873124554,15585.062186573652,15000,1440p
2.094951429506041,1.5747757981864976,9143.576597952882,8000,1080p
0.9509430588159336,1.1135665504849244,16252.979326825774,15000,1440p
0.7682528195806385,1.1450282813913244,17537.638344388633,15000,1440p
0.8298707122470578,0.6840092546970694,22164.526073841884,15000,1440p
1.3208459751487638,1.3263414294018983,12675.503042330161,8000,1080p
0.9422430094067408,1.126044368206819,16223.292934619134,15000,1440p
1.1025277273028493,0.8977663018978248,16774.74986685257,15000,1440p
1.8185554263569859,1.3036912911067498,10746.886789028942,8000,1080p
0.6428244718432552,0.7643841798605358,23844.67431988402,15000,1440p
1.9061151360190265,1.4105212211085854,10117.006625670583,8000,1080p
0.9046577643418023,0.684976715302414,21108.268869149073,15000,1440p
0.929202303628136,1.35493983145293,14690.168131244218,8000,1080p
2.2500118253800094,1.5311988850954736,8873.99157815793,8000,1080p
1.7070302898194072,1.7247363394711788,9777.597262473633,8000,1080p
0.6601479175343031,0.9362946444727608,21018.25195503121,15000,1440p
0.8727074272712633,0.6076035174272004,22667.151195612463,15000,1440p
1.2830229457296436,1.5402776428329112,11884.82449794118,8000,1080p
1.1663860727234456,1.2379748627631364,13955.655120145024,8000,1080p
1.0343248170076553,1.0340945695572101,16222.2575450357,15000,1440p
1.6470735534937797,1.3263441916340024,11284.802498734667,8000,1080p
1.3919373501086876,1.0835270450721068,13554.802915090753,8000,1080p
1.5279102077648552,1.290103494869211,11907.121661131687,8000,1080p
0.7483221486887112,0.7971545158737124,21711.380552937942,15000,1440p
1.185535919437201,0.8112539065518967,16804.188184091443,15000,1440p
1.404906764936663,1.5413412583108193,11388.868735842154,8000,1080p
1.6335264859725276,1.2844055504951968,11499.387778962464,8000,1080p
2.267141686186197,1.7530426592379853,8346.490886218196,8000,1080p
1.6325553517739242,1.2951510645388882,11460.996161718578,8000,1080p
0.7566984430923946,1.0389979063562589,18686.027852260475,15000,1440p
1.7688974130361519,1.8922983726048295,9164.883268903217,8000,1080p
0.8886836041021836,0.993945693496071,17823.17530211961,15000,1440p
1.1590977950962862,0.8720159370096403,16520.213255222123,15000,1440p
1.1162450830932662,0.9682683979846742,16097.008872616349,15000,1440p
1.4792515826020973,1.5418558120463457,11106.666403001085,8000,1080p
1.3174387635172264,0.8957354497095871,15161.224904693587,15000,1440p
1.0464475282504262,0.9511217129922453,16797.63149492934,15000,1440p
1.1142992484166239,1.4038191406266922,13325.200334503734,8000,1080p
1.2152011766041997,1.3610167839668397,13024.686774779877,8000,1080p
1.1486257851279686,1.0951000268262503,14954.782719540532,8000,1080p
0.6973874381126587,0.9641362199042737,20194.976964726462,15000,1440p
1.7332727580189669,1.2237098500114778,11347.524300235766,8000,1080p
1.3754090712757512,1.4305194022428116,11958.406038028332,8000,1080p
0.8247456535124559,0.7840852192782802,20856.40732502558,15000,1440p
1.4349717809438385,1.2355054792877023,12564.957020862517,8000,1080p
1.0994601456962712,0.890375071809693,16862.91995678754,15000,1440p
1.1008956610018397,1.5064742671783289,12869.072254514933,8000,1080p
2.3283103959807443,1.9481306869697592,7846.344974510752,4000,720p
1.1707219991190756,1.3388806597870826,13370.416181589926,8000,1080p
1.629545511246233,1.135163347443122,12136.69638108184,8000,1080p
1.2509189702365793,0.9007664773715593,15594.487585209006,15000,1440p
1.5942603788604697,1.9186204728063079,9551.827521869758,8000,1080p
1.2450469285058707,1.4147940124238079,12615.202467058769,8000,1080p
1.973283877308624,1.3193469160596087,10190.766625757977,8000,1080p
0.8512226017513483,0.7938634189760333,20396.764410631713,15000,1440p
1.7757037968838778,1.778170590115171,9441.648281872429,8000,1080p
2.049691020054115,1.3829041681765992,9775.237148571308,8000,1080p
1.4890740070502713,1.4821837339159403,11293.006169531616,8000,1080p
1.0399252882031729,0.8691170510357635,17576.578219515493,15000,1440p
1.0810552312243789,1.3604206821194218,13743.503188628416,8000,1080p
0.9084848571574773,1.1140727244291984,16590.099735838863,15000,1440p
1.1988352372203028,1.0465758623254384,14943.558445394807,8000,1080p
0.9870654439644114,0.8780621131910266,17990.422087363757,15000,1440p
1.0083937997531969,0.9676939232620294,16980.23402969214,15000,1440p
1.3272644629104577,1.6122548548394866,11414.938421185218,8000,1080p
1.6017739124544976,1.4365733890242536,11043.645992566155,8000,1080p
1.4505859309369564,1.5801960415563332,11071.21274460936,8000,1080p
1.2419492479903511,1.1619690810128984,13958.22461818529,8000,1080p
1.0028579950099246,1.056919907699948,16290.315550941352,15000,1440p
1.186525197785725,1.5692885173981221,12175.870892551058,8000,1080p
0.8914920865599931,0.6886103308178504,21235.605762620806,15000,1440p
0.8097609369131948,1.0195024816446692,18343.138369023585,15000,1440p
1.5113149467412115,1.6009434715985333,10781.377215424109,8000,1080p
0.7028345905423204,0.8134744752655941,22129.018916154568,15000,1440p
1.3797526278608843,1.8974525570108567,10238.733953825724,8000,1080p
1.2925748172242,1.3114969720689058,12885.371339592983,8000,1080p
0.9251588447194833,0.9602235530287851,17797.149289223453,15000,1440p
0.8520603928490743,1.198867660487711,16360.609015712744,15000,1440p
2.065641480779334,1.4252669997213587,9611.948347379008,8000,1080p
1.2684837863397955,0.9272146391001199,15281.894640552588,15000,1440p
1.1811029138332936,1.644347366713025,11875.78214737229,8000,1080p
1.6777688187924644,1.436805169223442,10773.36166329937,8000,1080p
0.8455797460279202,0.9962990938593324,18217.502298931875,15000,1440p
0.8939187879065644,1.0342168243170955,17402.52697335054,15000,1440p
0.8946028450832846,0.8969004365068254,18729.76306815225,15000,1440p
0.9282157156258384,1.2695285241860264,15267.669181957399,15000,1440p
1.2544788822204804,1.1689768917294092,13845.696034844914,8000,1080p
1.559321376952877,1.048969809025377,12864.526852056675,8000,1080p
0.9108048225243119,1.077074453579686,16879.511951934335,15000,1440p
1.0062939728068838,0.9572462054597788,17088.7422480046,15000,1440p
1.0919830443924183,1.030054771374526,15812.362885659884,15000,1440p
0.9289773557695202,0.9360779039288025,17991.11947247478,15000,1440p
1.0181062533072216,0.8954498232436012,17535.11820802332,15000,1440p
1.2296378554472518,0.9407071531868472,15460.413835824838,15000,1440p
1.2331505850518854,1.067134135093882,14587.07772395831,8000,1080p
1.323284348348169,1.4702436959081933,12011.489223811317,8000,1080p
2.1322708907636443,1.762372216499045,8615.534485670343,8000,1080p
1.182857222358288,0.8251202279235286,16710.562160591337,15000,1440p
1.1404011266348073,0.9919671506886942,15735.758385093186,15000,1440p
1.1062194501441471,1.0549477479122142,15526.069445333553,15000,1440p
1.0323886557096915,1.4145638221203982,13712.74362866067,8000,1080p
1.1656820744602119,1.169536154736991,14368.863509401126,8000,1080p
1.7500284938698685,2.266006311082512,8355.114840793285,8000,1080p
1.5265739013106956,1.2302061038857797,12171.603079226696,8000,1080p
1.1771120551864,0.9945828220150097,15450.804048145323,15000,1440p
1.3859388502093608,1.4649414045998623,11769.84966078325,8000,1080p
1.810200437080731,1.4383724690509905,10328.97612876891,8000,1080p
1.8441896621942835,1.9634295929654155,8812.444141974132,8000,1080p
1.217186476888682,0.8200529404328762,16470.539355710767,15000,1440p
0.5490140582610533,0.7998775215722266,24875.558941621726,15000,1440p
1.16324180004042,0.8367565059658961,16777.230210261,15000,1440p
0.8101812616777347,1.1574790859503175,17052.95938928115,15000,1440p
1.2618246300844533,1.4632592899222474,12313.173826924747,8000,1080p
1.9462132567469659,1.6836926929990612,9243.884680358646,8000,1080p
1.1725425103198734,1.1109582836734386,14694.29399291826,8000,1080p
1.0817758823317452,1.0615452136417136,15655.34537173963,15000,1440p
1.1461243658888634,0.9835659720889527,15755.54502062521,15000,1440p
1.538661998740083,1.3112972708527844,11773.653173925339,8000,1080p
1.0469557313068,0.7383409698400691,18794.877052337986,15000,1440p
1.2928530043122437,0.9613026533223847,14885.587819259095,8000,1080p
1.7701678290211715,1.2162852467792242,11235.54636498252,8000,1080p
1.5752275301426764,1.4240560986878545,11187.4821298856,8000,1080p
0.7969888717401207,0.7579998197176786,21578.569789174977,15000,1440p
1.4510758848414924,1.262005851538213,12367.645084211328,8000,1080p
1.1378928928269532,1.3270262632743397,13612.79209378708,8000,1080p
0.7465491546799738,0.7160593744518988,22941.498925837757,15000,1440p
0.7916915175485761,0.7804617866480235,21342.97711961809,15000,1440p
0.8758961779351317,0.942361994355019,18454.162621877393,15000,1440p
1.8052237154622153,2.239226202216525,8296.414267198574,8000,1080p
1.8866158596005949,1.547357968870551,9771.312676235191,8000,1080p
1.5463491673205196,1.4779597531507418,11094.908913859037,8000,1080p
1.003202903110142,1.3411894343982553,14312.635075262788,8000,1080p
1.263570251988326,1.7550238523295618,11115.91384611887,8000,1080p
1.2184048728772205,1.1802550212308442,13988.824377487299,8000,1080p
0.9244147829802744,1.1389045659658987,16262.355130405627,15000,1440p
1.00566695881558,0.9915728006705964,16800.4025759193,15000,1440p
1.0149800013495975,1.172530465869032,15339.095516495383,15000,1440p
1.9784840031187987,1.8615101560083278,8738.146624584268,8000,1080p
0.8557385483749156,1.1005643170351085,17151.96179144137,15000,1440p
0.9401020025444368,0.8736009617049784,18500.511198031923,15000,1440p
0.9405782640376672,1.0370244905149377,16967.22555768843,15000,1440p
0.7658936427704716,0.876996509937262,20424.0264905704,15000,1440p
1.9581096810002774,1.3234484006418543,10225.152554121167,8000,1080p
1.3864968717509196,1.2728695196116737,12617.453581793798,8000,1080p
0.82241156364357,1.0896187631124514,17549.11077008331,15000,1440p
1.0470440277866924,1.4818799889243188,13268.264201800406,8000,1080p
1.067547824082419,1.256306994301624,14439.125772638847,8000,1080p
1.6883359850094133,1.2701310299530355,11341.830694849205,8000,1080p
1.1520586359721627,1.4793967367094214,12751.282939602492,8000,1080p
1.7314752126843864,1.496334106849648,10395.419517793543,8000,1080p
1.243163299793727,1.4838727573991493,12304.359493706093,8000,1080p
1.3012397442900332,0.8800159055864081,15383.080842404104,15000,1440p
1.732109108804371,1.7335882289634215,9681.870264416091,8000,1080p
1.2142077376472922,1.3437742510147879,13117.540369215116,8000,1080p
1.0018452480931928,0.8990940900277895,17651.500669751767,15000,1440p
2.0421748129537107,1.824294410778939,8678.313484054295,8000,1080p
1.1689484965169858,1.6690019031706018,11823.47373079311,8000,1080p
2.393783774234753,1.840206412680749,7925.014116398954,4000,720p
1.4843742798118962,1.7468582203695227,10384.406568736875,8000,1080p
0.8381514005456797,0.7326586954636288,21361.227614493993,15000,1440p
0.864271308657411,0.95155530481866,18478.8744426243,15000,1440p
0.9349212781117399,0.8379716901180726,18926.37209425182,15000,1440p
0.7438997321030189,0.9974925472245634,19268.738237978545,15000,1440p
1.326158681058085,0.9931347587452501,14467.523351786505,8000,1080p
0.8408714336504065,1.1301357933873377,17024.002519985403,15000,1440p
1.139455112085912,1.5298467984181547,12570.489635495609,8000,1080p
1.1620891067955703,1.3270751429919991,13480.200032144769,8000,1080p
1.2640099359517618,1.2381962140651834,13409.939065081735,8000,1080p
1.0970096446967228,1.2390651266611108,14363.59504045182,8000,1080p
1.8069124362163003,2.3872162534623707,8000.334391878362,8000,1080p
1.431433938590738,1.264788683376185,12444.978291711566,8000,1080p
0.6236489786116113,0.738276020087284,24637.50355713859,15000,1440p
1.3893238762890001,1.3146241940405559,12409.421751916412,8000,1080p
0.9700907029370451,0.7810932534125548,19160.997837112045,15000,1440p
0.8057773480809989,1.0589686939493197,17994.102812770278,15000,1440p
0.9327775708502979,1.3840500362882016,14482.921343225396,8000,1080p
1.495898838840291,1.4026418163462262,11576.319255677585,8000,1080p
0.8269625768868115,0.9301899594637627,19095.913021694243,15000,1440p
1.6041104907782566,2.0545040749769776,9171.349262660982,8000,1080p
0.8993085146001629,1.0084276972194672,17588.611985299176,15000,1440p
1.1862863032193176,1.0213221457110726,15199.44898573725,15000,1440p
1.3785741649179692,1.5485681688907078,11463.204782508938,8000,1080p
1.4026686133986175,1.166976285328806,13058.003468345882,8000,1080p
1.4019659966154272,1.4150839778805713,11911.19515229873,8000,1080p
1.3374960143433046,0.9586417378710972,14613.42289574744,8000,1080p
0.7460807546134833,1.029770658561628,18894.842074656895,15000,1440p
1.0785113131892652,1.1508895436382487,15050.87427289711,15000,1440p
1.3483356922579384,1.5125064787185531,11728.865136431787,8000,1080p
0.8768514985498778,1.0989121891508535,16983.018874614772,15000,1440p
1.1944284002071146,1.2072075932457442,13971.489472789928,8000,1080p
1.491948583944632,1.293855659731726,12044.791760285007,8000,1080p
0.7845687397984975,1.0923372895188128,17877.52368838881,15000,1440p
1.0813580568388332,1.2892664298588803,14154.258588099467,8000,1080p
1.100982169281006,1.2962422958263151,13997.200716244903,8000,1080p
1.5505048552262992,1.5184920081447215,10933.354934466579,8000,1080p
1.5096081498630423,1.8984960073755806,9845.48313429103,8000,1080p
1.2390250436710057,0.9259589934601129,15498.69718414364,15000,1440p
0.8301197252306768,1.1100865591940923,17294.260032740898,15000,1440p
2.006798909354002,1.770051664633972,8884.236043410607,8000,1080p
1.8134476430494975,1.456051495403816,10262.866139146143,8000,1080p
1.3437829941866302,1.9227527339218324,10272.17663999965,8000,1080p
1.2499867148527124,0.9653896842869858,15146.153950647062,15000,1440p
0.8274770270973866,1.0991238291039098,17416.390059204947,15000,1440p
1.0938684466842805,1.606392647250625,12426.3657597286,8000,1080p
0.9344529129167022,0.8150431678477744,19179.48394907963,15000,1440p
1.0395503950108282,1.2595410935499776,14594.648436980875,8000,1080p
1.2402737333634812,1.5884704188329417,11861.953642554112,8000,1080p
1.488889450483239,1.3594969353849047,11780.154604893301,8000,1080p
1.929504433022744,1.3382016544516349,10268.497564275842,8000,1080p
1.6592715169862124,1.527942749587266,10527.824361201112,8000,1080p
1.3733608979150305,1.397413443583481,12110.128023580886,8000,1080p
1.6698242734809332,1.7125064740946971,9920.50585947308,8000,1080p
1.027285017558761,1.088185542504412,15861.450702012125,15000,1440p
1.1477588337761306,1.6223452094177275,12113.058382208854,8000,1080p
0.8729121550524436,1.139727188894748,16671.85534304074,15000,1440p
1.3185185428455788,0.9645829987178378,14696.863625707458,8000,1080p
0.9234810609236098,1.3215969332931765,14945.77564184167,8000,1080p
1.329584895783527,1.4179596989538243,12212.515882097121,8000,1080p
0.9692141218581154,0.724253682536157,19814.035975724917,15000,1440p
2.112560144767063,2.17591155093128,7824.333324540208,4000,720p
0.9987347810963542,1.1028659841925967,15966.130463121797,15000,1440p
1.599424056222241,1.563953285821551,10607.15443397631,8000,1080p
1.8996082251008743,1.3725912398634603,10254.396884807793,8000,1080p
1.7719718316011002,1.7032887348482735,9655.22767528252,8000,1080p
1.2166815370971684,0.9035952839453865,15825.495834784939,15000,1440p
1.9400162524825455,1.7812061561534382,9017.04556065473,8000,1080p
1.0634028951171473,1.1130835515425341,15416.788857792792,15000,1440p
1.7730606981132575,1.6639041480186423,9762.809194212015,8000,1080p
1.349595420545861,0.9748252046987067,14435.611023056344,8000,1080p
1.221735740889731,1.0920596101645523,14501.901382380636,8000,1080p
0.8927670085390913,1.0925896477966321,16900.95927747803,15000,1440p
1.3130778743367832,1.2155911125871093,13269.602377185289,8000,1080p
1.564438533582251,1.6789743952252218,10345.408597830676,8000,1080p
1.2312790767935424,1.2644013513855579,13445.003463236679,8000,1080p
1.1013038902533034,1.4929304863879163,12934.233044680892,8000,1080p
0.7912455806992194,0.7604144956993859,21624.86005174513,15000,1440p
0.9890535185709112,1.1170883082106342,15931.705820246432,15000,1440p
1.2941864197573256,1.207631907406058,13412.017825468865,8000,1080p
0.7709862402854284,0.8305610375895895,20951.259112700718,15000,1440p
1.1177604955346951,1.6542388449961547,12104.776328544935,8000,1080p
1.2422653837404976,1.823430106668763,10945.12879865984,8000,1080p
1.0942252647441022,0.8504208458426328,17254.775466512012,15000,1440p
1.2557913215624532,1.45151961370505,12394.007486504157,8000,1080p
1.4223481540688618,1.3722316123481575,12006.968776926607,8000,1080p
0.9350043773501711,1.0349069800090538,17033.473041640602,15000,1440p
1.0734952248482588,0.9896148506504441,16264.004717193335,15000,1440p
1.3656270214578887,1.9899284526251795,9999.665408353594,8000,1080p
1.9653258067790935,1.895368933266974,8691.293733210208,8000,1080p
1.7429135801680598,1.2170676158744451,11336.028771014586,8000,1080p
1.5080436939257968,1.5552389527578045,10953.749904967795,8000,1080p
1.0535714265419107,0.8809276505657013,17345.28198905594,15000,1440p
1.712639116139468,1.4957693555107214,10458.279329608507,8000,1080p
1.5302843078291246,1.128601798727398,12619.732720878279,8000,1080p
1.011800984900742,0.9576654944274934,17037.320691766774,15000,1440p
1.3007697540756833,1.7327788971732938,11061.115497911966,8000,1080p
1.474084072667023,1.5983690127307568,10921.055933928385,8000,1080p
0.652893478464557,0.9231670429364733,21290.065669668555,15000,1440p
0.7871824482056669,1.0000820671635413,18774.183514222805,15000,1440p
1.5450320539166007,1.168334742400708,12366.345768490066,8000,1080p
1.3648457535038299,2.0269826955248957,9892.726741415401,8000,1080p
1.0181978649647614,0.7473932904499616,19004.644363501207,15000,1440p
1.760147676832685,1.3649967907582568,10736.92187608398,8000,1080p
1.2072377528331015,1.2082098079426082,13891.60027519875,8000,1080p
0.970738849653139,1.246817043064075,15131.26776655226,15000,1440p
1.2663219554794287,1.156288767696785,13850.525665967403,8000,1080p
1.2847978548454688,1.2781026499268675,13092.366222379223,8000,1080p
1.34357964119436,1.1647704017650908,13377.093079246288,8000,1080p
1.9532296749713374,1.4385805946746912,9892.77976432973,8000,1080p
1.0551827399203828,0.9394223909948016,16822.593845732375,15000,1440p
1.1405574725872005,1.3023559248280352,13735.416096003572,8000,1080p
2.019277555025446,1.4812067417340389,9585.654199638164,8000,1080p
1.336867062535602,1.5118298491268123,11778.870494305635,8000,1080p
0.9695367794953554,1.291245030239549,14841.959474158426,8000,1080p
1.1451049006794771,0.8855822110131006,16523.6839327908,15000,1440p
1.309754541922187,1.4836171482569087,12012.161545837345,8000,1080p
0.8518429777363266,1.0345004329975809,17788.082386836017,15000,1440p
1.210817931834906,0.8522240922856434,16264.541200659187,15000,1440p
1.0992354122237107,1.2603739443159518,14220.333508597012,8000,1080p
1.5305300210052561,1.5569895163430834,10867.76345675131,8000,1080p
1.3208383388992149,1.436054408729562,12171.105324594295,8000,1080p
1.429514270908887,1.0754348512117056,13395.254899067219,8000,1080p
0.943722149026451,1.0473516109944754,16852.430419075656,15000,1440p
0.8854855248005938,0.9289161443262252,18493.38686738977,15000,1440p
0.8437535151126232,1.2593676852889928,15954.58787329631,15000,1440p
1.0413575250544906,0.8196330157840126,18030.415127677887,15000,1440p
1.6422886159332657,1.1344735791562048,12084.013553389233,8000,1080p
0.781359588594493,0.7231236313829131,22302.9619436393,15000,1440p
1.4275940868189687,1.1666824301927348,12934.022946270468,8000,1080p
1.0006215539779078,1.438263446444585,13758.103393225716,8000,1080p
1.4558057141781942,2.0411753804560897,9595.256906445797,8000,1080p
1.382482507002801,0.9665531553826039,14284.343374304526,8000,1080p
1.6328740836475328,1.77087995659761,9858.066006903178,8000,1080p
1.2725345023074501,1.299346819772329,13046.648658292619,8000,1080p
1.2791659349059894,1.8085072401016693,10867.222694292044,8000,1080p
1.3863730332076702,1.0075435268883721,14016.54199620634,8000,1080p
0.7021032494532684,0.9076017624959327,20845.081397472164,15000,1440p
1.0505797355686566,1.2496974654078343,14587.125406344856,8000,1080p
1.646752176664483,1.4062120483020963,10990.771436362744,8000,1080p
0.8046697794251562,0.9520913210422773,19100.167911887358,15000,1440p
1.0717687719316917,1.259835922976457,14391.1324562339,8000,1080p
1.3717969825429406,1.2093219149647636,12999.955961889138,8000,1080p
0.9064292828357561,0.8804973071236943,18777.733897149872,15000,1440p
0.7579030164179922,1.0613486090040274,18444.085211256162,15000,1440p
1.2001234605329811,1.1338894846604397,14376.283588786748,8000,1080p
1.5827630843208838,1.126957705254118,12382.985040042722,8000,1080p
1.3234814597048232,1.4319731807068563,12177.457581006229,8000,1080p
1.4031698084611446,1.0399511430634234,13734.249210650501,8000,1080p
3.278633890273719,3.1559177120591073,5214.727314928199,4000,720p
1.1263920317562994,1.5106214674098974,12724.406610208727,8000,1080p
0.9613570360122449,1.269309764073442,15042.332632875097,15000,1440p
1.6130563095756238,1.7715887371737808,9913.722572541395,8000,1080p
1.2841471817775874,1.5126589468153997,11997.41078116148,8000,1080p
0.9655163113049272,0.8200263755242965,18792.28777195248,15000,1440p
1.737549058754028,1.2816351785164979,11113.741117810905,8000,1080p
1.4327293393758094,1.1527777353300643,12977.892162146622,8000,1080p
1.7685777920661363,2.5750702454373804,7724.942654259158,4000,720p
0.8536813399269939,0.9219434215193499,18897.253929184943,15000,1440p
1.4724641742486944,1.4951525512902621,11306.86173562595,8000,1080p
1.765176578788048,1.4722326424057655,10364.59394145625,8000,1080p
0.7987421773768516,1.1142714492400092,17540.090427552554,15000,1440p
1.6559576052888498,1.5961202300793496,10317.844067284133,8000,1080p
1.126337388571241,0.9934836909991074,15828.898166632493,15000,1440p
2.5639595551065244,2.3221433344041125,6867.319980517359,4000,720p
0.915805415707709,1.1834118390387327,15984.258858453859,15000,1440p
1.2310929939612583,1.0793163754590875,14523.154400303703,8000,1080p
1.5135609232427338,1.1852665701909966,12432.966568496213,8000,1080p
1.4380235652266062,1.0319453100202094,13584.961469057791,8000,1080p
1.2199447743115046,0.957034201394797,15413.300897457479,15000,1440p
1.387916855905753,1.780527714170299,10590.190630727868,8000,1080p
1.5046047216039613,1.2283802301115723,12277.576566580583,8000,1080p
1.0295962510564176,0.8025727310964079,18314.04871867935,15000,1440p
1.276249288531544,1.378425190428167,12639.753862834814,8000,1080p
1.0974983841082768,1.4417261343391334,13214.440769702636,8000,1080p
1.018312637319495,0.8675817243127868,17792.31789576905,15000,1440p
1.2167042041862173,0.8948715980482311,15890.706819283037,15000,1440p
1.194091833143151,0.9953778764176884,15325.36935929125,15000,1440p
1.047416971108642,1.3209285806831246,14167.87848995028,8000,1080p
1.4453849712285367,1.4441715907956325,11612.311882379183,8000,1080p
0.7615822741079213,0.7011721893899056,22939.210125370333,15000,1440p
1.378899061282505,1.4082409112821157,12039.019328162583,8000,1080p
0.712785527599121,0.9319419033056205,20401.211391933906,15000,1440p
0.9638172926189795,0.9775424988867435,17283.98421911021,15000,1440p
1.1081293251898197,1.0854803252016143,15296.446199538032,15000,1440p
1.4379316688583028,1.154969239225315,12940.884819543558,8000,1080p
1.2645141905490636,1.4403486620152954,12405.224896407797,8000,1080p
0.9728536788490384,0.7681397877902937,19273.15216453435,15000,1440p
0.6175039202279531,0.8815356927116849,22383.95283911096,15000,1440p
1.5901087584258444,1.1945655674950075,12049.679090894777,8000,1080p
1.8524064668864033,1.3366797800847297,10521.644571973764,8000,1080p
1.4079721141616746,1.800613035308692,10457.703453978384,8000,1080p
1.1320109673174987,0.7936674155877492,17424.7331734476,15000,1440p
1.500711514702855,1.0458199986764076,13176.523370595585,8000,1080p
1.2876118222805912,1.6951490918029517,11249.454101925443,8000,1080p
0.9791485849321779,0.7724949580943441,19155.970479030246,15000,1440p
1.3361949073878856,1.1054817584211611,13742.373210124355,8000,1080p
1.0039553275542135,0.9201379688594582,17439.087835575487,15000,1440p
0.9763574280799401,0.9281951905289612,17618.012583190477,15000,1440p
1.1291966345551765,1.1845333813342507,14502.31088742705,8000,1080p
1.7866331747789654,1.3367197531637507,10743.080520875226,8000,1080p
1.4264982070622554,0.9697724228528344,14002.772300050674,8000,1080p
1.3876509064285998,1.3599480162951394,12212.274405296734,8000,1080p
0.9433212031298206,1.402106923662628,14306.3143213381,8000,1080p
1.2552604974028319,1.389242053686986,12688.371953421632,8000,1080p
1.4643278668535653,1.2159380811526836,12519.068126414808,8000,1080p
1.0553541288854078,1.3772752862932787,13793.482801216267,8000,1080p
1.0533961050066387,1.0325671490638633,16085.821231281343,15000,1440p
1.4523625073753474,1.1562287872136983,12863.046836659065,8000,1080p
1.668697196866659,2.2029045918525965,8666.808683105803,8000,1080p
2.4023253551544537,2.0502287704043862,7535.9964312143165,4000,720p
1.198048807572109,1.0915757234907095,14654.993229140677,8000,1080p
1.4395633908522711,0.9842341764096698,13843.743575460796,8000,1080p
1.2340549372924992,1.7293641397561537,11322.877773135531,8000,1080p
2.4203655809872853,1.6540263683339225,8235.445292785384,8000,1080p
1.3177194653940494,1.2419554863591622,13108.864458363116,8000,1080p
0.9707775304891456,1.0700356973567433,16441.696644340765,15000,1440p
0.8219000307152889,1.101549620969076,17444.92348454059,15000,1440p
0.9922471076300107,0.8638076919082517,18078.362776975908,15000,1440p
1.3709847925758827,1.7402904031380428,10784.78433737536,8000,1080p
0.7506606663097549,1.1241063458560947,17897.921065527924,15000,1440p
1.4310855430149791,1.830039755624632,10289.218882205274,8000,1080p
0.8051486770138029,0.9484622964442239,19134.478802805654,15000,1440p
1.142475991410491,1.256099361232854,13989.317435043853,8000,1080p
1.2481719820108859,1.0001667143921387,14924.10020504545,8000,1080p
1.6620630491591182,1.4960259774022993,10624.91643452327,8000,1080p
1.3778710775172476,1.2334004150564422,12849.844259942685,8000,1080p
1.3194414172061775,1.9633489970916695,10221.314115533301,8000,1080p
1.576728768617293,1.7163984003800223,10189.230563548685,8000,1080p
0.845896924457471,1.1697491348713311,16646.986133653554,15000,1440p
1.0309042823836994,0.915991158303507,17234.840299464726,15000,1440p
1.0277368712679025,0.8262801924743661,18098.23256549298,15000,1440p
2.191770355710803,1.8770284612049135,8246.766062873407,8000,1080p
1.1523499696828277,0.9203255288755259,16188.94613427849,15000,1440p
1.078163735538861,1.0812992398286574,15538.322436062781,15000,1440p
1.6244195809376194,1.866169325144404,9612.828351552527,8000,1080p
0.8831243059596743,1.2995957540710508,15372.760169495887,15000,1440p
0.9270119232667282,0.9316504842512496,18052.99976169849,15000,1440p
1.0322722899696344,1.535045184892796,13069.841314346218,8000,1080p
1.391451083583801,1.690915225132427,10885.932637245525,8000,1080p
0.8184786648273805,0.9470897784053753,19004.888838272298,15000,1440p
1.8392139157534473,1.3557988953101359,10502.1275294449,8000,1080p
1.9753741819075512,1.713506607789554,9096.100934927517,8000,1080p
1.1901222931882058,1.1155002999407388,14553.306382404724,8000,1080p
1.3233060552862852,1.664235658599462,11231.452215057918,8000,1080p
1.6392534765980296,2.0211826467228833,9166.785287201763,8000,1080p
1.02973882079103,1.1145257247953164,15648.457215350069,15000,1440p
1.1714113616884916,1.5475315698628975,12340.984288645708,8000,1080p
1.2323873476732894,1.6411392521877288,11677.091140072585,8000,1080p
1.394155190862866,1.017236157881483,13914.967397337783,8000,1080p
0.9115328164583842,0.6698207092376238,21218.8049381504,15000,1440p
0.9947319620760039,1.2485256845235688,14957.903765919738,8000,1080p
0.584918422946759,0.5825348890202806,28741.562215849306,15000,1440p
1.6442078189991614,1.78970878765439,9771.475502633053,8000,1080p
0.7340077723045028,0.9561530374028416,19852.80442386428,15000,1440p
0.7827592970690881,0.7154625256487929,22396.17090821029,15000,1440p
1.2531928230001779,1.3286176631032804,12996.473668615894,8000,1080p
1.0401201268705134,1.0550011936677437,16015.507871104828,15000,1440p
1.3781648821628047,0.9594558633713481,14354.095746328054,8000,1080p
0.9961709028603167,1.3460821482897443,14325.707456555372,8000,1080p
1.299401952499947,1.0251615071436628,14434.724017017972,8000,1080p
1.7109475008630772,1.6156413690042881,10086.738491774564,8000,1080p
0.7977676238039533,1.0915240749455313,17760.32362933133,15000,1440p
1.0439451808794118,0.8182419798121292,18018.828992215393,15000,1440p
1.344952849459964,1.4244483884877226,12116.132375554977,8000,1080p
1.2895436087730212,1.136780717913905,13829.326784938756,8000,1080p
0.7457556807028626,0.8151665713421433,21496.542800923908,15000,1440p
1.1321575097739152,0.9186964007194136,16361.200487424552,15000,1440p
1.4809827587898965,1.1693002000242807,12660.69794110337,8000,1080p
1.1709815978375455,1.4793264812212699,12660.577940024217,8000,1080p
1.6755234071317835,1.1505707482026213,11873.076463735013,8000,1080p
0.8983549776409372,1.341890763553636,14978.01396649801,8000,1080p
1.1030501848894834,1.1184408011948928,15104.464618667394,15000,1440p
1.1934445333392447,1.0206391354536302,15154.997289824181,15000,1440p
1.7536920720682356,2.230935212924364,8420.971297962267,8000,1080p
0.7712029001860242,0.8521254665293306,20670.14455485312,15000,1440p
1.1241253829448183,1.0850453780010265,15188.70002861791,15000,1440p
1.5549260896187143,1.48021044069074,11055.328702652754,8000,1080p
1.7748536992530195,1.337447327339689,10781.229615418915,8000,1080p
1.4331130368239224,1.3276776014044758,12153.921248273977,8000,1080p
0.9613378340924958,0.9022520466850796,18005.26625847504,15000,1440p
0.7458964926995261,0.8000022955893776,21705.452034890404,15000,1440p
0.8714031717633568,0.9812122782318777,18111.924954575064,15000,1440p
0.8473500346325411,0.8625330418544623,19623.816658235137,15000,1440p
0.9665056142127838,1.186632658720896,15583.965238926172,15000,1440p
1.0424146015497633,0.8966055049703083,17304.839638934744,15000,1440p
1.5818604066296011,1.078132605845841,12614.481257141944,8000,1080p
1.0175970888107735,1.2949519361064314,14509.71704316683,8000,1080p
1.29252945646287,1.149813293766493,13738.625341119245,8000,1080p
1.1333424960500877,0.8777990931746478,16684.271351046307,15000,1440p
0.5284371692143703,0.7269237193615068,26728.91302043451,15000,1440p
1.0443703837225535,0.8529862474146672,17684.831332888876,15000,1440p
0.9902860320336427,0.8926699554987664,17820.083008935686,15000,1440p
1.2004144524131066,1.19984892942136,13979.479191302378,8000,1080p
0.7920038550813432,1.1754612956483408,17054.651253952576,15000,1440p
1.061803218302214,0.8051988339270459,17972.35946255921,15000,1440p
0.9361904173805354,1.3765051141499427,14508.797869209615,8000,1080p
1.1894453919014265,1.5602757368773479,12202.849099429379,8000,1080p
0.9600268755419117,1.2265578545363163,15345.589648748506,15000,1440p
1.3603239665668763,1.2901990417529847,12659.55130163907,8000,1080p
1.0632504265203924,1.5420877109252586,12879.108288376623,8000,1080p
1.0471558755090848,0.9822654225005718,16533.990272452702,15000,1440p
1.4991238952122625,1.0670146430339105,13075.845867204336,8000,1080p
1.5776390176748742,1.765290620707847,10037.432919537405,8000,1080p
1.78694652361014,1.6192870811268212,9850.889837190472,8000,1080p
1.0920714662887308,0.7688274821911099,18031.302574172794,15000,1440p
1.0554032529038848,0.7377683635742609,18712.33723066737,15000,1440p
0.9807153547545168,1.298647927671782,14720.967148458465,8000,1080p
1.0734752397791458,1.322944360728265,14001.901834259445,8000,1080p
1.7276793970976116,1.5763653231741237,10155.562300391737,8000,1080p
0.9520792045083749,0.8401405952682862,18722.27502685854,15000,1440p
1.7279900226699847,1.8789847513708198,9302.65225071419,8000,1080p
1.7356946653528746,2.013763201592995,8949.142300225883,8000,1080p
0.9269554252657359,0.9802974183282425,17593.069588388127,15000,1440p
1.200916622920096,0.9430434677415944,15650.67938818026,15000,1440p
1.5618968965837243,1.9171997778601588,9644.581665832415,8000,1080p
1.1135443000627347,0.9220483437678517,16483.863852473514,15000,1440p
1.030289628603742,1.3169552990671536,14295.241031064921,8000,1080p
1.7745933257440776,1.8060461223252797,9371.07253792118,8000,1080p
1.432821952549306,1.1963314801771732,12762.447251016254,8000,1080p
1.2699016163809294,1.2424281763545153,13355.90259568019,8000,1080p
0.7827504304548241,1.0299384478648839,18510.861075676512,15000,1440p
1.3025561887265629,1.4471798476942754,12202.782941913121,8000,1080p
1.3469643487963099,1.2195160551426962,13074.104111023416,8000,1080p
1.4467083878778153,1.453381760287085,11570.134128841597,8000,1080p
1.3076636214378743,1.094046797283597,13971.05651807198,8000,1080p
1.5300952185638679,2.1717306136723336,9064.292465572433,8000,1080p
0.9386772010848861,0.9195357973982212,18057.36588183975,15000,1440p
1.9321305996403222,2.0898180179635926,8342.829605811854,8000,1080p
2.071312472905225,2.862638999270125,6800.72193438215,4000,720p
1.3446675817586964,1.1106119683323936,13666.236905184644,8000,1080p
0.8706145974872818,1.1738355218436105,16412.448356031156,15000,1440p
0.9839180362417571,1.146805756277315,15747.903185672832,15000,1440p
0.8774473478575742,0.9279745158142345,18585.369256445185,15000,1440p
1.4372228531858622,1.3866885584509374,11882.253763956118,8000,1080p
1.3531921686873334,0.9090143117417453,14832.612447311018,8000,1080p
1.22348487044392,1.32979333620513,13141.706184864672,8000,1080p
1.3778931676778332,0.9722270257605654,14277.751450196,8000,1080p
1.1002220100646691,1.2552454235679158,14245.338959432183,8000,1080p
0.8160896457660777,0.9005017436943824,19547.128225166303,15000,1440p
1.2724249035251816,1.6042535335416572,11664.297116994858,8000,1080p
1.309180544145826,1.4072255966725107,12352.509256915275,8000,1080p
1.0359774626366474,0.9931428659996249,16536.44267737991,15000,1440p
0.9751509454621751,1.3774102596129683,14262.936890914274,8000,1080p
1.3108877771614094,1.1506240474696605,13631.635511248913,8000,1080p
0.9506777147527878,1.2089346897631255,15537.24729948538,15000,1440p
0.719534453426189,1.034262994817495,19132.444304559012,15000,1440p
1.2447167402012396,1.0010798252930824,14940.993550150139,8000,1080p
1.2830863422725411,1.6494886634694266,11441.968895697666,8000,1080p
2.1437832312559815,1.9651319119543684,8166.250903342695,8000,1080p
2.086338742450657,1.7482732347713985,8750.411306102516,8000,1080p
0.7477978336542306,1.0897005869561072,18260.93107000041,15000,1440p
0.8024162763342781,1.1820945611328408,16908.162639628797,15000,1440p
1.5586384506270206,1.4612617642124122,11111.10619983981,8000,1080p
1.332620138149753,1.1301959173223153,13624.416620740416,8000,1080p
1.337458763715613,1.2155026782222091,13143.336773049949,8000,1080p
1.0193203986211576,0.8565670234396889,17887.231187432964,15000,1440p
1.818458569785826,1.4954955895667268,10125.19497450005,8000,1080p
1.940536334782744,1.5849345641784023,9517.71634532213,8000,1080p
0.8153703359239972,0.8763361151595586,19834.6657474221,15000,1440p
1.1204388813149952,1.5977751365882766,12344.293635084197,8000,1080p
1.1639209233910068,1.6909533990420869,11753.383235239202,8000,1080p
0.6339225565965367,0.8845467515677143,22097.537184051176,15000,1440p
1.0485146708491702,1.2103757425996073,14854.386826482,8000,1080p
0.8647359526291251,0.8299677600335523,19799.586057010572,15000,1440p
0.8412062966418764,0.7362383749067046,21271.38441379344,15000,1440p
1.5459552742581844,2.2457586173436845,8849.410308704597,8000,1080p
1.5330177970004646,1.3796580803514333,11520.139353956027,8000,1080p
0.9336828496648498,0.8682270800328106,18621.592259958325,15000,1440p
1.1344672899112072,0.8599000208498868,16824.599871322047,15000,1440p
1.7012613743513358,1.7382809810508122,9755.493182777464,8000,1080p
1.0169289280685978,1.1988948852600203,15143.0956731142,15000,1440p
1.145128586996609,0.8900810695093051,16486.965798701483,15000,1440p
0.966643923852756,1.3252165073876223,14640.696066225986,8000,1080p
1.4640501613734487,1.5454837534800125,11149.378259003211,8000,1080p
1.707524093370176,1.4265568202162633,10706.306864809843,8000,1080p
1.665649650170649,1.1256096714906554,12021.2521063894,8000,1080p
1.1214980406795283,1.2842015398228745,13947.889533651805,8000,1080p
0.7286450928814269,0.992055573847963,19500.446910256833,15000,1440p
2.082676260150131,1.8808842584936363,8465.729699891526,8000,1080p
1.6181885015487854,1.214310712542854,11846.228176540077,8000,1080p
1.381672336898263,1.1564481968507243,13220.188542597572,8000,1080p
1.86464372166319,1.429458245345992,10186.215343681397,8000,1080p
0.91997348657665,1.0191332345169803,17304.066679257216,15000,1440p
1.8981740686171147,1.9709338748824465,8672.394900838673,8000,1080p
0.9021829511819556,1.0190748594439278,17464.825290193123,15000,1440p
1.0825288318949908,0.7468662311366361,18341.818384703874,15000,1440p
1.228854303387763,1.474892446494291,12410.345755002296,8000,1080p
0.9776154527671445,0.7294979664115612,19655.65475792644,15000,1440p
0.9215867740905261,1.0913026371790553,16669.784148169547,15000,1440p
1.5114760677902794,1.4214686323970958,11440.526648135005,8000,1080p
2.258481970268256,1.7860700459858934,8296.20483681561,8000,1080p
1.2285461133283047,1.121556366051668,14277.859069725617,8000,1080p
1.2288818877314909,0.894003262855589,15806.051491160784,15000,1440p
1.3453503852965003,1.40356190757032,12206.439647809326,8000,1080p
1.69944849805189,1.1830210322634052,11640.862686354118,8000,1080p
2.6887134847353633,2.538911351869815,6418.676368098033,4000,720p
1.2013415124632572,1.0210266141582511,15098.503077890236,15000,1440p
0.8395778778887785,1.2474877235071191,16077.325014392314,15000,1440p
1.2145338789077071,0.8892994893019404,15949.18709201512,15000,1440p
1.2206145574378218,0.9682642477813965,15329.506558331123,15000,1440p
1.164115823979285,0.786009818852234,17206.2923860024,15000,1440p
0.9561369181318339,0.7972944949074597,19136.438272107116,15000,1440p
0.9806743911193808,1.3666013910061032,14295.053123078744,8000,1080p
1.0924090723211077,0.9048087308830155,16800.58727003577,15000,1440p
1.564178142775922,1.1882131892763288,12191.010634734483,8000,1080p
1.1947707966584349,1.1009578041439352,14616.027342375113,8000,1080p
1.0541771587408812,1.3687485980149232,13848.724793337444,8000,1080p
1.4424212540973573,1.431955362025696,11673.63796789374,8000,1080p
1.224531729891751,1.0900605217466437,14496.908462494135,8000,1080p
0.838658847469338,1.201178457931757,16449.562870114372,15000,1440p
1.2081510404297389,1.0327782648537978,14973.4451331808,8000,1080p
0.5976431756959594,0.8468031766357497,23229.96070143726,15000,1440p
0.9134168863125611,0.8410931341184216,19124.673902835617,15000,1440p
1.1059462228164971,0.7889435288233364,17707.85449177825,15000,1440p
1.0541066652333717,1.1715196382283926,15076.399819596425,15000,1440p
0.8011034635417318,0.723823395378695,22003.961569510873,15000,1440p
1.6880684602009195,1.2253153392597769,11517.340079330208,8000,1080p
1.2478678250767272,1.046562998656055,14624.294466812773,8000,1080p
0.9810328107496139,0.824094457905293,18588.402370655633,15000,1440p
1.7283920083466824,1.2973451328395003,11089.671849963022,8000,1080p
1.4964546067709625,1.7228038975217574,10423.031252462903,8000,1080p
0.9813102659173948,1.3373310328003556,14471.592487615999,8000,1080p
1.3197348175376455,1.1022211085209057,13854.270277579286,8000,1080p
1.5083382821596518,1.3790666275906243,11620.965208825537,8000,1080p
0.8861312236799845,1.0356091174441482,17460.440040704016,15000,1440p
1.2531117397026332,1.5154111442786908,12119.976393962996,8000,1080p
1.0137400000602028,1.0174603742007244,16519.508574927826,15000,1440p
1.3901450861852496,1.0943789628082685,13505.37621625877,8000,1080p
1.2604690247772377,1.2435468482955114,13400.247323042886,8000,1080p
0.9288729170295628,0.7227415089542683,20316.14126887536,15000,1440p
0.8829756790254105,1.209796804116078,16033.482985035715,15000,1440p
1.7867187643485598,1.4396324454147227,10400.117599863497,8000,1080p
1.7551881562380631,2.0632543957048037,8787.465450521739,8000,1080p
1.2325457867338814,1.3578635266221781,12953.33205721371,8000,1080p
1.3780894387245384,1.1930579270582495,13050.372937213704,8000,1080p
1.2567166953328415,1.7805926409287811,11047.420030420551,8000,1080p
1.451601726081608,1.2639181664019803,12356.540673068479,8000,1080p
2.3819765185565815,1.8146530597948596,7995.566769364754,4000,720p
1.386011423479969,1.4426058434332207,11862.485742589433,8000,1080p
1.042865614778702,1.1989528344109424,14967.50640629664,8000,1080p
1.4510968788786291,0.9947416935312212,13718.988807564388,8000,1080p
0.9717308665610469,0.9707164114713009,17274.307714539274,15000,1440p
1.4204936604790226,1.9341126892017333,10002.494630463345,8000,1080p
1.1778581060377837,1.5516041496970299,12293.422240772707,8000,1080p
1.4745876693014233,1.0534761562178212,13272.77882041138,8000,1080p
0.9014507522310705,0.898242803224684,18644.525285029802,15000,1440p
1.2082983552904945,1.108325387448914,14484.195849742035,8000,1080p
0.6895916757677374,0.8024717140225044,22488.610222329207,15000,1440p
0.9464868312126056,1.2349209216217125,15382.008226752883,15000,1440p
1.1897950429949713,1.1606815686787706,14275.586420792484,8000,1080p
0.9219046117201083,0.9320858394253287,18098.49235160263,15000,1440p
0.8030387390619846,0.903760722392855,19659.270323063563,15000,1440p
1.062708767690121,1.464562329715592,13276.942087631278,8000,1080p
1.1085141892501438,1.1124080439574373,15108.33269994276,15000,1440p
0.9042374376761528,0.7137028603723077,20738.9803198999,15000,1440p
0.8104103015307833,1.142374055490296,17182.86603400818,15000,1440p
0.8575706882113703,1.0448978880867994,17637.31207865222,15000,1440p
1.3981387720762868,1.2876123048168298,12493.500342859716,8000,1080p
1.2471838547116565,1.576954216204302,11881.30011969182,8000,1080p
1.3165554745100059,0.9196206482826976,15005.272464001951,15000,1440p
1.5726602685788895,1.2637112631536238,11830.05527470665,8000,1080p
1.4700185532321417,1.1231047692102354,12939.77486901633,8000,1080p
1.1012463203804579,1.2186065416455527,14464.034572733943,8000,1080p
1.0911929692619018,1.5309601188826738,12796.519071181681,8000,1080p
1.8230310596421593,1.4568932837208555,10230.245727435144,8000,1080p
0.693353899412612,0.7478119094605189,23282.83934673465,15000,1440p
2.298320288832769,1.6335025247127604,8534.065137523892,8000,1080p
1.67901133290018,1.3055774307041568,11242.56460695041,8000,1080p
1.044205603388118,1.4662895432147578,13365.662963103043,8000,1080p
1.3325342772125823,1.6819717629717725,11130.988477949095,8000,1080p
1.9298763589000056,1.4835112209619676,9830.24377248037,8000,1080p
0.7780785030703558,1.0304638023928847,18553.30223608198,15000,1440p
0.7968613533198112,0.8278381504549552,20652.70034368871,15000,1440p
0.9123179969024454,1.3154935234372487,15061.611673003497,15000,1440p
1.1137878856293024,0.7911445255126335,17614.50002306663,15000,1440p
2.398335218869894,3.213701633494119,5979.011343424365,4000,720p
1.4138585825577525,1.0413785997686853,13666.472730836456,8000,1080p
0.8004156350518141,1.1388442532092442,17302.699964618143,15000,1440p
0.9023986811768723,1.2414066197231757,15651.809418473134,15000,1440p
1.7000336686967596,1.5070107331881526,10462.727606851553,8000,1080p
0.9355275045121844,0.86290981915097,18657.54872772242,15000,1440p
1.1305330962583349,1.1636677387121859,14625.76052128024,8000,1080p
2.571323214900045,1.7705777344228215,7728.051006145804,4000,720p
1.7571067730469445,1.858321085978437,9280.902097447835,8000,1080p
1.7140649156265086,1.5065360296780244,10418.686627078278,8000,1080p
1.9951295510809355,1.3683914319240658,9975.984145644352,8000,1080p
1.0572714785708028,1.1792398968436835,15003.023176567323,15000,1440p
1.2355219900011087,1.0431163507063157,14725.650578486586,8000,1080p
0.9291584514509125,0.6233933145152922,21612.440071599132,15000,1440p
2.2893172754152853,1.81182936577274,8181.719634945779,8000,1080p
1.0092973911856418,1.1501922212587097,15538.130772492741,15000,1440p
1.4448517797673057,1.3748160479270197,11900.136487863481,8000,1080p
0.8255889446920236,0.7075839322791649,21885.61544754653,15000,1440p
1.9830996930698994,1.9187954722550917,8599.521662752115,8000,1080p
1.3322751769803935,1.0655715552863803,13993.568291280964,8000,1080p
1.0573859036960211,1.2867197409047062,14314.385564186185,8000,1080p
0.9321618093807943,1.2191652026222721,15597.08580461601,15000,1440p
1.6287273258600297,1.3367083939033582,11315.177657156335,8000,1080p
1.3670250564785318,1.3754725129167131,12234.990606536498,8000,1080p
1.0273359430767173,0.7581181195104494,18793.220561148915,15000,1440p
1.5021289243155396,1.5785958273266716,10891.733181328022,8000,1080p
1.2888296956172076,0.9100507516303229,15259.780058530278,15000,1440p
1.359448940376323,1.7527295151271773,10781.654227013609,8000,1080p
1.6394538056912789,1.2105515597096435,11773.462747597234,8000,1080p
1.025520123597864,0.8894467165196476,17522.20001780341,15000,1440p
0.9862755566144302,1.0188034388431206,16734.718221085855,15000,1440p
1.7390653571892278,1.8140146913433066,9443.75908836008,8000,1080p
1.7154471825084447,1.2530901111440096,11303.355383726714,8000,1080p
1.2239533657274109,1.0654585326233956,14656.354334565644,8000,1080p
0.9639988453754597,0.6440196902378349,20866.94354378348,15000,1440p
0.823176416237562,0.747202596019294,21367.091471617132,15000,1440p
1.0428874397357935,0.9158633660693605,17130.52620096168,15000,1440p
0.9088861140447523,0.8288910560336479,19308.8231205651,15000,1440p
0.9899056534437957,0.823205590665567,18506.54895501606,15000,1440p
1.453873375606111,0.9964830170317842,13693.69455839747,8000,1080p
0.734055540167502,1.0795788351504665,18501.21085961287,15000,1440p
1.4786303513319385,1.001070785522014,13531.643592570674,8000,1080p
2.370519332078912,1.6211205105074664,8406.177241245905,8000,1080p
1.2903265409328621,1.5156755805370665,11958.092170800803,8000,1080p
0.8061500005053965,0.9823814251479404,18760.884778830667,15000,1440p
1.0460097039838687,0.7743160914408744,18433.20139962672,15000,1440p
2.823517575516925,2.2686142947321524,6589.46642683052,4000,720p
1.077551165310531,1.4309320457521235,13376.382928146259,8000,1080p
2.6243915573211734,2.666454987319856,6341.977926762302,4000,720p
1.039541971727453,1.401160142321546,13747.860423792123,8000,1080p
0.9380614784812493,1.1518917398865034,16055.111523599515,15000,1440p
1.0049084465222147,1.374753151661038,14100.50572972941,8000,1080p
1.6624489702019747,1.2954212400742353,11344.119117676444,8000,1080p
1.1020227236027424,1.5608801557552678,12600.696878621993,8000,1080p
1.1196513134801416,1.103605937553012,15092.464888805453,15000,1440p
1.3367469158251288,1.312248142282261,12666.853377964931,8000,1080p
1.2135651307614872,1.1688388995395946,14084.274360365098,8000,1080p
1.4041970526949523,1.0109472367947054,13893.344652749654,8000,1080p
1.5349695449237977,1.5115589754380225,11013.989127538158,8000,1080p
1.8624453324917005,1.2828209607875145,10668.232471030798,8000,1080p
1.000767129979116,1.3786828747408428,14101.759622366628,8000,1080p
1.1335083680381908,1.1345849907396992,14794.114126801214,8000,1080p
0.589533075857951,0.8084877120239166,24001.38273397072,15000,1440p
1.4397731833933658,1.4704862813095405,11529.70462151745,8000,1080p
0.7226421612878732,0.9080428918191471,20576.89308923705,15000,1440p
1.234891247166906,1.3521785719785278,12970.052741399832,8000,1080p
1.2175686085322095,1.103181367639607,14458.443324148848,8000,1080p
1.2825118807954874,1.2437908111337956,13282.031526624072,8000,1080p
1.9369859939260041,1.5740912515644219,9556.73420261454,8000,1080p
1.66301452615469,1.1617556420770958,11878.641447493048,8000,1080p
1.0755051755404945,1.3671678385149584,13736.767797786895,8000,1080p
1.4123262318933767,0.9499558825263348,14204.24419047111,8000,1080p
1.2789567891501676,1.5531307613482273,11847.95010807312,8000,1080p
0.7977900659176894,0.7436777550620991,21767.84461103581,15000,1440p
1.4199559502655785,0.9476747708838622,14172.15602934479,8000,1080p
0.9968595773354973,1.4906926549693154,13488.935654995485,8000,1080p
1.3971176024302092,0.9870421868425001,14073.90232440579,8000,1080p
1.0860029772065098,1.1064203980821523,15304.722791318582,15000,1440p
0.8654760460427905,0.7337005054031046,20982.31866247774,15000,1440p
1.0717704811433721,0.954924925823502,16556.2283728748,15000,1440p
0.9064493428158056,1.1085946099213364,16651.960347773667,15000,1440p
1.1600107371649628,1.1806765859663029,14335.29018096804,8000,1080p
1.3187392253607981,1.544047247429073,11720.899312235539,8000,1080p
1.517394642359479,1.3617906228434762,11654.14133141402,8000,1080p
0.9327972313550303,1.193853589935747,15778.063640759809,15000,1440p
1.230720121626663,0.9383992622213635,15469.149485204593,15000,1440p
1.9043666457750625,1.7213696770767994,9254.515224539935,8000,1080p
1.133817844318734,0.8836741052588548,16631.755089295617,15000,1440p
1.97133078503962,1.640060289100504,9291.276217707698,8000,1080p
1.0799693276092253,0.8227018690802588,17635.433835537315,15000,1440p
0.9828610506665766,0.7245158917402302,19652.62102737544,15000,1440p
0.971579387502042,0.9034869602382354,17895.063841574396,15000,1440p
1.1967474830913734,1.1160194881602767,14508.349702798041,8000,1080p
1.1492963137334475,1.3058978076030796,13666.712423429097,8000,1080p
1.1851449179988274,1.496740062396512,12511.51046569257,8000,1080p
1.010421540144461,1.1542078439064574,15501.236492136015,15000,1440p
1.2901502397453415,1.1955259952911317,13499.116066299617,8000,1080p
1.1242145786831663,1.239009920583093,14198.579953118324,8000,1080p
1.660800046259424,1.5531829617496893,10440.139825376717,8000,1080p
1.2161630798136402,1.470242390633034,12490.456995094204,8000,1080p
1.3020891201543219,1.823206489461701,10736.402629165224,8000,1080p
2.9766832154006084,2.52872249068886,6094.815494321484,4000,720p
1.9108500756283278,2.312210656670053,7945.52437841408,4000,720p
0.8068674245329025,0.8496525509637888,20255.97789120474,15000,1440p
1.529966626265039,1.933060542955283,9689.33547453356,8000,1080p
1.1303849461456463,1.003178510647645,15726.943528753405,15000,1440p
2.3529074510317307,1.9753329218090578,7752.441895452528,4000,720p
2.4623854724021714,1.8925493902676682,7704.921671188693,4000,720p
1.0859196649999103,0.7634209169644652,18143.998097072188,15000,1440p
2.2183972540603074,2.0762147502699326,7813.146325248288,4000,720p
1.5747189097368197,1.1206589768657687,12448.878566075187,8000,1080p
0.8639549687251864,1.2176485397583243,16119.511647270938,15000,1440p
1.5380966030499654,2.062308627037522,9319.62650192702,8000,1080p
1.0768901263330266,1.2742685578742219,14271.445064676147,8000,1080p
1.2606743718596518,1.8411190879888037,10817.751869797085,8000,1080p
0.8722614525525229,0.9711880339601845,18201.980713599936,15000,1440p
0.8062379889348831,0.7856944293604081,21077.79929246714,15000,1440p
0.8051017233278817,0.9665305284253816,18939.840345982342,15000,1440p
1.2849875872233496,1.1944292637583618,13533.195108645932,8000,1080p
0.6357567943314701,0.813634625676432,23150.70417611349,15000,1440p
1.5099483227265649,1.331582925131164,11808.573995199655,8000,1080p
1.2526024486725216,1.0693189766184992,14451.148791908156,8000,1080p
1.3708020114299364,1.5354791673977193,11545.48714847174,8000,1080p
0.8303521409661286,1.0247356047064704,18087.786994589937,15000,1440p
1.1254734564995428,1.3953038224244774,13311.145050594285,8000,1080p
1.0724408061468311,1.035750336521729,15916.219037675402,15000,1440p
0.943589273507342,0.8947641316816547,18252.438244620516,15000,1440p
0.9202350305113833,1.308230711385485,15057.18996220175,15000,1440p
0.8202259645829163,1.0662977719520708,17786.38209007115,15000,1440p
1.1301918098330512,0.7618883153690497,17734.14960236735,15000,1440p
1.2577051190387678,1.3351044968270842,12941.34046505945,8000,1080p
0.9051998221731608,0.7708666386359169,20019.750281144858,15000,1440p
0.9447790821728588,1.0439529674815358,16872.27397267075,15000,1440p
1.3909211058131234,1.675403296188635,10942.883922553985,8000,1080p
0.8815136122562272,0.9456428233215243,18364.29073430158,15000,1440p
0.7860790545296354,0.8370257839880098,20672.991173290266,15000,1440p
1.7689103203794607,2.296859132123182,8252.910646309743,8000,1080p
1.5595698538008957,1.3593858260093021,11495.35507924596,8000,1080p
0.9234103030189286,0.8906405128965483,18496.963649315665,15000,1440p
1.5635082257027715,1.1405308747174836,12409.003995092029,8000,1080p
0.8570500418287605,1.120523648431655,16967.474924072947,15000,1440p
1.1605446964137331,1.2055513216258373,14181.348408591439,8000,1080p
0.8785672395752777,1.1325051113444276,16684.84576631709,15000,1440p
1.031626601185945,0.9780697380149965,16696.26965302693,15000,1440p
1.4793499970499833,1.6389224772126398,10760.58371324161,8000,1080p
1.163776375772664,1.512170544316707,12539.274134361136,8000,1080p
1.2956856127333962,1.6199108358295713,11508.599558261305,8000,1080p
0.9403214836817904,0.9945997153930162,17341.49794629582,15000,1440p
1.4101638938492036,1.4014865784450679,11934.069448049138,8000,1080p
1.2417179965074276,1.09693721774959,14347.746429419749,8000,1080p
1.0784209913086997,0.9758010538548951,16334.374406603052,15000,1440p
1.1727366681772295,1.2175063263299801,14038.084026230075,8000,1080p
1.438299000881215,1.0578875826128227,13442.27720070195,8000,1080p
2.299362033723075,1.6548774636242203,8485.685306241572,8000,1080p
0.9706719840309844,0.8708444568246484,18221.08739056896,15000,1440p
0.9723861008353891,0.7697217171753921,19260.82395882592,15000,1440p
0.9110570883971699,1.2959711559448395,15203.444761534405,15000,1440p
0.7541597932957429,1.028469879909542,18822.99644416158,15000,1440p
1.47905733432365,1.5367491203007362,11126.18880052737,8000,1080p
2.0991569963726677,1.493804042390844,9338.935668377713,8000,1080p
0.9395939170825305,1.3082788249362418,14927.193774263838,8000,1080p
1.3213390354024601,1.0395289972159394,14212.752062547663,8000,1080p
1.264443766562214,1.1137455665461553,14109.23492628036,8000,1080p
1.3257155840250097,1.1162529068721188,13740.730941074837,8000,1080p
1.2964545997044161,1.4615824165134375,12166.055713789441,8000,1080p
2.2988975238047,1.576015480830037,8659.402665263955,8000,1080p
1.038539091543786,1.2866837053010167,14430.630925144673,8000,1080p
1.0528389668618507,0.9241205292186672,16972.746313985885,15000,1440p
1.704755311999144,1.2272221278846909,11444.300881567979,8000,1080p
2.0135953803372533,1.5399179412640973,9442.607628913876,8000,1080p
1.3541604374473222,1.4494726261650817,11968.196707156121,8000,1080p
1.033158808635703,1.1850605942210293,15126.74172662404,15000,1440p
1.0926060282457783,1.1196391598766524,15167.59181132097,15000,1440p
0.8941369640430898,1.152296983994463,16396.53800318224,15000,1440p
0.8799285723947438,1.0506336551370388,17380.652911094832,15000,1440p
1.120493711624154,1.5600781580925118,12517.639381012634,8000,1080p
1.7463824806180068,1.4545666130668624,10482.650931937442,8000,1080p
1.1154088005763714,1.1371098590694406,14896.405788388067,8000,1080p
1.0530887015215167,0.8485105515862021,17645.375041646203,15000,1440p
1.6443713733930618,1.1638642850846241,11948.581273335689,8000,1080p
0.9852793573387726,1.3321422618738894,14479.209014801558,8000,1080p
1.1753952041428,1.489262360941321,12592.399278494428,8000,1080p
1.2458782034935112,1.8469247994162776,10849.197950348318,8000,1080p
1.1695758075272564,0.8264901339483839,16810.282317223482,15000,1440p
0.8127236720171273,0.8677819647271875,19966.86667770174,15000,1440p
1.203710039305447,1.7474107838667523,11370.063786114963,8000,1080p
1.3998670134806848,1.6952558622353695,10841.066202335249,8000,1080p
1.5505175925119075,1.0584704391115742,12861.090811183312,8000,1080p
0.9047200239211952,0.8947340593855013,18647.006506740094,15000,1440p
1.3506192570753306,1.1271838104037466,13542.009225994849,8000,1080p
1.4190765811619397,1.1511740210171386,13054.92622842002,8000,1080p
1.505310979892864,1.31480395413948,11898.249817790995,8000,1080p
1.9335487335066492,1.4602759091662758,9886.90799698273,8000,1080p
1.1225179693007492,1.1420577175515207,14817.09452009538,8000,1080p
1.2894247689880214,1.4468907626534795,12262.632584580215,8000,1080p
1.4154991335150724,1.9799671959867133,9882.127738525805,8000,1080p
1.418004109292401,1.2328778587545794,12657.837053650865,8000,1080p
1.1560002998294046,0.8671201572209508,16585.48401459065,15000,1440p
1.2920053558722524,1.1805390337517128,13570.81075705302,8000,1080p
1.3952518098592117,1.322140006239513,12348.02865056577,8000,1080p
1.0115833326155288,1.1603044559511533,15449.431677197259,15000,1440p
2.142525169985987,1.6803390177757547,8777.301612602112,8000,1080p
0.9336771732432891,1.1223682351451025,16319.888589572187,15000,1440p
1.0752192496126451,1.455183301015121,13260.511451695897,8000,1080p
1.52210340469114,1.6323761805238293,10637.07375291616,8000,1080p
1.1047795285149602,0.822386208359335,17411.28505865953,15000,1440p
1.0679824668441409,1.5047707281016232,13042.227317380653,8000,1080p
1.4168148685349258,1.3671318426483707,12052.828405518556,8000,1080p
0.8430810244511804,0.670722417707649,22165.646520229966,15000,1440p
1.720496110941239,1.4906820496350104,10449.258908131906,8000,1080p
1.7112021046656702,1.575156321577311,10210.216795603752,8000,1080p
1.3195623642034353,1.0732364778509313,14023.089367258064,8000,1080p
1.4184484294050448,0.980429342277265,13987.553845425231,8000,1080p
1.31068524166864,1.5758346936054974,11624.52806577041,8000,1080p
1.46731897903345,1.3701647883949026,11825.418134606918,8000,1080p
1.1048629722662355,1.060010722195418,15499.48714598987,15000,1440p
1.5983734896005704,1.0981817884821758,12443.443037391482,8000,1080p
1.8947056648328613,1.4258872378997451,10104.952032026311,8000,1080p
0.9913764866294099,1.0166583401920297,16710.08468170545,15000,1440p
1.8893181139617277,1.34500713038541,10374.47673472094,8000,1080p
1.3212675269083654,1.247867925866932,13060.592801268212,8000,1080p
1.1981591173466786,1.4634374933365675,12606.881097352463,8000,1080p
0.925854645853692,1.3847504000356072,14521.924488867227,8000,1080p
0.7575930516712166,0.9854315421177815,19250.69337493349,15000,1440p
1.0222884535327261,1.261482629922385,14692.554890061743,8000,1080p
0.6234360351958371,0.8221340071830677,23211.903274351956,15000,1440p
1.1627028425676613,1.12592579674161,14661.370317434736,8000,1080p
1.0674589738741451,1.0285403712018715,16008.798895298827,15000,1440p
1.2897232323849321,1.101183098422318,14034.189281129595,8000,1080p
0.7267121379138292,1.087384496831866,18496.496469552047,15000,1440p
1.1757171870841456,1.7211654349447767,11582.944971549834,8000,1080p
1.1042266429202265,0.9592376167475902,16261.213075433496,15000,1440p
2.1121586572392137,1.817442453070635,8538.89009547695,8000,1080p
1.7527809090132644,1.4138175479110358,10596.364665885436,8000,1080p
1.6226252610438823,1.3989815432409185,11104.83069882488,8000,1080p
1.0983732156648633,0.7719115489924893,17940.814486689877,15000,1440p
1.5860823028200666,2.3624789811531057,8497.888113372885,8000,1080p
2.544904689585574,1.8967541146834477,7554.482115499226,4000,720p
1.158410833711804,1.3238167115045933,13517.87110116642,8000,1080p
1.4338764271953217,1.0193154125327222,13677.867118504593,8000,1080p
2.4264943038978624,1.752297140039314,8029.69768895326,8000,1080p
1.8084293160814864,1.9606078006763499,8902.653638196023,8000,1080p
1.0377456850601925,1.1705637550965078,15194.624172606444,15000,1440p
1.3507293451603848,1.3818825683179286,12279.252620723926,8000,1080p
1.5167189974384372,1.3748373557674105,11604.280844396631,8000,1080p
1.4759366015809896,2.0401096803669594,9543.228191356538,8000,1080p
1.9118848496328265,1.4654308590275793,9935.237003149223,8000,1080p
2.526027357915715,2.2873105548135237,6971.13574994657,4000,720p
1.634756495730224,1.3668705333585927,11178.747950635921,8000,1080p
0.7035701771875925,0.6769344630098212,24305.91757750389,15000,1440p
1.1967214401108464,0.9085423453630332,15938.350448776253,15000,1440p
1.0993436365254192,0.9198398555999705,16617.822070583912,15000,1440p
1.1668456240708898,0.819368367262153,16893.664099848585,15000,1440p
0.9395138123513005,1.3735979293866454,14506.187225866153,8000,1080p
1.26970117506455,1.5239490364174264,12010.963957509926,8000,1080p
2.1961271960907243,2.2033049251701002,7626.991637817042,4000,720p
1.6112000489981,1.2099561957626133,11893.858081173395,8000,1080p
0.8591731034506934,1.1018675836259484,17110.523112103394,15000,1440p
1.621446182847772,1.189435995149961,11937.33136972028,8000,1080p
1.7776859907475442,1.4134981468724275,10514.727622400802,8000,1080p
0.9126502677477766,1.1760090958114464,16065.057129670431,15000,1440p
0.7968209171656461,1.163963744278023,17112.757285287433,15000,1440p
0.8974176735726876,1.2974692691045147,15287.5445871814,15000,1440p
1.906524601691076,2.0611101932484353,8457.036429561696,8000,1080p
1.535048248953645,1.740367063202644,10244.328978822006,8000,1080p
1.8115776389248015,1.8979057559077364,9045.58086086669,8000,1080p
1.780029670893754,1.2730653386665776,10990.300627700442,8000,1080p
1.0117941290088872,1.3265754142687882,14349.49924679869,8000,1080p
1.367197899049074,1.1579722992281305,13287.988280113746,8000,1080p
1.2203597123084118,1.1717588860901829,14027.077094949655,8000,1080p
1.0479027904828868,0.967697949999847,16647.360425142408,15000,1440p
1.432017143740302,1.5066405436562436,11418.285342967927,8000,1080p
1.397380357732169,1.1481865593140388,13181.516374723891,8000,1080p
1.6203073167647806,1.3287081740603872,11378.180991043588,8000,1080p
1.8539204714134336,1.3708490582333228,10405.218633926865,8000,1080p
0.9779813714397434,1.2186082453463343,15275.694532825342,15000,1440p
0.8792809077464415,0.643102890214816,22040.718014035192,15000,1440p
1.4360536650369475,1.1194340791338426,13130.343542652288,8000,1080p
0.7396359890399012,1.0898367488502614,18341.03963675163,15000,1440p
1.916588082690111,1.5010517580858374,9818.01288704012,8000,1080p
1.3518458553259884,0.9843291867441251,14362.978542167373,8000,1080p
0.9737379951826399,0.8852927873850138,18049.422481135753,15000,1440p
1.3823820042775958,1.1545143261341693,13226.568069714445,8000,1080p
1.2353563195292785,0.881628569108527,15850.104637067543,15000,1440p
1.1984980581463334,1.3118854138353746,13366.257535750896,8000,1080p
1.377759680985059,1.4766806399270613,11755.17027074431,8000,1080p
1.5049465117553904,1.7427991131139673,10331.607174853709,8000,1080p
1.3111948398368136,1.5268570321792814,11823.050991722574,8000,1080p
1.259050127137227,0.9493882233197601,15193.737236566581,15000,1440p
1.768713952265277,1.4993001004023314,10267.529900188236,8000,1080p
1.1058979288435522,0.9958589839585927,15964.944278576875,15000,1440p
1.35178576946227,1.7204316952187626,10921.893513642832,8000,1080p
1.794631063621173,1.3949055757009923,10520.158817529975,8000,1080p
1.1650428862386462,1.72279132370786,11619.237657213556,8000,1080p
1.015711192697092,1.4234745855201498,13756.406871363586,8000,1080p
0.919448591013592,0.8613098287088577,18842.775992731127,15000,1440p
1.2158677826108626,1.2606034555113457,13549.292026279598,8000,1080p
1.1214962982071255,1.5545082975932119,12539.003876398263,8000,1080p
1.569283594790473,1.6799540469977503,10326.863005789031,8000,1080p
1.1690428669706323,1.0553212972562775,15084.954406133416,15000,1440p
1.2851932605680065,0.9368358263174528,15100.806824735168,15000,1440p
1.067597518286422,1.1197047606770125,15340.555497387171,15000,1440p
0.711549038824539,0.8027422181748193,22158.506063417244,15000,1440p
0.8243847551685932,1.0489038876634518,17912.045817601436,15000,1440p
0.6518876166081078,0.6028169252773918,26742.895143725455,15000,1440p
1.6290347751695213,1.2681295741069323,11581.818618049743,8000,1080p
1.1296539246595683,1.288538761496934,13875.830570528986,8000,1080p
0.7263665709746674,0.6198073396073043,24925.77796690021,15000,1440p
0.8972230578317278,0.7776016691271005,20034.593148698394,15000,1440p
1.5708435724131413,1.0552947712019844,12777.099912340938,8000,1080p
1.961572830626937,1.3671905574091376,10080.14931929321,8000,1080p
1.0841572612006969,1.1065005024400314,15317.057989119558,15000,1440p
0.8385454155049139,1.2191537755568937,16306.772217121465,15000,1440p
1.343164051167437,0.9133380296922702,14870.109043824175,8000,1080p
1.151076059456504,1.401746692011102,13144.050827935356,8000,1080p
1.3174446038731353,1.3912611441090361,12387.62535391528,8000,1080p
0.7479430535734518,0.9444797396675794,19826.270441408105,15000,1440p
1.550563627976922,1.1428480267817922,12457.966438481879,8000,1080p
0.8085276780851911,0.7920485499548293,20963.96998291606,15000,1440p
1.3050933493737442,1.1120155481697191,13882.052246012487,8000,1080p
0.9703734809788033,0.6680264584862298,20480.000756687117,15000,1440p
1.4291556130187257,1.543554339189448,11287.48937482961,8000,1080p
0.9692118620581779,0.7643739111872575,19355.507248529706,15000,1440p
0.8784082267786594,1.1231497059380926,16764.157285448113,15000,1440p
0.9763374610387374,1.265064467371999,14970.287825080855,8000,1080p
1.3204438534434046,1.323905126844121,12689.108831751684,8000,1080p
0.9647133561352508,1.1098882142876279,16173.916224868372,15000,1440p
1.3219815788303093,1.5578897553075446,11651.3649767083,8000,1080p
1.093189093205367,1.244692861567312,14352.491977407226,8000,1080p
1.4384690522640518,1.3492834926952155,12036.373910113414,8000,1080p
1.114320953537336,1.3992457690597653,13349.330136472541,8000,1080p
1.156006962742793,1.1258215403057974,14705.063047100291,8000,1080p
1.2924789399084995,1.855195998112415,10660.068990826983,8000,1080p
1.0124032898478987,0.732081417067217,19234.580771611607,15000,1440p
1.5047221235533856,1.2268926945494896,12283.734799514588,8000,1080p
1.0239725809368774,0.7062370460257654,19393.275518241284,15000,1440p
1.2542378268857706,1.5603112799996743,11921.778844758206,8000,1080p
0.6976806966254979,0.9763213455361609,20044.439107535833,15000,1440p
1.068566119347061,1.0206699862120343,16060.622306266616,15000,1440p
1.10074694076812,1.0376555836275598,15691.35446540057,15000,1440p
1.233416793879334,1.473898807552695,12393.98612494659,8000,1080p
1.1430965510529698,0.8265412710827158,17035.83858052482,15000,1440p
1.0324548770739757,0.7444169570570198,18883.99115539488,15000,1440p
1.6392021712779188,1.896654791650067,9489.759442139344,8000,1080p
1.2910083311023266,1.447393853253986,12253.288502210018,8000,1080p
1.153555956523988,0.8928660547711802,16396.633643890294,15000,1440p
1.1465798721156633,1.2797587479857024,13829.245317208935,8000,1080p
1.0056179046842704,1.2410850846016237,14934.965663024797,8000,1080p
0.7987953122996643,0.971776591168114,18951.18291117209,15000,1440p
0.8120534446933806,0.8037556722036484,20766.334122707103,15000,1440p
1.0755797930667692,1.4894387387384727,13081.555389927193,8000,1080p
0.8304570491960525,1.1349172509588894,17072.794732970055,15000,1440p
0.7371488841269892,0.9873856477325723,19457.0948740692,15000,1440p
1.112590938516743,1.2663093357199458,14105.018341202436,8000,1080p
1.8687638713344337,1.6193242162308443,9619.720361884938,8000,1080p
1.7882284006701066,1.2595974835244719,11009.30081800494,8000,1080p
0.8060875016477391,1.1097804853611637,17513.958282890853,15000,1440p
1.395928246049559,1.149058191396923,13184.522913869403,8000,1080p
1.2477921226907946,1.1450742533347815,14022.69359300043,8000,1080p
1.5101303443621314,1.5751326434285335,10875.712097407972,8000,1080p
0.7628627855086109,0.9996961063129058,19037.33949299315,15000,1440p
0.9104524589079402,1.1592700424100393,16212.043874786526,15000,1440p
1.4137178170767732,1.905296922228678,10109.756851221975,8000,1080p
1.4209836707758945,1.5170503740326402,11420.709048382272,8000,1080p
1.149510019522807,0.8855138680398167,16488.470825857778,15000,1440p
1.3447242468679186,1.2868791585951544,12750.565655274168,8000,1080p
1.5593274581486982,1.0613517232847487,12803.716012902638,8000,1080p
1.3446064658549544,1.0857741432110073,13806.24576859818,8000,1080p
1.3723669834395213,1.012574849491497,14069.287366544559,8000,1080p
1.7147840474040534,1.6600583770857629,9942.51813255326,8000,1080p
1.4332013525548077,1.8002622240327895,10377.241371437165,8000,1080p
1.00366494453717,0.807602345297656,18525.389481891387,15000,1440p
1.8318077667650823,1.3931295626382798,10404.677230179796,8000,1080p
1.4490604754811882,1.6339171861797872,10883.77396219028,8000,1080p
1.499990407757175,2.2176946973247147,9025.625100451023,8000,1080p
1.83972618167575,1.971666824866727,8803.718730239016,8000,1080p
0.9986212612280225,0.7838126657012368,18825.063579106623,15000,1440p
1.3302402096874952,1.027778666460018,14229.9251034074,8000,1080p
1.1074253842893278,1.266320090133685,14135.648645378076,8000,1080p
1.5370355680546466,1.5062333741175233,11025.785968180033,8000,1080p
0.9493561973575582,1.1930420190884257,15662.089214984186,15000,1440p
0.877408784717086,1.2582966192337546,15711.170622094072,15000,1440p
1.2319692971622007,1.497249532598394,12294.518722393314,8000,1080p
0.835930873131902,0.6763232986951282,22188.35472575434,15000,1440p
0.8079621820164017,1.0710259336038135,17857.71379875086,15000,1440p
1.3233577423379472,1.1491910490703097,13570.786597456323,8000,1080p
1.249073463125527,1.084614070803084,14378.288229321472,8000,1080p
1.0063966395436836,0.7928293605961219,18649.370338908353,15000,1440p
0.7562297745169558,0.5940403552269183,24850.162394072046,15000,1440p
1.2521406647637574,1.1265606196295048,14106.198294065647,8000,1080p
1.6075854773535947,1.5906182521842456,10491.649324931785,8000,1080p
2.1345069682584206,1.5211977091227324,9178.649524840032,8000,1080p
1.2815253605455061,1.0747088371080054,14240.703251576455,8000,1080p
1.2186798329333457,1.340651447744249,13110.624737535467,8000,1080p
1.9487975848815104,1.8038670314553895,8941.495025674207,8000,1080p
1.530228630362202,1.6112083515278217,10681.236705825055,8000,1080p
1.0345426767930812,0.8570651489114054,17738.577491612676,15000,1440p
1.6200093961688846,1.2170648489662252,11827.125094642011,8000,1080p
0.9457517611901871,1.247977938097465,15295.609122170245,15000,1440p
1.083932002337778,0.8574470743846991,17283.812523954923,15000,1440p
1.2620849987173233,0.9340119964760079,15279.121128730505,15000,1440p
1.2413974064728057,1.324495325362717,13077.09850208613,8000,1080p
1.349939758527356,1.6851431721886496,11055.523939862882,8000,1080p
1.5439274749544214,1.8963892739118944,9753.29728318102,8000,1080p
1.04950411968705,0.7652902442103395,18489.38517085741,15000,1440p
0.6165650336620059,0.90293972105704,22082.479107611718,15000,1440p
1.069661710061251,1.1565475640913103,15072.451808365131,15000,1440p
1.558040874816456,1.4027122027628496,11333.073417738,8000,1080p
0.7772149288732073,1.041115064397772,18453.433713447797,15000,1440p
1.0295709905625214,1.4106274583308718,13750.698028357741,8000,1080p
0.9734198910511789,1.2589133076147037,15031.103788651828,15000,1440p
1.4288014717032347,1.6247227033851743,10988.755967202549,8000,1080p
1.374249205657736,0.9603467874482128,14372.693219334771,8000,1080p
1.3732856395295583,1.098653074630457,13574.135882815392,8000,1080p
1.5904444083239777,1.3849041849889885,11277.479242403018,8000,1080p
1.7814024999678184,1.404581235582844,10531.890550973101,8000,1080p
1.3587383380579265,1.6562211069566672,11129.31454367791,8000,1080p
0.9329508001719373,0.8811134769821822,18496.826392855142,15000,1440p
0.7590313112554516,0.939932509481278,19749.93910432397,15000,1440p
0.7630938123800807,0.7211956454467098,22606.39380214182,15000,1440p
1.1632648167203994,0.8022078093967122,17071.940638668897,15000,1440p
0.9193927009623819,0.7014374961119019,20702.003245354255,15000,1440p
1.0427240158125213,1.310547572803185,14258.631329390304,8000,1080p
2.282217537964499,2.1512447440987046,7568.448734920725,4000,720p
1.2452167628447883,1.0220052699199513,14799.799717490574,8000,1080p
1.0373287587124669,0.9407662591235191,16963.003140621717,15000,1440p
0.9425216741357869,0.9816533083529233,17438.347502367484,15000,1440p
2.251456789837333,2.3228376061938714,7335.433423155457,4000,720p
1.2937800685251848,0.9516103477990001,14943.69609670387,8000,1080p
1.5596676143326846,1.200476437822415,12156.768402649475,8000,1080p
1.4041475951981548,1.1737697578326847,13016.100753016883,8000,1080p
1.3036347435859685,1.1359767616268268,13754.006294979008,8000,1080p
1.122038321586918,1.3305947317974816,13680.983363450185,8000,1080p
2.4674415151973026,1.9159399179126524,7654.919498117586,4000,720p
1.2637328354885062,1.4723018674171537,12263.891230752775,8000,1080p
1.6012551893383151,1.579154348306248,10550.349444886486,8000,1080p
1.121476460468911,1.4559995857511754,13018.329326167031,8000,1080p
1.1521018674598165,0.8910265151241936,16423.065866063018,15000,1440p
0.9893127771756481,1.0230982994050732,16673.74642809668,15000,1440p
2.0503665334140693,1.745381232470589,8840.005729985489,8000,1080p
1.983546444807695,1.572264590700536,9436.505951786068,8000,1080p
0.9253587531202488,1.1591282472822972,16097.213364017203,15000,1440p
1.3886132758385767,0.9556778972461033,14313.252715893732,8000,1080p
1.1857708643120382,1.23451938378428,13863.804982229827,8000,1080p
0.7542741635478013,0.803872217088985,21534.839355906286,15000,1440p
1.1113772904965282,1.2968954842588554,13932.986475507634,8000,1080p
0.6747044638651029,0.6735255166204791,24887.765800842786,15000,1440p
1.1442873103532616,1.6719015465759033,11914.83728708042,8000,1080p
1.4137250478686256,1.0540008640304055,13597.309100741373,8000,1080p
1.7725665108469608,1.3056421800191302,10900.635846934425,8000,1080p
1.4667500918870786,1.9826498636212646,9727.614203281057,8000,1080p
2.033610199094906,1.6297226770572086,9159.536720901227,8000,1080p
1.4579866853329928,1.0890657413065654,13173.828559261296,8000,1080p
1.2857031297840575,1.8396544074951455,10736.189891800665,8000,1080p
0.8057465115157547,1.1236123284837045,17391.493642524998,15000,1440p
2.1344919206472475,1.4899648417030171,9257.782393365278,8000,1080p
1.20771069308157,1.2767111199108743,13505.931973598417,8000,1080p
1.7217733452384876,1.4555211224251197,10560.693175119499,8000,1080p
1.212090542885499,0.9747204398663725,15344.001957487555,15000,1440p
1.015813996900608,0.8768571329800754,17728.611944387467,15000,1440p
0.9136191812388811,1.04573634370455,17125.239178310305,15000,1440p
1.6749810221071304,2.2773981262913185,8489.679441203574,8000,1080p
2.4890856538836625,2.6424292169091106,6538.894039064948,4000,720p
1.6662425471729894,1.3303529683683004,11197.517925250882,8000,1080p
1.006245122074986,0.7938990355355333,18639.858290315806,15000,1440p
1.7187210103467456,1.5112995108701353,10388.303040055816,8000,1080p
1.159406117814278,1.3404134637001666,13422.741484276237,8000,1080p
0.8986945018826723,0.8487738036003919,19201.739965592296,15000,1440p
1.0377038959649871,1.5464883744091975,12984.495149481041,8000,1080p
0.9891150489866671,1.1585559762611366,15623.636770034835,15000,1440p
1.1988999493970722,1.0882243292890699,14671.013863433616,8000,1080p
1.0230902652088463,0.9625174805117522,16898.822072142317,15000,1440p
2.0788094867555733,1.658750106975607,8977.631301526042,8000,1080p
2.0739527379740013,2.3193153827731487,7637.692733011137,4000,720p
1.227350391989748,1.0086976021464362,15006.132286960386,15000,1440p
1.320679131969693,1.3781468685373621,12432.97344611909,8000,1080p
1.8596045226302023,1.3285913638412996,10524.582928665646,8000,1080p
1.2428350194435507,1.474225506275881,12349.534242015223,8000,1080p
0.7562644869899292,1.1159057836964705,17922.745877007135,15000,1440p
0.8342304469590776,1.2305808162117309,16250.60488505494,15000,1440p
1.2117790056074416,0.886553435770618,15990.99901346588,15000,1440p
0.7568174867180549,1.003688205127951,19059.541900609234,15000,1440p
1.3175479017687584,1.2804641104068406,12915.426042199555,8000,1080p
1.1965302892421605,0.8440018826317011,16443.96126780314,15000,1440p
1.1704926042694241,0.9773938577946177,15622.069691595987,15000,1440p
1.0656459383104984,0.8037404916169184,17949.435955466324,15000,1440p
1.293739854775081,1.1540266916011457,13708.183098455753,8000,1080p
1.2939663495212657,1.5827721608689658,11664.053537993734,8000,1080p
1.4055266537866504,1.198811466095189,12884.053627231162,8000,1080p
0.856148253422787,0.7234470005163937,21242.423916077398,15000,1440p
1.062596197079639,1.2411897574546136,14564.908660007684,8000,1080p
0.787416785970653,1.175920948003803,17090.504307720174,15000,1440p
0.7351904997538982,0.8748664615058311,20840.524781027983,15000,1440p
0.7768932567278567,0.760683347344579,21822.93351181821,15000,1440p
1.2138109558801975,0.9853057258044722,15258.140816018491,15000,1440p
1.161830484443469,0.8256470475297499,16882.92393760361,15000,1440p
1.5217101018839105,1.1105710107016178,12747.282894508762,8000,1080p
1.2266742511042945,0.863569507205914,16052.87989336039,15000,1440p
1.4299048559156573,1.0134907183747452,13732.705564773192,8000,1080p
1.102815607026135,0.9628001382213645,16244.2758665066,15000,1440p
0.6778236046421457,0.9485380637892571,20631.592991467056,15000,1440p
2.69458323299608,2.0540360079957436,7066.144977543332,4000,720p
1.54378293277313,1.994918914001552,9482.130298878636,8000,1080p
0.7709212709159272,0.8346207697102626,20899.130107432866,15000,1440p
1.3361213190714596,1.3301652251602636,12584.70589839343,8000,1080p
1.306899086438418,1.1471727762685229,13672.96227543561,8000,1080p
1.2598244024043723,1.789332212051001,11004.496076366135,8000,1080p
1.2872400318306911,1.1930051731347162,13528.67528292147,8000,1080p
0.8161371469328782,1.053602339268989,17946.046627148826,15000,1440p
1.1929092609052696,1.1369756108883102,14401.755385522249,8000,1080p
0.7449302325418236,0.9647982929338222,19625.590554304617,15000,1440p
1.007034927559225,0.726788736229532,19352.85156200761,15000,1440p
1.2072225973116881,1.7925394050681998,11185.69805650558,8000,1080p
1.3203036094741274,1.7913603915142355,10783.436768668484,8000,1080p
1.7692092899609917,1.6705611466639794,9754.846324257293,8000,1080p
1.411775947683072,1.2523410444509904,12594.954387915817,8000,1080p
1.6818856750680744,1.8812668956738123,9417.062933404955,8000,1080p
1.1960556693991349,1.6545639652178508,11770.925728752454,8000,1080p
1.461205286510408,1.4707514501002459,11444.38169261289,8000,1080p
0.8985402157976268,0.7481910395969198,20376.38618328196,15000,1440p
1.7194572676444873,1.6724670351272457,9892.44717890101,8000,1080p
0.9960751493218015,0.7385417940381768,19344.00106516,15000,1440p
1.3440319074242357,1.020820109523587,14188.8083311474,8000,1080p
0.7589832882215309,1.118754270897992,17869.606877189897,15000,1440p
1.4571588705336753,1.4452119422089427,11561.042390821343,8000,1080p
1.0852838508239406,1.3446443947156794,13808.815985242596,8000,1080p
0.8169290737254958,1.005287216514919,18414.077505350906,15000,1440p
1.0460585748008415,1.2344269128455632,14713.723100527224,8000,1080p
1.0960297738475366,1.2751040794489799,14151.217972511453,8000,1080p
1.44496965498333,1.2975710780125003,12234.798045586955,8000,1080p
1.1094761054225089,0.8149859744986618,17435.74599369318,15000,1440p
1.2485230745718843,1.4978088770603222,12217.908319516093,8000,1080p
1.200269408902006,1.22303950227227,13846.535142620487,8000,1080p
1.1003286482524064,0.8169520141218904,17501.053788571204,15000,1440p
0.7871602937543485,1.1116270669916126,17671.505874579736,15000,1440p
1.2890421396011913,1.3653232077600226,12641.225908617853,8000,1080p
1.1563155289015226,0.9380655467099903,16021.168444812676,15000,1440p
0.9555560844276471,1.3259417925728285,14707.19404925092,8000,1080p
1.1221951349269477,0.9360966479996111,16302.077420865478,15000,1440p
0.7881143943339295,1.0769947969303297,17990.599240602754,15000,1440p
1.1106675949788503,1.303644336273907,13898.13452257141,8000,1080p
0.6644514075927668,0.921505002657486,21157.22209206579,15000,1440p
0.9481494446348977,0.9862013252634272,17346.61185663018,15000,1440p
2.0285685974107346,2.22610860218057,7886.481259547298,4000,720p
0.7996384094584962,0.7308053120896804,21924.64285198072,15000,1440p
1.1684131356459135,1.367408027454595,13232.176025762608,8000,1080p
1.8027671387439228,1.7595970150120905,9419.14710336998,8000,1080p
1.333745118128038,0.9772275597516935,14519.614325681028,8000,1080p
2.125151900545635,1.8301360985839268,8483.435847752251,8000,1080p
1.1405894630029072,1.2714230892097629,13911.383657277695,8000,1080p
1.9637660127399597,1.4543587338169919,9816.62007327237,8000,1080p
1.035796402441118,0.8988111674754145,17344.309265494958,15000,1440p
1.1275964450318936,0.9405222932571617,16224.615820540082,15000,1440p
1.2365667329660168,0.8550959326765473,16041.990207676243,15000,1440p
1.1174668726624897,1.089983012817473,15200.540778167793,15000,1440p
1.3295239460389225,1.1185682467674918,13706.35962918303,8000,1080p
1.2825567034338041,1.1020891484347697,14071.033639526488,8000,1080p
0.8413369499995595,1.0732730587592363,17525.46568047698,15000,1440p
0.7700589690748217,1.0274572438526808,18667.10951405105,15000,1440p
1.1491948122021012,0.9111068348246643,16286.174429080624,15000,1440p
0.8447003311249387,1.1833858752434319,16544.874618562124,15000,1440p
1.7588256806885878,1.3289678413576616,10866.79914328074,8000,1080p
1.15154190953037,0.9952229549225233,15630.231589686187,15000,1440p
1.0488256812360466,0.8816893289453174,17381.078014434966,15000,1440p
0.90442392139638,1.0790635544007636,16916.886246793572,15000,1440p
0.9514764629544405,1.0031608511703864,17166.577020465673,15000,1440p
1.0558113235680282,0.7366436819933817,18719.818291612017,15000,1440p
0.7533648711721765,1.1144601964974798,17964.44034336862,15000,1440p
1.102218255436014,1.131536307818717,15021.539318585175,15000,1440p
1.237791767477773,1.4444683363144786,12509.76068747391,8000,1080p
1.6205134616162946,1.447005653795266,10938.621973509069,8000,1080p
0.9470180242166678,1.0117735900120581,17130.169312682123,15000,1440p
1.221290224884004,0.9482079168109903,15466.448832163764,15000,1440p
0.868766624678201,0.7323781235039918,20956.526284144467,15000,1440p
1.2076007290094202,1.3230574076737867,13259.17219462046,8000,1080p
1.6128198296361353,1.279889028538212,11599.657499295296,8000,1080p
1.3217974926631106,0.9617915181228855,14693.726341085687,8000,1080p
1.6406772104455796,1.1426376424832354,12055.564595824106,8000,1080p
0.9772774274690247,0.6798102638159683,20249.038223185475,15000,1440p
0.7511343583492841,1.0981684907713447,18144.36830395608,15000,1440p
1.9354155885639206,1.5060182127096997,9750.13146775685,8000,1080p
0.9586848805771523,1.343583128027614,14574.511687861592,8000,1080p
1.3607582025566314,1.0016403700971257,14203.543969427328,8000,1080p
1.9542245574442063,1.830819811718877,8865.003610887465,8000,1080p
0.6886305249248624,0.9382567952278164,20624.926867615522,15000,1440p
1.602455088407865,1.2893580945157037,11603.250236959326,8000,1080p
1.2001041335855491,1.6686446437584526,11696.539015544604,8000,1080p
1.2555230278775162,1.0573639552689962,14507.596888435795,8000,1080p
1.291190773876882,1.7085227072285738,11185.87898856077,8000,1080p
1.2890656869874062,1.8059853877233418,10841.317700431122,8000,1080p
1.1796635283685302,1.0239197347767395,15227.21313108283,15000,1440p
0.9888427428268911,1.0554405790358405,16413.78748295296,15000,1440p
2.1008307115075495,1.6853715123704798,8862.292613000416,8000,1080p
1.174032726995139,1.1269940287973086,14582.373679720311,8000,1080p
1.7611501746263931,1.4010816155828225,10610.99698759907,8000,1080p
0.8669797950054665,1.2232658264151035,16052.865584856854,15000,1440p
1.2351456702850045,1.0547284621512447,14653.395802283978,8000,1080p
0.9137479278588239,0.8260863542612369,19285.993122926928,15000,1440p
1.5565142277383555,1.069814478207286,12776.17379882322,8000,1080p
1.5307934622690065,1.5235557951862588,10985.787534971007,8000,1080p
1.3165012864497316,1.3079035770327079,12785.53948245437,8000,1080p
1.7114500239334625,1.1537594311200716,11710.987460556547,8000,1080p
1.1506492087652966,0.7841693236812641,17342.41813239752,15000,1440p
1.42942003287495,1.7977020151604812,10397.63340231488,8000,1080p
1.2482862585647243,1.0540512593657432,14574.07167223749,8000,1080p
1.715545302442134,2.027976378391604,8963.333155459895,8000,1080p
1.661810226381813,1.3862627075240639,11008.408501893198,8000,1080p
1.1245162133124085,1.0769851244292141,15241.613268525794,15000,1440p
1.7688576100656608,1.663513316857005,9775.875834632954,8000,1080p
1.9948907764087116,2.323898777189431,7769.406585705147,4000,720p
2.1633652496351887,1.7731249252069907,8523.946589386636,8000,1080p
0.9174309483442556,1.054022324771025,17020.150798186285,15000,1440p
0.9734619052081968,0.7932003972990949,18993.121635288593,15000,1440p
0.9473921180881549,1.3699873566058969,14479.472337792224,8000,1080p
0.8966578949607517,1.1916984980616872,16067.387785011782,15000,1440p
1.6784137561896932,1.2622392495523334,11410.537705224107,8000,1080p
1.7142198807242686,2.224343009004206,8519.460762581159,8000,1080p
1.2206442589069644,1.338745591278808,13110.324711791938,8000,1080p
1.0969108409956736,1.235437022449961,14386.54693233848,8000,1080p
1.2120809873061018,1.0692000830858712,14708.591780071461,8000,1080p
1.492345597315358,1.0859437203592648,13014.222946190917,8000,1080p
1.0680503519145985,1.142790791136769,15177.224336294334,15000,1440p
1.6989777430828696,1.2138942765250724,11519.363629479423,8000,1080p
1.2258543560496187,0.9507480337617862,15415.967637023212,15000,1440p
1.8005170063088989,1.8014465567742302,9315.594511810892,8000,1080p
1.229124233416856,1.277223523180132,13387.779852848023,8000,1080p
1.5183345373065373,1.8746722676604248,9889.291100412845,8000,1080p
1.370969786715458,1.3141945452820998,12496.23034246029,8000,1080p
0.821560640310059,1.0807376656609717,17638.890753714935,15000,1440p
1.414648592922846,1.3580978324614281,12101.51483482652,8000,1080p
1.311644417445313,1.2482595402641417,13107.691754976528,8000,1080p
1.4874298147599834,1.0041954702164892,13466.885330759853,8000,1080p
1.45648425952515,1.1512650819568697,12867.199874712865,8000,1080p
0.8084848185698869,0.6693504286667299,22705.123634547872,15000,1440p
0.6742801440038992,0.9132738391953807,21135.93134790934,15000,1440p
1.0195318626094105,0.7519247833167901,18941.717866573115,15000,1440p
0.8894830674284234,1.1633963503562872,16345.057439471544,15000,1440p
1.017436782567557,1.4260127821229722,13732.40212725642,8000,1080p
1.3260662847822084,1.560145350490728,11625.769777214173,8000,1080p
1.2155662405263763,1.0338905816826391,14916.681960158196,8000,1080p
1.7964185162848259,1.4123643957314085,10457.05892858801,8000,1080p
0.8118297822004896,0.9559757945465219,18980.838414224512,15000,1440p
1.0466361737951102,0.7301102604494103,18885.323956914242,15000,1440p
1.9074086140522581,1.4625599642060756,9956.897585478851,8000,1080p
1.7257714372187558,1.623392244604943,10018.749511140291,8000,1080p
1.312534084157366,1.1089175318523317,13857.155673956533,8000,1080p
1.1966951955190264,1.3379180960043509,13238.481827668787,8000,1080p
1.1875239867558613,0.941453314690454,15760.821863720614,15000,1440p
1.8466402756775122,1.6751635630273034,9527.62661884656,8000,1080p
1.9483998926043573,1.3812314262884864,10077.521739300972,8000,1080p
0.7442790396176211,0.9156693266774181,20214.142006653256,15000,1440p
2.0575505144159436,2.157878255165925,7959.909616342133,4000,720p
1.0951481413110289,1.376069596413761,13578.096129600064,8000,1080p
2.045282019873932,2.2550802937921013,7802.698831530557,4000,720p
1.2598006950885363,1.029659854597727,14656.04288512337,8000,1080p
1.439437314300082,1.2633890685392897,12414.571728706605,8000,1080p
1.178044771526515,0.8442638467268542,16592.142117744792,15000,1440p
1.0359891339053025,0.8828376926924408,17486.951680519862,15000,1440p
0.8402581671873535,0.7195633121368934,21511.713003552562,15000,1440p
1.4266340977326646,1.3643166904019495,12022.581029609179,8000,1080p
1.4358687348913666,1.465966694586327,11563.1753817409,8000,1080p
1.6038978685045588,1.1654640663351108,12116.304329120712,8000,1080p
0.8958856114429705,1.2666616036869203,15516.161573371519,15000,1440p
1.5202465055677976,1.6867684386972606,10462.82371087908,8000,1080p
0.7335073179216345,0.8383124312937154,21347.50630073857,15000,1440p
1.6080118713551261,1.9370454109644446,9465.131118571082,8000,1080p
1.4898953348770247,1.895688136725348,9910.974661073391,8000,1080p
1.9243677235510481,1.5800287095171472,9574.953245407276,8000,1080p
1.429162781463169,1.3793537364762076,11947.38638198185,8000,1080p
0.9077521793013238,1.015951605483255,17442.618902866852,15000,1440p
1.6770964735639895,1.231563522843496,11536.044790880822,8000,1080p
1.0490471152664966,1.2170406545231751,14807.207579216747,8000,1080p
0.924908733689065,1.0812032502533984,16726.10116911717,15000,1440p
1.5821230166419833,1.2150954961669826,11995.642044533965,8000,1080p
1.1588400665332916,1.1639501031392017,14445.743932492653,8000,1080p
0.7982592181756278,0.9013983117270514,19741.87823703596,15000,1440p
0.9995851176479639,1.3534191194353475,14260.251414418493,8000,1080p
0.8085490439227195,1.1408990613357552,17212.27249368152,15000,1440p
1.1732090524005068,1.309046329453169,13517.719508353943,8000,1080p
1.2866486434352098,1.3377791351246062,12785.427846070646,8000,1080p
1.2684911551325313,1.6739178345536332,11403.728073702934,8000,1080p
0.8779824000765769,0.9992128471139713,17874.769313537472,15000,1440p
1.12018968028196,0.9748103059912934,16016.435427137732,15000,1440p
0.9228470569842793,0.7991658851541235,19485.586419769857,15000,1440p
1.2695018676873326,1.0567207229003404,14424.428743735634,8000,1080p
0.7418979218076437,0.8292670145245881,21356.403280186696,15000,1440p
1.8823136132816023,1.342282559479043,10405.77802685703,8000,1080p
1.8377479766500575,1.2402138780431038,10901.510019962545,8000,1080p
1.0196735238633678,1.0934051564653977,15879.40492342642,15000,1440p
1.0358741158999105,0.8084352558047889,18193.494277473394,15000,1440p
1.0000463757413784,1.4831653652450927,13512.513430155695,8000,1080p
1.2253642727703722,1.1248529029343828,14277.162275413164,8000,1080p
1.4915179028970693,1.6344888383406044,10733.960217473767,8000,1080p
1.6014318796804317,1.2971384127653758,11576.200890297141,8000,1080p
0.9252216224708657,1.1409956851418666,16239.546477697522,15000,1440p
0.9159769758623947,1.1221633127721264,16463.25926979258,15000,1440p
2.0392835430412246,1.4872304981057254,9514.901006628883,8000,1080p
1.0409848819189593,0.9826079967439598,16581.612019790737,15000,1440p
0.8480374216338168,1.0407344425871359,17765.211688940497,15000,1440p
1.4737720661550198,1.3143892090649645,12034.609438922278,8000,1080p
1.0455540682900852,1.3482033433319738,14017.473883146258,8000,1080p
1.4193733877765409,1.3537599271933445,12099.82650991461,8000,1080p
0.9204626119996063,1.254018666019737,15431.00524211619,15000,1440p
1.074092728181334,0.7404247631239,18492.206418943555,15000,1440p
0.9819760764732843,1.3791603376260648,14211.136552565207,8000,1080p
1.0248508904864888,1.1009099626793017,15784.669263256514,15000,1440p
1.6491339122435742,1.1675675766403824,11912.668819334154,8000,1080p
0.8824290119435136,1.2065397296748397,16062.677880955227,15000,1440p
1.071233531313447,1.1826008127480359,14887.709954554079,8000,1080p
1.129012160148166,1.2341446878905826,14198.986422694617,8000,1080p
1.4268536294087826,1.1201642063963069,13174.00747191617,8000,1080p
1.1145250593564067,0.7639897356838903,17862.213323308006,15000,1440p
0.9779042580104245,1.2617050429840082,14982.270338447486,8000,1080p
1.9489611425068727,1.4717116124545195,9809.307818566444,8000,1080p
0.7523456309664411,0.8848129417096733,20495.529608443252,15000,1440p
0.8565817669468782,1.0632099889425066,17478.16235644537,15000,1440p
1.223204309912946,1.5797370941231517,11971.150003950588,8000,1080p
1.4733897667812519,2.097213431763552,9397.412743503697,8000,1080p
1.553083708348449,1.1483198575168132,12421.110427183612,8000,1080p
1.0388349856826118,0.7062354179581944,19228.125083087834,15000,1440p
1.3838491799312498,1.0021716945784693,14062.924745742128,8000,1080p
0.8908347048437236,1.0628844952468373,17174.64413434881,15000,1440p
0.9265754144618987,1.1441391649262163,16204.276694625463,15000,1440p
1.4301610568949739,1.2025346287036027,12745.275568137293,8000,1080p
0.8776454154539716,0.9694929769613959,18165.62967765687,15000,1440p
0.6435247101804388,0.9349596158432093,21257.374208160054,15000,1440p
1.3850189008838298,1.2320434131770557,12821.411175316538,8000,1080p
1.072682849922388,1.4454596423069659,13325.072788193847,8000,1080p
1.5016736392774332,1.1622805597807122,12595.724060069553,8000,1080p
1.329197658796902,1.0218149742646165,14272.331644728336,8000,1080p
2.368321597108881,1.65309251307105,8343.938495431068,8000,1080p
0.9846513614712774,1.227419573632691,15168.786618690838,15000,1440p
1.096370425503946,0.9827464195055209,16138.790891209974,15000,1440p
0.7597172737866936,0.6037518305856001,24609.602001541207,15000,1440p
1.1817680671292543,0.8529311396139068,16491.101922484584,15000,1440p
0.9610726820899278,0.6944355671418623,20268.35687201822,15000,1440p
1.0056458813010645,1.454037255491464,13641.770152457762,8000,1080p
1.3775398593094348,1.1956537847007223,13039.99490209667,8000,1080p
1.444116242613501,0.9990258648338926,13734.130281540532,8000,1080p
2.1388118203247157,1.6297950759920434,8903.669956342319,8000,1080p
1.440121402541032,1.1574070963364864,12917.830166059786,8000,1080p
1.6940688819480265,1.4459261207217569,10686.141847827883,8000,1080p
1.3832035278586632,1.9302309018898465,10126.783164544708,8000,1080p
1.4335571428584006,1.0483280080714406,13519.735990776524,8000,1080p
1.1565314994105043,1.3393010897345556,13444.18377495983,8000,1080p
1.5395995080620442,1.7377878764374326,10238.1647524174,8000,1080p
0.9583481126511152,0.8028945430730497,19051.566739509566,15000,1440p
1.5742774579458996,1.3615186554846785,11429.41495374844,8000,1080p
1.3584377295516092,1.125006820897108,13511.24670528169,8000,1080p
1.3622120028804912,1.4602167598524878,11888.49562584141,8000,1080p
1.2347452566738022,1.4068973501440218,12702.108874758174,8000,1080p
1.3272392307496383,1.973212381181128,10166.61837389297,8000,1080p
0.972130698276861,1.228948554377511,15244.536042732367,15000,1440p
1.029131971402155,0.9332392073393507,17098.922142506646,15000,1440p
1.0292546849156505,0.6971335167475605,19436.20326394347,15000,1440p
1.6311939128432866,1.279542481209986,11527.81545884841,8000,1080p
0.9818147315512542,1.2893988265605465,14773.789932768743,8000,1080p
1.7110955396848575,2.0286928559503723,8972.280902085782,8000,1080p
1.5877810110053656,1.6087943083708316,10496.994016254888,8000,1080p
1.8098137427829704,1.4032358210508589,10443.172859108547,8000,1080p
1.0301895422084786,0.8741420957912478,17620.05699555826,15000,1440p
1.2264124053975636,1.0350893039763902,14837.234860763734,8000,1080p
1.5407325359115442,1.4463461395385404,11233.193245217793,8000,1080p
1.4604125947498159,1.2360425254472633,12443.905240131557,8000,1080p
0.6954085779331456,0.9375193806071198,20548.629732566736,15000,1440p
1.4686916700307369,2.064335418991576,9497.36052244237,8000,1080p
1.1302040169708993,1.4074218484751766,13222.765600279552,8000,1080p
1.5800703609260645,1.6721990550591912,10317.236276636966,8000,1080p
0.8296134567698908,1.1182395875390188,17226.367306320575,15000,1440p
1.1176019988057952,0.9523489297679919,16210.254811750186,15000,1440p
1.4025268209654795,1.322268655406826,12314.477284978895,8000,1080p
0.9400259104567917,0.683779864820372,20664.067409338208,15000,1440p
1.270553211781488,0.906617521471206,15411.943348085368,15000,1440p
0.9336876684891885,1.145351521506941,16139.393697558184,15000,1440p
1.1486171846186972,1.4951530487527085,12691.886600603146,8000,1080p
1.207086306596097,1.0878919384926802,14620.80613260977,8000,1080p
1.446440433639041,1.6688936669723833,10770.733063081265,8000,1080p
1.2938635575034805,0.8669402652112048,15528.680413867707,15000,1440p
1.1542310957147779,0.9121665404987496,16238.129299008118,15000,1440p
0.7960221276253797,1.128772071812214,17432.73748944395,15000,1440p
1.1082381464102036,1.5994760575906057,12392.161606428523,8000,1080p
1.447348246401667,1.2967007127029762,12228.073368978261,8000,1080p
1.5972235217916368,1.1801542687572357,12081.335176720371,8000,1080p
1.5164423701203489,1.092225597441477,12862.66877089821,8000,1080p
1.2885737600960447,1.609972706329141,11576.296046543324,8000,1080p
1.9274086139611188,1.499916479793843,9790.268236048163,8000,1080p
1.1246472617596088,1.5577826154944463,12508.968933178205,8000,1080p
1.4541953115196193,1.282515116109903,12260.86313745079,8000,1080p
1.399049379060212,1.3312432717636347,12289.683301852343,8000,1080p
1.0152068452710536,1.0054183620801163,16605.96526160652,15000,1440p
1.0047921976753211,1.1090203720140948,15873.89179208551,15000,1440p
0.8646012572470569,1.0154534387029688,17847.58287739301,15000,1440p
1.515110000593648,1.061594192376235,13022.228974341639,8000,1080p
1.4377268967539623,1.0673789697236735,13394.416758593925,8000,1080p
2.0039450766169074,1.4902515904414604,9602.90309825297,8000,1080p
1.5721426253080215,1.5814307999699382,10640.130250667138,8000,1080p
0.562509415626139,0.6791493478210393,27023.875631372248,15000,1440p
1.6570881309577414,1.8478709587208533,9573.416163061962,8000,1080p
2.044403571318352,1.8774741548181724,8555.705797858915,8000,1080p
1.028150451956186,0.7628827653212664,18734.678774414944,15000,1440p
1.1479578249123794,1.214848481623603,14201.092957633433,8000,1080p
1.1407196635525765,0.9939637312338083,15718.692562068556,15000,1440p
1.0776512010791064,1.0341294150303926,15889.165637771985,15000,1440p
0.8845207598254784,0.6997625317955122,21179.565660676835,15000,1440p
0.8308097640753069,1.1328442167158115,17087.751879015654,15000,1440p
1.0916131944435057,1.3598801075657547,13687.343943586777,8000,1080p
0.9552428136812031,1.2643680764095038,15117.258682502123,15000,1440p
1.291800577353747,1.6805752067834796,11288.75836597479,8000,1080p
1.4515734336428328,2.1002273205474307,9447.160559446897,8000,1080p
2.1927677167155357,1.4834359102495545,9127.46828110309,8000,1080p
1.2428713985245172,1.1213485822196596,14192.601480949415,8000,1080p
1.3309605479721596,1.9658641678749083,10177.802853367262,8000,1080p
0.826265393266964,0.6034909210928247,23468.637041847855,15000,1440p
1.5512008835371847,1.5681620454790524,10756.822070262328,8000,1080p
0.5961777432243417,0.831821608964869,23497.51206018336,15000,1440p
0.950766717199322,1.063551359475396,16657.96101844671,15000,1440p
1.0856454519690688,1.0034232292462648,16061.909453584562,15000,1440p
1.521736264856904,1.4602194522693648,11252.491714510314,8000,1080p
1.0619819362829095,1.4197048804221095,13520.816476170363,8000,1080p
0.8386042557428941,1.239967964266587,16143.019557841944,15000,1440p
0.8070422731028855,0.5940261433577201,23949.17450552884,15000,1440p
1.3577627693134184,1.3339698314728037,12465.737491977903,8000,1080p
1.1183022603203883,1.5115877024873567,12758.872985003654,8000,1080p
1.0040513581095682,0.94318916477467,17231.786009824522,15000,1440p
1.3340151472939201,1.126519889083628,13637.04702591821,8000,1080p
0.730956386765817,1.084631596555437,18481.303196675108,15000,1440p
1.2634331035664343,0.8561845031800959,15830.4176626952,15000,1440p
1.3549070449365532,1.078436958236179,13789.432137934393,8000,1080p
0.9558922737690957,0.8414610451276351,18668.80131314232,15000,1440p
1.39359791843977,1.3181427766611276,12373.761274675091,8000,1080p
1.7698061953692628,1.2878862926700216,10973.775855895978,8000,1080p
0.930812176427658,0.8268738541081546,19090.117015819527,15000,1440p
1.7724935362093188,1.5395381808397943,10131.072062889436,8000,1080p
0.7676238654206041,1.1291722724893614,17690.0571070188,15000,1440p
0.7004801463758216,0.6228648671434359,25355.77015608841,15000,1440p
1.9816019689370088,1.8529337207277359,8750.585394325455,8000,1080p
1.9063681660367808,2.0586555304353635,8462.605666103547,8000,1080p
1.550995244885536,1.6686131718084936,10421.898460078723,8000,1080p
2.0973325910442857,2.6824038805857486,7020.142679237905,4000,720p
2.0166360586325824,2.585962965199525,7290.32266905204,4000,720p
1.06043830073975,1.4523679871085524,13353.36996021783,8000,1080p
1.3425851670049918,1.5932482362215143,11429.269781835506,8000,1080p
1.2187024504173392,1.6450823035407167,11716.81354669697,8000,1080p
1.316110187757907,1.365076898043321,12514.767125984728,8000,1080p
2.108573799094745,1.4934805745001656,9315.359658636167,8000,1080p
1.4200602252198824,0.9969066278784744,13882.868090220567,8000,1080p
1.741762011515569,1.9546478715605748,9077.5733918545,8000,1080p
0.7319738872084439,0.9080262452022102,20460.01786029003,15000,1440p
1.3696839679786204,1.2797579386743292,12664.717016720495,8000,1080p
0.8488609033554017,1.2588569210947465,15919.793252568583,15000,1440p
1.525907618068782,2.0212326124753472,9459.57301351257,8000,1080p
1.5646530434892447,1.5762300514351828,10683.120315500744,8000,1080p
1.1969416449714558,1.0292917730056004,15072.288345437915,15000,1440p
0.9682395513039097,1.0274036569684117,16813.843206496273,15000,1440p
1.080986807069154,1.1362816690037576,15133.229179097665,15000,1440p
1.1605062099215884,0.8518793802016074,16673.957597731478,15000,1440p
1.5014770607618717,1.0278765881992766,13266.010474170513,8000,1080p
0.9811801280891082,1.2340575721740057,15147.102270792244,15000,1440p
1.7101147614056658,1.6423900469745434,10008.76476481837,8000,1080p
1.125602065456601,0.8331971354316365,17130.102965523165,15000,1440p
0.8875670545598654,1.2945792905473148,15376.801869973535,15000,1440p
1.099317619371986,0.8903335342223013,16864.479956390453,15000,1440p
0.7745366040520382,1.0842388300482377,18051.902012704257,15000,1440p
1.1731088310192046,1.5734614526411423,12216.848117675727,8000,1080p
0.9442741288885333,1.3039836019511788,14924.637660410757,8000,1080p
1.7665488706038748,1.6903647456978164,9706.471067650666,8000,1080p
1.4253481994243589,1.3314557265804177,12171.497466135668,8000,1080p
1.841749929001278,1.4288135079007753,10259.526423307498,8000,1080p
1.4536139480424062,1.075281793167607,13268.412553830725,8000,1080p
1.5071335234796583,1.0685262118643202,13027.509627749341,8000,1080p
1.0102038551619332,1.141992557901651,15590.785207301928,15000,1440p
1.4624031743555803,1.2817874419440591,12227.442146583076,8000,1080p
1.0942795611193425,0.8194750896028673,17533.298736772384,15000,1440p
1.010198418777181,1.109053572081575,15833.148745281202,15000,1440p
2.289354439505577,2.2871130853200983,7331.95020350945,4000,720p
0.8296251274449886,1.131932856949559,17106.010766414776,15000,1440p
1.2253279337284093,1.3190646805135868,13187.59998444511,8000,1080p
1.112038517777012,0.9319217456301643,16416.381766672162,15000,1440p
0.7076029003686128,0.9301043061767433,20488.663581557434,15000,1440p
0.9878330294792387,1.4302857464054872,13876.254687995348,8000,1080p
0.939340781914564,1.1332778429668913,16189.390366941803,15000,1440p
0.8999250218826168,1.1240819787484777,16578.219338933897,15000,1440p
1.2973797758516308,1.377165846725383,12545.843943267339,8000,1080p
0.9846094991782677,0.9803860170329404,17076.08578400104,15000,1440p
0.9910823311010258,1.4777878071160537,13591.00727113646,8000,1080p
1.415485068889557,1.0224338567054896,13763.555320778374,8000,1080p
1.691867341385415,1.6526003605204813,10032.816875725392,8000,1080p
1.2111450590343862,1.5160180301069472,12303.786353519787,8000,1080p
0.8837245030929739,1.0619117690541364,17245.994269510073,15000,1440p
1.557170502682666,1.4520248124684774,11150.632805738851,8000,1080p
1.1691948203436924,1.0678701812392701,14999.310246352545,8000,1080p
1.201438364365029,1.4242190664825902,12779.440153077356,8000,1080p
1.7956133330078803,1.249823640900126,11017.93676489776,8000,1080p
1.0383904946079032,0.7073452269535261,19220.797045951538,15000,1440p
2.015386456662712,1.85970273314584,8659.008956038442,8000,1080p
1.4676774090160025,1.9676871271109775,9767.357043811477,8000,1080p
1.209078851323053,0.9728265794343212,15378.499694348679,15000,1440p
1.4513159358538155,1.2448840293073422,12445.082869806498,8000,1080p
0.8530085152609681,1.1614548348160945,16656.759726463322,15000,1440p
1.1201131141070462,1.3575570548942075,13542.73559887342,8000,1080p
0.8109132568222982,1.0833049715402838,17714.13214041628,15000,1440p
1.3347645833493842,1.473271747229902,11949.429440992262,8000,1080p
2.0780900465394856,1.615971516208695,9083.344018510978,8000,1080p
1.311036641895075,1.3152951173252214,12776.158945723451,8000,1080p
1.2080893107354724,1.181856117497367,14039.83187382259,8000,1080p
1.4613498435188272,1.4275595459054025,11614.913268943863,8000,1080p
0.8906997119564051,0.9309070773453141,18420.238767809216,15000,1440p
1.8210798569270343,1.619352866022083,9752.968507762986,8000,1080p
1.2415173170203586,1.48264105903534,12317.357278097526,8000,1080p
1.2732576003286902,1.0726079830648911,14303.646482361282,8000,1080p
1.1584085919232763,0.915793867601181,16177.028354162143,15000,1440p
0.8648620718995819,0.7656163061774408,20579.501360560153,15000,1440p
1.3612643463809988,1.0474222022926876,13930.593010732897,8000,1080p
0.6522937613690416,0.7010415004565138,24793.879939799543,15000,1440p
1.2283666348747795,1.5905333618946773,11903.377927012089,8000,1080p
1.0151451737330837,0.9390679782171256,17170.303027852573,15000,1440p
1.3529676042897998,1.2162211319270366,13060.32193236583,8000,1080p
1.1532423924459867,1.0130730001629649,15489.17212815882,15000,1440p
1.1385321961278823,0.8705028330178692,16701.765530821758,15000,1440p
1.0779677343233636,0.9119903421753195,16861.87884874378,15000,1440p
1.4030549726263108,1.034206121325062,13767.270188357368,8000,1080p
1.0107972696044167,0.9090761080606022,17477.419287312292,15000,1440p
1.6162788754434978,1.2184550223376596,11836.88953177023,8000,1080p
1.7775979792198164,2.541361632534331,7769.100666901549,4000,720p
2.628001856116731,1.8295203058476033,7527.597346866198,4000,720p
0.7962705613218861,0.6039474646772378,23963.719490082465,15000,1440p
1.0239041576160612,1.2996012887230044,14441.29690027998,8000,1080p
1.281873838394445,0.9886081504275697,14778.55017797737,8000,1080p
1.1800854615785434,1.6481233344130999,11864.199010891962,8000,1080p
1.2190883912118136,0.9215438071632838,15675.010413031423,15000,1440p
1.28184459714636,1.14830956983625,13807.532236385938,8000,1080p
1.0815226048627689,0.9665990252018841,16383.027017267908,15000,1440p
0.7340381540190254,0.8279376604703917,21482.043248517493,15000,1440p
1.4262166415753057,0.9925330488208488,13872.635160732276,8000,1080p
1.8131121743608265,1.735853870674068,9454.706405811803,8000,1080p
0.8071771653288244,1.1388558241882423,17242.478509229673,15000,1440p
1.8780398690730835,1.7658796844151672,9208.335010546272,8000,1080p
1.2186991229137092,1.4241996785120075,12696.07144318163,8000,1080p
1.181302535367823,1.0154356104756137,15274.661690329409,15000,1440p
0.8454185244781929,1.1545611114690284,16777.386827795424,15000,1440p
0.9899931930761107,0.7476860059721601,19309.9117595341,15000,1440p
1.3725815318665044,1.6870178555472726,10966.936435545225,8000,1080p
1.9699869579855704,2.051826578546846,8343.109817301582,8000,1080p
1.1075353982246303,1.2541263191684309,14207.975576213905,8000,1080p
1.0776822280290332,1.493274118648654,13051.342564941115,8000,1080p
1.1904306999157992,1.5495077332133613,12246.418238558372,8000,1080p
1.3195606885984472,1.823210645618754,10676.701685125212,8000,1080p
1.6546901274179389,1.5331535197359871,10525.745837615672,8000,1080p
1.9705794272625203,1.4301258897563551,9866.903736726728,8000,1080p
1.792548141947372,1.643479697137022,9765.471518688662,8000,1080p
1.0456872510664406,1.3875730331653369,13789.906578199758,8000,1080p
1.2117006473836867,0.8767625636205398,16066.565991299185,15000,1440p
1.0563840557390562,0.9364590903015972,16837.467648502778,15000,1440p
0.8392158709510793,0.9985461437867211,18258.311865689164,15000,1440p
1.3534163652451054,1.0737378890995615,13824.5980616752,8000,1080p
1.1962417235547456,1.2871521505992103,13511.522416649008,8000,1080p
1.4846483492982967,1.074522641870516,13111.445900172217,8000,1080p
2.2292126366263263,2.6749103389751143,6842.086172581121,4000,720p
1.4015526046331361,1.5982760481756086,11185.449531786733,8000,1080p
1.4595218066393,1.3866505848148896,11789.31820881591,8000,1080p
0.8663597196739186,0.7803781980691833,20376.303744792152,15000,1440p
1.4271412964032528,1.2016561542403021,12764.175494686953,8000,1080p
1.373339585138176,1.553332002551845,11465.048603722573,8000,1080p
1.3818241045396833,1.0250872730578238,13940.867250996516,8000,1080p
1.1937646172856533,1.2361504845699882,13808.890678680767,8000,1080p
1.414102261511031,1.5559775242738205,11297.485057672668,8000,1080p
1.2212234083813713,1.7249746695797217,11389.061805111638,8000,1080p
1.2105282689764827,1.2571181221415577,13597.747278854313,8000,1080p
1.2650749007266702,0.8697949107190543,15717.320007104829,15000,1440p
0.9326045493929569,0.6693322188098061,20946.16508343536,15000,1440p
1.18707479224643,0.9269559599041195,15872.253497668344,15000,1440p
0.8800329054908118,1.2739972236091,15577.512842877986,15000,1440p
1.3363955632324065,0.9345792825855317,14775.342871714936,8000,1080p
0.9328211341663996,0.7772846414177431,19621.261140141105,15000,1440p
0.8825024518472344,1.13258064915629,16651.636839835377,15000,1440p
1.0108483850906425,1.309617625123326,14460.2126694827,8000,1080p
1.3380191856520458,1.1032491119998284,13744.67199376415,8000,1080p
1.2161703935036596,1.0372155664080742,14890.67234683327,8000,1080p
1.1101748051661546,1.45629594354438,13074.153296646247,8000,1080p
1.0550610605035429,1.107561459932402,15515.6212806089,15000,1440p
1.4244504902795527,1.883640376532405,10143.140968898706,8000,1080p
0.9796908865223359,1.2341938649325723,15156.358964914,15000,1440p
3.0690712824513136,2.5394523156356255,5982.756676185758,4000,720p
1.018637393812546,1.1750972507815478,15295.574641484758,15000,1440p
1.0434450061949534,1.3847897385556551,13818.446537155616,8000,1080p
0.8264229189958532,1.1181040707382337,17255.832486330546,15000,1440p
1.4399217821665478,1.316270484908589,12174.198585793098,8000,1080p
1.00624160204773,1.3195100301301412,14427.349651509903,8000,1080p
0.8030444913578866,0.6060396811418881,23812.93655472194,15000,1440p
0.7940486672587254,0.8887157988118733,19940.0645048992,15000,1440p
1.4629849173072091,1.1955347003094163,12621.472408047037,8000,1080p
1.61210975137935,1.0778406700249397,12473.996447296191,8000,1080p
0.9437825397159799,0.9947812051576118,17308.913410112284,15000,1440p
0.934708510148734,1.2525583789376782,15340.803706865043,15000,1440p
1.2467254165926693,1.685118645764426,11444.821513809798,8000,1080p
1.5483461698704049,2.034253989937195,9365.943868489641,8000,1080p
1.2333473222933715,1.3347052920639373,13066.099897021568,8000,1080p
0.7091612040533424,0.6113029668462104,25411.08856981813,15000,1440p
1.3736905085305937,1.8180966649844674,10512.74103688031,8000,1080p
1.4431799260596623,1.829773719204692,10252.033984211785,8000,1080p
1.3087956602821864,1.5470844112513225,11749.24407171707,8000,1080p
1.1778662525139059,0.8910897396324324,16218.050131259959,15000,1440p
1.1518846001726646,0.9592033543701921,15894.378975444446,15000,1440p
1.2716159399493152,1.4164911791306312,12482.550178835365,8000,1080p
1.1664793735560641,1.2084711875032257,14128.475998689357,8000,1080p
0.9250146470811432,1.3358170481145182,14841.631984947939,8000,1080p
1.3967294502037024,1.5950554687857261,11215.522809485277,8000,1080p
1.1226011546081642,1.5261403185153342,12668.066076086812,8000,1080p
0.8278912844413377,0.8791951289828424,19655.965706325573,15000,1440p
1.0900997443103098,0.9854682975203417,16166.384972089367,15000,1440p
1.3873833864560832,1.1680312322379114,13130.719279186402,8000,1080p
1.343676383277421,1.6938941363684459,11046.4701257082,8000,1080p
1.0542611290932389,0.7051145146578246,19071.783856493847,15000,1440p
2.3199586736210738,1.891618955185177,7967.18829791838,4000,720p
1.5918849095669219,1.844716783807174,9763.840850306939,8000,1080p
1.479598821219498,2.13061779240555,9294.29881668727,8000,1080p
1.4012157869746855,1.0789383392156213,13529.17209687367,8000,1080p
1.357346908048108,1.0889027509394658,13716.683363335504,8000,1080p
1.2020279449932991,1.0149299015410918,15135.349574847896,15000,1440p
1.228788205840579,1.199962436545345,13815.51132274215,8000,1080p
1.0005570130434898,0.7604520914056774,19054.093425880168,15000,1440p
1.2511206677767328,0.9072842673770856,15545.939250555293,15000,1440p
1.28636282136207,1.556143862147234,11804.521760551972,8000,1080p
1.0169158213051257,0.9780221456145557,16819.78715950266,15000,1440p
0.8926770116164031,0.7769691028366588,20096.732900188053,15000,1440p
0.6176117495467739,0.8198820742717001,23342.31385486442,15000,1440p
1.035330034276484,1.2638092437978958,14594.345075128796,8000,1080p
1.4219859889103428,0.9515079476039383,14137.146711770461,8000,1080p
1.3148139818809483,1.2114168853812275,13282.409155409023,8000,1080p
1.164991615456163,1.1973394032701679,14203.950138237245,8000,1080p
1.607393421629035,1.6309087789257426,10361.735848572605,8000,1080p
1.3260309592883013,1.2035739339026452,13264.692873705299,8000,1080p
1.8076014943991896,2.250788744243311,8267.916594246415,8000,1080p
1.2326241937315598,1.0909624672404405,14440.792144143032,8000,1080p
1.5110417685881516,1.5359656172356562,11012.258177027035,8000,1080p
0.8317029519393837,0.917208877916853,19185.89115081818,15000,1440p
1.2302625986797573,1.6206920885675886,11769.542374732542,8000,1080p
1.4113965156185289,1.042459469691358,13674.165151041883,8000,1080p
1.598608406096049,1.0965298266544907,12449.985530336164,8000,1080p
1.521935445491435,1.9544570192716013,9652.083975014368,8000,1080p
1.1615196058642456,0.9746984177113083,15707.400475835955,15000,1440p
1.1269919348684652,0.9656657368349468,16034.362645031604,15000,1440p
1.6379543547075568,1.2203019163867608,11739.476386123099,8000,1080p
1.9023561552904074,1.399571787361201,10162.072759544886,8000,1080p
1.135672336262063,0.7739096081377319,17571.611471508004,15000,1440p
1.1550996572458656,1.3583644858426034,13349.874949387311,8000,1080p
1.0699913029165877,1.0138254258998254,16102.391124894451,15000,1440p
1.1005551744094417,0.9811089045565005,16119.04261549636,15000,1440p
1.2880021612773453,1.7859777124255976,10915.631649721909,8000,1080p
0.9183025854435335,1.1075090806789465,16563.450868177253,15000,1440p
2.5623175352153487,1.7659848071703044,7752.330901520531,4000,720p
2.345839442395627,1.748636284680312,8195.049680746995,8000,1080p
1.2924714234784165,1.3112421909060636,12887.143891181095,8000,1080p
1.3727848634833355,1.531548252027812,11553.231211941951,8000,1080p
1.6477334765750695,1.7007833063139388,10020.685030298746,8000,1080p
1.5385248054099125,1.1605656801898896,12431.755133449484,8000,1080p
1.1879446015876916,0.9395901593211216,15771.508234096558,15000,1440p
1.3896868301044458,1.145372175849995,13236.154235931432,8000,1080p
1.0521302239605346,0.8996498937205442,17191.70704529269,15000,1440p
1.1546373461152728,1.611007478997977,12132.589006119391,8000,1080p
1.5277322617391658,1.0368651323280962,13083.703538661539,8000,1080p
1.0191724367789392,0.81305244364189,18313.489986170884,15000,1440p
0.9570694469062203,1.076686405601166,16498.751292408702,15000,1440p
0.9406270070187541,1.186994825798544,15770.862792646181,15000,1440p
0.8662587599013966,1.073837912569124,17295.237127164266,15000,1440p
1.439848286577895,0.9948632539875721,13781.68684090063,8000,1080p
1.102718686116566,0.978654710758899,16121.293781486564,15000,1440p
1.4564496347694367,1.5597099227184628,11124.88625367911,8000,1080p
1.168187553066106,1.260629484120485,13815.133658181028,8000,1080p
2.165924663558538,2.1501684304353543,7774.260487266377,4000,720p
0.5492539888015195,0.7908719513393707,25038.267669434375,15000,1440p
1.1872981540758962,1.0291779661511837,15138.639073883782,15000,1440p
1.1911525791175355,1.481161458235452,12556.320676007354,8000,1080p
0.8766191713353929,1.1193761089143344,16810.87742642451,15000,1440p
1.33683992998212,0.9491903913346116,14678.034533099704,8000,1080p
1.0821463457750413,1.3339417951578376,13887.917179645712,8000,1080p
1.265691604049277,1.1060016306826579,14147.880302821943,8000,1080p
1.5533786709651594,1.3590591720508387,11521.080898074186,8000,1080p
1.30102487867952,1.1640762008715757,13611.787475307256,8000,1080p
1.4008076646251797,0.9374272704712179,14350.3253228986,8000,1080p
1.0343728865334185,1.3332628306595211,14172.126124107477,8000,1080p
1.4441053098755772,1.394917307013955,11819.008344767131,8000,1080p
1.6432624561309321,1.0967050555091484,12246.288270737597,8000,1080p
1.263522709645698,1.5583132207021382,11890.993249867606,8000,1080p
1.2648130876314492,0.9661202788267775,15040.535277514884,15000,1440p
1.03736730383511,1.422851622863797,13638.799228743006,8000,1080p
1.4832820514917961,1.5256841846766354,11151.481727069051,8000,1080p
2.154242654690805,1.655843933897203,8806.737385051147,8000,1080p
0.9849529000680626,1.4462734249584113,13801.44318716795,8000,1080p
1.3627079489839902,1.931537532422768,10185.771579375769,8000,1080p
0.9866772842214211,1.1205644453835537,15923.390054680694,15000,1440p
0.9796859802318223,1.223445741278248,15230.334016071052,15000,1440p
1.326976207047438,1.8572448926791667,10537.720512837806,8000,1080p
1.4830540436047663,1.5634546557546358,11014.060786058344,8000,1080p
1.14215616937149,0.8459175909749856,16877.860705808136,15000,1440p
0.920148572222586,0.960174601580202,17845.034549108448,15000,1440p
1.004860871214007,1.2665931720383203,14772.225790646367,8000,1080p
1.7225538781207421,1.2517668548136516,11281.376493279526,8000,1080p
1.4020838674018028,1.7441490970909734,10664.954686662728,8000,1080p
1.7850362178514398,1.4843633394045175,10263.178731253822,8000,1080p
0.8481609836941502,0.6973687524004759,21710.635011648596,15000,1440p
1.9156206955007957,1.8102435403268737,9005.811773102936,8000,1080p
0.7346023771527234,1.0173284203074817,19152.829580166213,15000,1440p
1.055541987551821,1.0915216031579669,15628.05691698558,15000,1440p
1.0401655488975583,1.1529159296898108,15300.130126315888,15000,1440p
0.9075705516772443,0.9489401513118996,18073.923272284097,15000,1440p
0.6089291797687931,0.8982859043771189,22262.537280148154,15000,1440p
2.1275718009727376,1.5828361760480218,9043.32682761809,8000,1080p
1.6267794857685918,1.1133594454467388,12245.522158658445,8000,1080p
0.5667828817257481,0.7780105701579512,24951.36480103999,15000,1440p
0.920773000556395,1.0609226793352948,16932.182040097057,15000,1440p
1.5470317058401442,1.4674515161635298,11131.07273415075,8000,1080p
1.1682252114815233,0.797337140466438,17071.16132273598,15000,1440p
0.9626292854008972,1.0480896521029157,16687.77837326972,15000,1440p
1.9077220161465227,1.9109895708298408,8786.846357927814,8000,1080p
1.2456323770624849,1.5804408347538166,11873.164452960069,8000,1080p
1.0551387284564953,1.0212875576486329,16159.70295913561,15000,1440p
1.6814597853823983,1.4732045988161457,10636.45063737094,8000,1080p
0.7539683201607692,0.864423871896431,20733.189497996576,15000,1440p
1.69237078272236,1.7492218387891356,9749.681525428015,8000,1080p
0.9473275679952534,1.4130727649009303,14215.568237456187,8000,1080p
1.0801829945844472,1.0379170902322319,15841.759433621914,15000,1440p
0.9061934579098306,1.239944384022785,15634.798168315201,15000,1440p
1.4807142153170396,1.9534902114360562,9770.65655690287,8000,1080p
1.6361678740820247,1.2443813417583474,11648.62305267394,8000,1080p
1.4184465295128321,1.8901649941854095,10141.54480200024,8000,1080p
1.7647693289668567,1.8015995662439894,9408.570169243874,8000,1080p
0.9160875756006281,0.7038358678336953,20713.591210744395,15000,1440p
1.255861353293901,1.2809058418095296,13227.241374284604,8000,1080p
0.7239112123269927,0.9372968442264041,20198.81366914226,15000,1440p
1.0767379649977602,1.0023261052523946,16139.200556701797,15000,1440p
1.710363934226919,1.4432030477517919,10640.151990349104,8000,1080p
0.8837940707856465,1.2848616351999143,15472.456926836598,15000,1440p
1.6160528567739,1.1205341949343626,12261.415904549529,8000,1080p
1.378639239531147,0.9487291958722497,14417.327093371916,8000,1080p
0.801565046731891,0.8873007699251841,19868.027210366137,15000,1440p
0.679445424532117,0.7945257743789748,22764.645621833457,15000,1440p
1.1054926807099725,1.4694762543373667,13031.004585452647,8000,1080p
1.1535912208379697,1.1391840949720775,14634.853999265548,8000,1080p
0.5829277925987966,0.8212048824953724,23896.909882643144,15000,1440p
1.3119842674315043,1.1130345491768718,13836.771809848935,8000,1080p
1.3023504076021197,1.2653960027052307,13067.65803091266,8000,1080p
1.4484997789584464,1.0961777567086022,13186.12340058412,8000,1080p
0.7009858379780488,0.5538617934203983,26739.845667641526,15000,1440p
0.8364323782287653,1.2330283436542404,16214.094640785821,15000,1440p
1.5114360664996915,1.2205984122806621,12281.847927109437,8000,1080p
1.663326650617925,1.486603013834595,10652.438490505787,8000,1080p
1.3251754808485043,1.6718270655218173,11195.997160775813,8000,1080p
1.390841722613668,1.6065692612524702,11194.471555822694,8000,1080p
0.9641010106570963,0.7968741988567573,19054.46017565645,15000,1440p
1.1517874194482942,1.0877670313114758,14982.637277971357,8000,1080p
1.4251600030670777,1.7741103908119045,10488.151318562557,8000,1080p
1.1684268764574608,1.3683539549724457,13227.17027197276,8000,1080p
1.2687245713020818,1.7627589961997323,11068.650465307172,8000,1080p
1.3606611964278823,0.9915414533128235,14265.111045470023,8000,1080p
1.0177553224864466,1.4834731952898914,13415.180484920596,8000,1080p
1.4986837801765367,1.3784298765118692,11662.532664288827,8000,1080p
2.0337946096867117,2.2371447966254014,7856.4523651188265,4000,720p
0.751869171901939,0.5875599517912058,25051.293425278036,15000,1440p
1.7820769861530776,2.1898285985311103,8447.94300483554,8000,1080p
1.1202451296173814,1.3944903562890802,13343.125822994845,8000,1080p
1.7976410982194548,1.3465134461302473,10672.004676201432,8000,1080p
1.505524603027242,1.3475620196433182,11760.747722616361,8000,1080p
1.1193534879559752,0.843200472269346,17097.32964292488,15000,1440p
1.3793065099040516,1.5425352823739322,11484.000293472302,8000,1080p
1.2712069393484788,1.4856221644347767,12171.38630535804,8000,1080p
0.9380494237404918,1.3484462805040343,14675.047032763447,8000,1080p
1.5448101094998006,1.5107282629248295,10981.512228031323,8000,1080p
1.3045392306549093,0.8772689068343935,15379.185467065165,15000,1440p
1.0292521544767512,0.95610790713258,16900.93028908862,15000,1440p
1.089212478614636,1.1170539739242435,15208.694290477453,15000,1440p
1.2894098611198057,1.0218177872117713,14518.012548102817,8000,1080p
1.5758166252130568,1.1206402987724593,12443.896915810785,8000,1080p
1.5124870761987363,1.6812425751493016,10506.347018394948,8000,1080p
1.868354338309405,2.8024923441879506,7183.8007712253775,4000,720p
1.1129257267882808,1.5810359633079951,12455.422853025368,8000,1080p
1.2484030204545788,1.6488979383791793,11581.272528038151,8000,1080p
1.527839201320495,1.048096458432982,13026.114170573357,8000,1080p
1.2296888851910035,1.4884085332869272,12344.823173699813,8000,1080p
0.7153451362682083,0.5245539202522579,27062.228835114965,15000,1440p
1.8199424174064134,1.5407234645309729,9984.4593835839,8000,1080p
1.5091155843669695,1.619481686218657,10725.07232409594,8000,1080p
1.2453215662221913,1.3612636181224411,12872.946643574402,8000,1080p
1.1319561981224415,0.9188739771872407,16361.389842985496,15000,1440p
1.3459923645881284,1.1670984723150806,13351.85800181736,8000,1080p
1.6178532136909416,1.6279789796736224,10337.697700021317,8000,1080p
1.3150154012141728,1.3464793195317206,12607.363726273426,8000,1080p
0.9170101607846867,0.6582633262321876,21300.702561523252,15000,1440p
0.9831603041717698,1.1235421362105869,15927.46624146409,15000,1440p
1.3443398020440627,0.9294739185325083,14756.895737040237,8000,1080p
1.2773631435911545,0.8967763465542251,15433.43108944509,15000,1440p
1.2351659142126343,1.1291614651344903,14191.956787839414,8000,1080p
2.0634851918959907,1.4028185820594392,9680.176403498168,8000,1080p
0.9287169250732931,0.7934163269732842,19484.22513770292,15000,1440p
0.754589358815248,0.7333208815354507,22551.381857612098,15000,1440p
1.9820034236710022,1.7642850581856468,8956.713334412125,8000,1080p
0.9906717096847162,0.8798287002948237,17938.74613498055,15000,1440p
1.1092581240709996,1.4162062091122125,13286.440659293114,8000,1080p
1.691864015937764,2.0448304764246314,8979.709759142332,8000,1080p
1.1466967866301563,1.0687827458267745,15145.448878414454,15000,1440p
0.8262139002189933,1.0812954505690593,17590.703807631457,15000,1440p
1.5064876543258834,1.6643577679534831,10582.172112281447,8000,1080p
2.159088880940117,1.483588169590004,9211.475937763082,8000,1080p
0.792608712891834,0.5614343969123565,24780.91853726307,15000,1440p
1.3405905417035238,1.041968819487004,14083.35613650078,8000,1080p
1.4061703370852843,1.1828105079812519,12960.47904871141,8000,1080p
1.3432132881162389,1.2121087233717684,13131.19514845829,8000,1080p
0.9063376345844654,1.356703759780738,14827.140185569702,8000,1080p
1.8730101297281734,1.6212173719397396,9602.818357987091,8000,1080p
1.2108157570387652,0.9872988899613286,15265.096406956687,15000,1440p
1.0367418559451627,0.9850069222292606,16596.736628325612,15000,1440p
0.8600837733714838,1.0833984529732774,17265.108754355886,15000,1440p
0.9623861067093267,1.2971868557549429,14849.899763097646,8000,1080p
0.7567789291550737,0.8881364048226661,20398.880907054685,15000,1440p
1.102055402258017,1.26658378742772,14166.122111849332,8000,1080p
1.6459726955704819,1.9738061401298757,9269.746446679763,8000,1080p
1.3711921606007298,1.7427871036287916,10775.419215356345,8000,1080p
1.0680394792185015,1.0849286509808027,15585.196793829831,15000,1440p
0.9800666012538184,1.321610411042576,14578.253951679597,8000,1080p
0.7988784322307051,1.032553921619566,18321.414891168428,15000,1440p
0.6729026584716372,1.0042385308387085,20006.921429076498,15000,1440p
1.2077049155931485,1.6554313471112785,11719.467367684958,8000,1080p
1.1398544164680497,0.973335265160993,15878.570812504218,15000,1440p
0.8604134668629831,1.0699202210221732,17382.710673594323,15000,1440p
1.2211640530814352,1.7791890710214364,11183.494279538523,8000,1080p
1.672911483113083,1.159118365409419,11848.191507411435,8000,1080p
0.7526300750506522,1.0390966642564288,18727.42715944318,15000,1440p
1.3086049964991728,0.9917064448948212,14586.908275196829,8000,1080p
0.977350783376095,1.3711595748203704,14287.538431709567,8000,1080p
1.2706701735151904,1.5859026525723252,11746.394733425224,8000,1080p
0.9665215047268332,1.2032608634771662,15464.422834154613,15000,1440p
1.0561564983911396,0.8487911877801422,17614.358779290375,15000,1440p
2.1101986932797985,2.998132922500897,6568.569647346973,4000,720p
1.1516632053504046,0.9596526922115414,15892.662977978413,15000,1440p
0.9978894190165595,0.7251794097209534,19473.645765262452,15000,1440p
1.4644309956915205,1.0010176032804692,13609.868814134306,8000,1080p
1.0513818318829167,0.7248545529045767,18890.746911489718,15000,1440p
0.7929906489877881,0.895820558655989,19868.66965835395,15000,1440p
1.2770737317874588,1.6582445662411671,11431.275450616486,8000,1080p
1.5034052862555751,1.432341633038504,11429.606475774963,8000,1080p
1.3439793273358278,1.0465969450476438,14036.126932082903,8000,1080p
1.0535013257165893,1.1145495617613108,15476.773259244837,15000,1440p
1.269971637674893,1.7429359643735698,11136.893802248196,8000,1080p
1.0526984590514967,0.7820346958040603,18288.453506821617,15000,1440p
0.936320096872047,0.9022224399288629,18250.560608940377,15000,1440p
0.7436269164691555,1.0507067729081334,18700.21847031409,15000,1440p
0.9619456012311343,1.360885732071659,14445.487934885716,8000,1080p
1.0215321429178845,1.029389334331708,16360.66147446975,15000,1440p
0.6639596016193415,0.9491305021907387,20801.33770627272,15000,1440p
1.2156284416009773,0.9377520389071243,15582.212388255071,15000,1440p
1.2782383369230108,1.3286386790200742,12871.505558102086,8000,1080p
0.6278062023731875,0.9155305024747599,21741.485117666434,15000,1440p
0.7597777170469526,1.1102762389585903,17943.02880526114,15000,1440p
1.146316967010331,1.2426909279325367,14045.341612737719,8000,1080p
1.0652086152287734,1.3691823232877058,13783.501848083657,8000,1080p
1.6355228990341857,1.9136660784431672,9454.112534703461,8000,1080p
1.0820076498697593,1.2396137083646006,14453.016587303808,8000,1080p
1.0391226835704828,1.4314304420040695,13581.748820801648,8000,1080p
0.960992664848368,0.7024126016414902,20172.13283856378,15000,1440p
1.4507541030552407,1.3960199769403565,11786.826441827057,8000,1080p
2.2942974763076327,1.91260015148121,7976.051468035438,4000,720p
1.377479886496465,0.9622970360541336,14340.868001818822,8000,1080p
0.6661421525836078,0.6896731608489008,24748.527080027197,15000,1440p
1.2107826360271539,1.4290041157260134,12711.038866194562,8000,1080p
1.4200970163738083,1.3172635711775085,12257.95101770492,8000,1080p
1.0341706891359477,1.4446022659836701,13536.7105449078,8000,1080p
1.0494019755852881,1.5401175340061797,12957.783046513394,8000,1080p
0.9463344832293606,0.9653288871765012,17552.479437253704,15000,1440p
1.5832365871351368,1.3131033078774546,11585.115427156772,8000,1080p
1.0793850140104204,1.2164105510222247,14615.601019127707,8000,1080p
1.0948625462928039,0.9337890467099923,16540.263550298925,15000,1440p
1.0072335766971816,0.6753738786794943,19941.92519044102,15000,1440p
1.268812473914851,0.9555436913322355,15085.008652952258,15000,1440p
1.6293000981514496,1.1120457829730162,12240.130744186281,8000,1080p
1.2088070217343194,1.561675691109481,12111.402769071095,8000,1080p
1.9188024442832006,2.8078417743669766,7098.996761296831,4000,720p
1.4685399797593517,0.9799298648474299,13704.24556132884,8000,1080p
0.8939955270732118,0.9182252546946461,18515.642430315238,15000,1440p
0.925794861645189,1.1625499105749986,16067.477193589633,15000,1440p
1.085777331879517,0.8691116958741116,17164.366633413225,15000,1440p
1.072960795583934,1.2380848812911176,14519.155694651441,8000,1080p
1.6638274363578764,1.3259851579519912,11222.921484731152,8000,1080p
0.6550999344649853,0.9365014166715486,21082.183661153205,15000,1440p
0.7488814186925845,0.7585280516985835,22259.666440395074,15000,1440p
1.5245506161689037,1.0949152762375316,12809.646461620621,8000,1080p
0.8945111885140485,0.7142530768094665,20857.270840269666,15000,1440p
1.1238480976285086,1.5603793192654942,12500.592084267884,8000,1080p
1.0593868020223502,1.4131723311604012,13570.729836017204,8000,1080p
1.4953733210182671,1.0690545680882078,13084.56835247233,8000,1080p
1.9819965002509634,1.3519953087075125,10064.341462939063,8000,1080p
1.6589181514950746,1.2298416809237267,11615.514596761885,8000,1080p
1.4572893819235124,1.398683340726855,11748.86291240947,8000,1080p
1.9043228336522955,1.7582853715501379,9161.348995051858,8000,1080p
1.4440347583593174,1.2132888028453048,12627.153309395659,8000,1080p
0.9537502386830863,0.8838006067648945,18260.410090486334,15000,1440p
1.3357615858999285,1.3546884690043204,12471.679947685992,8000,1080p
0.7549163734274984,1.0348219043986835,18748.233982431917,15000,1440p
1.83979023787056,1.3287354988267248,10589.919346836517,8000,1080p
0.982912919025741,1.1098348215515315,16033.67254896388,15000,1440p
1.4269608872770452,1.1686705288946848,12927.271488141057,8000,1080p
1.1285736641337252,0.8859439943385374,16656.310685033393,15000,1440p
1.3308671922535122,1.7915599374698052,10746.265839348285,8000,1080p
1.1066459265597703,0.9261579311324735,16506.47792359708,15000,1440p
1.127164834929877,0.9564119879453605,16104.245176665227,15000,1440p
1.7143400941085818,1.3485276508649844,10955.233720119244,8000,1080p
0.9093675940094739,1.292260299496027,15240.73713772475,15000,1440p
0.9489192058342694,0.8988872399659215,18159.062101046675,15000,1440p
1.0434841952217648,0.7388332673788547,18826.293690148763,15000,1440p
0.7936286597231718,0.9700201085576311,19025.575048431394,15000,1440p
1.1459770371084588,1.1245752489278278,14778.092628105087,8000,1080p
1.0981715694967031,1.3724359001499027,13581.450073410328,8000,1080p
1.2693629204262673,0.956467172592244,15075.019474867411,15000,1440p
1.0908522543282686,1.4883118383820015,13009.808912444925,8000,1080p
0.9196116741759498,0.6349258444228923,21584.8325296412,15000,1440p
0.8007021694669341,1.155041715159645,17156.864078041963,15000,1440p
0.885011261465237,0.6466742109655697,21906.86835120832,15000,1440p
1.258014905391031,1.2300680747339523,13486.058249678823,8000,1080p
1.1601319588329073,1.2612858765135189,13857.348992062516,8000,1080p
1.9577425221852487,1.7891740630556854,8955.211902013129,8000,1080p
0.8118880955563368,1.022228765080101,18294.598735849704,15000,1440p
1.0827734537993703,1.456708048776515,13213.103527615604,8000,1080p
1.3638671901287072,1.3538762878311454,12346.430879925627,8000,1080p
1.2887669395187782,1.2026633729774607,13467.9392121471,8000,1080p
1.6948715428483923,1.7666306827719043,9693.604051919132,8000,1080p
1.1703007212393894,1.275837565356653,13717.307882332823,8000,1080p
1.713717908091135,1.746804311694904,9696.34924120633,8000,1080p
1.0194169677968066,1.3188828601365803,14349.927070582624,8000,1080p
1.3000664714488492,1.4105628273120943,12378.834691758875,8000,1080p
0.9440870827918788,0.6775462970531103,20691.749699434185,15000,1440p
0.849702528635669,1.2282222037510657,16148.049771494316,15000,1440p
1.2706077153616138,0.9387241186970978,15187.592684236095,15000,1440p
1.820597868549466,1.6190987674098394,9755.055620084335,8000,1080p
2.2681978099175377,1.6437641514553123,8577.392196376195,8000,1080p
0.99168448406313,0.7048508911753515,19778.20945542221,15000,1440p
1.0966817816318022,1.576480620289952,12552.335756285327,8000,1080p
0.8468014536667586,0.8875828922412613,19346.595279855865,15000,1440p
1.276998274766019,1.535640407792174,11929.876456609449,8000,1080p
1.024494438939338,1.0129714551478992,16468.708554766767,15000,1440p
0.9031102644407014,1.0966064839969827,16779.592422884405,15000,1440p
0.8679541286410388,0.912856136802007,18842.22741250429,15000,1440p
1.1283364169968837,1.3285159803804096,13657.487945071338,8000,1080p
1.5676802186113736,1.2029218598812887,12110.880974381997,8000,1080p
1.0433508394354813,0.8808018649861238,17438.549405612986,15000,1440p
0.9594550038780166,1.1843192306201868,15652.036235921147,15000,1440p
1.5651162368511917,2.0001503810230705,9411.479027059788,8000,1080p
1.2372547889584393,1.0454697772924895,14699.290705539954,8000,1080p
0.7708438304506415,1.1270821960735702,17679.525719687972,15000,1440p
1.0384374903163713,0.946244189180047,16906.707179618803,15000,1440p
0.8569514631819549,0.910037545752374,18989.609912874712,15000,1440p
1.0451152538993738,1.1301256169987532,15425.616743834828,15000,1440p
1.7352279993745654,1.265483507872914,11182.158604370175,8000,1080p
0.6267234614551916,0.8064619425328755,23412.485158325948,15000,1440p
1.5467225515352894,2.28450876220387,8758.132634714751,8000,1080p
1.156652106641629,0.9777133697493525,15721.033895627612,15000,1440p
1.6372827539200097,1.103607521770565,12242.165364151933,8000,1080p
1.5928965078860438,1.4165491261484793,11149.705321314032,8000,1080p
1.1561816483625995,1.2292568055232598,14066.358302114277,8000,1080p
0.965450314762763,0.7405629939148627,19668.329566554727,15000,1440p
1.5657858757736103,1.4926006974485346,10971.285413618896,8000,1080p
1.0851933702259384,1.3728728212733443,13650.743871764362,8000,1080p
0.737372398265902,0.924375540240961,20192.251317097947,15000,1440p
0.9557051393110406,1.222396359557481,15405.357380007696,15000,1440p
1.053134755724941,0.7955750036658762,18150.18924931558,15000,1440p
1.0600763801980058,0.9170606733656916,16971.222070579122,15000,1440p
1.2329311782030776,1.3016745744896954,13238.521203682927,8000,1080p
1.1001988650842247,0.8803509759288868,16941.978083639584,15000,1440p
1.1692129588276654,1.4686874598805184,12720.12838772438,8000,1080p
1.2221032350278573,1.4202920738686884,12698.490603214175,8000,1080p
2.061532262070933,1.57794466658365,9219.575410910538,8000,1080p
0.8501848744807142,1.1112732421821194,17106.881719752706,15000,1440p
2.9735360559370623,2.1513488214715073,6547.353316737724,4000,720p
1.3965278631381246,1.2637078006050937,12613.33063732615,8000,1080p
0.5800248602421096,0.7819465767869307,24636.663506831344,15000,1440p
1.1610729139510978,0.9018378270231735,16265.576272172066,15000,1440p
0.8368625540601552,0.9796880928476913,18471.509207363273,15000,1440p
1.4601298184291636,2.0108382802458538,9667.168077058624,8000,1080p
0.9285586352742725,0.7020256339606359,20578.164914925976,15000,1440p
1.1433256740260094,0.9428536376491661,16084.155284358667,15000,1440p
1.6640250403494434,2.305460617733003,8453.093143611271,8000,1080p
2.0920062745368204,1.4592157576560667,9448.700108249799,8000,1080p
1.1425164797044045,0.7687378427577285,17556.23603078329,15000,1440p
1.2392948980223752,1.4595057123558486,12433.090414670356,8000,1080p
1.182643399497144,1.4749438147666605,12625.900598823859,8000,1080p
0.8755645969651418,0.9605934068029387,18274.26176349808,15000,1440p
0.7578963183724594,1.1213839042761173,17854.93807448781,15000,1440p
0.9235670324081061,0.8341023425974626,19090.297912196198,15000,1440p
1.1617277068964278,1.2112907075567165,14139.979612308458,8000,1080p
1.3811772865692278,1.1902472857939357,13048.966071426767,8000,1080p
1.9810402816479464,1.6428515383329363,9259.22562450471,8000,1080p
1.072981333992967,0.8044135433498585,17872.868625001967,15000,1440p
0.8449098048531228,1.14124122305148,16894.19964976181,15000,1440p
0.8063824417946006,0.8321120455489703,20478.818976315586,15000,1440p
1.3361107289792176,1.3543506611727332,12471.627402950735,8000,1080p
0.8532868592789619,0.8894091185050464,19254.32343205808,15000,1440p
1.513500094683602,1.6237676720056542,10695.431341969843,8000,1080p
1.6395683653441815,1.816351606443818,9709.261867727755,8000,1080p
1.9958338034188372,1.9069505159218678,8597.562471929868,8000,1080p
1.2111672737889834,1.43706995531567,12670.478169867156,8000,1080p
1.0343006542884594,1.1061929876742256,15676.025072998067,15000,1440p
0.7913376542198982,0.7534747243678321,21720.71668060785,15000,1440p
1.5081328297988672,1.2072095634601534,12357.348407810607,8000,1080p
0.843138391843022,1.2208804581412964,16256.843778464006,15000,1440p
1.3450068055000373,1.3287516506406873,12549.537495781173,8000,1080p
1.9349352713895762,1.416361285927574,10012.373249015509,8000,1080p
0.9120707746617341,1.1609601263892193,16186.1706851495,15000,1440p
1.116488427709939,1.0999449530489347,15138.930992147152,15000,1440p
1.7017042154712703,1.8660979867306426,9404.79042792548,8000,1080p
1.0717399602835387,1.0383132230320948,15902.173587527412,15000,1440p
1.4716771509490019,1.122784432735283,12933.100343829634,8000,1080p
1.0472897049465426,1.1745972918452323,15101.772524187722,15000,1440p
1.361593347263428,1.0326376832002813,14014.700992953572,8000,1080p
3.73199464376425,2.5263035715048847,5361.590458909925,4000,720p
1.7009026352312457,1.1360497702399457,11827.633038639899,8000,1080p
0.9637497742103228,0.8045926901025277,18975.075629956507,15000,1440p
1.293366504437954,1.003817442329835,14606.767580459611,8000,1080p
1.061344521824949,1.5796501797433797,12705.225035125603,8000,1080p
1.2108999473204405,1.0200040190270003,15040.733490172224,15000,1440p
1.1914582331857169,1.14896684824974,14336.896432258367,8000,1080p
1.2251999377545755,0.8287923788876064,16336.201322726462,15000,1440p
0.9470211836519061,1.1230746238124052,16209.120311731505,15000,1440p
1.873564972214762,1.9196323196128384,8845.949582504616,8000,1080p
0.9788464280642952,0.8770378986930252,18080.023370113657,15000,1440p
1.2074828095697256,1.4933067968865998,12423.934067202805,8000,1080p
1.3790942661995182,1.5642815464588393,11399.98224341416,8000,1080p
1.159326680390698,0.7729853516740133,17364.91386649726,15000,1440p
1.0790959268806009,0.9848587613026418,16257.349152144256,15000,1440p
1.2131224078607443,0.9431118185005005,15561.589548007878,15000,1440p
1.0426558934920045,1.1892173837747768,15034.201243312416,15000,1440p
0.9852081748378013,1.4230851044651391,13932.867848101972,8000,1080p
1.4073381312979518,0.9862041311456884,14018.733876770264,8000,1080p
0.8667619401326283,0.744259098682243,20828.05326036209,15000,1440p
1.3786995728507807,1.9020189902613258,10227.769116583439,8000,1080p
1.1158952533079831,1.1683735021370478,14689.353833701054,8000,1080p
1.6814591173395605,1.2228719286371286,11553.23944440916,8000,1080p
1.0343594612261164,1.2354520073752349,14782.915878328919,8000,1080p
1.8766871602882749,1.8457364377125167,9014.135849026192,8000,1080p
1.260504797075849,1.87690841782582,10694.93550949158,8000,1080p
0.9932840315712869,1.1483644854385382,15667.57184173656,15000,1440p
0.9909544143731223,0.7959853537685407,18777.59541660159,15000,1440p
1.1358469728785983,0.8822579505248231,16626.703404207707,15000,1440p
1.8573371038528697,1.9785095580906198,8747.594718241198,8000,1080p
1.7565831294842997,2.0717502069204774,8764.7623786886,8000,1080p
1.364536248804886,1.3448943210750837,12384.311439095667,8000,1080p
0.8765909377621286,0.8725198878085925,19183.708378828112,15000,1440p
1.585272615319831,1.079055085926589,12593.95831237375,8000,1080p
1.334386293171652,0.986905162078161,14455.070656514752,8000,1080p
1.4758852496279014,1.1876059438053712,12597.913626569169,8000,1080p
1.2306889384589357,1.4448398770784574,12541.233645155276,8000,1080p
1.0672921028589617,1.499073230781715,13074.69032571418,8000,1080p
0.8231334845498725,0.8357374407562183,20227.271144563958,15000,1440p
1.4274587056214552,1.4689260464358664,11584.936005537958,8000,1080p
1.0385560378262424,1.5328662305239238,13048.977763394982,8000,1080p
1.043098078051382,1.2757329323805673,14470.408515776024,8000,1080p
0.9665973199171575,0.748514429472899,19563.991682718595,15000,1440p
1.1415939012688079,1.20694758246586,14287.349077028648,8000,1080p
1.260833089794942,1.4626165424060886,12320.562716954697,8000,1080p
0.6010689236161365,0.7715254049127745,24445.99347569958,15000,1440p
1.365692120673564,1.9515428583664118,10115.18092990531,8000,1080p
0.9997740236082893,1.0878337088937433,16073.149891902563,15000,1440p
0.989083730156636,1.0274042325458734,16640.0358547294,15000,1440p
0.9755903601370705,1.1625906295892476,15692.980230029492,15000,1440p
1.3912895561202725,1.1635091887568945,13133.884642491976,8000,1080p
1.1227626770216015,1.2960948494920383,13872.016698876369,8000,1080p
1.0211132904526201,1.4975904295444227,13322.103641487214,8000,1080p
1.020260115097202,1.01681538392985,16471.864698204005,15000,1440p
1.6740515537517693,1.3795705218637555,10988.403662636074,8000,1080p
1.2528421128306069,0.9738063632022649,15069.47879792079,15000,1440p
1.0122382666926468,0.9084496925531693,17470.006951663087,15000,1440p
1.4650824926632569,1.1653434978478578,12756.272984316158,8000,1080p
1.5176136147131414,1.4192117607359196,11425.409314596818,8000,1080p
1.5911635140905804,1.6662203623432654,10301.037050854162,8000,1080p
0.9481033818242225,1.4014358147997252,14281.282069358262,8000,1080p
0.7135569169215418,0.9187197092932232,20556.829315023908,15000,1440p
1.4013537881814249,1.7807879238352222,10544.606443292323,8000,1080p
1.3035583125358898,1.4388587122138996,12235.34994757459,8000,1080p
1.189703995056681,1.6339938810567352,11883.152331503987,8000,1080p
1.0616219888109466,0.8917032070155795,17178.108423365647,15000,1440p
1.5470351464233687,2.2695764474471094,8791.681095841348,8000,1080p
0.9074100462820504,0.8382723452898667,19221.384234611876,15000,1440p
1.1531271839139847,1.0330474216046632,15348.46846875689,15000,1440p
1.055989885158855,1.396220501568076,13683.341438246873,8000,1080p
0.7424969866388225,1.0901225653115405,18309.54600712938,15000,1440p
0.9346467233462837,1.1545894218038208,16060.622001917945,15000,1440p
0.8091749840025617,0.9067904305316334,19554.25891209379,15000,1440p
1.4963546973305784,1.0821463693852555,13013.154205414916,8000,1080p
1.3663694501464287,0.921205331211294,14668.124632885118,8000,1080p
0.9256477736444456,0.67137616641289,21010.600504082202,15000,1440p
1.222690770580776,0.9951391752793535,15129.398023790665,15000,1440p
0.7898134068764934,1.1280442419345533,17495.788606000908,15000,1440p
0.937044104625313,0.9902313497352525,17410.293855027972,15000,1440p
0.915769535049408,0.6580164784550206,21320.83505131848,15000,1440p
1.3650748787214932,1.0018212177199461,14176.554708273054,8000,1080p
0.8786160462925123,0.9040976618213012,18822.109151503642,15000,1440p
1.1228686239814378,1.612778982039149,12265.626583684876,8000,1080p
0.9611329859828104,1.34587950163828,14544.538523326391,8000,1080p
1.3381780045881821,1.0650823490856498,13962.046163124103,8000,1080p
1.140638900454309,1.1360764261592111,14738.088511887097,8000,1080p
1.609403268985437,1.9370415369799163,9461.42794709768,8000,1080p
1.0700745300687813,0.725369591144819,18688.652909631877,15000,1440p
1.4637915267162682,1.3455342462831725,11943.944814977738,8000,1080p
1.056084322952227,1.2347545128035957,14647.225058470469,8000,1080p
1.0548243103951926,1.0609068399246024,15859.49707973445,15000,1440p
1.9557223524360599,1.3425252442235054,10173.412097376686,8000,1080p
1.219928169238585,1.7344124800863086,11357.671975866302,8000,1080p
0.9500495872272481,1.0022957845770242,17186.729604603952,15000,1440p
1.2519022844247356,1.0977933938721463,14280.33098495593,8000,1080p
0.8924364189044109,0.7223323801830406,20779.712872184857,15000,1440p
1.2053125211837232,1.4031276325626016,12863.792160156734,8000,1080p
0.9643128874528745,1.32888718101269,14632.143292430686,8000,1080p
1.016547792702023,1.4373386671783226,13673.995332952834,8000,1080p
0.7099943343829406,0.6082069000916243,25454.711407074963,15000,1440p
1.2524788883365212,1.4821660089429654,12270.12400527068,8000,1080p
1.093395475980994,1.4254677506193316,13321.260021445445,8000,1080p
1.1858686370244251,1.7076823374172527,11596.28162641042,8000,1080p
1.5567747775623477,1.3207014127464536,11661.063300196776,8000,1080p
1.907599169313598,1.8585357420565374,8909.51407468108,8000,1080p
1.3775839889798138,0.9783622382428689,14242.443911614988,8000,1080p
1.6814384498156434,1.2452616281142985,11464.936996117855,8000,1080p
1.6392181155429297,1.1965524555368277,11832.562317347029,8000,1080p
1.229650537745927,0.9187096395735239,15618.625011876029,15000,1440p
0.8530960895664086,0.6149744650166349,22856.14400155994,15000,1440p
1.9696953724283635,1.7044901705942666,9132.48163629643,8000,1080p
1.377547502445377,1.9235005350409604,10164.781493319568,8000,1080p
1.2370005723860704,1.11523797283432,14264.893357937963,8000,1080p
1.6268401905949363,2.2567813583386314,8639.985018420233,8000,1080p
1.6186278828770087,1.090408831615455,12386.111941744726,8000,1080p
1.2475253976806129,0.882467909114204,15753.30396248626,15000,1440p
0.8910146225452317,0.816464139370339,19651.449112231567,15000,1440p
1.126116858422211,1.100097462804966,15072.417637446279,15000,1440p
1.1310386266880432,1.0389889481639274,15462.675400467633,15000,1440p
1.1933093912147408,1.6634758183533975,11745.521465043023,8000,1080p
1.9822844321353927,1.4991235492737456,9638.178627492684,8000,1080p
0.8942205474028935,0.8010912614866377,19792.48408702995,15000,1440p
0.990884920663464,0.713974910941126,19681.63679967698,15000,1440p
0.784459881713937,0.6267443780432331,23777.161787885903,15000,1440p
1.8053858979300914,1.8529258580434211,9172.10840361276,8000,1080p
0.7263124320671012,0.8607494888622337,21142.484459807056,15000,1440p
1.6431417956744172,1.8933347079463012,9488.096970429824,8000,1080p
1.580457244578168,1.5754723046863464,10632.186643019271,8000,1080p
1.3143144633539796,1.1300517363580314,13727.252489399216,8000,1080p
1.3947348443528123,1.2680001755416992,12601.491229618978,8000,1080p
1.320991673954301,1.9489435817595995,10261.497361871867,8000,1080p
1.191665730249362,1.0864303555136117,14729.155723368904,8000,1080p
1.0577345042710569,1.5824329236845847,12709.206107425609,8000,1080p
1.0900713153438226,1.554182649503919,12689.564786917921,8000,1080p
1.014827436904693,0.8025555003667848,18463.049977995746,15000,1440p
0.8077556966761227,0.801932089373837,20845.304468849696,15000,1440p
0.8424491526339554,0.8414855814021248,19926.206949586598,15000,1440p
1.235535685138683,1.5594125696704435,12005.385767791795,8000,1080p
1.5059179653427406,1.2825776400454703,12033.166534371709,8000,1080p
1.7521023340517066,1.299460405992361,10995.819145280113,8000,1080p
1.2767353929233853,0.9506447891204632,15064.52839551189,15000,1440p
1.2316083768389896,0.893893873947514,15786.58972842009,15000,1440p
1.6784067191090744,1.4982555972553055,10562.79473809552,8000,1080p
1.0082785857905996,1.4539133779866973,13627.870001055275,8000,1080p
0.9531941504330678,1.0390743154271567,16842.324503445787,15000,1440p
1.4202197777310193,1.201980466891165,12796.28894430015,8000,1080p
1.2002983457380618,0.8846531238013262,16093.627353068758,15000,1440p
1.0777484203250451,1.212797018484102,14649.10122780403,8000,1080p
1.0386417059912776,0.7957259046338376,18292.097944623725,15000,1440p
0.8041434175551252,1.1091357437152187,17537.656124222427,15000,1440p
1.366472715664904,1.4427932115012687,11944.199257009393,8000,1080p
1.3210368126182315,1.1369744626557907,13651.048853003862,8000,1080p
1.2786113909491614,1.0507920919492044,14404.731617491108,8000,1080p
0.9378846566434907,1.3526498963714348,14649.17084784154,8000,1080p
1.0810399230420553,1.0129758580066217,16023.96328799205,15000,1440p
1.458113402576752,1.0313715373236976,13478.46354167613,8000,1080p
1.4918275564090007,1.3256269469697968,11909.484948119043,8000,1080p
1.4653095803779344,1.335633276633007,11979.691737020297,8000,1080p
2.5946723216289587,2.4292052862827274,6678.990735593941,4000,720p
1.091395464309495,1.0820077551813683,15438.659379487066,15000,1440p
1.07688141315119,1.144899562536465,15102.49316524762,15000,1440p
1.1626753852958092,1.2040568227335222,14177.53638800531,8000,1080p
1.2455109800142705,1.117519994455019,14199.74277211324,8000,1080p
1.477915185795431,1.3885031457988046,11706.048496186459,8000,1080p
0.8938072692084627,1.0235881466253791,17500.006374745484,15000,1440p
1.1957466428888621,1.0169538560478733,15164.470752423947,15000,1440p
1.379092566033315,1.9532692966516734,10069.264198385748,8000,1080p
0.7939734099084863,0.8415230834993201,20516.358265057617,15000,1440p
0.9245736258007341,0.7491714858394057,20047.516056443783,15000,1440p
0.9603706714672192,1.2769897547462365,14997.329713562534,8000,1080p
0.9906537984914383,1.2203986707334025,15175.773739898466,15000,1440p
1.4270883535660936,2.1015722346795136,9509.112922839291,8000,1080p
1.6250128865774218,1.3013079083349528,11466.422976707428,8000,1080p
1.889309738797274,1.6481912475426697,9485.349157377032,8000,1080p
1.5095707579312136,1.3226400188608036,11847.43461713904,8000,1080p
0.8774667654630528,0.9650454992868827,18211.23942670416,15000,1440p
1.1606928749897503,0.8848536408641097,16403.651415374232,15000,1440p
1.0668439529217866,1.1436355388710322,15179.707445639107,15000,1440p
1.2528349480909267,1.1621199573392818,13894.43418779801,8000,1080p
0.8197698663957922,0.7832703671161856,20931.74662652613,15000,1440p
1.20289736518385,1.169994974574693,14140.730886852785,8000,1080p
1.185271712831391,0.9789753402991486,15503.974905020292,15000,1440p
0.7049018812464448,0.6945159419951211,23977.422212813897,15000,1440p
1.3957799748831585,1.0526067534978585,13704.71078406298,8000,1080p
0.8315890248486911,1.1007157316275595,17364.979249541277,15000,1440p
1.2024426685495115,1.3685296505475477,13051.261482186832,8000,1080p
1.1759898113305949,1.5328815671768072,12386.867928180707,8000,1080p
1.6113469496461086,1.6861743676320882,10175.652792351353,8000,1080p
0.9729950012653785,0.7816661286782174,19123.02690667036,15000,1440p
1.6305843847478667,1.716772478572909,10024.15737852104,8000,1080p
1.6636108236351066,2.4770415959102867,8103.6582161812985,8000,1080p
0.9216969646066618,0.8223114322843813,19239.833970877557,15000,1440p
1.3171621647679783,1.5467627088201954,11716.240292979506,8000,1080p
1.366880141788909,1.9637033460902555,10074.64071148886,8000,1080p
1.1246785360988358,1.6357532005125037,12155.501458330162,8000,1080p
1.6503378219247522,1.3210286576369903,11292.59289650096,8000,1080p
1.6651626738498535,1.5282397372848642,10507.423644136674,8000,1080p
0.913591565679161,1.147518222693046,16279.78877656009,15000,1440p
1.6714695141055176,1.2113769224454376,11639.340748286479,8000,1080p
1.4126154597912415,1.710734093701219,10743.092127642318,8000,1080p
1.1213574411579625,1.3481408183626564,13587.550374104581,8000,1080p
1.5618592646252816,1.1965993607632026,12164.19622580868,8000,1080p
1.2507575136732358,1.8449475305724865,10839.027465607802,8000,1080p
0.9357672412347369,1.3097258268057144,14943.012952287385,8000,1080p
0.7029708555903675,0.8175479799916432,22067.75162187079,15000,1440p
1.5638720664460306,1.4810908086342114,11019.652250806428,8000,1080p
1.39072281601613,0.9869584311572717,14112.249924118156,8000,1080p
0.7532197894697484,0.941651803013205,19797.624875429894,15000,1440p
1.3385106250354049,0.9295518444868212,14794.315611186996,8000,1080p
0.8315361055254135,0.8147078989363684,20382.41713200358,15000,1440p
1.2680454081127326,1.1306799008883985,13988.442892601412,8000,1080p
1.8879542807116179,1.6800828459827273,9404.171203534237,8000,1080p
0.8552713749806226,0.7901198704344913,20392.980753665426,15000,1440p
1.833994328780116,1.9324052243169552,8908.888057935472,8000,1080p
1.2191171019464881,1.1478759630368007,14175.973937733905,8000,1080p
1.6826738906646208,1.7485394048795755,9779.174044229218,8000,1080p
0.9455873952963828,0.9255077143114488,17933.04457250854,15000,1440p
1.2429510544049365,1.076466613972875,14466.74846771681,8000,1080p
0.8772266474384368,0.6035334761230312,22660.275264096224,15000,1440p
1.534227770187934,1.5044257517666402,11042.533068533772,8000,1080p
1.0926685447154723,1.5433193154345777,12729.357561642928,8000,1080p
1.0823534925442782,0.9965478646018098,16140.463752481004,15000,1440p
0.9868710201313302,1.0935345061814252,16128.793918112115,15000,1440p
0.7385339245689587,0.6455474453519489,24243.10645978671,15000,1440p
1.542061825497009,1.9605016089285108,9579.964111486106,8000,1080p
1.058471605694265,0.8815546840471158,17295.864585666543,15000,1440p
1.1565069700074744,0.9964160215938345,15585.523556066799,15000,1440p
1.290123470184405,1.278715111399222,13062.10216576337,8000,1080p
1.4516301108091039,1.5060626726220079,11344.799631648939,8000,1080p
1.6311354780008926,1.237261141799408,11697.975017951345,8000,1080p
0.7247776140890132,0.920631641967107,20392.75753220605,15000,1440p
1.0373564988274442,1.4460277045627108,13511.575033051135,8000,1080p
1.4102984686021025,1.6545909797409952,10948.007282331106,8000,1080p
0.9612301282755518,1.0443361153491504,16730.652555936704,15000,1440p
0.9552962650043966,0.9443068129421515,17663.917472839647,15000,1440p
1.2339057490261722,1.0070853628155425,14973.032165408255,8000,1080p
0.7894429520471984,1.1613827086010415,17200.118225249404,15000,1440p
1.001997742659036,1.1133404668210043,15862.44310702818,15000,1440p
0.9642109372611521,0.843118686388257,18565.75112858825,15000,1440p
0.9027112417752872,0.8638316813861613,18994.40515147527,15000,1440p
0.8431534646874156,0.9897328443325951,18306.881247828485,15000,1440p
1.4467193481528855,1.6293319866568723,10908.280892547333,8000,1080p
1.029186376289235,0.8483223748247282,17871.784608242968,15000,1440p
1.0640055187554336,0.765578984540032,18339.91922185689,15000,1440p
0.887281993644951,1.0234082988099855,17561.418578668672,15000,1440p
1.5048208573550828,1.3159848311245412,11895.336193144654,8000,1080p
0.8297671305291251,1.0183937629289228,18155.579483784626,15000,1440p
0.9249734384900903,1.1139375262820879,16457.036417845382,15000,1440p
1.2337017019572756,0.8624090162374152,16007.948296213712,15000,1440p
1.1838022631043927,0.9128450524307279,16003.851363735921,15000,1440p
1.1228738265441682,1.339815365705552,13625.118470328483,8000,1080p
1.3362969607311268,1.289353883070658,12779.472213226645,8000,1080p
1.5843261279848109,1.8851341955030947,9671.3692826633,8000,1080p
0.7184239293850627,0.6257340702502023,24963.160587598286,15000,1440p
1.502586685105484,1.1243004167618997,12773.4579747059,8000,1080p
0.9048951230302701,0.8711919560011748,18892.334951447465,15000,1440p
0.9608164703170462,0.8278034678514145,18759.956368572966,15000,1440p
1.2018851406236897,1.533172516611091,12268.272265208649,8000,1080p
1.774513597954917,1.7021157903812885,9651.426209699617,8000,1080p
1.0013896039691434,1.0181203151723437,16615.136019863825,15000,1440p
1.6862285130162933,2.2333269477327855,8560.774898076657,8000,1080p
1.3886319869163233,1.9174043381679404,10149.44444058544,8000,1080p
1.443392823849369,0.9896971933107097,13790.871592644562,8000,1080p
2.3211640998692324,1.616880874728317,8520.581206269517,8000,1080p
1.1932727773536658,1.2742514979791983,13598.420220394215,8000,1080p
1.0713084970217053,0.998160135838567,16214.032659013272,15000,1440p
2.0489935933835492,1.9436524003483582,8404.0588754118,8000,1080p
1.3825909390070354,1.4079454851477988,12024.366250715606,8000,1080p
1.0471693743338102,1.1868563176960907,15019.716254700485,15000,1440p
0.7351970715229275,1.0833742012462535,18450.985398502355,15000,1440p
1.1820818514904534,1.6647954774701628,11786.39896375535,8000,1080p
0.883259304055914,1.0067307483815555,17753.761167539345,15000,1440p
1.2365359304176988,1.1917894303876806,13817.930884216983,8000,1080p
1.968562807834228,1.448508625273276,9819.64604980043,8000,1080p
1.181744790345234,1.1509597709065205,14384.34706107589,8000,1080p
0.8313897755193757,0.8206531479341236,20310.871784043247,15000,1440p
1.1228982504915463,1.273008777851231,14004.897353303912,8000,1080p
1.015269533779242,0.7876498911552392,18611.165610587053,15000,1440p
1.36486040965498,1.4398296437763802,11963.68631141551,8000,1080p
1.379204862703005,1.2987912198455527,12529.67926975733,8000,1080p
0.9761211742836599,1.3744057437043486,14275.280892644167,8000,1080p
1.3488645869086553,1.7964918368382166,10667.926771881912,8000,1080p
0.9269712746664687,1.1189691357225011,16400.493303527204,15000,1440p
1.2727611557134912,0.9081445379320205,15385.549268713128,15000,1440p
1.5540369496933475,1.35427622127004,11537.420500311866,8000,1080p
0.9991145209724266,1.439729427591125,13758.334976603623,8000,1080p
1.0892097270370107,1.3702874960510407,13642.801335579607,8000,1080p
1.6207068620882827,1.6331684443697765,10312.144393918095,8000,1080p
1.1664355560594508,1.016859721996536,15368.710012452817,15000,1440p
1.0120235419984744,1.1634545339185431,15423.934799184764,15000,1440p
1.4583345364997586,0.9864964561215839,13724.642767238078,8000,1080p
1.0832202922441851,1.3381909942825048,13857.386469909043,8000,1080p
1.1492042857596896,0.8047292184279153,17172.76044864744,15000,1440p
1.2778127435775732,1.71312019973863,11218.717582747426,8000,1080p
1.1644086462556458,0.8130495662564805,16968.465774744778,15000,1440p
0.8336180798893364,1.026028397806105,18043.446645613083,15000,1440p
1.8600304274197952,1.3461424100622947,10465.571789433337,8000,1080p
0.9046645960056509,1.026238621913274,17377.583551890322,15000,1440p
0.8910828334401941,1.0870875199719312,16962.35713073058,15000,1440p
0.8450151057795212,1.000052926601699,18186.01342124772,15000,1440p
0.9023750912346721,0.878204781801405,18844.66544193052,15000,1440p
0.8719039074797742,1.2432299708194359,15863.97548838908,15000,1440p
1.166443483083279,1.0818291559240285,14924.538695989948,8000,1080p
0.8434247525375752,0.9020147066096013,19224.05949066531,15000,1440p
1.3206464880773412,1.236963291072911,13119.44936774062,8000,1080p
1.9839171847598192,1.733876208221144,9025.362211721971,8000,1080p
1.0186809759750477,1.4579818133205977,13548.24409080849,8000,1080p
0.7954394740118065,1.0981272877911497,17720.226546462618,15000,1440p
0.8965717994713468,1.2179011903199015,15868.9338487661,15000,1440p
1.480517419914153,1.2263852422921797,12395.87683313687,8000,1080p
1.189992817148894,1.1344409487014055,14435.529414934943,8000,1080p
0.9754180237930027,1.4396236131811744,13893.935196098973,8000,1080p
1.7663496643095813,1.4186642014287336,10535.09762106539,8000,1080p
1.226974372549286,1.3181949199575567,13183.575685431459,8000,1080p
0.9042712211972196,0.6439567780679999,21672.797556900372,15000,1440p
1.0065142593256737,0.8909011519176195,17684.283473808853,15000,1440p
1.0153780319335923,1.120462543756373,15710.176303379067,15000,1440p
1.1900645941431638,1.32069013733585,13364.281098151729,8000,1080p
1.1689361892244567,1.1612657953604468,14399.795477805888,8000,1080p
1.3494322507151808,1.1185720205459861,13595.77549793034,8000,1080p
0.8123970941806111,0.8660824590491591,19990.968573572292,15000,1440p
0.9751611373166547,0.6659202517927116,20446.537400689416,15000,1440p
0.6532992663197776,0.9551984712152526,20860.726886331257,15000,1440p
1.96208051133332,1.488160725706519,9725.2422931413,8000,1080p
0.7676730182227365,0.8895386447798921,20247.523445016195,15000,1440p
1.2443254446446674,1.2703043958438462,13343.686398583986,8000,1080p
1.71581128015699,2.356003989276433,8240.65675373062,8000,1080p
0.7921197848116719,1.1528336585590275,17252.0489446002,15000,1440p
0.6440520357931884,0.7179063925666945,24636.898822534105,15000,1440p
0.8834642217273838,0.5932118928935279,22722.94626273819,15000,1440p
1.7641665019510555,1.6564323137528352,9809.519855398526,8000,1080p
1.7138263572958905,2.2660112210520706,8431.105877925931,8000,1080p
1.4809982766835998,1.211627574882493,12461.602112482124,8000,1080p
2.1688467540322396,1.654521815578342,8776.143703932157,8000,1080p
1.6529474293834912,1.1701498776221926,11885.68028340103,8000,1080p
0.9769371014813525,1.3920314284556587,14164.152700201626,8000,1080p
1.425219993781968,0.956022224441798,14091.14610147857,8000,1080p
0.987909302647943,0.7214895557890276,19629.375458154507,15000,1440p
1.1733221254296082,1.064716106604226,14992.787665431057,8000,1080p
1.3718840059298605,0.9667477794937398,14347.890167721393,8000,1080p
1.275707489381594,1.0678845887243429,14317.522368106947,8000,1080p
1.9481709624487846,2.276030695544547,7943.378350914177,4000,720p
0.9551759485415885,0.640544034257787,21027.76950949463,15000,1440p
1.4129074354950915,1.1590478358340695,13046.273539064854,8000,1080p
1.7649121245503359,1.182348079191353,11384.957445359263,8000,1080p
0.9298225737495543,0.7887054211370282,19525.1006092656,15000,1440p
1.2809990452107345,1.6459549201487274,11463.942513998218,8000,1080p
1.5971384685770786,1.2273453079746024,11879.845895580076,8000,1080p
1.3352363853086486,0.9550361675143519,14650.846668288737,8000,1080p
1.5482296477173312,2.0235873357245096,9394.219288264481,8000,1080p
1.2972879701555817,1.5868265196301221,11634.223301063603,8000,1080p
0.6549777514442072,0.9756237905697205,20577.946932735944,15000,1440p
0.7410333765797638,0.8170119372153025,21536.23627176064,15000,1440p
1.6128770095356761,1.4281994088627223,11033.73522513178,8000,1080p
1.4375932594569263,1.0793569318798446,13331.384989457814,8000,1080p
1.148797216795425,1.3915850310163977,13208.418547603362,8000,1080p
1.4806802421550422,2.039899543098107,9530.93923351811,8000,1080p
1.4486769631790457,1.4942925486055953,11401.556103669016,8000,1080p
1.7418381842398838,1.1777908346438535,11492.703964433425,8000,1080p
0.8876218498220853,1.0024226001086216,17753.25019537513,15000,1440p
1.2997304253430462,1.214052105734978,13348.184095149367,8000,1080p
0.9406079679979716,1.2294032920382518,15462.791653643257,15000,1440p
0.9425441254894126,1.1587031854576546,15968.816152762362,15000,1440p
0.7943324358148979,0.9236522847990439,19531.27498596666,15000,1440p
1.3470845024741718,0.9706432422835367,14477.296600471824,8000,1080p
1.134820698555283,0.7762711195553695,17557.72887624659,15000,1440p
1.2150489890228333,1.1786124833271754,14018.035711230918,8000,1080p
1.4962112855544034,1.4267634592418705,11479.54906546368,8000,1080p
1.0658851172473593,0.8520344170745326,17495.224069378724,15000,1440p
1.4366418330995834,1.6541977696514438,10856.089707836862,8000,1080p
0.7909331425719086,1.151129280223136,17277.7309349861,15000,1440p
1.2633907349241758,1.1487980804112239,13910.367126602594,8000,1080p
1.198432377352028,0.9795311808893186,15406.333073402935,15000,1440p
0.8003458351586119,1.0192236715713408,18440.86300407534,15000,1440p
1.953945007502837,1.5442449902807778,9591.940981267295,8000,1080p
1.3540749330630566,1.4823471304605997,11829.844518384438,8000,1080p
2.1132887237438527,1.6362515504537587,8948.945616321065,8000,1080p
1.8382833523983153,1.45173775559259,10198.850067709885,8000,1080p
1.4306742483447654,1.3137397895042882,12226.446715852842,8000,1080p
1.7757692878304292,1.6366744449843926,9832.962717401926,8000,1080p
0.793044265038266,1.1690700238267224,17101.16081943933,15000,1440p
1.3490835077643029,1.2806645174087565,12759.561630545131,8000,1080p
1.2296225058187804,0.92332794978109,15585.324740160277,15000,1440p
0.8291256271895039,1.169856132288977,16785.761971511987,15000,1440p
1.3791751147791365,1.0273274609097731,13943.235440084401,8000,1080p
1.5839216906313462,1.4408309197552904,11093.281442184103,8000,1080p
0.9736728660354735,1.2615188488201752,15011.880984073432,15000,1440p
0.8507921609765856,1.2322955741595218,16108.02628906438,15000,1440p
1.542837089352767,1.2545926150478732,11994.736435098077,8000,1080p
1.778815916153229,2.4795145245237245,7879.715411344592,4000,720p
0.9604946906199504,1.2560560414040802,15138.129488856754,15000,1440p
1.165551529933845,1.1269924713521782,14636.330635825241,8000,1080p
0.8312469705309247,0.8642472840575048,19790.354292969943,15000,1440p
1.077125364829352,1.4904346982658574,13068.606449482599,8000,1080p
1.9566729749289247,1.996971803365961,8486.961748362037,8000,1080p
1.3340854834948377,0.9295860268519898,14823.012900338606,8000,1080p
0.9347307567252147,1.0825287792717742,16633.671275925542,15000,1440p
1.017242525985408,1.41715829463736,13783.445895904732,8000,1080p
1.7144571477410433,2.021604392399826,8981.231074350779,8000,1080p
1.1477214067480022,0.8264764626001302,16996.488812481326,15000,1440p
1.8101674885924346,1.6923418617401882,9580.11204076113,8000,1080p
0.908518977867869,0.8323100997111407,19274.972156752185,15000,1440p
0.9265678473882754,1.2831358063465883,15185.037117210697,15000,1440p
0.8420408596583293,1.1725421144645845,16655.77066370699,15000,1440p
1.1061526793881,1.0521646747446896,15546.570079580419,15000,1440p
1.1565648972079023,0.9908081428186282,15625.804820379713,15000,1440p
2.8161322601488483,2.308124009615042,6548.156499898489,4000,720p
1.3700412597598097,1.4130763111674334,12056.419157607044,8000,1080p
1.0386925475114028,1.0212645987391593,16288.89807784313,15000,1440p
0.9323645742335195,1.2412305580492546,15437.296257081758,15000,1440p
1.071629279000899,1.2079147682937719,14719.799794972992,8000,1080p
1.2425375270367836,1.041344327220699,14691.842284858008,8000,1080p
0.9671875683184035,0.7682033880276555,19335.373321669438,15000,1440p
0.7317557867137892,0.947990452255967,19975.893513879837,15000,1440p
1.0781088489455013,0.9405438029991711,16622.19201885737,15000,1440p
1.0215649760132028,1.1491553478737058,15457.740746591056,15000,1440p
1.0467528169935787,1.1863720842400478,15025.774859912137,15000,1440p
1.7663106345324862,1.2736309054253458,11037.854366260426,8000,1080p
1.3354240689097217,1.1691082159126167,13397.484314074323,8000,1080p
1.494048246661563,2.032152556405029,9515.746230566077,8000,1080p
0.8761838644828619,1.2131958313989322,16059.51855765441,15000,1440p
0.8530911184664404,1.1595593242518438,16671.763406009744,15000,1440p
1.5828053449834176,1.2043839130226808,12038.806444024613,8000,1080p
1.234191285860938,1.109338035435179,14317.905773605735,8000,1080p
0.8335213427928417,0.6184050367060766,23110.28470436644,15000,1440p
0.8294351271309629,1.2165985018300787,16399.74608679265,15000,1440p
1.0684880545726887,0.7172866864644496,18789.84579013159,15000,1440p
0.9971215436122792,1.422157613781883,13869.599090061987,8000,1080p
1.1928981708585982,0.9476726436585998,15675.459915848729,15000,1440p
0.8492406853391468,1.130492322442938,16948.96830436311,15000,1440p
1.418244704962812,1.7901080050752871,10458.461095944012,8000,1080p
0.7851957097123353,1.0213722544139885,18573.57855685617,15000,1440p
2.1257640964826496,1.4276024272310273,9442.99772513525,8000,1080p
1.409337991676908,1.736850314480955,10665.106069565429,8000,1080p
0.9633539067978175,0.9715643768573402,17341.524075432266,15000,1440p
1.0352485492615708,1.1892360375878221,15084.137781113688,15000,1440p
1.339747187066986,1.2076628267020646,13171.97931178505,8000,1080p
1.0974885914277375,0.7359942540109905,18300.92497645969,15000,1440p
1.7361607441135372,1.2526451088748345,11226.701783406388,8000,1080p
1.335245396657707,1.852811048703774,10525.043259136963,8000,1080p
1.9374636539722607,1.4382101582943558,9940.069410163085,8000,1080p
0.8604760880164366,0.5815812724818281,23268.444736765643,15000,1440p
1.2389243360589262,1.1728777090121023,13912.597872024697,8000,1080p
1.0346223573007707,0.8006866013327338,18282.715747752492,15000,1440p
0.8894009927202758,0.8266238520017245,19553.581699707785,15000,1440p
1.0721281605756952,1.001449208479551,16181.905001831648,15000,1440p
1.1538431156560396,1.0573453613190242,15174.840294891063,15000,1440p
1.5186787205031742,1.6022865049151946,10751.299542436265,8000,1080p
1.3226406351238609,1.0416014142624528,14192.469002363665,8000,1080p
2.397623190009513,1.6433802612795092,8303.490062424127,8000,1080p
1.2890738969084752,1.6625616795079492,11368.080893217304,8000,1080p
0.9657402561908529,1.065169190089435,16521.874996178,15000,1440p
1.0544158513273312,0.8856944234346067,17295.11586866747,15000,1440p
1.0042968019060339,0.997799447596589,16759.649796225265,15000,1440p
0.7929901725445873,1.1435961692080765,17326.587137670464,15000,1440p
1.9319765398448434,1.9559561835767785,8630.404481502967,8000,1080p
0.98547597556076,0.8020230215462683,18771.720741833175,15000,1440p
1.135239222879371,1.254293262910877,14042.2581402584,8000,1080p
1.7873661227445674,2.5128076387628773,7803.0409608930195,4000,720p
1.585744591122384,1.1077357712374134,12457.648650017434,8000,1080p
1.2988382758758834,0.875379071873652,15432.878426221347,15000,1440p
1.4192779239381024,1.0565167490325453,13552.99466725923,8000,1080p
1.133731801922068,0.8194543186968593,17179.331578174046,15000,1440p
1.2659570546981835,0.9643043929727089,15045.066592995894,15000,1440p
1.055798476437177,0.9908636895840837,16394.70966780525,15000,1440p
1.6363688199248978,1.5604140854249362,10496.312384505833,8000,1080p
0.9669768874537356,0.9067250533573047,17908.0948090793,15000,1440p
0.7301911709297102,1.0147612398427026,19229.425279940413,15000,1440p
1.2398412739042242,0.842053494158707,16117.256508224109,15000,1440p
1.4236119079393987,1.1501884381816116,13036.921084640493,8000,1080p
1.19668819214134,1.3384737023402595,13235.617051928491,8000,1080p
1.2470871453641936,0.9018842825913498,15614.182470505211,15000,1440p
1.4159149622548022,1.2702057729832832,12491.781013345213,8000,1080p
1.4151460616615605,0.9795889341714925,14011.751637816385,8000,1080p
0.9999616616478073,0.7301125089417211,19394.793917168427,15000,1440p
1.0745873774248569,0.9293140857716145,16744.551873561948,15000,1440p
1.5567465598812145,1.836374927222402,9888.95685802344,8000,1080p
0.8018629249429612,1.0668926723650194,17955.495115753256,15000,1440p
1.7632910076909083,1.2723124301803386,11053.628277457232,8000,1080p
0.9328752414341144,0.7860526126812644,19520.55865501598,15000,1440p
1.3844879494487954,1.0195056680063315,13957.787473462928,8000,1080p
1.5341326640820778,1.588693756284084,10744.891800955633,8000,1080p
0.7250676552853792,0.9838814769687205,19634.541114598178,15000,1440p
1.0339600937303415,1.4584742376346573,13462.51396786999,8000,1080p
1.4578562809176707,1.3205489228315652,12076.867677443512,8000,1080p
1.2049854450715223,1.2936927132956397,13428.873137438066,8000,1080p
1.098159864026419,1.6385708102228522,12260.772430302997,8000,1080p
0.905269551621487,1.102811328277477,16709.70145469852,15000,1440p
1.3264916450324231,1.4555957440846437,12060.883540631323,8000,1080p
0.8168361429252892,1.0135406595008742,18331.980582098513,15000,1440p
1.265376937344044,1.1412102394174344,13942.745280124811,8000,1080p
1.638519436747309,1.7937341518689047,9776.210042081471,8000,1080p
1.4805121797106084,1.0183665230680539,13427.795419877199,8000,1080p
1.5532840686496918,1.5624764170678094,10769.259111479181,8000,1080p
0.9069317529910009,1.1757993926217756,16110.784183873955,15000,1440p
1.2134105796760883,1.2669815657950376,13527.87383288003,8000,1080p
0.829719526170372,0.5622125165321068,24106.372272925793,15000,1440p
1.8487251902264825,1.4018258705708244,10322.690329242098,8000,1080p
1.1047714706414542,1.1773153555222837,14703.398492688417,8000,1080p
1.0073378176701648,1.04361153986559,16360.43907018559,15000,1440p
0.814562019553276,0.726485386303458,21773.78312469606,15000,1440p
1.591722436382064,1.5765067024597095,10590.910735789355,8000,1080p
0.8175179074638765,1.1051522012550805,17451.996495829833,15000,1440p
1.1269057689847792,1.1978603629042142,14433.465603155222,8000,1080p
1.3240507313711107,0.9583462366779918,14701.400531863186,8000,1080p
0.9777950356337946,1.1405966634552516,15839.578683408325,15000,1440p
1.7304194269274982,1.4963850678497859,10398.656644463348,8000,1080p
1.2275168504157328,1.230195468286574,13652.709369059528,8000,1080p
1.6511690774825154,1.959377926187682,9293.44832400498,8000,1080p
2.275591304415841,1.6329415711987725,8584.917427545903,8000,1080p
0.9170483647975034,1.2447250514763593,15521.715526429241,15000,1440p
4.010322220984075,2.761956402160097,4954.673879678869,4000,720p
0.832920872220286,0.6069912363477369,23303.111210981846,15000,1440p
1.892842817179614,1.555688511125511,9730.064426148405,8000,1080p
1.1457979190122438,1.047424409987413,15299.147540278964,15000,1440p
1.0798589161565837,1.069077630727528,15614.435916524775,15000,1440p
1.1723622436665853,1.3822578030356762,13134.803370589356,8000,1080p
1.4935845578460947,1.841105492751111,10062.234117977705,8000,1080p
0.8773803973272938,0.794557799911674,20069.182016064744,15000,1440p
1.123362846369649,1.4244084350934056,13170.111557553708,8000,1080p
1.0759849710843339,0.8839583126866986,17120.103565160076,15000,1440p
0.9921863791299746,1.1995464384383423,15309.544909414624,15000,1440p
1.2847763724836108,1.7445591232710085,11076.499135544396,8000,1080p
0.7068194797471228,1.0299826529200637,19319.66305710994,15000,1440p
1.4743174742093272,1.0734847293992364,13169.951714648567,8000,1080p
0.844152805267146,0.8783386922874589,19480.172789030727,15000,1440p
0.8521754670496233,1.0958182755881123,17225.123092317885,15000,1440p
1.0792909867860063,0.9004911813726331,16948.547441059327,15000,1440p
1.122990685397814,1.0584368034468408,15381.86906124089,15000,1440p
1.23440872008715,1.274767159313579,13372.69032253485,8000,1080p
0.7946469334624894,1.1201154780994003,17524.07076584992,15000,1440p
1.483911847678096,1.1100799474539869,12935.442611256005,8000,1080p
0.9346138112723508,0.7246133489347519,20222.9283637159,15000,1440p
1.3442935392810358,1.7298423493271606,10915.077672507068,8000,1080p
1.1532149761316792,1.2392071568968732,14025.297432574598,8000,1080p
0.9648732783274184,0.7291894865649401,19807.07722014778,15000,1440p
1.0467544420189765,0.9390750710938138,16896.934897197385,15000,1440p
0.7443333983799751,1.0308799363430288,18901.633591680788,15000,1440p
0.9542575971586086,1.3614109874662232,14490.170235407953,8000,1080p
1.67774445977415,1.9951689965734425,9135.644604424493,8000,1080p
1.1144138380624513,1.2287867336072429,14319.914567146987,8000,1080p
1.1323102783325845,0.8843075516483729,16638.96426043047,15000,1440p
0.8130559322883912,0.988255203529703,18627.782470661692,15000,1440p
1.1898120915036197,1.3104366056889054,13420.437749923654,8000,1080p
1.7782195269292134,1.6830044325187765,9694.383372219405,8000,1080p
1.0021537999807921,0.9006351494971332,17634.34247881587,15000,1440p
1.5480013001681665,1.32776160540485,11668.010577288545,8000,1080p
1.2797005285948209,1.3374112976241381,12821.168611842377,8000,1080p
1.2964571526432538,1.6200501488173749,11505.005313443055,8000,1080p
1.0202827911841317,1.1309949256029481,15597.443202318545,15000,1440p
1.1535913969814349,1.1234654023229869,14735.878354132386,8000,1080p
1.1432161697476,0.9011377125689284,16413.22096445372,15000,1440p
0.8194870218524197,0.9884226454197844,18559.794555790682,15000,1440p
1.2179550165322661,1.1235383688663951,14330.35523791883,8000,1080p
1.02486951882618,1.1229317492214879,15622.689351748393,15000,1440p
1.1563075925544313,0.8352491150177512,16848.343746588416,15000,1440p
1.1842047664287565,1.443144404688694,12771.21151952894,8000,1080p
1.255310256603201,1.768783564929925,11095.698076916442,8000,1080p
1.0535525095598544,1.2411798242120866,14622.372947892041,8000,1080p
0.8852053607492937,0.7612567421208597,20379.71717752087,15000,1440p
1.7688102655727598,1.4537822963040983,10412.247702966735,8000,1080p
0.9481776586765676,1.3133832499302598,14836.846477272322,8000,1080p
1.4253144547220817,0.9916472060091157,13882.897914834472,8000,1080p
1.4757204408766018,1.1486574120657043,12785.671073386267,8000,1080p
1.4582403735617915,1.0932780249666834,13150.770152922154,8000,1080p
0.8356659339164862,0.9913700097619784,18365.501848005875,15000,1440p
1.2229146553278483,1.577031523027788,11983.95607007917,8000,1080p
1.196278736435254,1.2442961392678948,13748.577162719788,8000,1080p
1.0004794529161467,1.1874402630597825,15336.226350075616,15000,1440p
1.0696131256575045,1.4211405653592062,13471.597822385755,8000,1080p
1.0345724901233793,1.093166459297054,15769.994720987632,15000,1440p
1.0701557599012819,1.3411643700725555,13915.378378383986,8000,1080p
0.7975578167188132,0.8733010783913461,20082.145834216455,15000,1440p
0.9664329146596182,0.6838008520399972,20333.138660171266,15000,1440p
1.3153378381733871,1.2656335793680311,13000.698795790338,8000,1080p
0.6702003010296969,0.9875901864761645,20240.45393726592,15000,1440p
0.9922105837499379,1.318165746454894,14523.36208665415,8000,1080p
1.6638722150146725,1.3164162651199856,11258.786598565757,8000,1080p
0.8230484355840728,0.6237762579715738,23191.774476518123,15000,1440p
1.3245599598711684,0.9353088060129358,14847.95599928249,8000,1080p
1.523708894416671,1.7373013794549625,10289.58181114913,8000,1080p
1.3362981678558676,1.5024463496679927,11820.16620124321,8000,1080p
0.8086538459318009,1.0787139050390981,17778.428174762943,15000,1440p
0.8875767195847608,0.7670535375720118,20279.111816592864,15000,1440p
1.4870017377107905,1.3780098276935293,11711.796351951092,8000,1080p
1.0504082202382883,1.2341774596948711,14687.316083055246,8000,1080p
1.1844503414341883,0.8491249399270402,16500.216297642757,15000,1440p
1.2275182814089742,1.2602949421007574,13487.520559386054,8000,1080p
1.254801697150624,1.4265074344252806,12514.197488403292,8000,1080p
1.0553770924405228,1.4280835283401325,13511.15927477539,8000,1080p
1.2428936470791223,1.0092245889158535,14899.0543496824,8000,1080p
1.147264431211839,1.3977281444713818,13184.49111427843,8000,1080p
0.7122432988928664,0.7940265642076532,22276.507564807314,15000,1440p
0.8960036096778601,1.1381593838667556,16495.449040457654,15000,1440p
1.094777475366444,1.062328654957705,15555.299541500892,15000,1440p
0.9115412800142273,1.0767164122027455,16876.29935060666,15000,1440p
0.8333594657569688,1.2356122035817183,16217.927242437847,15000,1440p
1.1751599339770156,1.033799871760035,15190.150546358216,15000,1440p
1.0356344541986597,0.7286957217389276,19018.22711963125,15000,1440p
0.9816460554147661,1.3945835872760024,14120.870894449412,8000,1080p
1.154391737085176,1.0199140146428611,15432.250948760311,15000,1440p
1.375088731408426,1.2016024684852427,13022.294639491407,8000,1080p
1.757870099406275,1.2169783413528454,11279.37529195188,8000,1080p
1.462579619676416,0.9985596811352628,13633.698827585182,8000,1080p
0.9341932194966702,0.8767099672964878,18529.114225824487,15000,1440p
1.0993119490144225,1.4659876751472425,13080.121980279604,8000,1080p
1.3918008032644795,1.041496388014686,13789.697419722372,8000,1080p
1.1227519172290097,1.1439842474217286,14802.972010273685,8000,1080p
2.065916788208187,1.598340815128211,9157.22518238015,8000,1080p
2.0933279250845365,1.9185033849334774,8363.86911787907,8000,1080p
1.9305431438545186,1.6044392995439836,9492.10711432588,8000,1080p
1.1897769506325393,1.7650352058742735,11355.859602144097,8000,1080p
0.7066881268440093,1.05680313526017,19027.27431717649,15000,1440p
0.7984154261030291,0.8404359360525003,20474.359526947526,15000,1440p
1.0413739827426447,0.8841876289926232,17425.78985554328,15000,1440p
1.619883796386025,1.194296089448019,11923.342984897856,8000,1080p
1.0077290509584202,1.373823196214001,14089.31172508965,8000,1080p
1.1004362526718237,1.0175994646164646,15842.240867854482,15000,1440p
1.226094106459054,1.4146454168797458,12706.452758193924,8000,1080p
0.7338212896495739,0.9667720839468292,19731.01419832027,15000,1440p
1.273850821211793,1.844715706988567,10759.569082966897,8000,1080p
1.536996948159743,1.0508529225366692,12966.143198627755,8000,1080p
1.1095435969351801,1.5197951393622613,12761.547813063591,8000,1080p
2.1965412318058117,1.8991646491180152,8192.588280394652,8000,1080p
1.0229563768578762,1.0724617961180845,16013.23899579683,15000,1440p
0.7045039477971028,0.9244255539525509,20599.06948947684,15000,1440p
0.7662352258168064,0.9890506924920279,19116.220126877506,15000,1440p
1.1417501638036294,1.687506723097401,11859.803948998484,8000,1080p
1.0820677755855015,1.0756039959133874,15551.221665513307,15000,1440p
0.7990221852141991,1.0608354936504258,18041.397673226133,15000,1440p
1.3737803416113628,1.920260443940708,10186.40453608603,8000,1080p
1.165713910517517,0.9621039932557947,15769.40956295983,15000,1440p
1.6970958215375125,1.5492908671627694,10335.931981483634,8000,1080p
2.005751344691157,1.566726483505687,9392.481525052908,8000,1080p
1.7132499112215265,2.2838658263352922,8394.661101434525,8000,1080p
1.399625719522862,1.031169731546619,13803.889580769539,8000,1080p
1.334368728677029,1.2895938627732466,12787.694500421334,8000,1080p
1.0141916821430133,1.360131489548918,14132.209296550509,8000,1080p
0.9443215234385873,0.7648645916082701,19631.818737937792,15000,1440p
1.273040755517438,0.8868154453159347,15535.493514361347,15000,1440p
0.866181376126844,1.0658970210381353,17367.01370360325,15000,1440p
1.3636374664645083,1.5241920605873027,11619.256498930448,8000,1080p
1.0443357869747711,0.931202107890605,16984.959937853575,15000,1440p
0.9128092359065929,0.7924865175438696,19676.60561641968,15000,1440p
1.2594915874554136,1.4369471894259285,12443.980663565637,8000,1080p
1.4256809730373263,1.5879038303692956,11134.391161672085,8000,1080p
0.723822817837983,0.749127731093488,22780.419902312093,15000,1440p
1.7167833270031503,1.478886982763183,10499.96675109251,8000,1080p
1.0861808972515647,1.5859590305587106,12557.138812523443,8000,1080p
0.9522006963833536,0.8376834285457382,18746.706299397618,15000,1440p
1.443985539380918,1.3714867208879682,11917.869862726136,8000,1080p
1.2642451548923834,1.7134962980255668,11268.416862424145,8000,1080p
1.3126679635123664,1.3118660573670662,12784.910286191121,8000,1080p
1.9730545910958397,1.4591248885833323,9776.42113376208,8000,1080p
1.8441369686224975,1.7394244837726185,9363.431448224082,8000,1080p
1.2016472554008581,0.9600182692114778,15522.490236327154,15000,1440p
1.3528908373185546,1.8157081111693982,10589.674662365236,8000,1080p
0.9811196808109269,1.269980045869986,14905.795421810848,8000,1080p
0.7739839567600842,0.6996521029135431,22769.822833618397,15000,1440p
1.3815209983719934,1.0052093957190984,14058.744164431737,8000,1080p
0.6880208822253893,0.6476525789565188,25121.732949839716,15000,1440p
0.9980816898755261,0.6914298226580043,19860.434066935115,15000,1440p
0.9231984160581614,0.8019813243828597,19449.818018047335,15000,1440p
1.2356184136990929,1.5537756601537462,12029.290631442791,8000,1080p
1.4716565815834157,0.9860101366692839,13652.96268643611,8000,1080p
1.1170152513624858,1.6630712495967965,12069.56401839363,8000,1080p
1.3563191762714881,1.3161271060875834,12555.699331168673,8000,1080p
1.2379350678038352,0.9163054542444371,15575.991471971816,15000,1440p
1.464800833907987,1.153511104797536,12815.291984112902,8000,1080p
1.4008873605854537,1.452051522685345,11761.356752771013,8000,1080p
1.2543418426677067,1.4944326812234772,12207.051436325202,8000,1080p
1.0806916369875672,1.1783095707835998,14853.658282505445,8000,1080p
0.8368240339926651,0.8233384190598252,20211.53528578151,15000,1440p
0.7703489253358599,0.81086818831983,21220.635490355868,15000,1440p
0.863303096245762,0.9511611900435872,18492.748660608875,15000,1440p
2.2305131403134175,2.2713393742827876,7453.472074264449,4000,720p
1.222490697526501,0.9377399071485035,15532.800955316568,15000,1440p
1.230681652839807,0.8363011043093038,16233.53261363438,15000,1440p
1.6929506084048767,1.3951913594060914,10865.573004658554,8000,1080p
0.95430702063137,1.3007199485939327,14879.836231638226,8000,1080p
0.8857744569336382,1.2401602368906541,15783.378528735399,15000,1440p
1.7726775324700232,1.2005164205435908,11285.651905079856,8000,1080p
1.314702116399108,1.2074464397122384,13303.907860104122,8000,1080p
1.105729651018575,0.7688494131247972,17899.71553711627,15000,1440p
2.5448095044772825,1.7118688552194459,7882.773647570268,4000,720p
0.856024653193129,0.9158518191049425,18937.229837744213,15000,1440p
0.6659555439280354,0.9456841167289338,20820.05849019741,15000,1440p
1.0293297689545668,1.1279678991101303,15553.918449326255,15000,1440p
1.1490015188915146,1.13588046914192,14685.411402310463,8000,1080p
1.4130305659738027,1.696288744231537,10791.568395651222,8000,1080p
0.6845086434593781,1.0025226628255341,19889.63208625436,15000,1440p
1.3361136402474196,1.0805001761659603,13884.89620149563,8000,1080p
1.0629831869291788,1.5535866420537898,12823.824393420538,8000,1080p
1.0886094848144472,1.1911042175590714,14718.704355316582,8000,1080p
1.1169602345071339,1.1148186943503076,15034.836813867661,15000,1440p
1.5570193480296193,1.3417714663197517,11575.320245221365,8000,1080p
1.3364388692663367,1.0940384906170546,13805.696178799159,8000,1080p
1.4384986163379048,1.2676363061601346,12399.393585677475,8000,1080p
0.9860888422666945,1.2439400246957442,15046.635717189203,15000,1440p
1.0838933691360049,1.4780389796905318,13097.313836319378,8000,1080p
1.4386512995600251,0.97404590228433,13907.436032316757,8000,1080p
0.7890686517332143,1.0517363988377428,18228.129040385087,15000,1440p
1.218657695411909,1.2350978423718748,13674.724919951132,8000,1080p
1.2356632797336269,1.5364124659668248,12104.442691381588,8000,1080p
1.1579182030338104,1.1482933814391958,14549.589563208938,8000,1080p
1.3521476257056053,1.5529425649643736,11550.220405467548,8000,1080p
1.6624352764701136,1.430519272219679,10848.666371193201,8000,1080p
0.9902845683453879,1.4482777555059183,13759.923899343412,8000,1080p
1.9435879949365276,1.3651434537341582,10141.17722170556,8000,1080p
1.1265947206032791,1.007640073485085,15721.99651741351,15000,1440p
1.4362890053604422,1.1270727758560932,13090.010253673805,8000,1080p
0.7301990881362996,1.0465939202231789,18884.828926122897,15000,1440p
1.2227690926086798,1.0431138325632738,14808.546208296979,8000,1080p
0.8467301853130181,0.9970236296445331,18198.97631006259,15000,1440p
1.3259195155527455,1.3403432050104291,12584.8183456252,8000,1080p
0.8815267399933584,1.2389261221040628,15824.1819942227,15000,1440p
0.995403250608403,1.1218849111462665,15847.834322273964,15000,1440p
0.704492350945095,0.682233348376088,24196.87759188804,15000,1440p
1.6245509104073037,1.09370467861744,12344.104849992662,8000,1080p
1.0375554102390787,1.0267892219657255,16254.278222993464,15000,1440p
1.4817920657587382,1.5041348225866937,11237.526320878289,8000,1080p
1.0341230282519545,1.1664800204698926,15247.834914838033,15000,1440p
1.2511274290828571,1.1776974346312854,13815.089140963746,8000,1080p
0.7570951176469504,1.0875854408967425,18189.833380414646,15000,1440p
2.9889535135276946,2.4165804874335564,6207.422244320933,4000,720p
1.4140882172441724,1.3175606852977277,12283.581527910253,8000,1080p
0.699563539747501,0.8757292021918429,21300.442201422902,15000,1440p
1.152014643165642,1.1095375417228048,14836.903708969732,8000,1080p
1.3556393399324533,1.8981190824857808,10312.514834786634,8000,1080p
1.7765996766212222,1.9367658337679354,9036.124212960529,8000,1080p
0.9649595298254194,0.8155902390985874,18844.984052468848,15000,1440p
1.707927597379968,1.6930472884044052,9866.121664189026,8000,1080p
1.2329758952292258,0.9938215646167963,15068.470574921625,15000,1440p
0.8620555288514373,0.808187794517133,20089.54715192452,15000,1440p
1.7377939335432553,1.5571411098939498,10183.639907206407,8000,1080p
0.8073824207394799,1.0524950517219867,18041.205669098286,15000,1440p
1.5036644860143298,1.257861064887381,12150.686778561072,8000,1080p
1.30125218889227,1.4238028206396283,12313.304459040583,8000,1080p
1.210396399765813,1.501890429294747,12371.269749380477,8000,1080p
1.0106324377233473,0.8118588147326338,18411.299343567327,15000,1440p
0.9815939261270411,0.8293450374654888,18528.748165777448,15000,1440p
1.3323238574624525,1.834136252007642,10596.827637160828,8000,1080p
1.1561900202920818,0.8441127768817722,16774.67633770631,15000,1440p
1.2875457662401066,1.1279751383454437,13891.178476783745,8000,1080p
1.1980284810623416,0.9452572332851823,15655.60381211933,15000,1440p
1.2467867555361496,1.1403958726057326,14056.0808395786,8000,1080p
1.620640193427421,2.180179497148576,8828.209368415204,8000,1080p
1.228159182473518,1.3407854992066126,13061.5626873113,8000,1080p
1.0306043222532741,1.041896885396464,16190.307574320528,15000,1440p
1.545264944577033,1.1680054540697973,12366.785122756051,8000,1080p
0.9512544808380649,1.131404735670423,16111.340604370665,15000,1440p
0.6523481145749535,0.9744629971334562,20625.8930483715,15000,1440p
0.8784029249730055,0.7633866839407327,20437.717365138345,15000,1440p
1.2207229395571075,1.5796155250244661,11982.277294117624,8000,1080p
1.2115528153359716,1.5201113326755429,12283.512973007897,8000,1080p
0.8378789059668169,1.2076797112243374,16403.55437287593,15000,1440p
0.8482589119250122,1.0223348220455986,17937.85117026762,15000,1440p
1.3467410788933842,1.3223502792220223,12571.4812638306,8000,1080p
1.2756934223512681,1.324859612605736,12902.806268111648,8000,1080p
1.2562919451089705,1.6398544643684516,11585.889404691572,8000,1080p
1.8650952380267956,1.7350375839040069,9320.331682097296,8000,1080p
1.4804572657663464,1.928522022290782,9842.955666393504,8000,1080p
1.1364751397378219,1.6038947212630978,12244.49023379065,8000,1080p
0.5692337092506846,0.8428575230037719,23762.22671280884,15000,1440p
1.7274564776110966,1.9235158703776465,9190.546737086232,8000,1080p
1.4037567953909234,0.9683045366736778,14145.68482965607,8000,1080p
1.3197606242984619,1.1847039528922516,13397.846512023098,8000,1080p
0.9228908696431769,1.328557742445315,14903.485613590883,8000,1080p
1.0949650671973032,1.1603881257874862,14877.683949622651,8000,1080p
1.264210434383791,1.3650027414149704,12762.157252542323,8000,1080p
0.8410742053465603,1.2222171452083794,16262.575806841458,15000,1440p
2.1585776191885278,1.6848516142121408,8730.336884676037,8000,1080p
1.1399694775410696,1.163365094520766,14567.762932487774,8000,1080p
1.2177269643578827,1.071794710568549,14655.651600711833,8000,1080p
1.263531429031259,1.6832792369147196,11386.6942276824,8000,1080p
1.0678650603559343,1.4362058777000626,13399.952649124847,8000,1080p
1.1413728508831849,0.9507108068167494,16038.762062168302,15000,1440p
1.7339917486346288,1.738155768712373,9663.884334510727,8000,1080p
0.9429377260028934,1.0397391512457883,16923.802554535647,15000,1440p
1.3758472862291917,1.1171354279154198,13459.55261126355,8000,1080p
1.239596601290391,1.0741201286120696,14502.394163616802,8000,1080p
1.367951066350903,0.9993045363660091,14174.401767806314,8000,1080p
1.2134488541897874,1.1281797928263577,14329.527460623285,8000,1080p
0.782884253081969,1.137687481318443,17471.06416229511,15000,1440p
1.2278435863480057,1.1771955452429799,13951.719770065869,8000,1080p
1.3891544405175091,1.107379057122555,13440.409284200876,8000,1080p
0.8329328500800942,0.9984925664621415,18321.484291373097,15000,1440p
1.384748517178524,1.583942069914949,11302.771715543387,8000,1080p
0.7926563826598678,1.0863265684941732,17857.76288145212,15000,1440p
1.05382031603812,1.318843891940479,14142.090518820964,8000,1080p
1.5204551109167823,1.088583887838708,12860.839571967088,8000,1080p
1.2217443289930638,1.1385213328202692,14216.379343595148,8000,1080p
2.0225833053935,1.5867916940720774,9296.466010034492,8000,1080p
1.3666028994458552,0.9190535150257044,14680.435689087477,8000,1080p
1.0494340041263002,1.3470756476255616,14001.37569880911,8000,1080p
1.758887749247055,2.1148312233630664,8662.071832585973,8000,1080p
1.45649223856852,2.0738685121897102,9504.53349357948,8000,1080p
1.5842605827456309,1.1729587178819632,12169.66383209431,8000,1080p
1.1162998530409443,1.6388804539752853,12178.670090865435,8000,1080p
1.0404489031238802,0.7086827735140839,19183.47969347599,15000,1440p
0.9120595099304866,0.9661721236948971,17864.906223112037,15000,1440p
1.152786363820821,1.2358580384470579,14047.478966790544,8000,1080p
1.8876115606545067,1.469884800183659,9993.884845678125,8000,1080p
0.7001659374543265,0.9801367776649179,19969.277974783712,15000,1440p
0.8811785594427846,1.0753373845439804,17150.093820153903,15000,1440p
1.1132732046856346,0.8260924558866507,17301.756281535098,15000,1440p
0.9593980301419073,1.118653489567691,16147.064537018377,15000,1440p
1.4348496729218436,0.9754187349217027,13921.450362460238,8000,1080p
1.7638044102760968,1.2138732268915915,11268.658360183124,8000,1080p
1.2497213451184335,1.2889941356801335,13217.090396220874,8000,1080p
1.588680393838562,1.2785932814443621,11702.556435143591,8000,1080p
1.934545711282048,1.5691073758789058,9576.984697189157,8000,1080p
1.0287132099086045,1.3918122692769188,13862.457672327684,8000,1080p
0.6825517169095728,0.6259848425404914,25642.716481763295,15000,1440p
1.4797878983050665,1.0757952430793456,13129.853400826112,8000,1080p
1.6785019208968628,1.2134972689135959,11602.503941987326,8000,1080p
1.293095142314162,1.6908427146291092,11245.017024038487,8000,1080p
1.3039622617457334,0.9418833809316198,14940.667053145538,8000,1080p
0.7604188213437346,1.071680671375644,18314.743349552093,15000,1440p
1.3942780293039243,1.453430797955254,11782.957470513229,8000,1080p
1.6313172224972794,1.1151328668442098,12217.382769932397,8000,1080p
1.4979079821646113,1.8797700975517617,9934.171110474093,8000,1080p
1.0089986199471657,1.4405510706745432,13698.204257078656,8000,1080p
0.9233259672281988,1.3238544970245176,14931.792320986682,8000,1080p
0.7939498831200023,1.0359373735390525,18336.884897085154,15000,1440p
1.1049553216892145,1.257511934325099,14203.13103370128,8000,1080p
0.6121384957876754,0.7036185058701461,25501.997677171577,15000,1440p
0.8805513428120635,1.046363380246605,17413.553178283735,15000,1440p
0.9580174486457057,1.2760921993614507,15019.151826290541,15000,1440p
1.4083451304788523,0.9968416578736061,13950.86326038928,8000,1080p
1.080755796689931,1.145252486580257,15073.812731148422,15000,1440p
1.300102247890383,1.826976190675017,10730.281526098737,8000,1080p
1.5055063835725082,1.3041780580103068,11942.420117861122,8000,1080p
1.3957978927154233,1.2091242764349146,12881.16489520477,8000,1080p
1.5274155941620873,1.549835676737399,10904.027343269885,8000,1080p
1.3338848581321303,0.9035396426445332,14996.900225394176,8000,1080p
1.0843846211876231,0.9942987637778966,16142.156252697709,15000,1440p
0.9053426988844956,0.6978552657576566,20929.687250126746,15000,1440p
0.8341189775401175,0.7204153770508025,21584.876462141576,15000,1440p
1.169490923078203,1.3040476077392373,13565.356505245598,8000,1080p
1.0015958167169992,0.9143421160964513,17513.318894796947,15000,1440p
1.2280204078435273,1.2787153758302794,13385.707507962206,8000,1080p
0.9518232096841032,1.1450946545812632,16001.786513347985,15000,1440p
2.069016310774269,1.635630020421901,9057.391448528859,8000,1080p
1.0588509871442737,0.7197635512050649,18865.488433002767,15000,1440p
0.8208688152646851,1.048270228586599,17951.811616359195,15000,1440p
1.7757566412852832,1.9294746472902873,9055.961527545986,8000,1080p
1.4770601434875459,1.278795278236511,12175.686625464708,8000,1080p
1.5468664298528831,1.4538944468404535,11181.974632038999,8000,1080p
1.137618499596211,0.9011351224013302,16458.30650548341,15000,1440p
1.6169340257575973,1.1853757682221981,11973.848170564515,8000,1080p
1.1607203973278788,0.8355162973809622,16808.844406546712,15000,1440p
1.5499358722959462,1.0459730115293366,12925.88973714471,8000,1080p
1.0750892394635898,1.336060924927425,13916.35929422706,8000,1080p
1.573182998073372,1.6651048888334063,10361.781648774682,8000,1080p
1.0790316275181222,0.9771757885698664,16318.602752556239,15000,1440p
0.8005236260354339,0.919529787471613,19507.784895810462,15000,1440p
1.0252240662356327,1.5241774974302817,13161.689581672012,8000,1080p
1.2497905616763683,1.1318261087735177,14088.930605974296,8000,1080p
0.5950642105850337,0.7364711078091217,25199.80622103736,15000,1440p
1.5748663102411453,1.0992368743778598,12547.919688738823,8000,1080p
1.5378937942327209,1.3487597762264545,11623.989918077543,8000,1080p
1.2300988055813171,1.061092265944449,14644.973270455002,8000,1080p
1.2970088136395421,1.5051156860505708,11974.63995754321,8000,1080p
0.8865613686532309,0.6333581266879077,22076.4534587859,15000,1440p
1.6166837786307215,1.7526999897900766,9958.625762516414,8000,1080p
1.2469315699309929,0.9174881037523941,15502.738405115962,15000,1440p
1.112288952881207,1.4124108549448506,13290.464036947307,8000,1080p
1.4292301468467272,1.0009203826023731,13807.552903978576,8000,1080p
1.2697841088811601,1.1660354963776638,13775.417492969309,8000,1080p
1.0574738593581836,1.1676045855646757,15080.111928891249,15000,1440p
1.6367040562330075,2.1752380257921313,8802.450634867415,8000,1080p
1.6842072477756298,1.3323859182989504,11123.287149676724,8000,1080p
1.999039512455113,1.8710103100239268,8670.284244171828,8000,1080p
0.9470531425960946,0.686409816667789,20541.899532953736,15000,1440p
1.440717237222562,1.9276399147389902,9961.660977803283,8000,1080p
1.3313220225011209,0.9376099614476552,14788.646040240903,8000,1080p
1.892786310556645,1.6881505549958495,9370.29421623801,8000,1080p
1.7457268916409912,1.6288003560727313,9943.446751758629,8000,1080p
1.016402261635488,1.112734037983669,15759.644887930355,15000,1440p
0.9946860473506003,0.9505856255627221,17249.22665930124,15000,1440p
2.230558121659605,1.6669328594839468,8609.239164975537,8000,1080p
1.3082529912272576,1.7524956363152508,10962.818605244636,8000,1080p
1.1770576993352695,1.1621462021858562,14344.380999954896,8000,1080p
1.7372569942397738,2.30032859070387,8310.51906989319,8000,1080p
1.0332068907374408,1.2716791721314655,14557.956916202003,8000,1080p
1.257857802509738,1.5092520601476143,12126.165445334544,8000,1080p
1.114958100598651,1.3461074131813893,13634.107589627927,8000,1080p
1.1585991048058464,1.50928242926783,12577.182146751707,8000,1080p
1.5178359022190444,1.2768826868116585,12006.372352372602,8000,1080p
1.3241940831511274,1.5850789443881979,11533.613958666667,8000,1080p
0.7543688258588367,0.5164891341663226,26402.975828499133,15000,1440p
1.0837093018174806,0.753778972081486,18261.031907866734,15000,1440p
1.42798686103944,1.400596274930157,11862.628880624372,8000,1080p
1.328966343040927,1.611722809999725,11410.39744554604,8000,1080p
0.7194232400771152,0.9555789839033777,20032.470118314766,15000,1440p
2.116986146137803,1.782055045271762,8605.8162385993,8000,1080p
1.483461224888322,1.3502738970709987,11841.061551581985,8000,1080p
0.9591791489773939,0.9792072945284892,17310.4966310595,15000,1440p
1.0453305859951032,1.3323224082056304,14112.417615960643,8000,1080p
1.0095418320717178,1.0563415867747263,16242.171118608547,15000,1440p
1.6308154597566211,1.7114336014243567,10039.47682706315,8000,1080p
1.4456208527434369,1.4531826115808502,11575.269732134655,8000,1080p
1.3365784044137443,1.0456702022393822,14085.193252412626,8000,1080p
1.7793969108092695,1.3022548346019618,10888.456831621097,8000,1080p
1.322657715989795,0.9639082518528612,14674.596085088308,8000,1080p
1.4834034393167805,1.4660648071366638,11376.43439299513,8000,1080p
1.4363326434913786,1.0518495605007345,13485.520451904318,8000,1080p
1.0333469492586773,1.016619871671859,16368.280528934962,15000,1440p
1.8765192583212793,1.2626362702755431,10688.999539630508,8000,1080p
0.7162206226261182,0.7918206598105567,22250.340485230718,15000,1440p
1.3832461119147725,0.9408939304087738,14437.353769118896,8000,1080p
1.0699084075374659,0.9216016430071434,16848.73846899443,15000,1440p
1.362457086135841,1.536597722818213,11574.266169912826,8000,1080p
1.0242417579343384,1.4156703595990745,13752.311716014294,8000,1080p
1.1911450253948324,1.2169010721529758,13934.298032819874,8000,1080p
1.3955306014228082,1.9745785120652608,9956.4823778869,8000,1080p
1.6548937809352426,2.022940664699222,9123.42099569724,8000,1080p
1.2295601163243903,1.0933738251867577,14444.849851464864,8000,1080p
0.8380194000631129,0.7055429754882991,21738.306486003352,15000,1440p
0.7876903310242007,0.7170485893713103,22299.171999339545,15000,1440p
0.9713096148480858,1.41262651883554,14075.222706638599,8000,1080p
1.8491977552094718,1.3576805629318518,10463.269469933563,8000,1080p
1.6015585374763917,1.5342249597190447,10700.493841494546,8000,1080p
1.2158741512836726,1.7327585207030465,11379.658212018594,8000,1080p
1.0153586517140147,1.495128574926897,13365.705128440977,8000,1080p
1.5623203032434225,1.840323490956699,9861.282587732,8000,1080p
1.0468494099854622,0.9219483094737935,17043.107917260266,15000,1440p
0.901641800824569,1.0136817891845529,17518.93631709522,15000,1440p
1.6581071478348468,1.2094778932835992,11701.285757479312,8000,1080p
1.0558063745464745,0.9583127881971885,16659.606154728033,15000,1440p
0.9916328548585791,1.4625956533380706,13672.089574354903,8000,1080p
1.018077137209667,1.1602695891911048,15403.62312084319,15000,1440p
1.0821668937993087,1.324431195033847,13942.68206049683,8000,1080p
0.9262384162747503,0.6562229749450355,21203.949863279584,15000,1440p
0.7320229436049205,0.8230362066055644,21577.592077740737,15000,1440p
1.487689115484523,1.2855092141588098,12099.542842403021,8000,1080p
0.8969102659635563,1.0817157845626242,16958.45053241708,15000,1440p
1.220936786644349,1.186819478559425,13935.975366327293,8000,1080p
1.303543758629786,1.8364515657080234,10686.140753116013,8000,1080p
1.7667689431208236,1.7855258551417172,9445.8466725261,8000,1080p
0.8732841994567672,1.0786231730581148,17190.586229902754,15000,1440p
1.6542254967835788,1.8980007754322228,9446.02889248648,8000,1080p
1.6194039543120016,1.2332632553202254,11762.476845073674,8000,1080p
1.2703656307857107,1.3583520147331152,12764.563001735933,8000,1080p
1.0305044864196495,0.8037662283078661,18293.064230153494,15000,1440p
0.8413464115370675,0.981974624858154,18402.920456804717,15000,1440p
0.9411869466113538,0.6378139790400905,21250.419461379694,15000,1440p
0.8135809350477173,0.9955883077115285,18546.87289997514,15000,1440p
2.684451160566116,2.264292204157763,6780.394440977888,4000,720p
1.1093937480502754,0.82636452964157,17333.998974298353,15000,1440p
1.3993928662830255,1.0141006117936846,13902.847596148968,8000,1080p
1.3419750051618364,1.7164690474499156,10971.079222896447,8000,1080p
1.6256047781374912,1.548711393651544,10570.601724619266,8000,1080p
0.9349953616105485,1.3875673148738081,14447.158881753434,8000,1080p
1.1917623623833122,1.2588291908777054,13692.380501087138,8000,1080p
1.850316037956961,1.2834092719368413,10707.521777375285,8000,1080p
1.3685160874161866,1.7764541895767663,10669.236604704225,8000,1080p
1.407866803633763,1.5025001474318072,11529.278803731173,8000,1080p
1.8799491746267145,2.1599380202852423,8305.78438978697,8000,1080p
1.3614177905864007,1.3838344717555757,12222.713540858607,8000,1080p
1.0941388331382054,0.9559391010907137,16367.39337552091,15000,1440p
1.2929529907392652,0.9396320260015456,15029.408398065703,15000,1440p
1.3547544688854039,1.1130944326626053,13596.631454604976,8000,1080p
1.013259334820368,1.326671675976519,14339.923632437652,8000,1080p
1.1300600985208102,0.7678871406678238,17679.328122073828,15000,1440p
1.1506071782687892,1.1176083872908487,14793.31705041055,8000,1080p
1.0010788266344934,1.4728397789837842,13563.272422867014,8000,1080p
1.056782721949989,0.9665748467888073,16583.54040749961,15000,1440p
1.23501181007248,0.9929483601993987,15060.606759368296,15000,1440p
1.4417618264790684,1.3667170092198737,11947.546683808056,8000,1080p
1.0304612901124448,1.040796265514387,16200.028774231947,15000,1440p
0.8471676834902597,1.1619171636811458,16701.35138754411,15000,1440p
1.5537321038509821,1.058703709071768,12844.117292382336,8000,1080p
1.4164282882828614,1.0934528610946352,13368.932631858766,8000,1080p
0.9205877882930801,1.2906659604480657,15174.39236410672,15000,1440p
1.5098253999254039,1.0652116036809203,13030.660123721413,8000,1080p
1.1155201848934475,1.013150449597281,15763.09244667515,15000,1440p
1.0567599607042562,0.8387897254994301,17701.689512133635,15000,1440p
1.1759198574839902,0.8205575046190661,16806.818167301586,15000,1440p
1.3891341223918847,1.188456083873081,13017.75275156005,8000,1080p
1.3564620752861225,1.328422646369796,12497.531729893082,8000,1080p
1.694322640150253,1.1408601000273801,11835.015614512986,8000,1080p
1.6589602410877005,1.3123992857539784,11292.619320175541,8000,1080p
2.274987402784166,2.151059951276546,7581.1281072750435,4000,720p
1.088558063452595,1.2810780994828121,14160.162021849868,8000,1080p
1.4216889470615253,1.1266229840811453,13167.317387614354,8000,1080p
1.7005080980461826,1.1769983914144657,11660.940513218216,8000,1080p
1.115364978037261,1.4209656978450202,13229.517869679135,8000,1080p
0.8813655357070973,0.9444826191344033,18377.449357453723,15000,1440p
0.9154516654839584,0.842272491192881,19089.702939190498,15000,1440p
1.562393570983961,1.1031118418937063,12588.39387002962,8000,1080p
1.391911333340058,1.254089349111042,12681.187961341395,8000,1080p
1.1604395502349976,1.2710785318896447,13799.787156293893,8000,1080p
1.268361794233358,1.7114580508510107,11260.557263336825,8000,1080p
0.814832918806937,0.8160912827948692,20573.87582270509,15000,1440p
2.0396569499348307,1.5861714899433745,9254.280106294033,8000,1080p
0.8455806722984353,1.0847489684676308,17382.747118095158,15000,1440p
1.5301043048134209,1.2043838466678962,12270.827350933305,8000,1080p
1.3664274114393906,1.2480995334442746,12833.844403731331,8000,1080p
1.3807893060086005,1.7404894097983357,10750.219719268247,8000,1080p
0.8067327863218237,0.9463822420285666,19139.891825337527,15000,1440p
2.6903863117853897,1.8155554052532272,7446.707948555659,4000,720p
0.7599151796122107,0.9214737263705027,19956.377659330756,15000,1440p
2.276294578543812,1.7410378783109,8352.41602739315,8000,1080p
1.6483255691727303,1.1635083683232785,11933.290779568886,8000,1080p
0.9967340467323134,1.1750779881439943,15449.970559681075,15000,1440p
1.1743841827168835,1.0942769830536399,14790.411413686646,8000,1080p
1.075219045318797,1.120513960337438,15281.653968658014,15000,1440p
1.25211406330989,1.015735319513035,14795.705682285141,8000,1080p
1.571052453288348,1.1069300909547621,12529.742612449938,8000,1080p
1.503152809662102,1.3799049863612802,11638.48745810154,8000,1080p
1.424115531394003,1.0564310499372218,13527.031603652644,8000,1080p
1.151586285295485,1.0974759269170926,14919.299171804541,8000,1080p
0.8026106226259776,1.029741909611945,18312.214167117003,15000,1440p
0.7371193133729304,0.9159396739813725,20298.387569159517,15000,1440p
0.992560717042119,1.2897288367076412,14702.092442595935,8000,1080p
0.8746754589093677,0.9495500003852473,18393.79657214888,15000,1440p
1.1868041893716679,1.4744860469304168,12608.332433002326,8000,1080p
1.489503495651041,1.1735373961241422,12600.043845978127,8000,1080p
1.1295093540349705,1.1710770010959444,14585.165179809383,8000,1080p
1.3252819771085351,1.08820154615102,13902.90494077321,8000,1080p
1.2232752977296169,0.9483739217156695,15451.128892985282,15000,1440p
1.6090148675877753,1.8106877765863436,9812.090550376966,8000,1080p
1.6767025318658015,1.658317015783439,10061.239977934029,8000,1080p
1.1726531003496372,1.6965169243067881,11694.82174693291,8000,1080p
0.7563006659261532,0.7136238415360644,22827.316525207654,15000,1440p
1.4563785507135978,1.7049230447180204,10614.119212317277,8000,1080p
1.4571976641695192,1.5167069969969118,11282.954843225947,8000,1080p
1.3939127274843623,1.32003931026042,12363.67906777114,8000,1080p
1.0848487388336137,1.0123168644834075,15999.896215600716,15000,1440p
1.5883450832330728,1.134930049331221,12321.352183172337,8000,1080p
0.6508504647581081,0.7239869591312513,24406.108982017573,15000,1440p
0.760881324661636,0.8885509893576734,20343.018452351716,15000,1440p
1.3817245651644041,1.6343449244932386,11125.218472273595,8000,1080p
1.5602606062611597,1.3218548212258197,11642.29290749029,8000,1080p
1.432093278962945,0.9697441038577577,13970.317990718377,8000,1080p
1.3706525263168539,0.9356068669500708,14549.287949985788,8000,1080p
1.5696982343882453,2.162398164324335,8990.773124610312,8000,1080p
1.4057149061583118,1.6740954148426488,10894.967060534613,8000,1080p
2.168997194134699,1.4699642783136464,9220.881356961469,8000,1080p
1.5104888086922645,2.0123700645509643,9524.77326152693,8000,1080p
0.6999851118453019,0.9334026681494015,20542.845006535317,15000,1440p
1.7865254809342925,2.238063988885184,8337.355213898398,8000,1080p
0.9958659430971137,1.1674803060799082,15510.430663960862,15000,1440p
1.140854890862505,1.3014061862207875,13739.084782890162,8000,1080p
1.1567293457638868,1.2982798307080938,13667.74198710738,8000,1080p
0.888015167945325,1.2176574595583527,15935.255823589032,15000,1440p
1.256003271742661,0.9714278510165544,15064.18387403812,15000,1440p
1.126381044175425,0.8769804971831618,16749.06466320849,15000,1440p
0.9185752444840463,0.770709477078859,19863.10038307566,15000,1440p
1.451428450426661,1.1304467391293553,12996.147968628211,8000,1080p
1.0853642457642254,1.1801970550779501,14810.648463816377,8000,1080p
1.233915199580298,1.2041510580935746,13762.723590627045,8000,1080p
1.1806615929676867,1.293721678586762,13560.725367707708,8000,1080p
1.6776042495169383,1.3673486099421415,11019.688497233672,8000,1080p
0.7814155185580113,0.827246509757566,20858.596404575233,15000,1440p
1.53004450881366,1.5036362485143313,11060.633825410854,8000,1080p
1.3265630106028792,1.5417195685990905,11698.440119988356,8000,1080p
0.7823985982904961,1.1647768396875215,17232.361987291468,15000,1440p
1.0589559809179492,0.7206519392398394,18854.95766788052,15000,1440p
1.1152051611464822,1.342848572281303,13650.813057372812,8000,1080p
1.3152773494052523,1.8297320078508492,10669.10402749165,8000,1080p
1.1185755411109572,1.069548370417682,15334.795174629133,15000,1440p
1.2672999394052464,1.5711741308358143,11821.292416157372,8000,1080p
0.7788192501328793,1.003299849278255,18828.38919749381,15000,1440p
1.5197351113567867,1.607027333125996,10731.365940257878,8000,1080p
0.9894305889410493,0.8308831025999761,18433.323968240762,15000,1440p
1.4893793080003601,1.7104799295296036,10486.221270752318,8000,1080p
1.7855662730082023,1.4362079227767308,10414.8925284396,8000,1080p
1.1792971239704195,1.3451130296010685,13291.989002867786,8000,1080p
1.2540126304452162,0.9170141808937446,15455.55855171849,15000,1440p
0.9971050632391429,0.7797002325234925,18884.698329086114,15000,1440p
1.1190490810321627,1.6553200106584276,12094.43693000244,8000,1080p
1.056017237201408,1.1917098914707398,14928.160794954852,8000,1080p
1.1587670121008902,1.2772353011340631,13774.384292533989,8000,1080p
1.1947550349499663,1.2043032764480177,13986.501220325526,8000,1080p
1.066401723719231,0.9213433978082863,16880.651164277297,15000,1440p
1.3584452686971726,1.069743185476253,13818.70996970134,8000,1080p
1.2346944796160695,1.5117063631600909,12217.601843612158,8000,1080p
1.4517473870230073,1.9100255781763729,9981.171348378059,8000,1080p
1.039948238269343,1.0442200158631272,16099.675222222857,15000,1440p
1.3574594915297808,1.42762960431546,12047.884590139705,8000,1080p
0.7662573051924485,0.8530118283982985,20721.96110203909,15000,1440p
1.3161630365617973,1.1444914114229798,13636.38524193446,8000,1080p
1.529099647336865,1.3197874124664462,11778.08431700926,8000,1080p
0.9390746424965899,1.297571042077239,15002.122254510541,15000,1440p
1.6446945777974953,1.2840373656204325,11456.982970193189,8000,1080p
1.0382281896922543,1.254711681747122,14633.803711100567,8000,1080p
1.8014965373374667,1.3008315274235187,10815.88771385632,8000,1080p
1.402466034043362,1.4137940620348366,11914.535893444801,8000,1080p
1.0217120236378872,1.029607782009279,16357.48453635877,15000,1440p
0.781320732155183,1.0737279351757083,18088.168030803892,15000,1440p
1.181893701865578,0.7973830735989913,16952.875118804044,15000,1440p
1.2924766409144794,0.9799649932965693,14765.805860465807,8000,1080p
0.6518350525192368,0.8608652583151469,22181.810739162112,15000,1440p
1.4172443200978764,1.2676614674397415,12497.433673742966,8000,1080p
1.2590315064898732,0.9894538775120318,14923.126580560227,8000,1080p
0.6827752408471431,0.8825625357729513,21435.90508142679,15000,1440p
1.6271844691480795,2.1616635481683595,8856.103978476787,8000,1080p
1.164403057732305,1.1288436659284786,14631.845607277693,8000,1080p
1.2975394348072504,0.9203760215287937,15128.814718407397,15000,1440p
0.7988477326893132,0.6760580169875056,22750.221163184455,15000,1440p
1.400749255346005,1.0680353503338607,13591.478139811075,8000,1080p
0.8222056533086362,0.574259270182705,24028.12375416464,15000,1440p
1.5838829187557042,1.4205961251071753,11168.136475619693,8000,1080p
1.1029937016761049,1.3756019377220192,13537.678944738242,8000,1080p
0.8491386723734484,1.271761713258889,15820.842990697976,15000,1440p
1.0087079485076123,0.8035177625569023,18515.59206733133,15000,1440p
1.12123241736154,1.6193366109027512,12243.600381505925,8000,1080p
0.7065694939854403,0.663790585584731,24485.850471158443,15000,1440p
1.638520086371108,2.445576009865605,8215.8772000783,8000,1080p
0.9597539034624921,1.418128245150244,14111.05761468278,8000,1080p
1.2744864957195778,1.7308302275918366,11165.023553001089,8000,1080p
1.2628955403614932,1.301030190914806,13087.13103140351,8000,1080p
0.8120050668355688,0.9712331028510514,18816.573450699932,15000,1440p
0.990514124209921,0.7586728654109786,19182.873071375994,15000,1440p
1.134167940593353,1.0801534412806897,15153.370361985097,15000,1440p
0.9820056091522971,0.8374026679416475,18442.497169241706,15000,1440p
1.234752521917577,1.3005308859062028,13234.982683376702,8000,1080p
1.3330368664894496,1.870074355879354,10475.575048931776,8000,1080p
1.1789100975822364,1.148053276523086,14419.836759528329,8000,1080p
1.3834488304208963,1.3567054552669233,12245.453540794815,8000,1080p
1.1150788021094664,1.6629504886445456,12078.501876016097,8000,1080p
1.0429373005010225,0.9368413075782753,16948.577918292172,15000,1440p
1.5939318984250304,1.097594009734006,12466.694783908184,8000,1080p
1.3976034023570714,1.4298027708890677,11867.566930249794,8000,1080p
1.1541858235910674,1.1980310158397054,14265.024991539487,8000,1080p
1.4636156139865706,1.524503463477542,11229.28207682948,8000,1080p
1.2317115808103372,1.7033564720870011,11432.2500859484,8000,1080p
0.9667091196588309,0.8325514465587243,18649.01206084834,15000,1440p
1.3444417530661794,1.1957353096171466,13209.485469707628,8000,1080p
0.9999994408000488,0.8187061265776392,18449.62296364478,15000,1440p
1.435510628392774,1.1019656393557113,13223.545152512106,8000,1080p
1.2837391554235011,1.3894526021686693,12552.197912739173,8000,1080p
1.625144090947807,1.5204418960802275,10667.148231958648,8000,1080p
1.478655372360354,1.5149165991148767,11208.827554416335,8000,1080p
1.7056412064556212,1.1452632640992852,11769.749687006837,8000,1080p
1.829982760058107,1.9860616203168755,8792.987883621727,8000,1080p
1.660432673503558,1.316100809654365,11272.98993606508,8000,1080p
1.4368698416157333,1.0869029370375278,13295.345874165962,8000,1080p
1.3115027212063208,1.314639013028589,12777.083415787389,8000,1080p
0.6831120062381955,0.6361943215305821,25433.389724392175,15000,1440p
1.029115005921482,0.7432285321796921,18932.239308384327,15000,1440p
0.9455462762397464,1.4170475505953086,14202.370131877353,8000,1080p
1.0529548083372215,1.5627851143333717,12827.893059697586,8000,1080p
1.3454433202998166,0.922733391400939,14793.570459878214,8000,1080p
1.0742756165200944,0.9320610088677361,16724.228414817397,15000,1440p
1.5577495362724267,1.7995059909637288,9994.601759617482,8000,1080p
1.2362157956333069,1.5334580855116138,12114.939678793287,8000,1080p
0.9779645409119013,0.9145620831492043,17729.965630811967,15000,1440p
0.8929450342731431,1.288085117600334,15384.671308270164,15000,1440p
0.9588983084866263,1.1374742373709956,16005.948974242527,15000,1440p
0.7120207110548727,0.8596413629467786,21349.64796507824,15000,1440p
1.2851870161110606,1.3848229962957177,12567.155869858947,8000,1080p
1.1547552084514712,1.6180504373832096,12101.256375615649,8000,1080p
1.5978409009498795,1.2797509399501192,11660.594641353126,8000,1080p
2.4995220971990477,2.283313881181054,7015.593290607584,4000,720p
0.9175877501193399,0.9776268492104194,17704.819291634038,15000,1440p
1.632608081351923,1.0925887413449786,12312.663702137286,8000,1080p
1.2582179837033949,1.7567046012448522,11129.450609285208,8000,1080p
0.9966457195765981,1.2802684050076392,14736.801725505135,8000,1080p
1.1637616346674797,1.461337995808716,12782.155621999456,8000,1080p
0.9265768789895777,0.9600026310726656,17785.856265815666,15000,1440p
1.1693500077939754,0.807670448310998,16972.222971383544,15000,1440p
1.0738244769270937,0.7330464330580975,18570.464450210784,15000,1440p
1.2721675278357403,1.0274032322380335,14591.606652244753,8000,1080p
0.6783413621964997,1.010070453960786,19873.369564759196,15000,1440p
1.891165523518488,1.2762895688143674,10593.49888849944,8000,1080p
1.1697976217244168,1.167964011893475,14353.230679071228,8000,1080p
1.193025467558317,1.3355394629556785,13270.148452616244,8000,1080p
1.152448095914382,1.616120987402459,12119.774146939702,8000,1080p
0.7224182504454273,0.5554124552217616,26258.90256916338,15000,1440p
1.006690088858497,1.1596339216654636,15489.110510243718,15000,1440p
1.1397330565216601,0.8332912734879794,17006.598190219003,15000,1440p
0.5840283890163386,0.8287625066591185,23750.458827778322,15000,1440p
1.1119609646650628,0.8121755329088081,17438.696289119056,15000,1440p
0.8795882347879744,1.1268901214958196,16723.047071460212,15000,1440p
1.6180092078871573,1.4516294029779944,10931.069175776027,8000,1080p
1.3794865049063365,1.606629536352387,11236.814489585595,8000,1080p
0.8523329199228309,0.9072991729423714,19069.004331106193,15000,1440p
1.7413963074714431,1.969108419284469,9043.091026954866,8000,1080p
0.9203944925905106,0.6414219534576314,21484.235285716604,15000,1440p
1.2003406833655983,1.632227552361081,11845.939517637711,8000,1080p
0.8644974714264652,0.7000142110389808,21447.22367756502,15000,1440p
1.5398697985183039,2.0997965849682965,9219.095506181173,8000,1080p
1.3107040685106237,0.9058816513261814,15137.89054026317,15000,1440p
0.8398914353825118,1.091057821421749,17377.169224805475,15000,1440p
1.221667148407545,1.3424194804280107,13086.30980819797,8000,1080p
1.1018798423258556,1.033153137767857,15716.11882010703,15000,1440p
1.4852128633135622,1.4022633718939983,11620.678151689794,8000,1080p
1.8178982715665695,1.343225149698733,10614.717468566656,8000,1080p
1.3631949020091767,1.1549216942088494,13325.209821656232,8000,1080p
1.2387050806001765,0.8737222929697064,15884.300885239385,15000,1440p
1.161673879948119,1.4466482217915326,12864.37437217607,8000,1080p
1.2459755124774832,1.0782053243586591,14437.100361638351,8000,1080p
1.6820950588676136,1.6163515269550242,10172.798354299097,8000,1080p
0.9902019967754718,1.2706590001469262,14841.439631041467,8000,1080p
1.2938093940298336,1.3141490616954488,12866.168142493816,8000,1080p
1.5356768353952737,1.423957722488508,11337.356468763603,8000,1080p
1.5498331136549266,1.1610506157517666,12377.672873245565,8000,1080p
1.188248960362462,1.0417007944089358,15047.169528463128,15000,1440p
2.3887755385347362,2.1985285480359678,7314.629980216557,4000,720p
1.3242652421261973,1.1588450305402374,13513.065597351942,8000,1080p
0.884577373416298,1.1017433420588816,16892.756410675054,15000,1440p
0.9158857582644224,0.6759241029086505,21079.422120976375,15000,1440p
1.1476710003039239,1.1335196648365118,14709.174692302324,8000,1080p
1.0523741220259841,1.3307253182347145,14080.164441786499,8000,1080p
1.3359360042528532,1.351946312878176,12483.594161151768,8000,1080p
1.290415027740421,1.2752519191467142,13078.249318646296,8000,1080p
1.1571543467365193,1.1283398471312585,14681.477682170484,8000,1080p
0.8808274441281713,1.1315818050105189,16673.761569303697,15000,1440p
1.6890491561704175,1.375145396481092,10950.490063029669,8000,1080p
1.5386117484153101,1.1617299547104643,12425.994814344846,8000,1080p
1.031810734774738,1.0821383079950109,15872.866999687061,15000,1440p
0.9537822249836324,0.9008924368382464,18091.81561095945,15000,1440p
1.3524003412824945,1.9758735267877663,10081.631899917815,8000,1080p
1.9064684633959366,2.0306843327760857,8522.5120123923,8000,1080p
1.51915810366068,2.1819394883024916,9066.075985908206,8000,1080p
1.0050165973886118,1.3175366994597635,14447.21722663252,8000,1080p
1.0455687117566235,1.0823500894200084,15768.66184059565,15000,1440p
1.0087626792120283,1.0676856697002726,16159.531258062214,15000,1440p
0.916025443448435,1.2056701512215995,15814.913357171945,15000,1440p
1.6256808050785445,1.8123506625936197,9759.780361381965,8000,1080p
1.4329863552685707,1.1849970763863258,12816.90005913802,8000,1080p
1.0839516426978129,1.0354359128666355,15832.135992260075,15000,1440p
2.148378367976799,1.7406196763120065,8628.04033786451,8000,1080p
0.7528281775031888,0.8991185073877198,20312.055048081573,15000,1440p
1.0471481711536517,1.0574489934743116,15943.398843232562,15000,1440p
0.9802867670813152,0.7457050046370736,19440.667417894685,15000,1440p
0.877634253672465,0.9845596539400877,18018.763708135448,15000,1440p
0.914920226556212,0.8664270329241011,18836.547350003562,15000,1440p
1.6265096363672293,1.4200622633960018,11013.832302007293,8000,1080p
0.9627522298380287,1.1129490808942881,16165.347021032541,15000,1440p
1.1164029787689291,0.9194126797710231,16482.058117219018,15000,1440p
0.8646217900812345,0.8414342935444541,19667.83643401133,15000,1440p
1.3744118280019133,1.5480030580384916,11481.748248778966,8000,1080p
1.1954679768172773,1.3949963208686433,12953.05711411441,8000,1080p
1.9193274113569145,2.0165284272722968,8525.320381573329,8000,1080p
1.3766206760358428,1.3658598150778913,12235.066797639603,8000,1080p
0.9782103490495235,1.2207009683635894,15259.565828909723,15000,1440p
1.171774495533429,0.7834144835549266,17161.73339706804,15000,1440p
1.395310946051483,0.9893065179745608,14071.201149113758,8000,1080p
1.1885521393913892,1.3616190833500714,13157.717293950418,8000,1080p
1.2585948455460407,1.0195217264178296,14729.02326989971,8000,1080p
1.722755188849257,1.6549399275889956,9934.12100360995,8000,1080p
2.2599055359452938,1.5769852865782417,8745.214172638653,8000,1080p
1.2448345694616274,1.0541377413036475,14595.405017657871,8000,1080p
1.0520060926184855,1.2136242865707543,14810.196891872325,8000,1080p
0.8885016328867985,0.9384250996252528,18366.599712437375,15000,1440p
1.6740777199063495,1.403019391733859,10904.573623324559,8000,1080p
1.6179139937712936,1.9006771709016326,9536.325884317135,8000,1080p
0.8781185130583803,1.1138784689848098,16844.6198977587,15000,1440p
1.2595167051848755,0.9436212982648611,15230.29058890524,15000,1440p
1.1767274459869914,0.8579227955895568,16491.498791458307,15000,1440p
1.2579083606458255,0.996597377309562,14883.276380760304,8000,1080p
1.0880144291322258,1.2644714257406415,14263.39373327001,8000,1080p
0.8046793419743814,0.7441462460840413,21664.43546562475,15000,1440p
1.6027871747610927,1.1027410233000359,12402.174194320436,8000,1080p
1.193832989376412,1.2610257800874511,13668.57939747313,8000,1080p
0.9873419504697312,1.3289755556519687,14486.11078201515,8000,1080p
0.966676286619156,0.7380876955121107,19682.743389528223,15000,1440p
1.6634722737256948,1.1626216564328244,11873.077409751164,8000,1080p
1.244191256643672,1.6721956063638106,11505.480437323555,8000,1080p
1.5861527384697778,2.1327964074337524,9022.557363270384,8000,1080p
1.0683932995466214,0.9695345468982943,16464.975469339788,15000,1440p
1.4354207285546006,1.6823630390422661,10762.270414238243,8000,1080p
1.8772473877979248,1.4754420875755152,10008.213479496944,8000,1080p
1.1972886502011242,0.9231878758831338,15824.005400315713,15000,1440p
1.6112461363736952,2.2237161148160123,8749.612069738241,8000,1080p
1.2210504245052676,1.586134067179324,11953.055490080733,8000,1080p
0.9911315517126018,0.7280611189351751,19517.551797936052,15000,1440p
0.8570831358878259,1.1673093747103371,16575.062308487504,15000,1440p
1.4277227948330016,1.8266961013031067,10310.42194348071,8000,1080p
1.2470743286204933,1.4387889615117586,12492.978374319186,8000,1080p
0.6565698817646693,0.974445939324225,20572.720120886675,15000,1440p
0.9067064623312676,1.238810771388707,15639.320660138497,15000,1440p
1.5110525736368086,1.274990011394348,12043.761348186556,8000,1080p
1.2224156536828217,1.2363675079857745,13646.76337592497,8000,1080p
0.8640820201776581,1.1006764210509923,17078.146247340683,15000,1440p
1.45731333818133,1.9044948368268215,9981.066810844624,8000,1080p
1.9693001988845724,1.4551381682213886,9798.521218052263,8000,1080p
1.1328054685962756,0.891618179056205,16574.80737241421,15000,1440p
1.7912014096467228,1.3297582767876883,10751.318623514417,8000,1080p
1.2926824169157358,1.6065962762113113,11573.372397604702,8000,1080p
0.8033076509657552,0.6375237537001767,23288.243087524774,15000,1440p
1.4356646080084747,1.582137252438598,11118.832034595232,8000,1080p
0.8385341368867865,1.165764007851092,16741.23786827545,15000,1440p
1.2700133190881489,1.5649022673340793,11836.130910108324,8000,1080p
1.0149256419294952,0.9787890610755867,16830.10711082391,15000,1440p
1.0049033840749628,0.9899294759566122,16820.673386876577,15000,1440p
0.9659866025529128,0.6846742683991697,20327.877512869247,15000,1440p
1.401410092631002,1.1562322615612681,13119.282273770774,8000,1080p
1.3406024082353016,1.5050537129827108,11791.457073751364,8000,1080p
1.9663926760671324,1.7635204581936033,8996.035776755549,8000,1080p
1.0567736812015875,0.7562417598369202,18507.52687510471,15000,1440p
1.2782337972602589,1.7565355629072164,11056.666262818826,8000,1080p
0.8802186339282164,0.7293670126751602,20846.62724894953,15000,1440p
1.479088971996294,1.484940263675509,11320.546908301605,8000,1080p
1.176966340055637,0.9228967665031231,15979.342603427493,15000,1440p
0.8547283779010652,0.6512316637472729,22281.09051503998,15000,1440p
0.8976069617284196,0.9317234856004194,18342.46625534259,15000,1440p
1.0751968914969352,1.1784248247445095,14889.114600813113,8000,1080p
1.7283281624430091,1.58979177052879,10112.483176564307,8000,1080p
1.1650059121526262,1.0537827696980164,15122.860628625973,15000,1440p
1.0303787387825138,1.2845948913931389,14494.520180540458,8000,1080p
1.0770441375417315,0.776579125374163,18102.077520982475,15000,1440p
1.8454717396217892,1.5021845446046471,10023.260798338986,8000,1080p
1.2545033377654629,1.0311458755014544,14680.481941513712,8000,1080p
1.049577626645496,0.9237907827193852,17003.63289528858,15000,1440p
1.0889425877270604,0.9413965519805954,16526.5158631732,15000,1440p
1.3170867262935624,1.1760531618634622,13458.704086116908,8000,1080p
1.4741259567801461,1.1841133836608049,12622.803180105657,8000,1080p
1.113332967809453,1.521806425564008,12733.456182385928,8000,1080p
1.295669359026618,1.1204668221057972,13887.64104524664,8000,1080p
1.1024849529123673,1.2367169279164338,14344.393391181504,8000,1080p
0.8650678608694784,0.6196297549275127,22600.17908224892,15000,1440p
0.8442363066802832,1.1354038194497744,16949.76352373429,15000,1440p
1.8272338075817391,1.31498253404811,10678.587452891774,8000,1080p
1.1285422318908316,0.8704894229551596,16785.343002777558,15000,1440p
1.511261817973209,1.1570542332313658,12575.134038133267,8000,1080p
0.8352414795460502,0.6912452313214755,21981.476655588114,15000,1440p
1.5308747992046352,1.532399643357079,10953.779241516326,8000,1080p
1.8834362755228922,1.9010412880273764,8866.331332804137,8000,1080p
0.7382836502397314,1.037719107167391,18893.23192774083,15000,1440p
2.1984171902495047,2.6138241610567916,6972.724256835447,4000,720p
1.8142609759331354,1.6713565059368098,9626.538819744184,8000,1080p
1.2510450810336526,1.6193417101596297,11689.864272978588,8000,1080p
1.4429360908427737,1.0474723643075619,13473.46533883112,8000,1080p
1.070439283457902,1.3174818907017105,14051.733517463741,8000,1080p
1.3634095755786264,1.4352301051880163,11989.550577231972,8000,1080p
1.1248519975425546,0.9884760143183551,15877.531463018535,15000,1440p
0.9555024912535103,0.7195028894195526,20032.432365391516,15000,1440p
1.064856583197722,1.432002219143552,13438.658192660483,8000,1080p
1.554853676568834,1.7985912319184096,10005.9589215487,8000,1080p
1.0239331536660015,1.5168851496430868,13206.151717460347,8000,1080p
0.9418539327784521,0.8382904579364174,18849.27547170779,15000,1440p
1.1288702547232814,0.8808660055479811,16695.938001074337,15000,1440p
1.3308364147745964,1.3848800914948332,12355.646078129712,8000,1080p
1.0273384233318772,1.1348894142388086,15518.453428894523,15000,1440p
1.1954311325078415,1.2547715971126843,13694.553350365719,8000,1080p
1.4355751675580475,1.2351199724220319,12563.931950784276,8000,1080p
1.0316998897304708,1.0197573926195864,16356.388353142578,15000,1440p
1.1661078200929502,0.9989404049904369,15498.237688773721,15000,1440p
1.4372977410130885,2.0959915443214303,9496.655747739938,8000,1080p
0.8230925303108085,1.1555502053471727,16958.30752833798,15000,1440p
1.2715904117997554,1.071223954635112,14322.275157916505,8000,1080p
0.8347245652724488,1.1289679565308406,17087.41650102453,15000,1440p
1.1154640431049219,0.7849086982047562,17656.7634709785,15000,1440p
0.7555817238941458,1.085923436154078,18221.19901044497,15000,1440p
1.8829150086963176,1.6453526679446782,9510.171867669833,8000,1080p
1.1719982641661453,1.062564600684432,15016.105623076193,15000,1440p
2.1867167858301166,1.8364999266114537,8340.199993759923,8000,1080p
0.8531307986563031,0.691256193385044,21726.699443154637,15000,1440p
0.7763691730169359,0.9787757658190833,19117.75560954681,15000,1440p
0.8510767652934957,1.0253047990294735,17882.520612009434,15000,1440p
0.8542161788698326,1.1021487358840294,17151.417788649935,15000,1440p
0.8338001887512048,0.9882220737705769,18416.038426203842,15000,1440p
1.5115745424545635,1.319384660549602,11852.672396123764,8000,1080p
0.9341772624205998,0.8179461977790702,19150.723543291962,15000,1440p
1.0419150837216347,1.5068498574421045,13164.977067159201,8000,1080p
1.3837718723929862,1.2519418175509363,12730.681685199997,8000,1080p
2.0922509140006302,1.7673324076100445,8693.796507027377,8000,1080p
1.5364135564280734,1.941439639978645,9648.030007324083,8000,1080p
1.3928220829674307,2.0358102803709173,9786.535400759367,8000,1080p
1.6714658961651725,1.8774311475862653,9454.89023387688,8000,1080p
0.5372950982180749,0.7383628644175368,26303.62760459226,15000,1440p
1.4183844601207658,1.3114538330434533,12291.728811931303,8000,1080p
1.5602030808195646,1.1569680544257308,12349.03152206894,8000,1080p
0.9789247387914745,0.6819378188562227,20203.01550269374,15000,1440p
1.402943496483391,1.1401536487588868,13194.317827289806,8000,1080p
1.714166712610284,1.4073720767310511,10749.32405599874,8000,1080p
1.133297808439791,1.104462008055011,14994.653024272831,8000,1080p
1.2751729551481716,1.435732952961633,12377.571607933833,8000,1080p
1.0279883820896225,1.1574008525534645,15353.98430086988,15000,1440p
1.5388726348092259,2.0292698394926427,9403.893550120963,8000,1080p
1.0035565815515815,1.0137645967023807,16633.1630092944,15000,1440p
0.9430663279042881,1.2113334885685014,15574.839796884005,15000,1440p
1.3978664134376386,1.695092375914767,10848.651496913584,8000,1080p
1.6932998795711045,1.2843798230155405,11268.650543862053,8000,1080p
1.0586642808416369,1.247475707898261,14550.041265419684,8000,1080p
0.806687098553695,0.9154410439016231,19484.28294781821,15000,1440p
1.4139044913091354,1.1831909546504968,12919.984150833381,8000,1080p
1.293476153601816,0.904641530077374,15265.075318368254,15000,1440p
1.699241520455121,2.350360775541868,8285.858597316676,8000,1080p
2.12315535555337,1.8510501117713365,8443.054159096522,8000,1080p
1.3212129802098125,0.9003430788208377,15104.02218463084,15000,1440p
0.9359423359566215,0.8815780713657841,18461.653505961356,15000,1440p
1.196151657737271,1.1074749633131165,14565.916061822616,8000,1080p
0.7706573939247928,0.707276024763169,22703.61545095043,15000,1440p
0.9483100260203364,1.05183446464329,16776.00401202365,15000,1440p
1.239924882731332,1.1025625762961535,14324.273912625584,8000,1080p
1.5704419968067456,1.0485770378125465,12811.832047214413,8000,1080p
0.9505988405631753,0.88108324855382,18318.91691214587,15000,1440p
1.0480349267632787,1.2916435822991306,14341.471219243036,8000,1080p
1.180867286496919,0.8142099703444228,16818.612855686726,15000,1440p
1.306086273789359,1.7481482966118864,10986.200053256498,8000,1080p
0.7200360673547552,1.0512065184246853,18944.00703178344,15000,1440p
1.248938610383418,1.67023900345546,11494.48113089429,8000,1080p
0.7639007145003771,0.5579542273826668,25384.352652341833,15000,1440p
1.4211290296120256,1.2307097791940114,12653.269832455442,8000,1080p
0.8133113723364255,1.1515283410388717,17077.439839791597,15000,1440p
0.889168372297544,1.2642073476186284,15582.246836750914,15000,1440p
1.9452823835086226,1.387079824908722,10069.263153700262,8000,1080p
1.4077942845041858,1.1134300261183856,13308.7848862263,8000,1080p
2.1918378256827786,2.0558393546666505,7899.477897056125,4000,720p
0.6716405192687762,0.900648657584852,21341.132721620037,15000,1440p
1.971649008121379,1.3821861387264402,10004.794669629759,8000,1080p
0.9377485979033661,1.1298941288749962,16228.351042194738,15000,1440p
1.5838007258639613,1.0561347175334912,12710.322930024866,8000,1080p
1.4300443681807944,1.7282665599370928,10624.169932501194,8000,1080p
1.4965216917985673,1.2984730624701557,12005.18603791767,8000,1080p
0.7928777771299086,1.0559909596532542,18148.62858159481,15000,1440p
0.8712863199831636,1.0507817940491853,17457.462487947643,15000,1440p
1.357500747948606,1.1372106336550711,13450.22604515885,8000,1080p
2.342710928392475,3.2295954415717834,6021.641627758386,4000,720p
1.7892875873076968,1.2914371030006297,10891.733398170607,8000,1080p
2.2107414271528243,1.777905246585739,8412.485422918995,8000,1080p
1.045060610965604,1.303624249674942,14286.476897053295,8000,1080p
1.544501072287461,1.06099353807267,12878.334833846428,8000,1080p
2.488658075670312,1.6955227689327694,8019.355101077863,8000,1080p
1.3663918180666526,1.8503091206575395,10431.318496555157,8000,1080p
1.3581056550897141,1.484735255816866,11803.133925387163,8000,1080p
1.208727528353437,1.195554605457743,13956.11252445267,8000,1080p
1.5740036885085138,1.0812423149076762,12637.033237910722,8000,1080p
1.828829856407357,2.3125852998193457,8102.165741473714,8000,1080p
1.4574841329003572,1.2778719559930505,12266.933777376858,8000,1080p
0.9692183861479747,1.014658944211734,16913.561885359133,15000,1440p
1.2109369786942117,0.9810426061874256,15307.821400997162,15000,1440p
1.2563516583531755,1.0580186253781219,14498.298840020767,8000,1080p
1.40820028920856,1.5793194638845525,11231.534775714737,8000,1080p
1.9619450070892817,2.920927627848609,6871.863042241078,4000,720p
1.5751194745921042,1.4511410603098835,11087.75388404777,8000,1080p
1.7537062905547196,1.5726439069321918,10087.462235741348,8000,1080p
1.2609301565554287,1.0045931258799046,14810.89700562712,8000,1080p
1.2873673032764887,0.8773974236856239,15500.26734179472,15000,1440p
0.9644072231453455,1.0252034039460096,16864.823470034327,15000,1440p
1.2379322007928952,1.0516381197659663,14655.34021763948,8000,1080p
1.3777134478289146,1.4276046430160727,11961.007954678358,8000,1080p
1.493338078587812,1.109558832104401,12891.187454318562,8000,1080p
0.9162090206606005,0.836989274724807,19138.982788380872,15000,1440p
1.0814998687517712,1.51019860082242,12946.888842942019,8000,1080p
1.0727380418068664,0.7611023047704915,18297.357271381505,15000,1440p
1.2755674394270953,1.7820070307365201,10974.19942749733,8000,1080p
1.0185375509791625,0.8119182196467329,18331.189717043308,15000,1440p
1.1608511586638153,1.295975977033691,13657.628374604272,8000,1080p
0.7460828924702102,0.9077205958056597,20289.249743318236,15000,1440p
1.5796382793755652,1.318789603692663,11576.769667451525,8000,1080p
1.6770126337709017,1.3547862630841128,11067.499244361863,8000,1080p
1.2018196736065792,1.2837933809925877,13499.459192939841,8000,1080p
0.8635005101374047,0.961770061075887,18383.264667273816,15000,1440p
1.2351791663263323,1.612163855133454,11784.471258681431,8000,1080p
1.6184201585176134,1.2875544304673248,11546.705235203252,8000,1080p
1.271392433637436,1.238302152660301,13369.926437741966,8000,1080p
1.5087413500730693,1.2138284114677886,12324.54443371531,8000,1080p
2.1753255257133577,1.829154060443035,8379.224135889888,8000,1080p
1.4631322657541623,1.4481314784194035,11525.72729528676,8000,1080p
1.7990633010946175,1.4480957307183,10333.473559890987,8000,1080p
1.5165512828837298,1.2380926613491343,12181.041426515292,8000,1080p
1.111258243023763,1.007897505054869,15833.867817607406,15000,1440p
1.4276577428749222,1.9057088060305796,10066.229293330332,8000,1080p
0.9619496424138781,0.7111068994711333,20055.766891293853,15000,1440p
1.0178622691250865,0.7542014375069634,18935.22895052848,15000,1440p
1.2649640051908517,1.7171780985571168,11251.788423438526,8000,1080p
1.129660561651915,0.8284391864932479,17136.222009008936,15000,1440p
1.161673041848482,1.0858499978286247,14929.516364299714,8000,1080p
1.5430770201039805,1.5398893054130545,10883.81398209813,8000,1080p
1.3171702675679076,0.9441285610103465,14838.566038216484,8000,1080p
0.7376729899291952,1.0104024337547608,19195.071073813397,15000,1440p
1.7969062189148346,2.0281753536736304,8772.213445187635,8000,1080p
1.0571458954903001,1.432766757307182,13476.148234477509,8000,1080p
1.1467218352884163,1.061047127160067,15198.3439258006,15000,1440p
1.0027008684151744,1.121492878799193,15796.314269356422,15000,1440p
2.0195510902735117,1.3490882175137977,9960.826593227705,8000,1080p
0.9305225951762689,0.9382432113266673,17955.397023659785,15000,1440p
0.7098410202875828,0.9743916423563793,19922.682147325886,15000,1440p
0.6345643286003355,0.9037832925603408,21811.995896404307,15000,1440p
1.142998436513288,0.9182659249282843,16278.567964243688,15000,1440p
1.3062870280152483,0.9694481514522633,14744.436128922189,8000,1080p
0.7554748764759607,0.704701374752251,22979.7135597679,15000,1440p
1.214584728295446,1.2133349646246905,13820.239647071281,8000,1080p
0.8738525166353337,1.0813209041329863,17161.869961803284,15000,1440p
1.2042547422026055,1.6150239952109888,11901.778832547372,8000,1080p
1.3712232650609864,1.9413792227224416,10129.32645065191,8000,1080p
1.0368219322716852,1.4936863844582906,13259.957210241608,8000,1080p
1.1873947924274681,0.9911566759918424,15402.17547595791,15000,1440p
0.668066004088008,0.960788007659304,20600.02416300361,15000,1440p
1.4733965104979274,2.1240374487981786,9327.323970268366,8000,1080p
3.1965026014886266,2.25988583676311,6149.56804848576,4000,720p
1.1835008575238468,1.4637248420913382,12675.319677078403,8000,1080p
1.2096049069855985,1.233671262081973,13733.376695114,8000,1080p
2.2791226484863807,2.2651131421337722,7383.954870753047,4000,720p
0.9167820625340871,1.3729764349127875,14654.135812756605,8000,1080p
1.2288979453707345,1.434513245646122,12598.292037358808,8000,1080p
1.0231834217291134,0.7994869542465857,18409.489967179543,15000,1440p
1.6155025714359301,1.3130111684774628,11457.836629782154,8000,1080p
0.8066179802471592,1.0338828077760636,18231.142425121645,15000,1440p
0.678436307263988,0.7004796465449051,24333.921082945406,15000,1440p
1.229085327072546,1.4834151871028634,12370.295166635362,8000,1080p
0.8542793184709927,0.975666113352152,18336.30195550163,15000,1440p
1.2353723618168284,1.7162530560991938,11368.12001832228,8000,1080p
1.4080003550643354,1.3731461101052675,12064.96400683225,8000,1080p
1.0521149556135683,1.2919051983347583,14314.907635704441,8000,1080p
1.3570236632734223,1.1047821093764658,13630.007847403009,8000,1080p
1.0763680744039823,1.1601548727096034,15002.945551399202,15000,1440p
0.7867838540273145,0.8594794963275348,20382.177610142022,15000,1440p
1.5117566231533384,2.0576774584070696,9400.490731385464,8000,1080p
1.209924468682219,0.931812648507562,15666.923699780433,15000,1440p
1.4148175501169302,1.7047541474246153,10756.102200325573,8000,1080p
1.453334962314086,1.9325250955012785,9910.165047296758,8000,1080p
1.5316660008452911,1.6608981759961876,10510.18245565752,8000,1080p
1.047725160047941,0.9805190451001002,16543.58578460766,15000,1440p
1.6024078213120452,1.1421743301840348,12225.697810396885,8000,1080p
1.0548964036890172,1.109062034122466,15506.042728775898,15000,1440p
1.6405857222862135,1.3799507900969206,11108.765566129947,8000,1080p
1.3649858169139382,1.0220531482539972,14056.926799114628,8000,1080p
1.2380311343296593,1.3238214683220844,13097.721533732347,8000,1080p
1.9555125890732388,1.5853166889063863,9476.433164590739,8000,1080p
1.625490279672579,2.217310822452066,8731.763916026803,8000,1080p
1.565683875348682,1.4572189670953684,11100.069618139256,8000,1080p
1.476651369631464,1.2373578390673576,12363.418625276889,8000,1080p
0.9914314099641446,0.8793991695915959,17935.580253326865,15000,1440p
1.3988332586287964,1.6396423692960997,11043.179577160454,8000,1080p
1.4826313879282829,1.9077939187559587,9896.82088965277,8000,1080p
1.6086575390253317,1.5844105131219133,10508.523918691812,8000,1080p
0.9589187177237878,1.4096151573906321,14166.751994787934,8000,1080p
1.5529357661804055,1.6562391731207944,10455.781512274461,8000,1080p
2.4014896073789926,2.5215365943520456,6815.814221789347,4000,720p
1.4585963257515724,1.8509349480219255,10138.726370680746,8000,1080p
0.9912702784193159,0.9750209518033375,17064.83326795922,15000,1440p
1.5069061126053114,1.4895937350281907,11197.875423387639,8000,1080p
1.2013506572206973,1.2220403945176395,13846.065815886739,8000,1080p
1.736867213324815,1.4875771622694904,10406.267899664263,8000,1080p
1.698252152389731,1.3524923178650516,10998.76844067432,8000,1080p
1.360821642681083,1.3122044037963465,12552.976071527153,8000,1080p
1.4479469924210535,1.3626005468943279,11938.752691645803,8000,1080p
1.431282073140819,1.3367949022786185,12121.928796765345,8000,1080p
1.7749101862599255,1.5248557256663204,10168.731023835726,8000,1080p
0.9460337117115045,1.327793064208023,14756.811009242649,8000,1080p
1.1616765406169152,0.8198207036956673,16933.877700970836,15000,1440p
1.0466726534034745,1.2034386907002919,14912.342932684936,8000,1080p
1.0592477983285564,1.1939312213635283,14892.039960759748,8000,1080p
1.568726852322706,1.7523740620189088,10103.406329841058,8000,1080p
0.9678113806644536,1.3956032877165003,14197.4374826853,8000,1080p
1.630678107677126,1.1895271428511593,11897.868778775775,8000,1080p
1.7821632867163586,1.7218062170798307,9576.11987308886,8000,1080p
1.8085670434474235,2.154526580577199,8466.727052974495,8000,1080p
0.9339378116491395,1.3757484940466573,14527.700977077782,8000,1080p
1.804394611793634,1.2783189508396482,10884.706385544785,8000,1080p
1.6283039340980379,1.4131749698404947,11032.275106872852,8000,1080p
1.9818888013510336,1.4073577593393378,9900.262904792959,8000,1080p
0.9845273475623031,1.3262117059855025,14521.082312813307,8000,1080p
1.4834330441483197,1.3055222590498319,12031.183132093387,8000,1080p
1.133841808781946,0.9558382160469636,16057.2104826179,15000,1440p
1.6262129925243671,1.1550948307688145,12064.26405555865,8000,1080p
0.7443105832055001,0.8270193387762568,21354.16091210256,15000,1440p
1.870048865550263,1.2855853389594947,10633.181739520673,8000,1080p
0.8714606019331556,0.9837313684981058,18086.7708219974,15000,1440p
0.8759562393195439,1.303361862592028,15396.757348350382,15000,1440p
0.9861141233933728,0.9003460338903528,17786.981543418507,15000,1440p
1.6530033913052617,1.8961585792328914,9454.184474683809,8000,1080p
1.5038446634405271,1.227203751864802,12286.282371251424,8000,1080p
1.457325791567494,1.8890443757474846,10027.113057526152,8000,1080p
0.7173859184619878,0.9791609318352706,19778.075680091475,15000,1440p
1.3336626420625037,1.1058270192046653,13754.693259314934,8000,1080p
1.4013612536369253,1.4295897577354553,11852.706692982856,8000,1080p
1.033467317363327,0.9818586688825359,16649.629999812085,15000,1440p
1.549550688149205,1.1276458418451047,12533.421295025853,8000,1080p
0.7764168389430489,0.9816164902779102,19086.345771879674,15000,1440p
1.09550583548125,0.9751320854552323,16204.876603836377,15000,1440p
1.0853233889640934,0.7510741981945397,18271.87763403518,15000,1440p
1.231401663566063,1.0275634107038552,14853.895875678627,8000,1080p
1.1473950970429725,0.9874819255791196,15717.266917224055,15000,1440p
1.3767158052691195,1.4310656716244468,11950.514053936804,8000,1080p
1.0794098421157536,1.2319677374364093,14517.07081389155,8000,1080p
0.9855299001433094,1.4474944368941682,13791.243880797703,8000,1080p
0.8713890764594612,1.1022776654837776,17001.062685467798,15000,1440p
1.609355784844948,1.1279311856300351,12258.28068519156,8000,1080p
1.4681475043387249,1.9692014288092607,9761.718304597682,8000,1080p
1.128814331720674,1.2709850531631688,13982.182098785783,8000,1080p
1.3612800479280014,0.9721489477326788,14379.881308751585,8000,1080p
1.9457324960112814,1.6336516947323316,9374.358887423345,8000,1080p
0.8073312363014514,0.8546359815202643,20189.5871592333,15000,1440p
1.1934398287543913,1.4069670098690146,12903.53167112994,8000,1080p
1.0394733988172937,1.3020255547031303,14330.32116010609,8000,1080p
1.8254001213973745,1.5166029331528614,10040.215838317277,8000,1080p
1.2042213240588058,1.2748238848728455,13535.223915686613,8000,1080p
1.455472581025462,1.620862914568279,10907.273295796336,8000,1080p
1.3121683874168273,1.1949578600396968,13383.622796833994,8000,1080p
1.0543629132381023,1.3899983357293877,13727.280292212763,8000,1080p
1.2396775576353123,1.4347184306645933,12546.545891781087,8000,1080p
1.1790670474083742,1.3087659340656754,13487.413443694635,8000,1080p
1.5834713593796235,1.6053981983588332,10522.359536022155,8000,1080p
1.9474695555750687,1.3873587131684453,10061.817070011384,8000,1080p
0.8304991786593511,1.0669843082936117,17683.649017616877,15000,1440p
1.1906086665661437,1.2745137354533287,13611.669737986076,8000,1080p
0.909652822679897,1.2327970860734596,15661.711325388498,15000,1440p
1.1724402277882255,1.0901308526616642,14830.22225906292,8000,1080p
1.589629649022504,1.6801835192128982,10261.88050313226,8000,1080p
1.1961666509894069,0.8823831099308561,16143.19398595683,15000,1440p
1.4676866606662209,1.2034130863493213,12562.02881883795,8000,1080p
1.485911314618279,1.0873509393088205,13039.647221651041,8000,1080p
1.5284956462723722,1.8460879736595535,9943.280647073396,8000,1080p
1.0868912576959668,1.403566590186219,13473.19812239895,8000,1080p
1.1377510920126908,0.9480164766997239,16087.33039257764,15000,1440p
1.2981209458306548,1.5129771827794307,11936.414335201665,8000,1080p
0.7680186894029756,0.8580323863799121,20635.533840069995,15000,1440p
1.7303822246562612,1.2872828048247476,11119.336199409396,8000,1080p
0.7667363702403126,0.9522636934388554,19519.73866026718,15000,1440p
1.4337230968487165,1.0940439758939904,13274.33700748083,8000,1080p
0.8093913266816946,0.6331188331708739,23261.140845919188,15000,1440p
0.9172447134558246,1.352805759278853,14781.359446857476,8000,1080p
1.1333388931654536,0.7869128097955416,17473.975910689023,15000,1440p
2.0563413237603894,1.4181319199417093,9657.415569632449,8000,1080p
0.9101501054139789,0.6444598880381853,21583.826259529626,15000,1440p
1.0904311252916707,0.8975285514094085,16878.829280723603,15000,1440p
1.2148959817977842,1.7160048677841995,11448.50464825027,8000,1080p
1.3454770375904448,1.8806830666144747,10400.733663610108,8000,1080p
1.681336957616723,1.8794361084576627,9423.355933489034,8000,1080p
1.9823113038738294,2.3646419821603715,7719.068918408432,4000,720p
1.2487417637300764,0.9471306939965993,15280.683485022599,15000,1440p
0.981275431586392,0.6940936379261858,20028.083728298825,15000,1440p
1.4310990057687993,1.5743820812261755,11164.41296043867,8000,1080p
0.733572858543817,0.8559565882460975,21109.663660376864,15000,1440p
1.2593279782383635,1.4183203350055265,12531.306607382588,8000,1080p
1.3989621096922937,1.4331929548824556,11847.667671769317,8000,1080p
2.139080558024702,1.488041017395648,9250.98078525569,8000,1080p
2.1160492500175416,2.4225574571482684,7393.112945217826,4000,720p
1.4800814848922752,1.2954139802516813,12089.528670247579,8000,1080p
1.3044185884436958,1.1653360308245648,13586.139990677097,8000,1080p
1.359598278115981,1.0617068003056893,13857.994310189315,8000,1080p
0.6410472679293101,0.7363112335315577,24361.43673880922,15000,1440p
1.1846449681175588,0.9926622384258386,15410.977329776824,15000,1440p
1.4893733944840835,1.1875804139867407,12534.557710268278,8000,1080p
1.0602602189625638,1.102549470196336,15514.278564679937,15000,1440p
0.8077722180571232,0.8847833396443932,19824.715264039416,15000,1440p
1.0345069333960752,0.9784224294213486,16669.4532951892,15000,1440p
1.3086804778132866,1.5712963088996403,11650.938352978006,8000,1080p
0.8716345550981391,0.8848464065597584,19103.21417223266,15000,1440p
1.2031756076305957,1.4826177790910744,12493.303530305126,8000,1080p
1.2405964260326918,1.0212566439352768,14834.930016243356,8000,1080p
1.061829742726333,1.0668227422868333,15763.226847144313,15000,1440p
1.6305923425343611,1.9421662604940206,9391.743391663298,8000,1080p
0.8656021475665803,0.6931023343873588,21527.128707513115,15000,1440p
1.3196404759199543,0.9540280622083315,14757.838021377756,8000,1080p
1.4405293865861883,1.3959450553554407,11829.626068138043,8000,1080p
1.024695426460351,0.8176699860192769,18212.691018140264,15000,1440p
1.2497135938177388,1.3742330949448016,12787.77200150524,8000,1080p
1.1931560009025295,1.0222384600459036,15146.030466120694,15000,1440p
1.9021246639059908,1.5597682242663655,9692.510162471968,8000,1080p
1.366927650075293,1.7433768295202972,10788.150234205636,8000,1080p
0.929227421673524,0.9844257029420042,17534.228940650577,15000,1440p
1.5813352324977465,1.082152600556637,12597.929520677064,8000,1080p
1.1330141362199306,1.23676642187045,14159.299216733752,8000,1080p
1.1535725654594249,0.7709487699530742,17435.20915179046,15000,1440p
0.8751508765328505,1.2910809322258787,15489.769776405878,15000,1440p
0.6533730717250518,0.9573154496493682,20832.353092929225,15000,1440p
0.8294092279735201,0.81040126848794,20462.383959858143,15000,1440p
1.4136949859035939,1.0433386413867547,13656.480573692555,8000,1080p
1.1509279894824849,1.0255812415090835,15416.627470361502,15000,1440p
0.9428931227716049,1.1851431162662245,15767.791630828291,15000,1440p
1.3218843281862533,1.7250858735723955,11012.392566436347,8000,1080p
0.6465370496315999,0.7248001322655895,24468.40386372286,15000,1440p
1.6893290650346533,1.2544315177760483,11398.492185788507,8000,1080p
1.1476086661483347,1.6095865333879695,12169.770209103464,8000,1080p
1.5948386474838423,1.6396619670375792,10373.914244862413,8000,1080p
1.917201880745208,1.7630535510280192,9117.419326471245,8000,1080p
1.3634046754266151,1.7372371291793627,10821.769851053148,8000,1080p
1.4962229039865462,1.1268648157596044,12791.959547295366,8000,1080p
1.2830596017681652,1.3830356686855625,12585.608763444361,8000,1080p
1.0081861899015088,1.472154516745846,13528.154382207878,8000,1080p
1.6008433788066183,1.1122588933190651,12367.551472252648,8000,1080p
1.0912840179225833,0.9196982804206897,16685.592920257663,15000,1440p
0.7860787764445176,1.072974674395924,18049.20239642959,15000,1440p
0.7643006955237046,0.9483031442044969,19592.640879121962,15000,1440p
1.1689458749750743,1.513490846413253,12508.937017024395,8000,1080p
1.2256532110605463,1.6306763255324377,11747.395239284459,8000,1080p
1.1158553780532061,1.58914625525977,12404.588443410254,8000,1080p
1.0265624604016073,1.3884168527993634,13894.293759197784,8000,1080p
1.2605505339519372,1.7648805286512776,11090.793776384473,8000,1080p
1.0197228075025448,1.524308872304936,13189.47097488158,8000,1080p
1.8330227087645856,1.6132627149993992,9736.40539713403,8000,1080p
0.8081607261398448,0.9107526613432361,19520.722942958793,15000,1440p
1.2207905329059099,1.0824540024408875,14568.33240459539,8000,1080p
1.5661595372257877,1.7935894665680805,9987.184150396335,8000,1080p
1.3626602636262803,1.529165916400248,11603.19808699297,8000,1080p
0.8789918742662548,0.7835231679949624,20182.93437776178,15000,1440p
1.4239852144489134,1.9948015239224017,9814.719246274217,8000,1080p
1.5372978541311795,1.3630045082666442,11569.287545681576,8000,1080p
1.0940324985081087,1.3012147117236765,14008.755278647408,8000,1080p
1.0794934507732192,1.058760898761563,15692.441831019964,15000,1440p
0.9181191079385767,1.0230645867724801,17285.552156358157,15000,1440p
1.2755536990678153,1.8666269327081755,10678.708811541082,8000,1080p
1.04695801154688,1.2390774707005026,14678.001396116964,8000,1080p
1.0650619367999201,0.732905455298422,18662.42521831269,15000,1440p
1.6362750249122473,1.1955875205403532,11848.891484468992,8000,1080p
1.0616862065299466,0.9446646085039403,16724.110134963248,15000,1440p
2.859587945526827,2.3070964073135585,6494.383962425235,4000,720p
0.8644220936028685,1.2048030179017437,16215.940843478988,15000,1440p
2.2919355872921323,3.0458053093551594,6286.26092006002,4000,720p
0.9307112193886072,0.9545383789749463,17798.40294310426,15000,1440p
0.9484766716014634,0.6435234967613972,21076.90229361334,15000,1440p
1.702540086196073,1.3018585659430923,11168.435312706877,8000,1080p
0.9672188293067461,0.6669166329499461,20533.445834204183,15000,1440p
1.237375193564087,1.5836346877906298,11894.475174218942,8000,1080p
0.992031805870247,1.3669678978292783,14224.008569131198,8000,1080p
1.3552164147891146,1.2783803527323965,12740.914787641625,8000,1080p
1.0672949085849492,0.7803936966074081,18160.220237168563,15000,1440p
1.3434186987813277,1.046805901974424,14038.192055002117,8000,1080p
1.6910932795808464,2.0448395633479053,8981.540464120146,8000,1080p
1.3927848817603838,1.189085994980983,12996.169677683396,8000,1080p
0.8492861300883122,0.7400387981999389,21112.380107281835,15000,1440p
1.1200417968588559,1.645440083633753,12133.303868916699,8000,1080p
1.5608262405087563,1.4230350589153697,11245.305539662946,8000,1080p
1.2698140586342839,1.1302261089071068,13980.779344361255,8000,1080p
1.6784241226748378,2.227446170881577,8590.769656472043,8000,1080p
1.276521537126084,0.9431259761051469,15117.0092548404,15000,1440p
1.2753948239083597,1.5217308136727228,11996.040345551812,8000,1080p
1.218079052131768,1.8091410780274055,11084.239188854655,8000,1080p
1.3015202699528776,1.2836837766938667,12979.413382677973,8000,1080p
0.6719252845778062,0.7451024629464852,23679.445980238146,15000,1440p
1.2108894440651787,0.9205319294753846,15742.749142212926,15000,1440p
1.294448132768084,0.9999908073956323,14624.242734306878,8000,1080p
1.260274493717831,1.1390616300966165,13984.881762483285,8000,1080p
0.9835162921397487,1.2710440575860646,14882.915866093668,8000,1080p
1.1335643672476092,1.2896831006002516,13846.886232300669,8000,1080p
1.293664510767443,1.209533350110336,13404.626347928286,8000,1080p
1.207284962478119,0.9972099209722742,15220.91625247134,15000,1440p
1.1411328523895508,1.5671222334201502,12389.686693773183,8000,1080p
1.4766995547857569,1.0534105412830073,13262.044229670568,8000,1080p
0.6889636565110016,0.9667883841714449,20265.372577267048,15000,1440p
1.0372374650283287,1.1494984368974672,15344.528788524289,15000,1440p
1.2026089731318956,1.3635829206528056,13075.57399790273,8000,1080p
1.654106433127534,1.4551551862269188,10791.768628001975,8000,1080p
2.078573591103543,1.620338739639279,9071.432085891462,8000,1080p
1.3792075425063226,1.0524073972402226,13799.237474456988,8000,1080p
1.1189299098971481,0.8420440382885781,17111.105443825112,15000,1440p
1.0164160006140988,1.00025732765922,16638.506360734882,15000,1440p
1.275051532980215,0.9222788149880259,15270.545018879873,15000,1440p
1.2878491027069194,0.9817633691263992,14784.212025807134,8000,1080p
1.0665456821968144,1.2774965756770367,14314.77264852526,8000,1080p
1.401630700402637,1.3465308524196915,12209.77419087317,8000,1080p
1.8030925427160116,1.342722520698044,10666.37145655486,8000,1080p
1.0596971053826392,1.574603464669259,12737.510814621639,8000,1080p
1.181900422704182,1.5685817551068566,12199.47261272719,8000,1080p
2.016298235142731,1.8354915666636846,8711.387102241044,8000,1080p
1.044362163624891,1.0766788525268858,15819.794027782687,15000,1440p
1.4861506240843962,2.0827096748825618,9402.002092856552,8000,1080p
0.8407360470382165,1.148996772709014,16863.78777441217,15000,1440p
0.9725192999750666,0.662820200800777,20518.327835951488,15000,1440p
0.862264193395104,0.8761177396150964,19302.10580473348,15000,1440p
1.133631544341373,1.2514354428985028,14068.549092967382,8000,1080p
0.8919403308995554,0.757701916734549,20340.429598067905,15000,1440p
0.684925024237688,0.9300088944184056,20777.588242076887,15000,1440p
0.992174086676658,1.4614482189187152,13675.467460285414,8000,1080p
1.4165701234542278,1.3643222938936836,12066.066198993874,8000,1080p
0.6951538951204079,0.9766015732594053,20071.37564952569,15000,1440p
1.0645655641050737,0.7717328252673625,18272.864690290007,15000,1440p
1.5641640032852067,1.0696751977126935,12739.742041688425,8000,1080p
0.8235681226848397,0.6856827934564897,22232.50729294763,15000,1440p
0.949925734712237,1.2883989728389136,14990.868789859529,8000,1080p
0.7196453826628127,0.6519940564402137,24463.01195738632,15000,1440p
0.8842531961756936,0.9362462623085035,18431.442999680115,15000,1440p
1.1365244308200462,0.892664836933384,16535.88087283204,15000,1440p
1.2572446623320115,1.3918194593355744,12666.523141341511,8000,1080p
1.1518920042675562,1.0029176202057322,15571.877728271187,15000,1440p
1.4770308637777587,0.9884204109561043,13609.854043301702,8000,1080p
0.9640037802839938,0.713495389804204,20002.651922764173,15000,1440p
1.426545425811589,1.7909824148611544,10428.6376564761,8000,1080p
1.2731272127416031,1.5011312530570131,12094.919205857339,8000,1080p
1.9607187463934213,2.0670996788792952,8330.671459632167,8000,1080p
1.3818274298442532,1.9047021414212184,10209.685101686133,8000,1080p
0.9392770026881453,0.9578594260269072,17686.884028012006,15000,1440p
1.145466170793139,1.3909110540087863,13229.275074657076,8000,1080p
1.0540168584368563,1.504519781938081,13114.696686572686,8000,1080p
1.137199313220782,0.99248021322907,15755.62500520198,15000,1440p
0.7258557790344919,0.7980075030465286,22019.31918339639,15000,1440p
1.595569123956458,1.3421844391695898,11421.799439260967,8000,1080p
1.1651966625667864,1.6166178975373786,12062.066422840046,8000,1080p
1.046728614084442,1.174760224289286,15104.47922149543,15000,1440p
1.0307592703967827,1.0243052495613798,16327.678121114712,15000,1440p
2.2386999708426116,2.5799555867781865,6963.44272769881,4000,720p
1.5183204850721395,1.0170151936516079,13234.709818342804,8000,1080p
1.191336797989556,1.3858121102685095,13019.981846016013,8000,1080p
0.947261033831125,0.932149686146084,17853.69831263222,15000,1440p
1.0599634256481327,0.9413526476056215,16766.1832373369,15000,1440p
1.5040008340134337,1.39123121067202,11589.548430701157,8000,1080p
1.6778290499791861,1.4727394206786557,10650.27861241619,8000,1080p
0.6563157451531777,0.9435008687931205,20973.923953215264,15000,1440p
1.299055059489518,0.9540593326172424,14892.467119090717,8000,1080p
0.7525681416213854,0.822058259592068,21309.455991682833,15000,1440p
1.4014737751197217,1.4763768556222086,11659.54606592957,8000,1080p
1.8447428419719287,1.6745336475467258,9534.468831856224,8000,1080p
0.6980944814560917,0.9938147316139463,19832.288719034823,15000,1440p
1.7461588459049833,1.177799861977356,11475.685997050763,8000,1080p
0.7896332300098942,1.155297093036474,17252.2540280226,15000,1440p
0.6675316908925196,0.8846071811789301,21618.18932813596,15000,1440p
1.4656812739607519,1.020002579449466,13499.074692851713,8000,1080p
1.0332558710813904,1.031297476888467,16252.634998749325,15000,1440p
1.0986761271583576,0.8955304343152035,16825.956071073164,15000,1440p
0.8739812721114432,0.8308868825819192,19681.540714821494,15000,1440p
1.8532949581450826,1.3536287769712476,10463.121287411228,8000,1080p
2.251881590367382,1.7794322684696682,8323.44817966611,8000,1080p
1.3645953048315778,1.013854225355661,14107.691407418048,8000,1080p
0.9610958935218217,0.9554191543587947,17508.04515576659,15000,1440p
1.180081980300364,1.4683572000137053,12669.51200896405,8000,1080p
1.1413383896087157,0.8006781932202554,17278.138763944356,15000,1440p
1.1782849797446657,0.9097513679999574,16069.850525467897,15000,1440p
1.3224435016472162,1.5558866072651536,11657.603794680508,8000,1080p
1.327052066938451,1.3068345775374821,12739.512564207696,8000,1080p
0.7723757390591494,0.6584364471538465,23451.31829552713,15000,1440p
1.5246936414548085,1.3274410706340456,11764.672915966623,8000,1080p
0.8050496775949001,0.7334469581322334,21809.88324627782,15000,1440p
1.1639864880234347,0.856619521579878,16606.123034637236,15000,1440p
1.1172100397014935,0.8523371297229587,17036.622692212746,15000,1440p
0.5941679229103197,0.6960308383572583,26007.18044949436,15000,1440p
1.080397631193486,0.9239355128242654,16740.94553599959,15000,1440p
1.4983651914565357,1.0559639625043875,13136.299191499313,8000,1080p
1.0195199258608867,1.2776021089822949,14607.161261369674,8000,1080p
1.3081134988909804,0.9101843174971764,15126.207018782306,15000,1440p
1.838086675127789,1.7038779433163156,9473.395591043372,8000,1080p
1.903288931422029,2.645858161531077,7375.983083065784,4000,720p
0.9934076147185291,1.1830601404693055,15416.921256940088,15000,1440p
1.2607729915097712,1.4200528423692085,12516.45354053043,8000,1080p
1.1698449902045116,1.5978372394323812,12123.657709216925,8000,1080p
2.3850200132187283,1.8361699336881525,7949.045748246261,4000,720p
1.3945117371708686,1.1556046269221343,13158.00034557806,8000,1080p
1.4331582779645389,1.3502524074249151,12055.149524334414,8000,1080p
1.5866109780956883,1.9666935678549557,9443.162432625913,8000,1080p
0.95381101338173,0.7147030639367403,20110.36793523885,15000,1440p
1.590064053423525,2.065570121463504,9178.826544107615,8000,1080p
0.9924511424757742,1.458814563540793,13688.614790979831,8000,1080p
1.4169237808752742,1.405338684418455,11889.196137010522,8000,1080p
0.8934159292643025,0.5997744426456428,22471.63699366773,15000,1440p
1.239858811741614,0.8301832371436235,16209.541259352576,15000,1440p
1.2630037973045511,1.131280514299279,14014.389117190221,8000,1080p
1.4051938850174184,1.0583243551053403,13620.533208768918,8000,1080p
1.4711896412758898,1.259671338472652,12287.1256533497,8000,1080p
0.9563933947730714,0.8637559554894214,18434.988312998023,15000,1440p
1.4338594930792745,1.2616234212302582,12448.393503764875,8000,1080p
0.9306672246487964,1.2911952916894351,15101.93891532938,15000,1440p
1.2712383332683286,1.4155144421998511,12488.842407226313,8000,1080p
0.8069599689404227,1.1543552583691534,17108.128021841814,15000,1440p
0.904180379092032,0.9288172870467382,18305.769079718895,15000,1440p
1.2735178465076997,1.0063623272366298,14717.62963089957,8000,1080p
1.964542803831218,1.9980601624129324,8467.775420812268,8000,1080p
1.1507428229438876,1.5476309329862283,12435.057199269993,8000,1080p
1.2731440190167578,1.0396170579173591,14508.386678870009,8000,1080p
1.0201449593178462,1.1485484012500025,15472.188281709932,15000,1440p
1.1240867074131011,1.298200725482317,13852.374224594638,8000,1080p
1.4908261536007608,2.057823769510444,9455.548652875246,8000,1080p
0.9988407710611996,1.057312991172069,16319.0285747673,15000,1440p
1.4865723429495414,1.5756829880131358,10957.424634297735,8000,1080p
2.171847874510638,1.4932786644483889,9155.054168888304,8000,1080p
1.44318055256046,1.094999830639836,13219.876814937983,8000,1080p
0.9941729144128543,0.9398088581100356,17349.92153324592,15000,1440p
1.1868911901830512,1.247871596322188,13781.396769318413,8000,1080p
1.918586273498142,1.3235296493497406,10349.547270513913,8000,1080p
0.7467917958025806,1.0483875446732882,18691.409400414188,15000,1440p
1.9757214406842274,1.4406005014781433,9821.80033617137,8000,1080p
1.634445739068601,1.1261637530220416,12154.71876632172,8000,1080p
1.205208949011721,1.2901799695192246,13446.574099460917,8000,1080p
2.0881098461309784,1.9320625561087428,8346.515682090183,8000,1080p
1.2963849092896158,1.1468318331215013,13733.710733697093,8000,1080p
0.9521246041846179,1.134133862475411,16083.54503347736,15000,1440p
1.3457332294897404,0.9394659317023588,14683.373147439788,8000,1080p
0.9647310859892654,0.9576268415525154,17454.83061154371,15000,1440p
1.744959899803074,1.6684101239749642,9830.294332655085,8000,1080p
1.2188578856045391,1.7580404810473078,11271.608186523032,8000,1080p
0.9391760628514164,1.3310568007378887,14780.17191018434,8000,1080p
0.8106447753419009,1.1972267285549467,16711.44390210133,15000,1440p
1.4246999496247785,1.6489639123716866,10916.75391537612,8000,1080p
1.103462005752555,0.9935860101296943,16000.793375197616,15000,1440p
1.0371842450049742,0.879967161697286,17502.233721705794,15000,1440p
1.093300308465921,1.434574427465297,13273.771648198077,8000,1080p
2.4346266569460266,1.7718221292098373,7976.902538415141,4000,720p
0.843957956072837,0.9198038728976181,19024.355470707986,15000,1440p
1.0252156054029304,1.5217569440752439,13174.241711743089,8000,1080p
1.9294182535454165,1.6448552897450954,9387.762742162553,8000,1080p
0.9117411588111252,1.1270813404541382,16457.750496716664,15000,1440p
1.6181375421472521,1.1549118761299082,12100.192581799243,8000,1080p
1.165530933017268,1.3907755892215474,13126.137929113836,8000,1080p
1.48228701019296,0.9939836549199963,13550.389492042623,8000,1080p
0.6573516906353976,0.9633677245536441,20703.41830025291,15000,1440p
1.1038274021055947,1.2312348858690518,14369.823097568833,8000,1080p
0.8697246670809101,0.8102568643023164,19973.095759197236,15000,1440p
1.1755157804943013,1.092540499412104,14794.35598546288,8000,1080p
1.3186120118034559,0.9487171692232534,14799.100316260927,8000,1080p
1.1983202460914755,1.4320820307413098,12756.38798503559,8000,1080p
0.6290194499480772,0.7678507330007283,24021.15272384603,15000,1440p
1.6541693935122581,1.7831435523276167,9761.820505930482,8000,1080p
1.125567260987433,1.1106508459705065,15004.990745578969,15000,1440p
1.0007893616239494,0.9489256735841274,17209.91601032559,15000,1440p
0.9471891305821485,1.2335951624115618,15386.40575677366,15000,1440p
1.8540236369155503,1.4709760699548022,10091.559385905337,8000,1080p
1.6839996755400841,1.4202117878191747,10809.325458674995,8000,1080p
1.102405706754648,1.4988121932787768,12899.508341676734,8000,1080p
1.9459205977430574,1.3265012900169881,10253.699905108451,8000,1080p
1.2877885185391114,0.8649164729877634,15587.101870470624,15000,1440p
0.8969687362438025,1.042683122581475,17299.203384014367,15000,1440p
1.0125362268099387,1.1336343389077106,15634.559776370741,15000,1440p
0.6992250008648876,0.7280486684977553,23509.45913195745,15000,1440p
1.1982315907477734,1.2259077064873323,13841.79202831747,8000,1080p
1.370641747559565,1.4975530641464085,11698.798095252867,8000,1080p
0.804351490799449,1.0839737615056815,17769.413377827354,15000,1440p
0.9908756589934853,0.731587174536263,19480.496964476584,15000,1440p
1.2169526642809532,0.8920362575454364,15910.198319553892,15000,1440p
1.0639619410440417,1.310171143332906,14133.34080587391,8000,1080p
1.0396902740833416,0.9326955481786032,17012.103626621876,15000,1440p
1.9850293108528667,1.7422081665120175,9002.493724580869,8000,1080p
0.6794292805890189,0.7076811658376213,24190.16602927342,15000,1440p
1.38744763510775,1.0299065881451999,13880.643422976284,8000,1080p
1.0407798006096147,0.738705641546503,18856.255412431863,15000,1440p
1.4923592101859,1.0748636720346536,13070.322889525138,8000,1080p
0.9309070572140838,1.2222655617759555,15583.716653307129,15000,1440p
0.8616235128760582,1.027192156339575,17764.799682085504,15000,1440p
1.6381836531605325,1.4003742556179009,11042.880539831347,8000,1080p
1.0752703303909128,1.2696691399995348,14309.295580415544,8000,1080p
1.4795286721972902,1.4668150349045213,11388.498877140853,8000,1080p
1.0388605141239866,1.1780602876427144,15135.602486683292,15000,1440p
1.3021389096381042,1.3393529810118037,12702.833621701686,8000,1080p
1.3247121787325407,1.6681337861979966,11211.546599184494,8000,1080p
0.932896126578662,0.9844250239891702,17500.68421769746,15000,1440p
1.445516634732325,1.3938449019465482,11817.597571335611,8000,1080p
1.368933882551571,1.5569711615147994,11468.052276011887,8000,1080p
1.1447191073661305,0.9763269219071669,15819.756637481489,15000,1440p
1.1236459217938681,1.3107725484236679,13783.34596557741,8000,1080p
1.1596423354353882,1.0749182783118463,15016.120750347907,15000,1440p
0.9626406300968113,0.9473999281199903,17567.392407272306,15000,1440p
1.1038212943666315,0.9884897017542622,16037.019382973805,15000,1440p
1.1503574077112935,1.4086563845138904,13112.251329768267,8000,1080p
1.3435861041630948,1.209440271895828,13143.0024831148,8000,1080p
0.9940705445288044,1.3376999975923036,14390.10888673335,8000,1080p
1.0294729714082553,0.7651599337294552,18697.10061814854,15000,1440p
1.2837820693541078,1.5285181135990982,11931.312383859526,8000,1080p
0.9370303254519352,0.7351659582589269,20066.084542143297,15000,1440p
1.2551285027908892,0.853364316053711,15913.941797718318,15000,1440p
1.0585678422092208,0.8319566520985975,17748.74226757128,15000,1440p
1.6748413924824308,1.4326295677493008,10797.987311681189,8000,1080p
1.5199178496168042,1.8854170613284265,9853.489561966808,8000,1080p
1.5218797071771892,1.424906355949412,11386.789295588716,8000,1080p
1.1477558272931223,0.9390941462299576,16078.986235580916,15000,1440p
0.9984634650768401,1.029636657796413,16544.76109022799,15000,1440p
1.7435742821534714,1.9724529620741995,9029.651774518641,8000,1080p
1.8997635230670196,2.3338550881814384,7925.709677968627,4000,720p
1.3519893762850024,1.6460946230836364,11191.958599914535,8000,1080p
1.4083971819719165,2.0383223094971217,9735.17922855354,8000,1080p
1.555677746305951,1.9011832378147324,9706.618852807353,8000,1080p
1.0301851805291942,0.9702525201308494,16773.54510411833,15000,1440p
1.6468532921305319,1.4948181629149127,10680.439530401067,8000,1080p
1.2257123309611369,1.0740043106576613,14590.681039895695,8000,1080p
1.559800673756478,1.1589567523090782,12341.826335186593,8000,1080p
0.8309003045574236,1.0420579304724669,17915.205674335022,15000,1440p
2.371275432154253,1.7221238020991083,8197.2048363175,8000,1080p
1.0842540668111131,1.3748693180261227,13644.875327075504,8000,1080p
0.9888052622415953,0.9790843932413158,17050.972297410597,15000,1440p
1.6993733326553035,1.1907971916440447,11609.845065503345,8000,1080p
1.4658420305287858,1.1436322484284942,12858.694285888121,8000,1080p
1.0599581720142102,1.3357270228743523,14006.194165907853,8000,1080p
1.6515934790766373,1.178612708576846,11855.825962920353,8000,1080p
1.9608915165671432,2.036373819003847,8394.346930488893,8000,1080p
1.5267126835185265,1.9447825529551421,9665.700141960862,8000,1080p
0.8665255891269069,1.2830311620961128,15609.930736143042,15000,1440p
1.691330389150539,1.3918139298653072,10883.1856468888,8000,1080p
1.0317206511825683,1.4690194194541104,13417.800751861896,8000,1080p
2.1670730502140287,2.299276130788906,7512.720264398413,4000,720p
1.3412603516407728,1.0330430719698993,14132.326840085503,8000,1080p
1.76003291910135,1.7600464734453465,9532.294092868213,8000,1080p
1.4100379021806804,1.4067345865068606,11912.368547604814,8000,1080p
0.8110271290580782,0.7618442181199647,21333.233681318863,15000,1440p
1.4720176170820212,1.9951977404374546,9677.631338136896,8000,1080p
0.919908278776883,1.2177634647308482,15696.718685601436,15000,1440p
1.697432937493406,1.6177007967873935,10121.592276360898,8000,1080p
0.8388897255464576,1.1061208307966672,17251.542358251638,15000,1440p
2.0655318013000823,1.804978928064385,8669.251772235648,8000,1080p
0.9704695605714283,0.8818063747378636,18115.24479715119,15000,1440p
1.23871473441955,1.6941131663748874,11440.982265243336,8000,1080p
1.2370704229025982,1.38152646320079,12813.89746473379,8000,1080p
0.8445235075392602,1.0223675847466298,17973.427661982532,15000,1440p
1.2495760823230142,1.112488956961425,14205.549568679504,8000,1080p
1.0701012008337472,1.3193342955372094,14042.828128636254,8000,1080p
0.8387142175514078,0.9743074949943172,18507.46285486294,15000,1440p
0.7158425820877715,0.9177389000267328,20540.409136229446,15000,1440p
0.8732439151015298,0.8113770016743643,19918.09057210214,15000,1440p
1.4960597003156106,2.2025553881277196,9072.161119129149,8000,1080p
1.091819386302167,1.4915379055813578,12988.691926363572,8000,1080p
1.1681896177794027,1.487185970676638,12636.416537786323,8000,1080p
1.214065376264725,1.4358043330998835,12662.672387785342,8000,1080p
0.8918133086284161,1.209069055854088,15971.590112455075,15000,1440p
1.0479834679162705,0.7771989592405362,18384.15245552725,15000,1440p
1.034708702287165,0.7299581760135783,19014.59839962015,15000,1440p
1.5777700390721552,1.4616904206310164,11039.601417705848,8000,1080p
1.6406926606770635,1.6067158069707637,10332.679838180087,8000,1080p
1.0449488915178236,1.1578448098197736,15232.671121051791,15000,1440p
1.0783978161949113,1.3505174593956497,13814.57489983534,8000,1080p
1.681382892493835,1.862104502749312,9469.324497963275,8000,1080p
0.659383526107732,0.7234710146246618,24264.614253809188,15000,1440p
1.808621428029078,1.479121238403796,10205.917982141162,8000,1080p
0.9917845845853648,0.9411332723073993,17359.47126793064,15000,1440p
0.9825019051721867,0.7834453811282328,19000.81177977573,15000,1440p
0.6853290796936671,1.0056798029345126,19842.84786715575,15000,1440p
1.0916133700690633,1.2097122323950262,14580.480034668884,8000,1080p
1.1495077270280647,0.8279054361144558,16968.852349842273,15000,1440p
0.9144295191110561,1.2626165699578813,15412.82574056588,15000,1440p
1.046713667948742,1.3889956110348436,13776.041455161745,8000,1080p
1.1310084828231122,1.166357180105174,14605.61221988083,8000,1080p
1.6977850278803235,1.3398354404746113,11046.288484542596,8000,1080p
1.5738908095577808,1.5882344686158847,10611.354405091717,8000,1080p
1.4935540146537658,1.7687055566811827,10285.64136797649,8000,1080p
0.9550258621807755,1.2011813237942592,15561.784701513607,15000,1440p
0.9453909481417307,0.9795057689284096,17431.80904327831,15000,1440p
1.6985092827710935,1.2478333761441924,11388.502928696444,8000,1080p
1.522819842726645,1.0784611010940912,12899.195713445537,8000,1080p
1.0927545826408696,0.9036263148824093,16807.630268165667,15000,1440p
1.6800362334804024,1.422400381157491,10815.509281215845,8000,1080p
1.1384947420614044,1.0699589999149532,15193.631345871863,15000,1440p
0.7748934412239876,0.6840702452404046,22998.812315414634,15000,1440p
1.191171491741195,1.0419115743332243,15026.056356688063,15000,1440p
1.2192474084997753,0.9032927740062926,15808.620386344124,15000,1440p
1.543334263707292,1.3822095254304918,11469.468385530186,8000,1080p
1.6260804965704723,1.2189682847540229,11793.974226473172,8000,1080p
1.2841081253503832,0.9387832691674536,15094.948895278003,15000,1440p
0.9230740943467081,0.8842035457480558,18566.28514379262,15000,1440p
0.7610021570590063,0.7597065556415478,22064.996221671066,15000,1440p
1.7980975412220994,1.2727872012474104,10926.633466880483,8000,1080p
1.244634460760843,1.2297214249230042,13560.875456170053,8000,1080p
1.1898615900643308,1.2822054246542014,13573.431383623103,8000,1080p
1.8414101316499516,1.3885701693686796,10388.432396760445,8000,1080p
1.3807561811045541,1.7544345627820654,10702.516925143567,8000,1080p
1.0059645786715135,1.185487638788056,15311.505189420837,15000,1440p
1.0804489470779022,1.3391411467990977,13867.816736773986,8000,1080p
1.1648485223446208,1.620580984629289,12046.41220177693,8000,1080p
1.3914995653528635,1.0908386093573184,13517.268654951718,8000,1080p
0.8097729863883474,1.1896915071975525,16781.709356499985,15000,1440p
1.2259839930960548,1.3146973263098605,13206.863743086833,8000,1080p
0.8154676721445846,0.7625013307964317,21264.31630625272,15000,1440p
1.2270316714256022,1.1268991186547084,14254.638301772331,8000,1080p
1.3560993751995367,1.2076527227392893,13088.017373823577,8000,1080p
0.6793883077332691,0.9971600882800898,20013.995468182497,15000,1440p
1.1720138004009613,1.437163904587516,12860.15587817089,8000,1080p
0.9963905335436578,0.9066517889954053,17631.99462386693,15000,1440p
0.6959738226825891,0.890139338191974,21155.131189692984,15000,1440p
1.7628148371913097,1.312784996533868,10909.882238925326,8000,1080p
2.107297339995041,1.971615056806268,8226.318375043664,8000,1080p
1.2858886143005561,1.4866326504641263,12102.497617037368,8000,1080p
1.6320179586058567,1.7588530391448773,9895.5200661593,8000,1080p
1.2514667358563876,1.0627900230668796,14499.010047446749,8000,1080p
1.1732790641358362,1.4259093124048734,12909.58066096694,8000,1080p
1.270801580672478,1.4511562982632522,12327.314930060413,8000,1080p
1.5838379162740055,1.4526738349277917,11050.321799913916,8000,1080p
1.2465676307156976,1.4206493767839383,12580.315701966585,8000,1080p
0.8479347346287347,1.2403503408417578,16067.936506437061,15000,1440p
1.209314518708526,1.1063217577560107,14490.37240478465,8000,1080p
0.9506181925933266,1.1827791075002203,15728.168400010949,15000,1440p
1.0151643837520306,0.8144066407083919,18340.054335904166,15000,1440p
0.7432964089093823,0.9871140294879044,19391.02495884055,15000,1440p
1.0397535859737501,1.3280428629755723,14171.164085869512,8000,1080p
0.8305202659076152,0.9509997134853274,18834.72113034273,15000,1440p
1.5758988107395364,1.0567548629250592,12745.478957470685,8000,1080p
1.349629107750364,1.439824607874626,12029.033431186355,8000,1080p
1.3828769757978627,0.9365814954304852,14466.49397530714,8000,1080p
1.074580335384663,1.297735628031082,14144.166509627637,8000,1080p
0.8862915366617621,1.2842795943603926,15458.803224844656,15000,1440p
1.8735697829123457,1.4444573854785887,10112.765898861553,8000,1080p
1.0776183013573795,1.1014325529372522,15398.645668993218,15000,1440p
1.320592875386716,1.2800898871640776,12902.162648661248,8000,1080p
0.7749876205040869,0.9827146946839631,19089.940150878243,15000,1440p
1.0257015473016757,1.030839409242497,16315.95611710312,15000,1440p
1.002716742773079,1.1887255374950358,15311.574620114903,15000,1440p
2.2484205273282423,1.5693952013452712,8788.908209474626,8000,1080p
0.9351197678512454,1.2889281107762387,15087.09966293859,15000,1440p
1.7824083144022442,1.717749540732376,9586.548204040773,8000,1080p
2.785391343775955,1.947301724305869,7089.92354190417,4000,720p
1.817432498425701,1.5534535515581565,9954.18756447157,8000,1080p
1.382039775191572,1.9611992663565188,10036.503995975885,8000,1080p
1.6050236195588654,1.5899683279283219,10502.19610925469,8000,1080p
1.2725583166744197,1.3031968227963495,13027.027098117062,8000,1080p
0.8567802694063301,1.265775340034407,15808.50548779785,15000,1440p
1.4362030479185257,1.4764191032299687,11520.351854348475,8000,1080p
1.5738738825721181,1.1614845728497614,12266.923164490643,8000,1080p
0.9948518595496575,1.4124588128871998,13938.554912828818,8000,1080p
1.263014712983732,1.5350876627659058,11991.852868146203,8000,1080p
1.15673910688199,1.0743919505015473,15039.202600384,15000,1440p
2.238172838034311,2.031126294341826,7859.470831064681,4000,720p
1.2694398616746767,0.878981313936702,15618.18156556355,15000,1440p
0.8708434326437153,1.0782430311639986,17215.466128910684,15000,1440p
1.4228710059901903,1.0549385958533168,13541.973513636913,8000,1080p
1.1937329224316193,1.4793554388405012,12552.6834376816,8000,1080p
0.7920746548408565,1.1221188370616906,17529.279115169134,15000,1440p
1.6932336557437575,1.217501960855705,11527.818537913374,8000,1080p
1.5481452737692887,1.1159190084417319,12595.20358576023,8000,1080p
1.339060469029836,1.1985396871353562,13222.899564566262,8000,1080p
0.622956070777169,0.8868329220719618,22224.58380536955,15000,1440p
1.2828073925383014,1.0992396559418918,14086.385078501527,8000,1080p
1.035086981439385,0.7699721505094415,18589.104038809557,15000,1440p
1.515455880576263,1.5738947756033606,10861.321919828402,8000,1080p
0.6548162774568366,0.8786744847135334,21881.07866558646,15000,1440p
0.8563057595617328,1.2283184547150556,16096.153815252943,15000,1440p
1.7898743985912025,1.837826461637193,9249.503554129173,8000,1080p
0.8293297414178962,0.740371333631936,21376.31969127292,15000,1440p
1.4172780645381122,1.6952721076322042,10780.366626701858,8000,1080p
1.3499383751803955,1.9146876865701135,10278.185423174606,8000,1080p
1.1172518978056176,0.8457587879967419,17093.35167795329,15000,1440p
1.2056363838426696,1.1295465881045896,14369.080454547713,8000,1080p
1.7971962885864847,1.2401378110173,11047.32996096054,8000,1080p
1.141381538480257,1.1870893783430965,14410.500795851496,8000,1080p
1.355916521619663,1.0860496757119538,13740.743846768055,8000,1080p
0.9576083268351815,0.858365597493591,18477.375446017224,15000,1440p
1.219625642087899,1.253249537473983,13568.99542577997,8000,1080p
0.9295611481812548,0.992315471146442,17459.201939684284,15000,1440p
0.9111695674781752,1.15802468834663,16216.182654453003,15000,1440p
1.621951071908412,1.203442081280803,11876.022266892242,8000,1080p
1.6682594017552002,1.3881189874502229,10978.494062943319,8000,1080p
1.7527768284174277,2.1919119324376624,8506.230537875543,8000,1080p
0.9470378124329258,1.2996225351921207,14935.249128988511,8000,1080p
1.0237977898871662,0.8281766625171378,18118.193777694047,15000,1440p
0.7308238622777146,0.9269396409685027,20240.783401428504,15000,1440p
1.6593551611547293,1.8511948799345386,9558.169405723269,8000,1080p
1.3044310289413241,1.6786193843112653,11248.362364554776,8000,1080p
1.376661192774573,1.9022332288420274,10233.459113165523,8000,1080p
0.7623953221540568,0.9529653687665652,19561.15246058925,15000,1440p
2.023915281318884,1.4649688091064466,9617.525584207464,8000,1080p
1.159153278368428,1.1788641053888698,14351.66061343673,8000,1080p
1.7695166849204766,1.1844994049676916,11358.919849779928,8000,1080p
1.6425948607605927,1.191947545140186,11837.689191083688,8000,1080p
1.1480455646690777,0.8876748664182454,16482.82911916242,15000,1440p
1.76737143406768,1.8894489117762567,9175.849187706312,8000,1080p
1.1180895457922735,0.7956015838385975,17533.880719022964,15000,1440p
1.2446410738952554,0.9262875624045876,15456.257492273251,15000,1440p
1.193483403514456,0.8101018792649792,16747.194286360627,15000,1440p
1.4540270408940612,1.475818601913965,11452.627916548096,8000,1080p
1.3945743467712663,0.9745030078133317,14163.502063394442,8000,1080p
1.6312802914555986,2.0207866248687103,9187.79221980179,8000,1080p
0.903270327905908,1.1163058146903626,16614.59119677658,15000,1440p
0.9319463808278816,1.0413695101031673,17004.085435185123,15000,1440p
2.0388327060432374,1.8543694798420511,8618.72319954273,8000,1080p
1.1613612653536636,1.1716407379310108,14382.513153764176,8000,1080p
2.009650257665025,2.5984861592438815,7281.562211760212,4000,720p
1.147630238390571,1.0919576362688221,14982.413675151332,8000,1080p
0.9750816882853307,1.116246948859326,16044.552445766105,15000,1440p
1.9084096512401012,1.460158995878992,9961.035536175525,8000,1080p
0.6748582759943389,0.9885020402617846,20172.677965243285,15000,1440p
1.270279395243975,1.193148640655887,13621.03195669077,8000,1080p
1.1235427577985924,0.823415575624336,17234.28356117323,15000,1440p
1.1469830044050946,0.8037398947775292,17201.024304405157,15000,1440p
0.8870048382077063,0.9737942963909878,18032.26977920777,15000,1440p
0.9968160627961462,1.230158470085726,15067.27243826091,15000,1440p
1.7865561845041982,1.5301892937834745,10116.673775439367,8000,1080p
1.5448621894321628,1.0586524546935425,12888.128774581186,8000,1080p
1.2956190558047238,1.2216713343165644,13329.583321685535,8000,1080p
0.9559491582863469,0.985416944309476,17283.928031469175,15000,1440p
0.985372029462962,1.3045436327870028,14653.130048916724,8000,1080p
1.5076030939156073,1.2999361455565857,11951.545156785809,8000,1080p
1.0984965271199598,1.5432906300531626,12701.41385496981,8000,1080p
1.0704484185842427,1.0424790969549207,15880.54098080965,15000,1440p
0.9585671306504874,1.2312708960436067,15322.791727503112,15000,1440p
0.9132678893142758,1.06562211472236,16956.188535772097,15000,1440p
0.9199193694608757,1.0924652089826687,16673.965980176756,15000,1440p
1.7769664616068708,1.4115871038572898,10523.402323685114,8000,1080p
1.1778452339454148,1.622605340183085,11981.797611422631,8000,1080p
1.1426725798695463,0.9397323165528464,16113.308251266162,15000,1440p
1.0127712183114261,0.7079798592636772,19499.875628312948,15000,1440p
1.360081209616509,1.046453278459332,13943.050542703275,8000,1080p
2.095691042670311,2.0187892439919604,8155.205435974968,8000,1080p
0.8819266353445119,0.7805417638798162,20183.500640166018,15000,1440p
1.4235727810388108,2.1222689237527854,9463.037211914156,8000,1080p
1.2832260434605234,0.9494220747908775,15028.983620705832,15000,1440p
0.76117195830606,1.0484650144295409,18542.0791603723,15000,1440p
0.9051304863728697,1.087516784128573,16839.122757313762,15000,1440p
1.0582319183656284,1.3023376446916142,14214.549117774219,8000,1080p
1.2047236066885383,0.9723568194755419,15412.582648185135,15000,1440p
1.7591822643743624,1.4657874543120903,10404.572733063334,8000,1080p
1.1287652168391449,1.4943494032436155,12791.828364305842,8000,1080p
0.9822836419070988,0.6879358860413043,20089.83336532787,15000,1440p
1.2581745409552259,1.1964507779891678,13669.879366529964,8000,1080p
1.2141628937278424,1.6530563511683884,11702.778592787517,8000,1080p
0.910892995692064,0.9589472170558824,17945.07989037624,15000,1440p
1.4077784220065717,1.032315916352532,13751.2847239195,8000,1080p
1.050907678794391,0.7944513489267231,18183.14566214105,15000,1440p
1.5580359414882878,1.1510904272484461,12385.702042997144,8000,1080p
2.1176391121218954,1.6539966943178803,8896.519632862857,8000,1080p
0.8241423911610565,1.2066229989617039,16523.04700641546,15000,1440p
0.7294434800363161,0.5616742446361414,25988.669630038883,15000,1440p
1.5476643074316476,1.7015441849627904,10326.955650442962,8000,1080p
1.2014501159398259,1.4735164748040444,12543.869563121903,8000,1080p
1.0836172728674365,1.1398359016024497,15091.134990058885,15000,1440p
1.5098782337898167,1.3177849963957937,11866.488074606203,8000,1080p
1.562479495616385,1.2292921892338553,12019.045891927932,8000,1080p
1.1652511629263596,1.4082521647163335,13038.425728687738,8000,1080p
1.2202655670035625,1.05072321684303,14775.252189121615,8000,1080p
1.3060420399306365,1.5461823620802837,11764.302968708538,8000,1080p
1.6270019224968033,1.1539216858748365,12065.930865194705,8000,1080p
0.8093907885716102,0.8190803103537171,20604.86797840225,15000,1440p
1.133306700076366,1.3106541374037697,13729.529330182128,8000,1080p
0.826859840349326,1.2014973751436848,16542.664055278,15000,1440p
1.4230829692027236,1.1516942713533636,13031.974755514417,8000,1080p
2.0203815076714937,2.23134930358506,7891.946477694186,4000,720p
1.9202109093655875,1.4890401634095773,9842.17098821248,8000,1080p
1.1072295285369784,0.8624705218551667,17035.300371404108,15000,1440p
2.139465874841394,2.1307409382780285,7857.800211668952,4000,720p
1.264104955316595,1.377180446679876,12703.8266953799,8000,1080p
1.5042197263263335,1.0068067838618908,13362.83462713613,8000,1080p
0.7337822767963896,1.0941770019174415,18356.225103443885,15000,1440p
1.409235959364115,1.1121337905128872,13308.01720042721,8000,1080p
1.4780420542834853,1.1738761086424943,12652.891204975156,8000,1080p
2.1402065270298034,1.644402353714748,8866.023691568042,8000,1080p
1.1070032884722327,1.3638478548786306,13580.110679793888,8000,1080p
1.7777423277670363,1.3756884560112923,10640.611543658577,8000,1080p
1.9530486754157037,1.804476135177567,8929.929592321741,8000,1080p
1.7464303971269917,1.2795520552760158,11088.772829252066,8000,1080p
0.9231134117086571,1.372293825495274,14618.073628134562,8000,1080p
1.123632190381166,1.093156188232548,15136.506634423773,15000,1440p
1.121943100929094,1.5699766448970565,12464.870861037552,8000,1080p
1.241912826859071,1.7241940514237497,11312.617305087062,8000,1080p
1.059546659096142,1.019468590855081,16139.579544107357,15000,1440p
1.1947389930096561,0.8245827710208793,16616.684174703227,15000,1440p
1.5913584022455418,2.127613773167661,9022.501491631052,8000,1080p
1.2598864401841818,1.1159980630208568,14122.922202125352,8000,1080p
1.4668913534099357,1.2578926053334916,12314.529338125618,8000,1080p
1.2052776167010104,1.1653370575152056,14154.317175605069,8000,1080p
1.084660852450375,1.4859244120863708,13053.226618431956,8000,1080p
1.1279877082661607,1.6862857291776032,11922.94663111267,8000,1080p
1.5027352100306761,1.2390419029746218,12238.205593313363,8000,1080p
1.075747851949349,0.8240793019551229,17661.834094243713,15000,1440p
1.0213209759566186,1.292671710492513,14500.664672147237,8000,1080p
1.1407198426241336,1.298379745198022,13756.892981135048,8000,1080p
1.4200352270260315,1.3194446060358238,12248.468338785675,8000,1080p
2.465218171476815,2.402285583862189,6893.560577779781,4000,720p
1.1609522478726026,1.102377779708999,14825.249341057592,8000,1080p
0.8348290330876724,0.6367263405951127,22802.01791932917,15000,1440p
1.3591526976880823,1.1313351286268465,13473.035943182706,8000,1080p
0.9479118096771282,1.2634288847845483,15173.795735789328,15000,1440p
0.9114994563618066,0.8050701343788187,19547.376454177265,15000,1440p
1.2255624158255434,1.140603482968888,14180.929586169796,8000,1080p
1.4352589979697907,1.2892314489731371,12315.855993420884,8000,1080p
1.6210425562774415,1.1396506058372249,12154.350385791373,8000,1080p
1.6982809276364288,1.2076401844280527,11546.917726256375,8000,1080p
0.9739412307484964,0.6787043824165396,20303.46477956566,15000,1440p
1.0679579581643828,1.1193564832076999,15340.470197303506,15000,1440p
1.8875895313381417,1.2636500934832418,10648.010305437154,8000,1080p
1.2780046310591953,1.0942232066155961,14144.691950369051,8000,1080p
0.6954050791433172,0.946183964862268,20440.214390152716,15000,1440p
1.959176171367477,1.4531270729051644,9833.36755205424,8000,1080p
1.209680451748135,1.0136306635253258,15092.099243102512,15000,1440p
1.5218706656062224,1.4378456357077862,11337.0433460474,8000,1080p
1.5969637113435924,1.469538940490123,10942.247834005633,8000,1080p
1.019101178982023,1.415278522360345,13783.565473166484,8000,1080p
1.6575408930532356,1.1437531637328313,11978.18983648475,8000,1080p
0.6488883670738268,0.6711679539870516,25418.939680568776,15000,1440p
0.9475254948141726,0.70038060089044,20361.859263377977,15000,1440p
1.0459802177737763,1.1617147668947803,15198.853207993114,15000,1440p
0.7187327527227118,0.9193960923577845,20483.38999753781,15000,1440p
1.0855008082339175,1.5304045823493169,12827.081637122514,8000,1080p
1.585382331977718,1.170338647803127,12176.280634430736,8000,1080p
0.8563907724766436,1.1722884681112555,16540.038133517904,15000,1440p
0.9795579134416063,1.0551329468770185,16491.16956997856,15000,1440p
1.080679884495756,1.009949873296492,16049.916000159796,15000,1440p
1.6022262643698153,1.368100758766349,11296.544703206511,8000,1080p
1.4174163260712158,1.4037093251002222,11893.987063662667,8000,1080p
1.4246653571210743,1.3348163942982418,12159.686137711025,8000,1080p
1.7765113325224797,2.0588780188237887,8748.637733017114,8000,1080p
2.124134223225421,1.812395058140717,8523.86191024476,8000,1080p
1.0806853711072621,0.7748514936102073,18083.408978839725,15000,1440p
1.0474675645725702,1.2959740794548855,14318.441462162084,8000,1080p
2.136177324435872,1.431453244073571,9405.242879174863,8000,1080p
1.0146967855819198,0.9982740108625512,16669.11018245645,15000,1440p
1.9899965621813938,1.6140676750479999,9310.164800446177,8000,1080p
1.165042223620969,1.580255371739629,12222.511707548625,8000,1080p
1.1021127339716037,1.6126759098796828,12359.868999746,8000,1080p
2.046386502811409,2.676357425996232,7104.859485462626,4000,720p
1.3224399279463663,0.9650940225957785,14668.386448230685,8000,1080p
2.051588815961777,1.696424907052858,8952.590486518073,8000,1080p
0.9491107711041008,0.8193497148565555,18973.809291403362,15000,1440p
1.3691274403052418,1.1849869905535693,13137.403553496017,8000,1080p
0.9834200088395442,1.0051373090073252,16873.75651627251,15000,1440p
1.1080769092897451,0.8391874236316947,17231.575309377225,15000,1440p
1.0556670875961884,1.0205574527550179,16161.273189808295,15000,1440p
1.2925127727116832,1.1388554194345002,13800.637891203678,8000,1080p
0.8485707849749036,1.0498798922793509,17674.639853446213,15000,1440p
1.1445478550633956,1.0650059779665242,15186.066751760212,15000,1440p
1.2857053451388072,1.1576721490407886,13732.807181833543,8000,1080p
1.1797281224506833,1.5890501296612705,12118.858552289455,8000,1080p
1.0601191594652195,0.8089471988356691,17952.50973887482,15000,1440p
0.8937825229803322,0.6846705980306087,21257.79445290692,15000,1440p
1.4461638013558882,1.3478626322345124,12009.34665348947,8000,1080p
0.7037520180949318,0.645291805294888,24872.7516617554,15000,1440p
1.29056905273061,1.2950206727085691,12977.477311989458,8000,1080p
1.683818330062405,2.110917426982841,8842.36324958948,8000,1080p
1.9722085356541237,1.3578752751901766,10076.152405153041,8000,1080p
1.286174645994626,1.4188556219357429,12404.457132257028,8000,1080p
1.5170108655605117,1.639358170634785,10630.706237204344,8000,1080p
1.6970991923712613,1.4592678873173184,10630.712826757344,8000,1080p
1.3321795550737356,1.3171989681114604,12665.020006148245,8000,1080p
1.0410251067634182,1.0222632310850466,16262.599552610061,15000,1440p
1.266109053708028,0.8704505660652395,15704.889154256696,15000,1440p
0.8193693429445684,0.7530465672926875,21339.412671636666,15000,1440p
1.0872151534485388,0.8886087397716256,16982.5013834171,15000,1440p
0.7753633528742488,1.08227731669297,18062.929257366708,15000,1440p
1.290844319353676,1.2668948827462299,13118.785516698412,8000,1080p
0.9566398771348879,0.6506129025510821,20876.885343795126,15000,1440p
1.012896734080963,0.9121683583181375,17430.28437453146,15000,1440p
1.5830584886181094,1.267081741262571,11772.905644507442,8000,1080p
1.2172648423440733,1.2543352175713283,13575.995786773248,8000,1080p
2.0681930128027775,1.3865726495939517,9712.505934981928,8000,1080p
0.9730066852442808,0.7248719706202945,19762.561879260906,15000,1440p
0.8704791819101,1.050914119857255,17463.593720835623,15000,1440p
1.5144809292131054,1.8341629041321275,10020.304836803067,8000,1080p
1.4995797767344528,1.6043952226320075,10810.148924153274,8000,1080p
0.7071204987681986,1.045112029924066,19149.53149799275,15000,1440p
1.2602392258957051,0.8907448793516273,15599.57226933656,15000,1440p
0.9236202386634889,0.8159457381627779,19288.967735054255,15000,1440p
1.618751534786389,1.3066517560447504,11470.019229542473,8000,1080p
1.2710243096063456,1.0414626091670591,14510.106728646071,8000,1080p
1.0038825248280805,0.8674805764279698,17930.47644119862,15000,1440p
0.970931642064026,1.3083498189795613,14721.495600037406,8000,1080p
1.1054266772816856,0.8883366128643049,16829.696968461598,15000,1440p
0.8633428480507934,1.1827145053762216,16399.555928282498,15000,1440p
1.9349202931908533,1.29891382287976,10376.052325396184,8000,1080p
1.0274783274162063,0.961273159970552,16872.10906581943,15000,1440p
0.5354263866191739,0.7480114751547974,26144.181186630238,15000,1440p
1.2507713210617046,1.3669747238617873,12818.062342247063,8000,1080p
1.1863003490110202,1.6278246154060563,11923.5756849023,8000,1080p
0.7951383105326615,1.1163716544082947,17553.88808607987,15000,1440p
0.7398840702738922,1.0740768159986,18497.880662107877,15000,1440p
0.8300640709807586,1.1361889148742899,17065.165185449652,15000,1440p
1.377109602136839,1.1938800296109537,13051.173596989287,8000,1080p
1.7192098028636813,1.1558040609520266,11671.050502506685,8000,1080p
1.5249309716550636,1.1269739946946007,12652.954169088318,8000,1080p
1.025441798391529,1.5015064221027161,13278.638528429006,8000,1080p
0.9972114699827133,0.9142849771340722,17554.012224616992,15000,1440p
1.0098222461960527,1.1451577719942558,15570.64646389532,15000,1440p
0.8727132307851851,0.9580430676059889,18328.180560944595,15000,1440p
1.5659021188812476,1.48883678138678,10984.3862586933,8000,1080p
2.4097834253225074,1.8505766967067276,7875.961430231823,4000,720p
1.7974989965951655,1.2307696552686922,11080.40133075634,8000,1080p
1.5048060341622278,1.368516588682254,11677.920096136775,8000,1080p
1.9436722280717114,2.377911930069848,7764.382405184872,4000,720p
0.9695885176937369,1.345777329975913,14492.0648431312,8000,1080p
1.908018160849344,1.5192359098528534,9790.471119967233,8000,1080p
2.2263480028255036,1.6401645115466965,8678.216319040721,8000,1080p
1.1336035372404596,1.1766885857568883,14523.891444717756,8000,1080p
1.7549099812763613,1.1895874918999565,11395.639597477333,8000,1080p
1.3738362120182563,1.8506608900885928,10406.097737869239,8000,1080p
1.9562686496244743,1.6261551158389556,9366.405036579843,8000,1080p
0.9046410008825064,1.1905345508899767,16015.093327913986,15000,1440p
1.1764457948424571,1.0523659491733726,15054.852474683337,15000,1440p
1.5192659203734564,1.1218313466036665,12704.731635425469,8000,1080p
0.7339616337721551,1.085311001079618,18443.872214201627,15000,1440p
1.428981718844939,1.3196943227782234,12207.488802567384,8000,1080p
0.7341098071906526,0.9750188467790167,19632.478761657614,15000,1440p
0.9926847780784147,1.2688100283815231,14837.280149462245,8000,1080p
1.0236397464384277,1.230101966251993,14888.321856520173,8000,1080p
1.608814691422985,1.775998495837112,9913.230108619757,8000,1080p
1.365019776520979,0.9587781134665205,14439.479502316142,8000,1080p
1.465797121613502,1.1377089896920392,12888.171014576172,8000,1080p
2.160836956398783,1.6691735344782166,8760.924305540655,8000,1080p
1.6548054161175434,1.6073417929379488,10285.995649385548,8000,1080p
1.5687648484513241,1.7330931790715618,10162.287936157312,8000,1080p
0.9525434399607561,0.7332646736554252,19904.063652904893,15000,1440p
1.3137176151636991,1.3580621613579984,12558.831493096866,8000,1080p
1.1255156236535004,1.6489613318289695,12093.966732610697,8000,1080p
1.0526025110880983,1.1372462885532997,15322.716347126228,15000,1440p
0.7359920587015739,0.9143682400043079,20331.579732202397,15000,1440p
1.1800214242392613,1.1471646944278489,14418.456577602059,8000,1080p
1.1142920660751383,0.8546302740664145,17042.029193283295,15000,1440p
0.8986334725385517,1.0004639143099303,17668.621015630473,15000,1440p
1.1615081002868781,1.2616292313113735,13847.515599897175,8000,1080p
1.088566930183422,1.1550293415088384,14955.646175455244,8000,1080p
1.0306606128409708,1.4784655539537657,13372.955271860183,8000,1080p
1.1125960770611878,0.9068542489025713,16615.62632593428,15000,1440p
0.9730719291337238,0.6670401408299131,20458.621465266053,15000,1440p
0.7583238730264952,1.0984750099785392,18071.118152384748,15000,1440p
1.713263960109398,1.5812141191251923,10185.052440171568,8000,1080p
1.2438306654299192,1.032444463323507,14740.938639687052,8000,1080p
0.9817848675568343,1.0236469352037436,16731.774151487294,15000,1440p
1.286143762523651,1.3583080709631878,12688.615302082037,8000,1080p
0.9504680099164081,1.2574805010481986,15197.108009253698,15000,1440p
1.073646445895413,0.7251655412496787,18653.662661685117,15000,1440p
1.283566745045714,1.8550682119740332,10690.772408863122,8000,1080p
1.0219582136438863,1.1958171452243445,15129.77040971517,15000,1440p
2.3698459786992507,2.244391855189417,7271.933785806153,4000,720p
0.7777032768998928,1.1590899358804663,17324.736465712318,15000,1440p
1.3930756030027187,1.7604591404111811,10640.260764552484,8000,1080p
1.0194465559400485,1.1353788297696261,15571.763829461808,15000,1440p
1.562752655041979,1.231778618917422,12007.177129371958,8000,1080p
2.5340939115667713,1.8316719748875427,7685.806539491621,4000,720p
1.0975001102695237,1.4879232237021032,12978.312510413907,8000,1080p
0.8060325240152789,0.7209722040783965,21974.01971498125,15000,1440p
1.5306139196866493,1.6351906901758326,10599.021776475824,8000,1080p
1.1299636091359602,1.4578815879018865,12966.166615533175,8000,1080p
1.939537608518585,2.3913834668824205,7747.64338020017,4000,720p
1.2021729586561218,0.9247653501892714,15775.930999246986,15000,1440p
0.9635592011946162,1.1161608610724092,16134.10987795327,15000,1440p
0.8587756000346273,1.1401131329900762,16786.543165524618,15000,1440p
1.7245027193908957,1.3480645175799169,10920.650196439867,8000,1080p
1.3652447126981393,1.6998476939839793,10947.282348437182,8000,1080p
0.9016738456887957,1.2129002693725504,15868.17494880124,15000,1440p
1.4564817322135797,2.000938649188518,9705.048359318276,8000,1080p
1.427441975094362,1.0508889078360903,13539.12515520294,8000,1080p
1.167642548550252,1.027724199545115,15284.20343849646,15000,1440p
1.1040854599708407,1.1139172494218907,15128.219572458003,15000,1440p
1.1842395643567711,0.8205008154515194,16737.54484019958,15000,1440p
0.9912826517788852,1.251995005630362,14957.770336264075,8000,1080p
1.016464443239409,1.3130373720398667,14404.123568359306,8000,1080p
1.011587402936188,0.8202904171520529,18316.959587612506,15000,1440p
0.7723879923889572,1.0527877450182033,18384.21983828655,15000,1440p
1.3289039969839387,0.9329854488563434,14834.69143980849,8000,1080p
1.0538034579194167,1.3903738194462274,13728.31353549169,8000,1080p
1.2303693531822786,1.191243711764967,13856.231817419179,8000,1080p
1.3169774420362859,1.0705531917604438,14054.032030006098,8000,1080p
1.2481941628008455,1.3120293312528117,13106.055810335738,8000,1080p
0.8796910401102558,1.1358372256572289,16647.959033818337,15000,1440p
1.4476150532489824,1.601083273001899,11006.150300631209,8000,1080p
1.069299748918015,1.4851280148792092,13135.792084455132,8000,1080p
0.9888573346455051,0.8529970013879623,18217.74466283869,15000,1440p
1.7400605125823363,1.1604030476766947,11568.64456418248,8000,1080p
1.1679428372582865,1.2290917882777432,13998.309262010134,8000,1080p
1.052799401349346,0.9382465375621165,16852.665899986594,15000,1440p
1.1172142931656683,1.3774480999309384,13450.490171677748,8000,1080p
1.037962517930768,0.7519955929458821,18745.931424935065,15000,1440p
1.0019325902343996,1.2553729428658644,14864.816263448016,8000,1080p
1.5587643350181921,1.8696057616448412,9787.284060335212,8000,1080p
0.9414231919828661,1.3950247405474356,14361.300987204784,8000,1080p
1.7234641052376742,2.017920284723713,8968.453519512947,8000,1080p
2.2417299483151663,2.6050154967878667,6923.085270323433,4000,720p
1.6576260657442732,2.0212813604235675,9120.760082553152,8000,1080p
0.8973706996717187,0.6964708747883416,21052.551607186622,15000,1440p
0.782754243408559,1.1519648385907322,17343.309585454477,15000,1440p
1.3535523755938101,0.9774645136979749,14394.761425428618,8000,1080p
1.002106825652087,1.3134494828160261,14490.87283141837,8000,1080p
1.8896793237249594,1.2913487247493562,10548.298062349175,8000,1080p
1.1384969709483552,0.8417071861834169,16944.93564168754,15000,1440p
1.3508133245093215,1.003829006443328,14250.330744043164,8000,1080p
1.5198135218481976,1.937932614734255,9704.134044139035,8000,1080p
0.9268590407864039,0.8699793048874485,18674.15178487655,15000,1440p
1.2481894669901088,0.9388461322266566,15342.426072998867,15000,1440p
1.7282253181081328,1.3680415918303925,10837.060555824693,8000,1080p
1.0790204379439898,1.137034458577339,15141.516599012217,15000,1440p
1.0778116311693207,1.330659304405785,13931.840116637206,8000,1080p
0.8498887634542466,0.9562151877828516,18578.350364062244,15000,1440p
1.0198722508350149,1.2749637130967018,14621.712631046435,8000,1080p
0.8105543400371272,0.5634432144116962,24421.027454783423,15000,1440p
1.3046083651900713,1.8899265390831002,10503.698662085642,8000,1080p
1.0110114184722006,1.1958083394987609,15204.881086823008,15000,1440p
1.1222922598475993,0.9489608664797236,16200.063417404517,15000,1440p
1.2263481004082588,1.4316999520538638,12623.711587500788,8000,1080p
1.0368790184648304,0.8813992473569856,17491.952339680414,15000,1440p
0.9851072587538757,1.2941211133868324,14721.83850031879,8000,1080p
1.1114906661441066,1.5368087344677772,12670.18071757571,8000,1080p
1.1848823413756897,1.3623718144185915,13172.78526120889,8000,1080p
1.5903636979497373,1.8813114881926445,9665.199133241682,8000,1080p
1.8683540508970982,1.381754019515014,10324.09731401495,8000,1080p
1.0288618656300306,1.3730682740827131,13969.77848989934,8000,1080p
1.3643228658570683,1.0553053994790487,13867.597961515326,8000,1080p
1.15221289777196,1.6279436959001843,12069.259723129459,8000,1080p
0.7661670526855094,0.6811491208443347,23183.899008165197,15000,1440p
0.9822450405970163,0.9272193283523825,17572.693445158075,15000,1440p
1.5518762650678755,1.3263051424728391,11658.206085304004,8000,1080p
1.0994997558346638,1.4920268276793378,12947.747560629532,8000,1080p
1.1398486469709472,1.2083361042988359,14289.519588207619,8000,1080p
1.000628601385574,1.4029205487670646,13960.36856490707,8000,1080p
1.0829938703407023,0.9812116916074936,16255.373310946488,15000,1440p
0.8520254734283167,1.2584835043374842,15898.739286824048,15000,1440p
0.7968395170397301,0.9145066309476478,19607.039779451727,15000,1440p
1.0203835560735761,1.32975437561585,14277.643685312962,8000,1080p
1.3217159243594823,1.479700908148524,11977.664876797338,8000,1080p
1.3662770951700534,1.624291324200124,11220.085045593662,8000,1080p
1.1051671670650185,1.6378792172861374,12232.542691011407,8000,1080p
1.0111228004862132,0.9948094222216213,16727.600075492297,15000,1440p
0.8543290164961268,1.0571430783630438,17554.235863679798,15000,1440p
1.2443454399172376,0.9200862704630894,15502.65219229482,15000,1440p
0.9936605641999728,0.6663210999071735,20213.736528257323,15000,1440p
1.002903970692906,1.1679502507948971,15456.787318037112,15000,1440p
1.1057294911936821,0.9286585055973966,16493.624644328782,15000,1440p
1.4215836452378217,1.4905969732531374,11522.098521961634,8000,1080p
1.254734049270824,0.8447828043244543,15981.97792151101,15000,1440p
1.533437256178355,1.5283492847697315,10959.102325144398,8000,1080p
1.0662306021458194,1.073454158597602,15681.951199363451,15000,1440p
0.6838990463789494,0.8663075146929289,21645.136101603806,15000,1440p
1.2170881358600167,1.2116258839856917,13815.71964661844,8000,1080p
1.2880681025179954,0.8758251369743122,15506.509927390198,15000,1440p
1.007171863895972,0.8983362824406533,17609.17793214845,15000,1440p
1.2130308114958341,1.3330709154518676,13178.747590822095,8000,1080p
1.565102866195695,1.079766659969217,12686.611444555554,8000,1080p
1.14273474554909,1.1046420470963412,14930.487895846973,8000,1080p
1.1389810664967832,0.8099684059197447,17216.676201664388,15000,1440p
1.213676669140883,1.3909969228957688,12882.394209618815,8000,1080p
1.4780722551807057,1.017466391088153,13445.767329697761,8000,1080p
0.979556280042607,0.8147008741085036,18701.016140506956,15000,1440p
1.5319839616599547,2.186563766397395,9023.531349839515,8000,1080p
1.4398153716371644,0.9956145173585127,13777.621828332401,8000,1080p
1.5661859725196698,1.2129995250091403,12073.476934100245,8000,1080p
0.8505604115665113,1.0261577520229612,17879.31328794873,15000,1440p
0.8132785532390215,1.0524990566981849,17984.154071357567,15000,1440p
0.8152618775825019,0.9969861027539241,18515.364543968728,15000,1440p
1.3725573143405865,1.5576291529734934,11451.29580465139,8000,1080p
1.1799911416231186,1.2989003598895505,13536.063187729038,8000,1080p
0.904938855809139,1.0089912093336872,17531.6917849326,15000,1440p
1.1876232668749818,1.1013926387045505,14658.889839170733,8000,1080p
0.878758480390471,0.6309596975458617,22225.626272756614,15000,1440p
1.3183330633043093,1.3373188365092492,12635.101762529835,8000,1080p
1.095410412374812,1.4075926511033579,13405.669569326377,8000,1080p
1.0402166288362713,1.1351661433157803,15424.61052351051,15000,1440p
0.9769315268765197,1.4258590589711204,13964.775872535265,8000,1080p
1.0854836506888084,1.0120247758820258,15997.281143159615,15000,1440p
0.8768509479036338,0.7279954425980896,20908.189218975578,15000,1440p
0.8182187194531894,0.9924307903923824,18531.710205395753,15000,1440p
0.9169597226110283,0.9478930870496604,17993.072604000987,15000,1440p
1.1231560515743733,0.8824260945133398,16730.51989690604,15000,1440p
1.2083063042300068,1.4468091586217708,12637.654546277328,8000,1080p
0.8807426369595188,1.1348795675098786,16647.183150491757,15000,1440p
1.2500521114093206,1.1282732973097582,14108.4276680506,8000,1080p
1.301701600442384,1.3760572621850005,12530.789261239452,8000,1080p
0.9569074338292454,0.9501694587437732,17594.692762874667,15000,1440p
1.5711184541766334,1.147536452813379,12342.291739097607,8000,1080p
1.1893826958613323,1.032930177948252,15098.878468214762,15000,1440p
1.498410683678032,1.6269405775553627,10736.21145123957,8000,1080p
1.8027090971549835,1.6744866251905977,9649.854273191582,8000,1080p
1.9769822539225794,2.748205886484163,7101.184334453114,4000,720p
1.0393923971808325,1.3522697736214484,14029.754038691926,8000,1080p
1.1239166720590748,1.3176361501591038,13743.070268500443,8000,1080p
1.190877739130924,0.798340712708691,16868.148377051853,15000,1440p
1.693493098644075,2.0104548812436063,9059.099151013861,8000,1080p
1.2109242446282829,1.3740382629270411,12980.626180042133,8000,1080p
1.1058190729583877,1.463239278830628,13060.984767681004,8000,1080p
0.818303465604084,0.653471255831835,22798.619592584815,15000,1440p
0.9237773116002208,1.2081094660276814,15739.312402572892,15000,1440p
2.4951254177289957,1.9367482866688683,7571.161598468625,4000,720p
0.9479536234481863,1.2320870188021456,15391.654334188774,15000,1440p
1.0508838919760504,0.8695334300418025,17472.46893437887,15000,1440p
0.9462685368361945,0.9545145442525098,17652.951740701075,15000,1440p
0.7091289112702639,1.0307122282483463,19285.91710923909,15000,1440p
1.2202130053395739,1.457782810706283,12529.680516657472,8000,1080p
0.9905085918316731,1.2166815635413242,15202.329494954445,15000,1440p
1.7409945066086583,1.6362659747346386,9935.399471068875,8000,1080p
1.2046813506771512,0.8060624080427781,16687.572374394076,15000,1440p
0.7777339073362775,1.0307414241659154,18553.989327644478,15000,1440p
2.0573323798360224,1.4552432928068186,9552.657402183122,8000,1080p
1.4510905741101676,1.4798552714956976,11448.328890247325,8000,1080p
1.0241306214325454,1.432809196733349,13657.001995697388,8000,1080p
1.2636696288259177,1.4491926726956752,12368.645463936728,8000,1080p
1.1966988517194912,1.2830842353939669,13531.19640760933,8000,1080p
0.8318091795868041,1.0575093301592051,17760.071595609832,15000,1440p
1.55442311285526,1.1304145154895304,12497.75094246068,8000,1080p
0.9549175121800442,1.2847892767791573,14981.61820351174,8000,1080p
1.000776060889545,0.7769443022786269,18874.977580951385,15000,1440p
1.2128599671601377,0.950466212924594,15510.574553618984,15000,1440p
0.650265992857217,0.9228175156389207,21330.356474258588,15000,1440p
1.184889548847615,1.615675735178416,11981.306842368227,8000,1080p
2.000383857529014,2.122495622798272,8138.591525682035,8000,1080p
0.96544243815284,1.3539065569184672,14467.17681181412,8000,1080p
0.9764949567313499,1.02529502920909,16762.213936361633,15000,1440p
1.1426426786256711,1.0961457210590893,14987.763919414956,8000,1080p
1.1943219643843537,1.046437208819039,14974.582008306825,8000,1080p
1.086614827750471,0.980509502294711,16232.420813926847,15000,1440p
0.9560372951880644,0.7709941187960784,19428.964481075785,15000,1440p
1.275780276080976,1.239328860498727,13341.143536073618,8000,1080p
0.8368793659895297,0.9644840614656405,18627.241726231314,15000,1440p
1.2474149658614184,1.4202219556163742,12578.335428575427,8000,1080p
1.0206106567633513,1.0100428951694114,16523.957012786897,15000,1440p
1.6493198656885733,1.7207545909578956,9956.584767385144,8000,1080p
1.0388758611150064,0.9012953207278556,17294.572929450736,15000,1440p
1.4319184298084224,1.6317998281242712,10952.19245866346,8000,1080p
0.9202259683227628,1.206502386569273,15777.488423858158,15000,1440p
0.9010412006301844,1.0003708471503796,17647.11233378722,15000,1440p
1.8664216418569501,1.767341270220026,9234.073001427892,8000,1080p
0.9252781406804382,0.9490418204716213,17902.189965141068,15000,1440p
1.1298296549487217,0.78111979377458,17559.036960615358,15000,1440p
1.1977635483124147,1.03101138385975,15055.101130062441,15000,1440p
1.3224487225510904,1.175792971999705,13431.219274415867,8000,1080p
2.0767908094592484,2.4185561632819526,7464.258532982375,4000,720p
1.2273332490361861,0.8514602747858637,16141.301007281927,15000,1440p
0.9850329080628664,1.3130617635663169,14600.978982389932,8000,1080p
0.675552326282272,0.609157569363491,26118.294965832556,15000,1440p
1.1621474518938488,1.0639583704704314,15073.152256689596,15000,1440p
0.8822367490996532,1.2390945342173514,15817.62936505271,15000,1440p
1.2038507335271849,1.7585006032789403,11326.958954226167,8000,1080p
1.3401512528441364,1.2193799990602407,13109.600429779623,8000,1080p
1.0453714455262817,0.8102886587814255,18082.208008949023,15000,1440p
1.0451179246059512,0.9827102339424516,16546.9800084143,15000,1440p
1.1989125388994695,0.9679980284821781,15484.91779268259,15000,1440p
1.111562039772758,1.5456229912537827,12627.811615752269,8000,1080p
1.2501774059046578,1.306283106342462,13125.347267932479,8000,1080p
0.9986932330246354,0.7128873837148815,19604.353818822547,15000,1440p
1.145730389757202,0.7938502887913255,17299.838243960152,15000,1440p
1.6700012769254444,1.2177256242076737,11619.669431632728,8000,1080p
1.5525622399576748,1.7933458140874994,10028.497931804486,8000,1080p
2.178086266468779,1.4790303737441244,9175.105773505378,8000,1080p
0.8159080142691432,0.7928306717657735,20857.60247532937,15000,1440p
1.0279131311155791,1.3248841339875432,14261.505866944859,8000,1080p
1.7693984199966817,1.516946567975261,10210.258546442803,8000,1080p
0.9243208607536578,1.0549858106135028,16952.619058684344,15000,1440p
0.9978709719559643,1.1480872603264656,15636.106749529641,15000,1440p
1.3211986043266555,1.7577256094063187,10898.1026068575,8000,1080p
2.336510104016203,1.9367891369991574,7852.113813594593,4000,720p
0.9419851390902831,0.9960386314896648,17313.736038417595,15000,1440p
0.9165647964739947,1.1422986020902133,16297.551369070863,15000,1440p
1.3523631366250095,1.9468196711985142,10170.528265493695,8000,1080p
1.1837922735433106,1.3507777251057456,13238.707953571908,8000,1080p
1.6924738558059154,1.917893564288187,9293.910590165204,8000,1080p
1.3980444484380654,0.9418686535618419,14340.033384710425,8000,1080p
1.3734119581563704,1.106838661272117,13528.6457494089,8000,1080p
1.4988241201748864,1.3957075116103224,11592.35284615122,8000,1080p
1.7643095995538298,1.588261855821721,10008.56579691939,8000,1080p
1.2118038794962278,1.035699317844365,14929.648171225746,8000,1080p
1.1445414521199715,0.8292689284364358,16999.825479963874,15000,1440p
1.8175590836713964,1.252530378252508,10929.463918283593,8000,1080p
1.2846304522824268,0.886368308484413,15455.758246562937,15000,1440p
1.2032358151192257,1.3811024075333171,12983.761841188114,8000,1080p
0.8826501388716779,0.7710234033182373,20290.84407770398,15000,1440p
1.267020746210596,1.0651575405482037,14387.593002863032,8000,1080p
0.972099336650282,0.6556789328466083,20613.638005114124,15000,1440p
2.1165081447716783,2.4693533383182946,7316.930989679802,4000,720p
0.9690928864245626,0.7620318508087153,19383.023810073584,15000,1440p
1.804191272972228,1.5942266563057117,9873.54489597143,8000,1080p
1.179122014488223,1.0740451603569325,14892.118247864126,8000,1080p
1.6758517833717232,1.4042669218166397,10893.876246872764,8000,1080p
1.7546737605609413,1.6323949052407256,9906.628802300405,8000,1080p
0.8985557468065609,0.9590008010016505,18063.747259587824,15000,1440p
0.9174065984304557,0.8759357841981475,18710.555399252527,15000,1440p
0.8479767744080797,0.6856071286912939,21879.749736670085,15000,1440p
1.2176806274499055,1.130993300740999,14286.54339678634,8000,1080p
0.8685989842459892,0.8753323556709848,19240.684098031907,15000,1440p
1.0784446307933861,1.1615819191288317,14979.47959642047,8000,1080p
1.6789992781716316,2.236161480692821,8570.384223439161,8000,1080p
1.6702894550634713,1.8880824346164666,9429.714779760721,8000,1080p
1.373533275422986,1.464867219397756,11821.59884104696,8000,1080p
0.9695559753814855,1.2899360998600096,14850.431372463961,8000,1080p
1.0324234949099262,1.0832197089737996,15860.156352641836,15000,1440p
2.8312834603038373,2.4902795122455728,6305.371593474731,4000,720p
1.684187737577462,1.706958063873701,9894.718176269846,8000,1080p
1.210562257300387,1.3520356796873327,13093.912047491356,8000,1080p
0.9802566278525033,1.031841565476259,16676.33921209801,15000,1440p
1.5136487217471795,1.1524819579081325,12585.441612463666,8000,1080p
1.054837013094219,0.8319037490943537,17784.336180386377,15000,1440p
1.641204888144441,1.314573164692997,11352.148706764023,8000,1080p
0.8631655505654361,0.7898479239991005,20298.94644920511,15000,1440p
1.3195417737291049,1.278243079564462,12916.555409682393,8000,1080p
1.0966087445688564,0.9579744643785577,16331.503077546471,15000,1440p
1.257258439642941,1.211211566860345,13593.210333364175,8000,1080p
1.3238530515426228,0.9769326308398436,14583.901602366695,8000,1080p
0.9199660906256895,0.9721685326492662,17733.638815785274,15000,1440p
1.219892896824492,1.8191507725972238,11041.115446157739,8000,1080p
1.0589084213108209,0.7778174339742618,18268.611999688943,15000,1440p
1.1939809127639958,1.2177184779076464,13913.190064146142,8000,1080p
1.0196185442017025,0.6971875021015908,19544.684195544956,15000,1440p
1.485312560297804,1.9944086387692967,9642.85069993418,8000,1080p
0.8958526536553916,1.144837293239494,16442.68991036901,15000,1440p
1.077603487822026,1.1550971361508549,15028.630188803836,15000,1440p
1.4547118515596906,1.0465407801786581,13415.051152461941,8000,1080p
0.8593281144843873,0.7353668270607213,21041.28578189941,15000,1440p
1.5838790055441454,1.314171972346158,11578.27528086709,8000,1080p
1.17351591347287,1.7005878914834358,11674.746034620039,8000,1080p
1.0635241160209883,0.9226411968273249,16894.078142911665,15000,1440p
1.545954736019577,1.2919658404433156,11823.597981667739,8000,1080p
0.7123919418235333,0.8374806145191874,21649.80072889307,15000,1440p
1.0707716559563734,0.8858504000195864,17149.163732217618,15000,1440p
1.315701658610688,1.4802654611595325,12001.010942774457,8000,1080p
1.1509057715807127,1.695109687679736,11789.968283840344,8000,1080p
1.5894599753972312,1.2149781630640568,11964.760976475067,8000,1080p
2.1081688732462673,1.7248599065073646,8754.025583433451,8000,1080p
1.125439357028209,1.3323342284264672,13652.369037806462,8000,1080p
1.292452673566387,1.0292118422317116,14452.747919294137,8000,1080p
1.3249769918537273,1.5143737268617203,11817.642596537135,8000,1080p
1.1617578330533729,1.3422805080398887,13400.12708645274,8000,1080p
1.8550847964042285,1.4560603679244752,10133.78463786041,8000,1080p
0.9924449255209191,1.4488700798576357,13744.409027952126,8000,1080p
1.051837726181346,1.0377700934312744,16057.765330443897,15000,1440p
0.9750773465426117,0.8642942977896679,18242.334061956673,15000,1440p
1.0359501504219963,0.8491339304171954,17799.965710315908,15000,1440p
0.98669549765158,1.3580725836536258,14310.34150777166,8000,1080p
0.8131267541298439,0.9870771911994312,18639.239230120987,15000,1440p
1.0596982167148985,1.1608366656903222,15110.96820224449,15000,1440p
1.3622149206487006,1.0627546130678138,13837.05301590919,8000,1080p
1.0587185760424016,0.771639267350269,18332.170466625794,15000,1440p
1.1522163413134825,1.0561000033669883,15194.57666508152,15000,1440p
1.3165642280706273,0.9999670084725403,14484.774248100119,8000,1080p
1.288512094592771,1.0861092391273546,14130.43482913253,8000,1080p
2.1899919110226476,2.0580700646380974,7898.762351455791,4000,720p
1.2749420531968167,1.4043545709870522,12523.597311746285,8000,1080p
0.8854460557317906,0.9524614147542395,18256.866865624423,15000,1440p
2.115515053688337,1.5558967530295797,9139.381188076586,8000,1080p
1.7452006728232157,1.3108977575342842,10979.499765678303,8000,1080p
0.8476275107741933,0.6793053393143098,21975.05410801473,15000,1440p
1.093432247906229,1.3842185311143032,13542.841583697593,8000,1080p
1.3880806306622826,1.0600813915037353,13705.968680256148,8000,1080p
1.6437340900894137,1.4059207050198863,11002.698421411793,8000,1080p
1.4764728908538902,1.539625431357144,11125.11212015197,8000,1080p
0.7808895891911692,0.8039365182590236,21172.311487211246,15000,1440p
0.9202496195939461,0.9916092059806373,17550.684993655675,15000,1440p
1.1629631018393163,1.01621043864188,15397.77873431349,15000,1440p
1.4383165429351168,1.5988318966675301,11048.00528102932,8000,1080p
1.1490459254648777,1.1754764916805427,14434.978881040775,8000,1080p
1.8997855993266743,1.7295428105174817,9245.355672136826,8000,1080p
0.9875540997642211,1.0645239244963065,16351.4406388575,15000,1440p
0.8481033882626526,0.5825510763697913,23453.903671017186,15000,1440p
1.0272565819295223,1.4340753503784662,13632.631811888958,8000,1080p
0.9913653035715192,0.8388508105946836,18333.590082768176,15000,1440p
1.0710073705242031,0.9289927117572598,16777.215309773088,15000,1440p
1.1536023551206778,1.239517391314042,14021.208947019697,8000,1080p
1.2339062596477643,1.2741527821206255,13378.645175889216,8000,1080p
1.2761726034764618,1.616020020841179,11601.72794781141,8000,1080p
1.3352559102298338,1.1575439860677363,13460.539712728929,8000,1080p
1.4228853446648246,0.9516280567995707,14131.077120603537,8000,1080p
1.0881595557769133,0.9633595928308976,16355.895104742503,15000,1440p
1.4649205676123302,0.982918401570974,13707.777522307802,8000,1080p
1.382731611748173,1.6670016265929493,11002.415417242088,8000,1080p
1.5038218109390022,1.3083796284711398,11931.731322574824,8000,1080p
1.0672369680067733,1.515188607978597,12993.378129472989,8000,1080p
1.4642767622932966,1.2075231415519057,12558.736884341195,8000,1080p
1.2562830383202241,1.1227982809956032,14103.94496714788,8000,1080p
1.5329973638019991,1.3003994978302433,11842.475176834285,8000,1080p
1.3810573213887778,1.5090875879639876,11609.947961922213,8000,1080p
1.4181205515368058,1.9259935129490635,10033.877838182749,8000,1080p
1.031058394974985,1.2720108896089597,14569.440973662107,8000,1080p
0.9520336071160511,1.098755605072624,16361.716650630085,15000,1440p
0.6931932872588232,0.9275585240434651,20703.004473608282,15000,1440p
1.0813779835572028,1.5372108684393415,12813.936779123003,8000,1080p
2.062386743252899,1.535465459640248,9326.239686282226,8000,1080p
1.7000979885951644,1.229650808255378,11453.006495325046,8000,1080p
1.1070482925957008,0.7569791110874173,18001.04007789802,15000,1440p
1.2150253891073286,1.5335200864019416,12208.068703605055,8000,1080p
1.8206069572977692,1.3768446260631926,10494.117307236807,8000,1080p
0.9114315923590148,0.9555252344465544,17972.794827512345,15000,1440p
1.311094243655056,1.8366360679293838,10659.881463323349,8000,1080p
2.3271624723180144,2.098892544031256,7581.114982993728,4000,720p
1.532285632687541,1.143762096998452,12538.801766415905,8000,1080p
0.8973366650002583,1.1144123015026584,16679.234118523582,15000,1440p
0.9116627773095637,1.2757965710954848,15339.45397635192,15000,1440p
1.1656015375224467,0.863227628374037,16538.815866822,15000,1440p
1.283991165201109,1.7836043704070923,10938.349469643259,8000,1080p
1.1126706606268837,1.034024400372943,15630.739833338028,15000,1440p
1.6543398384774164,1.611388835405373,10274.715186337096,8000,1080p
1.2149159797208329,1.1247810251912358,14341.357846573408,8000,1080p
0.9407886894202021,1.2286532795112763,15466.849300664475,15000,1440p
0.942116308784194,1.2431416498125205,15354.906668111309,15000,1440p
1.0079922500032503,1.0420499041115598,16367.679041452931,15000,1440p
0.7823080308111829,0.6080542042489046,24133.589904755918,15000,1440p
1.2096506116837475,1.6723766058529512,11642.64924211207,8000,1080p
1.3436467060996136,0.9249704765815516,14790.698164572525,8000,1080p
1.1431949164712092,1.1075973012794538,14907.831889312616,8000,1080p
1.8103216866318788,1.2189312801442902,11076.80090372569,8000,1080p
1.654718950642295,1.535918840234404,10516.528104802574,8000,1080p
0.9244599587778635,1.0365502770711057,17110.78881007139,15000,1440p
1.3133998457462561,1.2882681294911058,12897.276792953826,8000,1080p
0.9343480458622155,1.3711292865436213,14554.223339504671,8000,1080p
1.3270212552051253,1.2483905131785078,13028.763948321655,8000,1080p
1.0893316896138856,0.861677667451128,17198.49875578114,15000,1440p
0.9144836973435065,1.2416881440601437,15562.039794637303,15000,1440p
1.0478997282467923,1.1180017360404348,15492.13228453233,15000,1440p
0.8304289007453208,1.1698766281113309,16774.653429658454,15000,1440p
0.7167479614891783,0.6519515216288405,24515.558319317857,15000,1440p
1.0121953622169597,0.7522595471988067,19016.88267631067,15000,1440p
1.2732225431452346,1.312004711816336,12979.296862820203,8000,1080p
1.2922544588017884,1.7743871299217084,10941.752085859887,8000,1080p
1.1454859660938173,1.3783630366393087,13294.944334491978,8000,1080p
1.0690902188410871,1.1167923392569157,15350.5191190128,15000,1440p
1.406810171545174,1.1647247679954675,13048.406025544376,8000,1080p
1.2111661392051183,1.091340064612308,14573.003948640238,8000,1080p
1.774863200923479,1.6528546296644704,9789.146498749133,8000,1080p
1.1137896928872337,0.9244462151318065,16462.486931952604,15000,1440p
1.0948283724266143,0.9410067216303377,16481.90076787296,15000,1440p
1.1675127313664906,1.31776606195966,13501.274822810816,8000,1080p
1.7086865273317773,2.123901029907219,8755.033381200215,8000,1080p
0.7234421554692292,0.7542508936850738,22707.308543681316,15000,1440p
1.0899957780106082,1.2444442762176784,14373.653304664676,8000,1080p
2.231994615680403,1.5404591482744783,8894.59065624782,8000,1080p
1.293218848698374,1.1069324643692566,13980.131926396805,8000,1080p
0.9798633644674826,0.9867688740676652,17061.87427548382,15000,1440p
1.3741848009705393,1.5113310181042587,11628.573227076877,8000,1080p
1.2870068592740331,1.4051538542645794,12463.755165602874,8000,1080p
0.5423910069050024,0.7293276547859333,26385.10624306203,15000,1440p
0.7705183967843937,1.1554211791134534,17422.370057667762,15000,1440p
2.145354747970334,1.4983985813467653,9208.755085045415,8000,1080p
1.6849423066212166,1.363915368122622,11005.575064378563,8000,1080p
1.41996480185696,1.5207119827188202,11410.445437593557,8000,1080p
1.7988424870422215,1.208299593066309,11158.246303676144,8000,1080p
1.2075946846494574,1.2697241933313679,13544.655998160813,8000,1080p
1.7786009146095265,1.3907958607042976,10587.008941686558,8000,1080p
1.8031267709110106,1.5282104654337847,10072.361222971393,8000,1080p
1.5559965341440767,1.5012009455175706,10975.552682881844,8000,1080p
0.9921628877588503,1.0694220722292376,16276.036472537073,15000,1440p
1.0533750689401231,1.1461917546968718,15255.018233325403,15000,1440p
0.8192826961144556,1.0800998749314488,17665.968147492837,15000,1440p
1.1913409389947935,1.2009240326885384,14026.218833271307,8000,1080p
1.4347899769593728,1.6695251098473967,10808.964638481822,8000,1080p
1.7788767884603989,1.9799496114047959,8926.837377007723,8000,1080p
1.712451963228118,1.2962929694956202,11152.30195655836,8000,1080p
1.2277199017145763,0.8251516701909676,16345.119908720668,15000,1440p
1.003379574762921,0.8068989647317875,18535.50780608924,15000,1440p
1.6305577160815972,2.4269931401131988,8269.626971839762,8000,1080p
1.7785688645743216,1.288402023247601,10940.577275524589,8000,1080p
0.8508558200032438,0.6484121054703621,22380.544150839778,15000,1440p
2.2487965027242396,3.200122174220117,6157.998309274942,4000,720p
1.5344879963765674,1.5162517399120374,10998.785507943998,8000,1080p
0.9222619368929047,0.9331541111002465,18084.58649276696,15000,1440p
1.609427376626119,2.2399557287912835,8716.833601928944,8000,1080p
2.030725536470444,1.9708070103174546,8385.3952473621,8000,1080p
1.0905592674285052,1.2447821493282463,14368.105562311886,8000,1080p
1.503784072620403,1.3555022810437451,11735.247138503746,8000,1080p
0.7430430291690086,0.8546497835674317,21001.804434814858,15000,1440p
1.0109373972454143,1.226141050814029,14999.220089535456,8000,1080p
1.1070821932829684,0.9127253809713496,16612.6874795921,15000,1440p
0.9156859739506777,0.6311794878273407,21691.88777505668,15000,1440p
1.2865852109590883,0.898232061535613,15358.003812230196,15000,1440p
1.638905661367917,1.2395229055059536,11657.205041027622,8000,1080p
1.0628176695873295,1.1112201384487133,15434.152927778205,15000,1440p
0.8128504055652828,1.024966010829985,18257.77139689196,15000,1440p
1.1063316346610172,0.9523943298765618,16298.639341995588,15000,1440p
1.4118080564548998,1.7586638493240814,10583.418808675966,8000,1080p
0.8377583215285821,1.1829513928138318,16605.270792652867,15000,1440p
1.2740726483634814,1.8381212063083363,10781.600879273741,8000,1080p
1.341194016205333,1.0684281499105939,13925.183986038122,8000,1080p
1.5163106750112552,1.116770063700708,12743.411740733018,8000,1080p
1.6971494455944207,1.286248170698,11247.053298145134,8000,1080p
0.7152656826295629,0.783679227721995,22385.367046031228,15000,1440p
0.7117154676484558,1.0264357010263776,19304.668434323754,15000,1440p
1.4661572096464977,1.0436919474825486,13369.103041388384,8000,1080p
2.349706654267725,2.0083022105054167,7699.486862275277,4000,720p
0.9985148553661115,1.0115642766331163,16693.090070850452,15000,1440p
0.7173845643174096,0.9531313614162521,20086.26884850767,15000,1440p
1.0138565024948498,0.8630407603824763,17877.607189090515,15000,1440p
1.0131941829227686,1.1231956104960636,15706.137570664645,15000,1440p
1.7856612500382423,1.384661746399034,10583.915909422341,8000,1080p
0.9183647821152543,0.6812685135871073,20976.32756841751,15000,1440p
1.4830632562392303,1.6050535223059264,10865.661633368616,8000,1080p
1.493355552169698,1.7206838033585197,10439.956792154908,8000,1080p
0.9516306106083167,1.0437545287881975,16816.017789000987,15000,1440p
1.448961754818564,1.2620853877997253,12376.92678689225,8000,1080p
1.3992933383286796,2.0031727908739576,9861.797509756087,8000,1080p
1.2539929711035926,1.408864825228062,12600.91021241333,8000,1080p
1.072715386899344,1.6004213409511998,12552.456314863084,8000,1080p
1.2662997537127645,1.0580465167072017,14436.072811964174,8000,1080p
1.4754462863438942,1.5671415313151775,11028.254239779462,8000,1080p
1.554673809840835,1.405436459534942,11335.53447219245,8000,1080p
0.6749595090216214,0.7716417805734965,23195.3560675944,15000,1440p
1.9568369455113976,2.003495108662414,8472.630966546563,8000,1080p
0.95875648210602,1.20460097337235,15510.350319143312,15000,1440p
1.4321299164730692,1.8480547047635927,10229.43397233222,8000,1080p
0.9752227196851662,0.6536032567811749,20600.37872971225,15000,1440p
0.8883348782162547,1.048773545205791,17321.91734560919,15000,1440p
1.2376028072630374,1.8534188965646472,10855.450144024793,8000,1080p
1.6126994320812653,2.039202275543931,9188.207867133477,8000,1080p
1.1716232020295054,0.8629083394413963,16492.46095036758,15000,1440p
1.4924288221224657,1.3210570562683286,11926.284136599912,8000,1080p
1.1012541999654286,0.9791729471119148,16128.626300199185,15000,1440p
1.140518103842441,1.5248514509187214,12589.035520444644,8000,1080p
0.8627084949380543,0.9699860610728279,18308.796678610728,15000,1440p
1.028902332593683,1.3592401414064235,14050.431398172312,8000,1080p
1.0034891680452172,1.0087958713677645,16674.790769099196,15000,1440p
1.8164912667436741,1.5965950066854304,9831.111584029222,8000,1080p
1.0655257844064372,1.550551500917218,12826.23880733276,8000,1080p
0.8969234807060796,1.254010824136997,15599.93344494452,15000,1440p
1.3843727153046432,1.1751968697436632,13109.404095129037,8000,1080p
1.2354283145238818,1.330577891757473,13076.520203989272,8000,1080p
1.0620679830212494,1.1447615747766562,15204.813566790557,15000,1440p
1.139581495516582,0.9531175251791162,16034.045827022534,15000,1440p
1.2692459177007722,0.9395858877291763,15191.030805294222,15000,1440p
1.0464566095192467,1.525780381410927,13044.84466956757,8000,1080p
0.8557293088189636,1.0938986915210913,17210.684291643036,15000,1440p
1.6153337970994732,1.2353627762001276,11770.608038147566,8000,1080p
1.7133492364247322,1.1566306781380673,11691.521543317678,8000,1080p
1.7855536068282534,1.3949913916680619,10549.900100726047,8000,1080p
0.9856485684495251,1.1645834995583693,15605.028173115688,15000,1440p
1.0465024135250156,0.8392442534355988,17793.71141834335,15000,1440p
0.9585959096234408,0.9848797154039463,17265.1673979843,15000,1440p
1.7153257582147283,1.7791141244041069,9602.234729204536,8000,1080p
1.4890086524764337,1.8684288050712528,9994.060179607506,8000,1080p
0.9286542860759994,1.2109369192953856,15682.636905481064,15000,1440p
0.9315296927447982,0.914420850352371,18177.31906495272,15000,1440p
1.0184666180449624,0.6981433291205468,19546.916907597766,15000,1440p
1.5088001577354038,1.2185803629755174,12302.805474042792,8000,1080p
1.36615326874077,1.3601839478356814,12307.513463846328,8000,1080p
1.4296321457225116,1.2649188758120462,12452.69869890629,8000,1080p
1.1249981968731735,1.2030992832380765,14412.812301311616,8000,1080p
0.9155536163032625,0.844662124660996,19062.68147654369,15000,1440p
0.8206252566816615,0.9137239862046832,19346.986852635244,15000,1440p
2.1302093338311203,1.5557516618070175,9103.306312711222,8000,1080p
1.0792024861927778,0.7760287650130453,18086.38787115677,15000,1440p
1.4562326768455862,1.610767405788164,10940.473132033805,8000,1080p
1.0781035791527662,1.1844186925059574,14830.542187503077,8000,1080p
1.072192714014372,1.0690406749756127,15670.609365860651,15000,1440p
1.7521018121588021,1.7619822734341755,9548.556944771546,8000,1080p
1.041369062070402,1.0949322102424943,15706.788379932867,15000,1440p
1.0530808428507545,1.1996260170254351,14895.161282477817,8000,1080p
0.7351063510339452,1.0937236707536462,18347.48533229031,15000,1440p
1.5558923162108562,1.5453041898061293,10819.834194607538,8000,1080p
1.36383256221568,1.8724480359138707,10368.208498173246,8000,1080p
1.1535551821767769,1.129019359809443,14700.25682964205,8000,1080p
1.417002505176823,1.1801331645336977,12919.784049533311,8000,1080p
1.9871717499069264,1.4776107084616208,9684.426772294293,8000,1080p
0.8229351698426413,1.1708263954778433,16829.711528021326,15000,1440p
0.6364319197812918,0.8900252234800174,21981.90243868244,15000,1440p
0.9417696118709131,1.1358705084644878,16150.261862763407,15000,1440p
1.3061952809288304,1.2845338785371954,12951.73286539759,8000,1080p
1.2218472553060686,0.9734453601237472,15284.719569573364,15000,1440p
1.2621823408481856,0.8522183946497812,15869.476129413815,15000,1440p
2.207160988215888,2.3597987157891946,7347.21437777824,4000,720p
0.56740020496468,0.7084879045275199,26298.882911726938,15000,1440p
1.2483910024504024,1.0555101542794936,14564.180369450565,8000,1080p
1.3495725079697831,0.9395224392575832,14658.383672832064,8000,1080p
0.9828845919020305,1.2539384766887687,15000.932559739438,15000,1440p
0.7341139059691915,0.7280265816133109,22948.84266249871,15000,1440p
1.1131905586936588,1.4739719717710456,12969.587957805255,8000,1080p
1.192862473942653,0.8864661809635757,16137.14692039061,15000,1440p
0.7652537089418667,0.898796536354828,20164.314205558952,15000,1440p
1.4424047334248815,1.1262969604925201,13062.79825308472,8000,1080p
1.4364581137509473,1.5864466710620113,11100.062485784238,8000,1080p
1.3340897089809312,1.4497977835791194,12053.084792282138,8000,1080p
0.92524539233397,0.9160697983651312,18223.07890006611,15000,1440p
1.1113204164002513,0.9652476658419085,16158.599511830038,15000,1440p
1.394288870801694,1.6312364023067587,11090.448425018729,8000,1080p
2.5084868828154203,2.3681671672769706,6880.62586669733,4000,720p
2.5266458254932584,1.9252079848833943,7537.18190875659,4000,720p
1.5348794675582718,1.3524348362567458,11621.329882813388,8000,1080p
0.9975348392153929,1.0489352070225346,16396.24878052033,15000,1440p
0.794882240496023,1.154268435063309,17214.898992029517,15000,1440p
1.396970431654856,1.301624949787377,12434.035954685147,8000,1080p
1.3222208688272377,1.236832421698386,13112.048945689598,8000,1080p
1.097162702410349,0.9526959968530408,16369.143888823985,15000,1440p
2.3037215810685754,1.6470044117628002,8493.231892286327,8000,1080p
1.0318594353922224,1.1851670666393386,15134.880872760234,15000,1440p
1.5057932264032836,1.7733708828020343,10232.617484988172,8000,1080p
0.6518853780114426,0.9146370854603325,21419.694120207914,15000,1440p
1.6960190229695076,2.4021687835216996,8187.626722926757,8000,1080p
1.4789005864307048,1.0160858339732664,13448.743338076803,8000,1080p
0.9329756163379972,0.8374479854077899,18952.770380440306,15000,1440p
1.2681559229889288,1.016245188306945,14688.502747648181,8000,1080p
1.206926572900372,1.216580082208415,13845.405346532378,8000,1080p
1.0247139354532522,0.8734934823292659,17676.904897568158,15000,1440p
0.7014112674105487,0.6479444532909976,24867.00244065712,15000,1440p
0.9022917544799122,1.2914353940606844,15295.626907075699,15000,1440p
0.738108472268207,0.8430209120067109,21221.812922911147,15000,1440p
1.4562236507644177,2.0127932532580735,9672.605504196888,8000,1080p
1.1588634053884046,1.5434829308352287,12416.777061555442,8000,1080p
0.9590727116611663,0.6766969227592129,20512.93244105838,15000,1440p
0.9884412412238109,1.10292044387154,16044.298907804729,15000,1440p
2.3501264256711667,2.338498115864136,7156.561951751528,4000,720p
0.9939000585836176,0.9347309071935034,17398.057272444345,15000,1440p
1.3308568962904281,1.2574109010549324,12964.049560256044,8000,1080p
1.2152794920950794,1.1221674137867603,14355.163283309337,8000,1080p
1.5493036031666667,1.1491472748838325,12434.70180351827,8000,1080p
0.8503274247298078,1.065738081429671,17512.1528424442,15000,1440p
2.0297693380910524,1.5141360701186213,9468.20756622598,8000,1080p
1.4954850511463922,1.6473587994916448,10676.455336203873,8000,1080p
1.2028239651639794,1.6426970726285326,11792.016841327146,8000,1080p
1.8889162284102523,1.3023751966627397,10514.374129662112,8000,1080p
0.9770311438515423,1.3219841329041726,14595.132246076577,8000,1080p
1.133920161229159,0.9207091114393611,16331.136933730158,15000,1440p
0.8995566236355169,0.7843200077949503,19926.894508593086,15000,1440p
1.281379060082618,1.746725346376502,11081.002335463229,8000,1080p
1.215947660045005,0.9288233685266116,15644.761866420175,15000,1440p
1.2456154110381583,0.8451456967187909,16048.907680322462,15000,1440p
1.4925676834993453,1.0304366106461016,13299.395517424215,8000,1080p
1.1563538251756509,0.9617944682208244,15841.398878732462,15000,1440p
1.3603591470304097,1.7776048258224406,10693.058394005177,8000,1080p
1.5111331297305444,1.412431068353637,11477.234541997846,8000,1080p
1.8618953371110836,1.5661506100846263,9788.20952719405,8000,1080p
1.7344074759944852,1.8835218769677082,9274.485134024848,8000,1080p
1.1393258146581806,1.6346888593596727,12095.98215693651,8000,1080p
1.2685362355270018,1.446797038105698,12357.389910782227,8000,1080p
0.876992277157178,1.080950744413332,17137.59370437922,15000,1440p
1.124607561284283,0.8817205529595624,16724.29936149609,15000,1440p
1.0207209822056333,1.2240783438813059,14947.631002050855,8000,1080p
1.670393992282454,1.2158836789146121,11625.503788096556,8000,1080p
0.8634909544823102,0.8290097902292137,19825.35730329569,15000,1440p
0.9770847291220256,1.1522329970586842,15758.30210185942,15000,1440p
0.9529246881181135,1.2910791130007775,14952.93010790325,8000,1080p
1.1140521771646232,1.4823840496904295,12923.264454926739,8000,1080p
1.0002147074315801,1.2386816886606442,14987.040962934236,8000,1080p
1.2170014585844366,1.0879054417604908,14557.825305212375,8000,1080p
0.8173622462213863,1.1354323749396535,17182.775718651923,15000,1440p
1.5038669712216242,2.0419792032463437,9463.02528338941,8000,1080p
1.340458851622298,1.04705980931731,14054.102507745281,8000,1080p
0.9867844390287392,1.2023782962946545,15327.51835145923,15000,1440p
1.2143379057709747,0.8864874659385751,15972.023401780907,15000,1440p
1.5259904823509438,1.4693437980509225,11202.23282574598,8000,1080p
2.034853137575328,1.3617399075647225,9878.849645532517,8000,1080p
1.201055119684896,1.0190373259245238,15113.979630154203,15000,1440p
1.2410713432588831,1.0723350395226137,14504.339682704698,8000,1080p
1.1491638357541674,1.6988284500211575,11781.784721676411,8000,1080p
0.9365094857718044,1.2256768956979551,15518.750967801012,15000,1440p
0.9591688419668419,0.8545673174672915,18500.172599783546,15000,1440p
1.5928920525431591,1.2642150147098814,11744.198313247265,8000,1080p
1.5994010082049357,1.5125485040200473,10782.447423451044,8000,1080p
1.3572510610661699,1.6176308261127879,11279.248478607411,8000,1080p
0.8205705159359898,1.106901419509501,17408.519098486726,15000,1440p
1.2108056059944747,1.5054054017065024,12353.396663538575,8000,1080p
0.7670420431572161,1.0954836776215346,18015.55362466102,15000,1440p
1.1482958301799526,1.0299470190475286,15404.357696801417,15000,1440p
0.7348275378681886,0.6368947542826902,24461.534373248545,15000,1440p
1.041629776476633,0.8570842849567331,17672.188078003324,15000,1440p
0.8068607433474481,0.8803306688642899,19887.74466082276,15000,1440p
0.9253090337207192,1.2534352760086813,15400.812224802761,15000,1440p
0.9214387877856508,0.7567263420771287,19994.714109417637,15000,1440p
1.1448567859523793,1.0913801565322616,15004.864360535204,15000,1440p
2.0262652805166734,1.7852297193923121,8803.483147898985,8000,1080p
1.0220934492540052,1.0169190737045317,16456.216733438047,15000,1440p
1.5377127715068961,1.0621140600346943,12906.410378149534,8000,1080p
1.1437048422802292,1.3660914618364504,13369.384577131828,8000,1080p
1.068928905834514,1.2419544155957982,14520.175765183858,8000,1080p
1.296764665783163,1.0466450067448536,14318.636810866386,8000,1080p
1.3296955442865674,1.1815086605951595,13361.889062932798,8000,1080p
0.9355952577566556,1.1342552350744133,16211.041384977241,15000,1440p
2.1073757933387336,1.4143452208082938,9527.850691525318,8000,1080p
1.578396469699448,1.1765559997644628,12179.677280069154,8000,1080p
1.3188324471436625,0.9053453233850131,15086.21857686505,15000,1440p
1.6343866381779695,1.4722755787427217,10800.798302835445,8000,1080p
1.0562027509116558,1.0006761367811934,16313.275516983495,15000,1440p
0.890379422038381,0.7815847084232822,20068.870730339735,15000,1440p
1.1521088391291583,0.9802232284628771,15736.025598438704,15000,1440p
0.822036551439955,1.026095853784871,18155.859344892604,15000,1440p
0.8640817486902018,1.2131452400502925,16153.47392551711,15000,1440p
0.8789571780095344,0.6941132638195071,21330.53365428796,15000,1440p
2.3539184983228454,1.7699214932469154,8136.69591172167,8000,1080p
1.518960351247874,1.1011002392082065,12806.73894421621,8000,1080p
1.192077275794541,1.4600591741196054,12651.849794940304,8000,1080p
1.0942819093451552,1.114710197533764,15189.928427317467,15000,1440p
0.6324761065254761,0.7745058926088747,23848.515489639845,15000,1440p
1.2858731697207713,1.2277740447618184,13348.902664890014,8000,1080p
0.8234139048159849,1.1041463300813805,17407.72163303454,15000,1440p
1.8154332224907364,1.4782586496700463,10187.483620921426,8000,1080p
0.7898446399898996,1.0246828954702925,18492.10405698808,15000,1440p
1.1398354333833314,0.9740511131753073,15873.336274657637,15000,1440p
1.441395084339262,1.209512406115646,12657.715186523505,8000,1080p
1.0187742827490571,0.7208453644348234,19288.37263612098,15000,1440p
0.7684525208000346,0.9719811726249805,19279.350961063006,15000,1440p
1.5084259717028157,1.4523684767228444,11332.915061983402,8000,1080p
0.7318325950989985,0.7096765019099983,23277.29465573437,15000,1440p
0.9339598199860562,1.0427562553508967,16974.83640602269,15000,1440p
1.247343560169228,1.4127124637191513,12614.182445282213,8000,1080p
1.9426609315143397,2.175133876382267,8148.641096844696,8000,1080p
1.489960272243365,1.0760145371654832,13076.680206276187,8000,1080p
1.340404360343033,0.9919059839816595,14386.778364058364,8000,1080p
0.9119104393922022,0.9294361393411901,18222.768265103627,15000,1440p
1.1218939580233893,0.8970596047040444,16619.71459842337,15000,1440p
1.3273360634283855,1.869026178049758,10497.693773432546,8000,1080p
1.0325322998964532,1.1157361835816224,15619.291656541422,15000,1440p
0.863538719448912,0.8929408155947077,19103.229687880605,15000,1440p
0.9949707372264034,1.3816890127963837,14118.315421329573,8000,1080p
1.838459320190144,2.085788473032378,8550.538540902306,8000,1080p
1.2762253063766997,1.2376379502875374,13347.75545608831,8000,1080p
1.784063640213947,1.8503186356032169,9232.499350238422,8000,1080p
1.2970476574863727,0.9257736274517703,15095.425002165102,15000,1440p
1.9794196738388778,1.481979232362163,9693.893396651789,8000,1080p
1.501375579276263,1.1677713291219385,12571.219626175076,8000,1080p
1.4239681725778024,0.9599318551581797,14075.435886406292,8000,1080p
0.7661547235061592,0.781707412888982,21677.92028180613,15000,1440p
1.1466038064860973,1.5248068005654907,12560.56703204968,8000,1080p
1.2595655193203863,1.1407938597191085,13978.920112132053,8000,1080p
0.9929837407582792,1.2236242191296771,15137.738656183517,15000,1440p
1.3297414210042346,1.1872542543507822,13331.144081233759,8000,1080p
1.237159635741876,1.6365888767029018,11676.189428091018,8000,1080p
1.3201218331348659,0.9844906678902476,14559.68497310271,8000,1080p
0.8568261336439211,0.7578672949179941,20780.682825893695,15000,1440p
1.3843299444628832,1.0438451846369086,13818.785802505023,8000,1080p
1.2021471915388457,1.27634073429468,13538.267283959234,8000,1080p
1.1600681254667682,1.1857067676645159,14304.19947721816,8000,1080p
0.8728024807500812,1.2057237750366547,16143.376542193077,15000,1440p
0.7072561679886291,0.8889175048728539,21021.792659846655,15000,1440p
1.1151195480039418,1.178638676153588,14628.582754106155,8000,1080p
1.1223266258060007,1.5591528280918177,12513.402611094047,8000,1080p
1.199835056325972,1.3716191030270304,13048.815930843797,8000,1080p
0.834607729086947,0.7231488263274558,21540.228403066274,15000,1440p
0.8756509530252732,0.9846322993072458,18037.270376931967,15000,1440p
1.0835869172762476,1.0805013645506854,15505.11237539404,15000,1440p
1.349591942845213,1.6797931769045797,11076.317692737388,8000,1080p
2.066235018999782,1.7945457874035768,8691.099982767155,8000,1080p
1.1974516431356688,0.958393964403133,15564.39472412269,15000,1440p
1.776256480836864,1.5717790152458415,10022.125523836177,8000,1080p
2.414391632412438,1.690317420202427,8174.618851152062,8000,1080p
0.8555929482964492,1.1135350178470431,17040.249580993896,15000,1440p
1.0638160391509501,0.9397174642768231,16747.62710111557,15000,1440p
1.2134298217268198,1.2323537492008725,13719.297324117977,8000,1080p
0.8965737643899684,0.9352844132734756,18317.155994466262,15000,1440p
1.290048622280137,1.5544326364741095,11796.327325670381,8000,1080p
1.2663997491245218,1.8616430587971058,10726.973401714615,8000,1080p
0.943288178448263,1.355525031008659,14596.415168471643,8000,1080p
1.4678366054240337,1.0347537963965405,13407.880081211037,8000,1080p
1.3654554068097418,2.0230020800303525,9902.568389987735,8000,1080p
0.5692270497955977,0.7289809035531781,25846.731190827395,15000,1440p
1.4537688106167201,1.3953017677202495,11777.325649681185,8000,1080p
0.9571383885307606,0.8976988373050284,18090.229984941336,15000,1440p
1.5801462411169624,1.5039767397013453,10879.732166548374,8000,1080p
0.6884865198547896,0.6905751951116224,24331.349087460705,15000,1440p
0.7822564745615859,0.7835690234305903,21429.22825246243,15000,1440p
1.3040303319062034,1.2940157199256812,12915.256824004617,8000,1080p
1.5178994921979334,1.0665136723447746,12983.385342698173,8000,1080p
0.9428828263107665,0.7706782500617129,19581.695956255615,15000,1440p
0.8018617723941055,0.8840495096635166,19902.84563434884,15000,1440p
0.9826746761817876,1.2641732913890382,14934.00198157479,8000,1080p
1.3017738375552108,1.087076117577661,14046.270226349836,8000,1080p
1.3197251368750411,0.9065352249612828,15072.105929390367,15000,1440p
1.8274269735835478,1.4836705095133562,10133.930568729795,8000,1080p
0.8209047235562795,0.7714702840277158,21071.94086831965,15000,1440p
2.2641452036258887,1.98021387871629,7905.653444732472,4000,720p
1.0078620115728492,1.4906974546576768,13429.511065679055,8000,1080p
0.9869493328927297,0.9084568195617579,17703.03001103385,15000,1440p
1.064340743439819,0.7415322035043701,18580.726876040302,15000,1440p
0.9569847142419516,1.2457103487393621,15233.353251622852,15000,1440p
1.1169461449855975,1.1909979975619984,14538.667284625593,8000,1080p
0.8326351395554683,0.9102208902974731,19252.55524567411,15000,1440p
1.1791418489546475,1.293221145624515,13571.806435208162,8000,1080p
0.9616697335900651,1.0570111455516913,16621.959590891696,15000,1440p
0.8890844085847875,1.1262994104233754,16649.15222774451,15000,1440p
0.7414851960520603,0.7527417095346411,22456.048592449217,15000,1440p
2.789873121000468,1.926362739686129,7114.663683320345,4000,720p
0.774296584716005,0.8874111286378739,20192.74011328743,15000,1440p
1.4449036120949936,1.0026223054083008,13709.530820506556,8000,1080p
1.0381775742456505,0.8333591828792313,17928.812710869464,15000,1440p
1.0074937931240813,1.2281089560446121,15009.120923865916,15000,1440p
0.8611140945199158,1.2449875245596467,15932.009973319531,15000,1440p
1.0096081778948525,1.2616492523446048,14773.504558865605,8000,1080p
1.8826404961122918,1.3822874821786415,10277.23497213696,8000,1080p
1.631751087683937,1.3518785209154616,11246.178782811923,8000,1080p
1.0451888966587775,0.9618260441827817,16718.576088890663,15000,1440p
1.1652336373882666,1.6280264293139577,12012.641572474487,8000,1080p
1.2578346742189628,1.1862986259095307,13728.560548737652,8000,1080p
1.0709083258950536,0.8106949086485804,17832.89451462828,15000,1440p
1.07626885743311,1.46635508677966,13196.77338694649,8000,1080p
1.4713984238866846,1.1935582921808017,12590.985736351555,8000,1080p
0.9137486253170637,0.8751762327912072,18756.758758153042,15000,1440p
1.153478187623714,1.6657769130003788,11901.878617714347,8000,1080p
1.78684545844864,1.3498228896247384,10697.475243313495,8000,1080p
0.9150306415248411,0.9820457311922953,17687.443944041534,15000,1440p
1.4612665289274955,1.0399974774275684,13414.99014688049,8000,1080p
1.1212804553753428,1.2110298608378347,14386.778537463308,8000,1080p
3.2106440938056298,2.7119861826015828,5665.461194439913,4000,720p
0.9573651221416628,0.6782936049484571,20514.32333913213,15000,1440p
1.63411932042583,1.8633309984294373,9593.96958953302,8000,1080p
1.2866851936583215,1.2529478613158107,13212.31503672556,8000,1080p
1.0317190783095969,0.9823533192860978,16659.992977439993,15000,1440p
0.8734772172959404,0.6461069484134154,22081.32511326642,15000,1440p
1.3735684979937355,1.1673791023039064,13205.479717908978,8000,1080p
1.1164116726654272,1.4563348784882177,13042.26099728085,8000,1080p
0.8966158009174771,0.6501274542507051,21693.60162902506,15000,1440p
1.085721850729326,1.3327438362091066,13874.26424167175,8000,1080p
0.9713969354296312,0.9042097248553407,17889.908748192374,15000,1440p
1.0836576563190952,1.5377384335114606,12800.21440871567,8000,1080p
0.9506568534917258,1.4094340406957042,14217.432083925165,8000,1080p
1.2009044508171913,0.8247845791521822,16564.453627172632,15000,1440p
0.8262621895262615,1.0947502055983405,17467.05647769835,15000,1440p
1.6270721874204266,1.1203265811399732,12213.164096882112,8000,1080p
0.9831765308609872,1.3262529349839707,14529.316654286014,8000,1080p
1.6650768669857765,1.7865825653096739,9721.24644918556,8000,1080p
1.1218131163672962,1.0225459312446117,15647.767586947863,15000,1440p
1.1710163510446183,1.2072066629986977,14109.035108087997,8000,1080p
1.285334054352096,1.1568134794757694,13739.723556916395,8000,1080p
1.126404760267918,1.567502850041799,12455.672893749414,8000,1080p
0.987217607737572,0.9461473485970812,17355.456811223976,15000,1440p
1.0630512347923318,1.2318694737101883,14621.172694848754,8000,1080p
1.6678769377919724,1.4965616504740045,10603.597151299713,8000,1080p
1.4191081038978945,1.8015429265889382,10418.52460337124,8000,1080p
1.257029574233452,1.0861440376426819,14320.07932742705,8000,1080p
0.8020993804279558,0.6567295000924404,23000.937565775635,15000,1440p
1.9282734661372167,2.2303773041658834,8068.586148087258,8000,1080p
0.9668568774287414,1.2867136073053984,14889.453082253389,8000,1080p
1.009163537861745,1.0931658357220084,15960.597050880357,15000,1440p
1.0368282680016496,1.3371908677520672,14134.019180661302,8000,1080p
1.0929677538844504,1.0480701510026804,15672.04014623407,15000,1440p
1.2387571144526888,1.1742615423469704,13905.583326281698,8000,1080p
1.6660444947053117,1.4950974811098559,10614.655164720109,8000,1080p
1.8127925710592916,1.8537496239435651,9151.519392230492,8000,1080p
1.2110617896225915,0.8552761047041366,16238.598775217733,15000,1440p
1.0638564203235479,1.479536927678459,13192.781221339235,8000,1080p
0.8733057515268546,1.1942447113144974,16229.075228416667,15000,1440p
1.0007767150363065,1.4395488175451046,13749.98193970689,8000,1080p
0.8029661544823254,0.9965974586034172,18645.871563530694,15000,1440p
0.9448020490583883,0.9637238412954038,17581.334457967383,15000,1440p
1.559805881010279,1.2563373528440358,11915.030314021253,8000,1080p
1.4634839176851173,1.633737454851866,10833.720927256494,8000,1080p
1.3823204006361556,1.2198000063626966,12895.034338053521,8000,1080p
1.4126421804677336,1.8508934292837012,10281.619694830188,8000,1080p
1.2492076255068634,1.1996275956154,13702.200830247173,8000,1080p
1.2028088566032773,1.1295999733949955,14386.170884126195,8000,1080p
1.096469885992406,1.078059068432664,15430.666918331079,15000,1440p
1.3400522000905757,1.0397720814254994,14099.541827778998,8000,1080p
1.5609032571903971,1.9828450814397054,9468.627225648605,8000,1080p
0.5976762743437752,0.8103065557927874,23831.563341397778,15000,1440p
1.4265244898381735,1.3535360945766797,12069.676534427948,8000,1080p
0.8806528686502586,0.9300582469531231,18531.079701699786,15000,1440p
1.2164318220510486,0.8563413489542313,16188.183284776087,15000,1440p
1.3957583904538244,1.7959099885704466,10513.132323057313,8000,1080p
1.816606918429087,1.4911741623241144,10144.090911953415,8000,1080p
0.6742318163609228,0.8085587927873868,22629.24501475843,15000,1440p
1.7852842341639643,1.3060704006757475,10854.281039722837,8000,1080p
1.1721074617728668,1.682647166055004,11753.87603295732,8000,1080p
1.0342889627054177,1.438011869669559,13572.147677419365,8000,1080p
1.2932748781519352,0.926883011430822,15113.53411279502,15000,1440p
1.0800730174899678,1.1460549374901698,15073.002396351196,15000,1440p
1.3160342125801354,0.9874388148456252,14566.88730473161,8000,1080p
0.9709968885974759,1.3570748358886817,14412.971751291723,8000,1080p
1.1381485532629856,0.8535256271515583,16847.349998289395,15000,1440p
0.9913397003257572,1.3781781227808558,14160.869216846682,8000,1080p
1.7351275558538044,1.4967851931711922,10382.220872182486,8000,1080p
1.4091629341634653,1.2761856325176637,12495.373009050565,8000,1080p
1.2038092765062853,1.4798595192272266,12503.194154712657,8000,1080p
1.7291438006603437,2.327752614525128,8270.960992349115,8000,1080p
1.0991128238805978,0.89640174946119,16814.927061047758,15000,1440p
0.6840622963935477,0.8940382326043312,21262.54404166992,15000,1440p
1.3647391041918124,1.1942855886073038,13112.195476041867,8000,1080p
1.5587566302984213,1.9153641994426045,9658.395215488597,8000,1080p
0.9326882476454128,1.2458387563517914,15402.348439304937,15000,1440p
1.3406813925598653,1.8163042199509183,10628.630002945692,8000,1080p
0.9096838771448895,0.7226450792540243,20556.170291816998,15000,1440p
1.6375511396369424,1.3302226448649133,11306.263359837632,8000,1080p
1.1530037963524156,0.939280085441879,16037.227209925495,15000,1440p
1.180427919281765,0.9611518205524339,15668.075008310354,15000,1440p
0.9949213644187173,1.2297253723978878,15083.038329049614,15000,1440p
1.1710364080995328,1.0068334232878815,15406.996100691707,15000,1440p
1.4680559772717687,0.9986891348183085,13602.715511846814,8000,1080p
1.0213516640813942,0.9388913031105839,17117.48623083509,15000,1440p
1.3071485108017262,1.740989621988598,11008.173034889212,8000,1080p
1.3656619546306488,1.1292175768537678,13449.319526877358,8000,1080p
1.243042955446714,0.8596946185629506,15957.49865068316,15000,1440p
1.7517042301335077,1.4019434522824208,10639.879713606693,8000,1080p
1.2780962407602754,0.9922595341672529,14779.371748937052,8000,1080p
1.70530519114544,1.7866842640399834,9608.972887983213,8000,1080p
1.4582365575296854,1.0027056535541319,13634.790711002668,8000,1080p
1.0859739802164563,0.7437640479551535,18338.38040384924,15000,1440p
1.339345474478306,1.208310048233508,13170.709972705998,8000,1080p
1.7719415806008298,1.2486833148331813,11108.44052524397,8000,1080p
1.061987435609682,0.9483002346707252,16691.35840410324,15000,1440p
1.5567237885921459,1.5804110394228268,10695.884569689224,8000,1080p
1.0630432008177073,1.3068896317488998,14158.389444168752,8000,1080p
0.8821121852256114,0.6884884442028095,21364.076501237145,15000,1440p
1.88898106515791,1.3730441405883602,10286.380356869004,8000,1080p
1.4156688874151724,1.1473230293573249,13091.899268357483,8000,1080p
1.2007420205878832,1.6926380460362738,11596.966602161443,8000,1080p
1.6171654070964905,1.489095663529852,10802.193130931564,8000,1080p
1.2250143443000125,1.3195415088979787,13186.753970375175,8000,1080p
1.5412252002986195,1.18352991365917,12314.659702119494,8000,1080p
1.6482851825182798,1.649560189554791,10174.65290645426,8000,1080p
2.5374922819481727,2.080484591315325,7266.0459159656375,4000,720p
1.4162222641741,1.8188949900409053,10371.936892328162,8000,1080p
1.5600149747586358,2.2429500253276045,8823.22924329808,8000,1080p
1.4701650493120906,1.0811617585182192,13151.757703880845,8000,1080p
1.247137927915477,0.8874422427469171,15719.45268731112,15000,1440p
0.7191365087677256,1.0288002946499621,19196.593340441163,15000,1440p
1.134921603323298,0.9247499777266659,16291.156468204932,15000,1440p
1.896545181088528,1.3762221494110307,10252.617620354396,8000,1080p
1.0986241018530662,1.5080300149591792,12872.60622097216,8000,1080p
1.2345685414446097,1.3874714066217837,12797.07123636484,8000,1080p
0.8965705306581613,1.005862770118578,17637.6391152847,15000,1440p
0.9661739034803606,0.6955423443427652,20192.636404655026,15000,1440p
1.0273318120419384,0.9861681858025642,16664.729096558618,15000,1440p
0.7591788507310518,1.0553049672336061,18492.54959883779,15000,1440p
1.1986795585289385,1.2941630866285574,13460.308882785523,8000,1080p
0.8975259463708833,0.7346648224147181,20557.910657076867,15000,1440p
1.1402136602617776,0.7773597099916649,17498.382341200933,15000,1440p
1.141474382256779,1.0261517724159106,15479.805836291314,15000,1440p
1.3559824778721177,1.2876981061059534,12692.316992966322,8000,1080p
1.680693356276463,1.1769205785919505,11742.115192878602,8000,1080p
1.5231518633841035,1.6453422361927863,10590.02508620128,8000,1080p
0.5611495406907707,0.6172535052086283,28474.4953068159,15000,1440p
1.5330176686368149,1.181051647158886,12363.144819004976,8000,1080p
1.3231654926158054,1.714688655355864,11045.43877539473,8000,1080p
0.7854016581774873,1.0608977396858523,18173.884495023623,15000,1440p
2.0639696179416456,1.6407516240732187,9057.20830476059,8000,1080p
0.9913152261281304,0.9531507496635798,17256.373944181745,15000,1440p
1.6797225787474785,1.8593432124080185,9481.155191818165,8000,1080p
1.2442803941497653,1.169220190270879,13902.806660415485,8000,1080p
1.3501901363871085,1.7484638602695124,10828.712091186848,8000,1080p
0.7184414822273069,0.7743251432319789,22478.015938811714,15000,1440p
0.9458386049096846,1.0358808690192682,16931.978739389913,15000,1440p
0.9283143162083012,1.250703733145048,15398.877494363895,15000,1440p
1.6476757127310455,2.1787307214846043,8769.176138728219,8000,1080p
0.8875176346358923,1.3255851669132932,15161.71412214186,15000,1440p
1.0139037513249174,1.2578811312273208,14770.07451616777,8000,1080p
1.6428648244005943,1.4221262581558713,10947.644249591984,8000,1080p
0.7925706169124067,0.9167398753048317,19630.390237922627,15000,1440p
1.7154810158332443,1.3571788765439836,10920.32088655276,8000,1080p
1.8208524415632297,1.6315547058826982,9719.14104187375,8000,1080p
1.0737958336440576,1.4661658744407198,13210.605456450465,8000,1080p
1.0274374423228667,0.8505792778693086,17866.95061829184,15000,1440p
0.8820918185767535,0.9959253202437528,17866.946635574346,15000,1440p
1.1003152923670936,1.1408600857924236,14971.801103559928,8000,1080p
1.8448255772438225,1.8360654394792009,9115.845008057971,8000,1080p
2.2021843345973324,2.093263749291459,7811.625549812772,4000,720p
1.0372420335104908,0.6964377539972704,19354.457635014558,15000,1440p
1.3101811290052932,1.113526622449632,13844.256585744566,8000,1080p
1.426264731297092,1.0396785402543642,13607.138650391224,8000,1080p
1.3392332336819626,1.0815054091527954,13861.236982075334,8000,1080p
0.8315579410575453,0.6441731646667752,22737.497278361403,15000,1440p
1.0701749559626064,1.5352210965457467,12878.822000092987,8000,1080p
1.131222677135336,0.8796988697742654,16686.097004414067,15000,1440p
1.4786015209202792,1.168634939996696,12675.26815053654,8000,1080p
1.964365394864043,1.3464424897769944,10134.81699003445,8000,1080p
1.602605423750615,1.9419630470944003,9466.436401495359,8000,1080p
1.7581215557471814,1.2433072614839091,11179.486185834312,8000,1080p
1.1370847507359658,0.8015087629409268,17308.647616569167,15000,1440p
0.9082724568540803,1.0996143303176698,16711.316700910105,15000,1440p
0.9021946925966401,1.2446726930734249,15629.485185703366,15000,1440p
1.7303955955610708,1.176522443100645,11542.957714572427,8000,1080p
0.7798007562977116,1.0077774445052892,18770.88900777989,15000,1440p
0.8625479601085801,1.13259783778289,16818.03507065064,15000,1440p
1.7234952245978958,1.2467228576420057,11296.95903497292,8000,1080p
1.5671785699619587,1.3349932463173788,11561.83510975504,8000,1080p
1.2094834539129642,0.8502367363576844,16290.7719983028,15000,1440p
1.1731204965770592,0.8706786350769795,16417.676023203185,15000,1440p
1.5060018629071414,1.0041334192990894,13367.579125260545,8000,1080p
2.232156284785262,1.5886563538589749,8782.014501476924,8000,1080p
1.6057338254781246,1.1798235713728353,12045.85912964238,8000,1080p
1.0854058517254146,0.9319448698719108,16632.919422871506,15000,1440p
1.724205878433189,1.271006240423089,11202.689715616121,8000,1080p
1.4181370181069775,1.1160880059205103,13240.510089618643,8000,1080p
1.9332237418869862,2.5820705834082487,7431.283451894584,4000,720p
1.3627337787833431,1.008186009074958,14152.495656679463,8000,1080p
0.9248035583102673,0.968998982255861,17718.02037501192,15000,1440p
1.4777057200580328,1.3304126809306578,11949.080205516282,8000,1080p
0.8386216753443321,1.0873488370900513,17422.090205102857,15000,1440p
1.5159500929414464,1.631780539410301,10659.880377035519,8000,1080p
1.4210241015560785,1.489900260586497,11527.071069377556,8000,1080p
0.8481948903341541,0.9300663722568558,18869.236318576506,15000,1440p
0.9377755067134854,1.218961235074499,15557.963728193643,15000,1440p
1.2209200923655492,1.0409794447111393,14834.625256330452,8000,1080p
1.6590705012679858,1.4650183389760876,10740.549874176599,8000,1080p
1.2570589637844705,0.9866543349446231,14954.866122604095,8000,1080p
0.8914354096963446,0.9619824244745536,18104.083915330473,15000,1440p
1.705688500154877,1.9473433152414619,9185.365388436805,8000,1080p
1.0407960365982558,1.5259983744462775,13072.504699098723,8000,1080p
1.0253909998037078,0.8489721857186765,17901.777125786,15000,1440p
0.9995454330410344,0.7353362587310338,19341.049109652165,15000,1440p
1.4205861238612023,1.9563264673069658,9936.423017805322,8000,1080p
1.2266696010696783,1.4055596713760372,12747.533944420868,8000,1080p
1.1840826398427173,0.8115209604215414,16814.176921487167,15000,1440p
1.1000461760322708,1.5619745056793692,12604.87276846587,8000,1080p
1.1883350918250266,1.7709675582536892,11338.628037624834,8000,1080p
1.058407855780472,1.2891981314843577,14293.042436432832,8000,1080p
1.0924581613514703,0.8861216688770348,16958.846687588448,15000,1440p
1.015365065112691,0.7962481082120298,18521.85250917557,15000,1440p
1.2174184754430775,1.5967092765035542,11923.563874024274,8000,1080p
1.120442764496287,1.2390951729997817,14220.763932962152,8000,1080p
0.761608924368431,0.7824723344822377,21731.00140142632,15000,1440p
1.1664173523695995,1.6249257197948814,12020.891424851266,8000,1080p
1.0884744522313161,1.4552259358144406,13191.188772738598,8000,1080p
0.9751210772048833,0.7037907674226029,19985.821237353288,15000,1440p
1.632770895336306,1.1091747336489493,12237.453451043773,8000,1080p
0.8541287886498834,1.1049296022888706,17127.836594968045,15000,1440p
0.9005861789507742,1.0874868853502315,16877.86661492621,15000,1440p
0.8389914802402899,1.2314255786810944,16206.605261203124,15000,1440p
1.1754783794722394,0.7954771702809271,17024.448879226224,15000,1440p
2.4363217569308007,1.7589482719138547,7998.157870481731,4000,720p
1.2238882099617476,1.4892977150219422,12367.170156317876,8000,1080p
1.4279458322711474,1.4448158574678729,11680.200317294088,8000,1080p
1.647303306524614,1.5427907944254082,10518.320443903947,8000,1080p
1.563589624151909,1.4848076343472785,11007.23729705747,8000,1080p
1.282072422182143,1.3071550581862388,12959.244506097259,8000,1080p
1.109137010585237,1.1929064816348587,14575.933127848959,8000,1080p
1.213708413972926,0.9486552296080164,15517.478801314288,15000,1440p
0.8621912555804842,0.8880328031448167,19171.50654667489,15000,1440p
0.6858905509117956,1.0160349755871878,19715.570086679727,15000,1440p
0.5992787030688234,0.7487106498079497,24892.208479533438,15000,1440p
1.1846567860391661,1.6732598981604787,11740.871308638889,8000,1080p
1.161604669328262,1.5582685367115576,12336.763318778309,8000,1080p
1.567529096767432,1.5631177164952448,10718.050933707997,8000,1080p
1.9415315039067182,2.2626827760622046,7981.14219816789,4000,720p
0.9854569627073193,0.723136030034425,19638.63374281776,15000,1440p
1.6937549509573522,1.3477145625969134,11032.309168467791,8000,1080p
1.045364343487547,1.130741189047645,15419.48747352737,15000,1440p
1.0679523732906084,0.9123379279481443,16944.198524332685,15000,1440p
1.1709326702188045,0.793239662868944,17083.242358500815,15000,1440p
1.6049458891608352,1.3652071654846394,11297.206367031864,8000,1080p
1.0005587048268472,1.4404443612837359,13746.165445611083,8000,1080p
0.8909749725496626,1.3003732386146853,15312.23190775839,15000,1440p
0.8664186390998729,0.89937200025371,19002.497381163794,15000,1440p
1.0749678757516081,0.9963521200328587,16199.540422672353,15000,1440p
1.417697726499889,1.0841127485920155,13412.059919833604,8000,1080p
0.9765587081965736,1.035955746975263,16672.88993317317,15000,1440p
0.7860266220772388,1.167978915073404,17172.127387586388,15000,1440p
1.3458783075385703,1.0975688337436262,13732.415747038563,8000,1080p
1.7694210055482733,1.544947089816934,10123.930424904318,8000,1080p
1.3846252091943456,1.578420280925482,11324.305385079673,8000,1080p
1.0946806501254889,0.9418188449317699,16476.52360407611,15000,1440p
1.0928138038790174,1.3517146402835538,13726.34140548724,8000,1080p
1.4181767881640701,1.3524390863940152,12110.820669195778,8000,1080p
1.3394307760262754,0.9371018770783608,14739.27112542837,8000,1080p
0.9893439484463994,0.8531021496391514,18211.893436049904,15000,1440p
1.2989817888856379,0.9697807549086985,14789.750514781821,8000,1080p
1.2844134730000314,1.0632700615194683,14292.570317347983,8000,1080p
0.7806115766243971,1.1509967609734497,17371.239990467413,15000,1440p
0.8134504559316869,0.9114967354507739,19452.44014867943,15000,1440p
1.889186073127894,1.2876264708904142,10562.295236204729,8000,1080p
0.9244737798670021,0.8496100175037272,18913.66802950861,15000,1440p
1.1764810398618255,0.8105638853091579,16886.599580587073,15000,1440p
2.0551378209154243,1.5378500753913005,9338.86585994097,8000,1080p
1.129639467735006,0.914670814249368,16413.571019869516,15000,1440p
1.131315610516584,1.412048366070423,13192.933574936997,8000,1080p
0.6896386960898496,0.9012126791169767,21092.122446471527,15000,1440p
0.6447649993419523,0.9125754955521951,21545.9831103157,15000,1440p
0.8587947316387654,1.2603089846242865,15834.256597488204,15000,1440p
1.0114489402255147,0.7020090881564482,19582.873606589485,15000,1440p
2.009574656244118,1.4259379536519137,9766.936061694576,8000,1080p
1.0362044081462922,1.4598276963046282,13443.109141170817,8000,1080p
1.0686829696267577,1.4156070880852798,13506.648265904467,8000,1080p
1.0154893720292462,0.7683297755523713,18810.445019323204,15000,1440p
1.412061345320406,1.5168708499398562,11456.199653341031,8000,1080p
1.5521598252264055,1.3171467012653415,11694.265387890238,8000,1080p
1.0264115728543293,0.81660777793175,18206.228809094413,15000,1440p
1.1708515601940035,1.0326996534748947,15227.434602771085,15000,1440p
1.6157898369380268,1.8428527985160854,9701.61868012547,8000,1080p
0.6604080562839997,0.7390763408623492,23976.281599437578,15000,1440p
0.6970294118869683,0.8272838363779916,22012.81924052889,15000,1440p
1.3984370623712177,0.9598756020810513,14228.152401409083,8000,1080p
0.8529702761369988,0.9314012402176839,18804.62207138837,15000,1440p
1.048574656439459,0.7350527503997535,18812.46715055933,15000,1440p
1.1778711854341384,1.5331114554614031,12377.221267973771,8000,1080p
0.9922352432666366,1.079973481070268,16192.592766318574,15000,1440p
0.8164623463831816,0.9731207221790205,18749.860003402086,15000,1440p
1.8309867416587473,1.486982294526842,10112.94307875004,8000,1080p
0.8418445758047783,1.2327316826172108,16174.113563568362,15000,1440p
1.8898943446786383,1.3478765415121583,10363.436197141311,8000,1080p
1.1419679189467953,1.1001780012621585,14965.320364551893,8000,1080p
1.4967025358710877,1.875281070968103,9950.947546703244,8000,1080p
0.9491671300005498,0.8883570880543241,18260.67470039623,15000,1440p
1.5900392958707565,1.2982783687397792,11617.29279681725,8000,1080p
1.8554550530975302,1.997467621050715,8708.825698771072,8000,1080p
0.9288046057582816,0.8451762744869177,18914.765301958672,15000,1440p
0.8045863560209131,0.7423749316131029,21690.544080336673,15000,1440p
1.359459697391673,1.6026408378501547,11327.918009798608,8000,1080p
1.1840017155543625,1.0216642309351072,15212.834950553195,15000,1440p
0.9173703851525407,0.8874522903436456,18591.539465657,15000,1440p
1.3425333659084864,1.4580410919922822,11981.267595060282,8000,1080p
0.8154319362708127,0.6197948865869702,23379.18401858416,15000,1440p
1.4601959824436213,1.274270607913961,12270.924105754804,8000,1080p
1.2515793362966439,1.7073534122176697,11340.045500137761,8000,1080p
1.0117407235809703,1.1371734636916755,15614.598385888336,15000,1440p
0.8266129717437946,0.7823040760723371,20855.290237333993,15000,1440p
2.229313205233234,1.645406701861205,8659.834208548426,8000,1080p
1.5247945378430996,1.0347050559765354,13109.762580554074,8000,1080p
1.271041535893916,1.2292999365539619,13419.939784124617,8000,1080p
1.2312744856759832,1.0281665471039776,14850.766854807203,8000,1080p
1.1898329434517427,0.8766994927259943,16237.070085414363,15000,1440p
0.983788864837088,1.227599598711232,15173.467960558897,15000,1440p
1.308343462028932,1.5427943721650517,11768.786341220795,8000,1080p
1.4794073834857826,1.0090762551141037,13483.886925967083,8000,1080p
1.3476025898949102,1.342905366872628,12471.411547250491,8000,1080p
1.3670091359927472,1.2492735123779006,12825.232021814163,8000,1080p
1.1378760561800458,1.2105168434963618,14288.253045145713,8000,1080p
0.9738195928208991,1.1565589281671174,15750.455456356312,15000,1440p
1.4253842601399296,1.0073926871812604,13792.646315950948,8000,1080p
1.1129394805433208,1.3867146291962011,13423.630041156599,8000,1080p
1.5637843475521924,1.6189238464480784,10542.729636117292,8000,1080p
1.8950173218411495,2.2478183835692915,8099.387565907753,8000,1080p
1.083678843754206,1.5523627308442087,12729.098176348687,8000,1080p
1.4149014813702339,1.1915444191747584,12873.634550781955,8000,1080p
1.5197194914096332,1.1694793657989777,12477.48261905388,8000,1080p
1.8308919202950695,1.8215021053478024,9186.96935884237,8000,1080p
1.1168002062750864,1.3437589255380749,13636.91348286114,8000,1080p
1.1985677813297886,1.5090677761074578,12392.521551814374,8000,1080p
1.3831454570945214,1.901603861503382,10215.218497806927,8000,1080p
0.8670478072861305,0.8393854732401507,19663.488976053886,15000,1440p
2.3876046207363326,2.0196148530695743,7613.515097087659,4000,720p
1.1488008275767811,1.0182197203179297,15484.13190294784,15000,1440p
1.4700174486576054,1.322572197612301,12015.52546211687,8000,1080p
2.050370290149753,2.046275697400408,8190.708228627271,8000,1080p
0.9225377885409785,0.8323323850209468,19120.748933747804,15000,1440p
0.7008331172326822,0.8806621584805628,21216.90308867167,15000,1440p
1.8214895040857104,1.2680102034576464,10860.797920800293,8000,1080p
1.2139663753922967,1.4373065562729777,12655.970496000326,8000,1080p
1.0653209307532328,1.1907888630433072,14872.694623400937,8000,1080p
1.069098023214713,1.5853647263558763,12640.762054554385,8000,1080p
0.5559101530528787,0.7626413085000596,25447.950253288484,15000,1440p
0.8421618056317777,1.1218480535121003,17084.655580408617,15000,1440p
1.255785838954435,1.3774346048130652,12742.735641225594,8000,1080p
0.8407294394377784,1.0273240145112044,17962.244029509653,15000,1440p
1.2016619972627827,0.9939123701121955,15282.758124070091,15000,1440p
1.3550912000793147,1.2830272316472806,12719.077201564185,8000,1080p
1.054221262303473,0.9897237366790235,16416.504366166337,15000,1440p
0.8418898317461658,1.050094605015301,17735.046519428844,15000,1440p
1.4185826728871356,1.157824021206817,13023.732657161148,8000,1080p
1.6273788112548369,1.760601433809076,9903.963297568464,8000,1080p
1.4534005008649726,1.2520295745051115,12402.624006244178,8000,1080p
1.0424966592193718,0.8725054779270112,17521.87705127093,15000,1440p
0.801363992283337,0.981575486047544,18819.725743810643,15000,1440p
1.2366601259678263,0.8296078737234793,16239.1480703437,15000,1440p
1.0004937330673853,0.9321793767703794,17361.669611482655,15000,1440p
0.8877290747210324,1.307531285255374,15284.944151390147,15000,1440p
1.7726943563302544,1.331130091063167,10810.673273798997,8000,1080p
0.748262257063312,0.9834425894796563,19376.53062933056,15000,1440p
1.2760656569213398,1.2814000835617188,13120.188266397729,8000,1080p
1.2688781283030026,1.179342479950144,13705.64069548526,8000,1080p
1.1933262800043072,1.2596359534090715,13679.147417328104,8000,1080p
1.3573929207921054,1.2474348116850635,12881.631895131131,8000,1080p
2.097028587188117,1.4595631035631729,9434.43468286122,8000,1080p
1.4675837183828233,1.3752038741559836,11803.3553009965,8000,1080p
1.21998937334832,1.7478993819238895,11305.82537515711,8000,1080p
1.6056453700525057,1.1230461185774934,12296.894735009695,8000,1080p
1.6222277626755919,1.55621282914793,10556.885060654631,8000,1080p
0.9454366516684085,0.6960608378535089,20441.354442627053,15000,1440p
1.3389852725294877,1.6870720575677842,11088.498445243073,8000,1080p
1.125216268894076,1.0658717400592181,15314.050308745609,15000,1440p
1.4361557945630987,1.6824594575176262,10759.400980166645,8000,1080p
0.8827770535211792,1.1855047702057557,16223.336498474217,15000,1440p
0.9173210155333308,1.332358147628518,14915.207710258723,8000,1080p
1.076414226080622,0.8989224386954084,16986.690217591087,15000,1440p
1.3377711387551192,1.0957595429455635,13788.374337055964,8000,1080p
0.9612081260180795,1.1560456661742302,15848.091581527444,15000,1440p
1.05806652567509,1.0959588517290195,15577.54720626254,15000,1440p
0.687623663966732,0.7744018492524579,22950.647370111554,15000,1440p
1.0252469058234377,1.0260777296280992,16357.446022976275,15000,1440p
0.8217107552441066,1.0119146869030309,18299.50175686287,15000,1440p
1.1630498221232095,1.0698596916205698,15027.22425314109,15000,1440p
2.222015272644637,1.5229516327266728,8959.874105128603,8000,1080p
0.9708366391183871,0.7632598111076212,19349.80721264194,15000,1440p
1.4948564641382036,1.935942958557029,9780.353750217106,8000,1080p
0.9830458223870426,1.3698761222734883,14260.750160516303,8000,1080p
1.0379251463860946,0.9378628180530992,16982.810202269888,15000,1440p
2.046737249494739,1.7092217322908998,8933.652407473239,8000,1080p
1.6936994503788936,1.7988694158263863,9607.378776315243,8000,1080p
0.9217253582353785,1.309940651377957,15035.597556022161,15000,1440p
1.0945646448489357,0.7571727235809864,18120.513509132572,15000,1440p
0.8802166770760895,0.6832914854404482,21460.98933439056,15000,1440p
1.374444650711247,0.9863442935914017,14213.22820109682,8000,1080p
1.1557925726787652,1.6173125075197583,12099.949706052204,8000,1080p
1.1268235995075766,1.2511459807509138,14110.538788453534,8000,1080p
1.1550326205332708,1.0694245619437162,15084.323611316415,15000,1440p
1.6078062501449222,2.0460598977326794,9183.267980270857,8000,1080p
1.5124846186538545,1.5644895066343265,10905.009478055777,8000,1080p
1.1900122995857247,1.3135274874672331,13402.795583088617,8000,1080p
1.0485718248502918,0.9677692952665524,16641.24768633175,15000,1440p
0.8138368758478874,1.1051775984089427,17485.241747847944,15000,1440p
0.8286365441220366,1.019473400811835,18156.07999512206,15000,1440p
0.6090952419252907,0.735917234769737,24947.30166552071,15000,1440p
1.3434941741669368,1.343250391479344,12488.880569087027,8000,1080p
1.8135660170376444,2.026988867593953,8736.870844958301,8000,1080p
1.2101629728333505,0.8870995206507659,15999.157046029595,15000,1440p
1.6026488887848045,1.3376022799201477,11412.09715589679,8000,1080p
0.8897491134982674,0.9789810910005246,17955.739099855542,15000,1440p
1.5831492928592406,1.4458200068947038,11077.838260931125,8000,1080p
0.617934573996035,0.7842082245272998,23930.823618919425,15000,1440p
1.396388342191904,1.3151802042836538,12374.546844339737,8000,1080p
0.7918028525940378,1.0403944378166043,18313.76575853335,15000,1440p
1.5332100581004102,1.1082597229519893,12702.939946801676,8000,1080p
1.543404389912502,1.07910550216243,12794.7780488453,8000,1080p
1.562193452299244,1.9373432411645584,9588.249799657966,8000,1080p
1.310483612812711,1.4333341577537408,12229.103681718922,8000,1080p
1.3597941954955186,0.9197080996653806,14720.069407796562,8000,1080p
1.0368131596850731,0.9974047409236477,16495.003799720347,15000,1440p
1.4788036139416665,1.252127721468697,12286.809106080267,8000,1080p
2.258028045070495,1.7751753825044498,8319.548617505605,8000,1080p
2.6311723918952787,2.166224645310988,6994.299562818801,4000,720p
1.376273513809948,0.9525227791075357,14408.487381248566,8000,1080p
1.210143990951312,0.9323154889805214,15661.641358588307,15000,1440p
1.0346535760477185,1.382877457281542,13879.628239473352,8000,1080p
0.9909492085286408,1.006327052920028,16800.095533935917,15000,1440p
0.682040007163479,0.5600342001061954,27014.836797681597,15000,1440p
0.9225167923576422,1.3518566490318,14753.264081162148,8000,1080p
1.457524399859851,1.0760297636832143,13244.01604782571,8000,1080p
0.7674653289487818,1.1019672573367976,17948.992783243448,15000,1440p
1.3184954049046518,1.0263437503052033,14309.907750153121,8000,1080p
1.0064510962172784,1.3681794955145405,14130.379738571775,8000,1080p
1.2424078917968522,1.1208081674807586,14198.630661919646,8000,1080p
1.2184177006482348,1.333760265212067,13147.371558271912,8000,1080p
1.6645461109735262,1.3172509576431224,11253.09041086655,8000,1080p
1.3471694291697356,1.800997079318481,10658.404474327885,8000,1080p
0.7837172557590021,0.9095034321164012,19816.927728483508,15000,1440p
1.5175101621408829,1.1680174930493237,12494.539736036886,8000,1080p
1.178108200756454,1.367140890044877,13183.162355805389,8000,1080p
0.8980555806589757,1.2151464826043044,15878.47777707735,15000,1440p
0.9584645424404508,1.1314884986221336,16055.112885665645,15000,1440p
1.3111950326220618,1.123512202347807,13781.711212771444,8000,1080p
0.93737592475642,0.7106883683034841,20359.90473266103,15000,1440p
0.7683722225507266,1.0673275658026173,18278.823265594496,15000,1440p
1.4940226087443065,1.1231113701527031,12821.060087317925,8000,1080p
1.3766619072134356,0.9573656600468394,14376.193525163379,8000,1080p
1.1126533161668293,1.3814209374152961,13453.661995751449,8000,1080p
1.1801141571324825,1.2698244354946697,13696.029811105773,8000,1080p
1.8268038251790433,1.2648499965249758,10853.23064453118,8000,1080p
1.2113646924839485,0.9321107771592367,15654.21786962911,15000,1440p
1.0759983280481045,1.4224346069757257,13430.191192896662,8000,1080p
1.312557753913735,0.9685187994275477,14709.910524857234,8000,1080p
2.1400362372121853,1.6002678831850194,8971.043776097185,8000,1080p
1.3231492288550695,1.3994410657510143,12324.451485218711,8000,1080p
1.0929285648775595,1.5518136452743136,12687.222169026883,8000,1080p
0.9113251048744189,1.2363084561913198,15623.909315027186,15000,1440p
1.3937495123014172,1.5733340662754027,11308.89343403484,8000,1080p
1.3618062903409136,1.138991180990495,13417.492773669448,8000,1080p
1.328460815447717,1.2116147242938577,13210.01343267681,8000,1080p
0.8159195130377467,0.962108233237,18871.714499563866,15000,1440p
0.6201753354926492,0.8962964893031798,22126.643865946946,15000,1440p
1.6328262208189381,2.3652510602159733,8392.642173068341,8000,1080p
1.1926077627363876,0.9212369335683337,15873.650537647143,15000,1440p
1.1484511417604633,1.7209489813128134,11693.883934200665,8000,1080p
1.0408345273324786,0.7237977995972813,19014.970704056253,15000,1440p
1.1636484274873344,1.1949276505937807,14226.56335397887,8000,1080p
1.5985007628728558,1.684521742516581,10220.591526532871,8000,1080p
1.4424393725720766,1.3403151724016933,12057.991985173914,8000,1080p
1.82996343127826,2.01695814397791,8722.411243271988,8000,1080p
0.8666988440230295,0.6621148644993119,21948.018789308004,15000,1440p
1.7371534287742332,1.279520881402724,11122.98794961121,8000,1080p
0.7810749352563994,0.8367296939883809,20740.719487039543,15000,1440p
1.0333302520733396,0.9407239237632388,16997.726005052555,15000,1440p
1.0732547444466496,1.3196234955340072,14022.62406810605,8000,1080p
1.049078646079322,1.0514752644848049,15974.087516272595,15000,1440p
1.7210190620065344,2.069430846443545,8852.361279118039,8000,1080p
0.6927375384344215,1.0072618263866895,19737.908551236953,15000,1440p
0.8986300141496261,1.2603075366459309,15542.10402595266,15000,1440p
1.1055802992179153,1.6038196726274923,12384.451298693133,8000,1080p
1.3246721088688438,1.3178897522851858,12697.69025779646,8000,1080p
1.2502886755585498,1.0321801605867087,14700.937628865206,8000,1080p
1.4772621833891848,1.2972473602343082,12093.824682317765,8000,1080p
1.1521156384754259,0.7829589584754595,17340.123245311588,15000,1440p
1.1444449753195265,1.2696785635535504,13899.219099476306,8000,1080p
1.3143382441101719,0.9507984761051325,14813.424593995636,8000,1080p
0.9487677992446649,0.9432442156049324,17734.788012256548,15000,1440p
1.2049303399718299,1.1682010354921109,14139.306549533188,8000,1080p
1.4400015302621014,1.2965253856813472,12261.685351788958,8000,1080p
1.2587050203492849,1.1188748203171457,14112.851827762288,8000,1080p
0.9683128982766394,0.8347889959947508,18609.28220784711,15000,1440p
1.6224081421474652,1.233903614419406,11747.468364703498,8000,1080p
0.9764650500817478,1.3599086412512507,14361.757335512453,8000,1080p
1.2765184423543654,0.9467085079970565,15092.67058619279,15000,1440p
1.4405986298815767,1.0428702927984395,13511.11410880471,8000,1080p
1.4295169836403654,1.9182625174049937,10022.891886852907,8000,1080p
1.0008216705244306,1.061785885387412,16267.967167979356,15000,1440p
0.9792815589599766,0.7608417990455234,19282.789260676047,15000,1440p
1.0695284618343992,1.0104735673616831,16131.922723637314,15000,1440p
0.9510978941891512,1.3963065842641214,14294.269397538741,8000,1080p
0.8912552714971732,0.7338210885289095,20647.910969218363,15000,1440p
1.2760141123905888,1.806181332318118,10886.53610776171,8000,1080p
1.1133884861671286,1.1795869335012188,14633.576841767132,8000,1080p
1.2359981428379558,0.8984445231975269,15720.46536266259,15000,1440p
0.8282752578519663,1.1098751679253083,17312.604611968316,15000,1440p
0.8141931851947786,0.9127288715779085,19430.194818813838,15000,1440p
0.7530742487834308,1.1264749754972117,17852.382670553492,15000,1440p
1.703075257810039,1.175116908132319,11658.16250806653,8000,1080p
1.228346971368582,1.348435324308052,13021.834268381212,8000,1080p
0.9033457395280564,0.6362774199956518,21793.925216336876,15000,1440p
1.6331678086891865,1.2344549779180691,11701.1317376575,8000,1080p
0.9976156978745109,1.2473224549076862,14946.706642414767,8000,1080p
1.4211672435868228,1.4423114736525866,11718.065791090909,8000,1080p
1.0065746832387543,0.8588549241863346,17987.50907911033,15000,1440p
0.917760434243004,0.9672195846143726,17800.948373097224,15000,1440p
1.3436960532731204,1.0258465167323358,14160.721324336764,8000,1080p
0.5833930591403499,0.8044545735738481,24177.31688195337,15000,1440p
1.0047830678230416,1.2450206802833543,14914.381766961646,8000,1080p
0.9485751512518141,1.3730469701540993,14453.011836258831,8000,1080p
2.0126939255480933,2.3251035505631994,7735.361594170265,4000,720p
1.2091671051112816,1.725965258461679,11431.999597849112,8000,1080p
1.5599701063354412,1.2988604644552209,11737.118086966555,8000,1080p
1.3969087212701277,1.2286836750853405,12779.756692842435,8000,1080p
1.8568494230671786,1.3587785082838066,10434.799272906783,8000,1080p
1.127011811343112,1.0873059198742612,15153.39534473793,15000,1440p
1.2254002773122517,1.2629666889468238,13484.51914648448,8000,1080p
0.9641699197479728,1.433426844484487,13995.027229168682,8000,1080p
1.0144754505555142,1.4730875225549114,13488.877412435453,8000,1080p
1.1655598561541356,0.970283638313473,15710.154834338155,15000,1440p
1.1846420993385098,0.9833062020985912,15477.50561106889,15000,1440p
1.4703869844433868,1.0333401211129503,13401.792841374414,8000,1080p
1.4991698071099246,1.296022250070877,12004.33863347573,8000,1080p
2.1304119848530987,1.450357274896514,9370.732813525748,8000,1080p
1.2860914292242682,1.2811825275570563,13070.06286234769,8000,1080p
0.9795977142995966,1.2783991237508052,14860.265273432156,8000,1080p
1.0610219000302712,1.3231938620355803,14073.571919902957,8000,1080p
0.9083336968472451,0.8878804248335945,18680.641464170672,15000,1440p
2.01984392062224,2.132421022847708,8080.994940549089,8000,1080p
1.50322543670241,1.1119945872589956,12830.44321034733,8000,1080p
1.0799863317212415,0.8766799173203079,17148.776402943655,15000,1440p
1.248300645088403,1.1328103287927358,14091.922790690973,8000,1080p
0.7210439855318523,1.0574425534123182,18866.84620054542,15000,1440p
1.34342705400346,1.0255893445633961,14163.866497631192,8000,1080p
0.7662986887454889,1.13577379538996,17640.98491506833,15000,1440p
1.1436041083071666,0.9418966892708411,16089.388236613657,15000,1440p
1.5436791052534329,1.1817517826482404,12311.606267086,8000,1080p
1.2971488497532435,1.2457989399813025,13195.092772039448,8000,1080p
0.9318457062711225,0.8652103082797118,18671.889873386488,15000,1440p
1.6715997129357643,1.5021678108485443,10572.429060585591,8000,1080p
0.7756071678821241,1.0962734792291173,17925.51894362629,15000,1440p
1.4259951679649583,0.9845491151352364,13919.857119092512,8000,1080p
0.9190334058282746,1.0980809462235328,16634.86850206011,15000,1440p
0.9990351032164166,1.3953342467943621,14013.891382233467,8000,1080p
0.9516741476051911,0.839656821739815,18731.564727130833,15000,1440p
0.8853376067997664,1.1305600248445908,16644.908686474235,15000,1440p
1.500895252416163,1.9604240413013527,9694.116362192628,8000,1080p
0.8099147739336231,1.0337853767915801,18199.506024231574,15000,1440p
1.0424729300119937,1.5019543632280277,13187.420245470043,8000,1080p
0.9364450732307039,1.0054609473081,17279.122493626102,15000,1440p
1.7045284731947552,1.4141866469789077,10759.056440567598,8000,1080p
1.5108669591211683,2.1316942891357873,9211.768783862322,8000,1080p
1.2378226805545003,1.1789714284185804,13883.860389852409,8000,1080p
0.8032173331270194,1.1616750811338443,17076.981801378788,15000,1440p
1.3944793498990498,1.8568842524693259,10320.1106069952,8000,1080p
1.0988978485407528,1.3483500580156247,13711.088243289505,8000,1080p
1.0967541342215148,1.2439905924583614,14334.938627670763,8000,1080p
0.8015023281621491,1.1499486917041062,17194.60629982898,15000,1440p
1.4253948937426744,1.3369584750211265,12147.04547920173,8000,1080p
1.3605833801295566,1.6273274584633686,11230.064688209217,8000,1080p
1.7856581848444188,1.8710418521555694,9176.15108170824,8000,1080p
1.2894223788379198,1.5657923650070042,11751.98190340476,8000,1080p
1.2823405096808422,1.478621799000236,12153.16554467166,8000,1080p
0.8013232664981998,1.1233815702297392,17433.546879345733,15000,1440p
1.0954435414040646,1.4120326406722197,13381.75502517263,8000,1080p
0.7217989198674588,1.007810658027231,19400.00357817342,15000,1440p
1.5375392325794683,1.5130811833931372,10999.215708487975,8000,1080p
1.2500786533035237,1.1006123805394947,14274.284249573904,8000,1080p
0.8168997753220214,0.9809689287472084,18663.449630139363,15000,1440p
1.3083864439455266,1.1490183422120928,13654.417940833211,8000,1080p
1.5699025344915851,1.156759839832096,12306.045778154992,8000,1080p
0.86745462614615,1.059055736529938,17417.208155262666,15000,1440p
1.0651211004186536,1.5957448767519222,12610.342756037646,8000,1080p
1.0339558447605497,0.8719848398203791,17605.1816677484,15000,1440p
2.1011912126275925,1.5222585249758231,9260.355304995406,8000,1080p
1.5116752336704276,1.481237025443318,11211.29825901948,8000,1080p
1.5512513362341884,1.084051917581361,12732.664429195347,8000,1080p
0.9892405049570216,0.6674673770062696,20253.68042568623,15000,1440p
1.2638456221865142,1.4858139494959022,12203.122286687028,8000,1080p
1.64130157848183,1.0968851122945606,12254.25282835113,8000,1080p
0.8605451293180606,0.9672288618303491,18358.08593540463,15000,1440p
1.9126201514033918,1.624480888208973,9486.421683808408,8000,1080p
1.1901408350708682,0.9682501931051901,15546.039416386506,15000,1440p
1.3983840616980436,1.2289737473085518,12771.169531981996,8000,1080p
0.7264859971037771,0.8980278368190411,20655.060793772343,15000,1440p
1.2537515367519179,1.2502575841504822,13400.283457397147,8000,1080p
1.8091596614462842,1.9156289620053761,9008.412393857136,8000,1080p
1.3449611172620768,1.2083030826751375,13141.778277714118,8000,1080p
1.634563302587028,1.4349047072791772,10931.676724483146,8000,1080p
1.470950266329518,1.036560682014126,13381.569489124124,8000,1080p
1.4719490260954835,1.5287955621648597,11182.035329255697,8000,1080p
1.286690359875396,0.9115940098644015,15263.91783605854,15000,1440p
0.8720898765538113,1.274453622005931,15631.843483495155,15000,1440p
0.9816939441627093,0.9109907272208235,17728.485102313454,15000,1440p
0.9610937011608486,0.8900417829631883,18126.405272749696,15000,1440p
0.9997146906044075,1.2785336579991395,14728.171325381274,8000,1080p
0.9406488011191064,0.9719541451934127,17543.856692625424,15000,1440p
1.47008704785781,1.0321988839933796,13409.511508213793,8000,1080p
1.0579613293936372,1.2673212447400408,14430.259949159621,8000,1080p
1.0842457711100628,0.9583257171171307,16427.543512380493,15000,1440p
1.1051938440201743,1.254210460240546,14221.569376391266,8000,1080p
0.8959372680011984,0.669653533294425,21432.440694101948,15000,1440p
1.3495477379950722,1.643744275094247,11209.875900269788,8000,1080p
0.8594346532953607,0.7263454430198841,21159.5744441287,15000,1440p
1.5175630587959197,1.137613490661829,12637.36379671349,8000,1080p
1.988949698222942,1.7455212810391538,8985.056300164399,8000,1080p
1.7466277643082464,1.3953544174568446,10679.383287001938,8000,1080p
1.0320851023891602,1.389505298891752,13856.361497902873,8000,1080p
1.1320188027601814,1.1393644197970225,14772.686381923359,8000,1080p
1.3540073372001842,0.9539818721064945,14538.383396549663,8000,1080p
1.0552211919842074,1.1379163764242402,15299.738823201289,15000,1440p
1.256389830359527,1.5414408975435347,11993.017184834702,8000,1080p
0.9053926261462066,0.603903174167352,22231.846131837785,15000,1440p
1.170220424355543,1.2069831720119277,14115.085494264547,8000,1080p
1.2070180110795121,1.5411173580766735,12209.890523079612,8000,1080p
1.6777100306741006,1.637233456561271,10122.173161987763,8000,1080p
1.0449573462860489,1.1114935622206557,15560.025905359336,15000,1440p
1.3084470045564776,0.9936676669507345,14575.482453283554,8000,1080p
2.0532363332032886,1.942089100572601,8398.42274582586,8000,1080p
1.4449323193989978,1.4174271777393608,11722.647708488754,8000,1080p
0.826813987524925,0.5710381683409271,24004.27817719811,15000,1440p
1.6676636138609335,1.5907196850379008,10297.877481553403,8000,1080p
0.7994274256374315,0.7849342654117369,21178.517626098477,15000,1440p
1.1887496383280696,1.7418830061768236,11449.552390306071,8000,1080p
1.2878800824046586,0.9150911751372437,15231.44339043278,15000,1440p
1.200354956488036,1.4181188906781605,12814.499574366104,8000,1080p
1.9263934108669494,1.3200478183031836,10335.758337007475,8000,1080p
1.3146929233269113,1.1807922047656407,13446.055687636035,8000,1080p
1.5016825119484962,1.558806899612415,10963.747129217012,8000,1080p
2.1926723703383586,1.7498759404415019,8510.848658025125,8000,1080p
1.7616296628864705,1.5269857367278916,10203.209534302718,8000,1080p
1.1041369510359504,1.4487814317787877,13143.558456813775,8000,1080p
0.9642730510303716,1.1916244939398328,15564.019764428896,15000,1440p
0.8951713489781092,0.6434657618407509,21807.892039041217,15000,1440p
1.445578331247735,0.9639727715571211,13925.594672360636,8000,1080p
0.8772047498462516,1.063097210273328,17293.407258080624,15000,1440p
1.3381918187338746,1.5403354446113573,11656.805348789812,8000,1080p
1.532162262926167,1.4415006193826105,11283.872223588456,8000,1080p
1.5401744043987229,1.205662995079872,12220.108884222944,8000,1080p
0.931705272495704,0.8222326948505405,19130.91148301485,15000,1440p
0.7019860218512884,0.9727992029641203,20035.06569249696,15000,1440p
1.1608695211522235,1.0745821753349727,15010.135111721564,15000,1440p
0.6570792535101357,0.7030887762393183,24669.32854331299,15000,1440p
1.7781925310344229,1.2846843453591683,10955.201059047771,8000,1080p
1.6156747425537656,1.542409928703923,10624.93108730905,8000,1080p
1.4227310045059696,1.7925146927801316,10436.039780201669,8000,1080p
1.0866485272850477,0.8185528549100345,17612.01325675094,15000,1440p
1.1118804704552043,0.8636417748481913,16985.094488190287,15000,1440p
0.7027525596362564,0.9376099869710489,20455.497517545286,15000,1440p
1.276233982306423,0.9387978680817193,15148.50993863597,15000,1440p
1.2345949309738615,1.0996639081622832,14374.769171878865,8000,1080p
1.0516919427546363,0.7681462698161099,18438.14014246916,15000,1440p
1.292469136234952,1.7400345215961466,11064.927131530234,8000,1080p
1.1583073383220257,1.2750130649057163,13789.565876935418,8000,1080p
1.2479792147269306,1.7638810074774358,11140.76667722703,8000,1080p
1.3323375749463438,0.9980888839646678,14398.408442238378,8000,1080p
1.1186450506219237,1.1316188274221444,14911.332100822572,8000,1080p
1.650115393927448,2.185361220957982,8748.43868680511,8000,1080p
1.5092223090233614,1.0996097584314914,12861.859687555638,8000,1080p
1.5201163553152937,1.539037785071464,10968.53262704763,8000,1080p
0.7806740151684206,0.8648217172086325,20391.685824385506,15000,1440p
1.191179532700293,1.5632329109042724,12182.065208828693,8000,1080p
1.2819310928403334,1.2245870838929123,13386.869607198147,8000,1080p
0.91035455740983,1.0076064243661491,17494.845994692507,15000,1440p
1.3141558057813052,1.901089348002492,10436.04154430095,8000,1080p
1.8252958968704325,1.8175494677445208,9211.050330583188,8000,1080p
1.1592137971781042,1.5978626004477992,12170.294602243686,8000,1080p
1.572449501696939,1.1145378202928515,12487.752258969345,8000,1080p
1.656089836958542,1.222477872345179,11656.641562242867,8000,1080p
1.0102376555090014,1.4866938981071782,13438.26664027086,8000,1080p
2.0069609951992655,1.3418478758469563,10019.81101104676,8000,1080p
1.0508925957720083,0.8295820546846921,17843.597089623527,15000,1440p
1.7522943156478386,1.6914735470177877,9743.523181039098,8000,1080p
2.1583977010245716,1.9712702897151813,8125.212989335095,8000,1080p
1.1921215378342058,1.031259696107384,15091.623284287152,15000,1440p
2.122251091600049,2.017687742359136,8105.055013073849,8000,1080p
1.688910061239973,1.8765678385562738,9410.92132471709,8000,1080p
1.5532081182443243,1.2767742699667837,11856.763540217813,8000,1080p
1.246686719959063,0.9030571379789656,15608.572098531045,15000,1440p
1.1298730076784924,0.950274489945464,16130.794589483423,15000,1440p
1.0149959702576297,0.9941270531390631,16701.034037861813,15000,1440p
0.9134146350948457,0.6915195592058948,20907.04535996222,15000,1440p
0.8979088739739275,0.787950617674733,19903.457059274828,15000,1440p
1.7236106134473572,1.1802217962298625,11555.22332768846,8000,1080p
0.9455067161525574,1.3451378378702599,14648.467367436773,8000,1080p
2.0597675835767233,1.9819286260871931,8302.066820304188,8000,1080p
1.4073296219028988,1.1136782181205884,13309.9276675345,8000,1080p
1.3184647262176508,0.9840312543190495,14573.06865403458,8000,1080p
1.1658299980324147,1.0543841049132012,15113.151454845036,15000,1440p
1.5711297130434958,1.3131868159943152,11633.408352443737,8000,1080p
1.2643772415750878,1.206142593033004,13581.931838779537,8000,1080p
2.44708477508916,1.718464292457138,8055.2242827774735,8000,1080p
1.278638702196965,1.214085252506464,13460.949792169076,8000,1080p
1.536562344508887,1.9252443437483542,9692.751508574884,8000,1080p
1.2481732635146938,0.8331142533114753,16121.958993521652,15000,1440p
0.5828209356033854,0.8500398507942991,23417.789305518134,15000,1440p
1.2046804032491014,1.2162790472470597,13859.972744741024,8000,1080p
0.9052391873816259,1.15422037721884,16292.833603902072,15000,1440p
0.8936097409108698,1.1262503260781727,16612.25574404211,15000,1440p
0.8518845413828938,1.0518260264888593,17625.80539620162,15000,1440p
1.330252953371512,1.516760960376873,11785.833514182641,8000,1080p
0.8499979236633222,1.0559633316780406,17604.9916576034,15000,1440p
0.6818001278957889,0.9296781823172601,20822.143113774742,15000,1440p
0.9925681652960197,0.9760348142125415,17044.79387122358,15000,1440p
1.729414806384449,1.17383936882678,11557.524754979027,8000,1080p
1.5947627071599038,1.1284653747447666,12321.565065725777,8000,1080p
0.7248527775473532,0.8831305012514978,20867.4010746336,15000,1440p
1.1200233637480657,1.5895194407724818,12383.798456336785,8000,1080p
1.859742066230825,1.4046086413758196,10279.052407515803,8000,1080p
1.3614212887434427,1.7925907917437727,10638.650437514078,8000,1080p
2.098799240744405,1.615067697797036,9034.904199658253,8000,1080p
1.071342233541912,1.0189990412400012,16052.131010760793,15000,1440p
0.6619432965089429,0.9314381753993946,21058.6307118364,15000,1440p
0.986286732406407,1.054519941534393,16441.749445676967,15000,1440p
1.5705750755753878,1.0550088902393948,12779.797727621803,8000,1080p
1.3559816691439643,1.0216401013031742,14112.602945122642,8000,1080p
1.057314619690713,1.234873962801977,14638.600094373784,8000,1080p
1.7926946101176109,1.3674043608837236,10618.158579181358,8000,1080p
1.0083662119335837,1.3209164380646947,14405.478871370462,8000,1080p
1.8390356545751363,2.152338029601903,8406.737793812561,8000,1080p
0.997659123834285,0.767487904252964,19009.426107897823,15000,1440p
0.5662570318534603,0.7788948783695302,24944.7157194592,15000,1440p
2.1685747640753843,1.4700147444745117,9221.823984583687,8000,1080p
1.0911393141000507,1.5923338864877128,12504.105497550914,8000,1080p
1.4968089894297567,1.1700626193148687,12581.945036264815,8000,1080p
0.7559704618188614,1.0831651468475358,18244.675293047665,15000,1440p
1.4885036375291705,1.6232476746422493,10783.134201230652,8000,1080p
0.994922833644613,0.9954011531937719,16858.77888318121,15000,1440p
1.3998855470617568,1.2301517552355536,12758.158209653737,8000,1080p
0.9781668970848656,1.0068368375156218,16903.964166472135,15000,1440p
1.3349073001507203,1.7962814821139979,10716.195775245093,8000,1080p
1.0830707192795352,1.2856152977400614,14165.842057116512,8000,1080p
1.0450687516260848,0.9641562400138486,16700.186459761684,15000,1440p
0.7292079127520299,0.6630299585760258,24101.076900021708,15000,1440p
1.142953748226513,1.2865972405129766,13810.960196150836,8000,1080p
0.8019535522452348,1.07884830842374,17840.492771559235,15000,1440p
1.104406504813478,1.6134843463577255,12345.761414789928,8000,1080p
1.0241507291808882,1.4238510664372943,13706.865762950412,8000,1080p
1.2190961233518989,1.2590343284558445,13540.220199272706,8000,1080p
1.1837261994489365,0.8766098153987212,16285.902764496903,15000,1440p
0.9615137489982922,1.1354792439306585,16001.213219665191,15000,1440p
1.337458173487666,0.989107441185723,14422.30203540186,8000,1080p
0.8866167033580201,0.7038200857467947,21097.62062212248,15000,1440p
1.8097654546593704,1.9621774727988026,8895.795256003934,8000,1080p
1.353012358708455,1.4285630689212705,12063.103400576438,8000,1080p
1.3852173124335714,1.1839889451821977,13060.232863957996,8000,1080p
1.126635995077009,1.046874182803586,15437.899643386609,15000,1440p
1.2119576559683438,1.3524161725371922,13084.844193545225,8000,1080p
0.7336505135202764,0.7430835022284736,22722.055320833697,15000,1440p
1.1569455618839701,1.2621439807535937,13870.686226610354,8000,1080p
1.4822540451875525,1.17617841998017,12621.88618279721,8000,1080p
1.4499545807810368,1.3253936909675559,12090.169850596523,8000,1080p
1.1822513278702795,1.0545335355940393,15001.188781307783,15000,1440p
1.2173475723853402,1.5428451126700038,12156.554207854953,8000,1080p
1.209800671624919,1.391444090912701,12899.375131183844,8000,1080p
1.1780306214084397,0.9641354428483855,15663.786556921736,15000,1440p
0.9960059626750221,0.9489799932423476,17251.760557918147,15000,1440p
1.1653857128405234,1.1387862313691783,14562.46877943334,8000,1080p
1.2752634721678324,1.5713171397643155,11787.627534364663,8000,1080p
1.331244199212291,1.1136819627086076,13724.108532438206,8000,1080p
0.8789783737069786,1.2094093531583465,16067.146712437963,15000,1440p
1.6990487156759826,1.2082403708783078,11541.484524254382,8000,1080p
0.9280006190014825,0.870069425370978,18661.359775731507,15000,1440p
1.481253264708752,2.060748468961017,9473.296323103488,8000,1080p
1.0654454331184862,0.9448505978012565,16691.28898625359,15000,1440p
0.8896051666494348,1.053821326456208,17265.603880072256,15000,1440p
0.9122968140949493,1.0797237083882991,16844.420838682483,15000,1440p
1.1797253601649043,0.9995968605996224,15396.72824894558,15000,1440p
1.6123190683366568,1.2714921553601848,11635.446774142725,8000,1080p
1.1484463240607325,0.7662819742690326,17524.382978655423,15000,1440p
1.471252112107608,1.376722297727732,11781.858672648677,8000,1080p
1.7356385281253972,1.4049893492025867,10683.988460469182,8000,1080p
0.8154177969533665,1.0703426831891885,17793.581079535317,15000,1440p
1.0732890276326876,0.7503772639634643,18399.436429036425,15000,1440p
1.7182235705754454,1.4118430065121148,10720.037792685376,8000,1080p
1.3904562230175361,1.0825136240820756,13568.475992278614,8000,1080p
1.4852436763458794,1.3133844333952718,11989.600148446838,8000,1080p
1.5014056185712776,1.0498748437424423,13151.996613328025,8000,1080p
0.8386155612346896,1.1923732523861315,16521.22935142099,15000,1440p
1.2977019491959496,0.9185373407968827,15140.256808689877,15000,1440p
1.1308573281379268,0.9604447739786255,16044.756023551276,15000,1440p
1.1307817512766078,1.2115876392593137,14324.99593598383,8000,1080p
0.9799655966674725,1.3877521904780423,14171.634889161653,8000,1080p
1.6129254462524414,1.112574481888076,12311.29439907659,8000,1080p
1.425568402457455,1.1027534397829788,13271.42432557805,8000,1080p
2.4360524028105286,1.9291419274128336,7686.812879710456,4000,720p
1.2900059840414961,0.8989293500219526,15329.110676700962,15000,1440p
1.0658172843167693,0.9671025251491252,16505.5364425888,15000,1440p
1.4048123374112187,1.3968470841632943,11976.627759109508,8000,1080p
1.4946034302334321,1.5180533858257204,11137.820883260263,8000,1080p
1.4596898459972187,1.157890531601269,12818.873600658895,8000,1080p
1.2606681152000332,1.7599378830222727,11108.510020753296,8000,1080p
1.868902312565238,1.6194684861024604,9618.940742427763,8000,1080p
1.0239054873781646,1.3097324056148403,14378.594082976942,8000,1080p
0.7848474038867346,0.9490408068693028,19352.13111886208,15000,1440p
1.2018218108823782,1.41439001185588,12825.579224269482,8000,1080p
0.7819089237260124,1.1001843947481789,17828.250953678802,15000,1440p
1.517001256552266,1.1769268272891205,12455.578232123149,8000,1080p
1.494379678219683,1.2087186755801524,12413.322642452657,8000,1080p
0.8308989643673649,1.0851533948957668,17512.273001195143,15000,1440p
0.8243163076207768,1.079953727756855,17620.626999650234,15000,1440p
1.47905934141232,1.3175700450948642,11998.168996538863,8000,1080p
1.0061627660341963,1.417877083455918,13842.359896458807,8000,1080p
1.596661429435592,1.4315096183067162,11080.758474663093,8000,1080p
1.5084747858932686,1.2012326484963338,12383.046071377288,8000,1080p
1.8629696478190456,1.3924278721555168,10307.322468029095,8000,1080p
0.9229073762255937,0.7603455007283646,19934.27871676693,15000,1440p
1.4894726705160537,1.061214183800583,13155.057408640498,8000,1080p
0.7629425538309846,1.1117818177659913,17898.328153389717,15000,1440p
0.8411924291719667,1.1444397567558116,16898.614072536217,15000,1440p
1.9138978751694449,1.4233617701604961,10054.486484728584,8000,1080p
1.4911060315835047,1.6368954920730079,10727.114979399425,8000,1080p
0.9053799162436225,0.6424187783938675,21678.80882459252,15000,1440p
1.1357672093396916,1.452843409482141,12962.332672216186,8000,1080p
1.0301082312740117,1.4032969253931675,13789.085598041778,8000,1080p
0.8396142758278431,0.8999422941356301,19289.072042482967,15000,1440p
1.198769679164462,1.3706173086906546,13059.314209421877,8000,1080p
1.6995262651930065,2.5053431347339945,7979.89873373535,4000,720p
0.9210733107488431,0.9718142546559927,17726.584829048545,15000,1440p
1.3591245668566079,0.9685643261661796,14415.342230905044,8000,1080p
1.6777294666325373,1.7501608400022306,9788.653952856821,8000,1080p
1.182008118637306,1.7300661673687063,11522.519243841405,8000,1080p
1.383890667867655,1.5643510902169724,11381.167066095411,8000,1080p
1.1293127013382842,1.292790557739459,13853.427542464238,8000,1080p
1.3503059966502289,0.985177305263617,14367.232671928474,8000,1080p
1.082691638496149,1.3683090811271539,13690.094715744115,8000,1080p
1.214536579744643,1.2568381324796551,13577.23368861381,8000,1080p
1.1978496045112892,0.8060562792530024,16744.514935486273,15000,1440p
1.4660171314887958,1.7040255303366636,10584.851870945417,8000,1080p
1.4935762026406316,2.02767343426323,9529.126151221559,8000,1080p
0.8700083309330441,1.1704854432795324,16444.270707441196,15000,1440p
1.1301653465061472,1.5267256800056148,12629.208975896043,8000,1080p
2.0360159195532335,1.6741332711931798,9043.957607874381,8000,1080p
1.8797152387634024,1.4635369150566628,10036.464632696057,8000,1080p
1.4637597303421,1.6409786381728935,10807.491008026289,8000,1080p
1.3689192347646537,1.5290006430579839,11578.799074738823,8000,1080p
0.9989179650542681,0.74546116759753,19235.744897378296,15000,1440p
0.9871544155848324,1.0260212261030326,16667.41406222641,15000,1440p
1.2969802215726831,1.2086086876379503,13391.834501123756,8000,1080p
1.1064415700386798,1.074038500169319,15388.552483673562,15000,1440p
1.3496537377326354,1.4524895240465185,11974.559779893416,8000,1080p
1.2167355777709712,1.291987802076884,13375.102360641671,8000,1080p
1.0895346648554654,1.080864932073645,15460.024986862341,15000,1440p
1.0948296549386283,1.4860123475699318,13001.350709336462,8000,1080p
0.9938569715205781,1.0733788595936742,16231.54528136926,15000,1440p
1.098405936008982,1.1916245229344469,14652.395503718015,8000,1080p
1.1158348661453277,1.2121171532466126,14413.712877452,8000,1080p
1.4184798608534217,1.5669593002973585,11239.362180492722,8000,1080p
1.0424916456710718,0.8651985679463989,17589.03608168759,15000,1440p
1.8184621443084747,1.4307754740076621,10326.863080389001,8000,1080p
0.9355392676639712,1.1105693964517123,16399.14467323857,15000,1440p
1.0748854867778717,0.9038223937405971,16957.749211171045,15000,1440p
1.1485079197971122,1.0396164613781966,15334.79188325523,15000,1440p
1.187413242637458,1.0994572891132117,14672.641732067383,8000,1080p
0.987361533265742,0.8425270586374073,18336.871516916883,15000,1440p
1.0400920269873246,1.039407310644518,16135.822403392618,15000,1440p
1.087323473007766,0.8990792857565457,16892.058698545767,15000,1440p
1.1579325962144573,0.8329403560436659,16854.130225608467,15000,1440p
1.8656275038106835,1.5159418859191292,9922.739454026403,8000,1080p
1.1948986219771187,1.387680208965189,12992.607078621862,8000,1080p
0.7567534027814914,0.901463050636902,20235.254529544643,15000,1440p
1.0180981914480127,0.8699892219503305,17771.65175822333,15000,1440p
1.2571145217338047,1.3999760435628974,12628.260563731734,8000,1080p
0.9443920416360964,1.3842416921519427,14409.493220480093,8000,1080p
0.9057386077065935,1.1287142162585022,16493.09908037252,15000,1440p
1.1489791387038615,0.932517698308025,16120.337731653439,15000,1440p
1.3673560563244254,1.0404064224963936,13935.9394023089,8000,1080p
1.2169097495560772,1.3773264334429542,12934.224038618511,8000,1080p
0.73226230532833,0.980954712565358,19585.62846944717,15000,1440p
0.9917737811655715,1.3551865766506443,14296.974334590595,8000,1080p
0.7214641463878764,1.067965142116636,18751.47132974592,15000,1440p
1.3181803148415652,1.8113506856191384,10721.872381216353,8000,1080p
1.432756648290507,1.1073666058567895,13209.765291985414,8000,1080p
1.0390251077470856,1.492898162592681,13252.546944480364,8000,1080p
0.8759868420129759,1.0235433927997024,17664.594848267294,15000,1440p
1.66323583547244,2.1059516121989525,8902.298563243374,8000,1080p
1.08494206021406,1.1941596806546315,14722.65647395388,8000,1080p
1.5717232893145523,1.5643633683262168,10699.459441992109,8000,1080p
1.8735140373139565,1.3463591288684422,10421.041534310925,8000,1080p
0.7434708624061648,1.0048538920672065,19192.333640615434,15000,1440p
0.7663108747559471,0.9773938565754321,19243.18458113033,15000,1440p
1.5190287338111608,1.4272235428458089,11388.852294099295,8000,1080p
0.8835175138394116,0.8856411786743112,18966.321190963332,15000,1440p
0.8419552201735988,1.143232450983386,16902.397938248418,15000,1440p
1.2915843568669925,0.8678855454984775,15538.272593308517,15000,1440p
1.1416446434146608,0.9474129060100089,16061.995041372102,15000,1440p
1.0037194436940273,1.2141225263357331,15129.315998808403,15000,1440p
1.7002805264695824,1.2109775232795186,11525.749839624075,8000,1080p
1.189955119406749,0.8561179860601305,16399.42967352745,15000,1440p
1.62441951613868,1.1576623784298012,12060.907360602521,8000,1080p
1.4074850031573276,1.7295343775150687,10696.278195389365,8000,1080p
1.4628340883643594,2.0555415091354967,9536.910164976032,8000,1080p
0.9300008286073315,0.6538329809722357,21185.576287771702,15000,1440p
1.8824318496588353,1.599117858545538,9637.786276877794,8000,1080p
1.051535142031859,0.8989218109786727,17203.369676120616,15000,1440p
1.2804942868203837,0.9108851223396199,15312.013912215245,15000,1440p
0.7790093011945675,0.8658814890583607,20399.185282592818,15000,1440p
1.0602346461617782,1.5043388489766252,13083.825464003385,8000,1080p
1.3693885527603014,1.13550836043862,13395.534092917516,8000,1080p
1.154610187920125,0.8662486877200599,16604.045143612686,15000,1440p
1.087712031616856,1.3379060399942895,13833.353400814849,8000,1080p
1.0923217124231588,1.1228436471288856,15147.596930093496,15000,1440p
1.0025776160715218,1.0893899679172123,16039.651979703287,15000,1440p
1.1170692523997825,0.8681389332284661,16902.223274573695,15000,1440p
1.0874088077529842,0.801601247247157,17762.97162166111,15000,1440p
1.8386910875034266,1.257654784232185,10836.78419336001,8000,1080p
0.7081462171795163,1.0354987330070549,19243.844336778344,15000,1440p
2.5429922072402786,1.7804365812414527,7761.069660588394,4000,720p
0.962184173293943,0.9388460336962295,17650.656931498965,15000,1440p
0.9424230466404879,1.290953539321589,15024.081568198979,15000,1440p
1.218463779874576,1.383972883956264,12893.467290230683,8000,1080p
1.2786086854454912,1.6397347261683355,11497.766803751378,8000,1080p
1.34466435906272,1.1542470860304144,13427.619480429177,8000,1080p
1.658646140828689,1.3002966094000714,11340.007168913915,8000,1080p
1.2273598563795376,1.0375419398709582,14814.961097010368,8000,1080p
1.3707758589412773,1.8026637163974515,10573.52163272825,8000,1080p
2.196165928268739,1.6132725885687047,8808.235610495309,8000,1080p
0.8874325550408478,0.854052713990974,19267.709349419056,15000,1440p
0.9090977280953481,0.8788100213793393,18767.429141609107,15000,1440p
1.6272159641731725,1.7522910465758161,9928.794908037029,8000,1080p
1.6344711027117007,1.1431789852288,12080.150824497503,8000,1080p
1.5626657211318424,1.2439329118043119,11955.550610703698,8000,1080p
1.411486900080122,1.1507679413929086,13095.665371329607,8000,1080p
0.7741911263279937,0.6395486424847918,23734.51800692992,15000,1440p
1.2225148055639605,0.9808630930699336,15228.63237432123,15000,1440p
0.6083506754875867,0.7218959398543205,25224.219038043302,15000,1440p
1.197221868463222,0.8833795267715034,16127.275544874137,15000,1440p
1.1327452787530983,0.9579186208952257,16049.65389493944,15000,1440p
0.8776554646214497,1.1659435758895818,16419.283496829805,15000,1440p
2.086582490452131,2.3088135040054545,7633.995217338953,4000,720p
1.347467077845791,1.1361165982738088,13510.489830737697,8000,1080p
1.7100334524465393,1.4338862710778721,10672.801773190524,8000,1080p
0.942505869782674,0.7874479313191705,19396.14339910607,15000,1440p
1.2584195133952008,0.928349943688801,15344.293332477733,15000,1440p
0.7486996063046996,0.5162246024562038,26526.832016970653,15000,1440p
1.0401480163760766,1.2361834363854112,14740.573899857198,8000,1080p
1.9234314405377666,1.8868311244288813,8806.33064726701,8000,1080p
0.8815590895228121,0.979457905543223,18030.15882657717,15000,1440p
1.24611262764071,1.5382539796561259,12051.010779997776,8000,1080p
0.9051414369468691,1.2525898593516074,15550.79265780759,15000,1440p
0.9046004077076045,1.0548701302977341,17124.233995453204,15000,1440p
0.7203552227232632,1.0049195465283927,19448.746714446163,15000,1440p
0.7128705236871118,0.8173286315119359,21928.146990536832,15000,1440p
0.9246471043120827,1.070422032940591,16818.681304551883,15000,1440p
0.7160431342602848,0.7612310572139033,22713.746841076038,15000,1440p
1.4296108735022373,1.0837622884816505,13350.358198905245,8000,1080p
0.9857805048071785,0.9362698457212878,17457.62382903977,15000,1440p
1.2465193767479807,1.3519599242644984,12913.103439740988,8000,1080p
1.316307740249133,0.8825022326545608,15260.269151721579,15000,1440p
1.6283283858947424,1.187427063970263,11916.671244162446,8000,1080p
1.907397015785336,1.4674562851053488,9942.486090030752,8000,1080p
1.0837738968492674,0.9540713728322701,16465.64265659075,15000,1440p
1.4498065115469478,1.8656206443504553,10120.696496170689,8000,1080p
1.0822804168629634,1.405119001103704,13489.764352935797,8000,1080p
1.162050914203973,1.3283378102452772,13473.572085586988,8000,1080p
1.3658895178750847,1.1263271416935852,13463.689792446574,8000,1080p
1.2709662252648297,1.4023779001015126,12551.482497750589,8000,1080p
1.0145347030146545,1.3309092904029638,14306.217540972619,8000,1080p
1.064615347620854,0.7672879292680801,18316.70504841526,15000,1440p
1.3017187031257575,1.3243304592889171,12777.533825431665,8000,1080p
1.22420947436248,1.3147356751758794,13215.894800287826,8000,1080p
1.2058201640656023,0.8068982410173182,16671.20045966769,15000,1440p
1.1654750976140116,1.0335566419094688,15258.730193349134,15000,1440p
1.1291949033768622,1.1020477541952105,15038.450383748159,15000,1440p
1.0108764785994004,0.9460451952184374,17146.538080155908,15000,1440p
1.5953762061277907,1.9585806884021184,9441.429087574325,8000,1080p
1.1042942575255212,0.8310499394042816,17337.707707616137,15000,1440p
1.205873796788112,1.0009176101386315,15205.076426651987,15000,1440p
1.1327402018172334,1.697074147489548,11857.467613810006,8000,1080p
0.9978240675965736,1.246896771309793,14948.153649407826,8000,1080p
0.7842249558824719,0.9964175856450694,18844.00221687111,15000,1440p
1.1581486221812234,1.2595407218323926,13878.71939919963,8000,1080p
1.801254281995166,1.5245357922406235,10089.16114698257,8000,1080p
0.7309095635721314,0.6989648975590341,23466.697890005868,15000,1440p
0.9470122221085162,0.7394217461423105,19896.677030766128,15000,1440p
0.9235621609885223,1.0802677350185543,16745.14990861355,15000,1440p
1.4188066939818897,1.1098480291935076,13269.677228951015,8000,1080p
1.4005050683060143,0.954037951112394,14250.931804290509,8000,1080p
0.7367327687536959,0.9481016527585705,19915.566521891426,15000,1440p
1.6852522505682805,1.4227108429505426,10796.277494405447,8000,1080p
0.9272836561392401,1.1616502123142005,16062.946035166877,15000,1440p
1.2433211676330869,1.8482831802464204,10853.404324849836,8000,1080p
1.765031119092828,1.2408147287710443,11163.058153446464,8000,1080p
1.497329005014263,1.1272539742851575,12784.671799158234,8000,1080p
0.99360070931467,1.400625909354034,14014.726817571574,8000,1080p
1.6383092117651403,2.145168237741651,8868.675034490852,8000,1080p
1.6519017921076873,1.2339144164211653,11627.362789366813,8000,1080p
1.2395843035051888,1.17108845381515,13919.115275230683,8000,1080p
2.411448040529341,1.671259776182711,8218.670918023852,8000,1080p
1.2945592188157906,1.7313749149760953,11088.949896590104,8000,1080p
1.8971388748285123,1.428128983384457,10090.745597268207,8000,1080p
1.477581998662514,1.3189064337602876,11998.773751740267,8000,1080p
0.8618869684078898,0.9353164519410024,18670.358413565704,15000,1440p
1.4201090054687833,1.3576600708293323,12079.633359846244,8000,1080p
1.0229241084202392,0.7728711024904173,18684.999155880578,15000,1440p
1.313188123308283,1.1336646447380643,13713.302425953087,8000,1080p
0.7600873596663544,0.8248631133365631,21170.650169545224,15000,1440p
1.6837863072974013,1.5046082676763315,10523.927077085946,8000,1080p
1.2752449132260995,1.2092951626394446,13505.289097947265,8000,1080p
1.476915009671308,1.3868367048880692,11716.948724782433,8000,1080p
0.5910051019286765,0.7358902375368997,25287.92663746522,15000,1440p
1.444526696035504,1.2660307893966523,12379.16265577753,8000,1080p
0.8661962667123301,1.0546404536927496,17468.653969153507,15000,1440p
1.112213627639252,1.1656607017501044,14730.589640998825,8000,1080p
1.3948004350356649,1.4534003355151683,11780.92230959922,8000,1080p
1.4741886351122855,1.1174818679977736,12947.028551559302,8000,1080p
1.075633670298415,0.8496254919222614,17428.52736838654,15000,1440p
1.0897387601972328,0.8164788399358334,17602.624169275157,15000,1440p
1.7213467949788452,1.2434216069362714,11317.724507022282,8000,1080p
1.2326683455028298,0.9251647744293998,15550.058848412631,15000,1440p
1.2566876648875343,1.6188330832440694,11668.993180383868,8000,1080p
1.728907049926178,1.3194302925116312,11007.45364788463,8000,1080p
0.7655752124461626,0.9917138866268358,19094.429037146234,15000,1440p
0.9896088081771478,0.690276709287221,19974.23732222378,15000,1440p
0.9532131059484512,1.239261799766462,15304.363079612402,15000,1440p
1.6078457477487544,1.5024455485530195,10788.195960904752,8000,1080p
1.8451565425594405,2.0707333398014445,8568.788451163004,8000,1080p
1.8264199615038574,2.22248830012947,8287.278898846713,8000,1080p
1.4379694988449787,1.3513957203584688,12029.415068702285,8000,1080p
0.9988706323823042,0.9931632672082595,16844.307723325728,15000,1440p
1.382479351189028,2.0387881002425288,9807.602730958628,8000,1080p
0.9904484265436458,1.0518696659696212,16429.581720400896,15000,1440p
0.8754986187393419,0.7721736160468375,20364.74930607446,15000,1440p
1.160021998254642,1.5926613751347496,12189.717249857282,8000,1080p
1.6605172162148556,1.248620700537799,11534.149621017408,8000,1080p
1.483069234001463,1.1812511131492105,12593.99307440053,8000,1080p
0.9542250460862398,0.7607591180485829,19565.44713456732,15000,1440p
1.462159933075413,1.2194745513321703,12512.679186929803,8000,1080p
1.0481386920114253,0.785659569826231,18297.77718644742,15000,1440p
2.1304658566862575,2.5117639700718875,7228.085047963342,4000,720p
1.5984382490388735,1.179668535810446,12078.164951395107,8000,1080p
1.066986184812289,1.247101113729181,14500.071808504714,8000,1080p
1.3723405406315983,1.8543923555478214,10398.887382258936,8000,1080p
1.3009575035303096,1.8227800073329672,10741.757872839607,8000,1080p
1.2698554967697229,1.6027309056930892,11680.913051468917,8000,1080p
0.8792386805489967,0.6371124119484675,22128.40559552412,15000,1440p
0.6781484172647619,1.0137438687997204,19832.487136667016,15000,1440p
1.3172921976183765,0.9794585218655576,14609.52279903475,8000,1080p
1.5284768904847499,1.2146561660184005,12232.156191057684,8000,1080p
0.994747771390391,0.8934789725201111,17770.340404409824,15000,1440p
3.1262509642227188,3.4012093205107914,5140.503432625618,4000,720p
1.2444824958235432,1.1582659556188264,13965.020757731538,8000,1080p
1.3734138213167495,1.5045545211498839,11659.069179072814,8000,1080p
1.590371936148767,1.7432456817662751,10065.471162522259,8000,1080p
2.192770787025864,2.040892357422671,7925.626308743726,4000,720p
1.4454300865134324,1.2948452099185137,12244.912780730649,8000,1080p
1.1382079379250771,0.8259982995057471,17082.947483095813,15000,1440p
1.2782429956595738,0.8845233371130761,15514.589575187012,15000,1440p
1.0704251739335504,0.8524332118617965,17450.2876799848,15000,1440p
1.552680417867587,1.0504991487395678,12889.78771592505,8000,1080p
0.9416847704681751,0.9377198845038305,17853.755928097245,15000,1440p
1.8297243342789686,2.208874531738677,8308.433967616877,8000,1080p
0.6567426940226354,0.8675082364430758,22013.719217312835,15000,1440p
1.1482152544433568,1.605985220197894,12183.002765755693,8000,1080p
0.739116788422874,0.7916403530606944,21920.153818443046,15000,1440p
1.7829116659492426,2.332889606998065,8152.587983426084,8000,1080p
1.1318287230773374,0.8891508494173734,16603.053517547523,15000,1440p
1.0007867039615903,0.8673555806886226,17961.38991965629,15000,1440p
1.620512709409144,1.1386426268362033,12161.124659860869,8000,1080p
1.676130682044666,1.5552567228323781,10383.90876604805,8000,1080p
1.361518896957826,1.2658763672960478,12770.98747056194,8000,1080p
1.4283733984150557,1.0795060091270945,13379.603460632525,8000,1080p
1.3634298207399342,1.0365817694236075,13980.945816063137,8000,1080p
1.8588044649860198,1.4948376663904435,10005.370485439356,8000,1080p
0.7171661927750638,0.9332422593424282,20330.986524547483,15000,1440p
1.6407834200242233,1.636018581193834,10239.993746197391,8000,1080p
1.5384513530710198,2.2181769060565983,8932.06079639942,8000,1080p
0.7279664001541305,1.0661443349858564,18702.542347466577,15000,1440p
0.9543360240946385,0.9795199766108976,17351.049916725035,15000,1440p
0.7502967486905427,0.8582744136028122,20859.774678641592,15000,1440p
1.3128186727314612,1.0947122984333415,13937.27947921925,8000,1080p
1.1187676326746658,1.3459835893484182,13613.719591731575,8000,1080p
0.7969605152033172,0.8329071079563122,20587.213049211958,15000,1440p
1.8092952398232762,1.4444692758373925,10312.49552280118,8000,1080p
0.9872365013236903,1.423216932662096,13920.381753451396,8000,1080p
1.0491889291857774,1.5362773043004492,12978.0971669297,8000,1080p
2.4998365869059245,2.027315793435968,7411.81855192291,4000,720p
0.9521520142462976,1.1593536447449269,15891.234701227697,15000,1440p
0.841690039322834,0.86711505458057,19636.196146485025,15000,1440p
0.9775007700368094,0.8391892235584685,18470.092375857086,15000,1440p
1.362305946346592,1.8038717668375306,10597.772784603234,8000,1080p
1.0119742850543314,1.4551374441886817,13600.694124337671,8000,1080p
1.3150850048836489,1.4332242549293905,12209.117980515273,8000,1080p
1.208275297786945,0.8649897273081366,16184.342857209567,15000,1440p
1.3317315642891248,1.131919633490177,13619.798139544047,8000,1080p
1.109103401650355,1.422646460484951,13253.454656732882,8000,1080p
0.9295368171145859,1.1370714430922804,16236.474345961058,15000,1440p
0.9306794259941004,1.2453548000379189,15419.992754978966,15000,1440p
1.3933472392914332,1.6814677912906673,10912.66683240056,8000,1080p
0.7160135181124224,0.9458492201423668,20190.856457397498,15000,1440p
0.9384000404115348,0.8678169494892748,18577.187673249977,15000,1440p
1.524009866791514,1.3641911352590586,11617.762051940614,8000,1080p
0.9763937990950506,1.2852317404950637,14836.422481363223,8000,1080p
0.9754666702843585,1.1273951560869424,15956.555765673647,15000,1440p
1.2073545473329421,1.1780235529004326,14066.714202128873,8000,1080p
0.736266503014172,0.739188202231476,22741.756748414406,15000,1440p
1.8652168381564178,2.156631325260119,8343.037985674653,8000,1080p
1.7744284523232923,1.6181368964444498,9890.577940433113,8000,1080p
1.6587236589565648,2.1245041463221357,8869.260252629203,8000,1080p
1.3686433726492924,1.2471624695126882,12827.569790985344,8000,1080p
1.0945550608920698,1.2230740392961152,14477.91279341266,8000,1080p
1.3187118133241296,1.416443382758035,12267.83476420766,8000,1080p
1.111938880629384,1.5451180796027577,12628.420279356156,8000,1080p
1.1709787731055743,1.4575574141175454,12765.44419023126,8000,1080p
0.8762205300290307,0.9429914917056441,18444.48673333019,15000,1440p
0.7868482755502628,1.0524423482333687,18243.13763475545,15000,1440p
0.7613492468402133,0.8598199812039876,20697.673888419715,15000,1440p
0.9066870795151487,0.8761468997875428,18820.839399260232,15000,1440p
1.2525485310828572,0.8862836158610685,15688.20257725428,15000,1440p
1.380039649972654,1.1994479813300845,13008.177125103619,8000,1080p
0.9837502951758863,0.9610714784691008,17253.216955254593,15000,1440p
1.295026874014558,1.5912170559779528,11625.639694316158,8000,1080p
1.5700132891549914,1.5883751263765569,10623.90928075668,8000,1080p
1.2665417135971744,1.2210102760289825,13488.936970938543,8000,1080p
1.2566603498873163,0.8864932443445082,15656.568941353451,15000,1440p
1.1409436709891154,1.2802252531728695,13858.773613499052,8000,1080p
0.8382781198472765,0.9164527563869779,19122.266812794445,15000,1440p
1.0297441076720717,0.8172959307067695,18166.596989121546,15000,1440p
1.4571219237395754,1.7533317573922527,10451.616915454319,8000,1080p
0.9658305494111263,0.8679754723289903,18297.699757883805,15000,1440p
1.724790132819206,1.272872886000047,11193.530356596497,8000,1080p
1.573068521641648,1.702189520484117,10244.820886913056,8000,1080p
1.651304778395048,2.0975538790037853,8950.572711984272,8000,1080p
1.2467622795870852,1.0215573293631477,14792.63850984775,8000,1080p
0.7505978416137057,1.0921743594698223,18208.670599800884,15000,1440p
2.267570214676584,2.1597783811319387,7578.899938389036,4000,720p
0.9445390148359908,1.0297659227445637,16995.56707846755,15000,1440p
1.2874175359082145,0.9229589631389643,15180.41474584272,15000,1440p
2.124553032131624,1.583322015373394,9049.504519462798,8000,1080p
1.7878979614961565,1.2543352047369103,11029.539869735738,8000,1080p
0.8876821672779632,0.9654738155321932,18106.642026494446,15000,1440p
0.8513945155327091,0.942668529783368,18703.039498864655,15000,1440p
1.5203671822802798,1.0533644728233205,13037.26903053898,8000,1080p
1.1440279035571927,1.3073886578852594,13687.772420145537,8000,1080p
1.5297183328127297,1.200821843903514,12288.569231144831,8000,1080p
1.3160529346454732,1.9721022842870541,10204.637483899916,8000,1080p
1.1632402052252884,0.8192217583610057,16925.637220953126,15000,1440p
1.3102126168374228,0.8862772828238823,15276.388024900107,15000,1440p
1.0076772141755892,0.9694581970390421,16971.236168081276,15000,1440p
0.8208028138820007,0.7111765444048281,21902.665867197466,15000,1440p
1.0941879077006231,1.4530946104449425,13172.638590723653,8000,1080p
0.8150074427868919,1.1445133565629966,17123.79476203181,15000,1440p
1.008239116028868,1.354195110901912,14203.32960701858,8000,1080p
1.2051458739390954,1.2196912558668014,13837.808563532662,8000,1080p
1.149194123957674,1.1192257256850064,14791.98482824309,8000,1080p
0.9584406791291241,0.765046189239554,19468.92234331909,15000,1440p
1.1338115563430347,1.134035746036292,14795.719255346756,8000,1080p
1.0393339264801469,1.3305615691942423,14158.612504747423,8000,1080p
1.7004625581592792,1.4633759710357888,10605.608247819397,8000,1080p
1.2290610722058992,1.0789506509835438,14538.241579479982,8000,1080p
1.638030463129479,1.3526549822494187,11219.64600183785,8000,1080p
1.0244551808225013,1.097125127453331,15815.772737478435,15000,1440p
1.2596582118013255,1.3730738867998487,12745.099289756134,8000,1080p
1.1935971323237284,1.4699838256038724,12597.489068290617,8000,1080p
1.579404610414051,1.4911008331342346,10927.98323171979,8000,1080p
1.7381398121130598,1.1753074159433008,11517.089335572098,8000,1080p
1.5186919590403742,1.2737770520004799,12016.044535259874,8000,1080p
2.3962081797847294,1.9955437558139617,7640.329529547028,4000,720p
1.2019791338440735,1.3462048571462366,13167.978497094167,8000,1080p
0.6805164891424021,0.5257193092221056,27817.47320506924,15000,1440p
0.9464908766616941,0.8755225772412533,18416.127459499723,15000,1440p
1.5182664162774477,1.284760091673184,11970.786542626223,8000,1080p
1.781927400680996,1.9172625625795368,9070.751254532634,8000,1080p
1.451211108156747,1.1894562465070222,12706.80002187266,8000,1080p
1.6720455310893032,1.153520304474675,11875.296472539134,8000,1080p
1.2784819319075182,1.9160905908970884,10503.57497301129,8000,1080p
0.6433244712239021,0.7828762767322661,23527.14514284579,15000,1440p
0.6831645901291307,0.9926014040461005,20023.33984376776,15000,1440p
1.213042927157776,1.2500231800983017,13623.033462703339,8000,1080p
0.8373676877423972,1.2464446820491921,16102.424808696149,15000,1440p
1.646586439627599,1.400634203396917,11011.487493303268,8000,1080p
1.0109006898116748,1.462497664018409,13566.125306116017,8000,1080p
0.8710472757004581,0.8650579375282874,19327.418490724234,15000,1440p
1.0481933698549408,1.543530501205086,12946.761950483593,8000,1080p
1.54904771820021,1.6288041536910216,10558.840799596735,8000,1080p
1.1202374780082847,1.191904339475092,14512.272450710625,8000,1080p
1.444719490956997,0.9827536160072805,13822.782177785743,8000,1080p
1.0654944056165074,0.9236502932672572,16868.77380958234,15000,1440p
1.0721969514971013,1.486876348675375,13111.946421284025,8000,1080p
0.7824204588625937,1.0112239737638937,18707.404538850118,15000,1440p
1.4104509083481742,1.0120518009482338,13851.143229369412,8000,1080p
1.5832077421013706,2.0545039897402573,9224.04920276977,8000,1080p
1.1007250005911227,1.2598039589954368,14214.793622306152,8000,1080p
1.4008471865413656,1.0801616335656514,13524.51137136733,8000,1080p
1.7857650842622759,1.4336911259781249,10422.39117689209,8000,1080p
1.0311833953090175,1.369157851832389,13979.025707265728,8000,1080p
0.8877569504665731,0.8455258680959076,19358.890332639872,15000,1440p
1.6868848147214126,1.1408842831720505,11866.043809940586,8000,1080p
1.1955239958085364,1.7569891445008479,11364.702003149745,8000,1080p
0.7313094857473861,0.6769746403286256,23826.464687559015,15000,1440p
2.1094444074511016,1.9105659752436286,8346.85207392611,8000,1080p
1.0943455573146466,1.2127990000216107,14543.705938712697,8000,1080p
1.4010311875307313,1.1624651230416447,13089.323304899934,8000,1080p
0.8788966107631073,1.1016549815513101,16941.963102707778,15000,1440p
1.1603512743946762,1.4386334761963977,12910.59210423181,8000,1080p
0.9297717394487739,1.1196497309567839,16372.636124164324,15000,1440p
1.9417463242985147,1.4860568892536385,9788.902661430297,8000,1080p
1.8574591877390054,1.8011707022260988,9171.310848367895,8000,1080p
1.1971189003160163,1.4690684325552483,12585.174187240862,8000,1080p
1.075152309975413,1.5064491458072564,12997.525983276622,8000,1080p
1.186954329014248,1.241369710504932,13817.938402752849,8000,1080p
1.2319109818430614,1.4864264802973948,12343.733060125205,8000,1080p
1.2486379573592437,1.4089338168557115,12625.973953200926,8000,1080p
1.3519997745634282,1.3121445903284616,12594.824981025991,8000,1080p
1.03363766545272,0.8325909092191195,17979.808291114747,15000,1440p
1.2921899852783376,1.8427069862187575,10703.519862082041,8000,1080p
0.7098050252002708,0.9235690844577988,20543.016937512424,15000,1440p
1.6111998282882134,1.0920112038173546,12412.805216270515,8000,1080p
0.7053673813186275,0.7187438259835129,23561.66556933855,15000,1440p
1.6975512170252323,1.4795388337345945,10561.372659857465,8000,1080p
2.0046626853396345,2.31722298547128,7763.840729665621,4000,720p
1.5066223210607776,1.8936128545170412,9868.268007167453,8000,1080p
0.6370740424205573,0.8424489083576955,22679.223720287566,15000,1440p
1.2106055568332041,0.8211766020176667,16514.77834561635,15000,1440p
1.097027536610648,1.089127153659205,15348.608288948726,15000,1440p
1.257158578440702,0.9584212927717526,15144.762974235571,15000,1440p
1.5359687403081386,1.28212265931347,11906.793372459611,8000,1080p
2.0312912500404035,1.8870072468111303,8563.521137290067,8000,1080p
1.425260231136339,1.2977586252704076,12322.511803784535,8000,1080p
1.1812626890326796,0.9085180327182587,16056.436759492244,15000,1440p
1.3468635906446258,1.8296550977262684,10563.272340515865,8000,1080p
1.1966964024156639,1.4475903436263897,12689.407474519923,8000,1080p
1.6588062719285457,1.2658840579461401,11472.815312189892,8000,1080p
0.891197605391532,0.6356017915130185,21976.97488486609,15000,1440p
1.9850273952838102,1.3568844524697,10040.4898539008,8000,1080p
0.9942383698811504,1.233016095388313,15065.378708732518,15000,1440p
1.1167641967341815,1.0175378136869908,15721.501378981759,15000,1440p
1.4917630132075754,2.22101011363515,9037.565952362427,8000,1080p
1.314867203842855,1.0061154390829068,14456.993938439056,8000,1080p
1.2429604600901856,1.3835145639502953,12775.462051941004,8000,1080p
0.8601693201847435,1.2445809630246822,15942.238976129067,15000,1440p
1.2948416745928653,1.2043167409771398,13426.292543502866,8000,1080p
0.9808655424064396,1.4542729098151714,13779.270730741333,8000,1080p
1.0080540402029923,0.7750129935793872,18818.379435136405,15000,1440p
0.8522519364086113,1.0580809034102554,17564.704590003043,15000,1440p
1.410005779705141,1.3517097852223203,12149.850776135714,8000,1080p
1.0090118865160436,0.878500118649717,17777.06944812426,15000,1440p
1.4541209368876027,1.1090984187732866,13090.737601483379,8000,1080p
0.9449877147435292,0.978514275640037,17444.448806267625,15000,1440p
1.0377484349444515,1.4080972985887386,13718.948640120629,8000,1080p
1.379390435279011,1.8838391931330842,10282.583765436013,8000,1080p
0.988299741736946,0.9503313372278394,17308.31222303411,15000,1440p
1.2198050310030986,1.0916292268519914,14516.71484316281,8000,1080p
1.0315718144352464,1.324118853855539,14243.989014205348,8000,1080p
1.9096066546861397,2.8177607853624473,7097.910713632858,4000,720p
1.0263143851956023,0.8980888407226653,17436.279230923046,15000,1440p
1.5036325749993804,1.0494942377255614,13142.485454605168,8000,1080p
0.8696352988468123,0.9991834625562945,17954.88823903254,15000,1440p
1.709695826639008,1.3252589808258495,11055.99065840078,8000,1080p
1.207240695267015,1.741903360802372,11377.684969625145,8000,1080p
1.2686964024598268,1.5951036372045724,11716.751007494277,8000,1080p
1.4254943173606553,1.7078631376308973,10708.778836116053,8000,1080p
1.4133392208173239,1.3396783165737636,12188.237649876377,8000,1080p
0.9019379208827872,1.3143325154766003,15140.044035022654,15000,1440p
1.3186973639847828,0.968729021005976,14669.07622477895,8000,1080p
1.024948582004895,1.3420584618491704,14175.890218461367,8000,1080p
1.0145814739378634,1.073745642401931,16067.613036989516,15000,1440p
1.547644905672805,1.442356827330361,11222.21155580998,8000,1080p
0.7408209497774969,0.7124021516248389,23089.663223506795,15000,1440p
1.0334518051213604,0.8347986979708768,17960.349505841074,15000,1440p
1.2495544658028632,0.8568474327904125,15929.738775116348,15000,1440p
1.0828528407451568,0.9129310820168288,16812.657731786756,15000,1440p
0.7445171112675222,1.0568209790042822,18627.503732481982,15000,1440p
1.8065873424586423,2.07983119750434,8633.766964357783,8000,1080p
0.9878029215837818,1.0841315217481846,16194.736328645458,15000,1440p
0.8256070830547692,1.0294438074288794,18088.146353360527,15000,1440p
2.0873967179698596,2.2485087797812593,7738.736929899303,4000,720p
0.7708094723860465,0.9846557437685869,19114.267654645624,15000,1440p
0.5639902160818083,0.7284074473796908,25962.931494420485,15000,1440p
0.9976779917046656,1.1379835798048907,15711.493079066182,15000,1440p
0.9641288122511262,0.8704825300524774,18289.66780390001,15000,1440p
1.4283726706730473,1.3630116016256073,12020.713999498368,8000,1080p
1.4199290229739814,1.2070390252558696,12773.064378384894,8000,1080p
1.3647129392308084,1.0133173183435804,14110.17874693731,8000,1080p
2.228003997570818,2.601381700714592,6947.971045657612,4000,720p
1.7602213746745596,1.4202018246901418,10550.304125156235,8000,1080p
1.599350459790298,2.122814263174809,9014.762778491506,8000,1080p
1.5390793990579525,1.051602844469239,12951.967414697656,8000,1080p
1.399353573061928,1.2194840369584334,12812.719609498472,8000,1080p
0.9578730285393504,0.886069216107835,18197.116583995943,15000,1440p
1.2372883127729772,1.4422105844834623,12522.651916131279,8000,1080p
1.1198168511471256,1.2391514044069194,14224.198193849435,8000,1080p
1.0320009146053633,1.1512929238932614,15368.720145829853,15000,1440p
1.4758194104254534,1.3274151966679877,11969.897886923996,8000,1080p
1.2913667661870565,0.949214762716188,14975.769266662106,8000,1080p
1.133938018554819,1.651099975867633,12048.105651412616,8000,1080p
1.139742665849784,0.78590179954274,17425.040085559227,15000,1440p
1.3375290027262448,1.6779175865529103,11127.516607091095,8000,1080p
0.8295104737089468,0.8145280767454043,20409.75985065971,15000,1440p
1.5414905923135391,1.6968654651443176,10361.563523172488,8000,1080p
1.099670067284397,0.858110683727155,17139.014152970394,15000,1440p
1.1374366505440685,0.9909442175529826,15765.238497938784,15000,1440p
1.8224027492818196,1.4327839578460635,10307.989992256313,8000,1080p
1.1272455867416686,0.7808308220859779,17585.476055760468,15000,1440p
0.815188638306471,1.02689993627682,18215.428108602504,15000,1440p
1.8222238059880442,2.0713103212327475,8617.988414538742,8000,1080p
1.0272565718643298,1.1931633583852015,15111.750503981984,15000,1440p
1.2413639619923584,1.030089835227681,14772.227390698508,8000,1080p
1.1581210261873793,1.475940772067927,12738.665441420193,8000,1080p
2.9457241797470965,2.0366790466789606,6734.587803337835,4000,720p
1.5049806493837772,1.8281528046628717,10066.93325143122,8000,1080p
0.5999083872212484,0.864789116087696,22908.779406120462,15000,1440p
1.052725283305853,1.143875313886982,15275.618172407483,15000,1440p
1.28840214901348,1.3935797465817836,12511.058353938895,8000,1080p
2.326631752719229,1.6666880307884502,8402.64086502139,8000,1080p
1.1545392589323988,1.1656226912684189,14462.107697738837,8000,1080p
1.2437240530488063,1.7429880000099696,11234.572132802678,8000,1080p
1.190499970122668,0.794818554043478,16901.28389553671,15000,1440p
1.1489376085966483,1.3535392803930315,13408.488265219052,8000,1080p
0.8689691414182558,0.7807002286156993,20340.095178774733,15000,1440p
1.425235917754077,0.9854675083491413,13918.938197320715,8000,1080p
0.7414883036916967,0.7895342082507043,21916.354422136912,15000,1440p
0.888792572199143,1.186542203483169,16168.202062227885,15000,1440p
1.2855055147504444,1.2634322900570327,13164.08424588233,8000,1080p
1.0540867532294578,1.151229155214494,15215.249602799839,15000,1440p
1.8767604177235009,1.4013375598046334,10235.94542628707,8000,1080p
1.3710692918289666,1.5528823282426911,11475.713814709998,8000,1080p
1.215495478304123,0.9315500457083112,15628.188422056799,15000,1440p
1.1798242881089185,1.3433064123741185,13298.729230941633,8000,1080p
1.0308415005888518,0.8351865717504765,17981.74019854632,15000,1440p
1.4571007745374425,1.4941653521873894,11369.503988864955,8000,1080p
0.8675254867926395,0.5855373268937843,23092.210249928787,15000,1440p
1.1825390582126183,1.763198566588932,11390.842048351305,8000,1080p
1.0281616819622852,1.1702601351482058,15262.963521760565,15000,1440p
0.8072428003584078,1.0147154365933717,18416.685585580773,15000,1440p
1.2551417616038276,1.193141253561925,13705.291337704399,8000,1080p
1.2339376905934207,1.4370829049229945,12562.401074826825,8000,1080p
1.2647892557069624,1.0008185088855377,14810.344722682046,8000,1080p
1.2904085604723174,1.4193443289642504,12382.838350613178,8000,1080p
1.3990536857808262,1.1112685041657273,13366.583833095303,8000,1080p
0.9031291076999418,1.0792985553614058,16925.93007312249,15000,1440p
0.9172337845742585,0.808296036314753,19445.871983083085,15000,1440p
1.3887430862307015,1.4866230928942672,11669.620462118422,8000,1080p
1.3388960709273894,1.080482989163822,13869.026376848524,8000,1080p
1.0757972409338912,1.3510952042377333,13826.089436619885,8000,1080p
0.9508081623494624,1.098328919183581,16374.908395536211,15000,1440p
1.2028698305511774,1.1692174657137246,14145.529994968963,8000,1080p
1.7641094019009629,1.8662776169264073,9242.659756655426,8000,1080p
1.699574621797928,2.3574820136894727,8270.634357552883,8000,1080p
1.8003982202440039,1.5389263332272107,10048.26918219743,8000,1080p
1.2688596855729086,0.9151697001824415,15363.544199015043,15000,1440p
1.5801276510070053,1.2966211109971661,11664.011971842589,8000,1080p
1.01186095056763,1.4945521454857853,13387.430848025264,8000,1080p
1.5620698251829739,1.4790728238114375,11033.494930300345,8000,1080p
0.902076560982188,1.0500337367031034,17188.799239360123,15000,1440p
1.1698080612996091,1.1493851256178274,14468.148746417708,8000,1080p
1.1174249890112884,1.0018590948248256,15832.908978990281,15000,1440p
0.9596784227518669,1.0854029101214155,16407.382660354615,15000,1440p
1.0611417406116996,1.0498234467335847,15895.303343300278,15000,1440p
0.7573205198426733,0.8632977829241273,20704.71001266257,15000,1440p
1.3625396265633425,0.9447352346922799,14542.88457931693,8000,1080p
1.869791312588634,1.6034275619440483,9660.903390234716,8000,1080p
0.7607394417930802,0.5211679410831183,26175.39492183466,15000,1440p
1.2309914610590322,1.6005556308147053,11850.211531462051,8000,1080p
1.7159105323652637,1.335047552282392,10997.998356268825,8000,1080p
1.2196620804424068,1.0323495096610122,14899.759906856909,8000,1080p
0.725080763792334,0.9451642543355652,20089.526767521584,15000,1440p
0.9819408513929142,1.1916034489163327,15437.657284107781,15000,1440p
1.822985469837493,1.3962222044260395,10423.195828046832,8000,1080p
1.5140980460079398,2.048519062079662,9418.478321407905,8000,1080p
1.7056753464832306,1.4126691081600657,10760.335327945113,8000,1080p
2.2695507292195654,1.6083380064852202,8652.757798607046,8000,1080p
1.65875864536176,2.076390503307662,8983.424935508438,8000,1080p
0.9594265741420979,0.9656798638296998,17429.91002375504,15000,1440p
1.0923691953088335,0.8648981370719266,17143.50995639692,15000,1440p
1.4596305465827835,1.2780685659867912,12256.435283900199,8000,1080p
1.1317851400458439,1.3039281645886425,13776.018686663669,8000,1080p
1.0805985200764927,1.4342465667225337,13342.54430864731,8000,1080p
1.791249562509428,1.3840432809160794,10567.350368793532,8000,1080p
1.255692610944214,0.9011701699899997,15557.054577883897,15000,1440p
1.2162360684651954,0.8310386968518506,16389.803932743576,15000,1440p
1.5386818872743169,1.0982119791916174,12724.98390121819,8000,1080p
0.8654449447035113,1.1186578624563124,16911.63979956867,15000,1440p
0.9836509164721939,0.9855172923598411,17039.901339815966,15000,1440p
0.9230129036001895,0.8263316287363078,19181.1454974986,15000,1440p
1.8227302310346276,1.230011167577963,10991.573677105376,8000,1080p
0.6007243562045772,0.8515693607158612,23104.43928047251,15000,1440p
0.8986590723464198,1.1552869007746747,16336.569919125974,15000,1440p
0.8668606611221025,1.1418292712535245,16704.634926066472,15000,1440p
1.2522386070048073,1.1248728386516327,14115.63267734548,8000,1080p
0.767367854310761,0.9524833077066778,19510.078977206147,15000,1440p
0.72466986379362,0.920150390832041,20400.060070780524,15000,1440p
0.7059830976080481,1.0252864034506315,19381.403056821197,15000,1440p
2.0478709228506906,1.5903403409995898,9222.782726611016,8000,1080p
1.5669608927243028,2.312234616293945,8649.842969242869,8000,1080p
1.3942240569028927,1.0898266595303718,13507.949647734764,8000,1080p
0.8667028845867515,0.6623838233795416,21944.100243097313,15000,1440p
0.797880587894625,1.1400866037906763,17314.241512427405,15000,1440p
1.7877794692808293,2.0814902147376637,8672.032383421643,8000,1080p
1.8310241881277192,1.672953671719979,9576.097036600127,8000,1080p
0.961738161231046,0.9856464331963228,17230.51116662794,15000,1440p
1.4503987614357763,1.5385290972704266,11226.243518143821,8000,1080p
0.7477952170934443,0.6197344403188942,24536.529659979904,15000,1440p
1.1150283349621302,0.9011134754263614,16642.892790132842,15000,1440p
1.5740800961498,1.2379696608153332,11932.374922203782,8000,1080p
0.8237466075642171,1.0964899178792078,17474.114024704086,15000,1440p
2.228400143239373,1.5649308437208567,8845.63780891915,8000,1080p
0.8415728975623734,1.0853061232481105,17413.875825938638,15000,1440p
1.2898814156072054,1.1702242388626733,13639.427208759678,8000,1080p
1.1990248607427256,1.5051686010613032,12408.295661514941,8000,1080p
1.139401644911782,0.8266065005390089,17067.29042686963,15000,1440p
0.7831746651095975,0.5884888598232717,24462.582397269907,15000,1440p
1.1469365022975677,1.053283520877891,15250.489335867738,15000,1440p
2.14646549916769,2.1246452620811183,7856.137167978569,4000,720p
1.127640458892987,1.5096087564207779,12723.26930847447,8000,1080p
1.533468949543615,1.1693386695694516,12414.657914502615,8000,1080p
1.8991717599637927,1.7376252086749258,9226.369327006914,8000,1080p
1.5048940507872148,1.0460313236118781,13153.827366629346,8000,1080p
2.5712266476580825,1.850473619126944,7588.581309333545,4000,720p
0.6182064448487993,0.7912927727443707,23805.924530626427,15000,1440p
1.3290507465979842,1.5718471027631453,11566.91263961251,8000,1080p
1.0761338624901897,1.2317220391070782,14539.223171072756,8000,1080p
1.080129578025926,0.8483691425926485,17399.25032941545,15000,1440p
1.437604810450434,1.3497773828680988,12037.97314929805,8000,1080p
1.0038647755800056,0.8472110568845785,18126.989403413314,15000,1440p
0.8565050518036683,1.2207105950640558,16153.562125625915,15000,1440p
0.9447617323392344,0.8611018934631692,18580.822782279964,15000,1440p
1.002630037487292,1.1535515184560954,15561.969680850476,15000,1440p
1.1814616211253337,1.1183091714592581,14590.337484149859,8000,1080p
1.1443620351913428,1.0365073648733891,15385.805311865097,15000,1440p
0.9349834162283615,1.1704896121997606,15936.766487600487,15000,1440p
1.4892242152650812,1.3424113396226278,11849.841319473979,8000,1080p
1.2186628747084665,0.8476329594672383,16238.929317391608,15000,1440p
1.5224853901262938,1.8882726453984893,9837.822457797796,8000,1080p
0.9787769961239424,1.094866677497544,16181.38758690365,15000,1440p
1.2907908218626456,1.1590255699259135,13696.712991418357,8000,1080p
1.295614225256343,1.0925810411885282,14050.120805217904,8000,1080p
1.0140060655408656,1.2932067786499133,14543.275486908415,8000,1080p
1.1014301468638419,0.8214792322029083,17449.824919094757,15000,1440p
0.6864454655502938,0.5649996203050263,26812.548452389095,15000,1440p
1.3363310008184643,0.9046232478905432,14973.278468014414,8000,1080p
0.9554422612150371,1.2923924869655437,14927.44607990391,8000,1080p
1.1648938346065716,1.1580231602165725,14444.955232915963,8000,1080p
1.6541432570937895,1.1846381938439074,11820.012417270238,8000,1080p
1.5025866436657707,1.1598553530746767,12602.878125074554,8000,1080p
0.9102326676819028,0.9566241944075382,17973.757218025217,15000,1440p
1.4613660487477076,1.6191312004775935,10892.537563030915,8000,1080p
1.4567753698211272,1.4466713885572633,11556.75815413972,8000,1080p
1.210456540646224,1.2338203958079563,13727.75379891124,8000,1080p
1.1612678043702807,1.2589363821259982,13864.297974203835,8000,1080p
1.298112211199918,1.3296975463790772,12768.973059493372,8000,1080p
0.9313863875567109,0.7651167967750426,19778.584744134725,15000,1440p
1.9102456362489815,1.2868485987478728,10495.2902647341,8000,1080p
1.5971694474437423,1.4979208120874425,10841.180445924221,8000,1080p
1.192819081941271,1.2542648604678324,13712.006939560219,8000,1080p
0.6820627545913447,0.8215371387931611,22316.064365016115,15000,1440p
1.2590565211354114,1.191470573556618,13692.740664929053,8000,1080p
1.1358771765059208,1.070973955271934,15204.66492588846,15000,1440p
1.2446626847424098,1.0152185991943905,14847.873752707437,8000,1080p
1.1283741243257555,1.542753002792867,12561.90005310439,8000,1080p
1.6941632189907108,1.1300298775590527,11881.068628413723,8000,1080p
1.198067214755769,0.8589326327519513,16312.316231162999,15000,1440p
1.7134751528402008,1.7492536083148233,9690.170473764632,8000,1080p
1.1897255022813045,1.740143214563518,11452.537721940931,8000,1080p
1.9705546129397151,1.417699744911597,9903.162058139817,8000,1080p
1.393121838682498,1.1465186917108139,13212.276146342434,8000,1080p
0.727943813825318,0.9319968075261666,20214.236321706958,15000,1440p
1.7187485042108848,1.3988056896411112,10763.06293766163,8000,1080p
0.861970796943683,0.9296964656980524,18728.04884012082,15000,1440p
1.1195318401040621,1.3288793928262814,13704.57362256131,8000,1080p
1.0015458699561492,1.0959132913916878,15997.6568880787,15000,1440p
1.2466121164704271,0.9873420034009823,15020.19746132094,15000,1440p
1.2009253306014605,1.2065095442988738,13937.835806000412,8000,1080p
1.250668253969147,1.4679864133271618,12342.292827271714,8000,1080p
1.363306010939272,0.9721829388177954,14367.197928078513,8000,1080p
0.8029227422452749,1.0932646811619848,17695.735973032683,15000,1440p
0.7540758140172006,0.9902541212247629,19236.287425948187,15000,1440p
0.7525608502384054,1.0918826096614356,18192.17163849637,15000,1440p
1.5846937160286245,1.5618984990044407,10663.737054865687,8000,1080p
1.9477881987365624,1.393958232210621,10040.98685922419,8000,1080p
1.2882772558895657,1.6968620026171475,11240.49134538041,8000,1080p
2.5370753250400835,1.7236863547566381,7875.219156026785,4000,720p
0.991619185005084,0.8523472724080852,18196.87764118673,15000,1440p
1.4616516382453215,2.093402365457493,9438.515410750704,8000,1080p
1.138356908869537,1.105048047711805,14956.92157653632,8000,1080p
1.073646117833459,1.5788791956667367,12649.995017662071,8000,1080p
0.8406705534611068,1.2242693488166034,16249.592524696789,15000,1440p
1.5145370095990343,2.167359894209184,9113.354576901476,8000,1080p
1.5942219029080964,1.9967045330048756,9344.227067539183,8000,1080p
1.1239871229031253,0.7698716013964912,17717.494747349247,15000,1440p
1.277873940486045,1.1983183202301975,13550.818541971505,8000,1080p
1.2734957452840396,1.5733656131508276,11786.465083936291,8000,1080p
1.297944875473538,0.8666817302864775,15501.256387920448,15000,1440p
1.2786224461781708,1.4839313953714455,12146.163993378716,8000,1080p
0.7469150502439682,0.7060602209358114,23093.601567461392,15000,1440p
1.0065102960797412,1.3074318724284342,14500.981250379702,8000,1080p
0.8019768999854169,0.878309355028082,19969.473594087354,15000,1440p
0.6722877689317424,0.7017305980139954,24420.657545202317,15000,1440p
1.4325653936516085,1.0196336285335121,13683.404852718728,8000,1080p
1.6608836924591142,1.1909639356573005,11765.857218031666,8000,1080p
1.2745854468751072,1.0494673714754765,14437.895617111706,8000,1080p
1.2474675295263893,1.4602588498594207,12392.1058846467,8000,1080p
1.3297791973622939,1.6190575001269432,11378.870870865669,8000,1080p
0.8275878889628957,0.8446494477721679,20065.59192459659,15000,1440p
1.474347711673953,1.030442921097158,13396.102476987433,8000,1080p
1.46836446346027,1.3803222936126631,11778.912481931733,8000,1080p
1.6380750335105076,1.1061899456201856,12227.110812975905,8000,1080p
1.0334190670977186,1.4946702209637783,13272.645138941696,8000,1080p
1.168664400402297,0.8071071487387533,16982.9513005122,15000,1440p
1.3793360883130097,1.1493647363285553,13269.435305679639,8000,1080p
0.900775015764337,1.1287881654825236,16532.83440990778,15000,1440p
1.5117378099597112,2.1159833322261914,9249.451841764663,8000,1080p
1.6830991303205458,2.0084902088451844,9089.427050838496,8000,1080p
0.9906070908017762,1.2738600077442066,14817.805046293384,8000,1080p
1.1915064827945674,1.594301268272777,12044.776595636966,8000,1080p
1.1780235771151548,1.2199235641990094,13992.982339723687,8000,1080p
0.781534813239782,0.9264939812023326,19645.120801935733,15000,1440p
1.0310962106923482,1.389870493696446,13859.931216390383,8000,1080p
1.2706568353162302,1.6927401731357659,11322.962095290764,8000,1080p
1.058576648938768,1.1638268596314445,15098.262700992273,15000,1440p
0.8575779396410788,1.0529693589424358,17562.73295347221,15000,1440p
0.9805181519608979,1.311601547676917,14639.040014054259,8000,1080p
1.393211828733298,1.3014847112740928,12452.02623071909,8000,1080p
1.0066065559131794,0.9461988186379171,17182.681099345788,15000,1440p
0.8873738901235594,0.6988365250461045,21153.834118792467,15000,1440p
0.8556109355178181,1.058399997061403,17530.951066608486,15000,1440p
1.076968068792352,0.8452306218974144,17456.27658707813,15000,1440p
1.2194791980313822,1.2939295893380924,13350.168969178292,8000,1080p
1.193648085044598,0.8619473345699133,16323.461163526288,15000,1440p
0.9976138296013476,0.7189965981222145,19546.9114355185,15000,1440p
0.5943965809567011,0.6445306037184795,27083.457700379084,15000,1440p
0.9242357561788266,1.1240694619799827,16381.558618574225,15000,1440p
1.087086950195741,1.487462288703043,13033.128865056118,8000,1080p
1.188964976380177,0.8339281890718584,16587.347554017728,15000,1440p
1.0268458639130298,1.1216215533906047,15617.845413784036,15000,1440p
1.5854111257174728,1.27330316166925,11737.595515595785,8000,1080p
1.6533614877968845,1.4921542121558402,10667.386591173046,8000,1080p
1.3629591254626805,1.1607274597947235,13295.79996027027,8000,1080p
1.492506519264892,1.2211208531047237,12365.15829021113,8000,1080p
1.0419098785051186,1.0363695347762685,16145.293931878505,15000,1440p
0.6565193257200744,0.880863591623476,21825.682867596075,15000,1440p
1.977007347873214,1.3459753702798138,10097.68477479478,8000,1080p
1.2520508733889104,1.2584253903996074,13365.76349435926,8000,1080p
0.8594924552426614,1.0555206794907726,17521.776426181386,15000,1440p
1.2495031916838093,0.8772545698885608,15777.270268520046,15000,1440p
1.7968516961150962,1.3216246323247922,10759.880296024761,8000,1080p
0.9200342177080942,1.3246432800476546,14948.442274468407,8000,1080p
1.0680622457512632,0.8973263918025518,17072.67018789877,15000,1440p
1.034934063116901,1.27902420760107,14500.880341972972,8000,1080p
1.5326442167267897,1.1339764472172407,12583.12907182372,8000,1080p
1.575318625905026,1.4722143379027683,11010.359001359191,8000,1080p
1.3822160676796613,1.0558005144513436,13763.004011511262,8000,1080p
0.5594270490057165,0.7932917885243553,24805.178333486514,15000,1440p
0.7415028045272329,1.0368287170878756,18868.490825335724,15000,1440p
1.2403562698235961,1.2840418400944231,13292.052417631421,8000,1080p
1.1323995603776418,1.2446194678430447,14116.181486825166,8000,1080p
1.0684794021459967,0.8934851582228587,17102.465904731565,15000,1440p
1.4932054819787337,1.2084043985150583,12420.161860626236,8000,1080p
1.3717164412673075,1.4574266258691637,11860.28108290835,8000,1080p
1.4983956279302506,1.0735130596708558,13046.509839856402,8000,1080p
1.0560897796092754,0.8918706719941489,17225.417473121874,15000,1440p
2.261752023686464,1.5945932915923215,8701.096311852007,8000,1080p
1.4302892228704602,1.2058517269935922,12728.61832434659,8000,1080p
1.079848696842158,1.403152079563069,13513.661501378405,8000,1080p
1.0142253367408651,1.2759271953903948,14651.614479483425,8000,1080p
1.3204969358280303,0.9979897972512168,14472.557259551544,8000,1080p
0.9163088883331861,0.7549177599037645,20077.72676159635,15000,1440p
0.6521173305558807,0.8778206426250221,21931.890434902267,15000,1440p
1.2099191907389806,1.6924086883131448,11561.213411545556,8000,1080p
1.6984264935045819,1.3370157704660424,11054.215195682184,8000,1080p
0.8083785417725294,0.9799068584767391,18763.465828957087,15000,1440p
1.2737564599305402,1.585244023789896,11736.420539647967,8000,1080p
1.4559370132094387,1.8538987213005884,10137.793743098626,8000,1080p
1.2303447074019283,1.542722771095625,12100.113776596512,8000,1080p
1.3609050927400643,0.9151207833558779,14742.552952673708,8000,1080p
1.1129178598780054,1.0990623411171285,15169.408833272742,15000,1440p
0.8131971744297078,0.8512878822222744,20159.04670690937,15000,1440p
1.3911429273056917,1.8495069520010574,10354.229321181121,8000,1080p
0.7018767581609567,0.9166629799560829,20731.299460732556,15000,1440p
1.1028586040742412,1.220649930578515,14441.277705491468,8000,1080p
1.48529574837334,1.1139188724548106,12909.450312844512,8000,1080p
1.038431759128161,1.530322048835828,13062.533239257933,8000,1080p
0.5971506019273671,0.8491939781579958,23199.47297622509,15000,1440p
1.005872016415746,0.7714855116108843,18878.83077596375,15000,1440p
0.9277868611415041,1.0617619087754324,16865.3478152239,15000,1440p
1.2108477613545676,0.8236512733365982,16492.724463294482,15000,1440p
0.7212824722045001,1.0645860698058003,18788.858872125464,15000,1440p
1.5833992227457032,1.3991367593012094,11250.302494916294,8000,1080p
1.0592772849745165,0.840165447143604,17665.408613073865,15000,1440p
1.2469410248452564,0.9309504251091061,15406.843165072863,15000,1440p
1.055326313684289,1.2516747315586543,14544.610662049563,8000,1080p
1.0511434994427962,0.7856910374035453,18267.53108508595,15000,1440p
1.0893536321997082,0.9842876692924221,16181.406097503572,15000,1440p
2.1932372285943105,1.4874042600436121,9116.463014282146,8000,1080p
1.1721515512448744,1.277936347078281,13695.195189921436,8000,1080p
0.9575485736728556,0.9201636321882288,17869.848156316668,15000,1440p
1.3127759026972703,1.4395283375399657,12191.396397771696,8000,1080p
1.2674107764339493,1.395607069874577,12600.152885386455,8000,1080p
0.9539179423276589,0.6653766311366742,20721.635550357805,15000,1440p
1.767445455100888,1.5779479212245535,10030.040783083025,8000,1080p
0.8980318590508464,0.8955761607599629,18707.78432599746,15000,1440p
0.8369307191768223,0.8301103444075193,20128.137652382648,15000,1440p
0.8440682743317723,0.7966541595027093,20451.01066947745,15000,1440p
1.261131444954051,1.0859864336925782,14296.014829620663,8000,1080p
0.7321701611912953,0.6843410261799202,23688.081180827707,15000,1440p
1.9507965870972948,1.603768959866112,9439.812420582557,8000,1080p
1.586372910511666,1.335758338239807,11482.862727106,8000,1080p
1.354802986857109,1.3174993279287401,12556.375756718588,8000,1080p
1.353758178795704,1.8192199824615822,10575.059232901913,8000,1080p
2.2086765011276355,1.7337753509287483,8511.05689026944,8000,1080p
0.8560810067823693,1.0776150961917912,17352.484678637415,15000,1440p
0.5275289265429347,0.7605015155074074,26050.961921821206,15000,1440p
0.92603720909603,0.8508313689775677,18884.025759731892,15000,1440p
1.1789582752020826,1.2057208865733116,14070.837091149284,8000,1080p
0.7603038186087234,0.9815245819552827,19263.91370650234,15000,1440p
1.7919039501292084,1.1952058542791517,11233.07618303169,8000,1080p
0.9324981882138479,0.8656948424294466,18660.083443875916,15000,1440p
1.3837453026370077,1.0067770936179818,14036.443269708172,8000,1080p
1.001128470771984,1.3943943564145882,14007.14350086494,8000,1080p
1.06864316567884,0.8265041413474374,17705.447948872687,15000,1440p
1.206355844694571,0.8103450365206282,16638.279039071564,15000,1440p
1.7874343343009313,1.5345035116114738,10100.86086989503,8000,1080p
1.0917016273228657,0.8026441955227366,17712.938997376954,15000,1440p
0.7459445161983318,0.7768213341026762,22035.18813701216,15000,1440p
2.0399601715080915,1.7055572962514076,8958.55707224125,8000,1080p
0.9875368981230489,0.7162489739816372,19694.042866167343,15000,1440p
1.245374100498913,1.0661373756448322,14516.229898186913,8000,1080p
2.4574615136805225,1.9911844554713385,7542.616839522789,4000,720p
1.1211411039655321,1.3412575623678185,13626.726028878347,8000,1080p
2.110152973237981,1.9788782683556176,8205.961269917563,8000,1080p
1.2995674955370748,0.9111525384774624,15178.055784416596,15000,1440p
1.0543616319982372,1.3143994957403808,14165.39287438973,8000,1080p
1.901555762467248,1.278539325732228,10551.392668889672,8000,1080p
1.5574013872844548,1.0978619872984403,12636.950564375156,8000,1080p
0.9890420137181188,1.0701101176507757,16295.26613834671,15000,1440p
1.792994490371974,1.3347513806928655,10727.991781690502,8000,1080p
1.8413758353704015,1.3635246294929368,10469.726710040217,8000,1080p
1.2883258287111525,1.4579063234157843,12218.352324661386,8000,1080p
0.9573217996041553,0.7612950208943693,19524.091466919755,15000,1440p
1.3231757712939358,1.4137444124044412,12259.923471592869,8000,1080p
2.1059548424304655,2.2401911899820366,7720.502659082136,4000,720p
1.4868472959442731,1.2259081862966297,12369.13250002244,8000,1080p
2.7461577830480524,1.8387336417148141,7318.479085191305,4000,720p
1.0564173724998875,1.2782906810212449,14372.003364358243,8000,1080p
1.9049789314944459,1.537908371892355,9746.01520270274,8000,1080p
0.6834043855404603,0.5488959632710788,27229.102087296105,15000,1440p
1.0876722889164328,0.7432634147963346,18326.38466329451,15000,1440p
2.089819799125963,1.4383783560642152,9510.359261040807,8000,1080p
1.8428620648274106,1.3185074953156677,10613.891024648628,8000,1080p
1.3232709059904153,1.1098619920780546,13790.62854587064,8000,1080p
1.464967956586595,1.0929077086421577,13118.085627121052,8000,1080p
0.8567771180373314,0.9249635135417531,18832.38862340029,15000,1440p
1.2468044355114767,1.5584609832470315,11961.232536367192,8000,1080p
1.1384697178799985,1.0204411040328256,15542.296448479665,15000,1440p
0.7420959155209905,1.112981562495814,18087.887108559917,15000,1440p
1.3531299070715455,0.9724932148547674,14428.146884008824,8000,1080p
0.8457726595938385,1.170491577874051,16641.882237686805,15000,1440p
1.2645911477635403,0.9862591278229171,14907.447360645707,8000,1080p
0.7810093387204345,0.9153202286130905,19780.609055081495,15000,1440p
1.1695811984256215,0.936926901274082,15928.935665988374,15000,1440p
1.0628962212757616,1.3322483658640514,14009.355502028116,8000,1080p
1.1238436289371432,1.3580565408988359,13519.654177797775,8000,1080p
1.4387378890704285,1.6747097833999072,10777.259016329172,8000,1080p
1.5439376329532968,1.1570590015928588,12422.981787845914,8000,1080p
1.2492940538507906,1.1292926924346192,14106.877561813235,8000,1080p
2.1179520841747923,1.6464943120861073,8913.510372555314,8000,1080p
1.789128813430003,2.0610066520535026,8715.130233940012,8000,1080p
1.254796007231796,0.9843043027389344,14985.676099718206,8000,1080p
1.1899576454870777,0.9065156196155315,16005.180012804847,15000,1440p
1.0841782838225376,1.2611165471366808,14307.127426821788,8000,1080p
1.1127202712208184,1.4330167161394913,13180.635771330326,8000,1080p
1.6332596837239248,1.1542289238322954,12037.513591640121,8000,1080p
0.8668055807692635,1.0567176359989925,17444.256303999995,15000,1440p
1.7426001793724009,2.3150600917781805,8269.403981049743,8000,1080p
1.078456134217666,1.2388051837469551,14480.210643430028,8000,1080p
0.9470929297445047,0.9425075750089501,17757.421166850294,15000,1440p
1.8466325530565935,1.6816703198487915,9510.07699981537,8000,1080p
0.964514867683715,0.8943102750779341,18051.419269134865,15000,1440p
0.9623758284344777,0.8236440090481536,18787.267249670913,15000,1440p
2.5013742833837456,1.6787528817486108,8027.131872897833,8000,1080p
1.1916022461847045,1.4644184011303663,12633.347573528708,8000,1080p
1.0940817769161115,1.1740669864328805,14793.752747705948,8000,1080p
1.1206754548955806,1.0934744949023845,15154.543622062158,15000,1440p
1.2266330698162404,1.362173660345066,12961.350729302705,8000,1080p
1.625590401897402,2.3125643217492686,8520.34375351538,8000,1080p
0.9885816522023102,1.058316578119363,16392.818901761846,15000,1440p
1.5064430223198373,1.0120976127361614,13322.966297605093,8000,1080p
1.071153381677159,1.0067908026993333,16147.898606847488,15000,1440p
1.1301475229293096,1.5118003604535732,12700.641148543482,8000,1080p
1.0349879984523984,1.4478840776011885,13514.361985710217,8000,1080p
0.959097889440003,1.0478053764931903,16719.506400522732,15000,1440p
0.6874504178385552,0.723066837476827,23788.742657031486,15000,1440p
1.0314840319947673,1.4551435605350165,13493.951446852248,8000,1080p
0.7918871474981736,0.949082011238796,19273.42126172006,15000,1440p
0.9794398190636384,0.8935451422501983,17914.95003593765,15000,1440p
1.333493802762815,0.9702824526025726,14564.969979985379,8000,1080p
1.2155391915379705,1.2303216478852375,13718.863910472082,8000,1080p
0.736426925955597,0.8900518430393597,20630.107591711236,15000,1440p
1.5082844814504686,1.3202689019939422,11862.753659306865,8000,1080p
1.3261077751966333,1.508490184577523,11837.457190110099,8000,1080p
1.1483172430043083,1.0356662404426364,15363.86710536913,15000,1440p
1.2649674399978572,0.8638578804393449,15761.947059662389,15000,1440p
1.1473030557921877,1.0834305323467488,15041.88226618038,15000,1440p
1.4843381196608962,1.2842097240764734,12119.867126696852,8000,1080p
1.4801316668006037,1.1689869770684909,12666.262448326223,8000,1080p
1.112148411250464,1.447574946407688,13108.616561868776,8000,1080p
0.9113232398627957,1.2653294958100898,15415.611066515421,15000,1440p
1.1917618404767083,0.9845839912209184,15417.784945431378,15000,1440p
1.4089589736981458,1.6051577381674722,11132.426248760336,8000,1080p
1.3725686104216928,1.835082820207276,10460.747598569498,8000,1080p
0.9382043587741592,1.2494439916257836,15338.128723414633,15000,1440p
1.0686959087137307,0.9206754222711875,16866.85209411736,15000,1440p
1.541335703844702,1.593238807168077,10704.62095640489,8000,1080p
1.2422177182344079,1.5672016017441683,11943.547110032645,8000,1080p
1.5489542045779139,1.3136960643550362,11721.456988354843,8000,1080p
1.492483958560984,2.1889265944216136,9114.558541376196,8000,1080p
0.783064378216194,0.6787406123711613,22954.109622048683,15000,1440p
1.1154027744317845,1.1779215344863876,14631.350598567808,8000,1080p
1.3433295803217065,1.2488472808577717,12944.499467807242,8000,1080p
0.8744630855088834,1.151542803427024,16561.863014930994,15000,1440p
1.0691592060347732,1.5497190524133044,12812.520739274089,8000,1080p
1.503338531704153,1.02775873317399,13256.87181824498,8000,1080p
0.9824662928695173,1.12043771738233,15956.23568000209,15000,1440p
1.137751077196012,1.1917785769754659,14403.951432820028,8000,1080p
1.0942458946935671,0.9015126638701692,16812.871404719273,15000,1440p
0.9849851492363959,1.2755515349498523,14843.568889959855,8000,1080p
1.1959965005856346,1.3125536125097141,13376.0261853396,8000,1080p
1.5655470060945642,1.4692971598270679,11056.39372748817,8000,1080p
1.0126370679509205,1.4246379279684411,13767.191661252395,8000,1080p
1.4980696040164998,1.086276394553354,12983.722774956845,8000,1080p
1.4605813514819665,1.5892185967827235,11002.174755459675,8000,1080p
0.636633054605348,0.9461948349522475,21199.040161832472,15000,1440p
1.0174205254850885,0.8732354090803256,17747.508357575814,15000,1440p
0.8826166955270306,0.9515753405861661,18293.848920587723,15000,1440p
1.545749792573821,1.0975494678683764,12694.147992303635,8000,1080p
1.1886667555602097,1.5323316146997603,12331.661924808186,8000,1080p
1.7241401302713257,1.8940258436103077,9273.878600986955,8000,1080p
1.4855545040269316,1.7365480946416183,10413.831022595461,8000,1080p
1.284205276322355,0.9129328848683544,15271.880755016165,15000,1440p
0.7829054586865156,0.9893160092174897,18933.5433565674,15000,1440p
1.343010630492662,1.2639315832861835,12871.18365058111,8000,1080p
1.499375611688527,1.1409665821101953,12708.364877404187,8000,1080p
1.040999803961474,1.342780067959334,14076.145366963949,8000,1080p
1.3769593349142213,0.9324944122430059,14529.163894840116,8000,1080p
2.0396275797125694,1.9282248293087214,8456.572609331637,8000,1080p
1.205527174875778,1.5443632754131575,12202.097722283583,8000,1080p
1.39224901685534,1.5228257829066691,11510.659007013963,8000,1080p
1.8641672160023137,2.0941577316309044,8476.927095149942,8000,1080p
1.7481338723704192,1.6228031938438923,9954.03691641235,8000,1080p
1.2420725178555339,1.2906230865155583,13248.505640428939,8000,1080p
0.9892682613273134,0.7656829946605248,19119.865515075326,15000,1440p
0.837499381337871,1.1638811464748102,16765.643281576144,15000,1440p
1.4986063485759298,1.032984025834282,13254.289611453127,8000,1080p
1.0606531233905148,1.0351851807464023,16010.02898638117,15000,1440p
0.8345151529042584,1.1816698573230338,16642.536190772138,15000,1440p
1.429554638206035,0.9854262854941453,13894.28449338997,8000,1080p
1.3728872501610299,0.9822370071781827,14247.414715140907,8000,1080p
2.0777218858411843,2.332500995901284,7608.330213629186,4000,720p
1.3698491603205092,1.2771232353961306,12676.532650774203,8000,1080p
1.7969789922057522,1.329593083100024,10732.019346369427,8000,1080p
1.6655220846149812,1.9104780394608765,9383.230099487606,8000,1080p
0.761907152341421,0.8458995696487698,20869.69257005303,15000,1440p
0.9877760965959249,0.8756510188224612,18006.838970176836,15000,1440p
0.938600983697441,0.8838512060198446,18411.693974372654,15000,1440p
1.3922911182993898,1.2122193550411355,12883.201025090653,8000,1080p
0.9894116631348072,1.210154779561297,15255.020875327991,15000,1440p
1.1760361530190786,1.6101538271288,12043.124208715688,8000,1080p
0.9805746462102142,1.2895821020139495,14780.667469877597,8000,1080p
0.6286902367191038,0.9329279449357479,21486.96294278686,15000,1440p
1.4269362151211382,1.7570170457448895,10538.606961483245,8000,1080p
0.7322659632447771,0.6220015096396722,24776.81305343068,15000,1440p
1.5137046926321236,1.3071946628667763,11894.941212486332,8000,1080p
0.9492971326741111,0.783105068248579,19368.730876772534,15000,1440p
1.5092540440103663,1.3746723817017288,11634.981981801006,8000,1080p
0.9155455269167431,0.7904447238647788,19668.595400605933,15000,1440p
0.818270137635124,0.9037736465770141,19485.237429866902,15000,1440p
1.4529816840756618,1.2149630722749492,12576.884105313315,8000,1080p
0.978925166393896,1.0721877449853239,16359.134503929945,15000,1440p
1.2442915615774233,1.2048150023828614,13700.68272804814,8000,1080p
1.4716244459736416,1.5874376319716597,10968.862724923094,8000,1080p
0.8903743676583135,0.9236241420902765,18497.49700436659,15000,1440p
1.0055741501933437,1.394566006973509,13980.196906337318,8000,1080p
1.2903293258947324,0.9670491011685822,14864.336257369076,8000,1080p
0.9854264543115144,1.111564373674765,16001.229739388991,15000,1440p
0.6744472761041382,0.8551492500335278,21936.786222133487,15000,1440p
1.3319939287476374,1.3613518721635327,12458.271042897053,8000,1080p
0.8776503274115951,1.021063190369465,17672.19313802197,15000,1440p
0.7708853337129199,0.9210414930965173,19832.08225575305,15000,1440p
1.942832015445501,1.3206575120481188,10281.764876926083,8000,1080p
1.288445544982615,0.9885203040047223,14736.466958836061,8000,1080p
0.9151484315097005,0.7564993237569146,20072.66895450012,15000,1440p
1.3944686205127592,1.5507880135498704,11392.702290161951,8000,1080p
1.6581556810163278,1.8028163139733266,9695.089139286809,8000,1080p
1.1733578473044295,1.3830028719924927,13125.859643637656,8000,1080p
0.771369662848805,1.026101085346058,18667.581674804744,15000,1440p
1.2400926907046814,1.3492724596579648,12958.55549585219,8000,1080p
1.871035253418029,2.1820484003048435,8278.741537737398,8000,1080p
1.4729070219222393,1.8182377731758423,10195.367900548423,8000,1080p
1.2682349365975654,0.9984937659685693,14803.020741747107,8000,1080p
1.2006021316205227,1.7639115858348962,11318.69682451709,8000,1080p
1.1904501178258746,1.5122879813680008,12414.977244745993,8000,1080p
1.1514281270296005,0.8695715632546441,16602.88824452057,15000,1440p
1.1135169639365428,0.7452013913686484,18052.456362863297,15000,1440p
1.1225473061319886,1.6310001336862312,12185.892102231277,8000,1080p
1.5094404779667967,2.2083088489691924,9025.469188277451,8000,1080p
1.0883311563580933,0.9044235367962188,16838.215017266884,15000,1440p
1.2476675301356517,1.291048474527054,13217.087668873795,8000,1080p
1.599144848806919,2.280132464310485,8649.660566038656,8000,1080p
1.4030711843963901,1.6201893462398564,11098.75634599657,8000,1080p
1.734265409911476,1.5207249910000864,10308.611659992317,8000,1080p
0.9487211423885895,1.2796435495660037,15057.87276254498,15000,1440p
0.7675731898019238,0.7921052260465431,21513.686192641417,15000,1440p
1.1632237904757905,1.4291418851898632,12943.556657524436,8000,1080p
0.8430321257093603,1.0469251834871072,17754.068748921094,15000,1440p
0.7550402144566343,1.0738187219309636,18347.19525513403,15000,1440p
1.3231590421255177,1.2749855069060123,12914.767198964186,8000,1080p
1.6679758394283046,1.2843552165286247,11365.402918584316,8000,1080p
1.1175471506581778,0.956832273470994,16175.64829736306,15000,1440p
0.6578938466736548,0.861329131598944,22086.574834559426,15000,1440p
1.0048683809581058,0.744839457617055,19177.16275839764,15000,1440p
1.2622918231431772,0.867333069965815,15756.029199590463,15000,1440p
1.9835890015654105,1.3357615238318987,10108.73414641369,8000,1080p
1.5263284679564324,1.2861289384159746,11930.64539358821,8000,1080p
0.7323566887364427,0.63520929705412,24535.87786522992,15000,1440p
1.393821650583947,1.2268252972855616,12803.87349668697,8000,1080p
0.7946887662924581,1.04039016271328,18285.00751091948,15000,1440p
1.1454963450308537,0.779318416780608,17432.551259333442,15000,1440p
0.9973338801811241,1.0899170107933318,16075.89779699878,15000,1440p
1.45948398241453,1.515881107083511,11277.416717173623,8000,1080p
0.8419776799141706,1.0107565223514285,18110.764058313525,15000,1440p
1.1011925806666463,1.0609545192869547,15519.032909796038,15000,1440p
1.1681903051636728,0.9493459847217334,15845.977308760008,15000,1440p
1.0564767226229388,1.3025377860175662,14223.919300664815,8000,1080p
1.172147484023058,1.183027784876292,14247.106125431199,8000,1080p
1.3675070094710957,1.037049578518781,13954.51958485631,8000,1080p
1.3006698298519654,1.6618887425532614,11326.16661575673,8000,1080p
2.4178950714932244,2.314468865128794,7090.416639416641,4000,720p
1.9018846821267514,1.4727377392247747,9943.166319200105,8000,1080p
0.7997100038792673,1.0496882737600897,18143.432058793827,15000,1440p
1.1804383276109824,1.0193043017231598,15253.799036552226,15000,1440p
0.7326089211117303,0.9838256494126479,19548.914113136845,15000,1440p
0.8522637837069761,0.8006338970183448,20300.368493030808,15000,1440p
1.1521006642622513,1.187822751825128,14339.970175650818,8000,1080p
1.5287878585474504,1.2232568364884666,12192.546167772934,8000,1080p
1.1353769939226206,1.5365506033475875,12558.136692880862,8000,1080p
1.0917444373089054,1.0906433522835512,15375.100685596311,15000,1440p
0.6845371651393048,1.0050130824146237,19859.978742022573,15000,1440p
1.0187769167714895,1.300144071335348,14469.84704183206,8000,1080p
1.3757429539302768,1.044012486664033,13866.869121186388,8000,1080p
1.1421163444726155,1.1215498195246276,14823.047909480025,8000,1080p
1.123800737684885,0.8454221670312669,17039.428050343853,15000,1440p
1.2228389720754524,1.3991378253245772,12797.379455559183,8000,1080p
1.6374812247420787,1.4369259852147762,10914.11439946203,8000,1080p
1.3091853168980228,1.2600854803866879,13059.904793010306,8000,1080p
1.094909669535978,1.2762942160905972,14150.800023311138,8000,1080p
1.8720142527051888,1.6359277940927703,9565.275467030136,8000,1080p
0.6471024119711734,0.9117594950186546,21524.954743934835,15000,1440p
1.1259941330751446,0.981186511078814,15923.851660792108,15000,1440p
2.5235285555221014,2.136966298199001,7199.7573333245855,4000,720p
1.738317918269162,1.2611076212488723,11186.952820769717,8000,1080p
1.4216140618400546,1.7726383476148142,10504.627593198373,8000,1080p
1.5425017893945405,2.0905600294335804,9235.85495465731,8000,1080p
1.0759981221413912,1.016367278528555,16036.602397103461,15000,1440p
1.158071833003327,1.2451737115981445,13962.132198840427,8000,1080p
1.0260011615962612,1.2931215232520077,14468.588582753368,8000,1080p
1.8648854279084617,1.326539091076644,10513.935642341476,8000,1080p
0.9176299126281702,1.0829305277555337,16772.516002347984,15000,1440p
1.5359728707174922,1.2054336196963649,12239.860129219454,8000,1080p
0.7277375792712257,1.0063792304627155,19349.58003500821,15000,1440p
0.8389838495855404,1.1506812342564687,16864.361883059722,15000,1440p
1.2469190672916795,1.5733396732507896,11897.643119633023,8000,1080p
0.7289672699676735,0.8165204225156373,21711.225630069097,15000,1440p
0.8061543816576383,1.2084068097011347,16655.95075688336,15000,1440p
1.3403235759464698,1.3262888539461808,12583.167926413213,8000,1080p
1.0654180420055648,0.750830766851933,18474.578943348213,15000,1440p
0.6974501768236069,0.9419301035396169,20467.753822539347,15000,1440p
1.3848588344455512,0.941919626763323,14420.982727580711,8000,1080p
0.9776659435906053,1.3954528699589983,14139.381394819757,8000,1080p
0.9949949532113641,1.463823526498936,13646.5673561854,8000,1080p
0.9028250999518012,0.9328740217942618,18278.82990328176,15000,1440p
1.2693404200756713,0.9341681382999947,15227.729373892207,15000,1440p
1.3116115169028666,1.022276318533138,14377.054239940173,8000,1080p
1.1837391543775475,1.3095201492187625,13458.059477247572,8000,1080p
1.2532803322567871,1.3128361466352145,13075.958272357198,8000,1080p
1.7113535104379871,1.3154151096272566,11085.892650518068,8000,1080p
0.657041539425787,0.8800103850597317,21830.382868315475,15000,1440p
1.358132289071033,1.2479233905847804,12875.562199972488,8000,1080p
1.079277146921995,1.5069667841586385,12974.194582635386,8000,1080p
1.0251213282885057,1.2915922770490593,14483.634024806805,8000,1080p
1.3626194236074811,1.1209209890722196,13510.725184373103,8000,1080p
1.936065118915352,1.389763401165638,10089.044518501782,8000,1080p
1.4411215866933025,0.9734274638129234,13896.76966511204,8000,1080p
1.003720623011625,1.1062214966559365,15903.010650020473,15000,1440p
1.4299277550521685,1.9466948518056628,9937.276357698913,8000,1080p
1.320346639641668,1.5824602722369632,11559.30553378913,8000,1080p
1.4501915027880525,1.438278179594566,11616.68138829897,8000,1080p
1.7853670491237665,1.9155288386131593,9066.570100278697,8000,1080p
0.9591496227086852,1.3869445438442418,14302.25285854613,8000,1080p
0.923659598834478,1.011782471377937,17336.830957858325,15000,1440p
2.0189319001307227,1.3855087510477215,9856.077822471414,8000,1080p
0.8687903546730148,0.5811082225715237,23142.60633579527,15000,1440p
1.0842849647071493,0.754141120110545,18251.716659757574,15000,1440p
1.1342503099915258,0.8786198315061904,16669.943732700587,15000,1440p
1.065165289640198,0.9110906096146472,16978.789038733208,15000,1440p
1.730776224374758,1.4440774504103322,10568.812120851946,8000,1080p
1.3529816473358323,1.0013869594476499,14251.987519423212,8000,1080p
1.0544350744934963,0.7585625527632642,18507.70872258177,15000,1440p
1.2663887143696224,1.3557924060576674,12796.382270699987,8000,1080p
0.9228308482334621,1.3211657511863204,14952.978096613864,8000,1080p
1.3466049465643606,1.4644595192000864,11936.557275243822,8000,1080p
0.8641752213249972,1.2273805573774204,16042.810018108561,15000,1440p
0.6324514583893325,0.8301672965171384,22941.33853229968,15000,1440p
1.7848216435614919,1.3033105555830382,10865.607375647714,8000,1080p
0.8807104961864496,1.154615609481309,16486.02251332659,15000,1440p
1.913458130507415,1.4180267593750169,10071.914809490292,8000,1080p
0.8316757510782764,1.0510590235744253,17822.17678865023,15000,1440p
1.2100887278316277,1.313964850044533,13293.866776090403,8000,1080p
1.2858178100833637,0.9348807229250085,15109.85462513182,15000,1440p
1.077466070014571,0.8981007123780083,16984.71157697981,15000,1440p
1.4937779172775767,1.1171157694615124,12851.703679251783,8000,1080p
1.8546637587510286,1.327149924354515,10545.693538928364,8000,1080p
1.9771461512809003,1.3895269649881727,9966.643876963268,8000,1080p
2.0323263127338826,1.458101405133204,9613.272272689914,8000,1080p
1.1186886080951612,0.8523717413131273,17023.543703303163,15000,1440p
1.3509841104437836,1.3134668963669334,12593.375488695452,8000,1080p
0.7312110928560405,0.9425955100756178,20046.779562961274,15000,1440p
0.9996121992648752,1.1061457695408072,15934.610006025994,15000,1440p
1.3470757544277925,1.8339822459618476,10548.198742647886,8000,1080p
1.4402110563611767,1.9453702373063466,9910.981036775296,8000,1080p
1.7374583578122584,1.3553888995620131,10849.042712987592,8000,1080p
1.2019620889346232,1.5428711237062132,12224.579564787795,8000,1080p
2.0450834565641136,1.8176259496071938,8686.760631382554,8000,1080p
0.7784900290379894,0.8673348418218741,20387.60781544724,15000,1440p
1.9715649642628283,2.090697089640731,8260.036293758169,8000,1080p
1.4299311760152207,1.350184896720932,12069.435635820839,8000,1080p
1.0133320514777224,1.0890331548547059,15960.325018190173,15000,1440p
1.339260534910407,1.547796048042012,11622.367292048672,8000,1080p
1.4618919517989477,1.2553058825966006,12348.910180647306,8000,1080p
1.7728573359495012,1.7586845078503117,9501.35478612838,8000,1080p
1.3615022513580872,1.0700488210781838,13799.599926305653,8000,1080p
1.1110952048169185,1.3519433656561184,13623.185768282845,8000,1080p
0.7236254921617918,1.0290354025420463,19144.851181077996,15000,1440p
0.9441304898070152,1.3553047851160138,14592.466405092962,8000,1080p
1.018234670630898,1.3064216485934592,14434.147414614708,8000,1080p
1.242328388046623,1.5981638924956254,11812.89321919737,8000,1080p
1.0813815950925514,1.5559871460415915,12722.692688611547,8000,1080p
1.2910694585065465,1.1344919775466382,13833.676402193698,8000,1080p
1.3259778525001062,0.9740469021823406,14588.726461177892,8000,1080p
2.2902741348449216,1.529700323898728,8783.941453638858,8000,1080p
0.9970784188613947,1.2917493677572898,14660.094654639966,8000,1080p
0.9530822462469913,0.9742492377177788,17409.787719014577,15000,1440p
1.1647529901603526,1.4929149750567177,12625.516971703188,8000,1080p
0.9481634904008059,1.0743044024774249,16590.835443250347,15000,1440p
1.484190532030704,1.4194783742546704,11555.873993542104,8000,1080p
1.590115827545547,1.3800766748284958,11297.056326544594,8000,1080p
1.2205418365857719,1.3385887831652907,13111.652739032124,8000,1080p
1.5577811640629007,1.0898745139712729,12673.261209294946,8000,1080p
1.424421602308219,1.7211891711948915,10667.06417801084,8000,1080p
1.3971426111226124,1.4790725177209254,11666.176032351063,8000,1080p
1.0269842637796542,1.4879719152864324,13341.954933171135,8000,1080p
1.4042868103796116,1.097290965158723,13413.307524599812,8000,1080p
1.1229736215429136,1.036252312602755,15540.028243165918,15000,1440p
1.4334289714785282,1.2568112499791397,12472.652714194799,8000,1080p
2.1340227919633588,1.6716342766817518,8816.987814392338,8000,1080p
1.7043145096566845,1.3336940610612018,11044.877332940187,8000,1080p
0.9428382661734722,1.348284880895282,14645.407446967349,8000,1080p
1.5312298630310663,1.3185965488818434,11774.202056565618,8000,1080p
1.6663814647263768,1.6755104343618559,10040.549788326382,8000,1080p
1.2630994918823428,1.7096699045831998,11287.263667304416,8000,1080p
1.1248171056381457,1.4734692398369564,12914.062400564439,8000,1080p
1.4970935251807882,1.6607943843583213,10625.593105645487,8000,1080p
1.1523079712141104,1.2436417256207544,14004.647945792269,8000,1080p
1.1573080837292467,1.4913101801366824,12668.65537316951,8000,1080p
1.0359794080503189,1.3546492697905645,14035.81924329,8000,1080p
1.08010994783653,0.9538422906208672,16497.15827420243,15000,1440p
0.8465376304499391,0.8887886960652419,19336.09344092807,15000,1440p
2.433452900214653,1.9632386212741766,7631.7457879413905,4000,720p
0.9702895290325529,1.2690741112454202,14983.91391039772,8000,1080p
1.2371051068444419,1.7913757636733663,11079.62487947394,8000,1080p
1.1269100912785053,1.0944556898715279,15105.315965850696,15000,1440p
1.0942456369719218,1.4158708993825164,13367.67895594708,8000,1080p
2.0209111327678757,1.4757319896830876,9596.184347369172,8000,1080p
1.1371446909599319,1.2084056963051684,14305.568612885054,8000,1080p
1.3500051035932206,1.0706080978630017,13861.955301166627,8000,1080p
1.1268231186927264,0.8295173057267491,17151.63249768094,15000,1440p
0.9515908818180295,1.1056430701375755,16310.459959161759,15000,1440p
1.6186167903645385,1.4562551734158182,10912.464777475478,8000,1080p
0.5631419359761564,0.7776628276714174,25025.591279014636,15000,1440p
0.8258030209147411,1.179429465352968,16733.43725966362,15000,1440p
1.7270849492941693,1.1885617166475917,11508.40134092923,8000,1080p
0.7412851692616681,0.9483239308907062,19859.286977664808,15000,1440p
0.7732439359926656,1.0567356695791568,18335.959536289523,15000,1440p
1.4060098669718184,1.7464301426434212,10643.955760507992,8000,1080p
1.5623070907612067,1.9078947147517216,9669.302790026168,8000,1080p
1.5597579060475046,1.5605141924655774,10753.687800493377,8000,1080p
0.6801050253688382,0.9589102152526504,20472.312379033578,15000,1440p
1.585236522010709,1.2537527933478536,11819.146982510603,8000,1080p
0.8408480754698611,0.9055171331953844,19213.86880218817,15000,1440p
0.9160127697798937,1.0907357838735228,16720.795407532234,15000,1440p
1.3284886559014433,1.1936922782939068,13303.737073369342,8000,1080p
1.9421231146912725,1.347393852487715,10200.413110735675,8000,1080p
1.0638097482438806,0.9139991258843039,16965.457299199727,15000,1440p
1.2107876441908711,1.6011153218397887,11932.997832911044,8000,1080p
1.152179673177322,1.2195974189787402,14147.380085156894,8000,1080p
1.0706743620037134,1.497561249904287,13065.168882644553,8000,1080p
1.1760554462236636,1.1215736253523354,14603.9377787748,8000,1080p
1.5052576886312845,1.8174454376023192,10098.534453794276,8000,1080p
0.9994211527062218,0.936332764492392,17334.038020989432,15000,1440p
1.3100498471801902,1.448031904987146,12165.858380968039,8000,1080p
0.9867925309335084,1.113026708634304,15979.676425341364,15000,1440p
1.7873524833131615,1.998250502563262,8863.695460191437,8000,1080p
1.0513490809995212,0.8420455525112336,17721.83749025578,15000,1440p
0.6795609501202418,0.9480468912855453,20615.796475285213,15000,1440p
1.441904009816159,1.2061413666592045,12671.39615434463,8000,1080p
1.8039420072666712,2.2112865014710303,8356.79262761281,8000,1080p
1.0629083026658128,1.4952401405661637,13116.68683213988,8000,1080p
1.1785571391196343,0.9816034632294584,15533.304312425118,15000,1440p
1.3953858415313138,1.4065010078999995,11975.655621785869,8000,1080p
0.8244065591456556,1.1568089678108273,16936.285600156723,15000,1440p
1.1620374545088759,1.4987450267061628,12610.73847144298,8000,1080p
1.5029756240461731,1.6931811171481628,10498.36873377537,8000,1080p
1.0508702924636155,0.7643352137203276,18485.197343049364,15000,1440p
1.4656927221056926,1.213156383525125,12525.689457263617,8000,1080p
0.8565668772213162,1.2646244045005488,15818.673350742032,15000,1440p
0.8554197207873845,0.6728985061444334,21955.13434879485,15000,1440p
0.7918257946383545,1.1311074297124557,17449.60853298903,15000,1440p
1.6871767844919618,1.7084982674646099,9881.520312335568,8000,1080p
1.3104010769059706,1.2104572943680774,13310.716850404217,8000,1080p
0.927074111015233,0.858788933513517,18788.916710494046,15000,1440p
0.9269881745748795,0.892698461225279,18439.67600786678,15000,1440p
1.148738060762445,1.1741342996994824,14445.23279502424,8000,1080p
0.5733317217084086,0.8352184175494095,23821.964916123063,15000,1440p
1.4969801294343859,1.1035840985098913,12902.750733645398,8000,1080p
0.8169001861310637,0.9478064340337858,19014.17018363399,15000,1440p
0.9017803113940336,0.7298324694662296,20565.19315956113,15000,1440p
0.9549874585285296,0.7178627622408233,20058.240470906076,15000,1440p
1.3498067806601186,1.556222170923791,11546.48923291401,8000,1080p
0.6224813311058868,0.910145898169791,21893.407189338457,15000,1440p
0.7116367108717637,1.0073448742083628,19519.948492313797,15000,1440p
1.927717495116439,2.2528833191118194,8026.2224237724,8000,1080p
1.2095265492754204,1.0294938884511804,14986.210681520013,8000,1080p
0.6362251397005747,0.907642944728309,21734.001977515225,15000,1440p
1.4219915916504589,1.2379544970680552,12614.703787536373,8000,1080p
1.1653702361636824,1.5273962837851054,12460.951126441572,8000,1080p
1.6169776245611722,1.4221159910787866,11040.933990095024,8000,1080p
0.6435883251867854,0.7824264725106881,23530.213048405203,15000,1440p
1.0098818101021354,1.1711699810000191,15384.518669794577,15000,1440p
1.0515724297680324,1.5644711886783034,12826.40387316169,8000,1080p
0.7924432961511819,1.141897137784054,17346.70454659143,15000,1440p
1.056910453552547,1.385278636066955,13739.489764581598,8000,1080p
1.014143657292592,1.2821220638764916,14612.608501997163,8000,1080p
1.2882250385235068,1.6257383016975702,11515.049464367761,8000,1080p
0.8619321852686918,0.6436736642573183,22286.332117109865,15000,1440p
0.9653908034414139,0.7055511835470237,20081.14719798,15000,1440p
1.5837814639876875,1.2619947627906383,11790.95941706795,8000,1080p
1.5836681823528875,1.7148759694819489,10172.497458108945,8000,1080p
0.954174371660948,1.1765590963273893,15747.831675859172,15000,1440p
1.2085815173170253,1.378445806529176,12970.265791438856,8000,1080p
0.9000486506903477,1.2278608172610435,15768.73100353464,15000,1440p
1.9601032530173965,1.6142538281856567,9387.543336522574,8000,1080p
2.094522844770028,1.7769331815679084,8667.134993068641,8000,1080p
1.1175402077663155,1.2821677066032577,13982.715062560052,8000,1080p
1.588909638039514,1.2025977774073169,12020.183723792477,8000,1080p
1.2695057484241292,1.210398007499139,13530.537997635995,8000,1080p
1.545443025288766,1.5664132687398167,10782.77042046846,8000,1080p
1.4105776756866037,1.0235622231698567,13784.923379204132,8000,1080p
1.3258789759379999,1.6405604330074068,11311.349188126136,8000,1080p
1.3540875414161047,1.0386448271520687,14023.478948495685,8000,1080p
1.1578012382700644,1.2553380932078102,13904.887945053018,8000,1080p
0.9167350578845582,0.875335029500567,18723.8391155563,15000,1440p
1.1710473469025742,0.896064915729754,16232.515575748504,15000,1440p
1.6137296085977013,1.6487954475684785,10284.804383825971,8000,1080p
0.9655298684296799,0.9355247580682339,17650.430204529854,15000,1440p
0.9278452766046962,0.9165095366648258,18193.046022699633,15000,1440p
1.5230758707858731,1.2858557591854392,11945.620762703538,8000,1080p
1.088121445958683,1.540201379147271,12766.480464075923,8000,1080p
0.8705486212296818,0.652232840792101,22034.962229872493,15000,1440p
1.6501352617961647,1.2748220755169049,11471.768005622893,8000,1080p
0.5878236276837138,0.6781837682139907,26504.1358436987,15000,1440p
1.4329299775858486,1.5178024320289116,11371.560460943585,8000,1080p
0.6726827487720622,0.46203174127083113,29570.81476833138,15000,1440p
1.4730431497528236,1.8968361998977032,9957.161226997565,8000,1080p
1.6621684445527891,1.2061425191081034,11698.324353637618,8000,1080p
0.9482628068146361,0.8107681185161799,19075.521366225847,15000,1440p
1.3647757633247084,1.0248701858217373,14041.59139640969,8000,1080p
0.7508838669349527,1.0353433535350889,18785.08602683271,15000,1440p
0.9662315707012238,1.074091442352887,16445.646981049915,15000,1440p
1.4889018362802247,1.1546024702993603,12693.163357625048,8000,1080p
2.2189248908348684,2.09455960330636,7778.962007531304,4000,720p
1.916664148673514,1.749391750053338,9152.733326202904,8000,1080p
1.1159584711982307,1.2738912838871892,14040.393932128454,8000,1080p
1.5048751549366488,1.1014440669354288,12874.26026651424,8000,1080p
1.173118372751603,1.005411285502404,15402.329673534194,15000,1440p
1.1637706456967236,1.1033216971348305,14800.646346011283,8000,1080p
1.1181935275564745,0.8310827440040962,17213.789799604274,15000,1440p
1.4228899959441181,1.7116826779848269,10704.627230078577,8000,1080p
1.1406168084800332,1.1816667718706637,14448.895166770639,8000,1080p
1.1678161827530247,1.4429624910220695,12852.26983698372,8000,1080p
0.9846050962572481,0.9795773873821472,17083.154075291237,15000,1440p
1.0073634886718923,0.8894569694894352,17689.830292386137,15000,1440p
1.2248769926815535,1.6316243818480562,11746.688553764665,8000,1080p
0.7618180752107643,0.5778622327072508,25046.59641683219,15000,1440p
0.9934023641321822,1.0085152291144195,16761.1454703204,15000,1440p
1.101658551344159,0.7476428394228638,18144.382612551242,15000,1440p
1.7507251735855933,2.221932347929619,8446.34399473781,8000,1080p
0.9236666400398487,0.9914178336438041,17521.123721220643,15000,1440p
0.9520413267238184,1.0873618179256874,16453.064754770054,15000,1440p
0.9298420707685465,1.044260095617099,16997.312789253614,15000,1440p
1.5925206712185618,1.3726675824091183,11316.121989539359,8000,1080p
0.5833712571516828,0.6509046764886287,27185.5191254003,15000,1440p
1.2500102166741485,1.031283922544711,14708.507519109047,8000,1080p
0.9278800152255127,0.752173533896279,19972.239585779746,15000,1440p
0.9540318850703825,1.410871462948045,14188.500358002175,8000,1080p
1.37473703045937,1.720750331002366,10839.789694426368,8000,1080p
1.589966378048672,1.0936620536215313,12503.382213429903,8000,1080p
0.6583953060916049,0.774763206890772,23412.924457444584,15000,1440p
1.8174319554404283,1.8280800247989604,9204.312640277372,8000,1080p
1.6905269740043878,1.9076212740257594,9325.472350498569,8000,1080p
0.9597502280392667,1.0938544588819359,16339.284874882784,15000,1440p
0.8787338036094542,1.1014129118696645,16945.427193702224,15000,1440p
1.3594028563673177,1.2799020301073298,12713.359556128838,8000,1080p
1.0330388575968756,0.9305264791532051,17088.523295861556,15000,1440p
0.8161471095592573,0.9963413958798756,18512.907474616164,15000,1440p
1.327926454443759,1.0775914448090165,13948.94297416078,8000,1080p
1.0827448566839701,0.8147675338723623,17683.37965380145,15000,1440p
1.0333070051533828,1.3288804605926274,14204.813329412475,8000,1080p
0.7623429542072208,0.8326031534588737,21037.97227926443,15000,1440p
1.2838789020243666,1.5568754251081216,11811.803533841832,8000,1080p
1.0487084684837409,0.9424858416614319,16851.41014567967,15000,1440p
0.7773024026772192,1.1235860263212838,17651.973407865076,15000,1440p
2.9702234756735164,2.136440992685717,6570.714055701609,4000,720p
1.48947559869644,1.1271817805876796,12823.39532322723,8000,1080p
0.7963293994787606,0.7560521710928862,21614.80955203814,15000,1440p
0.7921691818169937,0.8715596065425301,20168.210248429656,15000,1440p
0.8350007690092722,1.138580426211564,17001.799612427592,15000,1440p
1.2343667374337342,1.4061914408262348,12707.325396674705,8000,1080p
0.5892332659601892,0.7460282730481896,25129.482891358442,15000,1440p
0.9998144173471987,1.3310116528403553,14395.939889800522,8000,1080p
0.755802679158432,1.0128857046787132,18971.364490563406,15000,1440p
1.1213636891309908,0.8781382346313074,16781.39520709407,15000,1440p
1.1771122789160582,1.137111437157338,14499.217066590552,8000,1080p
1.5278993278754713,1.294090377079153,11890.345291156735,8000,1080p
1.1886005356045812,0.9936567863856416,15376.019895489819,15000,1440p
0.8139244058110406,1.0638730275085126,17869.03709879014,15000,1440p
1.5775558756522785,1.312259023276205,11611.273792117852,8000,1080p
1.2998775691503157,1.363867431733345,12596.71326980202,8000,1080p
0.9073433701390154,1.0023860796719224,17570.254259482605,15000,1440p
1.6563751760929881,2.399826908077527,8272.376795758639,8000,1080p
1.182520235536855,0.9366488333280409,15833.768288234302,15000,1440p
0.7860974175393597,1.0822704537402577,17959.221262469615,15000,1440p
1.1868071705433445,1.1956520924697414,14083.947843693182,8000,1080p
1.5885966255029091,1.4343102618632704,11100.054765244706,8000,1080p
1.5149472907313926,1.1173471851143977,12747.218180906042,8000,1080p
1.1618252395052564,1.4990444112815138,12610.325346105763,8000,1080p
1.26072682878852,1.1062298006668239,14176.192154277516,8000,1080p
1.081249025448349,0.8900039749232025,17021.87998885759,15000,1440p
1.7444710193898607,1.2575932530169331,11177.119793341059,8000,1080p
1.1307208967496793,1.2663836028102302,13997.901220476764,8000,1080p
1.350212545707595,0.9624041750882673,14509.292308693764,8000,1080p
2.018923511403649,1.6010535657677685,9269.238805848685,8000,1080p
1.1398048498047668,0.8229580625602624,17095.509492569643,15000,1440p
1.4756978380938237,1.0092065574847784,13503.309044687394,8000,1080p
0.9662859220570958,1.06536421950515,16515.851481297945,15000,1440p
1.4039963525282828,1.703957217055268,10796.310578248476,8000,1080p
0.7930790381679222,1.056880783404618,18137.92473150978,15000,1440p
1.4453792747236451,1.211888649011709,12627.4176947999,8000,1080p
0.7819593877413057,0.8306888870221473,20807.03680095515,15000,1440p
0.9034798663131409,0.7420496630636206,20391.267006134265,15000,1440p
1.3603198472367901,1.233204057302947,12937.77625926867,8000,1080p
0.854772270451254,0.8917463528014732,19212.181051644337,15000,1440p
1.9813876721521038,1.33813374599912,10108.213737234395,8000,1080p
1.1812183955179527,1.5824852656710149,12141.110666533841,8000,1080p
1.2798609793044085,1.0551546685505389,14370.110123597948,8000,1080p
1.3560622145072323,1.0994572971766756,13664.901394731563,8000,1080p
1.844943277509017,1.9717454439463549,8791.50343368979,8000,1080p
0.8002569468332494,0.9293312829219358,19400.243030533034,15000,1440p
1.4238135115816033,1.053774092189753,13543.186908476542,8000,1080p
2.62070066943375,2.019139448712625,7231.807809232241,4000,720p
1.4209079258351616,1.2265910451979831,12674.01134698304,8000,1080p
1.8864712981360696,2.826422973461929,7119.708201861002,4000,720p
1.3981534730635863,1.1090591938273557,13383.161485702376,8000,1080p
1.3176801604195738,1.9072841962742624,10404.59003224435,8000,1080p
0.5482651676418793,0.7182408965989875,26493.700225677363,15000,1440p
0.8599412937111391,0.6191406390688442,22685.98598654595,15000,1440p
1.0318936062629085,1.2222570273083289,14885.620996339501,8000,1080p
1.131694531355676,0.9653918711684695,16000.500484678365,15000,1440p
1.9315383246114954,2.7337602505383396,7192.343953874878,4000,720p
2.374435347191515,1.7171946492060868,8200.74934183745,8000,1080p
1.108470903317034,0.9637526217001586,16192.477112101897,15000,1440p
1.3245104653180455,1.5945712576807214,11494.858720683435,8000,1080p
0.8902961015295504,1.1392257417800717,16533.17115586273,15000,1440p
1.284529461870076,1.103536946559549,14050.878937686306,8000,1080p
1.1914170693589101,1.664301516121534,11749.908471585208,8000,1080p
1.0773550014054023,1.0315707209663931,15910.675110104463,15000,1440p
1.8223900168604101,1.9977012409327621,8783.672885182343,8000,1080p
1.876392256609444,1.4187147952281474,10183.10830942127,8000,1080p
1.2368869715585296,1.476558144808113,12365.988830070777,8000,1080p
0.7590671240491553,1.0831906696173728,18213.754945348206,15000,1440p
1.0416417403580815,1.382144533768818,13843.808077544723,8000,1080p
1.2573762874916767,1.0641402302481493,14453.669290566928,8000,1080p
1.171029634554683,1.5975308256052094,12119.811896057396,8000,1080p
1.5438062790898501,1.2536727726914714,11994.524848589623,8000,1080p
1.8930119069402775,1.4536228565426579,10026.320280340055,8000,1080p
2.210040126476531,1.714346627915548,8550.235769307572,8000,1080p
0.8357358370730716,0.8499700689011769,19905.270475164718,15000,1440p
0.9465409462846797,1.3254097635151538,14768.996464257034,8000,1080p
0.7873543818274665,1.0007315710538922,18765.558750646014,15000,1440p
1.3604240488511594,1.1859204544322062,13177.491088394943,8000,1080p
0.9484014993501849,1.3965334259981788,14309.323315236628,8000,1080p
1.1120079147887816,1.0286562130720551,15674.776609411821,15000,1440p
1.779548505810107,1.961756841220286,8968.642996924415,8000,1080p
0.9906539827130381,1.378850806423463,14160.947111749862,8000,1080p
0.9055454827243712,1.007369808010096,17540.99209856633,15000,1440p
1.9292599482581814,1.6378161435073837,9406.704857644865,8000,1080p
0.9044036180657083,1.1465928703306472,16360.063115581308,15000,1440p
1.6668561228740353,1.3283771544109177,11202.610579438946,8000,1080p
0.8945541830234999,0.9141541729173536,18551.59892958291,15000,1440p
0.9857768204470317,1.2037129722926982,15325.228786754476,15000,1440p
1.5241540023911209,1.9415623355425282,9681.817185305485,8000,1080p
1.2838352254088368,1.0306452676769804,14497.608469908957,8000,1080p
1.3411627144621212,0.9627282027751969,14564.245098998166,8000,1080p
1.5457989875384615,1.561451396677586,10798.75383408013,8000,1080p
2.0608025657554947,1.662314872408937,9012.45597467454,8000,1080p
1.1575899726587582,1.462974827258948,12804.27486511828,8000,1080p
1.3077714500984985,1.6512874112964215,11339.56219586055,8000,1080p
1.6906460100198997,1.2923538728545267,11248.552905629638,8000,1080p
2.3540336584099406,1.8347632788757502,8010.5176981300565,8000,1080p
1.114424459947723,1.5747323730212042,12477.677608321075,8000,1080p
0.8309398851670334,0.7541924580285607,21168.22115455354,15000,1440p
1.5105044115737614,1.379360928710914,11611.071122329393,8000,1080p
1.3086220653884746,1.218350049567029,13278.512968707944,8000,1080p
0.9461389471845619,1.0756005404074136,16596.812895990635,15000,1440p
1.5201178783871303,1.6871877468996204,10461.875455663834,8000,1080p
0.7296340279019754,0.9003532007477991,20585.70239706439,15000,1440p
1.4126156880421754,1.443822934763848,11746.946611104771,8000,1080p
0.5946420759891645,0.8097854826711633,23891.892318039747,15000,1440p
1.6524192357572252,1.3979693594054579,11000.051617426952,8000,1080p
0.9368272864854899,1.220279093407466,15555.29774181332,15000,1440p
0.7182750414476121,0.857885019606114,21288.721132527313,15000,1440p
0.6656618274584705,0.9577159354599092,20669.515602873915,15000,1440p
0.9670107846623683,0.9916381643163716,17131.417050255804,15000,1440p
1.4067203992256914,0.9551131122643495,14206.942122195172,8000,1080p
1.0479032914899868,0.9129359664005803,17112.280807809413,15000,1440p
1.3519221597739868,1.5105533095607708,11722.172769500829,8000,1080p
0.6485974737361097,0.818532548397857,22870.79638053789,15000,1440p
1.195460548139343,1.1344219853743125,14401.769839184613,8000,1080p
1.2373286895499842,1.2356963934159084,13568.172935697949,8000,1080p
0.952251818773854,1.1948985852622633,15627.425045272039,15000,1440p
0.9303134386031414,1.1782598454979807,15913.334505850076,15000,1440p
0.8994991551768858,1.2054487264901808,15940.74242514058,15000,1440p
0.6957412889030518,0.9086486108969999,20914.138143216773,15000,1440p
1.6647962633409368,1.56228476397675,10397.765570792026,8000,1080p
1.0378665884900649,1.0128744517259807,16362.100987877553,15000,1440p
0.687391536631068,0.8716699686094475,21522.199019867134,15000,1440p
1.0498214553341645,1.292113561302113,14327.652886028514,8000,1080p
2.1215526424669235,2.166388554426865,7825.301341423955,4000,720p
0.89226665095008,0.7924489699260956,19916.970902513054,15000,1440p
1.379402329629259,1.1125631004987315,13465.047144846067,8000,1080p
1.0722627982430892,1.5735509073833307,12682.084127331138,8000,1080p
1.9188997025658368,1.477773911777978,9878.615318911705,8000,1080p
1.1543640858631579,1.1853432805552486,14341.294335182049,8000,1080p
1.4102193596099124,1.5263100374821972,11426.560903230591,8000,1080p
1.5142817672586524,2.1844840982950737,9071.791300035886,8000,1080p
2.1416877927909375,1.7325258054431165,8660.965935201612,8000,1080p
1.4661160621041305,1.937662524581693,9857.994915195448,8000,1080p
1.4589455199594485,2.0836887214757,9471.604945140156,8000,1080p
1.551720503983965,2.1572208381406703,9046.902850390896,8000,1080p
1.242685763177873,0.8862756407813606,15760.939553717957,15000,1440p
0.901128233586178,0.6895375313997575,21094.583625678704,15000,1440p
1.4731584986685458,1.0073185619721454,13527.410727730377,8000,1080p
0.9531383298408105,1.2846521321545217,14994.447679467316,8000,1080p
1.1104063398850155,0.785028171781291,17702.765140907857,15000,1440p
1.2849415350410287,1.117489645390187,13966.865012956277,8000,1080p
2.086417577418815,1.69614938535313,8870.809778185818,8000,1080p
1.5768232555068233,1.09300047323021,12568.032727716076,8000,1080p
1.3420817065730852,1.0614251826753285,13960.614030314931,8000,1080p
1.6939488351542178,1.5130361494182563,10462.921454704963,8000,1080p
1.602377994066238,1.1006128764040835,12413.8162531646,8000,1080p
0.5922133322353766,0.6567188509012734,26866.496398330615,15000,1440p
0.9309362263280364,1.155704880157269,16080.595697895737,15000,1440p
1.2754734907225591,0.9915672792946826,14800.983045287187,8000,1080p
0.9162970579340425,0.7449364031180238,20198.504777738966,15000,1440p
1.4670812339075978,1.569819297954622,11048.907149890914,8000,1080p
0.7465225216069942,0.6783318362141555,23549.376689495875,15000,1440p
3.679519677478516,2.4579600721255277,5467.135268701252,4000,720p
0.9327978277373159,1.00075286174591,17353.7896795289,15000,1440p
1.4348607960294986,1.024612904716926,13642.93181497187,8000,1080p
0.956975149046094,0.9507281371818141,17588.915552138616,15000,1440p
1.3649845348693108,1.4953248503879872,11731.049855287465,8000,1080p
1.4711581236694513,2.1049111236526796,9383.04872734961,8000,1080p
0.8292905612247264,1.1000312976962858,17391.8270012063,15000,1440p
1.1113304494595722,1.0009158106924294,15885.662876063207,15000,1440p
0.7762313351570349,1.0591537366180355,18281.957566293288,15000,1440p
1.017207142758146,1.3870455524086924,13956.283408750242,8000,1080p
1.0669740096757117,0.9136006602699538,16941.765695165897,15000,1440p
0.8171907583588074,0.8414796762394778,20229.71610278119,15000,1440p
1.2630611371109917,1.2418071677303792,13395.687084684856,8000,1080p
1.4417955659297086,1.3549426785229792,11997.701989649906,8000,1080p
1.2745130297673186,1.7672714876828923,11031.166674530628,8000,1080p
1.0628149212500932,0.7091482260942523,18936.303528822413,15000,1440p
1.0524305345654807,0.8382947219438617,17746.857659239293,15000,1440p
1.4830018065763773,1.460194541701931,11400.677368884497,8000,1080p
1.18937219345747,1.0732155996829837,14830.11271506363,8000,1080p
1.1718199486583596,1.4112963125706313,12989.90390159037,8000,1080p
1.0361681250052681,0.9391367060304108,16986.963972748934,15000,1440p
0.6908217210115893,0.608247828066896,25829.588588080092,15000,1440p
0.9145079506888563,1.1035654125711545,16626.963425054044,15000,1440p
1.1582677519708928,1.0467053623282772,15217.615027775502,15000,1440p
1.083683700614576,0.7407123466139376,18392.076682567575,15000,1440p
1.1621353832498758,1.024529509821021,15345.027080430695,15000,1440p
1.1546248173392084,1.6493024207126585,11966.941062034546,8000,1080p
0.8591540852631958,0.7504266595696549,20846.690734663647,15000,1440p
1.216500070879621,1.252531560840801,13590.118315584019,8000,1080p
1.5383425518217704,1.2295049807194178,12122.933653499818,8000,1080p
1.4521775438032394,1.714782519115882,10595.154764620384,8000,1080p
0.8032875936756547,0.7215354617476946,22005.459506043477,15000,1440p
1.3453075010879705,1.1267658351649492,13573.396673927404,8000,1080p
1.0874681710290295,0.953379071853723,16441.422608682584,15000,1440p
1.154558602386867,1.4703353408092827,12783.157234590253,8000,1080p
1.3115359168329324,1.886863435216818,10491.00762807998,8000,1080p
1.2694678760811564,0.9510752638221078,15110.912009330188,15000,1440p
1.568684925833305,1.5334706872461379,10816.48897899459,8000,1080p
1.0800877594708826,0.7395817859595917,18439.849193641432,15000,1440p
1.9940988304373883,1.8852169143695767,8649.574875393308,8000,1080p
0.9112993430226971,1.124528182434438,16481.96204266642,15000,1440p
1.016401136772365,1.103167389352289,15830.784231048081,15000,1440p
0.9483357189607626,1.280627337511779,15053.830480753577,15000,1440p
1.0058153015466726,1.3575726838431383,14197.597773801674,8000,1080p
2.0426754554730455,1.9503345321007748,8403.292780238673,8000,1080p
1.2444937884789813,0.9936599589986639,14992.013858661488,8000,1080p
1.3742412417791412,1.6388947883608251,11136.049506016272,8000,1080p
1.1367428248888651,1.4370417429821125,13037.00100578195,8000,1080p
0.9041943661213694,1.047214329976974,17194.97923069058,15000,1440p
1.4700069116141428,1.561610232692159,11068.1627668648,8000,1080p
0.9439514070033295,0.7495564071046643,19813.567862203123,15000,1440p
0.8431315748624161,0.6588850018803155,22339.588337144745,15000,1440p
1.409061522911332,1.4250214838508408,11839.608056623087,8000,1080p
1.7374399597145234,2.102821054197051,8737.539422046333,8000,1080p
0.9975839768678035,1.0274867233505813,16569.51137379128,15000,1440p
0.9017219546346174,1.110471204743916,16675.552167349233,15000,1440p
1.3098398975800158,1.3477384733586906,12625.94261261539,8000,1080p
1.8132255815148774,1.4678488055965684,10226.659941574888,8000,1080p
0.926282897166127,0.9887930954957151,17521.2013145031,15000,1440p
0.8559472677595495,1.1424718112495218,16790.488217635597,15000,1440p
1.0932614246862387,1.1040804677992333,15270.464789639853,15000,1440p
1.0641951788665869,1.5152622715602393,13008.329326947302,8000,1080p
1.0558598440315705,0.7054064409673699,19051.311142324048,15000,1440p
1.3437257389235495,0.9825277820263287,14424.236953459282,8000,1080p
1.375793105423791,1.5330921085800615,11535.15162388101,8000,1080p
1.177744253951989,1.6578604380560895,11833.254506374053,8000,1080p
0.9742653934851905,0.7155505531390712,19856.85604815811,15000,1440p
1.3190047790816435,1.426461998123037,12221.758528858878,8000,1080p
1.155430475915046,1.2445180254703603,13981.313340944691,8000,1080p
0.7986811498879811,0.8548441914271865,20292.66268959129,15000,1440p
0.9279718143629321,0.928695734738556,18072.396437498068,15000,1440p
1.6679080808119398,1.6299695502162554,10174.553380726433,8000,1080p
1.0662480528399825,1.5978154833339278,12595.207112886801,8000,1080p
1.6374021395786658,1.2040578848077241,11808.869986564756,8000,1080p
1.938381489929207,1.6401662176810705,9376.550137543745,8000,1080p
1.0924837024411884,1.0253400631010998,15843.826358898224,15000,1440p
1.3311659453729272,1.0450752445058595,14120.802275004595,8000,1080p
1.0459038423262959,0.8974386501278357,17266.350182888298,15000,1440p
1.2645990203498918,0.9888477148963084,14890.270746219352,8000,1080p
1.4760977694443078,1.5495766089349547,11089.901887583097,8000,1080p
1.71584048389528,1.2779342716220727,11208.068321827195,8000,1080p
2.078653073179778,1.8702048836239205,8497.249677514299,8000,1080p
0.9718417366548295,0.829428642165817,18628.203957902886,15000,1440p
0.9016261511384681,0.7534906747616564,20273.15019394576,15000,1440p
1.4162673531124885,1.1802067809029757,12923.075782044418,8000,1080p
1.0188615724089352,0.8122668283843733,18324.456103385786,15000,1440p
0.9973424432765963,1.1830041395137585,15389.494617437313,15000,1440p
0.9114621606492438,1.3536369766992262,14813.670380572787,8000,1080p
1.3273261442771989,1.8874875395489208,10437.442197292472,8000,1080p
1.0548508898525155,1.5090520014823985,13087.24761511137,8000,1080p
1.701981709995234,1.3853688251898018,10868.358360217417,8000,1080p
1.0305761242590656,0.9798918912118215,16689.861137701788,15000,1440p
1.8199936383566022,2.1516655045994604,8448.46720029096,8000,1080p
1.295285315147378,0.9639246540199295,14852.285736136064,8000,1080p
1.1834097831978285,1.0123518220122731,15281.454926792629,15000,1440p
1.2387109565274566,0.8916697995470186,15750.43893178454,15000,1440p
1.0363117717038306,1.0743449715724491,15897.626227898587,15000,1440p
1.0469934146814215,0.7119845682087644,19076.09550909019,15000,1440p
1.3425848025143632,1.2841608483105211,12774.145829255607,8000,1080p
1.7116243713270232,1.346723211630824,10971.42528435182,8000,1080p
1.8878183673051905,1.5022534629440285,9897.852812615263,8000,1080p
0.8200349943397847,0.7348031561835173,21580.659047185585,15000,1440p
1.6413883405648797,1.4018638131863994,11025.846793089087,8000,1080p
0.7764018971139014,0.8828870230356897,20222.17565158872,15000,1440p
1.2965791596620495,0.8758256381003402,15445.754877065996,15000,1440p
1.958084965228901,1.75623861258983,9033.793447717104,8000,1080p
0.8350423205866271,1.0802314296714357,17519.392199406953,15000,1440p
0.9709458380775795,1.3068507840310228,14731.09217667466,8000,1080p
1.196568245430888,1.792754878062093,11224.75912232336,8000,1080p
0.9573683674128939,1.0658182775974996,16584.941425326393,15000,1440p
1.0061674180412798,0.8079692329214532,18496.088473926815,15000,1440p
0.7671859885767439,0.8031478307923688,21367.706398554554,15000,1440p
1.619752329374354,1.991936694995546,9290.5097237307,8000,1080p
2.2193597211671547,1.7415264590170199,8471.445649680289,8000,1080p
2.4117020060400236,2.073496929540406,7481.1468748504285,4000,720p
0.8586951954494852,1.1540241772161746,16671.192445253942,15000,1440p
0.7871784865874217,1.08153974793033,17955.85411444288,15000,1440p
0.9346156411943392,1.0227524818345743,17142.627186589954,15000,1440p
1.174161235976499,1.130558412388309,14559.008087515882,8000,1080p
1.5262573583654118,1.3898794887484436,11506.466863243859,8000,1080p
0.9442649873850597,1.2609130696811819,15216.200747363077,15000,1440p
1.2242414992805626,0.8743703024285205,15988.870344040613,15000,1440p
1.1914758304432016,0.9278062468988193,15832.923969273397,15000,1440p
1.3186824434024715,1.1836591066891362,13409.21346199587,8000,1080p
1.0009709970468028,1.4791482837727215,13529.362180077225,8000,1080p
1.2883102415162575,1.0028474289124543,14645.186768713931,8000,1080p
1.4157035347709757,1.2414519638373118,12627.951965014649,8000,1080p
1.350580782378261,1.689368249865599,11037.827162264184,8000,1080p
1.4427199312347283,1.3046868444215352,12213.128502598589,8000,1080p
1.0577952878340595,1.0194373472109033,16153.43001737198,15000,1440p
2.1983628772322494,2.198784045214395,7630.95538807463,4000,720p
0.9117422563747384,0.8836578003823703,18689.111584749953,15000,1440p
1.3820080251589437,0.9240222403567304,14550.733570921526,8000,1080p
1.262269194869148,1.7644124007259079,11086.211396941833,8000,1080p
1.2749724471844235,0.8614370508393512,15705.99270928096,15000,1440p
1.479176031473838,1.3563853700274415,11833.435164632552,8000,1080p
2.3361120639970663,1.9267968382259584,7871.252416982688,4000,720p
0.8834859958454852,0.6990655704522196,21202.741644936606,15000,1440p
2.3267380219550935,1.6359962953525033,8467.494743073745,8000,1080p
1.008966348660044,0.9231014494312475,17367.108976790954,15000,1440p
1.5712203772259312,1.4756696321417242,11012.68240626901,8000,1080p
1.6522321052329403,1.6796023922478955,10070.857968896758,8000,1080p
1.4103487855272716,1.6953004817910924,10804.321129595312,8000,1080p
1.8149064248282127,1.2186843758649677,11060.961812098309,8000,1080p
1.7892322279416781,1.2874446789583347,10906.06294237397,8000,1080p
1.0083034786204257,0.9183018223680728,17416.349878609784,15000,1440p
0.7279103599957567,0.636226275886013,24597.55945071486,15000,1440p
0.9792400502197571,0.6665857571206186,20387.596214828678,15000,1440p
0.8660907553273077,1.242465139268968,15913.465744964114,15000,1440p
1.8821168602802754,1.925057220664729,8813.474584191124,8000,1080p
1.0801892903102266,1.037541473152422,15844.522154995751,15000,1440p
1.0248907168980574,1.404759013910584,13810.398912452429,8000,1080p
0.9435606342496103,1.086657604169449,16527.500031784268,15000,1440p
0.9482980507619633,0.8680099500903037,18473.976871904568,15000,1440p
0.6947366360063584,0.7767279573281701,22803.42466410376,15000,1440p
0.6834302868400439,0.8167839581757774,22366.426736366666,15000,1440p
0.7352978314957122,1.0973292015143878,18309.471264803215,15000,1440p
1.767899606754915,1.245147126926529,11136.379540652542,8000,1080p
1.5735281324943486,1.5708830719552112,10671.133582184848,8000,1080p
1.1238654052355388,1.166044332001201,14653.167963070246,8000,1080p
1.0359666530283402,0.9334552034257331,17037.70672090258,15000,1440p
1.5807369678159329,1.3863365514644517,11308.931774679477,8000,1080p
1.5064507057541283,2.0684009861611656,9386.244491172887,8000,1080p
1.0936881824979763,0.8783625005061926,17014.99474084717,15000,1440p
1.3999360842483037,1.235562501405453,12731.720738782546,8000,1080p
1.0849901861647435,1.3674101828955578,13682.281418371023,8000,1080p
1.37175970269539,1.0128932899649434,14070.991504120886,8000,1080p
0.9233430555191321,1.0992699204496814,16589.64537391427,15000,1440p
1.042266749055491,1.4602829995304911,13408.097888547185,8000,1080p
1.4901788184753304,1.239228549190285,12293.669460084353,8000,1080p
1.9849625889709133,1.6670809261575776,9187.851092409408,8000,1080p
0.702014393920693,1.0234469701682811,19446.64348814115,15000,1440p
1.0612556950389804,1.5046591880910458,13076.985608762163,8000,1080p
0.929575408173041,0.761146580247333,19846.214948295314,15000,1440p
0.8016369747847926,1.2000228650376892,16763.30380039787,15000,1440p
1.355029932821502,1.1809323956957616,13231.43945108157,8000,1080p
1.0351211940576446,0.876297952476367,17554.72213451689,15000,1440p
0.9170391846324584,0.6723413488903935,21111.641480613085,15000,1440p
1.6105210555185232,1.7486167082189852,9989.001452166112,8000,1080p
1.7969542127173526,1.3349356750779147,10713.79684539965,8000,1080p
1.115646643345473,1.5506785256522446,12584.52359455214,8000,1080p
1.9636615081742248,1.469894237874194,9772.502467337785,8000,1080p
0.8415009963679831,1.218522944705366,16288.369921816,15000,1440p
1.4352764862325773,1.9030371359090839,10051.312068898278,8000,1080p
0.9905238271449376,0.9065229413366466,17687.719964256503,15000,1440p
0.5812954590807448,0.826054656499862,23842.277503318364,15000,1440p
1.708186790089592,1.5767077728621848,10214.766823397915,8000,1080p
2.105496305877734,1.7100590227884687,8794.11490849212,8000,1080p
1.7832675000607003,1.431984444693251,10436.01950221906,8000,1080p
1.4901227789987126,1.3589800623357005,11777.192284250561,8000,1080p
1.3609706087192237,1.4801212000855355,11810.400458025422,8000,1080p
1.2182501580536578,0.8128866077890746,16520.025910750544,15000,1440p
1.3757632232293546,1.495849442056437,11684.873940566968,8000,1080p
1.4289031099126637,1.2349870235882376,12596.026982502673,8000,1080p
1.4932844759446742,1.356036316873385,11776.291418143097,8000,1080p
1.1101449460350832,1.1035908947500603,15157.378482926528,15000,1440p
0.9362366896108687,0.9208572067399217,18068.247419225718,15000,1440p
1.0134496088997604,1.383949284976072,13996.182314805837,8000,1080p
1.313062675167629,1.172219322558371,13501.257414933942,8000,1080p
0.7838872055631007,1.147240956303449,17375.55935571239,15000,1440p
1.0231515444401154,0.817785636438765,18226.820745714314,15000,1440p
1.0419042892947774,0.8428772055771414,17802.82334652283,15000,1440p
1.0544695105362356,1.266399281409194,14457.703131021704,8000,1080p
1.335081238984744,1.617150549815588,11365.785073954226,8000,1080p
1.7274837697071732,1.41902818655668,10664.009057140944,8000,1080p
1.1751078825040142,1.6938104405788306,11695.847779989608,8000,1080p
0.9831846803082479,1.2159702572180264,15257.875389964018,15000,1440p
1.4821613458661378,1.079178704944198,13100.34252944443,8000,1080p
1.3661723641587682,0.9352350113810206,14579.96196441749,8000,1080p
0.8872062038467006,0.9230901636444064,18535.3252663834,15000,1440p
0.8968052731541103,0.9817141781126117,17862.16904880788,15000,1440p
0.6711492912446131,0.8722746193229343,21740.25669179984,15000,1440p
1.2101009173776007,1.3242550486111369,13239.825995362608,8000,1080p
0.729345226193337,1.0095870136055733,19295.997412688277,15000,1440p
0.6338923366027819,0.860559851158155,22452.66344069055,15000,1440p
1.5389462639201703,1.1072627961559105,12680.189372125906,8000,1080p
1.7961090307163021,1.223193730821705,11113.304842243664,8000,1080p
1.0743408294012424,0.7778196785015599,18116.373746675778,15000,1440p
1.9235765622164585,1.7943585143416403,9025.018271987477,8000,1080p
1.3079292018103614,1.7280458565157208,11052.275251068959,8000,1080p
1.8146112810373345,1.6719181995200731,9624.02073096353,8000,1080p
0.9796820918798795,0.8283700105409172,18558.332447983135,15000,1440p
1.5911689563312807,1.2898722268651428,11646.633930714042,8000,1080p
0.9261628684926134,0.8782225298307723,18596.044964217952,15000,1440p
1.862256785113705,1.830142947104175,9087.432139923043,8000,1080p
0.8514555893926312,0.79637770493697,20362.758851556744,15000,1440p
1.49198662051504,1.245874049342481,12255.712048979536,8000,1080p
0.872961492370756,1.0601449453743377,17357.777794760314,15000,1440p
1.4712732207141828,1.4105242411267211,11643.577470071506,8000,1080p
1.4145351959551595,1.4725331253735332,11622.32003728873,8000,1080p
1.3254541908619015,1.2372340768525683,13093.450507706688,8000,1080p
1.865311375490897,1.5452198289334313,9838.476761764075,8000,1080p
1.046761510837066,1.3028696889945848,14280.722865105019,8000,1080p
1.0615541998455444,0.7203278457898261,18830.894043850923,15000,1440p
1.2719827224795814,1.1889914235442811,13634.613778536885,8000,1080p
0.653979663992926,0.8569040080058584,22208.481448217673,15000,1440p
2.094070307036748,1.57079649113374,9155.70301675097,8000,1080p
0.7508812547836444,0.7658866644668535,22122.324433510385,15000,1440p
0.9287094645528373,1.2184761124702022,15627.169052859168,15000,1440p
1.603924919770075,1.2416576914014956,11791.761682921277,8000,1080p
1.7834189320945173,1.5002188356334094,10218.676472105992,8000,1080p
0.7963645488902036,1.1920719721726916,16874.78159074642,15000,1440p
0.9106074999614401,1.0825209488471095,16835.057479641186,15000,1440p
1.0422885997639335,0.8584682718862886,17653.195156342277,15000,1440p
1.3539422092842035,1.0934644842753956,13710.198672047101,8000,1080p
1.096890280511569,1.5388967865165417,12730.327278611743,8000,1080p
1.5208322928490934,1.1739927202611296,12451.432592750529,8000,1080p
1.7289438535762145,1.2763311672230861,11165.17848375676,8000,1080p
1.3385323109755607,1.0336303976433925,14145.080300809137,8000,1080p
1.1788944794833245,1.0671049749886652,14939.64387800276,8000,1080p
1.1511372668744368,0.7863005733339901,17318.972151586684,15000,1440p
0.9999970320522154,1.1422817365180775,15662.962492221985,15000,1440p
1.1946996198028876,1.5608128186879862,12177.202153504679,8000,1080p
1.1590154061247726,1.0116085695050834,15458.426874817604,15000,1440p
1.4672922108492985,1.658273065301139,10735.476317207775,8000,1080p
1.2456332030268429,0.8812306414267363,15776.483336017494,15000,1440p
0.575017167778253,0.7063742667228776,26185.934365218665,15000,1440p
2.3335808592679457,1.782533549055001,8151.96777138935,8000,1080p
1.718176740117271,1.4657425100118824,10538.719535251685,8000,1080p
1.1801054672930382,0.9876888492833689,15478.605024203793,15000,1440p
0.8249317694375335,0.6058343159019615,23452.07392306768,15000,1440p
1.6514402094862655,1.163080430592254,11921.899424785848,8000,1080p
1.1151749878706523,1.0782196191780853,15297.945883594677,15000,1440p
1.1765017467496193,1.1897463885116493,14180.436742867247,8000,1080p
0.9678569905742547,0.663891557278735,20563.48206600215,15000,1440p
1.0378195979202387,1.2059452083279567,14954.522821002103,8000,1080p
1.0147625897445698,1.292565445832591,14542.54942627029,8000,1080p
1.3540969895853179,1.2189253258904955,13040.863189635797,8000,1080p
1.620807559490538,1.1831831291183277,11966.670266172405,8000,1080p
1.0800679031594342,1.3903914258811791,13582.264482382976,8000,1080p
0.7870446861907109,0.8882257398915113,20029.263023803385,15000,1440p
1.0381470624034717,0.9893375712227961,16549.78363016545,15000,1440p
1.6262217720251781,1.0886451183516868,12359.512769829438,8000,1080p
0.8356102183920794,1.0670783503510055,17635.272819327463,15000,1440p
0.7472072454166087,0.9092797087382248,20256.381685251494,15000,1440p
1.0119061762621495,1.3438722854719183,14243.458179552623,8000,1080p
0.9108546659365064,0.8646124042447059,18898.932322397442,15000,1440p
1.1531704525589228,1.2999161104372094,13678.454118234435,8000,1080p
1.0710053419177399,1.4634451365570742,13239.332267479318,8000,1080p
1.5442793432304889,1.575709818402529,10754.66300095653,8000,1080p
1.9588695865893482,1.5251243485838843,9631.024802094436,8000,1080p
1.1207689770144385,1.5988973817512548,12337.701605144135,8000,1080p
1.1816870730096671,0.9658675094726703,15624.48390076063,15000,1440p
1.2469993069330885,1.7846618195758728,11068.002194110271,8000,1080p
1.510742975272922,1.1763071786603114,12487.460254838901,8000,1080p
1.3328491852659161,1.2340190603996397,13072.12867534608,8000,1080p
1.4527566475947327,1.808387525421358,10289.159331759001,8000,1080p
1.8328211940198962,1.655251753106775,9619.76211754423,8000,1080p
0.6959949396046708,0.9912681099628474,19886.90027236756,15000,1440p
1.513231695912217,1.1043647935416354,12818.794697803462,8000,1080p
1.413050671109208,1.08537629622151,13430.223271985033,8000,1080p
1.5983797535773103,1.6298256122031196,10394.144175486215,8000,1080p
1.5131566343363585,2.2109467279872024,9010.070004894964,8000,1080p
1.529489841930474,1.4841889188977349,11134.044024910832,8000,1080p
1.0970794432942759,1.6223135375656605,12338.941902170129,8000,1080p
1.0192535948973314,1.3354592880324603,14249.903775211333,8000,1080p
2.660146700674717,2.054282520925908,7117.3901277931855,4000,720p
1.0937063432077183,1.4402734968492643,13241.791220898367,8000,1080p
1.3833707441456105,1.5279088671347434,11525.66447756733,8000,1080p
1.1056863741259595,0.7496315598315073,18085.54285271585,15000,1440p
0.8944397513217229,1.0426681141697194,17321.92233471071,15000,1440p
1.0320674803726129,1.2095239692113515,14969.02212320075,8000,1080p
2.010497400238906,1.7855681249894437,8839.265754766326,8000,1080p
0.8110529088613326,0.9361175518130936,19205.013337420798,15000,1440p
1.5006740143282369,1.0841219380367333,12981.462606090523,8000,1080p
0.9781811848506975,1.0594691329133017,16467.218004716684,15000,1440p
1.1623473174114225,0.8210845189788754,16917.360800795977,15000,1440p
0.7844498496740513,1.1713746235788591,17156.157139292034,15000,1440p
1.2447759873685562,1.2150661829146563,13640.888185983384,8000,1080p
0.7863842074423412,1.0826418468878414,17952.896869607932,15000,1440p
1.1843368715192735,1.3356306772319428,13315.42226273036,8000,1080p
1.1383385010746645,1.3047538901169178,13734.409767300827,8000,1080p
0.9431791229794181,0.9838329475672641,17412.673492221977,15000,1440p
1.0796476283316159,0.9183242302180701,16794.24655378126,15000,1440p
1.1223520687518704,1.2874076174290614,13924.3893042207,8000,1080p
2.5468656795059235,1.998155963941104,7382.678154762692,4000,720p
0.7863116381952616,1.166759549995298,17180.342530723014,15000,1440p
1.0349811118234347,1.52900775084552,13086.808795679362,8000,1080p
1.0752019093975784,1.033288993852767,15913.9562557629,15000,1440p
0.9560926682306591,1.1355681593783524,16042.004304472368,15000,1440p
1.3451288117903468,0.9754424887147364,14459.556572425387,8000,1080p
1.1190415727080223,0.8267182539839717,17244.899159546443,15000,1440p
0.8068715457557528,1.0975734326157323,17619.008362579643,15000,1440p
1.2802837839828547,1.5151961259880184,12003.102537177458,8000,1080p
1.0765297538441643,1.1169476810042163,15297.36821856997,15000,1440p
0.7798837243778497,0.8272475462395196,20878.463765508266,15000,1440p
0.787682892200522,1.0258876590870898,18501.861962953015,15000,1440p
0.9839454789848188,0.7398424001948745,19465.522646537982,15000,1440p
1.9053852509480813,2.015750611464033,8557.32450427228,8000,1080p
1.7384254518138054,1.9979828904197254,8980.39746371565,8000,1080p
0.8297000733313564,0.7216723132130436,21628.87021261267,15000,1440p
1.1406401314461465,1.1239420219243146,14817.052209856773,8000,1080p
0.8074888175839372,0.8160545185433028,20667.407671445293,15000,1440p
1.3847706822044132,1.3190650921502363,12409.93714124844,8000,1080p
1.4119497221062172,0.9526660108499023,14190.226146407304,8000,1080p
1.1915134167105925,1.4490376708883763,12707.35951960345,8000,1080p
1.416460917504029,1.9339390307523057,10015.052685713805,8000,1080p
1.0624231855790787,1.0772290730629432,15682.189413945269,15000,1440p
1.1641875266687043,1.044201321283202,15194.077814293845,15000,1440p
1.099858493021335,1.357233120166013,13656.158288893863,8000,1080p
1.6331453376922243,1.3440883430741315,11270.338709645026,8000,1080p
1.9194743840555721,1.6369382096025034,9434.909790791848,8000,1080p
1.4157912248328173,1.2212550887937277,12724.248272247802,8000,1080p
1.6124715323826766,1.0969672034911435,12384.274113944257,8000,1080p
1.3079014143654681,1.4873636976451678,12004.02489761133,8000,1080p
1.6397527440071606,1.1603195749107502,11983.416204395437,8000,1080p
1.3878282206170136,1.6042903010090546,11214.272348330916,8000,1080p
0.9038188782062597,0.7126651861019255,20757.663339143684,15000,1440p
1.1847458564966458,1.4324560580155923,12820.727286627201,8000,1080p
0.9261683982448047,1.0483542648504636,16993.69302117807,15000,1440p
1.5547371826413434,1.4552929691638046,11147.54015998047,8000,1080p
0.8410511897223286,0.7414211330345443,21203.803388828823,15000,1440p
1.8998131584500524,1.4021365436108313,10162.005792837272,8000,1080p
1.425977678908359,1.235120606772944,12609.241898560424,8000,1080p
1.7316071355892733,1.2823333768143008,11133.077067019092,8000,1080p
0.9206726925551866,1.372150535714384,14634.548178981968,8000,1080p
0.975427505037257,0.8043508374410482,18853.152215166374,15000,1440p
1.7272997953594635,1.9530893008635895,9117.088199841359,8000,1080p
0.9967976456258304,1.1691263925435327,15491.970821082059,15000,1440p
1.1241355731892866,1.3320644513936077,13661.115407609414,8000,1080p
0.8909523903306596,1.1461002253042505,16472.04973620268,15000,1440p
0.8639751941247863,0.8867848655556331,19165.637126840193,15000,1440p
1.1253935834066084,1.197088965192697,14447.657322651037,8000,1080p
0.7930344345640009,0.6761664273551341,22838.55997482177,15000,1440p
0.8849444021504762,0.7193867503258013,20914.903976157846,15000,1440p
1.4839252290461002,1.0193373643904924,13404.279713993148,8000,1080p
0.8136668173899189,1.1163818770575324,17385.277426695295,15000,1440p
1.0932893109301605,1.2911584180981264,14072.202796273561,8000,1080p
1.2851076416304668,1.1336801990011527,13872.416355143374,8000,1080p
1.624138814436049,1.2477677505005318,11683.678156409998,8000,1080p
1.253761260921357,1.0621817163391396,14488.45344184215,8000,1080p
1.196036797998089,1.330363494614642,13281.518411042838,8000,1080p
1.121521497996635,0.8332525778557702,17165.37599638881,15000,1440p
1.5163151293118022,1.236882845673088,12187.438863775915,8000,1080p
0.8015033621091736,1.145894463452747,17230.39409798965,15000,1440p
1.2560362920531514,0.9357944593025147,15308.860859464763,15000,1440p
1.714391476506008,1.6161770838250895,10074.68586584637,8000,1080p
0.9644825701348948,1.2163204487785966,15386.273638192833,15000,1440p
1.0256405195390657,0.7386956393685136,19018.162627679656,15000,1440p
1.1529277304516796,1.595538572244548,12208.420371420714,8000,1080p
1.735209963534748,2.259398675986512,8399.92976233621,8000,1080p
1.0943252246903568,1.160752786922594,14879.499435143754,8000,1080p
1.2272995488661804,0.9015582069951149,15761.706909546203,15000,1440p
0.8611013866635231,0.8932339881009588,19126.5777813462,15000,1440p
1.6271438473987685,1.516820870575932,10672.649030748446,8000,1080p
1.1223418522533768,1.0996624088221294,15100.975541675518,15000,1440p
0.7566899334480792,1.0173935883681235,18913.67096722083,15000,1440p
1.0892649550738374,1.2447599194987298,14376.21011050487,8000,1080p
1.7004945826393756,1.1944777111098703,11590.588301121194,8000,1080p
0.8943874166560812,1.285728205989709,15391.124971288591,15000,1440p
1.4062114326608677,1.5482066500544696,11357.374298616836,8000,1080p
0.9169276534114247,1.09522512164631,16675.886849117218,15000,1440p
0.6821566793657975,0.8128342431764449,22444.572401108937,15000,1440p
0.9717802660464561,1.0429756246392474,16654.341181045045,15000,1440p
1.8610650802200874,1.6455667140671082,9568.849530955877,8000,1080p
1.2417487844571609,1.718280606956804,11335.844197131946,8000,1080p
1.0460138727412243,1.3194630929680502,14185.059709486073,8000,1080p
0.8612941495255421,0.8170749740198303,19992.283895880966,15000,1440p
1.0014449389966391,1.1323711188502192,15725.081773851833,15000,1440p
1.4446340598196459,1.1200740990809068,13083.138478564446,8000,1080p
1.1193814076068558,1.0999275493537304,15119.315359297183,15000,1440p
1.302194695263593,1.260116509537848,13095.377305115522,8000,1080p
1.5195047659955234,1.4115524557643084,11447.89386945289,8000,1080p
1.2424378340371702,1.5656564289600574,11949.182918163715,8000,1080p
1.1370331979999806,1.178280391837684,14492.391936572456,8000,1080p
2.0344020339939015,1.7692462446982828,8821.644258742315,8000,1080p
1.5765099928958208,1.659710007921002,10368.402639972206,8000,1080p
0.8653249640647602,1.2638651641422833,15759.246464408343,15000,1440p
1.126954189516631,0.8443222827789183,17021.677309893472,15000,1440p
1.3774267247115244,1.386705568054726,12139.227955120721,8000,1080p
0.8384282844589493,0.870096122819321,19639.422098425388,15000,1440p
0.937345845906828,1.118752822054425,16319.465851933683,15000,1440p
0.9043596047808881,0.7712811721049956,20024.836147971804,15000,1440p
2.4601871902226384,1.7342352538134187,7999.774092309227,4000,720p
1.308987415747062,1.4161603274797734,12312.885451219001,8000,1080p
1.0329333657572226,1.1057008894726916,15689.654235147713,15000,1440p
1.0925054801820637,1.0626750223483874,15569.198014088799,15000,1440p
1.0118748197120855,0.8209731729265815,18307.26396011337,15000,1440p
1.4758221518038757,1.1527872729154436,12765.088523405457,8000,1080p
1.3303219489997686,0.9152156459466774,14942.7166463451,8000,1080p
1.06479994284418,1.2732603784355896,14351.397051053636,8000,1080p
0.9243053703578875,0.9464831069929479,17935.983894617188,15000,1440p
0.9580116080802167,0.7252148363454712,19934.591754497225,15000,1440p
1.2105805569923418,0.9912948320435677,15239.02404608455,15000,1440p
1.2512427143179772,1.3624814625199373,12837.786135717724,8000,1080p
0.891200556450861,1.094889556870558,16894.71780506755,15000,1440p
0.7058463256422502,0.9856958746365949,19836.591717586864,15000,1440p
1.3578634408911379,1.3782467719382723,12263.552777467023,8000,1080p
0.8896874597376163,1.1990193206989965,16064.69242800368,15000,1440p
1.350986819899017,1.0267520243281574,14111.908076644157,8000,1080p
1.7269693864928144,1.9018499072371176,9246.652777110488,8000,1080p
0.7286911844526047,0.9186073314941097,20369.36941008292,15000,1440p
0.726939098498579,1.0725453848811846,18646.691488541535,15000,1440p
1.6727514858396013,1.796470044255544,9672.034982176463,8000,1080p
1.0443789562932844,0.8993063647330655,17263.304732003537,15000,1440p
2.2713231554767144,2.105719393531437,7666.005441871594,4000,720p
0.9138969786963222,0.9120472503607566,18376.48240621652,15000,1440p
1.2472089643371982,1.731152729541364,11266.070225441237,8000,1080p
1.066193323541338,1.0373235065039599,15951.58713290515,15000,1440p
1.081400555302462,0.9298784110999911,16683.131758702944,15000,1440p
1.3268343901443145,1.1835621958090052,13366.187712232628,8000,1080p
0.8702096699401854,0.8409269942260046,19609.440147406665,15000,1440p
1.1746507113445004,1.2594696619458103,13785.033956493677,8000,1080p
1.6818796443541737,1.1624930780441274,11796.777453169983,8000,1080p
1.3179212380253285,1.9409686139037707,10296.27680731138,8000,1080p
1.150753161630231,1.005834959067733,15559.035903963133,15000,1440p
0.8691729288040747,0.7010575727942726,21369.112347419526,15000,1440p
1.1769711541616312,0.8887652748306623,16243.326848996174,15000,1440p
1.0688511922304087,1.3439119989006192,13907.055662711238,8000,1080p
1.2005064987191705,1.3212985064357687,13305.720280279333,8000,1080p
1.1220287704912544,1.1326710907076627,14881.994973006173,8000,1080p
1.2835617968342161,1.7657689791223237,11003.867558275753,8000,1080p
0.6167072743475778,0.7317930164910523,24882.776984150707,15000,1440p
1.1474215280014144,1.432254131566798,13007.228980722468,8000,1080p
0.8378311587306579,0.7432311955928899,21222.712632580613,15000,1440p
2.1640030756551414,1.8779054788254608,8301.6306647521,8000,1080p
1.2448153341804156,1.0270745557698409,14769.391839115355,8000,1080p
0.8259202001548719,1.2316015338703812,16308.178642835259,15000,1440p
1.014960732633861,1.25211539093675,14800.752233741616,8000,1080p
1.175011174458493,1.341579143989525,13333.291380018116,8000,1080p
1.425574895506431,1.1664717655146255,12945.149678278658,8000,1080p
1.0909429368766876,1.587909204956557,12525.675260687352,8000,1080p
1.5443698436825473,1.051516989741055,12925.999534327357,8000,1080p
1.006874990979968,0.6807690667370436,19882.41053945422,15000,1440p
1.5806893434798384,1.7555605797687153,10057.529493272368,8000,1080p
2.6079349197503783,2.1747615577494237,7015.797920243704,4000,720p
0.6270669012630065,0.8403330826184016,22866.588775096916,15000,1440p
1.4980892518695863,1.6750138937170815,10574.642695327888,8000,1080p
1.0030761373752206,1.2758002041090513,14724.112664290249,8000,1080p
2.005195656580843,1.8180515413189329,8776.422308877243,8000,1080p
0.9581184343723783,1.2593632404528754,15131.774201761653,15000,1440p
0.8394980050594877,0.8945921937650697,19349.87696876706,15000,1440p
1.4447991501013837,1.174833472972321,12808.831171383656,8000,1080p
0.975904908894109,1.2591253909891578,15012.96514939977,15000,1440p
1.4585014486744674,1.2029936611099563,12607.361883418169,8000,1080p
1.8373402842102535,1.9971723183973495,8750.638080360412,8000,1080p
0.884357384667901,1.026995066233741,17555.33469725658,15000,1440p
1.2820756537439033,1.31259752855444,12932.04563446319,8000,1080p
1.3630034081113218,1.3893309419610629,12191.263027007435,8000,1080p
1.3712960235383174,1.069650986204391,13746.481126412022,8000,1080p
1.0787644737916364,1.2171439291861141,14614.882700233391,8000,1080p
1.0866752780968,1.2655136120601151,14265.19449199574,8000,1080p
1.2069690543851548,1.3340691819710992,13205.00869287024,8000,1080p
0.90957616580527,0.6934677877135157,20931.69805253676,15000,1440p
1.0929137310055415,0.8539340896333274,17235.26186499206,15000,1440p
1.0809992121720495,1.2617756771840907,14322.516496333837,8000,1080p
1.7565251875365158,2.0573407930898977,8798.010252706574,8000,1080p
1.4711698662932442,1.6643150958752513,10701.51265429569,8000,1080p
1.5670512539824377,1.6158077195725207,10542.230202088662,8000,1080p
1.179925077637783,1.4380936305276946,12816.72735773251,8000,1080p
1.4323066330585568,1.730654792219779,10608.549232321813,8000,1080p
1.6676695143827156,1.6928954623842905,9984.759179476025,8000,1080p
1.8651551913416218,1.5131009232444792,9932.471328956963,8000,1080p
1.6752555907421687,1.6699937435969268,10030.472663296767,8000,1080p
1.5948480670896439,1.6374899601553694,10380.854884969787,8000,1080p
1.1757296029112023,0.8324739110345387,16708.681050991625,15000,1440p
1.035539484936033,1.4559362007625207,13467.69394243239,8000,1080p
1.0183894320258262,1.2504159859930368,14789.471028899414,8000,1080p
0.5576788554953922,0.8096605576873361,24539.9435403504,15000,1440p
1.3053629143823036,0.9427427022729129,14925.647510246008,8000,1080p
0.8038556555765402,0.7923690783999975,21021.120200542642,15000,1440p
1.5265570809608937,1.8250749309223735,10011.37114129242,8000,1080p
0.682295741878272,0.6670870749582971,24866.503101516784,15000,1440p
1.452653568314007,1.0414858299397352,13453.310598233984,8000,1080p
1.5602551281038881,1.8542184344638537,9827.117236417113,8000,1080p
1.4693244328945254,1.6622852212730117,10714.755574771541,8000,1080p
1.407807774401914,1.3587248133554939,12128.695735769272,8000,1080p
1.172425205168183,1.0924241820316865,14815.303918060876,8000,1080p
1.3359446168219162,1.2044933434916012,13208.128883359554,8000,1080p
0.8535432449330639,1.077547948898847,17375.891986445826,15000,1440p
1.1457975044408062,1.5890668182650949,12269.139540641243,8000,1080p
1.814548523034466,1.4254452669755644,10356.326022432322,8000,1080p
1.665900485930268,1.158638622479,11879.61317303101,8000,1080p
0.8105633725563837,1.2008528468881257,16681.993351563353,15000,1440p
1.6126097494161193,1.5658766166119258,10556.7330282215,8000,1080p
1.0623530768869065,1.203114365905284,14811.262067242129,8000,1080p
1.3846258592745067,1.4230187509493104,11951.096615937136,8000,1080p
0.8997847600930687,1.1882240765346728,16070.062258066113,15000,1440p
1.0728363184113283,0.9658217843326795,16459.07764270829,15000,1440p
1.19549778898527,1.2438653655296226,13755.406585483517,8000,1080p
0.7323736143081899,0.7962364367505844,21950.942934569157,15000,1440p
1.1892862723172246,1.1728160818170552,14205.325159289228,8000,1080p
0.884150002553697,0.7902092544242094,20040.162742948756,15000,1440p
0.97396389909945,0.9833617730302603,17142.998979567044,15000,1440p
1.018889344022199,1.2041552231984782,15093.908819808701,15000,1440p
0.8470134078893209,1.234420583543021,16120.824459539774,15000,1440p
1.8824227090384573,1.4170514172261148,10169.63028529274,8000,1080p
1.214536995036837,1.6618744448514848,11665.379832206052,8000,1080p
1.4648916243083485,1.670564143093795,10701.612297915226,8000,1080p
1.0221745221159126,1.4311230351926343,13677.277711396637,8000,1080p
2.0337082546422134,1.9497241024448368,8423.497374143244,8000,1080p
0.9323566066003834,1.1490369270265453,16121.137813630938,15000,1440p
1.1782341719380645,1.1837657233602492,14205.941357911099,8000,1080p
0.9042907537282237,0.964333327183353,17956.7588488055,15000,1440p
1.6170849953912094,2.0168455830993084,9233.64694928708,8000,1080p
0.9208988938564115,1.2684315123940582,15326.344486059825,15000,1440p
1.0947932121632944,1.2985701529888487,14019.781738351705,8000,1080p
0.8766938966031184,0.8668568840187931,19244.88370108233,15000,1440p
1.242387270238558,1.1319731180306465,14131.987783227625,8000,1080p
1.5953493040919486,1.7803331153215125,9940.044065469352,8000,1080p
0.5999897090582847,0.7746155225712082,24410.231554425045,15000,1440p
0.8140609767836264,0.7389697042908394,21605.775345523332,15000,1440p
0.6623645975526159,0.7868891777211205,23152.902943904497,15000,1440p
1.1034249458114609,1.153129573861431,14869.763485645373,8000,1080p
1.165151955629552,0.8484200296376472,16664.133314085295,15000,1440p
1.227935615506912,1.0349509994810946,14828.154348413005,8000,1080p
1.0533796242145872,1.0732946691868235,15777.8894982235,15000,1440p
1.281615084605658,1.022328488970567,14563.912235018923,8000,1080p
1.1074779693282029,1.050021983730312,15552.460129805597,15000,1440p
1.6015901171629037,2.0200057134099025,9265.095711879283,8000,1080p
2.296368281767896,2.256017698055152,7370.735291058134,4000,720p
2.3596453499791403,1.6639870472181082,8339.338360873397,8000,1080p
1.4342957180685187,1.016156199913403,13693.160740584482,8000,1080p
1.552803486019392,1.9483112369157205,9583.928164419043,8000,1080p
1.7908171106755812,1.2726577733168472,10953.062541929732,8000,1080p
1.2903288764086178,0.8756642213853749,15491.476881516526,15000,1440p
1.4696743863822803,1.3129757503703194,12058.444414847852,8000,1080p
1.1200168696745707,0.8311333212458858,17197.257369598326,15000,1440p
1.0994424884986973,1.0756908935843685,15426.379033301322,15000,1440p
0.9915467390851507,1.1823190078154593,15435.3745385796,15000,1440p
1.6049750618135055,1.070146026622576,12543.145110345811,8000,1080p
0.9983059636993917,1.2870247297596054,14682.528045520265,8000,1080p
1.0487671925681816,0.7400308382547673,18758.088628129273,15000,1440p
1.7164265760615889,1.321201845322542,11046.259563475684,8000,1080p
1.4943118040995855,1.971947127871985,9680.30163312543,8000,1080p
1.1026399848435626,0.8042932160714877,17596.018562107343,15000,1440p
1.3881079408502224,1.7460265869983829,10706.123716722874,8000,1080p
0.999990901064041,0.9530020600139842,17181.03068916255,15000,1440p
1.7805298124918574,1.384454993905981,10601.767165571096,8000,1080p
1.40654330485222,1.424846675315926,11850.86909080865,8000,1080p
0.9042740662512678,0.8358470427263682,19282.81418280941,15000,1440p
1.0953687379441157,1.509517180987145,12881.344152594136,8000,1080p
1.0403997993710117,0.7629364180201874,18606.864142362538,15000,1440p
1.022650470957489,1.140991607183269,15508.309964480677,15000,1440p
0.8008088428591382,0.8234071508826732,20658.848410117233,15000,1440p
1.4465630525498272,1.0570260711385375,13402.531462737214,8000,1080p
1.05384090046845,0.928942793526137,16922.890833543242,15000,1440p
1.477313719351341,1.1605060315244626,12720.51738518499,8000,1080p
1.5275981340025682,1.43516043026157,11325.402077888832,8000,1080p
1.0852065760048872,1.0612133861215312,15632.743168656634,15000,1440p
1.0962285759217436,1.3612323957694632,13654.105756523199,8000,1080p
0.6495927065714369,0.8085155684736649,23012.304761086485,15000,1440p
1.2665215264306422,1.0550389150064348,14453.395828552866,8000,1080p
1.2218186591442899,0.972180975252823,15293.72725224742,15000,1440p
1.4250369684454613,1.497936399140649,11479.554474254543,8000,1080p
0.6712897641904799,0.9081551131140574,21244.44637616199,15000,1440p
1.5515278841786964,1.524097817162603,10909.79048112607,8000,1080p
1.8983223579568256,2.2805388882767126,8029.563563576811,8000,1080p
0.9369569905997637,0.7711233749129824,19644.527668302857,15000,1440p
1.1520812433629712,1.256750796505526,13929.751615987225,8000,1080p
1.2860353392602502,1.3189757404847784,12880.725253300734,8000,1080p
1.6431062855944454,1.3389342763026377,11252.17155954904,8000,1080p
1.0598335044030482,0.9675342642394045,16550.737620963762,15000,1440p
0.7948275561654741,1.0948762540474852,17756.45041231017,15000,1440p
1.1216274310841425,1.0667144758948164,15333.267572580755,15000,1440p
1.595378770528995,1.1340303131587395,12293.661730862359,8000,1080p
0.8860286432240119,0.6912952743944163,21273.012870218317,15000,1440p
1.3528530273273107,1.3857559743664085,12252.363144665023,8000,1080p
1.1040570867939772,1.1630684953414445,14800.429347365416,8000,1080p
1.1145051934629286,1.028443021511519,15658.069460348624,15000,1440p
1.6062854525801873,2.2653909292337446,8666.641705286149,8000,1080p
1.0279061665444942,1.217363765825169,14944.497993872199,8000,1080p
1.1773908685896977,1.5856288265015517,12144.116113110753,8000,1080p
0.6901168247225863,0.7256043812544578,23701.299280067495,15000,1440p
2.098571556060574,2.2231472799968515,7764.140443391431,4000,720p
1.503204943051197,1.5396589426796456,11027.253686025728,8000,1080p
0.9500342389486752,0.8435088916088488,18708.461161772888,15000,1440p
1.1870554202043355,0.9163526830286364,15952.411682937942,15000,1440p
1.3546735445720914,1.2054430091788704,13106.603271963391,8000,1080p
1.2991533985743995,1.1776264629277458,13547.603693632074,8000,1080p
1.1304151641766795,0.9925662668105462,15805.33466295867,15000,1440p
1.0446749743309218,1.2134229339060352,14859.600142935393,8000,1080p
1.2325412184684221,0.8393527557496407,16195.0526511201,15000,1440p
1.0186399640161654,1.1152815115757728,15724.304939895777,15000,1440p
1.1851206080465166,1.51845563713072,12411.128430298917,8000,1080p
0.8548843297428544,0.8420856650997973,19773.143957746444,15000,1440p
1.4371048044840606,1.4693157459161348,11544.933507774631,8000,1080p
1.3732415692433837,1.5717667005661156,11393.66308202948,8000,1080p
0.6595201314393768,0.9185696539235706,21262.688797065348,15000,1440p
1.3549863306107153,1.1098822854467014,13613.071212562505,8000,1080p
1.1581063146025476,1.56195991282872,12335.887877144667,8000,1080p
1.4064319473735316,1.669095558398078,10910.13880936878,8000,1080p
2.190733913450828,1.8715583012280823,8259.974966535536,8000,1080p
1.2858715539192873,0.9835925746351395,14785.178394237524,8000,1080p
1.0330378413276031,1.140385739581112,15438.514744544545,15000,1440p
1.7266153096286831,1.3303261873446763,10976.471755583754,8000,1080p
1.1464825550915747,1.0661120911335833,15165.196235671192,15000,1440p
1.107278768646322,0.965334022934327,16189.435931450653,15000,1440p
1.0138429893521634,1.2995110028421422,14504.668162857482,8000,1080p
1.3234132344135836,1.6820362810366842,11164.530239987402,8000,1080p
1.2482293681793373,0.9093835865723727,15551.6455933874,15000,1440p
0.8074171792113299,0.9875037361987572,18694.100509901178,15000,1440p
1.7278298100994565,1.2439818972325158,11290.901074659416,8000,1080p
1.6266252583239473,1.5632410643244787,10519.071524019544,8000,1080p
1.3745179886805734,1.689834829806386,10949.924498761759,8000,1080p
1.9474045764001127,2.2861087592881844,7925.9067680590215,4000,720p
1.0486235147368528,1.3416883453962423,14037.679584676309,8000,1080p
1.0440918048693144,1.1782545784659006,15098.650800620357,15000,1440p
0.9485000981500635,1.3439077525042185,14637.19991642113,8000,1080p
1.4999964709218119,1.7357981971496985,10369.765526561667,8000,1080p
1.5236216018553301,1.0272950139011974,13153.872530658447,8000,1080p
1.488924753512602,1.2014217885652898,12472.15980365273,8000,1080p
1.4805936684307894,1.2046992734827626,12495.631845696864,8000,1080p
1.281560122088602,1.0124118336473258,14627.219794949682,8000,1080p
0.947471297230815,0.6377858491974906,21166.55463474835,15000,1440p
1.049360360463529,1.1964873671236644,14940.653183129609,8000,1080p
1.0808111451577584,0.9631615405439593,16416.281995706024,15000,1440p
1.123843288721778,1.669792733796112,12011.024961568744,8000,1080p
1.5175542346147355,1.3255112668402986,11802.201526073668,8000,1080p
0.7868368144808547,1.133619159695174,17472.117273813852,15000,1440p
0.9152683217387141,0.9547527268289948,17943.34455523915,15000,1440p
1.0142805623962172,1.0444969400983533,16298.231333567086,15000,1440p
0.8756897592947992,0.8108780644887468,19895.097918283525,15000,1440p
0.9654586236884806,0.9863124082680965,17191.78707471795,15000,1440p
1.8679181858591754,2.3792654954708157,7900.395772262089,4000,720p
1.4411750371639813,1.126324983536356,13068.912066005496,8000,1080p
0.7432691531055164,0.9430080133822103,19898.52716199026,15000,1440p
0.9190166012365735,1.307950123092922,15067.325269578381,15000,1440p
1.8233857888697045,2.0995282710929475,8553.445598632221,8000,1080p
1.4469821629640403,1.4077292132280146,11754.054115536821,8000,1080p
1.8705292126030928,1.4915794130425346,9980.174865277153,8000,1080p
0.9030646724948166,0.7736683784973546,20011.79137021536,15000,1440p
1.8559964381406098,1.625630252000556,9637.573176646203,8000,1080p
1.3081090459326579,1.0829530991102476,14033.274739246852,8000,1080p
1.1044606661555292,0.8562510720401624,17113.393746945098,15000,1440p
1.091463893457394,0.8377812921933376,17392.518198085923,15000,1440p
2.122552210595516,2.1811346750570424,7796.671294062374,4000,720p
1.2243364550579037,0.861119428690057,16089.734748882009,15000,1440p
1.1538385265231474,0.8645305659430587,16624.527260769977,15000,1440p
1.3547580706248468,1.12961676051609,13506.18738340313,8000,1080p
0.9754406805719764,0.815986092262432,18730.56298411234,15000,1440p
1.9135776135574694,1.5229743108338814,9763.982252630401,8000,1080p
0.8216075072740668,0.7302346239002809,21622.323125489493,15000,1440p
1.1983726042103253,0.8057855463802048,16742.407274652003,15000,1440p
1.6752509347949316,1.681487376723526,9996.141756079069,8000,1080p
1.1916440083047977,0.9407764562504701,15735.373280146243,15000,1440p
0.7592495828704255,0.9594748504043278,19522.869024481963,15000,1440p
0.7441075103231835,0.6771978742908281,23608.1790466955,15000,1440p
1.2224198891365377,0.9386533340458643,15526.74460080888,15000,1440p
1.8766248628772892,1.4027373904807687,10231.999214371743,8000,1080p
0.9443421522458593,1.0025870718368326,17234.541238040834,15000,1440p
1.317464362137618,1.1887970337880522,13388.24116851822,8000,1080p
0.9156769030780152,1.2119646726644706,15770.716450815014,15000,1440p
1.1186096741013192,1.3800621868441778,13428.906982329006,8000,1080p
1.3439122107654542,1.743789160424736,10867.123457300553,8000,1080p
2.1535112419139177,2.123983801105815,7844.411662090898,4000,720p
1.534624458044907,1.1771426449424103,12373.640775801141,8000,1080p
1.3214690923251706,1.0818180786520366,13961.890366333682,8000,1080p
2.2374634921069316,2.2520193613966,7474.008275544382,4000,720p
2.8149884327356944,2.905436073366054,5865.724119636371,4000,720p
0.711364125673604,0.9211792693370527,20553.4701880197,15000,1440p
0.8276726587987959,0.647572468275625,22744.987517120127,15000,1440p
1.0546544028244862,1.171936147370478,15069.870837753226,15000,1440p
1.2165051432407057,1.0060096040241064,15097.507020502122,15000,1440p
1.4621894951497165,1.9568709370122461,9813.933583730968,8000,1080p
0.8039991244028727,0.82621446954485,20582.84394423717,15000,1440p
1.375927196370571,1.6855959809278003,10960.045068027208,8000,1080p
1.586636172750388,1.7431973137301788,10076.90989241177,8000,1080p
1.5537317042287442,1.4156521995537008,11300.1326494893,8000,1080p
1.5656855626833366,2.0160187293419156,9368.286509500442,8000,1080p
0.9722179656621852,0.9792061530360954,17194.843334406905,15000,1440p
1.8175151479816989,1.5770172876899833,9884.846480590639,8000,1080p
0.7497298402661704,1.0130213226621234,19035.26300573199,15000,1440p
1.5522149534579783,1.339217510895595,11604.778051595142,8000,1080p
0.9995413015928222,0.9729392731288332,17011.28641266087,15000,1440p
1.565350183794843,1.322155594933196,11620.559254700747,8000,1080p
0.7584110329390407,1.0301399235127189,18760.67991183623,15000,1440p
1.2400655817513395,1.4553874585345326,12448.531470776918,8000,1080p
0.9494239730780389,1.2824275108141938,15034.348047874055,15000,1440p
1.438633700796082,1.3987947221055836,11825.648791410189,8000,1080p
1.341994225714778,1.1111113251291886,13678.348242478163,8000,1080p
0.9474956300353083,1.409389807634069,14236.768348477954,8000,1080p
1.5729411757450966,1.6457599615462313,10424.836158674074,8000,1080p
1.5820871268935934,1.2337640962039447,11916.26593222099,8000,1080p
1.2025108051636368,0.8280537842384716,16524.680955792675,15000,1440p
1.135022674289334,0.7628460145908824,17680.05984639424,15000,1440p
1.0357280642499878,0.7084642615373902,19237.805088296427,15000,1440p
1.248686405350067,1.1284552795203386,14115.45311478953,8000,1080p
2.0740718674101126,1.9522024870675994,8333.866260922669,8000,1080p
1.4980895555092653,1.2286912125150693,12305.511463729288,8000,1080p
1.381410891516431,1.1289756804115616,13366.24103045213,8000,1080p
1.2251319724423757,1.5220257591717852,12214.235685798885,8000,1080p
1.1145173744931378,1.5620607773309947,12536.316930305995,8000,1080p
0.8392481891994027,0.9874765683885222,18368.630446716295,15000,1440p
1.6698150850254712,1.308624784903641,11265.774521343152,8000,1080p
1.3091251385326745,1.0398834119542406,14284.508242017533,8000,1080p
1.2297381452198006,0.8798700250458993,15905.528084759884,15000,1440p
1.327478734406222,1.95878715160231,10210.504312161696,8000,1080p
0.7763965457020949,0.9913931973321859,18981.00842151414,15000,1440p
1.079661979336045,1.0093664775333546,16062.218726443003,15000,1440p
1.062352920964429,1.3196328573660896,14086.747412706034,8000,1080p
0.9426051747498605,1.3446548055866432,14670.14344170156,8000,1080p
1.229692204214531,1.0106158854295653,14977.59712385388,8000,1080p
1.4576503809026997,1.0978791830897383,13130.12867187448,8000,1080p
1.235237370425348,1.4173976969709365,12649.471618776277,8000,1080p
0.8499039918192501,0.9102197620076831,19063.677725526162,15000,1440p
1.3398035573124922,1.4844612949397369,11880.766767763225,8000,1080p
1.6441853055553228,1.3716214079260436,11126.187845528622,8000,1080p
1.4094346455566555,1.7139550249561022,10742.95414266753,8000,1080p
0.9907048452063962,1.367985119946357,14225.876438079029,8000,1080p
1.1299176653014862,1.5794553715083262,12384.574417817752,8000,1080p
2.3664798273572183,1.7320071345755066,8187.029094311605,8000,1080p
1.4364897611713092,1.3518313265385495,12033.91967585748,8000,1080p
0.8343547389424252,0.770478260809636,20908.363677207533,15000,1440p
1.5009817274577733,1.6901145059601517,10515.017268551772,8000,1080p
1.3188849567637955,1.2925199701118548,12849.187674676465,8000,1080p
0.9197166204127728,0.9620153125795411,17831.674858512943,15000,1440p
1.3714407989891597,1.9435913755722887,10121.902362663788,8000,1080p
0.8686672169331624,1.2017279930834777,16206.776289697038,15000,1440p
1.216498784481955,0.9131437398729356,15755.898755902368,15000,1440p
1.2248262214290107,1.1170134474363504,14328.236235001252,8000,1080p
1.0904270637432831,1.5776938807320229,12576.053596625314,8000,1080p
1.4650969460143968,1.424372016645049,11612.663930162707,8000,1080p
1.0401356217792221,1.0777242948714179,15843.555910471063,15000,1440p
1.078442034924637,0.8979368343723262,16977.732620636634,15000,1440p
0.711714925349784,0.599070014024894,25598.73171567523,15000,1440p
1.0253456633313551,1.5059704705106236,13255.72556955649,8000,1080p
1.1476818269427025,1.3526622765955947,13419.925662438349,8000,1080p
0.5457368382789493,0.7013322133909853,26906.6351659258,15000,1440p
1.4165597944577926,1.3646773329655806,12064.570715365755,8000,1080p
1.2787544252764607,1.5448112544477575,11883.708688255947,8000,1080p
1.8201411401729373,2.1385892269682314,8476.05896034582,8000,1080p
1.9347620307871025,1.7029101276581786,9224.149549073429,8000,1080p
1.4571587373025958,0.9948147014549986,13684.663736407318,8000,1080p
1.0639590125209597,0.9089475739062427,17007.61314845867,15000,1440p
0.8841358312720763,0.5968034564833963,22657.533821562298,15000,1440p
0.9440428481281489,1.3801132170329529,14437.254237345776,8000,1080p
1.3851404518246038,1.0352923207888174,13862.988627347899,8000,1080p
1.2056875988131968,1.0421343437050374,14927.531120373787,8000,1080p
0.9413377551633589,0.9230285064976161,17997.768298009294,15000,1440p
0.6512292961905364,0.769918822952349,23610.791548059853,15000,1440p
0.8931061304861542,1.0070715128009495,17658.576353921537,15000,1440p
0.9312161870025164,0.83551224266353,18992.410738724902,15000,1440p
1.9634806577575337,1.7107302752796578,9132.418527823358,8000,1080p
1.2548559982824976,0.8422282549336488,16000.516883639746,15000,1440p
1.3242678054691959,1.320050321030845,12689.256887714899,8000,1080p
1.294629963100774,1.9112883174417588,10466.402778776268,8000,1080p
1.3412104934396363,1.1991082591834592,13208.748691616825,8000,1080p
1.049338773426611,0.8690660638490104,17490.79826531899,15000,1440p
1.0585976230612044,1.0942122248438226,15586.34267334524,15000,1440p
0.8667954620095786,1.105622277286345,17011.82834219369,15000,1440p
1.1695026456665012,1.3469334571608433,13334.108488707456,8000,1080p
1.7975115635700598,1.7668345289749119,9413.90962852372,8000,1080p
1.0818260967299471,0.793644921695619,17891.202620752047,15000,1440p
0.8422754597006602,0.9117552146324787,19129.90034382209,15000,1440p
1.0192574726106178,0.8844977744587474,17625.39173649217,15000,1440p
1.8768384563071883,1.8209526819315114,9074.182598637079,8000,1080p
1.4021868873264365,1.5816123575079704,11245.539410230056,8000,1080p
1.1556073874484565,1.0268360661429237,15374.708538167886,15000,1440p
1.0867525230342634,0.816372310768424,17631.230176821322,15000,1440p
1.4537406603215877,1.201780183449477,12635.725333772889,8000,1080p
0.8637768441742416,0.7798832180366265,20414.459638853987,15000,1440p
0.7211649125713573,0.7097233918935233,23450.070767437428,15000,1440p
1.1377246326354096,1.6860445695946369,11882.852172727391,8000,1080p
0.875781734611633,1.1285465315978114,16740.9862773914,15000,1440p
1.0307285769896604,1.4721088478444817,13406.556761162217,8000,1080p
1.0047549436479308,0.8639854407846128,17955.641286250175,15000,1440p
1.7812360420218547,1.8429889330103029,9258.374474863353,8000,1080p
1.0171117979646478,1.5019894769740219,13320.00119797364,8000,1080p
0.8303915733798752,1.1675124559452206,16794.816721669507,15000,1440p
1.3543128970308524,1.2514619073941073,12876.950050718126,8000,1080p
1.0973015383390843,1.2056100616638608,14570.438570007242,8000,1080p
0.7827734828766864,1.0297554540561382,18512.494513208196,15000,1440p
1.388198265979587,1.136335311080045,13291.339162571738,8000,1080p
1.112890999812221,1.3542862873814163,13600.332726055316,8000,1080p
2.4347456332145114,2.065006807058631,7456.950675704993,4000,720p
0.9883732407034882,1.147001623370712,15713.602592464555,15000,1440p
1.9718387644154785,1.681265099417475,9185.184229827404,8000,1080p
0.9589256107018752,1.0904675630719756,16372.862186425293,15000,1440p
1.5838277911289285,2.1388220294604596,9013.588066869932,8000,1080p
0.8826482487049787,1.1315891027606944,16658.628624667246,15000,1440p
0.8174857691322477,1.1887130356403364,16725.377325605386,15000,1440p
1.1990498246237533,0.867951230149731,16233.3889102331,15000,1440p
0.8387636805458801,0.932318371486922,18945.724147273184,15000,1440p
0.875205737130125,0.6801704720515143,21573.193547594932,15000,1440p
0.9451543521873207,0.9059236125338397,18126.96852293551,15000,1440p
1.2316977498278894,1.5073507653180778,12250.397104854437,8000,1080p
1.058136632116697,1.2333434880947705,14643.12594468568,8000,1080p
1.5879031694160042,1.4559706698702901,11023.594856962798,8000,1080p
2.6156385881567585,1.8682063879586321,7483.405911385926,4000,720p
1.7367295582568751,1.3884536901132887,10736.788640313878,8000,1080p
1.5682150382242106,1.531952927193047,10823.42388357782,8000,1080p
0.8520368659179837,0.8970991215512031,19183.43241485168,15000,1440p
2.293594253966356,2.084526381070189,7664.117733868682,4000,720p
1.5825977089320582,1.1240277791530606,12397.146242696126,8000,1080p
0.8496321341280293,0.7161571917501974,21429.723300214635,15000,1440p
1.60422660037259,1.9907117037632336,9333.799125675412,8000,1080p
1.0807490690010781,1.227408823948485,14537.320909671935,8000,1080p
1.3286138592700332,1.3867629958872998,12357.191575920611,8000,1080p
0.9055772647510005,0.6626299111551734,21396.68311402215,15000,1440p
1.4432666906723186,0.9625611987961629,13947.14565696267,8000,1080p
0.8444692891258646,1.0805592326698918,17430.615505218,15000,1440p
1.47183747282244,1.740700746910462,10444.835113211446,8000,1080p
1.366353481667031,1.0477193004424448,13899.511335643872,8000,1080p
2.102731924648994,1.5654875198470153,9147.33496938054,8000,1080p
1.6317387508912713,1.4160331473254755,11009.495828619169,8000,1080p
0.6811836397527778,0.9344606337132902,20768.452902082914,15000,1440p
1.2195024411946083,1.0163924101162682,15007.160099826458,15000,1440p
1.473328984647336,1.3191179886223439,12016.139364935218,8000,1080p
1.2169922946574039,0.8988513440253476,15858.653913050866,15000,1440p
1.699625732055394,1.2590767610318772,11340.928017736409,8000,1080p
1.1676900227800102,0.8346806417605421,16757.35296876172,15000,1440p
1.2924063619651123,1.361954666401108,12641.246477557355,8000,1080p
0.9306043712543112,0.7472336766948263,19998.611928615162,15000,1440p
0.9395902841055248,0.9079666264334221,18161.514705499332,15000,1440p
0.7130260644453315,1.0353401532636743,19191.87848640114,15000,1440p
0.7485283387261255,1.111473070084332,18040.003540351805,15000,1440p
1.9380744268858583,1.3944792394765606,10068.684666262452,8000,1080p
1.975674718454334,1.727808096177018,9060.23699298306,8000,1080p
0.9280771259433866,1.381425188928161,14528.85835356535,8000,1080p
1.828007089077588,1.506069828699233,10064.084550986983,8000,1080p
1.0939405193887295,1.3456338927308316,13754.215421060717,8000,1080p
0.8069916081962799,0.7631129559326998,21370.826355513735,15000,1440p
1.1831013455613522,1.6883443019445217,11685.553591845015,8000,1080p
1.5424358429888994,1.7051347258264964,10332.164086657407,8000,1080p
1.1319859104888663,1.3569566308374763,13481.400812940841,8000,1080p
1.1260941180503183,1.1935667252059392,14465.231888338245,8000,1080p
1.294215466977969,1.3545260969042836,12668.065642017324,8000,1080p
1.0664465422571632,0.9003543685482374,17060.41105414149,15000,1440p
1.1664519170956822,1.028538972836323,15286.820621401042,15000,1440p
0.8627885252556527,0.807124808342652,20093.51702563953,15000,1440p
0.8287928116488669,1.218456337050752,16390.009013467297,15000,1440p
2.0381426189173593,1.473717110886661,9554.604848033754,8000,1080p
1.0228456953836544,0.8377738395168723,18034.01037697581,15000,1440p
0.887585848671358,0.8995632552480682,18775.395923267522,15000,1440p
0.9038307742934479,0.8172688046428733,19495.927144864796,15000,1440p
1.219718422226728,1.52652663197332,12218.294921890738,8000,1080p
1.083462604371417,0.9440123844918007,16549.862358012902,15000,1440p
2.8366002213169494,1.913496793088859,7063.946672718081,4000,720p
1.1421485343788242,1.6289123253057671,12108.875877890045,8000,1080p
1.6537024472910336,1.4108761177851585,10949.117892549693,8000,1080p
1.2062484970938687,1.3336953903266924,13210.698144231914,8000,1080p
0.8770934016761912,0.6880308261099447,21438.829841298066,15000,1440p
1.4137780469465124,1.4435467321520192,11743.303472343181,8000,1080p
1.1463820289008981,1.4620979238367888,12863.595890312863,8000,1080p
1.613287333253104,2.142513544036195,8934.028479224777,8000,1080p
2.885174112876074,2.2083615557160137,6587.650344122324,4000,720p
0.9769444009455085,1.2585329498970435,15009.962855295013,15000,1440p
1.696866659726514,1.8469698036713191,9468.391768797363,8000,1080p
1.1558679636884677,1.7080875654075791,11716.114883456596,8000,1080p
1.655433290444373,1.5769879820487254,10380.587544556089,8000,1080p
0.7215098960769141,0.7063900681446867,23499.147587899628,15000,1440p
1.222582282405541,1.3014266207713454,13294.10207617182,8000,1080p
1.0751669798548733,0.9578844181245454,16504.468127735785,15000,1440p
1.4372035307520563,1.4520706169425002,11613.44693675889,8000,1080p
1.3510234938249341,1.4027040393710097,12185.095146670927,8000,1080p
1.1787600970323366,1.1016935028086257,14713.928843954583,8000,1080p
1.1480552730967453,1.123073115725018,14774.343962741654,8000,1080p
0.9141579516627008,0.9921771690177534,17601.539013782087,15000,1440p
1.0757487473851752,1.2001100247291603,14743.635418478541,8000,1080p
1.0621106872738626,0.7179305746723759,18850.367526487946,15000,1440p
0.7866869967626686,1.128892749257025,17516.59364206654,15000,1440p
1.242297947339233,1.7517077733004975,11207.203703281639,8000,1080p
2.4718126067123727,2.5433112442868184,6690.648725118675,4000,720p
1.2970021247098678,1.4955063764834802,12015.874610824241,8000,1080p
1.1061014357061452,1.6143554713320953,12334.11634390882,8000,1080p
1.2209389651816525,1.558850775909243,12070.852519526157,8000,1080p
1.6671529149961812,1.5744361880597806,10351.229268498908,8000,1080p
1.4610296918774301,1.5300671136640356,11218.102984107793,8000,1080p
1.1525897428770049,1.452124587696331,12882.192724994215,8000,1080p
0.9681887908581637,1.3141620850165319,14701.697427281197,8000,1080p
1.2166988299622163,1.3051185855095069,13305.654800438204,8000,1080p
0.7631971090584657,0.9440761890279623,19653.814089173065,15000,1440p
1.0655100599395488,1.3149747703292063,14095.629416891401,8000,1080p
1.0074268012656251,1.2274946865314256,15013.696088749144,15000,1440p
1.7052066378829054,1.72554967320919,9780.476652192992,8000,1080p
0.8757563691653587,0.8322376935306308,19645.52028186555,15000,1440p
1.668699680333644,1.1462398484336196,11920.12533736182,8000,1080p
0.9004716271393892,0.6261866650942968,21979.00615396115,15000,1440p
1.1037563342599859,1.372979323977926,13547.845482982428,8000,1080p
1.0328340742646236,1.4520538157339131,13503.398738854074,8000,1080p
1.3983612261051204,1.773058838778851,10580.25468512876,8000,1080p
1.431770288331147,1.5854454210077293,11120.992077610636,8000,1080p
1.3056753322164139,1.5381479838773524,11799.056506115812,8000,1080p
0.9869591634804737,0.9033428687408627,17750.831046068037,15000,1440p
0.8006185421431099,0.9861510769107517,18779.383554645337,15000,1440p
1.359466805568395,0.9708651341832133,14398.992447220457,8000,1080p
1.197077777170255,1.1036588641333105,14584.212463790955,8000,1080p
1.2849689068926748,1.721835206349584,11159.500498294188,8000,1080p
1.5672849801280844,1.1839147627237963,12196.290759033596,8000,1080p
0.8129126096838519,0.7771746463265934,21102.258302596936,15000,1440p
0.8119752843954369,1.038328147845125,18134.556427519787,15000,1440p
1.8355451881688212,1.4152331206649365,10321.968714020957,8000,1080p
1.124123273262077,1.1115648143416972,15008.548010811235,15000,1440p
0.7530848821833946,0.8271440808861441,21233.905202459842,15000,1440p
1.2658404269637387,1.1680101606034283,13786.561990044098,8000,1080p
1.0776502461695392,1.3063943871507426,14074.582132830466,8000,1080p
1.1478851134861159,0.9183576377297149,16239.346504787834,15000,1440p
1.291124486879359,1.7051182677572125,11198.83625853606,8000,1080p
1.5650077645866212,2.2306690313705686,8840.1710165995,8000,1080p
1.3312704832911937,1.112112917549335,13732.773983999896,8000,1080p
1.3827566112380194,1.2632885816239336,12680.974644921936,8000,1080p
1.062698756359977,1.5683333743860817,12753.334179345527,8000,1080p
1.2765568581569657,1.1662630764283102,13735.941616055556,8000,1080p
1.1311428228093505,1.001933835592277,15730.532640652142,15000,1440p
1.1170839831347283,1.563835924181591,12516.014338372752,8000,1080p
1.226131252083899,1.03424656825358,14844.612125503098,8000,1080p
1.9441683439165989,2.0086476233124166,8488.741261466359,8000,1080p
1.2968782113841724,1.2031494909534333,13421.624075855454,8000,1080p
0.9553672652569861,0.9765723637390494,17368.26114873844,15000,1440p
0.6430799441464403,0.9086744765612507,21623.54529313808,15000,1440p
0.9585083978471672,1.1639125407996445,15809.508561196744,15000,1440p
0.9526651780482478,1.3616560754799938,14498.605994671403,8000,1080p
1.1217381483576234,1.3772735004997034,13427.081068366675,8000,1080p
0.9271926583636232,0.8664543031578746,18707.378162945042,15000,1440p
1.0049319758445197,0.9075507041546385,17544.959936586078,15000,1440p
1.1741730924534604,1.1709145036207735,14308.391744586172,8000,1080p
1.1055798540278488,1.2807168290053659,14061.299350820478,8000,1080p
1.012387601905342,0.8140916454581335,18371.09950657028,15000,1440p
1.604335383795158,1.6536584957303357,10299.10835955499,8000,1080p
2.46605787372637,2.120124155193363,7316.419581344809,4000,720p
1.1216018570228061,0.7902647422931639,17550.613631727832,15000,1440p
1.0835180271284572,1.0587519683746718,15663.026635500944,15000,1440p
1.1095619085162354,1.298746682138192,13932.779266830588,8000,1080p
1.2893522206812649,0.8907362041485309,15391.31698413548,15000,1440p
1.6891893267799705,2.1329953805321002,8778.86197802224,8000,1080p
1.1360855246052892,1.0001551402981932,15707.23399814881,15000,1440p
0.7134619334250331,0.8590713377312661,21337.820073801744,15000,1440p
1.2647642290766659,1.535537574534412,11982.434163607115,8000,1080p
1.129970471947391,1.0272928922416678,15554.165781058222,15000,1440p
1.4807308225472973,1.459716059318061,11411.33757829142,8000,1080p
1.215318939887615,0.9985494010524449,15156.471312902017,15000,1440p
1.2179791729035,1.5643137510493217,12059.992573437954,8000,1080p
0.7596585518668106,0.9259111462969816,19906.878983736577,15000,1440p
1.182638851962286,0.8499025860148022,16508.60906107551,15000,1440p
1.2193383811803302,1.6123737646873215,11849.520809862806,8000,1080p
1.0804793589661585,1.3787218819906584,13644.443342483337,8000,1080p
1.6479999523813647,1.767637326000069,9823.769114002767,8000,1080p
1.445495067769385,1.06233683331453,13379.85691365413,8000,1080p
1.0260570270603404,1.1277592923300634,15579.059225206787,15000,1440p
0.9126082420237888,1.2277231030712898,15677.213753326327,15000,1440p
1.4717244705641108,1.2995512735257884,12107.936957034726,8000,1080p
0.7493168700627019,0.8137454340511286,21467.111011306424,15000,1440p
0.7138738916472992,0.9107470118650783,20653.699535354008,15000,1440p
1.354653029892332,1.0450523387942794,13982.729895864157,8000,1080p
1.2099425948016327,0.8118992884537661,16595.972354659847,15000,1440p
1.12944885628346,1.1853030162792495,14495.90878302269,8000,1080p
1.2484641831148422,1.8387783201958965,10868.738676672287,8000,1080p
1.4632630236763475,1.258912190273401,12326.33073288258,8000,1080p
1.1854863704508394,1.7294280879917094,11511.292176281659,8000,1080p
1.0851383640817975,1.4035991613034582,13482.511376849909,8000,1080p
0.6872905189810354,0.7617422622465562,23156.43402599447,15000,1440p
1.0173374804838737,0.7417918485608197,19074.454303039758,15000,1440p
1.2723277134110385,1.3408927457281319,12840.260714571812,8000,1080p
1.3163268261514214,1.6192397674630106,11430.308572453785,8000,1080p
0.9203758370367047,1.2590191439781906,15396.214221056181,15000,1440p
0.6990535368919234,0.9081037143152876,20878.126253542207,15000,1440p
0.9081190743154541,0.8149138786319496,19474.051231929203,15000,1440p
1.3326286461974306,0.9889695287115854,14453.160914168537,8000,1080p
1.4989597950800342,1.5240697177539222,11099.604505198562,8000,1080p
2.0634594264021824,1.8725686552735157,8524.947308230272,8000,1080p
1.0572272644528866,0.8390505591381305,17694.89237418668,15000,1440p
1.3980528437749107,1.435288887592177,11842.705603961856,8000,1080p
1.2630725113748682,1.3913099666374726,12641.144325638514,8000,1080p
1.362024941622554,1.4644402422460767,11871.517891500605,8000,1080p
0.7627709827507531,1.0819394827025133,18189.538482265452,15000,1440p
1.0152086713858672,1.4506356343362254,13607.68476831062,8000,1080p
1.118771516680089,1.3451725607511944,13618.179205991251,8000,1080p
1.70253739857364,1.324212667390092,11085.960607492745,8000,1080p
1.2591757027595643,1.2482572972593484,13381.985480667643,8000,1080p
1.1168691585030022,1.1968578382481514,14502.329811216207,8000,1080p
1.05307134379147,1.2028196903034827,14874.136867812766,8000,1080p
1.1020722279229889,1.6203282482578005,12325.310803307293,8000,1080p
1.410075049959793,1.6233739699227925,11061.47879198536,8000,1080p
0.8045072752469518,0.8509890887485045,20268.50238379146,15000,1440p
1.2542875925921517,1.5699385162672888,11880.929750894098,8000,1080p
1.6862763651818122,1.1369867774461406,11884.98213055933,8000,1080p
1.3545173850019854,1.1077383117863908,13627.51725735327,8000,1080p
1.0519520546825718,0.7804991840055417,18311.22776506853,15000,1440p
1.2085858696334486,1.436803815474073,12684.116895479687,8000,1080p
0.9174112585887899,1.1611754365042826,16142.907139361603,15000,1440p
2.0333961110171543,1.784866132316361,8787.880418267308,8000,1080p
1.2496765976162394,1.509018361311106,12163.15413613068,8000,1080p
0.6053612023685325,0.9071661081181052,22184.34785762927,15000,1440p
1.369345220306035,2.036643350265031,9851.598531457812,8000,1080p
1.435277359356125,1.8809680567411426,10118.199285591061,8000,1080p
1.9438174770745449,1.5259903187641117,9670.400775582399,8000,1080p
1.886640631382355,2.104069063294677,8408.136538910921,8000,1080p
1.2091269143147745,1.8112004141441878,11109.53494471747,8000,1080p
1.3049075616161958,1.0504125575761827,14246.229939862935,8000,1080p
1.3314934467147999,1.3513620586712074,12506.984417400525,8000,1080p
1.8549596808415572,1.2619164659868092,10765.40434054267,8000,1080p
1.3161647429338421,1.6495285735831735,11314.194833674563,8000,1080p
1.5396402689318516,1.1150047542958765,12639.89411254762,8000,1080p
0.8762245098440301,1.0206686489444734,17689.1523091529,15000,1440p
2.2862238610845727,2.5703646388092163,6909.053958500667,4000,720p
1.2312073177113487,1.3588090333074692,12955.297362042102,8000,1080p
2.097001497602997,1.775423810972863,8664.965577435532,8000,1080p
0.9149902282512518,0.7021237887967228,20749.57711470047,15000,1440p
1.5227868529947115,1.08054664512984,12889.025560564063,8000,1080p
1.357935955503119,1.0050048424318188,14200.284674641223,8000,1080p
0.9272131028330175,1.288426454201762,15144.354998295099,15000,1440p
1.7177403202391393,1.23123988994899,11378.31711588848,8000,1080p
1.21252602671601,1.1286985760422727,14332.000424251602,8000,1080p
0.9127223899869643,1.0861958121859394,16786.29568910073,15000,1440p
1.5268858738196198,1.213724736227301,12243.414616068181,8000,1080p
0.7397427494385178,0.7810581489279513,22063.658718272505,15000,1440p
2.077639544188026,1.8558549949315108,8530.4381806796,8000,1080p
1.3815426964835993,1.391761266964536,12099.081976676198,8000,1080p
1.8102048632164387,1.212709620333653,11100.026872276549,8000,1080p
1.2025133256055736,1.1419317145914218,14312.313329887462,8000,1080p
1.1270641476796022,1.6263462917591807,12186.49843095651,8000,1080p
1.3049783000355828,1.7830997603052454,10865.797866617604,8000,1080p
0.8861244816493907,0.979505874989059,17985.57355191165,15000,1440p
0.8829214806947556,1.2379674233123286,15820.928638272475,15000,1440p
1.0214353954762536,1.181445081715746,15232.071075763339,15000,1440p
1.1947035482587516,0.9708297405099631,15494.766196403509,15000,1440p
1.3499587471716579,1.0461612979773438,14003.652307793047,8000,1080p
0.7772925285942734,1.1559106890123307,17356.90883110672,15000,1440p
1.2134421530345842,0.9769779081495931,15318.720182767098,15000,1440p
0.8883814565132221,0.6507762458825773,21800.515923592713,15000,1440p
1.0474109465637138,1.007028584217725,16332.645228665864,15000,1440p
1.0149383215215573,1.0669315922760938,16117.448923017266,15000,1440p
1.3797908412608246,1.860110013077149,10356.623090818734,8000,1080p
1.4298793727413488,1.343574626872832,12098.427449911846,8000,1080p
1.4575657444892383,1.6765471557466,10706.197596607024,8000,1080p
1.1501529321942947,0.9047399567804815,16329.041859082457,15000,1440p
0.8588811368108904,0.7888349265068848,20364.207612588383,15000,1440p
1.5249773165045337,1.9335455774864025,9701.954570923806,8000,1080p
1.1836839781046589,1.4450971234395356,12764.254878540289,8000,1080p
1.475247004318643,1.082775754733494,13117.331298660312,8000,1080p
0.9659430153948072,0.6590377383318307,20649.12579613524,15000,1440p
0.653072013244032,0.8093848856174881,22943.877543414197,15000,1440p
1.2508979521221117,1.2548362611113808,13391.057927368967,8000,1080p
0.9542165170426116,0.7462118490498773,19732.92887197985,15000,1440p
0.9519418798541223,1.3205382580793308,14765.55567632539,8000,1080p
2.1522063167727388,1.6840021146407875,8746.769785821103,8000,1080p
1.2425294885731233,1.7480629933869027,11219.994767728605,8000,1080p
0.7880539393547571,0.8077301000059197,21026.925431240055,15000,1440p
0.8579091560315983,0.6170850039632474,22748.857527759472,15000,1440p
1.7102681021762844,1.2290692716798186,11415.645001642019,8000,1080p
1.3934436560219519,1.6688142455049966,10957.415436259824,8000,1080p
1.1254830278933379,1.0448064504538026,15460.809414951662,15000,1440p
1.390170590063271,1.1642824194153767,13135.662263307127,8000,1080p
0.9637190758296245,1.0688931434849955,16508.03418436315,15000,1440p
0.8468455039491781,0.8822520210991381,19405.74867173116,15000,1440p
1.2400811872210198,1.4774309335283482,12347.48200156958,8000,1080p
1.9050662759387622,1.9901921002349288,8614.173633575621,8000,1080p
1.0899806902923994,0.8414281932889058,17373.033895226712,15000,1440p
1.2527831259812685,1.0524523290407948,14555.750444884101,8000,1080p
1.6524371479568616,1.6983816292067122,10013.800874186161,8000,1080p
1.114082244513431,1.0858331391399445,15252.601190631487,15000,1440p
0.925524009445321,1.1163970692636866,16432.776148828725,15000,1440p
1.2612591291846904,1.1643007500863058,13833.685280977194,8000,1080p
1.9896611373161328,1.5978070489122083,9353.234721024024,8000,1080p
1.4807443976659553,1.036927738757211,13327.562201038008,8000,1080p
0.9116292534367932,1.087018927408982,16788.563550890005,15000,1440p
1.0791253226673525,1.1310424273081063,15181.848527276981,15000,1440p
1.4150584918821114,0.9486218754848863,14195.84156269728,8000,1080p
1.8855500441958535,1.2881865751651618,10572.532010156434,8000,1080p
1.8241539409351342,1.7833990679770224,9301.16117964354,8000,1080p
1.5139949702003914,1.1469560061627542,12609.939941794988,8000,1080p
1.477664285059047,1.0651681585437047,13195.691318323437,8000,1080p
2.0568647483900406,1.4527895956134738,9560.608741236883,8000,1080p
1.5562905965842397,1.285654262596802,11806.855397493293,8000,1080p
1.4699474971278863,1.334806003695407,11963.415676333267,8000,1080p
0.8109553123478431,0.6495694600553231,22974.229971319903,15000,1440p
1.1135343894201215,0.913959744417796,16549.706082988065,15000,1440p
1.3353156716871497,1.1523661390049373,13488.233043222264,8000,1080p
0.817007876655616,1.148836301153247,17068.713979863805,15000,1440p
1.7271926181591002,1.446193689915013,10573.699115870879,8000,1080p
1.081302977067608,1.1280683450054323,15187.321236937243,15000,1440p
2.015434948746627,1.7139496801949483,8997.310639295196,8000,1080p
0.7208066784518438,0.986297675676615,19655.759133208237,15000,1440p
1.235839294924489,0.9015969427629622,15698.448172799497,15000,1440p
1.2549479021827012,1.7062660589906813,11331.309537222376,8000,1080p
1.0972807344155686,0.8230505195190851,17473.252039849274,15000,1440p
1.335615847212629,1.0706744553532304,13944.465455485759,8000,1080p
2.499965700274879,2.236076454690673,7084.909910444845,4000,720p
0.9574283587931166,1.2576551944885792,15148.156352968426,15000,1440p
1.366024665286216,0.9436337181797689,14527.87660729575,8000,1080p
1.3716599948291586,0.9889830556938473,14214.106614960674,8000,1080p
1.4948632045118966,1.4424359993697686,11423.56623242792,8000,1080p
1.0994828247084671,1.2379435925348516,14355.289113046372,8000,1080p
0.7971097468772191,1.1271269431621023,17437.788279213364,15000,1440p
0.7456444184038207,0.8386198929081956,21179.819402869543,15000,1440p
1.2429006561928493,0.9632814023853686,15209.276074715373,15000,1440p
1.0894391587249042,1.0687882194595797,15547.21821211731,15000,1440p
1.198062547658683,1.400281525781606,12913.775486082135,8000,1080p
1.5688944251253576,1.088917943992474,12624.831003829373,8000,1080p
0.7236369562710815,0.7172556340662807,23287.254181898294,15000,1440p
1.1237109896311763,1.213585448350339,14356.087424228286,8000,1080p
1.6395110866018023,1.1843533361654832,11882.451483672103,8000,1080p
0.8023090308335858,0.7452007396783349,21682.856314955672,15000,1440p
2.130142243377236,1.5852899180140034,9031.09801026096,8000,1080p
1.0219405409479991,0.964905449141229,16888.290369447852,15000,1440p
1.1133675645399106,0.814120043826958,17408.377545124746,15000,1440p
1.3464929283572276,0.9135427974471049,14846.859107971926,8000,1080p
1.3409133018171724,1.0117730397834894,14262.178262645532,8000,1080p
1.5495643794015743,2.154215329285665,9059.510726649823,8000,1080p
0.8415626960328714,1.2340249596785355,16166.232203042866,15000,1440p
1.02538188565615,0.7732930191378553,18655.084312661187,15000,1440p
1.307670547020555,1.6662395349939385,11282.93427663778,8000,1080p
0.9628410342067842,1.3545925074700316,14479.134523841041,8000,1080p
0.8194450544506848,0.9518109751015122,18943.863247417212,15000,1440p
1.2182160394988428,1.5519219794594554,12112.90981545318,8000,1080p
0.9083979717830488,1.213024083761076,15816.952554211852,15000,1440p
1.6393238271615886,1.6756974717938857,10121.935569636498,8000,1080p
1.2811276460327377,1.1255833049855153,13942.028221462777,8000,1080p
1.814364487346575,1.3899989448965595,10471.48137516694,8000,1080p
1.2054880913924066,1.0049196308446244,15180.200314375224,15000,1440p
2.0185439382051347,1.409626868242956,9787.853025551422,8000,1080p
1.0443084085924168,0.9886584284482112,16505.15462851568,15000,1440p
1.114785750074514,0.9213704277401211,16479.30171840418,15000,1440p
2.9231028850964447,1.9495321604788205,6886.301084763173,4000,720p
1.1564451722488507,1.6615769548200168,11907.086064970415,8000,1080p
0.7615189458786713,0.9433490927263797,19681.54205498201,15000,1440p
1.0652151272624677,1.3000809585185917,14186.144475404979,8000,1080p
1.5397628011878113,1.8126262336213181,10009.110413973909,8000,1080p
0.9151612142278752,1.367907851963015,14697.072680320953,8000,1080p
1.860289640457822,1.4260141279408771,10210.386612053791,8000,1080p
1.009675733386493,1.382002673624259,14029.65879594913,8000,1080p
2.20548815392949,2.6194634058779918,6954.35624256067,4000,720p
1.0731249720292575,0.9753602473459075,16380.119164459908,15000,1440p
1.1972457043143394,0.8311295403150729,16542.517016436203,15000,1440p
1.0292116216348965,0.9984279003100411,16548.519417205953,15000,1440p
0.8919745042358777,0.8218132152705743,19579.106337430887,15000,1440p
1.30611289050309,1.8108239197680511,10765.194818653097,8000,1080p
0.831489048022516,0.6771232322413819,22241.91890717634,15000,1440p
0.8158931230015943,1.0298910108066828,18178.957866957873,15000,1440p
0.9642193858489256,1.03989318639807,16742.788037290255,15000,1440p
1.5790686331311645,2.232526424045375,8803.252049774572,8000,1080p
0.8145038009493186,0.8091158701206043,20666.4359873692,15000,1440p
2.135071578161981,1.9118439457892022,8291.35962967651,8000,1080p
1.4186864172353697,1.0451758951499805,13618.631135079459,8000,1080p
1.0827827544681021,0.9626043500631658,16404.92986665696,15000,1440p
1.0834110646036128,0.89199234413938,16986.116279586495,15000,1440p
1.0463243750808322,1.4751572814834673,13307.426573041317,8000,1080p
0.9662808132136261,1.0635454002044966,16530.69202584396,15000,1440p
1.8543851859577298,1.3317288737443347,10531.459756697377,8000,1080p
1.5486622735984756,1.1302914033693425,12525.200524549078,8000,1080p
1.1642376023170804,1.1460821072775274,14523.718020778952,8000,1080p
0.8340985125178357,0.9336118146243226,18981.86115948485,15000,1440p
1.162993784080723,1.208344807707234,14149.99617355378,8000,1080p
1.4253191633727882,1.6714574109585323,10835.277003232088,8000,1080p
1.0140429570659681,1.3543078257617251,14167.847197000807,8000,1080p
1.10809431053669,0.9431044169770075,16358.450085756465,15000,1440p
0.9311065928666113,1.33306684651298,14819.726888587778,8000,1080p
1.0488105641165886,1.0036715874937379,16348.221091069672,15000,1440p
1.410843042347313,1.2298130127034486,12706.854395452488,8000,1080p
1.4853021199789702,1.4247389462727638,11530.569925330863,8000,1080p
0.8889689797001717,0.975917855805578,17992.744310890143,15000,1440p
1.6121410821389461,1.3534637951031319,11314.532241801746,8000,1080p
1.7782371372167127,1.4111797119123597,10520.553940499385,8000,1080p
1.4800825323295588,1.3035074006470928,12054.373240284833,8000,1080p
0.9879788431132283,1.099777176052665,16072.008267233148,15000,1440p
2.282547911701299,1.796879125136671,8225.280584012746,8000,1080p
1.1062129496650137,1.0223131266376775,15764.162992207725,15000,1440p
1.169581129063391,1.3891832372767867,13113.529499393955,8000,1080p
1.2709177774913296,1.4376909310726875,12388.069156651665,8000,1080p
0.9038064604150426,0.7357626016060055,20465.397144441384,15000,1440p
0.9600910149296783,1.282050785884783,14965.34785971668,8000,1080p
0.919042629615573,1.18722811271476,15930.730710751883,15000,1440p
1.1223057606398361,1.110366939939061,15028.81814755018,15000,1440p
1.3557965506217973,0.9837465040866689,14342.301558618363,8000,1080p
1.4960646753554163,1.9146453651174238,9837.960894309332,8000,1080p
1.0302815523738424,1.535249661636805,13078.941241001305,8000,1080p
1.5933114861223667,2.328367884391028,8556.138539089014,8000,1080p
1.242909056035682,1.1845588874697528,13822.811580178906,8000,1080p
0.6693324304571788,0.6809547675290555,24849.848276753102,15000,1440p
1.074527919851921,1.509126095276054,12987.200222448502,8000,1080p
1.3732561562874603,1.332336545051597,12401.878517558529,8000,1080p
0.962369199953593,1.016110937927975,16959.701215867637,15000,1440p
0.9166324050559097,0.9562436503642181,17915.991772596502,15000,1440p
1.1314588725896113,1.1117662790239213,14958.12044362314,8000,1080p
1.6185630208028268,1.1788159520546062,11994.953964255055,8000,1080p
0.866450697929475,1.118966671203244,16900.442456921504,15000,1440p
1.1908860340679792,1.6414867721432167,11846.756869864545,8000,1080p
0.8795619878051519,0.8173219774359242,19774.146427998643,15000,1440p
0.7888684262654441,0.9403082228440703,19404.860699038327,15000,1440p
0.957341660635714,1.0415740951830554,16786.31623284988,15000,1440p
1.1923355221193295,1.4890875511350417,12513.665722759626,8000,1080p
0.9105145086692481,1.112337407936518,16587.685793778957,15000,1440p
1.1954032520853655,1.5204180743470161,12355.16919814402,8000,1080p
1.0753991325876782,0.9527816492784473,16544.103119410604,15000,1440p
1.382249172860178,1.6122461224929698,11205.37142004187,8000,1080p
2.4839543448103805,1.6741749820426164,8069.597976019436,8000,1080p
1.4449451811513685,1.4344504961925069,11653.289703814722,8000,1080p
1.2018097303390216,1.0954807429871773,14606.090257022324,8000,1080p
1.3319095281047784,1.2661420984016798,12915.229111563074,8000,1080p
1.059444333283073,1.3092733343705139,14165.652774160491,8000,1080p
1.0816443439512624,1.1381302502223627,15116.143813913504,15000,1440p
1.501788207015668,1.8379644955339884,10046.981015805048,8000,1080p
1.3134012538725712,1.5435679245306497,11744.765135602125,8000,1080p
1.0011596664460496,1.4100232204538996,13916.170433318244,8000,1080p
0.9958387478272157,0.7699593493696817,19002.417124169366,15000,1440p
1.0516134978268716,1.4565309191631297,13378.189777552096,8000,1080p
0.9064293547247579,1.2089744068183308,15861.951562156437,15000,1440p
1.5685032087676327,1.0554633543435439,12787.675144844561,8000,1080p
1.2021896311502203,1.3232131067459654,13286.764719338542,8000,1080p
1.1965011675840735,1.5685188430621204,12135.330619961127,8000,1080p
0.6937628544196115,0.8415823524841346,21854.649917895367,15000,1440p
1.0557631237306162,1.1125207725557504,15475.110089351716,15000,1440p
0.924669155430259,0.6390179666477717,21458.53318495615,15000,1440p
0.6422858936030837,0.7919840529849955,23394.78149132326,15000,1440p
0.9876191282448806,0.814815454458676,18616.1718832925,15000,1440p
0.9321730192281028,0.8849176379766572,18466.019770096093,15000,1440p
1.1382566865081893,0.8255096841715044,17086.773916179358,15000,1440p
1.3059605440586781,1.2109662416257045,13331.508961980453,8000,1080p
1.461077364311539,1.2453445766810265,12398.078618773721,8000,1080p
1.3756051849928308,1.923711682240817,10170.115011758215,8000,1080p
1.2687770454540992,1.1668746655473088,13776.367059559692,8000,1080p
0.8803408537907923,1.1448843937715631,16568.246934698993,15000,1440p
1.6732120409004665,1.5104048723118275,10539.720360432222,8000,1080p
1.7219970051999087,1.3439299107622038,10944.302626819253,8000,1080p
0.605115206219197,0.8862929081430401,22498.490974315708,15000,1440p
0.648866558386624,0.7961968163793132,23220.041823726206,15000,1440p
1.1656976378359352,0.8094632387294596,16988.202023496826,15000,1440p
1.7508097892743097,2.004718879676626,8934.676035737213,8000,1080p
1.3617120700740617,1.1247080716476472,13495.077294847446,8000,1080p
1.7871695865202524,1.8303671352837125,9275.491744909596,8000,1080p
1.3196108274941027,1.8932496769616234,10443.787383070428,8000,1080p
0.90118764059298,0.9739679918200226,17894.21177634265,15000,1440p
2.381372596297351,1.6403064863872459,8343.388746374405,8000,1080p
1.3289173737648068,1.4574445403678813,12042.38108115417,8000,1080p
0.5859769147653366,0.8668462083091666,23096.02006401936,15000,1440p
1.8216755311085393,1.4145564641394666,10368.364211611037,8000,1080p
0.7576573453593732,0.9988142354510602,19103.3161974178,15000,1440p
2.199907489560663,1.6187106471334074,8787.06139206928,8000,1080p
1.291540676976145,0.9244373772836727,15142.04165311911,15000,1440p
1.9543284506715868,2.3380163504272753,7817.273204941481,4000,720p
0.9780921917793628,1.407908258967142,14063.045122016583,8000,1080p
1.1975187977634152,1.022455718267618,15114.782515607463,15000,1440p
1.090981399193441,1.4436211866369686,13238.537744569763,8000,1080p
1.453339664828729,1.5220778185265578,11277.218134163042,8000,1080p
1.0561431569064685,0.9426106650189026,16787.676217012802,15000,1440p
1.4768089457491436,0.9846479624889937,13631.939640177414,8000,1080p
0.8326113173533582,1.0182417911702555,18129.170729688893,15000,1440p
0.7680740226573672,1.0333510945317543,18626.603837053808,15000,1440p
0.7474083430990314,0.9982163779688592,19222.019254787472,15000,1440p
0.804571236382113,1.1641885359881656,17043.436416624005,15000,1440p
1.5008589671432275,1.5798340089859224,10891.845523068223,8000,1080p
1.9689497033600163,2.051309512352941,8346.335447439405,8000,1080p
1.3546753946724368,1.2401208732265725,12931.432195703293,8000,1080p
1.3938650521772005,1.7208720968578992,10772.797316266215,8000,1080p
0.8570563212342754,1.2165417756253956,16181.743246589585,15000,1440p
1.5636908440234645,1.144178663920716,12391.450881056151,8000,1080p
1.333143989212364,1.4433870720860036,12085.019493464337,8000,1080p
1.2759359785280278,1.4590731327370745,12268.490025058492,8000,1080p
1.640080520256752,1.248280705547009,11617.117589114087,8000,1080p
1.3897419701593468,1.2456769164278236,12732.105765339076,8000,1080p
1.5559395541057126,1.1389389742322755,12451.185330677601,8000,1080p
1.5560265885052333,1.6083422030596328,10603.831035574845,8000,1080p
0.7945152725985526,1.1442451758949121,17307.157274677145,15000,1440p
1.4954718477366176,1.2498348437671702,12222.471210172876,8000,1080p
1.4039042596888722,1.8360529183127599,10356.44305048994,8000,1080p
1.3990511459744428,0.9942910103639324,14019.9059758909,8000,1080p
0.8063212467278696,0.8180342299450484,20657.074440828543,15000,1440p
1.006105754604964,1.1836465952057353,15323.391251481351,15000,1440p
0.8856578296808926,1.263744338249135,15611.053389936073,15000,1440p
1.0860266375376486,0.9146236020456209,16771.763167853518,15000,1440p
1.4244620196488778,1.2734123812497073,12437.358829167131,8000,1080p
1.5812855795150702,1.379753612017472,11331.978345964837,8000,1080p
0.9628501949332561,1.1465559392015217,15907.051495212958,15000,1440p
1.063609508646834,1.5942524904152724,12624.595261845998,8000,1080p
1.402109370779605,0.9437947561297206,14303.411471553693,8000,1080p
0.8725128737966353,1.2637986474880667,15706.713026488547,15000,1440p
1.1745321215285727,0.9974351743317045,15448.866133460677,15000,1440p
1.0844317617859742,1.1035557849853017,15335.750904759449,15000,1440p
1.421204508735834,1.3306182893279621,12193.52933030759,8000,1080p
1.1110819198764457,1.0493621201828272,15531.266433116878,15000,1440p
0.6054933696958291,0.7726722559210639,24347.169437621404,15000,1440p
1.0246658892992782,0.7989854670422272,18399.587115880964,15000,1440p
1.4269310801165445,1.081836865521762,13374.864765127864,8000,1080p
0.7826803254091117,0.8043915749660555,21142.351516694413,15000,1440p
1.401221979808957,1.412812366604799,11923.959649875002,8000,1080p
1.4443657004306563,1.1945544172744793,12715.213232441341,8000,1080p
1.475142126041445,1.0082310338376763,13511.635118756487,8000,1080p
0.6864327205063134,0.9098722257927332,21020.063915603518,15000,1440p
1.1929703681745236,1.3362439620971207,13266.741216192686,8000,1080p
1.1154626843530269,0.8958863100015673,16682.55091194008,15000,1440p
1.5204506335013088,1.245798334726784,12129.939273504051,8000,1080p
1.9226407650825634,1.9636363848413563,8634.081076965107,8000,1080p
0.9956494933835063,1.2130475795757314,15191.957471580015,15000,1440p
0.921644810775545,1.258841505824424,15388.508400420236,15000,1440p
1.3317759043619037,1.1769897851623388,13374.876793042877,8000,1080p
1.4996083273978227,1.204974301900369,12406.51020845571,8000,1080p
1.6080011277540782,2.0752206621738534,9110.07642595874,8000,1080p
1.385568517220402,1.0424004203972055,13819.959341376323,8000,1080p
1.9594533035610862,1.5338154540997253,9605.453896558754,8000,1080p
1.5507052106039614,1.4113627941239286,11328.04241713636,8000,1080p
1.048396381554216,1.2652931044325255,14502.56493069973,8000,1080p
1.6140801517617136,1.9213135826277472,9491.002847464917,8000,1080p
1.160369951529945,0.9832621245759545,15653.074225757362,15000,1440p
1.0283701212960767,0.7428006378618928,18944.775271669503,15000,1440p
0.9197922721143349,0.7005772788846579,20707.888505626983,15000,1440p
1.1078906161776603,0.8765945604777028,16908.381274256935,15000,1440p
1.1085861690849061,0.9017183950544225,16691.218136076637,15000,1440p
1.2658172897521889,1.5637114987202565,11858.664289510467,8000,1080p
1.3886605048751208,1.5687979190980366,11345.698633667265,8000,1080p
1.4656167223723797,0.985541477923553,13689.2151620197,8000,1080p
0.9304143291978707,1.2348486066215085,15496.70086016705,15000,1440p
1.4848433696593197,1.1090947669066153,12935.710195626358,8000,1080p
1.585166733288617,1.5012208021120337,10871.749453084874,8000,1080p
0.5568067100227733,0.8094859498458261,24558.744246805098,15000,1440p
1.2211558329022707,0.9928679601626245,15155.407139301908,15000,1440p
1.5831365855611872,1.259894755231262,11802.343336337348,8000,1080p
0.843811104487366,1.1075177552546287,17195.682743316047,15000,1440p
1.3655108309988824,1.4915630959352766,11744.334538800775,8000,1080p
1.1938641120794626,1.0853023522931764,14722.238381669133,8000,1080p
1.2392334395009084,1.454207147745853,12457.832617091208,8000,1080p
1.0837771370919187,1.112628396676857,15276.974804568312,15000,1440p
1.2047977903953973,1.6859873955877744,11607.376488124612,8000,1080p
1.0932565454247523,0.9949159550537421,16068.802741301864,15000,1440p
0.8432155828952205,0.7312819962743026,21311.199486059842,15000,1440p
1.2794906455484822,1.1258920337037859,13949.727122185255,8000,1080p
1.5532262757218804,1.473512271743589,11086.002796012166,8000,1080p
1.181342466535437,0.9191697581179483,15974.40453151229,15000,1440p
1.395061751922736,1.029889555085714,13837.157019616427,8000,1080p
1.7692319386502533,1.3205843363967025,10859.685176423662,8000,1080p
1.3314248428047983,1.2769015311545993,12864.353301410249,8000,1080p
1.321894920583279,1.0546168865394263,14119.194316406567,8000,1080p
1.1916622677694322,1.0649100459999683,14869.646230813825,8000,1080p
1.090094806790591,0.8168707623887523,17595.719892541136,15000,1440p
1.4640761384264829,1.2513835189679596,12356.81476932579,8000,1080p
1.7864532858039348,1.685137565420401,9665.433928703396,8000,1080p
1.133205226741313,1.1671600683563454,14586.566782027328,8000,1080p
0.7588813186318586,0.791287136553189,21645.668177394644,15000,1440p
1.1247744746299462,1.4112346164452385,13231.19547090189,8000,1080p
1.483742915492068,1.086676801120744,13054.067311706036,8000,1080p
1.3831445202178396,1.927161888157419,10136.352307177796,8000,1080p
0.7515492669048779,1.101773411449451,18105.01343985867,15000,1440p
1.1999711866660583,1.0948077851244449,14622.075769597595,8000,1080p
0.978994254939445,0.997083424130156,16980.32033629289,15000,1440p
1.1357571189127176,1.6680464725214745,11967.46879935208,8000,1080p
1.46494667127924,1.1522466558862035,12820.769353076868,8000,1080p
1.179396773304692,1.236383548409799,13889.686780868493,8000,1080p
0.961656777458261,0.7729313286164017,19344.322656479522,15000,1440p
1.6478141447569208,1.4213275059948776,10932.839151226764,8000,1080p
2.173962492796045,2.1002783685998776,7850.38398351783,4000,720p
1.4968628392334073,1.472609294578799,11299.79689586204,8000,1080p
1.6458814190710251,2.27007792858787,8568.636449216481,8000,1080p
1.4125762946271545,1.3788931641681959,12020.347166714233,8000,1080p
1.5152811726670627,1.8186091522551862,10064.6478227452,8000,1080p
1.013173557334717,1.1984127300522591,15172.11071137771,15000,1440p
1.4949184480253568,1.589443008312762,10878.890971435367,8000,1080p
0.7737197029026157,1.077367949503703,18126.873655270167,15000,1440p
1.0918122881809484,1.1827194811063104,14752.237121099666,8000,1080p
1.0934384013458978,0.8663954265444656,17121.05971561845,15000,1440p
1.4600221457458424,1.577837662421084,11045.418195333728,8000,1080p
1.0594316134273267,1.537568542716048,12920.458214307297,8000,1080p
1.2143476107299753,1.1919965476030738,13944.153368005438,8000,1080p
1.3503828797765265,0.9324091775185512,14698.85611909797,8000,1080p
1.5556860752996293,1.4520912878805645,11155.889531837593,8000,1080p
1.4587417354217598,1.7858287079396469,10341.717828520093,8000,1080p
0.7612197783306397,1.1346684010792427,17698.52904006407,15000,1440p
1.3230351090933548,0.943558775201101,14803.901233698425,8000,1080p
1.6320413222504409,1.623561474068021,10306.672557826898,8000,1080p
1.546093222884817,1.86039871489646,9850.142789962021,8000,1080p
1.9629818234303678,1.6807468415404918,9208.817418974404,8000,1080p
1.3601754904584435,1.5915488027733247,11367.73921498681,8000,1080p
1.017970762473828,1.2545346893249942,14765.391200025366,8000,1080p
1.3136779686122113,1.291444280867603,12880.17558742208,8000,1080p
1.2771888814743397,1.4269694645182607,12408.456793858113,8000,1080p
1.1450774651259976,0.8957006227817021,16441.979752145202,15000,1440p
0.98940665717762,1.353880199051352,14319.387278943223,8000,1080p
1.4730917968092045,1.105803054753462,13011.16715932326,8000,1080p
1.412658608971194,1.8178076555450409,10386.869650540928,8000,1080p
0.8933090747518772,0.7931594089225255,19896.269823491213,15000,1440p
1.5042985449698643,1.3782962991233547,11640.356628250078,8000,1080p
0.9847362184377603,0.8245931180842617,18545.231828551405,15000,1440p
1.0246281811853375,1.0909278827595943,15860.809633865334,15000,1440p
1.2914138640095758,1.0628716665883124,14252.490432406728,8000,1080p
1.0725736089213944,0.867407465212362,17296.267704561385,15000,1440p
1.991382965338895,1.3350707587058797,10087.148291724845,8000,1080p
1.0207085512793828,1.2740421817402796,14622.255706111368,8000,1080p
0.6038963571301813,0.8101369805776707,23729.59045957978,15000,1440p
1.4270529066692081,1.1530389595011596,13005.13072420358,8000,1080p
0.948257199965954,0.7191199125800553,20124.0809577648,15000,1440p
0.9603532100345791,1.1153438636949127,16165.380018439468,15000,1440p
0.871976398453863,0.9418673196816311,18499.07556230458,15000,1440p
1.042909998082792,0.7809347418605597,18397.636194099614,15000,1440p
1.1075772273113655,1.38578326723921,13457.513293138196,8000,1080p
1.5516114718379768,1.0914389207387851,12695.34326482785,8000,1080p
1.2319094034546014,1.4201534200730854,12652.20103472775,8000,1080p
1.7045995684388775,2.003791830427052,9048.244478795132,8000,1080p
0.9740692624693486,1.2837084329494446,14861.70762873801,8000,1080p
1.2435894755856483,1.7637742293073417,11157.424007414478,8000,1080p
0.6641268616857968,0.764077156505283,23494.144794872536,15000,1440p
1.1051110412125527,1.261174080694415,14180.215092997241,8000,1080p
1.1380296173085036,1.5969096822101585,12268.803189125783,8000,1080p
1.5315349504875364,1.1792336159099657,12378.198720443494,8000,1080p
0.9551183741445197,1.063501029485758,16622.465799969938,15000,1440p
0.7276381095368367,0.8415915038678314,21382.742024093506,15000,1440p
0.9891199975309013,0.7673629172520633,19103.192930371355,15000,1440p
0.9673718701906442,0.7170842586407742,19920.039130540128,15000,1440p
0.8685784038840711,1.2174365240561633,16085.422760196736,15000,1440p
1.1233771685923881,1.1860484882649303,14529.340617814514,8000,1080p
1.775476844916625,1.6440848412343612,9812.495015338773,8000,1080p
0.8244770578101438,1.0724736459397555,17688.6156997488,15000,1440p
1.0937366637975066,1.3927380055634258,13494.781351874411,8000,1080p
1.4276296123473828,1.5713198213696729,11188.728833753916,8000,1080p
0.7601348779878995,1.1013103991992268,18026.010439965707,15000,1440p
0.9091796135581253,0.7424960052163722,20315.388577871337,15000,1440p
0.9607214476572988,0.862516458036139,18403.759539673534,15000,1440p
0.9561793391660581,1.2210379634322894,15411.613696049206,15000,1440p
1.0637224516756247,0.8715353861740698,17338.48138668852,15000,1440p
0.8949384119797498,0.6530394515214007,21676.299636551656,15000,1440p
1.2446673692116994,1.1414838872305386,14062.156332046528,8000,1080p
0.6896378127907131,0.8420449730271652,21906.906776446413,15000,1440p
1.1434062226065265,1.487126496887645,12755.755422214337,8000,1080p
1.153739394834259,1.4590036960135069,12842.60672912639,8000,1080p
1.014613050950324,0.8991583029505454,17533.14570813566,15000,1440p
0.9261082262898926,1.115664790067795,16433.967797193072,15000,1440p
1.315247018334255,1.0400750487458372,14246.218158010824,8000,1080p
0.926877160098478,0.8230724910720391,19174.512808157597,15000,1440p
1.541524943276097,1.3835586068718941,11471.273016561307,8000,1080p
1.1886734244937283,1.0066136682499978,15284.758021358752,15000,1440p
1.148891060532799,0.8275872710121424,16976.87825080871,15000,1440p
1.0437095847662383,1.1125672623614045,15561.281959084967,15000,1440p
0.9118168210060783,1.1354220361586873,16390.091406563937,15000,1440p
1.1597695222429396,1.4797555217290783,12712.299160271092,8000,1080p
1.0515017763905627,1.0334021685915558,16093.994200911631,15000,1440p
1.5859325530925785,1.750741369984183,10056.251456857764,8000,1080p
0.9413760531534497,1.2287589705722892,15461.909804300085,15000,1440p
1.7893938465189796,2.266402286054653,8273.204792152066,8000,1080p
1.6043509605332342,1.6573772360310801,10287.317022719424,8000,1080p
0.8425836540844188,0.7815397166494932,20660.02657472835,15000,1440p
1.7109711907082374,1.2586997989200608,11299.040236171035,8000,1080p
1.2978517799469984,1.1976079771601522,13446.19239177706,8000,1080p
0.6481459775829186,0.8916104108334137,21792.03947613515,15000,1440p
1.3493545960793363,1.999580196993745,10019.434259933578,8000,1080p
1.0190294764141814,1.2795760118690735,14597.734222352608,8000,1080p
1.4793156639075702,1.053884082900286,13245.869001164521,8000,1080p
0.9517308745167681,1.064752753126757,16640.071627664,15000,1440p
0.961012366451138,1.0423299770209211,16749.225168298344,15000,1440p
1.8061730261290017,2.3903895216527697,7995.694480411422,4000,720p
2.3399972292154954,1.7827328573240036,8138.886440699451,8000,1080p
1.296951639497146,1.2016879844166295,13429.080239847312,8000,1080p
1.783756874667066,1.589000854810702,9948.663583730193,8000,1080p
0.8457142821755473,0.8447177049464317,19849.619656764553,15000,1440p
0.9398449889532386,1.1280356697740728,16226.483795564518,15000,1440p
1.462265807363551,1.9333526691334,9881.684951430712,8000,1080p
1.7840510592876224,1.531660622420736,10119.828025189363,8000,1080p
1.9038920181477654,1.4581875102635387,9980.261239047964,8000,1080p
1.3130759905105882,1.6320797194143473,11393.092693511684,8000,1080p
1.1342749948026456,1.096180289564344,15043.75910836646,15000,1440p
1.47766830492809,1.3961148136009005,11676.048823467088,8000,1080p
0.7299038412824806,0.8096298659159161,21795.191520074917,15000,1440p
0.8825968592255181,1.023756598624121,17601.369704991273,15000,1440p
0.9747908275880854,0.7873372958315943,19041.993345456904,15000,1440p
1.1866786696428335,1.5034052701549394,12473.377318672983,8000,1080p
1.1270125331683774,0.8392647319039537,17064.954468039214,15000,1440p
0.8508335407027798,1.1851317921447173,16480.846436157553,15000,1440p
1.1361620080668426,1.1899066185305982,14425.383506024591,8000,1080p
1.5139397514109438,1.1014243608706105,12829.736342420123,8000,1080p
2.7661732611783667,2.4249226224919984,6463.843618368177,4000,720p
1.0943425848778419,1.5141387313704437,12863.589166228152,8000,1080p
1.3071685152885146,1.3456944003208753,12648.38518513958,8000,1080p
1.572138211637313,1.10320966498708,12542.081832863223,8000,1080p
0.8866992846742203,1.2718081090510314,15545.201326408343,15000,1440p
1.1629848747555187,1.5563494569067793,12339.208022092876,8000,1080p
0.9785310111069369,1.0180354437686558,16806.06819675872,15000,1440p
2.37224120529817,1.6363786578376716,8370.569708685527,8000,1080p
1.0322167028182296,0.7014028148721094,19355.130498705847,15000,1440p
1.5334012994646233,1.0704414004238494,12886.50501101207,8000,1080p
0.9896493553922971,1.444425423509381,13785.292173784688,8000,1080p
1.1072886234238999,1.270822423409619,14109.699395525746,8000,1080p
1.447816704115618,1.7819308111821577,10389.181148392758,8000,1080p
1.451946093317848,1.056935146247501,13374.260794350366,8000,1080p
1.049596105105491,0.8435397539874916,17724.259903922695,15000,1440p
1.3324572611259076,1.71225690684885,11020.552389756604,8000,1080p
1.0771469869731838,0.9441395859873458,16600.5317844929,15000,1440p
0.8519320900003913,0.6904034147024904,21755.59850479094,15000,1440p
0.8367702563686824,1.136090915147002,17008.00466067323,15000,1440p
1.270476589296879,1.0419117784852852,14510.725130563775,8000,1080p
2.1161283721938906,1.7039295014813716,8783.749647153229,8000,1080p
1.708778456126414,1.3978289806186184,10800.98875806364,8000,1080p
1.1775010175936622,1.159749840847814,14356.367387270848,8000,1080p
0.9406969085966053,1.1508371016888448,16042.976989611818,15000,1440p
1.5793212418989304,1.4621914907119877,11032.152402398775,8000,1080p
1.5265176039525845,1.0467895858525873,13039.419519338631,8000,1080p
1.191056336873442,1.3750992145913414,13075.75917634722,8000,1080p
1.2976015359413817,1.2624272426014778,13107.05265551695,8000,1080p
1.4923096100261384,1.1374867047589248,12759.327333205443,8000,1080p
1.1080183515111883,1.0980656176354453,15209.952326964081,15000,1440p
1.3748475231609214,1.6832248475247236,10972.412661534501,8000,1080p
1.6279930323263423,1.2220790969982247,11773.186950167468,8000,1080p
1.2937195030429043,1.916580488066962,10452.117276553818,8000,1080p
0.8671046104994444,1.0177936892222774,17801.720127263008,15000,1440p
1.2268222758261988,1.1318025748817762,14226.2691711775,8000,1080p
1.7687213130293895,1.2786485827346408,11010.94817752254,8000,1080p
1.3005214694082492,1.0114759390537127,14513.178897688222,8000,1080p
1.1480871632878344,1.1202450823740182,14792.556101149772,8000,1080p
1.6406498797648552,1.5913574372694301,10381.917090085615,8000,1080p
1.0187595326782188,0.6859258544942517,19683.650867481243,15000,1440p
0.8295392855155965,1.112776535951948,17275.47684528846,15000,1440p
1.830851051401647,2.061265148184206,8621.128013487987,8000,1080p
0.7860759986908936,0.7838365251212547,21373.440552293498,15000,1440p
1.7280183609334199,1.9734976573808203,9065.051139581858,8000,1080p
1.3019576647603015,1.241372521109141,13193.108856422175,8000,1080p
1.9638156179070008,1.3544634298587457,10111.998272897745,8000,1080p
1.6331319142358927,1.6066100536467445,10357.13101001368,8000,1080p
1.266588995691495,1.161036990417264,13821.91169150582,8000,1080p
0.8082360584843177,1.02043768078806,18349.05334909615,15000,1440p
1.28980831875852,0.9983099610569812,14664.640502197119,8000,1080p
1.498929114667659,1.1368033103942172,12730.591193911605,8000,1080p
1.2108695125318143,1.412552406073728,12790.329974004171,8000,1080p
1.3934982250118435,1.128851445268166,13302.847101399338,8000,1080p
1.3127712432698682,0.9854161979374154,14600.389593275817,8000,1080p
1.413380147066458,1.505403743153911,11496.031656343914,8000,1080p
1.0480478110334859,0.8423817186420057,17749.633865357522,15000,1440p
0.6368084442034166,0.942650092027466,21244.262657297808,15000,1440p
0.9374200838483168,0.893741494818696,18324.124092001657,15000,1440p
1.3024099399289086,1.3723983906759438,12544.61174510114,8000,1080p
1.2216838353614152,1.6582678258684216,11651.03999893912,8000,1080p
0.9973009040591844,1.1950199228767482,15305.43868750127,15000,1440p
1.5472512506911582,1.326823983079279,11674.862093286496,8000,1080p
1.5839921300056055,1.137999295139265,12327.163006479404,8000,1080p
1.4089051075697105,1.1216952350468599,13259.475008726842,8000,1080p
1.04623049517609,0.9461025628825248,16841.77846885519,15000,1440p
0.7141375528072526,0.9218802189105081,20509.821213475596,15000,1440p
1.5862924479496157,1.2464566353368978,11845.183252542312,8000,1080p
1.3332348909668912,1.6553524544099683,11227.5226126171,8000,1080p
2.297663522399085,1.6262421938564802,8551.283956949843,8000,1080p
1.5920059699562674,2.1835000318958073,8887.399989177575,8000,1080p
0.7277039100184937,0.7833481284397921,22206.00690511977,15000,1440p
1.1735845621917649,1.6848006170970977,11738.946956178945,8000,1080p
0.9148481176663327,1.117139744149319,16513.106515320396,15000,1440p
1.4728937408151086,1.2983821576374404,12107.936282611356,8000,1080p
1.5010226727028566,1.514488873845466,11127.276908757909,8000,1080p
1.534250644136774,1.3592336172418762,11596.548993846061,8000,1080p
1.1586896116236345,1.1208768807921972,14719.654860534378,8000,1080p
0.8628704804330846,0.9943611013617509,18066.90793378221,15000,1440p
0.7742816285453168,0.8080009761703734,21206.345756439114,15000,1440p
1.5639387199400192,1.5455116780546436,10791.113446170366,8000,1080p
1.1879090505809928,1.3078724536022162,13444.458957548575,8000,1080p
1.0695499973818938,1.590852254393904,12612.540820698327,8000,1080p
1.216647332714792,1.1121398477853,14408.543760874878,8000,1080p
1.0504571220204604,0.9130479939751519,17089.04740132848,15000,1440p
1.057739282876577,0.7965657094532936,18095.422348963213,15000,1440p
1.0859874690981675,0.8683428237011002,17169.273854901265,15000,1440p
0.6232346486903094,0.8774211421806107,22359.845744856895,15000,1440p
0.7329712442779616,0.7448404699250258,22705.48519646602,15000,1440p
1.1454674800135713,1.182620482652634,14412.871222259286,8000,1080p
0.8769391846370675,0.8652281934641606,19260.165482245833,15000,1440p
1.105633557926981,1.2862170784618814,14028.648565890126,8000,1080p
1.1666432745666084,0.8417596373871097,16707.022181798766,15000,1440p
1.1518657115033029,1.356739991771311,13375.729775388636,8000,1080p
0.7623806567202356,1.1125678230489637,17896.188808414863,15000,1440p
1.5486600315304742,2.2407794736748854,8854.72164258276,8000,1080p
1.1409569692353339,0.8072792150686494,17222.9795701015,15000,1440p
0.7719237474439395,0.7047667531566848,22722.724894859264,15000,1440p
1.4535332378141417,2.003949501663368,9704.873322106794,8000,1080p
1.0951214359741386,1.4978386148986524,12940.589651084509,8000,1080p
1.288571774310266,1.3717475152948866,12612.93414332239,8000,1080p
1.199112124383492,1.1299983786539873,14406.543595179543,8000,1080p
1.280275986556921,0.8847101195592524,15498.682372698546,15000,1440p
0.8171824707685601,0.6021955723840057,23640.236061051502,15000,1440p
1.1500577472585318,0.8192502075947474,17038.6921544223,15000,1440p
1.4423167418891623,1.4944565511405046,11425.611939348646,8000,1080p
0.8268652371737616,1.1824597284373892,16699.3555419216,15000,1440p
1.2772272001772595,1.9057595121305795,10541.80712418721,8000,1080p
1.33106931339542,1.196943926949164,13273.04440677151,8000,1080p
1.0225959412707863,0.9720763462088766,16822.027463166483,15000,1440p
1.452649878221014,1.6837737050286565,10698.310068576266,8000,1080p
1.0747748201255405,1.559492225809839,12737.67291428324,8000,1080p
1.0635133893165425,1.1637424380393822,15065.369495444973,15000,1440p
1.437782484297613,0.9591795086812454,13998.733437696172,8000,1080p
1.4354735192463655,1.6503707918814858,10873.663288520258,8000,1080p
0.7252733243140377,0.7736131528892736,22386.239725510997,15000,1440p
0.9345906115356875,0.760032477346261,19800.52804670448,15000,1440p
2.635274906440044,2.4168474161350417,6641.650747461946,4000,720p
1.5474849654193055,1.0898708689243277,12722.754951400326,8000,1080p
1.7487052169620136,1.5519835453565467,10165.887914990743,8000,1080p
0.8432034800712103,0.8896486873909311,19363.70143400192,15000,1440p
1.0455840439085087,1.094509594349594,15678.955070074006,15000,1440p
1.484848661290426,1.4427119092809266,11461.567127696151,8000,1080p
1.492824411155161,1.2230977412635344,12354.710524422697,8000,1080p
1.548460356239619,1.2753857707119205,11882.528470566283,8000,1080p
0.8459992207692565,0.6372962737451681,22621.54245333595,15000,1440p
1.1906488444510146,1.4769091146646496,12578.707759783336,8000,1080p
0.9924498635496357,1.076200493375261,16220.446286476148,15000,1440p
1.2314083935593163,0.9528452094538493,15361.96710570231,15000,1440p
0.6879047743737468,1.0291804065093164,19541.506952347943,15000,1440p
1.30539275550336,0.9965063850620342,14576.847181826715,8000,1080p
1.5459666195649893,1.1918042550837538,12256.11401987942,8000,1080p
1.439133335743594,1.313703631841786,12189.037126100458,8000,1080p
1.6291743602464137,1.475529100271458,10807.612522969599,8000,1080p
1.020527651632544,1.1062493274697756,15777.127705304962,15000,1440p
1.4908288888002366,1.6164779065347403,10798.557789779728,8000,1080p
1.9407853761301623,2.501323567411368,7553.716585178634,4000,720p
1.6857378122324893,1.3629356084781876,11006.240213219728,8000,1080p
1.5608780002039788,1.3209814471104426,11643.327030146827,8000,1080p
1.2372795582376601,1.3657042625299947,12890.757035172177,8000,1080p
0.46895664345231125,0.6722395235614992,29402.860761268166,15000,1440p
1.0744599420091583,1.1626950098115274,14998.707162725615,8000,1080p
0.7923799562460877,1.0328237590559524,18383.938033156654,15000,1440p
0.8093647523746127,0.8884422740343864,19763.395649840353,15000,1440p
1.9208158741646433,1.4696764427468045,9896.625287317047,8000,1080p
1.434955636034047,0.9912700729410997,13829.88889940236,8000,1080p
1.8584717822252144,2.0090124766364097,8676.03582952309,8000,1080p
1.311217786754196,1.277062126892131,12963.988872721673,8000,1080p
1.466699560865161,1.5046746919957463,11292.563354378204,8000,1080p
1.3658129373459662,1.1732294277070139,13215.388786669515,8000,1080p
1.101533473017893,1.2664016549180415,14170.334146463083,8000,1080p
1.6902407211250463,1.3881614037056649,10899.950896390848,8000,1080p
1.8781567817022886,1.4758374924335798,10004.320001006874,8000,1080p
1.353396085184807,0.9891511262574759,14323.90853687037,8000,1080p
1.1749613856044174,1.1270517786747862,14576.125158913424,8000,1080p
0.9956077346482317,1.2520207289789114,14928.816102395787,8000,1080p
1.7160315663964592,1.55032791776383,10272.73089894639,8000,1080p
1.1869603001724929,0.7927061899757597,16949.53779688779,15000,1440p
1.2218447089404576,1.3849395061873737,12871.96378022972,8000,1080p
1.3885621342703498,0.9640427510168559,14262.672074619823,8000,1080p
1.5178168467268744,1.3101416246088047,11865.249203660276,8000,1080p
1.0401224645924931,1.0639100062362732,15947.67783540104,15000,1440p
1.327162954891167,1.751888523207377,10897.652162906157,8000,1080p
0.9466696053395788,1.3110390530815406,14862.162075183596,8000,1080p
1.4943804249338088,1.945952754890732,9753.250701640269,8000,1080p
1.238571682261475,1.20803592512873,13714.676558123063,8000,1080p
1.6062397306604164,1.1226820730056948,12295.856903969187,8000,1080p
1.2356540826422897,0.9744164932831509,15182.51605424387,15000,1440p
0.910047295517207,1.1079024367412094,16627.982086772347,15000,1440p
1.2915047990807569,1.3494319247441138,12705.503958990388,8000,1080p
0.7154857722418602,0.962687524075768,19994.61680961532,15000,1440p
1.1783418964832457,1.2859286633436453,13616.3749821193,8000,1080p
1.9932615087078749,2.136086942643152,8125.841738790963,8000,1080p
1.7382214880404738,1.1899533165117522,11459.162870958147,8000,1080p
1.1846462899904795,1.2816137650764787,13605.390855300135,8000,1080p
1.2667519422741467,1.019345575228231,14677.603095715318,8000,1080p
0.6897320574999283,1.0318910604637734,19489.998507738124,15000,1440p
0.949875063393686,0.8382172449066844,18765.4920521941,15000,1440p
0.9649136802859783,1.2679945223874483,15027.233076498978,15000,1440p
1.1725647969919404,1.0845809190546385,14865.868765784002,8000,1080p
1.363326319121804,1.3427427664239655,12399.695255094579,8000,1080p
1.437325206958123,1.9233701802787073,9984.371724802024,8000,1080p
0.8942991641758372,0.669320879554605,21459.453742960948,15000,1440p
0.9997429869415245,1.1191657517805393,15835.713632592327,15000,1440p
2.142457894168651,1.5132208038549182,9178.71475360816,8000,1080p
1.0086934907183394,1.117473051976131,15781.65742250689,15000,1440p
1.5932890485821622,1.6518375982469977,10339.945293902878,8000,1080p
1.2146508245183023,1.0026995482078962,15132.670241349968,15000,1440p
1.1688695372752123,1.126302542626584,14619.571357558383,8000,1080p
1.322225565743626,1.4163224841806492,12252.635845088724,8000,1080p
1.0335443301347909,1.2643177738066107,14602.456754235101,8000,1080p
1.194737957323427,0.9442398983837481,15687.133885220355,15000,1440p
1.6315792732888807,1.373769946665305,11164.902826338268,8000,1080p
1.5323637565801007,1.9221929919646883,9713.093297464167,8000,1080p
1.3762788934442354,1.190930058963213,13070.393809796316,8000,1080p
0.6892012620528782,0.9607533261916783,20336.579102882897,15000,1440p
1.1173799881053075,0.9522157056783871,16213.03721339641,15000,1440p
1.005177900310272,1.1415205702834317,15630.715007087132,15000,1440p
1.6311039068766369,1.980173238835265,9291.56933852146,8000,1080p
1.0366204735853337,0.8410100948304471,17870.625118929005,15000,1440p
1.38737846014286,1.8977888974923942,10213.918606616535,8000,1080p
1.2068410514518646,1.1475696019918245,14251.73299777652,8000,1080p
1.2068044012585137,1.2238506553837885,13804.686892245405,8000,1080p
1.495214012716447,1.5532366980259302,11007.044293600738,8000,1080p
0.9480172472955386,1.320305683882473,14792.616844275399,8000,1080p
1.5064680231751473,1.360296483856145,11704.634935203534,8000,1080p
1.1243560814211495,1.2123444465002473,14359.748542466508,8000,1080p
2.174189261759712,1.632574530622981,8814.424490204035,8000,1080p
1.226885813316514,1.2509301792757808,13541.938586365852,8000,1080p
1.1936642128694972,1.5044656948562123,12436.181039290095,8000,1080p
1.4147900306630925,1.2706889048821814,12494.766410516242,8000,1080p
0.9833850078348303,1.1784080108151316,15521.574780991159,15000,1440p
1.0102477606825297,1.50665081321122,13331.658394199754,8000,1080p
1.0327471247192497,1.198844618858863,15036.09793169388,15000,1440p
1.103768569091687,1.0389608440717815,15659.668362166707,15000,1440p
0.7602166562846162,0.7960468917182912,21560.89310390846,15000,1440p
1.0176310798284247,1.372621555494481,14038.027405193945,8000,1080p
0.861361922957187,1.174443913861706,16482.137634712475,15000,1440p
1.0306167362906924,0.718629787553035,19182.22019745323,15000,1440p
1.571681114463234,1.2715538984735957,11801.497887907974,8000,1080p
0.9079952259406707,1.1617004250594047,16212.254194855424,15000,1440p
1.2238115805999314,0.9707205083013288,15290.016568771043,15000,1440p
1.9419059166405366,1.352723529186791,10184.584503880076,8000,1080p
1.8228209277934173,1.2769959742802812,10824.649668034566,8000,1080p
1.1689139280129361,1.3332855439503697,13409.974854511545,8000,1080p
1.759636815366799,1.7997774541939529,9426.953273449895,8000,1080p
1.2238385755495242,0.9502607972010013,15433.715873598348,15000,1440p
1.0540956297591497,1.2842363476580234,14349.729774923946,8000,1080p
1.4087678138437878,1.1067488016907714,13338.982455049108,8000,1080p
1.8519141644910033,1.3818584893413286,10376.249536353389,8000,1080p
1.6324114123499385,1.32290194816564,11353.933714205574,8000,1080p
0.8408207696806905,1.04218677722577,17819.595070198004,15000,1440p
1.2632793747394182,1.2327471837763333,13443.13901048912,8000,1080p
1.0730446278666146,0.9619809200060971,16488.45737345937,15000,1440p
0.9882392324643606,1.3313473989137048,14465.694682877753,8000,1080p
0.8652773401556988,1.263773172758053,15760.279897764593,15000,1440p
1.0711613399199733,0.7530420400861539,18394.019201898034,15000,1440p
1.5952041240171362,2.2091523849476093,8820.001995325865,8000,1080p
0.6696599550153521,0.7365376685251759,23861.8181671482,15000,1440p
1.290853763036523,1.538744104907396,11858.374781849046,8000,1080p
1.4707990065066656,1.781997133064505,10315.565611936448,8000,1080p
1.135171436583361,0.9402578672384083,16167.46566033913,15000,1440p
1.2301235054836108,1.6239137196261724,11756.830536332369,8000,1080p
1.0080569535156956,0.9984821774984791,16722.540558200042,15000,1440p
1.2709953494521156,1.436082151318322,12395.076236439618,8000,1080p
0.8819972039541996,0.8562566691827652,19303.52782096525,15000,1440p
1.0127096323487945,0.8279019612728697,18230.044902616795,15000,1440p
0.847462495717483,1.0993612966966546,17235.474587246128,15000,1440p
1.4254181763939353,0.9920103989073861,13880.216500633362,8000,1080p
0.8520221499476636,1.060328406200592,17546.172113748526,15000,1440p
1.290068942279561,1.178638083537695,13591.905256109494,8000,1080p
1.8493036961918676,1.8560869457323994,9055.572068529504,8000,1080p
1.298143464535769,1.0579966529187854,14241.271879980713,8000,1080p
1.435844928993834,1.4183736690886282,11756.083441731736,8000,1080p
2.7344137461299183,2.359293786131857,6587.428074242165,4000,720p
0.9806436922768037,0.7772519184029342,19087.841050484945,15000,1440p
1.1241812589903704,1.2575777021095267,14088.088907411753,8000,1080p
0.6447336328897443,0.949771449125762,21043.79119167567,15000,1440p
0.9048770668493578,1.3428782139492854,14927.973826438027,8000,1080p
0.9914225819452827,1.284490662852087,14743.282537989464,8000,1080p
1.927153522161729,1.3227768192698326,10324.66190805173,8000,1080p
0.7165450255659569,0.6916261311620235,23828.376145671748,15000,1440p
1.408003795664883,1.7198110121908032,10727.755337600589,8000,1080p
1.4261067727127188,1.0037558685728765,13809.188811696356,8000,1080p
1.9801777548215522,2.0803422561790343,8263.580011696968,8000,1080p
0.8623849952046211,1.227167482386025,16058.190622084718,15000,1440p
0.772666862435292,1.0595092772663897,18313.977173321004,15000,1440p
1.0277596882814668,1.125755856135702,15581.235105076166,15000,1440p
1.398878982256368,2.0430932414412135,9748.606269679229,8000,1080p
1.953728084616625,1.4008597609940836,10002.549804711214,8000,1080p
1.1275867909767552,1.450655477984502,13014.460434518698,8000,1080p
0.7030872393194594,0.9068929293690777,20841.518828975935,15000,1440p
1.0351366377243916,0.783409622176984,18451.23917926605,15000,1440p
1.1908487096447258,1.3618803181868182,13144.533412738814,8000,1080p
0.7017513967780046,0.907312149917164,20853.39144555039,15000,1440p
0.9596899323582672,1.0235188044759593,16919.263906411867,15000,1440p
1.4513239066233152,1.78326301488556,10373.63744250455,8000,1080p
1.087420722272942,1.3216979206110409,13928.094450272327,8000,1080p
0.9481594471904821,1.2242451355058441,15445.75640618158,15000,1440p
1.3256393998508942,1.6872550592262965,11136.94238406123,8000,1080p
1.0297735886836386,1.2100252947521433,14981.002199862045,8000,1080p
1.8420337622964147,1.6095464584199202,9721.46954563211,8000,1080p
0.7264459695181653,0.9708642140343979,19769.180863434598,15000,1440p
1.3710464368906903,1.1727995376301779,13190.433829752588,8000,1080p
1.149473424510346,1.0519064038804244,15242.454558388776,15000,1440p
1.6560758263018063,1.5045629022461295,10616.345264938145,8000,1080p
1.3488746476901945,1.4256213466169585,12093.883742794595,8000,1080p
1.3525466232853889,1.2534830298263335,12875.690788834434,8000,1080p
1.846350494288883,1.3137875486831463,10618.027296188275,8000,1080p
1.518515169149746,1.033360645733211,13148.928252818992,8000,1080p
1.5555600425184395,1.459994990077939,11127.116446987802,8000,1080p
0.5916930758476779,0.7783558434500193,24491.41160390126,15000,1440p
2.3125035138252907,1.8156141782210278,8128.264381766447,8000,1080p
1.488364532246249,1.280589784202974,12118.087973018142,8000,1080p
1.421410351622102,1.103814124495016,13287.702664594231,8000,1080p
0.9377466165293679,0.9491318543117943,17783.03823936344,15000,1440p
1.3614702098090152,1.6590585274232463,11108.794161232261,8000,1080p
1.772682712952848,1.2092389465077598,11252.620233513973,8000,1080p
0.7244860052359163,0.976185706804793,19730.105323934968,15000,1440p
1.6837276641479877,1.428583319503541,10781.195123577323,8000,1080p
1.1134177151420526,1.1468746289071838,14845.173496401967,8000,1080p
1.5360417193513223,1.1459496391482509,12511.014211012172,8000,1080p
0.8367257911839233,1.2306820606870748,16230.194719263225,15000,1440p
2.27465890006763,3.060075440738027,6289.803738368081,4000,720p
0.8463204658350529,1.1489685115373218,16816.82822915622,15000,1440p
1.1941044233723594,1.3054681451163506,13424.067947860245,8000,1080p
0.8723738382894395,1.304223286231253,15416.00492897325,15000,1440p
1.1061408507823804,1.5133469366702146,12809.539391909548,8000,1080p
1.5489389104848796,1.5201042256625432,10933.190089377811,8000,1080p
1.3873192173312272,1.9381840158416905,10090.031386914383,8000,1080p
0.7534057106062384,0.9145676868582482,20116.886786687748,15000,1440p
1.0465062744419626,1.1085565978155325,15570.047831064294,15000,1440p
1.059240825654341,1.134486875366495,15295.62305494236,15000,1440p
0.6006065887101498,0.8709959537572501,22801.28705386721,15000,1440p
1.0213769873183407,0.7808507066508839,18618.30894746698,15000,1440p
0.7444890142497201,0.5814464312411075,25306.23350790581,15000,1440p
0.9883057341721027,0.9664901850917924,17165.184185894646,15000,1440p
0.6224111278375021,0.8191300580323279,23276.776500668042,15000,1440p
1.1596892488313917,0.8429143515760331,16755.40381190438,15000,1440p
1.0048102944464425,1.2061815309781216,15176.18998593843,15000,1440p
1.1766722909628575,1.42758178828615,12884.46940233886,8000,1080p
1.4218149321206988,2.0175537202689533,9755.98587743323,8000,1080p
1.2840402880669926,0.8814795228006842,15494.862633722785,15000,1440p
0.9967245283049406,1.2420975375164387,14987.538541920501,8000,1080p
1.0122111611110507,1.3615561187592664,14135.518795184142,8000,1080p
0.8630837014868871,0.753335848145662,20758.491820782376,15000,1440p
1.5832416564730707,1.4238439445768005,11158.455877772505,8000,1080p
2.0739875219695327,1.8817569170370438,8482.456972985512,8000,1080p
0.9840909048244445,0.7393394848769138,19469.560360841973,15000,1440p
0.9162361204285858,0.8763093096379317,18718.87397506844,15000,1440p
1.2011018293181626,1.269264339064717,13582.776686892934,8000,1080p
1.858130593330631,1.5347028841884214,9889.796308110019,8000,1080p
2.22796744181582,2.0281946798887622,7883.729764166394,4000,720p
1.049116218444918,1.2552828468577093,14561.03350553713,8000,1080p
1.016284135669204,1.0337069846187288,16368.086509217215,15000,1440p
0.6828993486668724,0.7654359155054493,23167.586145308218,15000,1440p
1.5115211888319775,1.4994606204128986,11144.016844264865,8000,1080p
1.6174430750087678,2.054591256716071,9137.831776272831,8000,1080p
1.1506530487639355,1.5589022231593483,12383.741475102868,8000,1080p
1.126162611762814,1.1273126802711904,14890.082051759931,8000,1080p
1.1614698353765618,0.8111028949398646,17010.4916712589,15000,1440p
1.1528670658686453,1.6496473690250157,11972.973834574806,8000,1080p
1.2562125686215138,1.165086286024035,13858.029931175925,8000,1080p
1.606730598367362,1.3600676956909448,11309.98088653362,8000,1080p
1.5418973915341911,1.1993553803142738,12240.54649195075,8000,1080p
1.2148880835388167,1.5118938897098142,12305.506024753402,8000,1080p
1.208208908567147,1.0820351842417446,14651.028728927688,8000,1080p
0.9305306846838028,1.2133517337079394,15651.246407986888,15000,1440p
1.813041917230955,1.7539831920413966,9406.83930504904,8000,1080p
2.3007200849721228,1.603841839059636,8593.648315187298,8000,1080p
2.6102136750895917,1.7427053404510757,7708.489838704769,4000,720p
1.0969351978418003,1.1099894803243637,15204.15822613481,15000,1440p
1.0230669068077698,0.7350433181170164,19085.51097894644,15000,1440p
1.1596857222873567,1.6447889701782605,11964.605025727604,8000,1080p
1.1759521012731242,1.073319342963869,14917.91134679277,8000,1080p
1.0781471495623451,1.3549176398082667,13791.01458645493,8000,1080p
1.712948924756898,2.020283093658277,8988.038202416485,8000,1080p
0.9259831769424306,1.0770943187975832,16751.439757753207,15000,1440p
1.0005664393097935,1.471479254675447,13573.548450840384,8000,1080p
0.7607547445447829,0.8112524678802127,21344.960592285428,15000,1440p
1.210644905480679,1.2164795911042854,13824.767558158666,8000,1080p
2.0959942950044677,1.9868807679073668,8218.334257837801,8000,1080p
1.0564375237443309,1.4208858084270597,13544.631645070454,8000,1080p
1.2697794738061758,1.715115018935275,11241.413082303696,8000,1080p
1.1001207047576447,0.8171272441031465,17501.35240459519,15000,1440p
0.893378764046136,1.177990356421451,16199.156233643904,15000,1440p
0.9781786473308237,0.7658987384927262,19239.0729177167,15000,1440p
0.7778870224831494,0.799572316306229,21271.186632139346,15000,1440p
1.3513370618875817,1.2003757056601523,13149.768432693436,8000,1080p
1.6963383143628556,1.5178888342628216,10439.346831585015,8000,1080p
0.8984271123443662,0.603653440125853,22338.636862596133,15000,1440p
1.2717617021803034,1.0226434894774687,14624.457842930517,8000,1080p
0.8708982302211438,1.2271405396748643,15993.237342159871,15000,1440p
0.5976316726953225,0.6823495403584027,26214.78476230698,15000,1440p
1.7091080662897582,2.2365669370571095,8504.104360226802,8000,1080p
1.2143344502066897,1.0929886640117097,14542.58044451069,8000,1080p
1.0539462897775214,0.7053005421366545,19073.180290164615,15000,1440p
1.3283539707772727,1.4548378295315927,12056.097605733205,8000,1080p
1.97576064189938,1.342947528729241,10110.690749179132,8000,1080p
1.0105487541331086,0.9419127349807286,17185.70747084458,15000,1440p
2.0949972309420795,1.43326500220397,9510.186540210898,8000,1080p
1.1579570558973167,1.303936491637482,13629.52189122861,8000,1080p
1.2907475437590796,0.9634845878266458,14885.082831463476,8000,1080p
1.2063467909585368,1.097837410057541,14562.391316286032,8000,1080p
1.7978888920625915,1.237831994839141,11053.20062354144,8000,1080p
1.0236635524799014,1.3215293475324894,14307.749268651938,8000,1080p
1.206540598599105,1.294268089670834,13417.432591860106,8000,1080p
2.433988499722121,1.921033188228904,7704.768059556295,4000,720p
0.8444195005086009,0.9313538020254676,18895.673198891476,15000,1440p
1.0907345501519592,1.3737917720623283,13614.961908725958,8000,1080p
1.5775197064174427,1.4637176980368147,11033.151161055532,8000,1080p
0.7728021850787525,0.6543463928183566,23511.519767228554,15000,1440p
1.0285199951451534,1.0855981043045142,15871.597716671862,15000,1440p
1.1640690145328016,0.8367540069366801,16770.31483542024,15000,1440p
1.381794097034654,1.090426108100406,13572.59030983726,8000,1080p
0.9380817700483164,0.7901804412720734,19415.127970867605,15000,1440p
1.2545314024835663,1.7030153471466873,11345.359800042013,8000,1080p
2.00613296100102,2.0156530456713817,8343.166927412607,8000,1080p
1.905530431890893,1.7774451426965454,9110.685455403465,8000,1080p
0.7070220939100453,0.75570166720405,22939.691616442327,15000,1440p
1.417589358847845,1.024878250791329,13737.92301997282,8000,1080p
1.3169786882634293,1.0660023250641453,14080.864183279778,8000,1080p
0.9658445087344436,1.1617547603166547,15771.030046915346,15000,1440p
0.8453448463320173,0.8348514340916487,19970.542960337443,15000,1440p
1.4136434882403666,1.2846561956120246,12435.398558878374,8000,1080p
0.9306839968963931,1.0633986907841924,16827.001311078424,15000,1440p
1.5600995667966164,1.8935487429081732,9715.648204743859,8000,1080p
1.269181987101133,0.9931548915793944,14831.757514190414,8000,1080p
1.0860313986492065,1.3814746471360342,13598.52068338981,8000,1080p
0.8921169958871843,0.7210748671156587,20800.02557013943,15000,1440p
1.1725965298633187,1.3402134556240137,13353.350310525957,8000,1080p
0.5655850759372387,0.7477104849797849,25549.794729048073,15000,1440p
1.4363844926992748,1.247351115214015,12502.88288498355,8000,1080p
1.5016488384696898,1.0898498926071214,12947.886718068186,8000,1080p
1.143742704065518,1.548116534250925,12465.151045931283,8000,1080p
1.4545273178623195,1.1279244297998832,12993.246448990025,8000,1080p
0.7273513941081111,1.028883953758922,19105.8858032622,15000,1440p
1.4716123334537043,2.1090665275369993,9370.96938950737,8000,1080p
1.2808885259164038,1.344179143681556,12782.311248052134,8000,1080p
1.2235232255468604,1.5861798854774878,11942.34076488134,8000,1080p
1.2975802232370008,1.120826029743359,13874.605211034617,8000,1080p
1.2292633713851606,1.2995856537111983,13268.657664813123,8000,1080p
1.2539057559121392,1.0119593771876496,14808.662488263932,8000,1080p
1.7665762194563066,1.2414605068144247,11154.927633346992,8000,1080p
0.9915155631177914,0.9696354224270667,17109.560787170965,15000,1440p
1.0852032939095146,1.2976439879245623,14081.654437448113,8000,1080p
0.805608659471599,1.114216330222776,17477.859794575164,15000,1440p
1.515167579056002,1.6485158440489005,10606.128209588369,8000,1080p
1.064037185864582,1.3368793372179566,13975.676237555914,8000,1080p
0.7918434453019645,1.0022915039420504,18702.28993317289,15000,1440p
0.9137799765379016,1.150890988422265,16251.70914371209,15000,1440p
1.4724899879817357,1.612458433365869,10876.821073508368,8000,1080p
0.9145497538667563,0.7727509732121901,19886.456196868596,15000,1440p
0.9950235558582524,1.3834467778967308,14107.568012852325,8000,1080p
0.9715787026813919,0.7089902720203981,19966.1141584231,15000,1440p
1.5416146663548722,1.5270358297760338,10934.589013087985,8000,1080p
1.1826021915081906,1.5867181594579824,12116.486266492562,8000,1080p
1.2704831424961365,1.0354747815879592,14551.190049717623,8000,1080p
1.5135227069405666,1.8922477294242914,9852.229510751833,8000,1080p
1.6218842676139344,1.3966543958463544,11116.118009744165,8000,1080p
1.1497838538361869,1.1400853098138173,14653.42759868207,8000,1080p
0.8191250965026763,1.0846196235721846,17625.48919829994,15000,1440p
0.8659618493500167,0.9379525713855041,18600.900139330697,15000,1440p
0.6786490326462951,0.9244929709740055,20930.417844598665,15000,1440p
1.623824050137217,1.6703012103778332,10186.143314645426,8000,1080p
1.484810131396488,1.3808306411982587,11709.224799177298,8000,1080p
0.8192341231237593,1.1095014628246909,17397.11355172601,15000,1440p
1.7557798052628735,1.5925461385450308,10021.256162964832,8000,1080p
1.5364049448536818,1.9427680677553802,9644.370049547273,8000,1080p
0.6932430806900473,0.7604920843467698,23081.530121169082,15000,1440p
0.8516192236150399,0.8827773822295619,19346.458524496447,15000,1440p
1.050759429503779,1.532324289826112,12990.067549457808,8000,1080p
0.64031740291455,0.7801791880310771,23621.620927412965,15000,1440p
1.3501147841984047,1.0625351364188036,13907.708579376509,8000,1080p
0.6539753147957916,0.9402203276109142,21047.875873844416,15000,1440p
1.1130343201358963,1.3328595691288436,13718.67853600419,8000,1080p
0.973493962501202,1.0519782748038498,16566.226572744894,15000,1440p
1.616769575401596,1.5815688624527307,10491.207435355309,8000,1080p
0.8527490354393504,0.8353027630412252,19877.60803916238,15000,1440p
1.0548114109559286,1.264742881584768,14465.89636116969,8000,1080p
1.5760706368371111,1.1148314380383773,12469.58494450327,8000,1080p
1.059224354387157,1.3424803366023972,13971.089837100186,8000,1080p
2.281137800819957,2.161456938048339,7552.890590364233,4000,720p
0.9550254482064088,0.8059543874184231,19054.410119406162,15000,1440p
1.0934111749280324,1.0948726876153982,15333.674288947075,15000,1440p
1.5525856874968622,1.1238342861754878,12537.057834746143,8000,1080p
1.1671172077694019,1.4404736215917984,12867.982055382541,8000,1080p
1.3920196506480784,1.0012998308347796,14020.038803682939,8000,1080p
1.2588745923977538,1.760293364000501,11113.801048693256,8000,1080p
0.7729284836393382,0.7903538022285475,21464.090205161905,15000,1440p
0.9647555473788584,1.1990774424509976,15506.94168991222,15000,1440p
1.1881261714683415,1.3293924397328112,13328.37495250555,8000,1080p
1.5812976739275837,1.2211285882880336,11973.350539996594,8000,1080p
1.5543510605741402,1.7850786708833153,10047.952703995228,8000,1080p
1.8533510711211163,2.155107220910274,8370.907105782911,8000,1080p
1.385415111863041,1.1790455264621433,13084.401257144646,8000,1080p
1.5743203687950964,1.3223948780310337,11583.61424608956,8000,1080p
1.0331233213466893,1.1087857405048098,15665.666016182327,15000,1440p
1.893801330360087,1.3188527672774797,10444.458376229903,8000,1080p
0.9167666919238263,1.141980474697049,16298.47148985981,15000,1440p
1.1449199399312018,1.6038476524914203,12207.082218408597,8000,1080p
1.6261786856747713,2.2840679469810654,8581.154886695691,8000,1080p
2.0444328900363753,1.6921967274825191,8979.865663613724,8000,1080p
1.7026184678654916,1.3782168049069214,10891.342453958825,8000,1080p
1.249670580976189,1.0402828774651098,14652.888195745023,8000,1080p
1.2721331089507713,0.8944150182165922,15487.508252987891,15000,1440p
0.6313190125727268,0.7767349531573473,23830.359358848913,15000,1440p
0.8865119789441667,0.8482331077629515,19342.57214914083,15000,1440p
1.9268723977678825,1.3374650388758402,10279.09419637067,8000,1080p
1.830553891654164,1.999872677680841,8759.972653861718,8000,1080p
1.369171883362699,0.9831095471340789,14264.6332896118,8000,1080p
1.0745715428744904,1.348741491339267,13846.511584041687,8000,1080p
1.2178630161428958,0.9450411429620393,15513.600941932478,15000,1440p
1.2130567418221547,1.585128914219828,11991.495963660449,8000,1080p
0.7242284308839843,0.7926901742035678,22120.126872636873,15000,1440p
0.9057743255307737,1.0514538360700791,17143.853056229895,15000,1440p
1.100599261160976,1.0094044761603833,15902.546240319558,15000,1440p
1.048500782426677,0.712843279940031,19050.469875211715,15000,1440p
1.3498390267148268,1.9349648064637879,10215.048966114453,8000,1080p
0.7616749537583791,1.1118785585665332,17909.513541655906,15000,1440p
0.8800262087665331,0.9345096290711339,18492.01944668445,15000,1440p
1.2431087453634304,1.7156394652531466,11340.752781733852,8000,1080p
1.711221090866322,1.2824713181037686,11208.376618606457,8000,1080p
1.1098788569476934,0.8539801670776515,17085.96777543792,15000,1440p
1.446243621003797,1.67500978976377,10750.306874874483,8000,1080p
1.646831949738747,1.5898079554560507,10367.057498779903,8000,1080p
1.526796918463631,1.8522883147341322,9930.034220606534,8000,1080p
0.9960196634873587,1.2614373947587225,14863.818506505691,8000,1080p
0.9369977004938578,1.1819412421502888,15835.487906097305,15000,1440p
1.566335976308724,1.3776280535707743,11397.704475816387,8000,1080p
1.0056670159057919,1.3212343634493948,14420.220941765203,8000,1080p
1.1308764724063662,1.2545496730780146,14066.430882179542,8000,1080p
0.7267885115315736,1.0815578281087697,18555.312809532683,15000,1440p
0.8978052178345401,0.7559903517706723,20289.34689189546,15000,1440p
1.5740135737205831,2.0924228277608092,9151.783455576271,8000,1080p
1.1582547118744135,1.3371894341239798,13446.276509056197,8000,1080p
1.8559554458984528,1.459397616347147,10120.922680033498,8000,1080p
1.2322305217976972,1.1036620213501436,14364.715576677241,8000,1080p
1.696921189870972,1.8069175058890732,9576.477376257026,8000,1080p
1.0943507924137448,1.0017620754006447,16007.931879635426,15000,1440p
0.9810281517792062,1.2277101267816457,15191.674054683866,15000,1440p
1.9858356979777734,2.0333484209649413,8348.568019528007,8000,1080p
1.4917159842054446,1.1472227268650277,12715.123643924573,8000,1080p
0.7809128371407313,1.0593442516132412,18233.556716099658,15000,1440p
1.408092627933667,1.3059381321130699,12363.320450878817,8000,1080p
0.788988529766092,1.023777131098499,18510.077018998887,15000,1440p
0.9382723710393112,0.790145905654359,19413.3749060945,15000,1440p
1.4602875649479967,1.8583932381049688,10110.774127217102,8000,1080p
1.7682372112426512,1.9046776168037585,9135.641192596699,8000,1080p
1.134836124969814,0.8843427321541979,16617.860216599518,15000,1440p
1.7703072588523112,2.0647075759952465,8749.492099770141,8000,1080p
1.860495724068309,1.7390634076351907,9321.817137122647,8000,1080p
0.8148676637664745,0.9425603296561207,19092.919952101518,15000,1440p
1.0066063730414185,0.9433312253547059,17207.95169424879,15000,1440p
0.9814190289043165,1.00903026763166,16857.71753060755,15000,1440p
1.3295203886262028,1.192789766143354,13303.055509073823,8000,1080p
1.4621603607356215,1.0367166759486681,13427.804372688426,8000,1080p
0.7440393656395251,0.8675797787441223,20820.323534213578,15000,1440p
1.2390620653407807,1.5717862483172185,11937.475187457812,8000,1080p
1.0743961232235768,1.5420959787839474,12824.205345108858,8000,1080p
0.9880000868580229,1.1839738142917962,15448.819151204649,15000,1440p
1.1512491683339636,0.8931122016340436,16413.16084960317,15000,1440p
1.44095110374415,0.998548103765436,13754.639434482435,8000,1080p
1.37760608336154,1.5744142291135912,11366.599294117383,8000,1080p
0.8642745913898144,0.9298272102636087,18702.635474239327,15000,1440p
1.5441596679442613,1.2516408634959388,12001.72602539535,8000,1080p
2.410092799334185,2.403740499371188,6970.418358488669,4000,720p
1.152779494722345,1.1006487719405724,14890.392783476738,8000,1080p
1.291511588440592,0.9603269701435639,14900.904806025417,8000,1080p
1.4514472752489553,1.115237865430221,13073.06122913116,8000,1080p
1.0960495397324563,1.5677924228342959,12596.254759673708,8000,1080p
1.2558677107426643,0.9962023824027602,14899.372849064013,8000,1080p
1.293826230244345,0.9310813650564183,15081.269923690521,15000,1440p
0.8003214258383939,1.0055415129698482,18580.829850876642,15000,1440p
1.9233705983652016,1.2989466878934328,10413.137198838465,8000,1080p
1.2467598554993744,1.0252422906159708,14768.662105962863,8000,1080p
1.321619992317082,1.3369447779603005,12621.258046874324,8000,1080p
0.8345027237234289,0.9058297217589323,19280.472582754064,15000,1440p
2.2839188615113097,2.2047545358541414,7475.356086208943,4000,720p
1.3753208957463607,1.016217975949486,14030.477362137317,8000,1080p
0.8193426097738703,1.0706973479488693,17753.292390933824,15000,1440p
1.8762337785131535,1.742109941562819,9273.423034364318,8000,1080p
1.6336074240502065,1.1612593254244978,12005.735874995313,8000,1080p
1.1821265543380377,1.3860335281882572,13065.553128211759,8000,1080p
2.2836894095006715,1.6762343479263162,8473.504556007521,8000,1080p
1.4398206619253822,1.160078953718231,12906.049063626442,8000,1080p
1.1092984400665375,1.041020914228935,15604.394730006847,15000,1440p
1.0201660742976943,0.9918549160413854,16676.97909769081,15000,1440p
0.9684597248593336,0.8841580256583241,18111.902463756614,15000,1440p
1.1210056021726407,0.9379229452169044,16297.035680302104,15000,1440p
1.3716508592373016,1.2524921291974098,12786.815409024282,8000,1080p
1.4565844353030228,1.0764986143147524,13246.479228173404,8000,1080p
1.1850243495714312,1.5961749202114537,12064.734938111586,8000,1080p
1.0135692501299263,1.0404512594002255,16335.97709677954,15000,1440p
0.9294295537518662,1.2637984235401427,15299.108139879672,15000,1440p
1.6845919307727846,1.5184522329540304,10475.794364620517,8000,1080p
0.9210960878835482,1.1315744024227148,16346.721092577114,15000,1440p
1.3631442972437957,1.1131088284087218,13550.485470324473,8000,1080p
1.5897185163102183,1.498072944400117,10866.806397696599,8000,1080p
1.9519834605235706,1.9378586386284575,8626.168143769832,8000,1080p
1.1273620920766676,0.7730238852307363,17656.640493391875,15000,1440p
1.5902538271660789,1.3798269397761231,11297.48132558207,8000,1080p
1.547050239945797,1.2296447359942455,12084.306087182025,8000,1080p
1.5118302900706286,1.3192400816579877,11852.206972697779,8000,1080p
1.0032040328045528,1.1261998608124684,15757.6644339671,15000,1440p
1.4072892036395752,1.5082133894887135,11508.970041421442,8000,1080p
0.9528977887005144,1.1598147243666959,15882.157081223553,15000,1440p
1.1279528250812445,0.9649799840377649,16032.254764128938,15000,1440p
0.7639474361756601,0.795889979549749,21511.493224693142,15000,1440p
1.350825660197304,1.283901168456126,12735.450079714403,8000,1080p
1.2805664927256128,1.777943889092849,10970.84129564077,8000,1080p
1.2808718572066942,1.0487851046782206,14403.164306581542,8000,1080p
1.0840477609850816,1.4958498860992493,13006.10977258013,8000,1080p
1.0592923971071868,0.814990352135891,17902.545394258595,15000,1440p
1.7011630021742812,1.423054935129368,10740.106059617305,8000,1080p
0.8867914230691291,0.8982436332742895,18797.631946083497,15000,1440p
0.7320478061550018,0.8007193922961444,21891.407928031465,15000,1440p
0.9374320860396356,0.9321870965517528,17947.20139397149,15000,1440p
1.6794598672039764,1.437399020192734,10765.463953366725,8000,1080p
1.2293756327645466,1.4444536891800643,12549.20488926222,8000,1080p
1.06111193375631,1.1959510605573875,14866.413602338493,8000,1080p
1.5840764445222515,1.5812737483593264,10600.543369722296,8000,1080p
1.5132986339320726,1.0133933356838345,13279.985215253899,8000,1080p
1.1377428724018495,1.5113247715092488,12666.50629972591,8000,1080p
0.7477546438683893,0.9269387700098564,20036.16406557355,15000,1440p
1.7292575052398256,1.836324138585331,9410.647504905482,8000,1080p
1.358931634286131,1.8234149789917329,10543.92750934143,8000,1080p
1.3500688890127295,1.2093958305895178,13109.941208806547,8000,1080p
1.412120901253021,1.626378123791615,11043.09454221631,8000,1080p
