Total Network Latency (s),Total Computing Latency (s),Throughput (kbps),Selected Bitrate (kbps),Resolution
0.815955074612439,0.6095641701822584,23538.392850552147,15000,1440p
1.2695234962028188,1.816076024420593,10874.525931097078,8000,1080p
1.3973248818235424,1.2155675683581078,12841.872614262127,8000,1080p
1.3856581754550428,1.3204744622437747,12399.404054537878,8000,1080p
1.2161308159456072,1.5199973833704052,12263.472160547179,8000,1080p
0.9682052974739463,0.7914590210941717,19068.655109915548,15000,1440p
1.4290088703634056,1.1632847419333803,12943.916476448281,8000,1080p
1.243072942452737,0.9120330894657629,15569.736014394366,15000,1440p
0.9897543050913944,1.1288555363030968,15837.947763857324,15000,1440p
1.3586888513483708,1.1088656451365462,13598.253674964015,8000,1080p
2.1823711330044597,1.7107887450430845,8618.816861132314,8000,1080p
1.524089350896785,1.5372639743441239,10960.653160595073,8000,1080p
0.9106748455442957,0.9692424199168301,17848.88761674808,15000,1440p
1.3710355696969865,0.9940186115370064,14187.595475082355,8000,1080p
1.9560656219438928,1.343452568331948,10169.494473129374,8000,1080p
1.1295134414266952,1.487526213861525,12821.522185266458,8000,1080p
1.3294719118067486,1.8466961237233188,10564.438538718601,8000,1080p
1.00368348171999,1.0859514189535726,16057.557226472543,15000,1440p
1.3499975754602973,1.144415937485439,13451.832194564424,8000,1080p
0.8907063835314499,0.994213394344369,17801.517281448258,15000,1440p
2.2963687775667347,2.0338086843882692,7748.973868810153,4000,720p
0.9634148872616034,0.9049215756497887,17959.523172669225,15000,1440p
0.9411061514253114,1.1961758567021912,15699.580996986646,15000,1440p
1.4224020304341976,1.7597808788271145,10544.469930482113,8000,1080p
0.9546602555785298,1.2148512032657908,15466.353894196136,15000,1440p
1.3533653644615975,1.551241042911807,11552.144178578332,8000,1080p
0.9868718710373698,1.227236099259737,15154.830952303284,15000,1440p
0.9020170634979544,1.0537999897755097,17156.222226327216,15000,1440p
1.3279180615322932,1.2910824330627853,12811.922742759094,8000,1080p
0.8048160337223208,0.8517514786802892,20255.39662511803,15000,1440p
0.9876526250645682,1.1188804042109726,15928.747156430643,15000,1440p
1.1231577415116971,1.1984327115242384,14453.208987020509,8000,1080p
1.2239079854680293,0.8855582655584409,15906.598166086967,15000,1440p
1.3789070862466557,1.4298202680507235,11946.48955465948,8000,1080p
1.7223895341303446,1.4271312640298501,10653.821374858346,8000,1080p
2.2189687504940685,2.519540599744102,7081.221016966751,4000,720p
1.0971389023828062,0.8801795258241687,16969.66534137197,15000,1440p
1.4437956463848975,1.7746097372334766,10425.794143519475,8000,1080p
1.6206623179337232,1.244883159889754,11709.614193764686,8000,1080p
0.8903095067914248,1.0693158195425978,17122.88137384512,15000,1440p
1.0293840305479711,1.0020188062691022,16517.862135397598,15000,1440p
1.4203440565941867,1.230082083084652,12660.013987058666,8000,1080p
1.1879601972316816,0.8608572112546082,16377.463341055234,15000,1440p
0.8655083904946652,0.95790504354501,18401.98792747838,15000,1440p
1.7191826637900243,1.4783998925998465,10493.687468036342,8000,1080p
1.1230498042203874,1.1736776625427312,14609.670709990582,8000,1080p
0.9651469274261395,1.4180944452652315,14079.32590650997,8000,1080p
0.9297381121767432,0.6501331323026267,21238.713038958762,15000,1440p
1.2398747000392774,1.2873363243309506,13277.25768700366,8000,1080p
1.1187086840024105,0.8362692041508055,17163.586454523756,15000,1440p
1.0457691342473447,1.2692795812598243,14494.05007127423,8000,1080p
1.0735074174078478,1.25830581597109,14389.845430020829,8000,1080p
1.8546514678287633,1.2445257983504638,10826.883755948256,8000,1080p
1.1279108074465352,0.7795045216379537,17591.57090139633,15000,1440p
2.1918490610691137,1.6968648808926652,8628.670686708434,8000,1080p
0.7016493672097016,0.8486619864312498,21643.673008777518,15000,1440p
1.2840694741494718,1.2860894321910217,13055.391990441669,8000,1080p
1.0868442050488694,0.9203026224881061,16717.4775355999,15000,1440p
1.1613812705376423,1.0127531101920166,15433.467359427357,15000,1440p
0.7940846136942399,1.0860888252151202,17846.45570754582,15000,1440p
0.7721684649879248,0.962565167883076,19342.699861342455,15000,1440p
0.8456366211177896,1.152884532261789,16789.6306442682,15000,1440p
1.7774262085066932,1.3006898761386683,10900.963796453409,8000,1080p
1.45101047508159,1.1089738948589132,13107.280026393224,8000,1080p
1.0274615812590484,1.2131673120708097,14975.452695396545,8000,1080p
1.145209197811619,0.9831983889597886,15765.040591167452,15000,1440p
0.9071109935309448,0.8345836712789526,19265.392883121913,15000,1440p
1.3498790346195149,1.0358260490751716,14064.78622581255,8000,1080p
2.2319632009352155,1.5725069150659206,8819.738617179346,8000,1080p
1.2420634466936848,1.4454345258238612,12485.37946563267,8000,1080p
1.9731990917957392,1.544225244393723,9539.489351560745,8000,1080p
1.054671333635451,1.3252528327122064,14098.950073478265,8000,1080p
1.0131752358120747,1.3081025937909834,14455.155506197143,8000,1080p
0.8762591283361919,1.1959622283526583,16192.49405556546,15000,1440p
0.9489931354780559,0.6890843643495725,20484.03204581643,15000,1440p
1.4536728682554392,1.5340565117885627,11230.746741696474,8000,1080p
1.1162208134430824,1.4055012547787795,13306.157892197924,8000,1080p
0.9258065723578321,1.0266329472961637,17185.90084979759,15000,1440p
1.0664004871108868,1.3321658890369734,13989.369789252614,8000,1080p
0.9739430794457031,1.3448435029360692,14470.68576942261,8000,1080p
1.4539762441292128,2.145527243421858,9321.96124161247,8000,1080p
1.1020908305905313,1.0363037196885536,15691.412978779226,15000,1440p
1.042241011888043,1.2690049767968896,14517.897343801129,8000,1080p
0.7731908495189876,0.7648875720939032,21815.81350371815,15000,1440p
0.9940376340918388,1.3974503886182559,14030.775684996019,8000,1080p
1.0446079511435082,1.3357037342963751,14096.654738641557,8000,1080p
0.9364065280112805,0.6266585800708582,21467.072501650855,15000,1440p
1.2459810009871606,0.9604562216310764,15207.517193796755,15000,1440p
0.8243100957920196,1.1509264716173866,16987.551037498175,15000,1440p
1.15156096064522,1.1236260691663917,14747.98843362708,8000,1080p
1.2767030671302277,1.4261622739322617,12414.392789102041,8000,1080p
1.4391193670627627,1.785136382471685,10406.876689246796,8000,1080p
1.0501232992212768,0.7587783150754417,18549.616924879356,15000,1440p
1.9185793139252758,1.6516843349221055,9398.306483845434,8000,1080p
1.2989961260922416,1.183990779636679,13513.736992563621,8000,1080p
1.0278726340644946,0.771939871499066,18643.293063181256,15000,1440p
0.9657886081696458,1.0503837651431722,16642.640502441744,15000,1440p
1.0890849535638194,0.9304516779776326,16614.916251550687,15000,1440p
0.9795654717077169,1.0018808926925642,16934.31253192454,15000,1440p
1.551016313375437,1.1269925600707558,12529.619424606504,8000,1080p
1.3486834660014309,1.2164030618973578,13081.208620079722,8000,1080p
1.8636513472792182,1.4009085712732428,10278.39366933059,8000,1080p
0.7626892049624141,0.9350952698593451,19763.65816604766,15000,1440p
0.9392515757604767,0.9390204961550903,17864.52160031284,15000,1440p
1.1477499777659892,1.2819346093106114,13810.200788396462,8000,1080p
1.11305278464737,0.9369795939138963,16367.757090524026,15000,1440p
1.1717485813936204,1.4640874606421095,12730.090743461029,8000,1080p
1.2985084133626648,1.4697231271932234,12121.251964805639,8000,1080p
1.151008860711633,1.1731138313928287,14437.461547960238,8000,1080p
1.2418058950352575,1.6313145639126951,11678.741799877958,8000,1080p
1.654373994435132,1.6183221180218024,10252.84073039383,8000,1080p
1.3404425701111713,1.0265291976120003,14176.101488644517,8000,1080p
1.0541169059172217,1.3179018098693014,14145.93897454721,8000,1080p
1.0800246796924693,1.4632233837946114,13193.534866588312,8000,1080p
0.935470241628447,0.872225308554845,18561.992917777407,15000,1440p
1.4011976256778407,1.2757509315226427,12534.582298843565,8000,1080p
0.6900176221703588,0.5746812389925539,26531.55864246301,15000,1440p
1.2357490051599465,1.3094561931351016,13183.389701732907,8000,1080p
1.022462516245039,0.9525968267947913,16989.075350189778,15000,1440p
0.8728705742059464,1.1570786059039129,16529.69065865189,15000,1440p
1.1424396365748835,1.5426336069619508,12496.654264746016,8000,1080p
1.0997071989296856,1.520859040619388,12804.26783097602,8000,1080p
0.9594366451586236,1.4124487334471252,14146.73419831278,8000,1080p
1.3059158603617513,1.1913568231491416,13436.430959884656,8000,1080p
1.0217304625779307,1.0762442589417198,15993.725594412848,15000,1440p
1.7174845978310782,1.1889596483473768,11544.839383765617,8000,1080p
1.5067453741787238,1.1386749542756973,12683.969968433741,8000,1080p
1.3989738709380886,1.7844333934427818,10540.414472078515,8000,1080p
0.9183009035876623,0.9127594740396595,18325.136849654107,15000,1440p
0.8679511858212198,1.1439420832545966,16678.037804368007,15000,1440p
0.8402320456521137,0.6766779838142412,22120.251925425244,15000,1440p
1.5098033343572415,1.0636262222610877,13038.799493735873,8000,1080p
0.8770989434057516,0.9750791970469809,18116.201280616675,15000,1440p
1.0578564444455227,1.0934039210068702,15597.56900599234,15000,1440p
1.3515306533413898,1.4348115151262637,12042.46642057362,8000,1080p
1.4699199026254044,1.1549497479173032,12783.275540201555,8000,1080p
1.4741151889824617,1.198727695710516,12553.836288755263,8000,1080p
1.4903472096898949,1.1397670310357186,12757.78499672424,8000,1080p
0.9342866402940591,0.8349902139341296,18965.05451920211,15000,1440p
0.9485748985046639,1.3660286849885694,14496.837488413097,8000,1080p
1.0126699421723895,1.340294186362892,14260.49449418832,8000,1080p
1.3606131841881812,1.0134813261442408,14133.570442948243,8000,1080p
1.0696362064116796,0.8698041009762032,17301.090356935234,15000,1440p
1.4326271996976672,0.9752008311845997,13935.560002474562,8000,1080p
1.1364622477624744,1.248937740524629,14066.585128179953,8000,1080p
0.8331258227197562,0.7210924903824054,21589.265624483996,15000,1440p
1.907018604357616,1.546362872515053,9716.398904874648,8000,1080p
1.3205746875263527,1.491221289326315,11933.451884926068,8000,1080p
0.7132822357575388,0.9814376618748422,19799.396966352626,15000,1440p
0.9971807527502284,0.8845267397352777,17831.906464738942,15000,1440p
0.7882310756585911,0.8805224918144505,20107.48180800043,15000,1440p
0.9942949990292126,1.3543553032245117,14286.687110380692,8000,1080p
0.9494158336227014,1.1000190416776323,16372.52903441627,15000,1440p
0.7363242364064273,1.093149295052234,18341.031680981276,15000,1440p
0.9748334391215153,0.9829209445713912,17139.24498368706,15000,1440p
1.3653902686436183,1.0560766051079085,13857.068359566216,8000,1080p
1.3962009848945673,1.7567067178238618,10642.376867254774,8000,1080p
0.6067615688502022,0.8097817871060995,23687.543243141725,15000,1440p
1.765262741789042,1.96970831674341,8983.85328136498,8000,1080p
1.4042575923988192,1.2079097202035944,12845.43751777173,8000,1080p
0.756020475326115,0.9455021674608566,19720.238306697025,15000,1440p
1.0322904050775816,0.892285628791792,17434.71362497359,15000,1440p
1.269076956865991,1.3004221805847584,13058.74421631058,8000,1080p
1.9738164179963096,1.3330853209212703,10146.788338193286,8000,1080p
1.749980042977908,1.3801756313040923,10719.732656011354,8000,1080p
1.1569193657254169,0.9787240769597467,15711.626449128471,15000,1440p
0.959541613690232,0.9884228207188307,17225.38225405492,15000,1440p
0.7575297413878952,0.7140576699088841,22801.521501486248,15000,1440p
0.9923132102684445,0.8656174354508065,18060.110089314043,15000,1440p
1.6412045989054127,1.2595470232642094,11567.495728883849,8000,1080p
1.4843234154643008,1.9567562927776592,9751.134773086349,8000,1080p
1.7091269634994715,1.5496926011435035,10296.49888077682,8000,1080p
0.9983712934450126,0.9736651443960869,17015.11765002372,15000,1440p
2.256528056968616,1.578441109299074,8749.596292753562,8000,1080p
1.225302876197133,1.6185347919922017,11798.99695940241,8000,1080p
0.9370804963023498,1.1530581504086856,16053.687181374311,15000,1440p
1.335767553806047,0.9106052771882389,14937.16071394444,8000,1080p
0.8972824931379593,1.0187628141468708,17512.337454874163,15000,1440p
1.3559026096127527,1.1074843921901474,13621.258850291179,8000,1080p
1.686237461687988,1.4840629493958422,10583.991309684357,8000,1080p
1.6101476706661968,1.6830582262231535,10188.986978219118,8000,1080p
2.2035996715791226,1.4974766460386646,9066.12809908158,8000,1080p
0.9705988686579486,0.940878473287209,17554.187676561385,15000,1440p
0.8847508858039096,0.9693676072179943,18097.242504340633,15000,1440p
2.0097054832521524,2.0962810904328837,8172.075431285594,8000,1080p
0.9277616256768556,1.0431808362829464,17024.56192791911,15000,1440p
1.8238456919056696,2.0290810723492596,8708.816453844196,8000,1080p
1.643902251515604,1.2952912316471727,11416.203864161094,8000,1080p
1.731906619274777,1.206531794151483,11419.137405325118,8000,1080p
0.9412829799606991,1.3534324490926664,14622.480668046122,8000,1080p
1.0980365345319543,1.1844529910157018,14700.804373658195,8000,1080p
1.5305175176184813,1.1599459984918103,12471.617548083668,8000,1080p
1.505276762749402,1.8922843149941764,9876.03496514167,8000,1080p
0.7992732651557326,0.9842664660108402,18813.39193831853,15000,1440p
1.1646427803101564,1.0921430949304327,14868.239104174145,8000,1080p
1.1487449346370986,1.4713163562354987,12806.735520612527,8000,1080p
1.4253615445410543,1.5123261936857884,11422.055368026657,8000,1080p
1.6920445077236814,1.372045320451789,10950.86432892869,8000,1080p
1.2090678042472112,1.7378440841251512,11386.30311017978,8000,1080p
1.0855434167568225,0.9657608695609101,16357.60829039805,15000,1440p
1.043241032060923,0.9282663207935287,17019.683924291803,15000,1440p
1.9592418601967685,2.0141076202969517,8444.873063577232,8000,1080p
0.5870514635317771,0.7535798319392383,25028.829412945368,15000,1440p
1.178518218301555,1.1711978609487428,14280.206998756166,8000,1080p
2.0418707150946234,1.534789893286419,9381.497344582618,8000,1080p
1.2475988859591864,1.4374722259205166,12496.664185742919,8000,1080p
1.2411487751341033,1.4561617833832508,12439.958718896669,8000,1080p
0.773630325220029,1.0583284056948874,18316.150595402472,15000,1440p
1.2067784305527502,1.1885429529222513,14008.321485161652,8000,1080p
1.7239957281576892,2.0022779986686166,9004.822098396553,8000,1080p
1.1620188218053267,1.6310188939663388,12013.597886818912,8000,1080p
1.2867085998408334,0.9085715353961419,15284.806463380071,15000,1440p
1.832632361249932,1.2683433823105603,10820.60447253719,8000,1080p
1.6189918469446505,1.330567586411174,11376.082685617854,8000,1080p
2.4378235202419907,2.1091038444680867,7379.5839054797625,4000,720p
1.0634395639171843,0.7404413761473223,18601.245378644613,15000,1440p
1.0790232596375118,1.4438175502457007,13300.25734027717,8000,1080p
0.9080448555620628,1.0370460996764743,17250.829278513116,15000,1440p
1.401642284209095,1.001491029285056,13962.78425819495,8000,1080p
1.3900425208193048,1.4845313172054722,11672.837050189135,8000,1080p
1.2297483249028724,1.75041941975475,11259.242725565071,8000,1080p
1.1252849153591473,1.2821098804918782,13938.067847379536,8000,1080p
0.6289892531329323,0.933461125894551,21475.518487112084,15000,1440p
0.9803978682176432,1.0735065615327617,16336.900351336022,15000,1440p
0.9105837409248402,0.9396331224318347,18135.404916332533,15000,1440p
0.9102070487896047,1.2159434161845746,15781.776761696638,15000,1440p
0.7115896095268283,0.6992471707756248,23783.355004968504,15000,1440p
1.0166405123064526,1.3593567690065216,14122.251849319393,8000,1080p
1.593339161063694,1.404975992498269,11191.095759275915,8000,1080p
0.997595731416357,1.155749194610553,15582.469670528148,15000,1440p
1.1221322988882858,0.8640184855372617,16894.201720794787,15000,1440p
0.8060823353827493,0.8176221441370062,20665.356549317657,15000,1440p
1.2816068829507619,1.4209612891528702,12415.757850756385,8000,1080p
2.0814221896810836,2.051666994907993,8118.487286728142,8000,1080p
1.4785213658088001,1.88036718359027,9989.742590894579,8000,1080p
1.4319766645621403,1.054854023463302,13492.849417361183,8000,1080p
1.9750625799468924,1.6179107773251171,9338.903649838483,8000,1080p
1.411379925260881,1.0414190355658652,13680.057981062608,8000,1080p
0.8838488629144575,1.1127004167235843,16806.21277030695,15000,1440p
1.10659275262897,1.496432918289018,12890.549784000643,8000,1080p
1.0118417291123252,0.7293783245088155,19270.644126925992,15000,1440p
1.404420260481215,1.5317186297055068,11428.080637515799,8000,1080p
1.3375690863884593,1.1268311720242519,13615.658367773416,8000,1080p
1.1010177345177965,1.0881321517070663,15327.608315510923,15000,1440p
1.054805784896355,1.1482182107157923,15231.078765747321,15000,1440p
1.6658086510450603,1.9624094397064629,9248.184965929038,8000,1080p
1.0160461563832188,1.349094689154813,14187.075608331013,8000,1080p
1.744798233616528,1.7276190227065997,9663.133639512582,8000,1080p
1.1787013571590388,1.2844591843938649,13622.511173731922,8000,1080p
0.8744924378914762,0.9818894694807703,18075.17723952455,15000,1440p
1.3130412189979837,1.1700109044875757,13513.382052124747,8000,1080p
1.6876100065464938,1.5968262974594674,10216.192032427096,8000,1080p
1.4103641444666326,0.9974753405436589,13935.493710809624,8000,1080p
0.8419734511103854,0.5807084554438935,23585.33685247217,15000,1440p
1.1252225871546515,1.4242543111217238,13161.300666299483,8000,1080p
0.8308180551420856,0.8791875018141366,19622.411087205037,15000,1440p
1.4621159631373357,1.1585157084276523,12803.948133604741,8000,1080p
1.2637261484103837,1.373348454045677,12724.111774747975,8000,1080p
1.3142766297066624,1.608263583365078,11481.255877992713,8000,1080p
1.879359522283227,1.448348586771378,10083.34592469192,8000,1080p
1.360924489291642,1.028972990619512,14040.113553844749,8000,1080p
1.3429034361808232,1.4456707016680812,12032.827653592083,8000,1080p
0.9705354740043527,1.1464713812482734,15849.940172251305,15000,1440p
1.7720146131716326,1.3008963762478043,10919.42855342498,8000,1080p
1.6095556983249488,1.0900343675397584,12429.454539888507,8000,1080p
1.678005225114203,1.4530380085987007,10716.693924475117,8000,1080p
1.500280774723447,1.406575414191013,11543.203316339708,8000,1080p
0.6580811781497785,0.8000410798121725,23012.08408058989,15000,1440p
0.6959210391943567,0.7268010300479388,23584.671050945468,15000,1440p
1.5825781648268618,1.1638624095934618,12217.425096511382,8000,1080p
1.0295412396605663,1.4510575823978307,13526.746728097123,8000,1080p
0.717413428865921,1.0131932415626355,19388.826226869212,15000,1440p
0.7567348239780379,1.103993685262091,18032.954207652096,15000,1440p
0.7197551784184151,1.0378828923366392,19090.63791818388,15000,1440p
1.3810218674077792,1.955354150858555,10057.149378934733,8000,1080p
1.1965804382132719,1.01685547543633,15159.43235269645,15000,1440p
1.2310556962764276,1.0165051851450535,14929.264998943358,8000,1080p
1.3538948693198034,2.003287332633822,9994.820054888254,8000,1080p
1.2019194087204945,1.4921938726670416,12454.722016261552,8000,1080p
1.184814881289528,1.036191960168339,15107.757154847348,15000,1440p
1.394878650608341,1.1737520798740568,13063.159138370333,8000,1080p
1.0505768954634378,0.7408482102109419,18730.58041539977,15000,1440p
1.3551332416948747,1.7601367688052947,10770.95464820165,8000,1080p
1.0845206426467415,1.2174227944714842,14576.566677939913,8000,1080p
1.2407793597932417,1.0582193974664045,14595.237119656435,8000,1080p
0.8135375804994208,0.988116192344454,18624.239854383894,15000,1440p
0.5892501002089545,0.7316341348887014,25403.007400962164,15000,1440p
0.9444081903930681,1.2544038487493108,15260.254811542472,15000,1440p
1.3744133247217418,1.4839716461729113,11738.947812021876,8000,1080p
1.6291515964340515,2.1972335120917244,8769.225012201607,8000,1080p
1.3819716069427086,2.0510825335769143,9773.930333333235,8000,1080p
0.8747711911111271,1.3092215303172388,15363.802118376507,15000,1440p
1.1641212681814868,1.7249299427328169,11614.3431010283,8000,1080p
1.3685013118799012,1.0138246674942448,14084.73579623851,8000,1080p
2.730019934894342,1.9276985574246144,7204.048946997251,4000,720p
1.003792972804703,0.9588515663477077,17096.5405760591,15000,1440p
0.9026600238532188,0.8585651352768997,19051.756004083414,15000,1440p
0.9158741621581364,0.7513809266676511,20125.553806905264,15000,1440p
1.0738079646895498,1.237620250942306,14516.75279079671,8000,1080p
1.8708906202660984,1.382424103726809,10313.921291579643,8000,1080p
1.0903855154411226,1.3282616792731488,13873.223045233755,8000,1080p
0.5898243884613197,0.8372494085673359,23512.75180713463,15000,1440p
1.6018294587793762,1.7446767563297967,10026.705418476373,8000,1080p
1.0904048326885747,1.3866347068944396,13546.183443502305,8000,1080p
1.1084824042351653,1.069485397188727,15406.303058320276,15000,1440p
1.013496977287213,1.3277652803217432,14331.76992067001,8000,1080p
1.4567324599019784,1.2008539643006344,12625.904352317624,8000,1080p
0.8884639087034881,0.5971981053551797,22585.508468600423,15000,1440p
2.0950259500256836,1.4848471475063603,9373.078622013822,8000,1080p
1.175107610109208,1.2509934418240924,13830.59950172368,8000,1080p
1.0782832491312373,0.7652293967985957,18201.35710708715,15000,1440p
1.229218871392247,1.4161590845618635,12684.173134684605,8000,1080p
1.5600842116452998,2.1086149038261004,9146.138983842098,8000,1080p
1.1025227513866211,0.9361188364096018,16459.21097698808,15000,1440p
1.1540707908919539,1.232158560907729,14061.696112611055,8000,1080p
0.6534703625087163,0.8202426491205767,22768.633875942523,15000,1440p
0.8616223191976072,0.8537537665488294,19560.976906938147,15000,1440p
1.2712674065430025,1.2704648228830966,13201.403205079669,8000,1080p
1.7280515896248674,1.1846206620756035,11520.153694055454,8000,1080p
0.9869913864435438,1.3035882075227703,14648.882792978144,8000,1080p
1.0934028821971307,1.2568231887072119,14277.108238820872,8000,1080p
1.4500602026412455,1.3519682873903103,11975.050260685293,8000,1080p
1.3608811600916726,1.5968732074365322,11344.563418916168,8000,1080p
1.7985416168799728,1.5098723380374193,10142.150425319984,8000,1080p
1.067689368377625,0.9016114738465881,17038.753693977087,15000,1440p
1.9118031727207927,1.6004116691097745,9553.63880374454,8000,1080p
1.294208396452808,1.1154453557574324,13925.001452686885,8000,1080p
1.505505319255193,1.3796728525749076,11629.9340982176,8000,1080p
1.0880523940586477,0.8969674132409287,16903.827295127845,15000,1440p
1.491543744117736,1.2259336299844636,12347.639880933955,8000,1080p
1.2974969012008482,0.96537936776496,14828.222143730036,8000,1080p
1.3890553390665328,1.9473111801215588,10057.17801297368,8000,1080p
1.082108254733609,0.7673559102481495,18142.785697245967,15000,1440p
0.9419818917803131,0.8876403334522245,18339.541101571045,15000,1440p
1.160794265556421,1.617057605137037,12079.273324111244,8000,1080p
0.6271071197893902,0.9236315670470548,21637.708715742483,15000,1440p
1.0513606173981707,1.5411809671446886,12942.678412588173,8000,1080p
0.7872564516724057,0.92055246764951,19647.650050523665,15000,1440p
1.24903842368451,1.674746835774558,11476.366771959147,8000,1080p
1.0849652977170474,1.2533916039265853,14349.576823116508,8000,1080p
1.8735690647620868,2.175400869188014,8287.152670275551,8000,1080p
1.2821831413459466,1.2169157769072612,13426.612190066291,8000,1080p
0.9544278820599995,0.9790574722565552,17354.376088284756,15000,1440p
1.232800426386596,0.9408033420276456,15437.234921836616,15000,1440p
1.3465947998880212,1.0130389776566453,14220.186335404684,8000,1080p
1.0678386217420957,1.074230180131861,15664.497783939252,15000,1440p
0.9958510706980409,0.7921653937035672,18766.2880449088,15000,1440p
1.4749674100863173,2.089255905897476,9414.233908836417,8000,1080p
1.0269096398432982,1.0836450044708998,15898.395282204669,15000,1440p
0.6364234495653481,0.8061857934247297,23259.5431944219,15000,1440p
0.8746165821745666,1.1431434381384935,16629.54546735144,15000,1440p
1.1598971330824404,1.1479356980117863,14539.368514005686,8000,1080p
1.4021510139094375,1.0893806642776247,13467.391281340457,8000,1080p
0.7636667651038637,0.9426937212183789,19664.327830469534,15000,1440p
1.1795074704341755,1.4044316298926327,12985.767348679441,8000,1080p
1.5791379526924634,1.4780253285160532,10975.675459092821,8000,1080p
1.0297012176368017,0.830972335325781,18033.486823400217,15000,1440p
1.0211021202863158,0.770174924746412,18732.128619103103,15000,1440p
1.3384196214464164,1.1447166742621075,13512.923981655937,8000,1080p
0.9622322387381258,0.8142953388419557,18887.650506223254,15000,1440p
1.3503343928115403,1.4771729925039865,11867.142124636961,8000,1080p
1.3913494685631174,1.0695445597156488,13635.057671893788,8000,1080p
0.8892516660960511,0.7382137885697978,20617.600148624595,15000,1440p
1.3398269679289023,1.710255639876384,11001.15515367775,8000,1080p
1.0045862053691574,0.786139020032373,18737.90100459224,15000,1440p
1.2451894523637066,1.3970226080051773,12699.371296986437,8000,1080p
1.5542450562823436,1.123176079982922,12532.369878429014,8000,1080p
1.1245078892757525,1.231376495970204,14242.817775837877,8000,1080p
0.7058858504151758,0.8577906413425992,21458.679066205357,15000,1440p
1.4658849899129294,1.1965905860791723,12602.71917705642,8000,1080p
1.5325891705338566,1.575601227280456,10795.487954533146,8000,1080p
0.8972137404655132,1.2360890146774177,15728.865450113695,15000,1440p
1.197275764816694,0.8087289416807317,16726.99565026821,15000,1440p
0.7204647898058282,0.8221566559237045,21751.565876961813,15000,1440p
0.9854278265202542,0.9823371265021695,17052.05286254411,15000,1440p
0.8428090536868851,1.011274245530399,18097.586022248983,15000,1440p
1.2529684614101415,0.9351702298886513,15334.691595843686,15000,1440p
1.1057674517303415,1.3863783947911477,13464.07235629284,8000,1080p
1.0471744647641212,1.4563018709942803,13403.135280619714,8000,1080p
1.714871495497677,1.2701617999423098,11240.890361678246,8000,1080p
1.2037720618079648,1.5426134438296555,12217.670072581368,8000,1080p
1.249965523519076,1.083125064448208,14381.967066797202,8000,1080p
1.1703510269147381,0.8620801799533964,16509.50442337753,15000,1440p
1.153000025201534,1.0274865841958671,15388.506334039399,15000,1440p
1.1773918024542762,1.5523238370497554,12292.281113243203,8000,1080p
1.0148535370922553,1.151714427043731,15487.36645027487,15000,1440p
0.8195574714140417,1.0643743567935866,17810.852546572063,15000,1440p
1.09566982648032,1.2642157837390273,14218.66884339414,8000,1080p
1.3211471715245973,1.746290653243779,10938.91185961812,8000,1080p
1.2607806915478013,1.1918602133654073,13680.93956713463,8000,1080p
1.0217311167849918,1.2235032196787152,14944.734923682381,8000,1080p
2.030534404130027,2.632473568468322,7195.877038422175,4000,720p
1.3582005415403553,1.9079309860607516,10273.447874478252,8000,1080p
1.0675329710919987,1.319688602239494,14055.85152834097,8000,1080p
1.1830105289079529,0.9649678145339959,15621.40144589723,15000,1440p
1.929765292207518,1.4555478566355942,9911.766068514755,8000,1080p
1.0790436949811102,0.8896413189985932,17044.083620146834,15000,1440p
0.7786193354651089,1.0999360437860193,17861.827428998244,15000,1440p
1.658711475637207,1.1775810106133096,11830.38497004864,8000,1080p
0.766726696509021,0.7171558621948181,22612.59275754919,15000,1440p
1.216304074064055,1.3191214126054231,13234.24102834784,8000,1080p
1.9538899846422766,1.3553030897808187,10139.762547958817,8000,1080p
1.0644577596423639,1.5326023449829356,12920.15996866626,8000,1080p
1.077443238813919,0.8758394958292786,17178.4818474471,15000,1440p
0.8782986617056382,0.9068183395069728,18796.769050547853,15000,1440p
1.3542763705955416,1.2673836891113657,12798.925579905761,8000,1080p
1.1218397177415718,0.8657030255770739,16882.37000829144,15000,1440p
1.5266700201495118,2.1354222998806263,9162.639569863126,8000,1080p
1.5285968935725112,1.3064069479467812,11835.762445393379,8000,1080p
1.010734006815348,1.3126568598385537,14442.009083182968,8000,1080p
0.8935933625553708,1.2150591612174457,15912.736509078399,15000,1440p
1.1105179704847632,0.8366550290141974,17232.38356768202,15000,1440p
0.8727515146599193,1.2378659506355962,15897.922078126041,15000,1440p
1.199412764503383,1.7355630284873205,11432.609454611022,8000,1080p
0.9753260854401535,1.3491225615938696,14435.436998281366,8000,1080p
1.1296735246771323,0.9542165484865048,16101.824387051121,15000,1440p
0.8518029512320536,1.107112341783262,17129.08777609796,15000,1440p
0.8170611905874903,0.9675867580991928,18801.709336955002,15000,1440p
1.96539689692663,1.5193505894966681,9628.942163163696,8000,1080p
1.0208348427269824,1.1942553616364135,15148.110868759562,15000,1440p
1.3079456845985376,1.5031807972590188,11936.293943568011,8000,1080p
1.2800902826771612,1.5084386859870031,12033.022563891149,8000,1080p
1.6125435438874751,1.5729592934895207,10533.480493657122,8000,1080p
1.934989799131759,1.6694177841119255,9309.277939595178,8000,1080p
1.7545551018389298,2.534139100305145,7823.927381724934,4000,720p
0.7794537325304907,0.6427741562182243,23592.86599949984,15000,1440p
0.8595127350443471,0.7875140676155016,20372.72978546046,15000,1440p
1.0503455632627112,0.9781233132970244,16541.753431735175,15000,1440p
2.003985469467241,1.6094585531546648,9285.997455594452,8000,1080p
0.8818086108955367,1.0363498748603415,17493.044630656466,15000,1440p
1.2150789981713812,0.9830484041228358,15265.007826652249,15000,1440p
1.0163422650845593,1.344532389229539,14212.712199135589,8000,1080p
1.159763412306333,1.0719254155314255,15035.443822385516,15000,1440p
1.0686935007500973,1.3264573674276352,14009.31876392769,8000,1080p
1.6075554266684835,1.5599145328007327,10593.449165851864,8000,1080p
1.226955134527146,1.287403973819405,13345.123172188987,8000,1080p
1.540654429527873,1.1350700338162276,12540.31663561648,8000,1080p
1.3115606846294166,1.0069235891016814,14472.572611416255,8000,1080p
1.0161339336994033,1.0892419362926435,15937.501934097285,15000,1440p
1.3785012775139218,0.9378941478569021,14485.623496095615,8000,1080p
1.4561067372120113,1.4884233749021474,11395.513281373129,8000,1080p
0.8897200554958543,1.179189022678751,16218.41788697888,15000,1440p
1.1152221030537968,1.2914137418519713,13942.46332324275,8000,1080p
0.9194546922680441,1.1712408218147008,16049.411200234676,15000,1440p
0.8794633984858337,1.06631293552651,17244.752859547905,15000,1440p
1.515171418290087,1.7887206207721529,10156.031614617747,8000,1080p
1.2485365907160408,1.1029798036451244,14269.274107746847,8000,1080p
1.0313275881892576,0.8348340185621479,17980.4535033872,15000,1440p
1.4102503069427117,1.4079646615395314,11906.271301252376,8000,1080p
1.7310180105344468,1.382348056249589,10777.54150338646,8000,1080p
1.983763424112704,2.55007510432889,7400.888185476158,4000,720p
0.9674390622134911,0.681717966928367,20346.414202569973,15000,1440p
1.9457977305049354,1.9592339310970681,8592.614582344922,8000,1080p
1.07493203247052,1.2201557168830348,14620.108538094502,8000,1080p
1.6637055410995687,1.7857933743294223,9727.335135522739,8000,1080p
1.0758337568505305,1.0970478775704997,15442.365321910718,15000,1440p
1.147024210564785,1.3838156632093586,13258.220066669637,8000,1080p
1.487743384440288,1.397791243041533,11628.49743005255,8000,1080p
1.4489004278933102,1.021492313084397,13582.630584770972,8000,1080p
1.1732797543799636,1.3994229984100388,13042.483032138649,8000,1080p
1.349118464934244,0.903096477932525,14898.414605707963,8000,1080p
1.0464769012113297,1.085959231922799,15735.25766076927,15000,1440p
1.2462924677301281,1.5302835790703229,12084.823694516124,8000,1080p
1.5787286963535605,1.1414077106060567,12335.569611196393,8000,1080p
1.4943173966093464,1.3432527665173302,11825.05808526929,8000,1080p
1.3650075217824567,0.9325438741186494,14604.431509067443,8000,1080p
1.210451901781284,1.57965325282522,12026.224869912572,8000,1080p
1.5826020773312572,1.2981407011982344,11647.840359120242,8000,1080p
0.7401785317396384,0.9647605938413052,19680.721438407138,15000,1440p
1.2032676754309735,0.9097278017766908,15880.030204485993,15000,1440p
2.159350786282844,1.4841138803959364,9209.484671793653,8000,1080p
0.8582090957099398,1.1942726555338694,16348.224280028764,15000,1440p
1.0555024364354038,0.9340410386460349,16865.392699511885,15000,1440p
1.8857671366288307,1.5648989858533657,9724.044810183783,8000,1080p
1.5903393282974347,1.1584992518459818,12206.766975108938,8000,1080p
1.1914451268493584,1.493347973205017,12497.958222300414,8000,1080p
1.143963539892998,0.7640094505464543,17586.429246187392,15000,1440p
1.0835262678103033,1.5636442016270107,12675.584133096036,8000,1080p
1.1689727847356184,1.3197924938146257,13482.361028254994,8000,1080p
1.026118379687026,0.7325924096364724,19078.993660411314,15000,1440p
1.2314709329073363,0.9646219208628188,15279.149942314705,15000,1440p
1.1991656473911143,0.8237402047156435,16587.243526462044,15000,1440p
1.0228186244789013,1.4169288036264358,13753.240033562717,8000,1080p
1.2433524712089052,0.8377012392013834,16123.770295858725,15000,1440p
1.01846256140273,0.9724094541605155,16854.13815538865,15000,1440p
1.4349275289285846,1.3841347684660947,11902.692619106123,8000,1080p
1.943245027948361,1.671414666053526,9282.87441710757,8000,1080p
1.3779965073539568,0.9856139859073323,14196.261226485709,8000,1080p
0.7125219180727412,0.8066671861889539,22087.067308389487,15000,1440p
1.1252691815340004,1.4038843167180215,13267.060312152082,8000,1080p
2.3327446120401,2.447520528483864,7019.366293209859,4000,720p
1.0614500533214946,1.021178074564319,16111.58110788741,15000,1440p
1.2305723540162077,1.292393682322688,13299.597187083506,8000,1080p
1.0282860954689164,0.9906395846212002,16619.944127166815,15000,1440p
1.1554417922145046,1.0963049771562294,14901.512219945147,8000,1080p
1.082114719394629,0.7821250653031493,17998.989333574213,15000,1440p
1.6427388574079576,1.5328911353131662,10566.228457632113,8000,1080p
2.017949257232958,1.3968095049574059,9826.296478547385,8000,1080p
1.1905457257722447,0.9325101243973437,15804.780640754077,15000,1440p
0.916151615133557,1.2073130557119733,15801.73782059635,15000,1440p
0.8107410107387807,0.9025449843106834,19584.839949054305,15000,1440p
1.4503565611736338,1.5483678681025033,11189.568361938384,8000,1080p
0.8603008799169337,0.6511804337482486,22199.70018592823,15000,1440p
1.354944202989468,0.9417650095978849,14609.786827214111,8000,1080p
1.6860528550278429,1.2799264197062032,11313.104001041533,8000,1080p
1.774647253824494,1.2405662909612534,11128.376647825215,8000,1080p
0.7579102211791885,0.7688598227654856,21977.397403807016,15000,1440p
1.0544493064207525,0.9716258862280347,16561.2965016035,15000,1440p
0.9591738338802485,1.3316897002740202,14647.06714290927,8000,1080p
0.8119827369845856,0.9630018614122904,18904.06938195721,15000,1440p
1.2816473271793438,1.3054299151192577,12970.015526164616,8000,1080p
1.3110415834347777,0.9414988640338602,14896.261702074133,8000,1080p
1.1754543052063324,1.3779218597558192,13141.202013412456,8000,1080p
1.1055162002043235,0.9455169725243233,16359.770503058204,15000,1440p
1.1152151508711958,1.110298286733063,15077.164412056296,15000,1440p
1.7420383123468979,1.7157709007300135,9703.957023742727,8000,1080p
1.2799984509258266,1.2955362464495226,13028.142091890404,8000,1080p
1.0550715518939113,0.9176808243196359,17008.942634961393,15000,1440p
0.70652313096076,0.7629668564974887,22834.06643555191,15000,1440p
1.3065483053454434,0.9719192000658472,14726.75468063918,8000,1080p
1.1543394559988989,1.525198732863227,12522.468289302118,8000,1080p
2.044308082578319,1.7072207177173095,8944.202160291517,8000,1080p
1.0008562502010228,1.08750549678969,16067.346592778411,15000,1440p
1.238180564271799,1.4589661619618424,12440.714357003557,8000,1080p
1.362852531781686,1.9503010875697848,10127.641472467574,8000,1080p
1.3541808979467949,0.9513868285574405,14553.652713935298,8000,1080p
1.3907863057856393,1.8892339280850359,10229.946648958075,8000,1080p
0.9700084967966004,0.6988743186139196,20105.924568314353,15000,1440p
1.1292129063676362,1.4567104852887554,12975.802805398265,8000,1080p
1.682510398928137,1.2891693360977219,11291.402503610645,8000,1080p
1.5528462837411803,1.219187034054953,12104.627958323743,8000,1080p
1.5243082023563568,1.1314890063581136,12634.410447415867,8000,1080p
0.8501238710618177,0.9442757981373122,18699.530865927933,15000,1440p
1.5109808536427924,1.797513450135983,10141.904116829224,8000,1080p
1.3107422603679098,1.364618554718383,12542.021177400595,8000,1080p
1.316921761935639,1.764409236962763,10889.590249147512,8000,1080p
0.8179124785797008,1.1219700702772828,17297.146169891017,15000,1440p
1.080400354045825,0.8012547172218347,17832.40324561429,15000,1440p
1.7348020101012216,1.8058346581436837,9476.948680145975,8000,1080p
0.9728929639653747,0.9044246503904463,17873.60420176625,15000,1440p
1.1731563451241904,1.568842936832026,12237.213999582584,8000,1080p
1.7079243654732414,1.3052537683702805,11135.89389990659,8000,1080p
1.110075705341404,1.0545869080792016,15500.998535276218,15000,1440p
1.7249198327026614,1.8035883565349713,9509.523628808625,8000,1080p
2.3963938047434175,1.8354508412452724,7929.03209048702,4000,720p
0.8967519517852538,0.8855282858555342,18826.686898810116,15000,1440p
1.1212141368003272,1.1695565479896044,14647.660816856058,8000,1080p
1.9556797847331222,1.9909605512549764,8502.024289882285,8000,1080p
0.8162232950697823,0.9371111990486223,19137.496075368967,15000,1440p
1.3743986304031073,1.446518303826846,11894.867088370896,8000,1080p
1.0992966057566653,1.6421210667106203,12239.81020367498,8000,1080p
1.1065732883027386,0.7947929861581151,17647.537168773335,15000,1440p
1.376348487611666,1.539016049568979,11509.515044197322,8000,1080p
1.3788314094477858,0.9344665418173115,14505.019546509233,8000,1080p
1.1886721481678824,1.7726896704333148,11330.743777823634,8000,1080p
1.2342659299995222,1.5338698087728295,12121.671466472648,8000,1080p
1.3647368901918842,1.0031995414416575,14170.326344804866,8000,1080p
1.1404399483771708,1.4248012769083256,13080.419755169649,8000,1080p
1.0203512693296297,1.3389532994954896,14222.170568130317,8000,1080p
1.1159578485893251,0.8357298826691679,17192.520843671715,15000,1440p
1.0456918001879867,0.9577546990542807,16748.35440461763,15000,1440p
0.9706118900511106,0.7865992078525127,19095.27662329864,15000,1440p
0.8922022847171333,1.2303374636212934,15808.62362001333,15000,1440p
0.5823224761254191,0.8654498063929053,23176.595107646222,15000,1440p
1.1225303589007263,0.8619080085717732,16908.780111290103,15000,1440p
1.2618322217333569,1.4598372225232812,12328.621343347824,8000,1080p
1.145666854141398,0.7895519273657046,17338.831309744008,15000,1440p
1.0997387952012363,1.4015975273271883,13414.602305891513,8000,1080p
1.2064419116795781,1.2920793493381575,13429.716418075266,8000,1080p
0.9332651340113449,1.34649611407404,14718.397388401994,8000,1080p
1.6394728870276152,1.5134454039248884,10642.341127674175,8000,1080p
0.9045311774983105,1.1355432819475004,16447.650645611782,15000,1440p
2.17071524115429,1.6134486405597732,8867.066292277303,8000,1080p
1.5885410063420038,1.2384966240915347,11869.11402903904,8000,1080p
1.1587498255365458,1.0325885941655504,15312.300326738941,15000,1440p
1.324478534627986,1.2292961823841932,13139.151146134545,8000,1080p
1.4336024057988188,1.143985352446489,13017.765114946918,8000,1080p
1.0152052198071926,1.455603523460135,13580.343720019611,8000,1080p
1.4210348635981422,2.041152571728656,9691.685567807157,8000,1080p
0.9635237257275807,0.755181758508814,19523.08426763875,15000,1440p
0.9761495728326696,0.9581493865358671,17347.076488607552,15000,1440p
1.5992288967054338,1.5661620504350016,10600.40688822736,8000,1080p
0.7612868259491591,0.8885191208074307,20338.411354357046,15000,1440p
1.1475243035833107,0.9344294970344995,16116.799513054937,15000,1440p
1.6436332526723136,1.43909747124825,10884.64579135412,8000,1080p
1.637230757360034,1.1184521763551762,12176.448745052803,8000,1080p
1.8188714382735445,1.5025016027596705,10102.578537688698,8000,1080p
1.0297069232405436,1.1503109040158703,15391.815415669684,15000,1440p
0.9144063238926157,1.319670562768321,15019.372072798547,15000,1440p
1.117443859063191,1.5669438447378234,12499.845664055123,8000,1080p
1.5094182025308194,1.3839086587407774,11597.179858639636,8000,1080p
2.1563553844719436,1.45068052319913,9302.494585274264,8000,1080p
1.1811444425904039,0.9127551348239191,16024.852558323306,15000,1440p
1.6357342239811794,1.2726897942581925,11536.980780509553,8000,1080p
1.7182308021070907,2.505425853920874,7944.403329307418,4000,720p
1.1807646514178292,1.5672999475863165,12210.204961033152,8000,1080p
1.341303428220668,0.9112987219406932,14895.853667544616,8000,1080p
1.1543669258312965,1.2471229667102213,13972.339464851568,8000,1080p
1.112631246836938,1.3572616437329086,13585.379401719085,8000,1080p
0.9370743211021656,0.9809353422002857,17494.401953233955,15000,1440p
0.895719334859082,0.9209388585051927,18470.41569105548,15000,1440p
1.8793912877809453,1.8119205431180623,9090.110382743775,8000,1080p
1.2748540013980603,1.5358141387678832,11938.240420663438,8000,1080p
0.7918397831634347,0.8528421700046296,20401.77551371915,15000,1440p
1.445727216918662,1.4837382475319028,11454.114208611534,8000,1080p
1.2151746280679045,0.8995481065577238,15867.05975709869,15000,1440p
0.7935276070373054,1.1468485838939937,17292.745683451867,15000,1440p
0.6711344860634484,0.9561087195362338,20620.416102849424,15000,1440p
1.3250423547599646,1.747888780371613,10919.356967159389,8000,1080p
1.1399429956309488,1.043560612576437,15367.243669245658,15000,1440p
1.7843352965935388,1.6768628678709263,9694.45562074361,8000,1080p
1.5654424730763163,1.0589813166716482,12785.447278399493,8000,1080p
1.0174637195191003,0.7145120468014123,19373.499706225422,15000,1440p
1.0035008631345534,1.398910640142935,13966.979409740332,8000,1080p
1.0909620814178294,1.2773772727159975,14167.915565576483,8000,1080p
0.9134259740971304,0.966926121336878,17844.760075242837,15000,1440p
1.1610320667412253,0.9752474826275874,15706.948095774276,15000,1440p
1.2168609006468796,0.8179956489246518,16489.826767919032,15000,1440p
1.4066218101451669,1.0609051691490627,13598.405318995683,8000,1080p
0.8033903819861037,0.8730369181492053,20015.441169021604,15000,1440p
1.1081829073286233,1.5369405480870777,12685.393542331532,8000,1080p
1.162180949329367,1.1327217338117992,14621.287537156959,8000,1080p
1.46267509960358,1.0168662050272559,13532.515847722778,8000,1080p
1.6571634323851399,1.1530671186247066,11940.09935873138,8000,1080p
0.7462514854201979,0.9656536036693198,19600.63803411323,15000,1440p
0.8843483700632891,0.6276367210083657,22192.303481125935,15000,1440p
0.7902602768212736,0.8324327090785386,20678.238145827363,15000,1440p
1.6015223012908308,1.1412883496402022,12233.59402830455,8000,1080p
1.1791419758912371,0.9597299583782171,15687.910745091307,15000,1440p
1.1193976556264131,1.2631826248000622,14083.232483563512,8000,1080p
1.2907900068217277,1.4569317942845952,12211.728271213588,8000,1080p
1.1812517783788943,1.6028822164990641,12052.0176333937,8000,1080p
2.3132691064031072,1.5578529764273186,8667.882666068284,8000,1080p
1.1162995588867224,1.3292263280922292,13720.742920227693,8000,1080p
0.8407280843285743,1.1180324605368406,17130.441027086086,15000,1440p
0.6653679966041136,0.9374735265540989,20934.34161468746,15000,1440p
1.4835941099772783,1.0197086024466502,13404.064891340891,8000,1080p
0.9980640265537004,0.9349073831491932,17358.990325241008,15000,1440p
0.9113339975070915,0.7184712784446279,20588.000600504867,15000,1440p
1.7226085070171604,2.5671322537618226,7822.018595339729,4000,720p
0.9420778148091539,1.1636430766597146,15934.890581150925,15000,1440p
1.547166385212345,1.1126918870308944,12615.120267931143,8000,1080p
0.7941087461860725,1.0584960081062604,18112.029520736756,15000,1440p
0.7780137219155866,0.7809400276939175,21523.6866445877,15000,1440p
1.4162698652869992,1.7459072090085637,10611.180592242737,8000,1080p
1.6626195175594718,1.4765371761340649,10688.99557241273,8000,1080p
0.948955151967535,1.0538508741346668,16753.7103257586,15000,1440p
1.3937752252520672,1.62589941994289,11111.936199283367,8000,1080p
1.6769644813984934,2.275463373305325,8489.574821730543,8000,1080p
0.8598926269219551,1.0381166910422648,17678.749878841503,15000,1440p
1.1976262711762302,0.9870595177954578,15358.928121097802,15000,1440p
0.9437008031334563,1.0556109063655845,16782.991786912302,15000,1440p
1.5731732718666094,1.8909251718904079,9686.33904168389,8000,1080p
2.4640923657650555,2.388525622355533,6914.707088450534,4000,720p
0.7263202630142351,0.507749692641726,27190.056646476234,15000,1440p
0.9306762010629418,0.8414219045013641,18934.86139093577,15000,1440p
2.2053922639314107,1.5209152423926646,9004.74046842708,8000,1080p
1.6875660764720424,2.203536206628305,8623.374447321017,8000,1080p
1.3570180884177308,1.8815087049134165,10361.017259173554,8000,1080p
0.7423284055450122,0.9323087774485704,20036.836838901472,15000,1440p
0.863974132563892,1.2499649771893635,15872.941583410393,15000,1440p
1.085419941439292,0.9123182868087147,16796.21059733479,15000,1440p
1.2283867732782414,1.0537923200658708,14702.804042794107,8000,1080p
1.7233538069988366,1.5976222259505501,10103.786256536163,8000,1080p
1.2072922233535481,0.8081454513675597,16648.70733581141,15000,1440p
1.1608030506452052,1.5333397100752844,12454.585736587545,8000,1080p
1.711688940443838,1.2418471061278984,11360.766034647757,8000,1080p
1.3085720391975835,0.9320503763009109,14975.495990713276,8000,1080p
1.3874210371998403,1.0249410367056848,13909.368068316799,8000,1080p
1.2779263299041927,1.8032546543316035,10890.120434883273,8000,1080p
1.3315259500461376,0.9967060625886923,14411.979483963407,8000,1080p
0.9066720980116012,0.7152598254529403,20687.941037824676,15000,1440p
1.2049277614431775,1.3883783692424152,12938.862713878369,8000,1080p
0.5737403547645942,0.8513630776356343,23545.26081204225,15000,1440p
1.0573694895158414,1.1287176692011436,15349.082430772387,15000,1440p
1.0536478821816386,1.4085907645694342,13627.611622567585,8000,1080p
1.2428329830218305,1.459561636804803,12416.555211374945,8000,1080p
1.2049859878882327,1.2626943358883995,13597.560298510227,8000,1080p
1.68115197874533,1.1344887782680644,11917.15666013865,8000,1080p
1.0750118540924978,1.0444635557797162,15831.479734894892,15000,1440p
0.9607605001500593,1.1701831991547897,15746.27805086828,15000,1440p
1.2506658609515227,1.0904086437642002,14332.919320769128,8000,1080p
0.8637249462584747,1.1645059937229219,16543.693984033085,15000,1440p
1.3559343163774145,0.9310036286012826,14672.209219176064,8000,1080p
1.5192830692083568,1.4092351653903628,11457.819044311942,8000,1080p
1.1506793903188333,1.6439913343806103,12006.577985536616,8000,1080p
1.2296401785293096,1.3139545745960006,13191.736599854097,8000,1080p
1.1861819807482974,1.1512184411473763,14355.44876508012,8000,1080p
1.0022824308593072,0.7600594095405184,19039.6841468551,15000,1440p
0.897084294035285,0.6941836057042461,21086.601448751906,15000,1440p
0.9333937509060499,1.3538071531135554,14670.522358149776,8000,1080p
0.9089626502066231,1.178986061205388,16070.525016540394,15000,1440p
1.9051032360089515,1.679795435238577,9359.938753393888,8000,1080p
1.3057267617144441,1.0151729533513303,14457.510499995502,8000,1080p
0.8167941878239471,1.1753733392160093,16843.17786760461,15000,1440p
1.3618530292116795,1.0629523226042916,13837.989913240091,8000,1080p
1.1323714825168294,0.7953649949298922,17406.13013892993,15000,1440p
1.430413056609019,1.4571686997087432,11620.253496402656,8000,1080p
1.31407412594258,1.7777108018722827,10852.770416897914,8000,1080p
2.329532746889534,1.583820699852657,8574.342301724259,8000,1080p
0.9016097379811228,1.0568317191396615,17133.232080028713,15000,1440p
0.829745119557633,0.9987291711856078,18351.05484931962,15000,1440p
1.555722418318485,1.2574662298462753,11927.544219933456,8000,1080p
1.0861629166217495,1.21866414962036,14558.329556025481,8000,1080p
1.009438454051715,0.9387401230907912,17223.488849372327,15000,1440p
1.972098853860053,1.3933065824632622,9970.398109494352,8000,1080p
0.9455560736415373,1.1889099514339314,15720.293321986052,15000,1440p
1.3128123839296038,1.4274524390264283,12244.959581608433,8000,1080p
0.9646809660579178,0.7336019756172701,19757.857290200343,15000,1440p
1.3318202588287464,1.4973805373792675,11860.039077103718,8000,1080p
0.7386028984022983,0.8774562146623592,20763.121675894727,15000,1440p
0.6947420271046084,0.8456165233788059,21783.520459875745,15000,1440p
1.4625045140622912,1.000737713365185,13622.059424924308,8000,1080p
1.2054177158862929,1.1507776857066971,14240.937732632163,8000,1080p
1.5631556052635247,1.530188412695845,10847.300463572536,8000,1080p
1.1940024700914247,1.321631020620356,13338.362732047271,8000,1080p
1.3135481187602978,1.1285988622291578,13739.726667231615,8000,1080p
1.8480309300133833,1.7038252577507627,9447.013118265395,8000,1080p
0.9455760936654012,0.9966188399604674,17276.552121036322,15000,1440p
1.6617008690895079,1.150765230395448,11930.608516897248,8000,1080p
1.1960240748022455,1.7370501011076203,11440.021624952977,8000,1080p
1.0553230290936129,1.5740674367892464,12761.296747432136,8000,1080p
0.7143997897814249,1.034884655602117,19181.804359235,15000,1440p
2.1595696586747164,1.9443534267479676,8176.184421970973,8000,1080p
1.491268491763479,1.5456228570915371,11048.940559776976,8000,1080p
0.6406426454916369,0.791833681956705,23424.074350862207,15000,1440p
0.9383381357270557,0.8910921147409074,18341.465596415535,15000,1440p
1.5796807989532444,1.2862434653945691,11708.066545029878,8000,1080p
1.0476374875271648,0.9020898139701845,17209.807737846677,15000,1440p
0.7334009827544278,0.9999493943770376,19358.135806062175,15000,1440p
0.9483189245668058,0.7310408499225383,19980.49048793202,15000,1440p
1.6625569473969581,1.9586514137602644,9266.087077429887,8000,1080p
1.3088724154154165,1.081263202342477,14038.714686606902,8000,1080p
1.0093948353641817,0.6739517543458953,19933.168965387624,15000,1440p
1.049530709252077,1.5447305531806328,12934.098999934606,8000,1080p
0.8421864429595697,0.5830321759005131,23543.357879254676,15000,1440p
1.1462712106316135,0.8759105735558559,16593.182800072776,15000,1440p
1.1498332556444253,0.823174799401122,17006.738474377587,15000,1440p
0.7579382609294297,1.1179774018870416,17886.96190617753,15000,1440p
1.561501822273541,1.0752510162285183,12725.664502958225,8000,1080p
2.0474204954889808,1.7466577004003283,8843.895741620328,8000,1080p
1.006604984562891,1.4842547046765917,13471.024540224082,8000,1080p
1.2438888275282294,1.1953528051072089,13756.091873418325,8000,1080p
0.7253321946150749,0.6669682255022854,24099.99416445742,15000,1440p
1.2888327483516944,1.0851575083319818,14134.191117900187,8000,1080p
1.557575683037879,1.138872103501011,12443.939084416628,8000,1080p
2.168483438217142,1.6191873916767423,8858.85640726073,8000,1080p
0.8659002401784214,0.624851067107086,22508.403538547886,15000,1440p
0.9138299287924571,1.061971899803941,16982.691034270854,15000,1440p
0.8002955989120489,1.1358903205615425,17330.170446194934,15000,1440p
0.7920210303031865,0.7943807190826495,21151.28277751229,15000,1440p
1.874633235502435,1.5480799180488503,9803.46014832856,8000,1080p
1.6604154808441445,1.2709868687861134,11446.546054734612,8000,1080p
1.3970403052396925,1.8006589816204068,10493.304401036386,8000,1080p
1.0144186235774775,1.4494565574683687,13618.56000585106,8000,1080p
1.4354520716141206,1.965806158127993,9865.299760713588,8000,1080p
0.7528458627762247,0.9337140193217028,19895.191600467413,15000,1440p
0.9675304712995598,1.0268854114486676,16824.190125162513,15000,1440p
2.0102735764699147,1.5305391598815294,9476.477435679204,8000,1080p
0.739641678486744,0.8839234473385801,20667.13029632422,15000,1440p
1.4117280355428452,1.4167266316479514,11863.167682770767,8000,1080p
1.2225985336827168,0.9106608504037874,15729.185231906782,15000,1440p
1.1151128259783223,1.5223012962967364,12722.473773309299,8000,1080p
0.9806923581009095,0.7403642788266696,19496.4135868888,15000,1440p
0.8409824689297182,1.1894263001243002,16525.949114982028,15000,1440p
1.579588558730803,1.1705548455544645,12200.9753919434,8000,1080p
1.1415207848224516,1.0581996141872547,15253.953191099148,15000,1440p
1.435737673320407,1.1786627889704526,12834.465294807223,8000,1080p
1.4632690662227867,1.0229040440327362,13496.41819452844,8000,1080p
0.835881529998301,1.0260991633148202,18020.8270260283,15000,1440p
0.8967930961636817,1.3100294188667694,15204.862090840594,15000,1440p
1.6502571088099147,1.1820392245219828,11847.076735973724,8000,1080p
1.996136209736636,1.950765575434867,8501.461101987357,8000,1080p
1.6599009939922842,2.1902880847433694,8715.008877179296,8000,1080p
1.7666935951770528,1.2276789814780351,11205.830651001526,8000,1080p
2.509185325350953,2.3085023059806504,6964.841759723138,4000,720p
0.9149898425065685,0.7818266192033386,19774.933092166433,15000,1440p
1.5338126194409103,1.2182183719181268,12192.606880284366,8000,1080p
1.1350226868830484,0.9038508914065444,16457.338187759906,15000,1440p
1.8220201980879887,1.2363224207683505,10971.443092451038,8000,1080p
1.0935096696821311,1.3194896158966571,13905.694958360316,8000,1080p
0.8320827419020934,0.7787705660436245,20830.221991343922,15000,1440p
1.209224716878055,0.9336201857596307,15658.824378141853,15000,1440p
1.5557427122262333,2.2196240443119386,8887.727779530429,8000,1080p
0.8921364199550985,0.6722823280723182,21448.49775183847,15000,1440p
1.3528511365377722,1.2923183058005467,12685.17300363867,8000,1080p
0.6020095681086954,0.8085979602169979,23787.220276519507,15000,1440p
0.7103306397113375,1.036094606420157,19213.20828035806,15000,1440p
0.921977223579965,1.3729067898033624,14621.406486914777,8000,1080p
1.1477576272630226,0.9161707918653803,16257.556070752704,15000,1440p
1.936289984662916,1.5129539667086664,9728.054168698962,8000,1080p
1.0451037630702926,1.1364519162874023,15380.965206388531,15000,1440p
1.842544060115675,1.2524996566162778,10841.343473955845,8000,1080p
1.1486053562711613,1.5515619518831731,12426.797368691836,8000,1080p
1.0706799020071056,1.0394066175946133,15901.922356403393,15000,1440p
1.3539980848469355,1.1599353905905767,13347.382628794647,8000,1080p
1.6536002135469348,1.228500490705426,11642.352382237204,8000,1080p
1.5279622670490887,1.4162656873881088,11396.682770242252,8000,1080p
1.13743646083172,1.4115195484721839,13163.99022875385,8000,1080p
1.0485818448076938,0.824957810259128,17909.64600575975,15000,1440p
0.9454807605010196,1.3895112983904017,14370.25529582767,8000,1080p
1.280382998947598,0.9919555562505018,14766.475674693096,8000,1080p
1.3173539252656112,1.2373657804130163,13134.290985197029,8000,1080p
1.2369652721892752,1.7923561434753434,11076.55061839594,8000,1080p
1.058788194202218,1.105150419740127,15506.184779830362,15000,1440p
1.3336341190029897,1.3642778276310197,12437.185743538981,8000,1080p
0.8536725326150387,1.1186807535407501,17012.384259718096,15000,1440p
1.1635661527921821,1.1682254817627251,14389.978719691597,8000,1080p
0.8466283214210818,0.9772738281727261,18397.05710499477,15000,1440p
1.5797059187421472,2.2402610895492616,8783.958585812026,8000,1080p
1.7667997087978762,1.2313658429991428,11191.654169960157,8000,1080p
1.5099805088922735,1.3270676823303191,11827.23370854695,8000,1080p
1.1482804125216688,1.309924857514693,13649.971549977055,8000,1080p
0.8369134395650193,0.6988927164650327,21848.09057331544,15000,1440p
1.4551733019597661,1.5455890742647431,11181.969044219162,8000,1080p
1.9584931541787487,1.5196200171924765,9647.308855902284,8000,1080p
1.2067548530724257,0.8370170175235097,16417.895012037716,15000,1440p
0.8160351866768758,0.8303940885365131,20380.123522555263,15000,1440p
1.3613450174342159,1.460311478841919,11891.749418925823,8000,1080p
1.737908660276262,1.2106028706178413,11380.125751051411,8000,1080p
1.4386211225208578,1.0139860986089966,13681.127459350102,8000,1080p
1.0149256072360637,0.9052767198297682,17474.425234799553,15000,1440p
1.2489935473279419,1.3551701171376547,12884.91674231456,8000,1080p
1.3690613222595525,1.233743887163418,12891.641632851524,8000,1080p
1.9490805558108633,2.4805647376262714,7574.970404450557,4000,720p
1.2083000336999234,1.245070974897193,13676.86822841648,8000,1080p
0.8622542889278977,0.909549297902212,18938.008845569282,15000,1440p
1.3106665738334988,1.7544748124962921,10947.107415549981,8000,1080p
1.4512333840260332,1.2242202726177285,12541.585953722912,8000,1080p
0.9139167910476457,0.991854116254104,17606.750040857438,15000,1440p
1.2806126814360959,1.6356026531430834,11506.15717643568,8000,1080p
1.9351270388691875,1.8522397984906065,8859.567462282339,8000,1080p
1.2209114340839125,1.6634701246862162,11633.146071807252,8000,1080p
1.3053286073139343,1.7636016246642774,10933.592315121168,8000,1080p
1.0279379770884565,1.166329479380464,15291.860571088622,15000,1440p
1.4337098759822906,1.3333498543585982,12126.385141626939,8000,1080p
1.156888407202809,1.506569967010505,12598.068858467039,8000,1080p
1.6772542122441279,1.388176968399179,10946.07251726275,8000,1080p
0.8378692194012106,1.2338913499224704,16196.095483636765,15000,1440p
1.7404426659477286,1.7774662137956747,9538.175418132907,8000,1080p
1.3227357169005678,0.8952988877006571,15128.002029541227,15000,1440p
1.3007789781864918,1.1422483578366334,13734.775499737749,8000,1080p
1.746968752667527,1.9544577706981936,9065.270318938774,8000,1080p
0.8512551993141778,0.8684864266534843,19511.32163886516,15000,1440p
1.3150259422046287,1.8429685241391003,10625.23457770613,8000,1080p
1.3724494203898663,1.3057574486926102,12528.693129480089,8000,1080p
0.9808021009144113,1.0581074742914804,16457.047633714523,15000,1440p
0.8143698463908803,0.8989734730393456,19584.184687023826,15000,1440p
0.9922693378928916,1.1850723966772243,15410.73294432802,15000,1440p
1.6009736595530317,1.2972192045629247,11577.708445650735,8000,1080p
0.7136313906342558,0.7084685096856113,23594.989348113122,15000,1440p
1.5086520433597719,1.7138393843779336,10412.574479230287,8000,1080p
0.7864523534159712,1.165409761806934,17190.984823314757,15000,1440p
1.113679851908279,0.9582578383130218,16194.71095021979,15000,1440p
1.1704149704730098,0.9009117500775223,16199.487829269956,15000,1440p
0.8028895841339602,1.1958610884171557,16787.702668873964,15000,1440p
1.6870578095764677,2.0149380291910317,9063.876206617033,8000,1080p
1.190364639229954,1.217873719461127,13933.185591411895,8000,1080p
1.7295416141307083,1.3626781333685778,10851.244329299641,8000,1080p
1.0287793752244399,1.371238892661932,13980.906915992116,8000,1080p
1.3818001906551272,1.2282850360178157,12855.684426355532,8000,1080p
1.0835959785566254,1.444828128986718,13270.887546077865,8000,1080p
1.3250943904162076,1.2578900539203943,12990.56681257634,8000,1080p
1.0710809141009852,0.9832531748407283,16333.48352666703,15000,1440p
1.8129834050093947,1.5140032360459406,10085.53253143102,8000,1080p
1.734004616099699,2.0723743168149995,8815.315708545604,8000,1080p
0.5837622630708731,0.6524368379731055,27143.2263392386,15000,1440p
0.9390432271011304,1.0662065671327527,16733.29282789911,15000,1440p
1.7461198705066179,1.948096427576498,9082.963555060647,8000,1080p
1.2688212590759995,0.9227271753039494,15310.832958840583,15000,1440p
1.712640071629066,1.2963406227048788,11151.428144150146,8000,1080p
1.0535382577741732,0.9960972777713915,16370.926156424488,15000,1440p
1.9705900416487576,1.676469525317786,9200.406898730485,8000,1080p
1.6752424062647748,2.483835764918214,8067.756993001151,8000,1080p
1.1446794196751824,1.3554369287393737,13421.14818827471,8000,1080p
1.3507509564085323,1.7469083219497066,10832.189400050436,8000,1080p
2.3038099292067753,1.5983435444403478,8598.952405795195,8000,1080p
1.0501175660927096,0.8044951061651042,18092.420321462963,15000,1440p
0.8038628774467639,1.112349099446745,17510.81425469284,15000,1440p
0.6880528110430277,0.7109773848175067,23984.06560436023,15000,1440p
1.309318300763654,1.2673686501405872,13022.316113420253,8000,1080p
1.1034780040917478,0.7961760610222424,17663.443369088647,15000,1440p
1.0861967904048955,0.9397052724187009,16562.711799223693,15000,1440p
1.3944469927415912,1.114178890969961,13375.622175418073,8000,1080p
0.9498439042195935,0.9693359461313852,17483.73504122794,15000,1440p
1.0281490437568828,1.5265885401905528,13134.19907032236,8000,1080p
1.0970830189932097,1.0908319180270363,15336.259848245418,15000,1440p
1.4334119470617996,1.4669513155097609,11569.044620379553,8000,1080p
1.1237235178826537,0.8536201367888705,16969.44884655068,15000,1440p
0.862328518438769,1.0940435474223453,17151.355095243973,15000,1440p
1.0756003087115573,0.8896011880670862,17074.295971686566,15000,1440p
0.7708605757054755,0.7610656324453996,21903.425779562953,15000,1440p
1.4114737466685756,1.0106173121108066,13853.497323469674,8000,1080p
1.058681197715557,1.4661639228697767,13289.699129038494,8000,1080p
1.5617760282672097,1.6306623100781514,10510.596742611242,8000,1080p
0.9994152819670411,0.8842269666045094,17813.59067808434,15000,1440p
1.1632664229227456,1.6064600984877908,12114.709427309004,8000,1080p
1.3113449849209595,1.1777795745780195,13480.41498041945,8000,1080p
1.43212815122208,1.1574157353030523,12957.661067110224,8000,1080p
1.1112731398330742,0.9467004093020033,16304.598285095655,15000,1440p
1.8872198189710283,1.4558155915740065,10037.115339597742,8000,1080p
0.716410245849843,0.9276936513897617,20408.948641467712,15000,1440p
0.987069694661819,1.4701143703677078,13655.644474316901,8000,1080p
0.7379346786533681,0.8576703075343829,21029.28499876957,15000,1440p
2.4979279055735084,2.9975528349642904,6105.822872325506,4000,720p
1.1009849791278328,1.1135798066437934,15151.704847645064,15000,1440p
1.7309677943359372,1.7919929565011077,9524.497822471501,8000,1080p
0.8977723205574294,0.734216028229797,20560.46051121332,15000,1440p
0.7965185213995574,1.0523264896294793,18148.861478293496,15000,1440p
0.9893939456690252,1.147864153145019,15699.756626782333,15000,1440p
1.0923958553610582,0.9309536086594785,16583.606834444206,15000,1440p
0.5804105316920137,0.6179024223049653,28001.393031827803,15000,1440p
0.9565477740146281,1.0123455164226152,17042.280637031567,15000,1440p
1.2628425243083452,1.2096993946382,13570.824317630275,8000,1080p
0.8843222874341022,1.0531645882014127,17318.533829548556,15000,1440p
1.028755003448602,1.5154288638220945,13188.68200984071,8000,1080p
0.7936564275934107,1.078800520888921,17920.001860227876,15000,1440p
1.8200562924643384,1.3504840772950188,10583.190272561256,8000,1080p
1.0904735334101423,1.429258432517227,13316.667190690867,8000,1080p
1.0761947964500729,1.3253139909148801,13972.229531925837,8000,1080p
1.1375574645973483,1.6778933639316556,11917.960583787313,8000,1080p
1.193629523053965,0.8307547897045042,16575.129429983586,15000,1440p
1.168306296898884,0.799541293739854,17051.33678015616,15000,1440p
0.8479648464877159,0.5770590198372265,23546.5754594939,15000,1440p
1.4435109737898872,1.8315724409435035,10245.367140589764,8000,1080p
1.4077578981406054,0.9468243503203333,14250.69437346378,8000,1080p
1.2697802174810922,1.843797498708736,10776.808886293511,8000,1080p
0.7171565978721944,0.8893768181096352,20886.233467788326,15000,1440p
1.5393353177822258,1.0594777774988242,12911.444867246692,8000,1080p
1.798652096351134,1.4363685480471127,10372.246637159105,8000,1080p
1.603480053533896,1.2193563055366565,11886.779016495359,8000,1080p
1.711919823635738,1.2225455535667626,11434.598022754073,8000,1080p
0.75971514605044,0.9627360099627801,19480.62903430306,15000,1440p
1.2651275094625705,1.0961199922675728,14210.467973142948,8000,1080p
1.542966672073431,1.2200987537631418,12143.915119143705,8000,1080p
1.0852320307289989,0.7476230545199667,18307.1931163844,15000,1440p
1.999116434346417,1.6605209856082848,9168.785906778527,8000,1080p
1.6657594520762482,1.137557196772361,11969.547576361601,8000,1080p
0.85397691992428,0.674882318907419,21947.365164657753,15000,1440p
1.0117457629796502,1.081176704169054,16032.333985937341,15000,1440p
1.012161175830595,0.8951231891554847,17592.77883046291,15000,1440p
1.3270821640269173,0.9094050436171806,15003.185301178646,15000,1440p
1.3530365083909703,1.814237147295698,10594.105734992248,8000,1080p
1.9823740079957641,1.3780974859541688,9985.036939134923,8000,1080p
1.3811736145616793,1.5549384497721537,11428.18505042759,8000,1080p
1.0168064454573607,0.9564441007626818,17004.648529948136,15000,1440p
0.7929662607203384,0.8056374774620548,20989.837067534492,15000,1440p
1.1092618937989347,1.0599052983779316,15468.808545977718,15000,1440p
1.1410463911507511,1.3135420952946562,13670.084490859641,8000,1080p
0.8951700566666748,0.8462065165376206,19268.91202989869,15000,1440p
0.961698742828311,0.7415129798105751,19700.681690948055,15000,1440p
1.0495136410044918,0.8066928618939668,18076.885275213128,15000,1440p
1.5830168578891854,1.402336768404443,11239.684205069683,8000,1080p
1.2020597324300528,0.8686332125749976,16204.4459952116,15000,1440p
1.617021918937734,1.9959914971372872,9287.104180324824,8000,1080p
0.925438310298271,0.7047620211929723,20583.011395480287,15000,1440p
1.4632195347945955,1.7553311134022407,10425.323590541777,8000,1080p
1.0982158104373287,1.2875149803500567,14064.634672768636,8000,1080p
0.6161859553610964,0.8180072429009557,23396.033421899563,15000,1440p
0.9246685382549175,1.0561396910253888,16939.76807244558,15000,1440p
1.613079502252616,1.5302298307168287,10674.874295079813,8000,1080p
1.3351802058797688,1.4185637337314005,12185.022549604924,8000,1080p
1.179279687591549,1.2269279327586837,13944.944615841598,8000,1080p
1.071871091428108,0.8529009337752138,17432.93832237379,15000,1440p
1.5728842628205986,1.2651252475767059,11823.227468784127,8000,1080p
1.2052589907343063,1.6050102256759264,11939.935079551413,8000,1080p
1.516731435437951,1.6645595176556025,10547.4263419292,8000,1080p
0.7786758952025846,0.7976585914980571,21286.365478326457,15000,1440p
1.650019628403146,1.4200750521027408,10929.445340256065,8000,1080p
0.7494849062760027,0.8966582823420104,20383.66542595238,15000,1440p
1.5606211299658725,1.138744615303784,12430.487442763351,8000,1080p
1.4117134052277496,1.521865695483583,11438.052579480043,8000,1080p
2.02942877314574,1.7274079018249742,8931.56527765785,8000,1080p
1.0136816641175634,1.4890186914179042,13407.291018992495,8000,1080p
1.3035165745471615,1.2944649761714255,12915.577476183014,8000,1080p
1.2379964957976777,1.12716012886999,14186.980959332785,8000,1080p
1.0782445097992164,0.7701098039898304,18153.679600105923,15000,1440p
2.564599273818624,1.7215511657898048,7828.570758954845,4000,720p
1.2540005089102384,1.1627218271483781,13884.272719026234,8000,1080p
0.7207387255280723,0.9232987360508841,20409.77336840844,15000,1440p
1.0295425286811157,0.6866921372006549,19551.191143642547,15000,1440p
1.280169948021828,1.5800447530281216,11731.438198566904,8000,1080p
0.9789336811066716,0.6911764571229819,20091.149219397168,15000,1440p
0.9639565589933548,0.850535626879882,18492.464316594287,15000,1440p
0.9068296976803256,0.7186257306321702,20643.09572292321,15000,1440p
0.9120057284079088,1.105709328098722,16629.91604874795,15000,1440p
0.8055362008246971,1.0448274290195028,18133.966458703726,15000,1440p
1.244261519885356,1.1346421468753278,14104.998226216763,8000,1080p
0.6317953541802789,0.6268566059981556,26659.02335324144,15000,1440p
1.444380392864361,1.5143978642863496,11340.637615849171,8000,1080p
0.963618117319168,1.1493493351223094,15880.24082492551,15000,1440p
1.9066511962240194,1.7299335755885084,9226.907690997114,8000,1080p
1.338582897147326,1.4970252712228178,11833.239999194417,8000,1080p
1.2458746488300578,1.7799805119334398,11089.23931161774,8000,1080p
0.7216109198364055,0.6395404252266287,24651.507065473394,15000,1440p
1.5048576900484456,1.3933902953111803,11577.488251350043,8000,1080p
0.9802207805687905,0.8338370243644994,18496.892386091262,15000,1440p
1.2388250734550093,1.3138790253106267,13144.661778944648,8000,1080p
0.6781243405987986,0.7666294839278546,23225.0169062494,15000,1440p
0.8483951071345953,1.2091811437104418,16307.746547045022,15000,1440p
1.100126474979875,1.489629329120361,12956.60075242418,8000,1080p
1.046384765687868,1.1601531518112274,15206.82320203716,15000,1440p
1.668887175747691,1.169635581190146,11821.089655873713,8000,1080p
2.0680658947154242,1.6752276039855567,8963.879538605308,8000,1080p
1.1041851227101513,1.647523236430042,12194.036438688769,8000,1080p
1.582733392993843,1.638145141461706,10417.788699899538,8000,1080p
1.7044427803579747,1.4849284307462647,10520.704483434094,8000,1080p
1.56624150666369,1.4636549823846259,11074.448292634372,8000,1080p
2.0803635207988176,2.0166297924304857,8190.013855197621,8000,1080p
0.8222739004552039,0.9632297938087552,18792.698165674865,15000,1440p
1.3267912195539333,1.6456726113242706,11288.423983980476,8000,1080p
1.1297567984669803,1.0244383596065132,15576.319477947338,15000,1440p
0.8997340505287468,1.28751774201244,15340.909590027532,15000,1440p
0.8813327452064761,0.6564250960693265,21820.361502537697,15000,1440p
0.6055148367400683,0.7260206534073516,25199.802970542714,15000,1440p
1.1496633381144257,0.8024587306724733,17188.69559261303,15000,1440p
1.8690076198849006,1.4779233930487945,10025.432813026056,8000,1080p
1.4366568831925732,2.065715030730865,9580.487973480676,8000,1080p
1.4114733324411477,1.2612971117376686,12554.17653733794,8000,1080p
0.8631020023349094,1.1195251453399337,16924.22704861652,15000,1440p
1.702396867488793,1.4645448621924997,10595.216099342873,8000,1080p
1.2850534343035434,1.4189126298058512,12409.339172328639,8000,1080p
1.2569711184691705,1.4916103590656267,12207.908797411736,8000,1080p
0.8280570184066136,0.6658138730168317,22461.400240570605,15000,1440p
0.9998061060822232,1.3718543633246985,14148.075760773176,8000,1080p
0.8632001149089705,1.0246649481708474,17773.74488050544,15000,1440p
0.8287641830294963,0.70763539028149,21839.651990848455,15000,1440p
1.326169341407181,0.8843020228757261,15179.763258722558,15000,1440p
1.1281700961213237,1.3666239436182894,13449.780408927923,8000,1080p
0.8624437639716759,0.8960985168757324,19080.82186333942,15000,1440p
1.141394053340297,1.3960998519932075,13223.453238438386,8000,1080p
1.094386223751556,1.0822142969229498,15415.980875352283,15000,1440p
1.212696138826925,1.773908630548189,11234.975696841393,8000,1080p
1.847602144037232,1.4500795274300993,10175.157987602142,8000,1080p
0.7880746020394166,1.0663819012048252,18093.943935217067,15000,1440p
0.668062837934599,0.962680402195343,20576.15887914169,15000,1440p
0.9909758900454114,0.8047930500345551,18685.27250421527,15000,1440p
0.9289570588717169,0.9288397475923076,18061.41117438172,15000,1440p
1.1484728810748932,1.1671503231844464,14490.454206142102,8000,1080p
1.0272008682741092,1.174890368222568,15237.530327481792,15000,1440p
0.7138084701998338,0.7379512604073503,23112.937556110744,15000,1440p
1.5374848091695863,1.4943880231348199,11067.229351600678,8000,1080p
0.8962223010095287,0.6594037964300814,21569.728134046425,15000,1440p
1.8003699883289221,2.000269556330892,8828.627815322954,8000,1080p
1.3349800221330583,1.2611174089928743,12924.950965899372,8000,1080p
1.212626730938871,1.328434580695815,13204.88877870253,8000,1080p
1.201718414107002,1.343076868210975,13185.513283974766,8000,1080p
0.6077093541867526,0.5872959198670042,28078.898669773207,15000,1440p
1.0267287556829376,1.4216094837793973,13704.982203508242,8000,1080p
0.8225483017012807,1.1945428367832118,16635.059943404718,15000,1440p
1.429761685932793,1.6682631531150827,10830.911223524074,8000,1080p
1.472848890731506,1.0620242036847458,13237.124996084724,8000,1080p
0.9152321553141628,0.8966945162986991,18518.64787118122,15000,1440p
1.1191894374271452,1.2719180773538348,14033.008466820662,8000,1080p
1.3072450915517075,1.1494472842631396,13658.377552814487,8000,1080p
1.0051482781327943,1.0124323547785892,16631.024035743598,15000,1440p
0.98070371690517,1.406543818271591,14055.698667844892,8000,1080p
1.3762888699281204,1.5394572614268913,11508.008752602378,8000,1080p
1.1567052487935054,1.2816543551568178,13761.067869414886,8000,1080p
1.108539752296555,0.7719769787812105,17843.19780062218,15000,1440p
2.153197939315969,2.400787890363589,7368.145895693545,4000,720p
0.8346429331485603,1.2093941642181618,16415.764686084844,15000,1440p
0.9679771589471369,0.8705954441593118,18250.26215625453,15000,1440p
1.879579996678757,1.3260255022269463,10467.424020658333,8000,1080p
0.9415853627359533,1.1621122674025162,15950.216190428177,15000,1440p
1.0740767530224051,0.8231420372747256,17686.116209477826,15000,1440p
1.3449466091331945,1.8507061489342636,10500.024420767086,8000,1080p
0.7135085896376028,0.6589470277521392,24448.46417971373,15000,1440p
1.3921944149739924,1.2305168934223087,12793.795448465655,8000,1080p
0.8857263835451206,0.8054443878637514,19840.948393429626,15000,1440p
1.0438007426436198,1.1074157042281445,15597.887441216744,15000,1440p
0.8826727199406053,1.0995619683883011,16927.577848154582,15000,1440p
0.9635043107320499,1.1524977849639195,15857.466336281528,15000,1440p
1.19516830494884,1.0154341312462216,15178.863214208088,15000,1440p
1.052413659308371,1.4880980299530444,13207.745566309532,8000,1080p
0.7801759425007828,0.7863068963309283,21420.23593761488,15000,1440p
1.1343262957473463,1.1376778566457029,14768.649064596953,8000,1080p
1.6902098521484585,1.8859182128420755,9382.89440148694,8000,1080p
1.6521719091036737,2.286232775328315,8519.802988412133,8000,1080p
2.124851894770836,1.586123558610283,9041.943936715645,8000,1080p
1.2118544943239309,1.310159096749544,13304.61981599307,8000,1080p
0.8354358538341872,1.1179339925918108,17177.715762016694,15000,1440p
1.2210161347842665,0.9434955369207514,15502.079493786548,15000,1440p
0.9751574122199627,1.0401288602573657,16649.958101859436,15000,1440p
1.1105555701445402,1.6379337386433646,12208.31818145134,8000,1080p
0.9609860926529106,0.8246009592513157,18791.820854780573,15000,1440p
1.6419197542174957,1.4441504803179348,10872.867255093824,8000,1080p
0.8520868140870312,1.0691658330467284,17464.87222805315,15000,1440p
1.6133755112120605,1.5856668787015347,10488.89883603771,8000,1080p
1.3588221676593417,1.3683209925505497,12303.87626494002,8000,1080p
1.6265884636509707,1.3719030634288163,11190.437490639988,8000,1080p
1.1052252732810766,1.2156081390910798,14457.923529161684,8000,1080p
1.1414291685979867,0.7617898907290439,17630.35728102927,15000,1440p
0.7992172734522368,1.1288944262196763,17402.742800486925,15000,1440p
1.2189952334788647,1.744109119544483,11324.080424559927,8000,1080p
1.2450625255391672,1.212547545248786,13653.277384740637,8000,1080p
0.74175041515832,0.7847070234065047,21981.898186134742,15000,1440p
1.5501390412965705,1.7004301944602058,10322.632611819472,8000,1080p
0.8804402283327426,1.2818962332503108,15517.673866274583,15000,1440p
1.923445042859272,1.865970056566234,8854.778671538787,8000,1080p
1.6249593877512272,1.3595236119298102,11242.963020257137,8000,1080p
0.9614915410173857,1.0954322208868703,16312.919623688933,15000,1440p
1.1636884771204172,0.970418070409145,15722.94131183026,15000,1440p
1.0368483544116056,0.6927925562204893,19399.652143830004,15000,1440p
1.053218651316645,1.2946908870177138,14291.194550793469,8000,1080p
1.2392139815595646,0.8911187338793085,15750.794116254932,15000,1440p
0.7764732135826218,1.1165453804457564,17725.357852188634,15000,1440p
1.1605261106166507,1.5967185756945403,12169.551787183296,8000,1080p
0.8564170205860894,1.2489011583671235,15937.938661928827,15000,1440p
1.6365773314856122,2.1094353033560926,8957.37288441311,8000,1080p
1.8112493941094974,1.416494975724664,10395.628697734819,8000,1080p
1.1188335709080424,1.1066098004178644,15077.639104341017,15000,1440p
1.1121724489825011,0.9659495648600154,16146.516795689366,15000,1440p
0.9596698086064628,1.1043630619442573,16256.733348944723,15000,1440p
1.074725753040689,1.2463717936040821,14456.27825875053,8000,1080p
1.4939217968034275,1.6634780071957413,10627.235726530384,8000,1080p
1.2499424111500488,1.5319323048636388,12061.805589894473,8000,1080p
1.1682865213950682,1.0792643349139825,14929.331590344258,8000,1080p
1.0706385589108645,1.262063977933836,14384.359544353632,8000,1080p
1.7201720950802255,1.399285150003655,10756.496840237263,8000,1080p
1.118283764912696,1.6094061955159986,12301.40979612157,8000,1080p
0.8055151132865584,0.9919121522614655,18668.033273529694,15000,1440p
1.060195552604754,0.8211356223041191,17835.473332665788,15000,1440p
0.9180900909151553,1.345079648407871,14826.299334506397,8000,1080p
0.5826842563888844,0.8729205772079031,23051.88278132278,15000,1440p
1.6824647899474086,1.686630279814074,9959.479119826532,8000,1080p
1.0815205676018602,0.7851439533808626,17975.609233915777,15000,1440p
1.0382695134627118,1.3102890547704733,14287.245144260089,8000,1080p
0.9662508889811584,0.8228169129138957,18755.26012175602,15000,1440p
1.0529657372065462,1.2783781085403072,14392.742649787351,8000,1080p
1.6939833911027526,1.2699087010379535,11321.070726216929,8000,1080p
1.5176854201166814,1.2062339954744832,12318.437839218446,8000,1080p
1.8921671243956535,1.7601480332516894,9187.167742012234,8000,1080p
1.8359432322546527,1.7195472383261188,9437.356752223008,8000,1080p
1.1324342234928217,1.480340942867399,12842.449067955464,8000,1080p
1.8873747885254688,1.3399666795440828,10396.92648948942,8000,1080p
1.1169093299273378,1.1369940539498946,14887.253925799898,8000,1080p
1.0799614808144464,1.6182292220189898,12435.900829679558,8000,1080p
1.285150456760497,1.4688959784455073,12183.684185953134,8000,1080p
1.1212581875887413,0.8800504437384353,16766.245582895543,15000,1440p
1.352558232366051,1.4659291237135514,11905.12064126227,8000,1080p
0.9857354007495623,0.7807045061315842,18995.51287835442,15000,1440p
1.3245507252539208,1.5898689974775118,11513.246269330193,8000,1080p
1.2661722156102966,1.1164756898568078,14082.832768957462,8000,1080p
1.303453323743401,1.110452531669423,13900.47251625791,8000,1080p
0.8287335268286812,0.7339294025760413,21472.597428789173,15000,1440p
1.1837372548902751,1.4572867779717178,12705.083930507872,8000,1080p
1.5469786148839484,1.5914851248329391,10691.355638547813,8000,1080p
0.7830850750900213,0.8590642191414755,20433.24082522169,15000,1440p
1.4058760593854505,1.3850595898297726,12022.646243898564,8000,1080p
1.4662428007788078,2.184924649857866,9190.055633890179,8000,1080p
1.072264398360513,0.7153343150933182,18770.673612294824,15000,1440p
1.0558206411884374,1.1633704187950424,15120.118589631387,15000,1440p
0.9421920357804157,0.8711902228500856,18503.78310491518,15000,1440p
1.2648186703780526,0.8503844312710092,15863.45631482867,15000,1440p
1.3687885985349881,1.40831565389407,12082.525159309682,8000,1080p
1.3848490175674173,1.677939029717678,10955.51878940601,8000,1080p
0.8792596769673691,0.978742929911864,18059.410614261305,15000,1440p
1.9600128449909087,2.2531353670355743,7964.218278440447,4000,720p
1.0064340158994043,1.1872268957536443,15296.08875362365,15000,1440p
1.1318943292226644,1.269689252486849,13971.79438415174,8000,1080p
1.474310502869034,2.0285391602294265,9579.181303007817,8000,1080p
1.5138077808191615,1.6234965617669304,10695.30665053074,8000,1080p
0.752558848334986,0.9528347427405478,19675.47677884632,15000,1440p
0.7215057983776142,0.9871896912720951,19637.455710074366,15000,1440p
2.429010009191124,1.827484774261011,7883.113619790795,4000,720p
1.459570101879614,1.6630041646880662,10745.75947136171,8000,1080p
0.6917321382523195,0.8357371707570566,21967.336300695537,15000,1440p
1.4108877589056972,1.9196084440157413,10074.904745595202,8000,1080p
0.8873934003561802,1.1208001155079432,16708.764237574767,15000,1440p
1.5531321270495995,1.382259118430993,11430.991371818427,8000,1080p
1.5100825790226635,1.1266230512219917,12725.89234653644,8000,1080p
1.4473522605722766,1.5073232247147668,11356.384877827022,8000,1080p
1.3280857956575307,1.9892103750063574,10114.994342903297,8000,1080p
0.9321947804326016,0.7289308778878216,20199.815608126322,15000,1440p
1.4547286964323956,1.9087158100758956,9976.210975109569,8000,1080p
1.3842797515043448,1.3027175121425612,12487.706055367735,8000,1080p
1.1981825731960418,0.92579683739728,15797.908319001432,15000,1440p
1.5123789124576708,1.4717570425666513,11244.27053784368,8000,1080p
0.961334813234175,1.0045594868945307,17068.27879698477,15000,1440p
0.691779872943574,0.7702781258116771,22950.137428588438,15000,1440p
1.5485845164352596,1.3257213654673043,11673.925246184866,8000,1080p
1.144978836791366,1.071622723148022,15137.782363068232,15000,1440p
2.265812378404795,1.7907564240963056,8271.628963697553,8000,1080p
0.8408217480366006,1.0771207669121963,17495.014443066244,15000,1440p
0.8458843310325048,1.1641070690000785,16693.818689699896,15000,1440p
1.278197930304464,1.4789862297543988,12169.818935592482,8000,1080p
1.4013536976285195,1.5160085793043703,11501.633604201113,8000,1080p
1.041147261644029,1.2975178115041295,14347.685944969971,8000,1080p
0.9016322988357904,1.0645364015756158,17065.89673255351,15000,1440p
1.2224750510433622,1.6477796065065347,11690.402421868272,8000,1080p
1.1555720033086152,1.0048715499630683,15531.269932596297,15000,1440p
1.0092623761643464,0.876170622511155,17796.67165238524,15000,1440p
1.4269189208587962,1.1927802457506032,12808.50581153886,8000,1080p
1.3463775951558323,1.663499838536907,11148.105774803245,8000,1080p
1.0598058041581853,1.251517531883251,14517.411509143545,8000,1080p
1.9650679792097825,2.4507640297426296,7598.665875869737,4000,720p
0.9816713101499096,0.6604953183830801,20433.025137026114,15000,1440p
0.8105424481543606,0.9117060608833238,19482.92120673614,15000,1440p
0.8382444234148253,0.8296021291490848,20118.416738289376,15000,1440p
1.8886279615170547,1.32865208931494,10429.44085371827,8000,1080p
1.2572460465418924,1.6682421885197893,11469.686187028035,8000,1080p
0.6474593976229189,0.8499280642275889,22408.650302529324,15000,1440p
1.189750628679653,1.0725095695858793,14832.260243859691,8000,1080p
0.9797837504923546,1.0174216112092844,16800.691928551245,15000,1440p
1.3474824146568072,0.9454904272566365,14633.593292801255,8000,1080p
1.2545827993334395,1.2655837160594112,13314.371012809619,8000,1080p
2.3808483515601244,1.7439013224440094,8134.901424800106,8000,1080p
1.6269076048190625,1.21093057024731,11823.941299688526,8000,1080p
1.216605920452907,1.18694157579818,13960.378171155862,8000,1080p
0.683021511783827,0.5480096968705492,27257.174118825063,15000,1440p
2.6400289257618526,2.204835181557135,6925.773614436439,4000,720p
1.0249034697106036,1.2228763144293888,14927.811094643343,8000,1080p
0.8935158386488633,1.0119680491855207,17609.40211262306,15000,1440p
2.5391782315276883,1.7302360943959796,7859.258773799297,4000,720p
1.406894939981084,1.418040062861869,11877.948330220537,8000,1080p
1.3437590826580021,1.0801467013119157,13843.125513337374,8000,1080p
0.8954677695464629,0.9962518532425867,17737.529174925592,15000,1440p
0.836880328843602,0.8859052599001007,19476.847391362677,15000,1440p
1.130040908973143,0.8899698108221756,16611.01679866331,15000,1440p
1.248734742309541,0.8702552227472962,15835.106608964039,15000,1440p
1.3627508947766844,1.1175701825406121,13528.261444398284,8000,1080p
1.7671610553424881,1.4728650225264208,10356.222818450293,8000,1080p
0.8191953825611683,1.038904210179549,18058.467980452464,15000,1440p
1.1180200941709004,1.3788447635231527,13438.62560146277,8000,1080p
0.7327686050181431,0.9502682386239633,19936.837465416334,15000,1440p
1.1643488447034094,1.7140339140454386,11657.390560032803,8000,1080p
0.8361496282583887,0.9854529222864121,18420.28163057008,15000,1440p
0.9482698450508092,0.9928109814377292,17286.468209930634,15000,1440p
1.5372735083893936,1.6668410068825765,10472.294869633226,8000,1080p
1.0811288409530737,1.404675620529044,13498.419734910989,8000,1080p
1.5085606558071452,1.0719703493697934,13002.917590482228,8000,1080p
1.4156409166828554,2.0130493522218567,9786.37012048303,8000,1080p
1.173924820991879,1.0457455531982158,15116.853560855052,15000,1440p
1.3387072418772663,1.0923690993834547,13802.294658751505,8000,1080p
2.1574726895698397,2.1127684423267716,7857.737060646251,4000,720p
0.7842279595453193,1.017962004882623,18618.698728938365,15000,1440p
1.292700330487412,1.473059408978167,12132.084910052108,8000,1080p
1.0811828497672553,1.160515902548767,14968.305605440102,8000,1080p
1.284322378276144,1.5628932874900878,11784.998376991565,8000,1080p
0.8894625903411063,1.3166882082556257,15209.491582054587,15000,1440p
1.2598632575319153,0.9215798830195439,15381.758697372048,15000,1440p
1.2561946956732148,1.2138968281898879,13584.286928576033,8000,1080p
0.6501749260739863,0.8876437680127992,21819.498052028743,15000,1440p
0.8722528967751767,0.8006667745525912,20057.407761466762,15000,1440p
1.1872510984945837,1.3697981134967006,13122.325469000154,8000,1080p
1.766504658555067,1.9878438120488424,8937.484696140253,8000,1080p
1.5553481793826351,1.4729271901545051,11080.37675091901,8000,1080p
0.8024754694646169,1.170652869674992,17005.70172471982,15000,1440p
0.9649932710886583,0.9907216502155168,17157.118164044132,15000,1440p
0.8589002630872923,1.0110396637523262,17944.122973356836,15000,1440p
1.4574911950092457,1.4045356785980831,11724.010109558349,8000,1080p
1.9670014423419855,1.6017768426372272,9402.218159987333,8000,1080p
1.3939439702160903,1.833758961999306,10395.762158002957,8000,1080p
1.4535086635438046,1.4698884581117118,11477.890482767583,8000,1080p
1.338030734396531,1.0285816125994538,14178.25443300492,8000,1080p
1.0664745957204975,1.0919383088717576,15545.881850784594,15000,1440p
0.7394180290349689,0.7899110774186114,21940.622105735405,15000,1440p
0.9972473548920748,1.0673647059289226,16252.172810933309,15000,1440p
1.6260945969554794,1.3124812813398319,11418.60322472434,8000,1080p
0.7543564864492844,0.9873277178062843,19265.508591060483,15000,1440p
1.49889176455071,1.3846537404835788,11636.51898033806,8000,1080p
1.329133625068059,0.9686955158075581,14602.666230968614,8000,1080p
1.0574799815132339,0.8068890410409724,17997.741645605147,15000,1440p
1.1916532031968616,0.8835475290797241,16169.246414629646,15000,1440p
1.705733735964196,1.7148268487853573,9809.629494534092,8000,1080p
1.3028419689195532,1.5624231408003861,11710.759987329662,8000,1080p
0.6633988735982072,0.8728981539063564,21841.10975890066,15000,1440p
1.3852328713279478,1.7600330880626358,10668.233603526933,8000,1080p
0.9793000564877767,1.3320183758011785,14517.442309656235,8000,1080p
1.3731622955518499,1.091144323633523,13616.175738347083,8000,1080p
1.0695319912159376,1.1955482928678138,14813.793681301286,8000,1080p
1.1059344474243549,0.9545376620137755,16284.8270773973,15000,1440p
1.4244968958484108,1.0141859974501697,13759.243603260787,8000,1080p
1.1275462780469896,0.9958111377334022,15802.535998240235,15000,1440p
1.2495850657387164,1.4258676330458124,12541.590443831783,8000,1080p
1.2014171481715858,1.3720700118960867,13038.507640783275,8000,1080p
1.8569063773080603,2.356492303966743,7963.744838370669,4000,720p
1.1532847703879192,0.8303286090237505,16915.812500696124,15000,1440p
1.2039089088684518,1.658849458308942,11721.014384138822,8000,1080p
1.5170222370539916,1.8890467466507774,9851.36594723427,8000,1080p
1.2636495076949432,0.9895738828266303,14891.746704365987,8000,1080p
1.0301073198257709,0.8764557848421697,17599.434247860398,15000,1440p
0.9755939508112501,0.8610867024721927,18269.061603068873,15000,1440p
0.9970715042502463,0.7245956724649651,19489.499744090426,15000,1440p
1.1716042709991477,1.0497096160830284,15105.66885442547,15000,1440p
1.4035235856400847,1.5175553980230592,11486.999217638911,8000,1080p
0.9815753773692717,0.8525320079188106,18294.693249233947,15000,1440p
1.0290487483665147,1.3347255866375038,14195.277232309469,8000,1080p
0.8870202693308298,1.0241636790654935,17556.88249064438,15000,1440p
0.5307446767618514,0.7630346588262883,25935.204773344503,15000,1440p
0.8182910326039098,0.7605389152323018,21252.72075437028,15000,1440p
1.2854646260469482,1.5438686091458584,11859.483917493872,8000,1080p
0.9423168872698762,1.0978838906187307,16446.632294065344,15000,1440p
1.0426253438158,1.4982241078980727,13205.989822563715,8000,1080p
1.0124642624684617,1.0721975318055836,16095.863651439378,15000,1440p
0.635987329799791,0.8310658941630052,22871.993634534232,15000,1440p
0.7439054983404904,0.6189728311886796,24620.269669701156,15000,1440p
1.5117518434624515,2.0517069065671407,9416.253801091805,8000,1080p
1.1442723997203952,1.0426150601880761,15343.465365796357,15000,1440p
1.0249477163503742,1.0662554270605695,16045.515284215597,15000,1440p
0.8482550020387217,1.0107045114918702,18050.114462295318,15000,1440p
1.4779008081032297,1.7079457163998724,10532.34414838408,8000,1080p
0.9577552099400929,1.4281859991389516,14063.394300043026,8000,1080p
1.5047969673189778,1.2004203286174497,12403.59953723604,8000,1080p
1.1309494694323565,1.6159324228494547,12215.462228019793,8000,1080p
1.2135644286551732,1.4380036684338073,12654.561667429049,8000,1080p
0.8246816066785215,0.9705614435791593,18690.74607763208,15000,1440p
0.5949331400578085,0.8422723789449579,23346.996345576525,15000,1440p
0.7035172615271326,1.0145512076700665,19530.32291878272,15000,1440p
1.411494075386399,1.925976614847351,10053.850689442284,8000,1080p
0.7952581656710288,0.9947542927511638,18745.362269476365,15000,1440p
1.1261094389394082,0.7680294929779279,17714.873726836202,15000,1440p
1.4948202502942338,1.0980273949768715,12941.15065387561,8000,1080p
1.864841070966149,2.1207949226762386,8418.840068065354,8000,1080p
0.914482033448782,1.2725126250420309,15342.713284519417,15000,1440p
1.4660484965399934,1.7219118417472568,10525.360556407459,8000,1080p
1.4817349736680387,1.3062076265241267,12035.553385384326,8000,1080p
0.9162185284251505,1.212078036417748,15765.862969607735,15000,1440p
1.7977355243633428,1.700489085123455,9591.846077865925,8000,1080p
2.2074219845934344,1.9289784624562767,8111.988292606609,8000,1080p
1.313822392064498,1.5308565337067133,11795.50763919804,8000,1080p
1.218664748099246,1.0147412050054339,15023.88401596031,15000,1440p
1.4169444084257765,1.0404570263192123,13654.436562775929,8000,1080p
1.1779865156035432,1.2299578291309152,13934.886856240979,8000,1080p
0.9889264618302483,1.1780631176251322,15484.353186614344,15000,1440p
1.3014096160387272,1.0180196207796524,14466.676313017195,8000,1080p
1.1650676438646146,0.9044670029869719,16213.515463994212,15000,1440p
1.4354183712026551,1.1201365019539522,13129.998636481536,8000,1080p
0.8126623063869789,0.7406872638017177,21601.339868349078,15000,1440p
1.6943966803061687,1.6844914249388825,9930.613549443506,8000,1080p
1.9617633322377936,1.5217727365003686,9632.290677602883,8000,1080p
1.744713540918409,1.4982306664399345,10346.903879463584,8000,1080p
1.0914048507060543,1.194218361407375,14680.648946058562,8000,1080p
1.0801416922790963,0.8179760811759433,17677.73974263078,15000,1440p
1.361476205550868,1.2569505808331312,12814.729888376247,8000,1080p
1.245564237228361,1.8226178680478442,10936.258295196383,8000,1080p
1.5846769146914346,1.8774541125457112,9691.843473289095,8000,1080p
1.2184466216996177,0.9885396658420929,15203.733792734698,15000,1440p
1.0510973228093576,1.1627304806772834,15156.74884340772,15000,1440p
0.8152951758162833,1.1682574758374966,16916.3303893265,15000,1440p
1.0560574873362123,1.1717592572905442,15061.57635314014,15000,1440p
0.5959316275484937,0.8678904889771056,22922.47918732221,15000,1440p
1.885527489160616,1.4115280856228754,10177.09020637404,8000,1080p
1.1073063302003858,1.3686849568918438,13551.918447744567,8000,1080p
1.8698594497771666,1.8414396473995085,9041.155434097489,8000,1080p
1.7426891131083646,2.41452659597409,8071.3714053115245,8000,1080p
1.2800602112952502,1.2725002986910499,13145.401203507647,8000,1080p
1.3126666537662364,1.6551916118650003,11305.941523074478,8000,1080p
1.5199858041055827,1.6923279085049048,10445.565097915664,8000,1080p
0.778688329608364,0.9521846118569002,19385.84352216785,15000,1440p
1.1361590334801972,1.6143505445331165,12199.351083240468,8000,1080p
1.435955810172754,1.7130780400724355,10655.468818598883,8000,1080p
0.8204038540436024,0.8199127734322115,20456.070150087384,15000,1440p
0.9673163198283165,0.988300560812588,17157.97829941178,15000,1440p
1.357275341642609,1.4413933594646144,11989.426253534411,8000,1080p
1.1562297687923375,0.9727629998527889,15760.707360858612,15000,1440p
1.2536179575463264,1.5899311920128647,11800.194135980251,8000,1080p
0.884517316339107,0.8119666036888323,19778.809338462455,15000,1440p
1.3730215001930433,1.1394732419356906,13355.025758808435,8000,1080p
1.5345691566992312,1.523579678137097,10972.138313796564,8000,1080p
1.144037846327746,1.490309289479944,12737.28566137212,8000,1080p
1.0579987817033911,1.0634018576170685,15817.112231449297,15000,1440p
1.3087478610785015,1.2852468596490996,12935.428022223643,8000,1080p
1.3739552677491853,2.0204617673608727,9885.182537363757,8000,1080p
0.8788688649944533,0.9374349760569717,18474.019182041673,15000,1440p
1.8783470032985137,1.3566083242743523,10372.456062685522,8000,1080p
1.153578701382659,0.8181512764506134,17017.762258132756,15000,1440p
1.9262018205171492,1.3645721709135388,10196.516712292347,8000,1080p
1.5414231428945306,1.7908432552509288,10069.552668020298,8000,1080p
0.7724170545079242,0.9631234276236792,19333.707479290948,15000,1440p
1.396846681512913,1.2125276641916176,12859.186745372983,8000,1080p
1.2778177918158584,1.8345912427825946,10780.855481075616,8000,1080p
1.0847322438643914,1.483477125059186,13065.302387734762,8000,1080p
0.72721733727157,0.7677540273715324,22444.866031270452,15000,1440p
0.9561370366217152,1.2121513299575464,15475.078184797068,15000,1440p
0.8830057548597665,0.6074464784111284,22512.92007283092,15000,1440p
0.937097809819726,1.2407857774764235,15406.89878730293,15000,1440p
1.082136882289598,1.5984851947422074,12517.404929065604,8000,1080p
1.3066341045372334,0.8880401123729071,15289.026380981932,15000,1440p
1.394750805045154,1.3260816901882377,12332.413722191199,8000,1080p
0.9989403237733357,0.8933011412841049,17732.63751990628,15000,1440p
1.6063877934495023,1.284544875790318,11606.784328471836,8000,1080p
1.4017712713843697,1.029507951376472,13801.142906941486,8000,1080p
0.9043855315895254,1.1740569236266825,16144.027425820424,15000,1440p
0.9229820310184335,1.1576114434586628,16127.336940933665,15000,1440p
1.3568791138146634,0.9844083240236376,14331.615784425274,8000,1080p
1.5567131349432113,1.5797420379815954,10698.202317589583,8000,1080p
1.3562265036399985,0.9859366267656613,14326.25745166965,8000,1080p
1.5904830403483032,1.436532870768608,11084.986992228613,8000,1080p
1.0716005084662483,1.3744842614258377,13717.60799666821,8000,1080p
1.1122414963508307,1.1857947853159443,14601.349973318453,8000,1080p
2.258968735880351,1.585614386276684,8727.716616821124,8000,1080p
0.8287960425084651,0.7893511804507061,20736.328267237426,15000,1440p
1.3967497364656316,0.9888407724375903,14065.461727304863,8000,1080p
1.4107045278768824,1.5065598411149825,11502.019616959016,8000,1080p
1.9107643045619311,1.2834414996896113,10504.780861439322,8000,1080p
1.0665407455932328,0.849821558945568,17509.440631621765,15000,1440p
1.7746684259733725,1.7817202630783664,9434.973208439378,8000,1080p
0.7867004153711986,0.6735970300754589,22977.8064082943,15000,1440p
1.4139887235721715,1.7966371559605927,10451.056354433642,8000,1080p
1.3505943102388314,1.0425630408053472,14020.988626326465,8000,1080p
1.4746252332305831,1.8721973304141948,10025.757673707787,8000,1080p
1.1897965069772616,1.5631588690561797,12188.512858623395,8000,1080p
1.193480775684672,1.0280385395608473,15104.27200417639,15000,1440p
1.0797207109800662,1.2933626686789441,14139.592518161522,8000,1080p
2.0577808080308264,1.5195401511109048,9379.765579672885,8000,1080p
1.4234969426604747,2.1087025200000893,9499.58584012856,8000,1080p
0.858149852353898,0.8800429987891636,19304.20550167037,15000,1440p
1.2227995852335651,1.518718747822452,12239.360793402502,8000,1080p
1.8719790381535522,1.294844729425409,10595.610764173463,8000,1080p
0.9704840345089456,1.2951390439959332,14810.24461586219,8000,1080p
0.8178790237343893,1.0298477591451367,18159.84501112673,15000,1440p
1.0612791860631743,1.2599887616531744,14455.217043345072,8000,1080p
1.6603273991760823,1.3648962263610154,11091.55426288288,8000,1080p
1.5452236338742122,1.4994314739651822,11020.766166126294,8000,1080p
0.9363270438938407,1.0965610309270744,16505.794104260236,15000,1440p
0.7859108461803495,0.9149025366291748,19728.46188720153,15000,1440p
1.3853819179039124,2.0567870773881864,9748.048990590773,8000,1080p
0.8650713394393544,1.1381629615434998,16750.128521430102,15000,1440p
1.4175067747393584,1.5228576093046318,11411.657746259112,8000,1080p
0.8568350411216484,1.0122854351019472,17951.989947589667,15000,1440p
1.603463727596786,1.378196249698595,11253.60780756655,8000,1080p
0.9226398258990253,1.3627101302400626,14682.404289926551,8000,1080p
0.8876823721694685,1.2203105163324355,15917.715938712805,15000,1440p
1.2885874616468274,1.0510806904782182,14341.534704194517,8000,1080p
1.190328773442449,1.7504501804007562,11410.049013085067,8000,1080p
0.8330480631491496,0.7221867926001068,21575.15430930506,15000,1440p
0.876714290018248,0.9180061479131666,18696.18871598446,15000,1440p
0.9528620899194333,1.3162093525104703,14787.73712125486,8000,1080p
1.3301075968943141,1.3324807859257797,12602.185233175493,8000,1080p
1.1289538538184802,1.488313679070042,12820.405853951037,8000,1080p
1.2392341349636882,1.2791157850000017,13323.975248238656,8000,1080p
1.301726800766325,1.0074073025415895,14531.175106691342,8000,1080p
1.5559271735102216,1.322408559833076,11657.58101506291,8000,1080p
1.0373585138059418,1.4993275727468662,13227.664304966602,8000,1080p
1.519504979114182,1.5252631268628016,11020.357160905458,8000,1080p
1.5265751564080612,1.9356058256778306,9691.703632368795,8000,1080p
0.798524338740084,1.007147569051971,18582.79560932517,15000,1440p
1.2507482601193731,0.8767764911258931,15771.582436519333,15000,1440p
1.09404910115471,1.0553819557942155,15610.843572545122,15000,1440p
1.212561032397541,1.0058922180839205,15125.14721359029,15000,1440p
1.572082656809239,1.3450042432399565,11502.719373712906,8000,1080p
0.597875663062518,0.8062199020484052,23897.541473503057,15000,1440p
1.0987905845572268,1.0943715125137863,15299.567708566656,15000,1440p
1.0806384678534378,1.4809938276262673,13098.847972525431,8000,1080p
0.7345578587279162,0.894907423536303,20592.296359560678,15000,1440p
0.8114510464383112,0.8616709041666196,20054.982834854403,15000,1440p
0.809144455036275,1.0060156744477198,18485.659449526745,15000,1440p
0.8114221395068238,0.842053915313521,20293.267569360592,15000,1440p
1.2318273416887275,1.046503782151118,14727.636228507536,8000,1080p
0.9145937520762498,0.7660296278077422,19965.46781487483,15000,1440p
2.0027161883307545,1.6693125587029871,9137.84567375874,8000,1080p
0.7835432843929512,0.8679707633808095,20317.37607393128,15000,1440p
1.825528141951657,1.4142924920840394,10356.879528297459,8000,1080p
1.0578281153668594,0.9667505977006288,16573.537883919005,15000,1440p
1.7872086412593136,1.3799125696681716,10594.61566681676,8000,1080p
0.8383585098515112,1.0550365009239437,17721.833959125895,15000,1440p
1.7965236755553302,1.662698648190651,9699.992905822835,8000,1080p
1.220013032519947,1.672776623336965,11599.333512571067,8000,1080p
1.147048417403979,0.7997888957024986,17235.354887696678,15000,1440p
1.0531894017138195,1.4400869466543795,13457.967473986879,8000,1080p
1.7537064286409412,1.3499528769676439,10811.248496046004,8000,1080p
0.9547269877930895,0.978447493317729,17357.166840273694,15000,1440p
1.9735307345449509,1.9273328517313018,8601.795796717648,8000,1080p
0.985669017650506,0.907026963925439,17728.379162120404,15000,1440p
1.3737077498894297,1.5179001990521646,11604.073786102925,8000,1080p
1.0975289969617246,1.3261973791959776,13844.150201968487,8000,1080p
1.076578049896087,1.1352319771565182,15170.575948927077,15000,1440p
1.4927956754746463,1.2094209219447187,12417.373215768384,8000,1080p
1.4720544900495665,1.1025430592794592,13032.884307974555,8000,1080p
0.7892758111061066,0.8556170054363056,20399.16015350586,15000,1440p
1.3129583213725071,1.581181329760838,11593.922907921904,8000,1080p
0.992658162459153,1.2187857026769584,15173.087831435761,15000,1440p
1.9006838725693964,1.545630914003924,9736.322442374238,8000,1080p
1.0424777312230582,1.2226714083624877,14813.34337488235,8000,1080p
1.5490963948874588,1.1658018713126066,12359.369932106074,8000,1080p
1.2702926317313439,1.4172605009844526,12485.123211719705,8000,1080p
1.4604742435047544,2.0199419704061894,9640.925089903223,8000,1080p
0.9068119930138777,1.1499581543679436,16314.137990923939,15000,1440p
1.0144574780243398,0.7168938460292167,19380.487099198388,15000,1440p
2.35289696445961,1.6914321090153082,8296.662163341169,8000,1080p
1.0829428565477868,1.1514441582795658,15017.287415892317,15000,1440p
0.6222848427085363,0.809991218164245,23427.34959875895,15000,1440p
1.4080732544842487,0.9984857220621706,13942.908662123444,8000,1080p
1.259536249394758,0.9959268586747472,14876.958918082191,8000,1080p
1.8793013147769382,1.6472146658691154,9514.895773661818,8000,1080p
1.1991611721231699,1.3549502515429965,13137.419021381625,8000,1080p
1.0568472652691803,0.97560329397984,16509.34722485854,15000,1440p
0.913818664808478,0.8038932244943761,19534.377219463917,15000,1440p
1.2152422917985781,0.9740712835883811,15326.462310941128,15000,1440p
1.883611548512045,1.3696926253226918,10313.954738652272,8000,1080p
2.4180440235459577,1.8067983479201986,7942.173707265564,4000,720p
1.2351591573344962,1.3517441967631212,12970.887353348653,8000,1080p
1.8733762549281574,1.6505760931393885,9521.817744896714,8000,1080p
0.8314401851793678,1.1110003978150629,17274.367254144323,15000,1440p
1.3076896841917651,1.532535919464954,11814.002365445727,8000,1080p
1.516129460431095,1.5776710436501278,10845.699958913408,8000,1080p
0.7417631080814561,0.9664451891200335,19643.056443977763,15000,1440p
1.3729979409395918,1.0485467987904729,13856.622778623694,8000,1080p
1.4335898871084272,1.3394097255874966,12100.409912202698,8000,1080p
2.1986579323950455,1.6693008990690674,8674.97133812535,8000,1080p
1.0520289413592825,1.0591372877341994,15893.789668285859,15000,1440p
1.2036869135730035,1.5795394613608853,12055.947838880707,8000,1080p
1.5547353977632836,1.1507424621501388,12402.404949295638,8000,1080p
1.5349653365579654,1.2344560929057449,12116.044038302147,8000,1080p
1.1041231572483123,1.503737332910451,12866.651466450663,8000,1080p
1.6220926717498336,2.174815812097921,8837.303333157039,8000,1080p
1.5522605306132042,1.8760064252034885,9787.578514872846,8000,1080p
1.1337002032613261,1.0622842574406461,15279.904116112884,15000,1440p
1.071745577562189,0.8854046107752531,17144.536070838687,15000,1440p
1.1120268867857832,0.9291732269083588,16438.580311106074,15000,1440p
1.0868513281072623,1.0858925189023154,15443.34461983732,15000,1440p
1.9127343339471665,2.0194529746971304,8533.274070193922,8000,1080p
1.8563825810471246,1.6386309787600175,9600.658602838601,8000,1080p
0.7751036921383959,0.6758663200698379,23125.5172179151,15000,1440p
1.5687131029959485,1.3334999192329429,11561.670953509227,8000,1080p
1.1718630200108269,0.8786362744209688,16364.030015088647,15000,1440p
1.422359339680813,1.2163696584108883,12716.134178335928,8000,1080p
1.1485504011701015,0.8317045777172432,16944.500762650972,15000,1440p
1.6254377040987449,1.421135866123075,11013.826263042421,8000,1080p
0.9874262196309522,1.4253188250253457,13907.16025894063,8000,1080p
2.505108579338648,3.1255244849777197,5959.264547471262,4000,720p
1.268017565988044,1.1456171186816069,13902.034227931441,8000,1080p
1.4736300032033656,1.0208365000974622,13451.546435118997,8000,1080p
1.4392483378926315,0.9692097543809515,13931.914409324281,8000,1080p
1.7942568815550695,2.1562320105323316,8493.741639726559,8000,1080p
1.1887506798045215,1.16132811138304,14278.002986888789,8000,1080p
1.3364031817874311,1.2309748468182669,13069.533051283015,8000,1080p
1.9967908678064263,1.4696879164979408,9679.68768536211,8000,1080p
0.5825910398841223,0.6829169626289378,26514.594876814077,15000,1440p
1.6446367965466906,1.9043523417056458,9454.644884183428,8000,1080p
1.1352139601000946,0.7616669966956116,17689.266097479096,15000,1440p
1.359748650156383,1.6710134809905146,11071.285223991621,8000,1080p
1.006514291561403,1.1307203116422044,15699.92922148256,15000,1440p
1.0545658984442423,0.9556403435554084,16692.034528069995,15000,1440p
0.9061400490851088,0.7863893671051565,19825.021461386517,15000,1440p
1.1284497623556713,1.1868535269821843,14492.456411443229,8000,1080p
1.5078453013499904,1.6181479673507027,10734.006479145992,8000,1080p
1.3030314625698847,0.9655193293904618,14791.13102466807,8000,1080p
1.5180409456247483,2.0384848745437933,9434.609418471726,8000,1080p
1.2126725508549423,1.7366363113463652,11377.049189400806,8000,1080p
2.271301613392152,2.0108586444195518,7835.865539779494,4000,720p
1.0412359744362023,1.1139952450408677,15568.831639391996,15000,1440p
1.424832285624569,0.9588431087151628,14076.762330843474,8000,1080p
1.396644232444936,1.3310614568539285,12301.338862047432,8000,1080p
1.9965721298510706,1.3588290491359134,10000.125233946032,8000,1080p
0.9078121977334613,1.3389351988008311,14934.670471526615,8000,1080p
1.4942913199591115,1.519072654877321,11135.207124065175,8000,1080p
1.4803743526862525,1.1265607678540541,12871.218671926748,8000,1080p
1.5883616078009664,1.4753031273219852,10952.383795563514,8000,1080p
1.0254201137758825,1.091799225818665,15848.349470691,15000,1440p
1.7060025193301585,1.8388892502051573,9465.573050315865,8000,1080p
0.7675939124830068,1.0147491381024092,18826.023412821087,15000,1440p
1.1291616065306311,0.7877016524996299,17504.864701186434,15000,1440p
1.435678344817732,1.6703058606635657,10803.156030473268,8000,1080p
1.336293309936448,0.9768915094013644,14505.728949754008,8000,1080p
1.256471893524002,1.0429061597104552,14592.829549190537,8000,1080p
0.9019306174861356,1.1681611118710111,16209.152243905688,15000,1440p
1.365958809789395,1.6421066201270862,11154.821190485753,8000,1080p
1.432713442047742,1.2679581319023594,12424.477053654493,8000,1080p
0.9985564956533873,1.4521835212302707,13691.55102901023,8000,1080p
1.189763014058177,1.1501890232218162,14339.794775881108,8000,1080p
0.9917880990513724,1.4656957682203249,13653.97854564644,8000,1080p
1.436286596222454,1.520134774630883,11349.678476419245,8000,1080p
0.842681089139912,1.172734917278563,16648.886330732483,15000,1440p
1.0486727420494004,1.0253162228565893,16178.693603377473,15000,1440p
1.1628845954589335,1.6893395327527518,11764.304098022716,8000,1080p
1.5232752858128558,1.2177579888813173,12241.526693521731,8000,1080p
0.9399320122460855,0.9264889715032374,17977.954755199356,15000,1440p
1.1938762872114126,1.6096780017396248,11968.5329912247,8000,1080p
1.577234130452143,1.2272803950949263,11964.435090046332,8000,1080p
1.26745215197259,1.5683516379455709,11832.423709740635,8000,1080p
1.2769393336848442,1.289213176399202,13075.77467361869,8000,1080p
1.6917998253916349,2.3315040945869336,8340.019214899068,8000,1080p
1.2740653203657581,0.9179938141832067,15307.265881266527,15000,1440p
1.2621821381916885,0.9035406857158073,15493.41015830436,15000,1440p
1.01291996169331,0.9754994220866844,16874.927026819096,15000,1440p
1.365918996808726,0.9980661543667875,14194.011321650964,8000,1080p
1.1506664848189003,1.1857360857651549,14361.579816106796,8000,1080p
0.9073240160225613,0.7162783477700159,20666.65628745459,15000,1440p
1.4923880609447475,1.0112278053685806,13402.388302247904,8000,1080p
1.563170938229956,1.3174896896026427,11648.172532300781,8000,1080p
0.9542062412002663,1.136081410256889,16052.542805105772,15000,1440p
0.8617189635146801,1.1784732234143034,16446.701548498768,15000,1440p
1.3157506764888711,1.3447249548491862,12612.192949545704,8000,1080p
1.5594310972044902,1.5248510937897306,10879.170556434623,8000,1080p
1.7526670249173537,1.2982301306570045,10998.217995874424,8000,1080p
0.7652899363140626,1.1372117724337454,17637.004921317475,15000,1440p
1.435833261326463,1.2994730564971146,12267.156983974839,8000,1080p
0.9751879691494104,0.8186214075706332,18705.684358364673,15000,1440p
1.1969427170488225,0.8462572925756211,16422.49013407531,15000,1440p
1.2690081175659975,0.8809482918411395,15607.02898588201,15000,1440p
1.3445230825348922,2.0084162819633278,10007.467583602289,8000,1080p
1.2482424967865318,1.5896584547864738,11823.679745200863,8000,1080p
0.9460035367779699,0.7314785484117924,20002.855646714233,15000,1440p
1.582547778440839,1.3147050111644567,11581.465076290859,8000,1080p
2.4519300094931267,1.683267229955105,8114.348616772931,8000,1080p
1.4761635177214572,1.9178612328939064,9886.325075831082,8000,1080p
1.5018205704266314,1.4894172110705586,11217.574278967939,8000,1080p
1.1663038693875267,1.1156961958713227,14703.957511146647,8000,1080p
1.0020743759093471,0.821036578299736,18405.041076919457,15000,1440p
1.1141540528543228,1.1441849520212202,14858.01375593262,8000,1080p
0.7939850658785321,1.08557179453615,17852.310141123882,15000,1440p
1.2655887588554064,1.0779388035239557,14317.916519800814,8000,1080p
2.3351767012772537,1.5909346040402212,8546.480064015073,8000,1080p
1.5136729999533347,2.0693032890327387,9364.960662213978,8000,1080p
1.176913769314841,1.0600596506331312,14999.924317733025,8000,1080p
1.4157429414540692,1.595028888837465,11144.794056596082,8000,1080p
1.3125402401969248,0.875947701760496,15332.244403406832,15000,1440p
1.357779476510908,1.5664552817852364,11474.602681882854,8000,1080p
1.0962395986034077,0.7489204938271461,18185.106071636375,15000,1440p
1.306843049822127,1.549788918230112,11746.151543238066,8000,1080p
1.447392172239086,2.059984151071401,9566.818301473042,8000,1080p
0.7560958466212412,0.5202786370242124,26288.8614822236,15000,1440p
1.211466685935462,0.8270055179358309,16460.578631524277,15000,1440p
1.1438086040929776,1.0163874516153253,15533.049378241689,15000,1440p
0.921879189205168,1.3789730352968115,14583.47982659463,8000,1080p
1.107834044090117,0.7701755580334584,17867.01833795633,15000,1440p
0.7618574397652998,0.7816977516068383,21738.407662748945,15000,1440p
1.0629079240308135,1.432997784894938,13443.789915622241,8000,1080p
1.613149807461609,1.4984197622196747,10783.764029237811,8000,1080p
1.2180917534280133,1.1976382270936636,13889.976226876946,8000,1080p
1.87646680692796,1.420220733984096,10178.226351022908,8000,1080p
1.0008371922088188,1.3215823864885534,14448.049055296215,8000,1080p
1.2170428876530999,1.6483414062430286,11710.272884331083,8000,1080p
1.379312999920561,1.6054286542331464,11241.988717282808,8000,1080p
1.296300544336571,1.1488264053936752,13722.98154241105,8000,1080p
0.973667985489809,1.018601660221154,16842.314529178973,15000,1440p
0.8926783229095309,1.2801477363667724,15442.760296779521,15000,1440p
1.0382064983926464,1.1720559772377386,15181.197875799795,15000,1440p
0.80764605200282,1.1420852703778515,17209.77224648019,15000,1440p
1.1181804670876105,1.2775368198596104,14006.006544602447,8000,1080p
0.8512652255079874,0.9586454846930476,18539.274789015948,15000,1440p
1.1015558674698156,1.0295786979999118,15744.867801252241,15000,1440p
1.325381983129263,1.3703128323588145,12447.414969681831,8000,1080p
1.3476259739064609,1.9753222799018697,10097.78950410807,8000,1080p
2.0231438004235214,1.3732000789057919,9879.57438709831,8000,1080p
1.3057207794504047,1.4485630908906235,12182.633882195076,8000,1080p
2.629691123374071,2.4502673353347655,6605.257163565166,4000,720p
1.456146576278497,1.3456472530465613,11976.05321590816,8000,1080p
1.085506067176913,1.1961472058015157,14706.192390134129,8000,1080p
1.1423330133899308,1.1695502139837362,14513.895685863998,8000,1080p
1.9537571229929718,1.3907130631358942,10032.809423497463,8000,1080p
0.7736049690398881,1.0410003423448972,18491.31146562858,15000,1440p
1.3090648594033707,1.3359433174687905,12685.946415364053,8000,1080p
1.0399944506580197,1.5168985020766692,13123.127412945594,8000,1080p
0.9196945269210999,1.1216424089070074,16437.47850297335,15000,1440p
1.722548766143557,1.2465037265736376,11301.393990946894,8000,1080p
1.4211811404638688,1.6220120283212602,11026.060502559305,8000,1080p
1.565900910476225,1.0574223934614218,12790.810781741735,8000,1080p
1.1960854132913543,1.478535914393303,12545.48883338454,8000,1080p
1.6506092770712295,1.7674781679021592,9816.72720203366,8000,1080p
1.202884011790449,0.8826009228855864,16089.510617928503,15000,1440p
1.7663049568290878,1.57693230084773,10036.50935121387,8000,1080p
1.1733922578809473,1.3205363159429935,13454.447874804604,8000,1080p
0.9530017336180888,1.1104196387875014,16261.551057252727,15000,1440p
1.257015279273817,1.1949793796642196,13684.54530587456,8000,1080p
0.779716149344476,1.146112697020305,17423.37179305304,15000,1440p
0.9904741468785263,1.0530662346220565,16419.75480580462,15000,1440p
1.486785716570056,1.782452566551481,10263.685022053984,8000,1080p
1.0286353194687863,1.1366735504747856,15496.372118437972,15000,1440p
1.9457303257770715,1.696312893091738,9213.079028321292,8000,1080p
0.787157915039335,0.9825003222311813,18960.967317482526,15000,1440p
0.8708987680034744,1.2501008291819975,15820.10295736318,15000,1440p
0.9477849707542557,1.2439715225768233,15309.37953285278,15000,1440p
0.9089663632619787,0.9593024452726882,17960.173528946107,15000,1440p
1.1584618671745197,1.0433489773328386,15239.47076730272,15000,1440p
1.3722878083592864,1.3426686954065141,12359.104815660243,8000,1080p
2.100943340475943,2.0114298449402015,8159.384007024284,8000,1080p
1.6579942596010588,1.4568404905555905,10772.459758358771,8000,1080p
1.367566459693049,1.0137332261543999,14090.806041516258,8000,1080p
2.6924076082773043,1.9203723340159362,7274.232115941441,4000,720p
1.287716074935837,0.9501598012880919,14993.87537820817,8000,1080p
0.6257467598058124,0.8494616243610149,22745.55402486475,15000,1440p
1.1458137216271682,1.3833963080249383,13266.763774701392,8000,1080p
1.8471495647574425,1.5058203827211507,10007.376303874322,8000,1080p
1.0076968987050057,1.0566034114437874,16254.62721438114,15000,1440p
2.5261188732256934,2.150995008411582,7174.174683181735,4000,720p
0.913745987980006,1.0637370454459356,16968.252790451384,15000,1440p
1.0960065084093171,1.159341703048402,14877.71681088326,8000,1080p
1.7576454097247358,1.2560832143802478,11133.85980795301,8000,1080p
1.6157026928837817,1.7310739009139158,10025.895383092984,8000,1080p
1.829825739451063,1.9995489539814466,8762.378896363116,8000,1080p
0.8096461482244929,0.9528757116147074,19037.73948259641,15000,1440p
2.09390150220253,1.7270677647625194,8781.654511095267,8000,1080p
1.5875227127945764,1.224020263134004,11934.525734545401,8000,1080p
1.4608396718406242,1.5148946172004953,11276.017527362079,8000,1080p
1.7351211691815622,2.0195604009284267,8936.691800209588,8000,1080p
0.8625647948305029,1.2159680584761146,16143.325301122952,15000,1440p
0.8809782803592631,0.6360350881562314,22118.745092428155,15000,1440p
1.2041105823769735,0.8378142490697946,16432.745947962063,15000,1440p
1.9843166322906785,2.2986494489806777,7834.3912520642,4000,720p
1.6690166215027176,1.3760611967254073,11019.236289837974,8000,1080p
1.233971731449625,0.9476119308098314,15380.767916664641,15000,1440p
1.8424006617764812,2.4121841639574404,7886.6524876988005,4000,720p
2.021186712788143,1.7032865805535478,9009.175085235776,8000,1080p
1.625977965013627,1.7256460651562486,10011.394982837413,8000,1080p
0.873805897625579,1.1424520511096055,16641.93414391694,15000,1440p
0.8542657742355184,1.1897659817577153,16415.80758303594,15000,1440p
1.309740760546904,1.463932267290205,12097.472075201855,8000,1080p
1.2246788211601942,1.036355424044977,14840.302428482324,8000,1080p
1.3992703334554653,1.0987508961493695,13432.404657869149,8000,1080p
1.1263257035448484,1.28575626400398,13910.983312933686,8000,1080p
1.679175203693823,1.4073428808508823,10871.289615317333,8000,1080p
0.7826990260935216,0.8488639536203233,20565.82088292112,15000,1440p
1.0302975657864542,1.1726819684650023,15231.386165101781,15000,1440p
1.3157118778289096,1.406845405172639,12324.600921897632,8000,1080p
1.3473744057149253,0.9745545145992327,14451.10214461693,8000,1080p
1.2646167737293292,0.8472498722007558,15888.518370544332,15000,1440p
0.933030889744364,0.9758476918789156,17578.086067405005,15000,1440p
1.5888972401054595,1.1822936889409144,12108.307532439418,8000,1080p
1.5867652530390868,1.1535743669676255,12244.625357756864,8000,1080p
1.2206411836778126,1.470985551903329,12466.227785761444,8000,1080p
1.453112376897883,1.1367966836988144,12955.834052439388,8000,1080p
1.0850754101629887,1.195248390380094,14714.766381865886,8000,1080p
1.0673164934643133,0.8612490651152944,17398.64732662389,15000,1440p
0.8991163818080422,0.6633792258761116,21474.89684769902,15000,1440p
1.3119786916299452,1.4803456988539692,12016.666872356102,8000,1080p
1.1191232899983456,0.9228867648333259,16432.060126543296,15000,1440p
1.0888246190791286,1.512636399993729,12898.302820604464,8000,1080p
1.4332721348063129,1.8591716764445638,10191.345372497604,8000,1080p
1.0781263684753737,0.7493315871706014,18361.26073179018,15000,1440p
1.2383038793474848,1.7246770392995714,11324.552172722557,8000,1080p
1.5006110677853635,1.1755148617941866,12538.435366257889,8000,1080p
0.8927857676918217,1.1416791936773971,16493.000684276947,15000,1440p
0.9526892248841338,1.3439823621498768,14610.026174152823,8000,1080p
0.9341114431649497,0.9831726206215811,17501.022740329798,15000,1440p
1.1626566557055396,1.0227234207496718,15354.048644218838,15000,1440p
1.125581400973658,1.536936974312731,12602.516591605036,8000,1080p
1.3371337105520391,1.7974994137856126,10704.420794726992,8000,1080p
1.1797313127010076,1.1509278486236019,14396.970847049826,8000,1080p
1.1377409128017641,0.9086404436960336,16396.959390514323,15000,1440p
1.142599148018592,0.9853523611036492,15768.41946640075,15000,1440p
1.370516403940952,1.6071347192757512,11268.758699894885,8000,1080p
1.2797960249716671,1.5900716342048553,11691.978859271887,8000,1080p
1.8059597635548914,2.269449739174146,8233.389056371088,8000,1080p
1.4264123547872354,1.2355926322103217,12604.9470845829,8000,1080p
0.9322182298481643,0.8521598372935322,18804.553036088997,15000,1440p
1.4094024751204999,2.004416170655061,9829.002498865024,8000,1080p
1.3852381919950336,1.1413977241885844,13280.279831802052,8000,1080p
1.4432397565578892,1.0705536477144408,13348.126358742289,8000,1080p
1.6545308320762337,1.5465310626893227,10482.281537532564,8000,1080p
1.2039879737520092,0.8359304124125619,16448.90904831179,15000,1440p
1.8405999841466958,1.6964831067231771,9486.469822157324,8000,1080p
1.1889727203780789,1.5463190636328787,12267.222164794679,8000,1080p
0.6202684401419525,0.7423912150830652,24624.220634505476,15000,1440p
0.944290380649806,0.7830152255113303,19425.880330796415,15000,1440p
1.124752545015475,0.887674232372285,16673.616340742337,15000,1440p
1.617879832998804,1.3020001529777252,11491.716153113739,8000,1080p
1.3006897197020006,1.1706495585337773,13577.42835858361,8000,1080p
1.2775245546243361,1.6367178604227413,11513.946755681254,8000,1080p
1.8234157828265862,1.3123285481037736,10700.627493455298,8000,1080p
0.9359717502105773,1.0758615157706413,16678.535228233595,15000,1440p
1.2761197715645547,1.1862493105298009,13626.889747762933,8000,1080p
1.5809081048996154,1.3119239173322075,11599.163636923764,8000,1080p
1.3044403729562313,1.9301311725552615,10373.68675507035,8000,1080p
1.6203410286662836,2.3802986240395754,8387.266765529666,8000,1080p
0.8149244568602538,1.098648093674824,17534.96724784092,15000,1440p
1.0825544417509414,1.456274977462965,13216.497235324066,8000,1080p
1.6982443628901516,1.6579283696568505,9997.826296185749,8000,1080p
2.3891190021849567,1.9396090815887939,7751.56844011036,4000,720p
0.9942868459086371,1.121732028823161,15857.340594021387,15000,1440p
1.7536049008615473,1.8435893681031228,9327.945473920012,8000,1080p
1.8995427985765714,1.8332245853802291,8989.156984229672,8000,1080p
1.484010626644206,0.9978123534207297,13520.074666696037,8000,1080p
0.9521438596082281,1.0924711305107846,16411.124912102336,15000,1440p
1.4609881009962047,1.5921292656513333,10990.220148937247,8000,1080p
1.59802424655699,1.6070100972501744,10469.289374335282,8000,1080p
1.3886169139784463,1.995803713783354,9914.379945790119,8000,1080p
1.8267878536587452,1.4651306588820179,10192.971627995152,8000,1080p
0.7439602817248008,1.0340926935300243,18871.446726828308,15000,1440p
1.182163661298521,1.293518765866465,13553.609151083514,8000,1080p
1.3656694010907704,0.9770463913606782,14322.8777934212,8000,1080p
1.8915384303058447,1.74459970864113,9228.041047339682,8000,1080p
1.4024997799944627,1.5358031343950198,11419.663995729285,8000,1080p
1.0682175270351262,1.3141489002090305,14084.496665281951,8000,1080p
1.160557928502045,1.277019978973336,13765.480847647079,8000,1080p
1.4892137850616414,1.3665997583314309,11749.517778437676,8000,1080p
1.268191650851574,1.0862367705279,14251.625445610385,8000,1080p
0.6953685242224472,0.9446486506039544,20459.80524780284,15000,1440p
1.3345193260000163,1.7181319218750752,10991.898279686151,8000,1080p
1.3785067012002044,1.0966093185227122,13556.710769362779,8000,1080p
1.7935222208028705,1.3009433112890125,10843.369122071603,8000,1080p
1.064943442726871,1.2055327702354661,14778.587773100182,8000,1080p
1.1038580242456315,1.0313922985522006,15714.519108950848,15000,1440p
1.2039048098270195,1.7001066165520553,11554.511010253847,8000,1080p
1.264461547016304,1.1291631405587745,14018.25113777263,8000,1080p
1.2258494553118149,1.652758222746004,11656.479712664073,8000,1080p
0.6902998181293619,0.9770679979519453,20124.19316024735,15000,1440p
0.8322507244610934,0.8678995723060324,19736.156305595163,15000,1440p
1.3718759981126816,1.7028223611311248,10913.080920319091,8000,1080p
1.3970374272496757,1.0292931003509738,13829.291441665748,8000,1080p
0.8912625510809302,1.262046471872994,15582.729483931571,15000,1440p
1.0479692873619555,1.4160817622089195,13617.587998367017,8000,1080p
1.2513930903783734,1.62076450842018,11682.656973292862,8000,1080p
1.4694215639692818,1.0626335205468906,13251.857041021527,8000,1080p
1.3700519684885528,1.8044457789478685,10569.997104926919,8000,1080p
1.3848888996772493,2.042349096998738,9790.517038076667,8000,1080p
1.214840437270366,0.8522716593118609,16232.516879698522,15000,1440p
1.304699176517017,1.044898483518103,14280.926718108178,8000,1080p
0.956400815835197,1.3566158445420218,14506.783532863861,8000,1080p
0.7707644355718889,1.0277638387475792,18656.605225011772,15000,1440p
1.153527838686776,1.066852724955143,15112.018430283524,15000,1440p
1.3528070940064332,1.2195359418105696,13044.30689561696,8000,1080p
1.1335010748602745,1.4980760693547797,12750.692896752835,8000,1080p
1.023965859925795,1.4173758852826892,13744.258486488356,8000,1080p
1.0625952023567706,1.4634340108402604,13283.469496194914,8000,1080p
0.9633151217274435,1.0685373257134048,16514.20704405104,15000,1440p
1.2932144113453963,1.127552346854812,13861.075994346125,8000,1080p
0.9140870164663266,1.3502032729609514,14818.96210776364,8000,1080p
0.8589480288226278,0.7668541249688209,20638.693288571092,15000,1440p
0.9046769180373422,1.1508980035587257,16323.623939693907,15000,1440p
1.7168513548060567,1.6041995775894229,10103.558386500605,8000,1080p
1.5136647872454267,1.2506242509250451,12138.539616033713,8000,1080p
1.691197947011771,1.5359679004922802,10397.492284430195,8000,1080p
1.388324927193329,1.105984040426663,13452.396008509246,8000,1080p
1.5778418676209636,1.3263649180664496,11553.733764883347,8000,1080p
1.3091448921254916,0.9050382153925813,15154.316680525988,15000,1440p
1.0364475386450733,1.0321381603776874,16220.953289898385,15000,1440p
1.222222312715477,0.994919919546863,15134.090863336964,15000,1440p
1.127682269867906,1.0799465781356294,15199.30853881751,15000,1440p
1.1498545313634725,1.2047904654406196,14250.31461028847,8000,1080p
1.1844274890880009,1.599655431373926,12052.238729453053,8000,1080p
1.5611884562498097,1.2775436320329023,11820.217955227581,8000,1080p
1.2389320143901679,1.7211809814837196,11335.524031268958,8000,1080p
1.193245994377625,0.9234589098859451,15852.20118893901,15000,1440p
0.9823938159964982,1.1956910442907487,15405.475062883834,15000,1440p
1.9893438367435123,1.3704521773074274,9987.044409741735,8000,1080p
1.4028376958869153,0.98703357410448,14040.267532954114,8000,1080p
1.1756208750350126,1.083301712477111,14854.175253945003,8000,1080p
1.4160970255489587,0.9946695314702132,13918.573701092351,8000,1080p
1.2233113600604228,0.9491854938272548,15445.100387581426,15000,1440p
1.0107047213594356,1.1921800335294395,15232.041497192467,15000,1440p
1.165571314329032,0.8954980912635975,16280.10774841031,15000,1440p
1.4226021887420675,1.067890201849859,13473.0112514116,8000,1080p
1.3929155172469212,1.0105642081045612,13960.771811833376,8000,1080p
1.3070842935705755,1.0365765277425574,14317.10241296765,8000,1080p
1.4096398511637203,1.6148152615869682,11094.372622208579,8000,1080p
1.259725665146194,1.2782936371272617,13220.71584323385,8000,1080p
0.6982813238874974,0.7242458725949401,23587.901927620027,15000,1440p
0.9330938603331637,0.8024616465595523,19333.540106749337,15000,1440p
1.2526483675546924,1.2335204971109002,13496.441242141173,8000,1080p
0.6287112311287729,0.8411565222408067,22828.19792670366,15000,1440p
1.009303344599396,0.7159275985739881,19449.2407713718,15000,1440p
1.1516841159395999,0.8529712182315226,16738.254914964702,15000,1440p
1.233288252000805,1.6032932950126222,11829.179399171057,8000,1080p
1.4017143951240136,1.1360055736305386,13222.27527589171,8000,1080p
0.6834307646893821,0.9397170873458488,20672.44333775682,15000,1440p
1.1959529934134936,1.5992709445168913,12004.201718751763,8000,1080p
0.9248756842167898,1.1526350751956393,16151.267495476179,15000,1440p
0.9633087789373128,1.1619575781973386,15788.341958811743,15000,1440p
1.2427446727784222,1.20375115366016,13715.303184819215,8000,1080p
2.06180128535218,2.102870168898816,8056.921744871389,8000,1080p
0.8558333477803801,1.208002269636535,16258.28710234032,15000,1440p
1.592880892959139,1.7395878272144818,10068.941321751348,8000,1080p
1.8634961625459823,1.3092846979811512,10575.716847467742,8000,1080p
1.359256426819925,1.8665389074192773,10401.909768994612,8000,1080p
0.8435527969843103,1.1017260239660924,17249.163276042014,15000,1440p
1.9173367181816843,1.4249619279084775,10039.32788569093,8000,1080p
1.2092540925174977,1.6356740900590903,11794.474182336126,8000,1080p
0.8847941831116567,1.0273681503331242,17547.899262062827,15000,1440p
0.965280832915581,1.2428383851175564,15195.933138921871,15000,1440p
1.0861076037863049,1.2406949837851584,14420.83319798158,8000,1080p
1.0213273000782095,1.1861548536069189,15200.318581957674,15000,1440p
1.015868461411489,0.9428479012072433,17130.827433911334,15000,1440p
2.171639722074754,2.1038013530377637,7848.180201879391,4000,720p
0.892215672895917,1.1315993344306854,16579.792065246307,15000,1440p
1.1680258970980875,0.8652363964105021,16502.756239136565,15000,1440p
1.4080135488828158,1.3309682439751465,12250.69552762086,8000,1080p
0.8478286675941599,0.8589444926582751,19659.573270438137,15000,1440p
1.8221696170188988,2.1102632734887012,8532.741164126715,8000,1080p
1.0382677493971324,1.4413102672095996,13532.315488874503,8000,1080p
1.1175876604635389,1.031345002643627,15614.464136574326,15000,1440p
1.7595158016395613,1.4795825783789303,10359.188904848404,8000,1080p
1.0938675894015653,0.7306377265132704,18390.97519054105,15000,1440p
0.8297917408797667,0.9323361057698137,19041.996336303677,15000,1440p
0.8322985709698519,1.186901039795401,16617.689415700344,15000,1440p
2.287855411103574,1.6370000167195928,8549.214771615221,8000,1080p
1.866240744428068,1.8901855779663839,8932.540963191703,8000,1080p
1.3303792878101595,1.9372062055655972,10268.876535296027,8000,1080p
1.3367521288038948,1.348257949529955,12496.948250124182,8000,1080p
1.2682880519823612,1.73883329397927,11158.323239952197,8000,1080p
0.8385162828325788,0.8770106594540664,19559.25679329461,15000,1440p
0.8674797334290549,0.6025923574213417,22825.02484663162,15000,1440p
1.1789522179320533,1.0654086168662424,14950.55139073285,8000,1080p
1.3775276441077065,1.2575900032194722,12733.561263966538,8000,1080p
1.5421619987888786,1.2036774936396435,12220.09956973968,8000,1080p
1.5398998842596776,1.3367474508114117,11664.423230097056,8000,1080p
1.214292937968468,1.175244629408582,14042.228278014503,8000,1080p
1.121477135637229,0.7524101599495641,17906.32343739365,15000,1440p
1.6342633826321558,2.4326851193394097,8250.518044114295,8000,1080p
1.1204060931602415,0.9256103088228202,16399.88416880628,15000,1440p
0.997867200207537,1.4675756289300796,13609.900665081312,8000,1080p
0.8310083204421626,1.1336841334985752,17078.71984375837,15000,1440p
0.9479133777675638,1.3304200701598496,14727.62120510686,8000,1080p
1.1023640761127653,1.183827906826907,14676.996617254532,8000,1080p
1.189319732715691,1.0447461278522008,15019.446199974866,15000,1440p
1.1598233531837612,1.3532271748803963,13352.0721630088,8000,1080p
0.8829967705563275,0.6939128338299776,21278.602087694537,15000,1440p
1.2583158092626057,1.6410830356696813,11572.892794190113,8000,1080p
1.0084044364987848,1.1249696323167337,15728.339671171652,15000,1440p
1.2461003227059968,0.9165288170986723,15515.573790442255,15000,1440p
1.1390775247045841,1.1417281632370275,14711.657453942209,8000,1080p
1.1845566897201838,1.3031120549112671,13488.303887892076,8000,1080p
1.9551611774878115,1.3912564639157314,10026.970807483169,8000,1080p
0.8990357768362133,1.2216160604785284,15822.697252599479,15000,1440p
0.9960954983624453,1.2105380432844257,15206.164216536567,15000,1440p
1.5355987237366608,1.4744694004251377,11147.399532475287,8000,1080p
1.537059990795087,1.192867680853766,12291.326377791325,8000,1080p
1.253607951917836,1.0681490342295061,14452.172298910264,8000,1080p
1.3456792325270108,1.0657239609927698,13914.899047231753,8000,1080p
1.6851551973933991,1.3148630527046017,11184.742625783656,8000,1080p
1.65941060363631,1.9602575212105875,9270.029970335821,8000,1080p
1.5186271742058006,1.5897514331262455,10794.834297486084,8000,1080p
1.7732645485647158,1.4185536466480164,10512.638862177933,8000,1080p
0.6830285037508559,1.007589524431551,19847.435340598233,15000,1440p
1.0841065672793688,1.5805992566569007,12592.171225277625,8000,1080p
0.8032682898045943,0.8765713688109414,19974.782609701197,15000,1440p
2.0715151017694526,2.4175179291885596,7474.757206863121,4000,720p
0.9197129344437606,1.1549234725922601,16173.644637779373,15000,1440p
1.574576863879582,1.4814118630262585,10979.893906210034,8000,1080p
1.384642003061659,1.6567009275798326,11032.768341228317,8000,1080p
1.3537792922498606,1.8327567258479482,10530.065189732328,8000,1080p
1.8707406257856485,2.290401504534561,8063.755322248007,8000,1080p
1.0915599797943984,1.4736727250906385,13080.463201682036,8000,1080p
1.4383013951194548,1.9343748494402806,9948.90394656904,8000,1080p
1.350769495161354,1.1231469495921929,13563.284269830187,8000,1080p
0.9424705228422492,0.7822811877207032,19454.644859605887,15000,1440p
1.5378763709693697,1.125375152291456,12599.04733253159,8000,1080p
1.6650669245807472,1.2240099594014893,11614.239893037859,8000,1080p
1.7548757569677822,2.3633748023687327,8147.739317106026,8000,1080p
1.4128696846414188,1.4340087905356809,11786.394218289432,8000,1080p
1.4318877670627925,0.9842918759198209,13887.391236596663,8000,1080p
1.5691295294916412,1.986592133145549,9436.7431378511,8000,1080p
1.104444853458245,1.3209305670539515,13834.737383837219,8000,1080p
0.8308993094019781,1.2093885131707973,16445.93063232045,15000,1440p
1.1000742488840463,1.5990355607124378,12431.66612958825,8000,1080p
1.3648981586141369,1.2660638248354543,12753.674211592004,8000,1080p
1.0519914208286705,1.0486392740678474,15973.503615614343,15000,1440p
1.513738456052745,1.614583710689128,10726.015484187397,8000,1080p
1.284685215292596,1.6829854301191507,11306.656300246053,8000,1080p
0.7038232533999578,0.7553998367413388,22994.72385456217,15000,1440p
0.9909659299064829,0.9742490684197888,17074.178666750224,15000,1440p
1.1288324499780928,0.8029947490888061,17369.271959835376,15000,1440p
1.020712327998372,1.1895455753290927,15181.229280748184,15000,1440p
0.9507466225811713,1.3319108881941526,14699.722512731643,8000,1080p
1.167968072676044,1.1383259126967067,14549.069725201067,8000,1080p
1.5411224377148938,1.1271138469829016,12575.509969800287,8000,1080p
1.225894530714087,1.058650304981205,14687.57867025527,8000,1080p
1.3244169750216381,1.7408291528969155,10946.733345287688,8000,1080p
0.858255716450207,0.9134431064626377,18939.128686010674,15000,1440p
1.206683750928398,1.1408384853842688,14293.552359574274,8000,1080p
0.6056029894848282,0.8009834262247856,23855.22256239906,15000,1440p
1.1837144529113788,1.5677276213185296,12195.216579070244,8000,1080p
0.8662886087530818,1.0439645060423741,17565.437658554958,15000,1440p
1.4723833081228581,1.8150862691607812,10206.765784803172,8000,1080p
1.1691320455531997,0.8413341695750463,16689.8760832246,15000,1440p
0.696938412523256,0.869929547228922,21414.97105174523,15000,1440p
1.3974503937322365,1.6106248881300773,11154.784656594862,8000,1080p
2.4034055579475826,2.2349609020933023,7234.105431097015,4000,720p
0.9407736726882817,1.0449806949277467,16897.574315942882,15000,1440p
2.069839560795689,2.6021303821841215,7182.073602682209,4000,720p
1.0378590730370356,1.268208131812925,14550.500492540132,8000,1080p
1.213531881173331,1.7271834958179373,11410.29569285638,8000,1080p
0.8649885840398641,1.1304007833533696,16815.982157825834,15000,1440p
0.8605743645956625,0.6559405708860326,22126.01486139799,15000,1440p
1.04260101317394,0.7846508023997698,18363.332143941407,15000,1440p
1.087889876332922,0.7611247963353751,18147.19617750674,15000,1440p
2.4957968067167777,2.5544956530848295,6644.0572040293555,4000,720p
1.5177889962158042,1.1086257954515288,12775.755035516899,8000,1080p
0.6927395416083054,0.9864256771150147,19982.805518989753,15000,1440p
0.8377153444398063,0.9184791038770433,19106.330755206993,15000,1440p
1.5021900542928812,1.248041593241054,12200.583914481324,8000,1080p
1.1857884555082243,1.2133056891462257,13986.29231569108,8000,1080p
0.7764501298679082,0.6473813499054738,23566.294520571035,15000,1440p
0.8252747056731579,1.063865040876665,17761.752173856483,15000,1440p
1.3345948284387261,1.2125420924811654,13173.3915536358,8000,1080p
1.0793679493388824,0.8361650571178918,17517.021052050033,15000,1440p
1.2064078499069943,1.6866172167357132,11598.389653408425,8000,1080p
0.5083307412601997,0.745229438488758,26767.308456399536,15000,1440p
1.6028757822352186,1.4167574133750296,11112.088729445453,8000,1080p
1.2644509800268282,1.1235127945064156,14051.482839834376,8000,1080p
0.9359390054841034,0.9265544881949096,18015.865351410917,15000,1440p
1.556519104076882,1.174470834688473,12286.545447754203,8000,1080p
1.4657076464252774,1.0899092822473406,13129.679813722358,8000,1080p
1.347308730665793,1.4297764742225476,12082.608031232206,8000,1080p
0.9588792398186161,1.1697205516221696,15763.617066450995,15000,1440p
1.0572465891067686,1.2596144375653446,14482.712434503172,8000,1080p
1.6555981641124684,2.3253669555422243,8428.717909216572,8000,1080p
1.3074393664527852,1.2913842941109446,12911.392376934671,8000,1080p
1.0640707717158007,1.5450932562235051,12860.223290178115,8000,1080p
1.1446222810860918,1.2411306986203328,14064.503863316559,8000,1080p
0.8646754677145396,0.6056254949368429,22821.47182947602,15000,1440p
0.9727941955594671,0.93759939152992,17564.146062237585,15000,1440p
1.418811927255109,1.2086799926268297,12770.517673564418,8000,1080p
1.215981154624031,1.3080779304663468,13293.837770362074,8000,1080p
1.119279672946589,1.3890700126535271,13377.094985052769,8000,1080p
1.1024320866612087,1.003760362713518,15931.32289974804,15000,1440p
0.6716195385981544,0.7544603199290151,23529.139549488085,15000,1440p
1.1453210834451386,1.0956219452851699,14973.353436393043,8000,1080p
1.253757940430771,1.8260323673370682,10895.03785870392,8000,1080p
1.328209069143438,1.2895379128882312,12818.057753602277,8000,1080p
1.2223875750391677,1.682504211322934,11551.00928631197,8000,1080p
1.2669144883865338,0.9042326804291267,15454.701773304301,15000,1440p
1.373763415437226,1.2152943722877876,12960.093883993233,8000,1080p
1.4911096514872495,1.2917069744468936,12057.72298731195,8000,1080p
0.7180432486498539,0.6524234892965094,24483.944827643994,15000,1440p
1.1070838567611678,0.8720262064190683,16954.303160927448,15000,1440p
1.0345559501135797,1.2868438575342325,14454.395959479058,8000,1080p
1.816592784092396,1.8422740378162181,9170.71695506442,8000,1080p
1.271238271006655,1.190031292697978,13632.977262959701,8000,1080p
1.6392846054751429,1.2326970025490245,11683.372869189225,8000,1080p
1.2771968897167858,1.28669698990201,13087.29361489366,8000,1080p
1.2785394639215417,1.2308509152982319,13371.547240263524,8000,1080p
1.2106751834671463,1.2062140287832135,13883.3140674899,8000,1080p
1.4410835520987364,0.9841163921719911,13835.7384013919,8000,1080p
1.043589126087931,0.7169028687949575,19059.690187476317,15000,1440p
1.9762220407195985,1.4590768342999503,9767.543733675591,8000,1080p
1.6958541811244736,2.374958313725882,8242.68669766709,8000,1080p
1.1505485669916844,1.6013340822710562,12193.264131008493,8000,1080p
1.1084681796746525,1.0254215754514988,15724.538683122515,15000,1440p
1.0113590378116484,0.7748750550277601,18785.013752963183,15000,1440p
0.8625088995012659,0.7472035292339975,20844.985353292835,15000,1440p
1.5151060738355493,1.2819833106103855,11996.195826486495,8000,1080p
1.17566130241352,0.8823765724816048,16304.088670724726,15000,1440p
1.2198373986649458,1.0098151442946521,15049.175310275248,15000,1440p
0.7980746928019877,1.035440233746453,18300.604764186795,15000,1440p
1.234074956565441,0.9476133027134039,15380.030514117258,15000,1440p
1.3645637664634171,0.9660930317097853,14396.985444746897,8000,1080p
1.2026731526912589,1.2027841047807388,13949.294628192169,8000,1080p
1.4206878683340947,1.7880651445337448,10457.156367423417,8000,1080p
0.936181648901799,0.6444307051671222,21228.754737758358,15000,1440p
1.6869879429503045,1.266746473400813,11360.003057231976,8000,1080p
1.5291174548436046,1.5398546653280978,10933.443083257042,8000,1080p
1.2195933898158529,1.596754954635781,11914.162559508712,8000,1080p
0.6943156975173617,0.6642705397653876,24698.05087022727,15000,1440p
1.3177303018017787,1.4651723255162827,12057.350361675095,8000,1080p
1.4767256376861941,1.0749621454088678,13149.897186598688,8000,1080p
0.9918595086590588,1.0685909993530753,16284.997804859868,15000,1440p
1.1124930035904952,1.152008455611775,14817.580206735847,8000,1080p
0.7607723688992718,0.9654630341906993,19437.923669006777,15000,1440p
1.744306193089745,1.7923995970765647,9487.481851981285,8000,1080p
1.0695860620747113,0.8173174626836066,17782.802119836935,15000,1440p
1.3617288322591625,1.7809744561637928,10676.932857011137,8000,1080p
0.8996316228586436,0.8422999555879875,19262.772668672893,15000,1440p
1.6575635211017858,1.889046261947505,9460.98783135671,8000,1080p
1.2589822817896947,1.3563745704608023,12829.771956789236,8000,1080p
0.8534192006103322,0.7733627514335847,20626.262762407485,15000,1440p
1.237894918068121,1.5188984632771465,12171.544021781574,8000,1080p
1.388358694878275,1.9963977645264894,9913.396252414806,8000,1080p
0.9972519994734287,1.0552195813196703,16348.305289096463,15000,1440p
0.7508742328731274,0.9636008958154659,19571.25620461224,15000,1440p
1.0341622788656135,0.8683505011563313,17636.90228646609,15000,1440p
1.8224112254322842,2.128147708403894,8493.59104925871,8000,1080p
1.79340435021453,1.608333486586389,9863.908863581164,8000,1080p
0.8415590188912472,0.9513003041474553,18715.596683363237,15000,1440p
1.2910317659397428,0.9363138635468495,15064.762089812872,15000,1440p
0.9099081801244112,1.213058514449758,15805.444374496154,15000,1440p
1.4599561754627834,1.443200577055396,11557.912596657105,8000,1080p
1.4783147842129392,1.1961229470754757,12546.350063583306,8000,1080p
0.8863349012889631,1.2967493426487673,15370.195673015493,15000,1440p
0.7910624050307229,0.6291638869548071,23626.11661912669,15000,1440p
1.6219136151099665,1.1237744717421754,12220.773423127339,8000,1080p
1.2312537473504286,1.0865499897420532,14476.821942694607,8000,1080p
1.3732629507919871,0.9932855430957452,14178.63698405658,8000,1080p
1.0531602453337736,0.8413120452306251,17711.7565493679,15000,1440p
1.6487092104266294,1.6374478995588226,10210.842292975014,8000,1080p
1.4462081438311252,1.5066307020600065,11363.448447818584,8000,1080p
0.6474277796092864,0.5979070771568047,26944.104083888553,15000,1440p
1.444367084269962,1.2384186260813659,12507.309797622947,8000,1080p
1.4805966633704222,1.7724637369540701,10314.727632063932,8000,1080p
1.060693075839749,1.0365796171624344,15999.079238459844,15000,1440p
1.8395243543714848,1.429986334806703,10262.829881872667,8000,1080p
0.6863751029448298,0.9128410550345617,20981.799009832415,15000,1440p
0.9917226357158518,1.1891159007012324,15386.023054749769,15000,1440p
1.436181295366661,0.99578152434377,13797.263563427035,8000,1080p
1.3343344390599434,0.9578800991113521,14638.434335544076,8000,1080p
1.3143141025578102,1.9181381013053187,10380.488212601824,8000,1080p
1.0002078317761518,0.9757520573985543,16981.33255833173,15000,1440p
1.5870963034236898,1.4798871357620598,10940.532502160604,8000,1080p
1.097001747818342,1.2000611460815342,14607.53734218936,8000,1080p
0.9618915751866496,1.09021316610978,16351.22775399943,15000,1440p
0.8956625243946127,1.110914131300671,16722.227832543635,15000,1440p
1.5558772748622773,1.3350584057865567,11606.772238000513,8000,1080p
0.954476083676756,1.3938543789166928,14288.632939225752,8000,1080p
0.810691410498791,0.7352240361919777,21705.218142316637,15000,1440p
1.000947760030203,0.674866496867575,20022.763180279333,15000,1440p
1.377448951420094,1.4188892111287368,11999.41854293313,8000,1080p
0.6130123102980428,0.7735906174693999,24199.020013628342,15000,1440p
0.9332259302182108,0.7432767966231028,20014.540664195432,15000,1440p
1.2383622951852151,0.8260757953465412,16253.54238225525,15000,1440p
1.526298337044804,1.3585005469297446,11631.463179772929,8000,1080p
0.8101791992221111,0.9037532063555515,19577.453516138426,15000,1440p
0.9965968934056799,0.9241686518108794,17469.30128123308,15000,1440p
1.1488479093381792,1.3703135498024446,13319.682975559104,8000,1080p
1.586555528631371,2.1956942352752105,8871.553729794552,8000,1080p
1.2613512736084387,1.0995398877181086,14212.61282588999,8000,1080p
2.1087227929577863,1.6964025482771086,8818.2198984043,8000,1080p
1.5102674647195147,1.1743094326813117,12498.964746544225,8000,1080p
0.7813169092363804,0.959065685590493,19279.9170134989,15000,1440p
1.4381927401322139,1.4174299891540187,11750.302886959786,8000,1080p
1.1866952116517462,1.6978341301725752,11632.5500709861,8000,1080p
0.9586968213620375,1.1774167501179795,15708.168539349545,15000,1440p
1.1062935671672407,1.4456417613515549,13148.621606910312,8000,1080p
1.04288914222899,1.514414481758017,13121.020001405386,8000,1080p
1.0137072485877332,1.063133942433136,16156.474623611615,15000,1440p
1.1580456673315183,0.9769682985624535,15716.258786134033,15000,1440p
0.9407772096422431,0.7121570265815389,20299.919539846258,15000,1440p
0.9837583744174481,1.2583786101403378,14965.380006261259,8000,1080p
0.8512572900343053,0.784512993993968,20512.924294827226,15000,1440p
1.1930956967685753,1.0886790559859585,14705.409444772518,8000,1080p
1.1698270218220619,1.2750309966355877,13724.491052927471,8000,1080p
1.1016189995726364,0.8374480314946822,17304.420869623405,15000,1440p
1.4683138706081449,1.3384639626551662,11954.787301775079,8000,1080p
1.1524296960596638,1.243666154498082,14003.79370975057,8000,1080p
1.3351495857972229,1.8478746823230938,10541.682743693005,8000,1080p
1.7969165072888893,2.080104830326908,8654.693662489499,8000,1080p
3.0086029220925417,2.1290702781446074,6531.056120589991,4000,720p
1.0355200118608296,1.081426297200471,15850.39349197229,15000,1440p
1.022479151026708,1.0084779404054196,16521.487401951523,15000,1440p
1.2801985236352542,1.5961505027471272,11665.632957694917,8000,1080p
0.8727265639372166,1.0078918951051026,17842.232611652213,15000,1440p
1.580881983051782,1.3597268597125014,11410.70907222654,8000,1080p
1.0129993608547574,1.1123314015508292,15787.863514487,15000,1440p
1.283245552804268,1.2490780267131947,13250.451984652702,8000,1080p
1.2258467957475856,1.0462478253765248,14768.061016490181,8000,1080p
1.2798086934112476,1.4135147671677828,12458.37438061978,8000,1080p
1.4773229586426087,1.0847227387243603,13096.734392553619,8000,1080p
1.3227103481939348,1.2711237073263897,12936.229258224063,8000,1080p
1.295368014582892,0.9919775558052706,14669.594500452247,8000,1080p
1.2902614403772514,1.444440476904506,12269.868166601675,8000,1080p
2.3180056858046068,1.6880880198139452,8375.84801197732,8000,1080p
0.9129750868357839,1.3449676084165239,14860.62160503615,8000,1080p
0.7699577870172672,1.0265638777671788,18677.443560930282,15000,1440p
0.8342688012865579,0.7836536679411042,20739.208854684908,15000,1440p
1.0096137975305048,1.0963978324228767,15932.690742426128,15000,1440p
1.8045815580612325,2.301550935685359,8171.785019382961,8000,1080p
1.5484160064479107,1.4043029995149108,11363.909648103674,8000,1080p
1.0986416202099993,1.2231407341599623,14452.014391807765,8000,1080p
1.4343715258545748,1.5044705126134994,11417.569083600993,8000,1080p
1.0818111977257359,0.8396086345814784,17463.35258739799,15000,1440p
0.9483472761236088,1.0214916525447277,17034.099342672493,15000,1440p
0.9398052618861608,0.7287470183546436,20109.907491275877,15000,1440p
1.1249091723366247,1.1780514300142237,14570.128540517731,8000,1080p
0.7959814108778034,1.0673588436637187,18007.67837125706,15000,1440p
1.2458425572613707,1.045584579564572,14643.464529480609,8000,1080p
1.319847894995761,1.3256260244932874,12683.713021249805,8000,1080p
1.4843955403044022,1.8264198941322647,10134.79387917293,8000,1080p
1.8789856368108437,1.8776233337218406,8932.106658746014,8000,1080p
1.1711346201690882,0.9462062493596981,15847.439816087586,15000,1440p
0.7044370627348936,0.9483995911691178,20301.118032894665,15000,1440p
0.9860266330183449,0.8478002643374707,18297.491463551953,15000,1440p
1.2354773915227308,1.5717923872491453,11952.692346753858,8000,1080p
1.1030687957139382,0.9489395439536596,16351.995920950027,15000,1440p
0.9507479013475536,1.1812957988905417,15738.153958219908,15000,1440p
0.8065484512856935,1.0514758813321834,18059.19944693256,15000,1440p
1.3725844339866038,1.6995466619362953,10922.20056772021,8000,1080p
1.0139420557200396,1.339799129016552,14255.786582480645,8000,1080p
1.5484075492406835,1.398986093028398,11384.442009642042,8000,1080p
0.889867300337625,1.284300368183091,15433.23106392716,15000,1440p
0.8116025794282562,1.0719963171229216,17814.000667253164,15000,1440p
1.905320980008664,1.4693047964403185,9943.156433573005,8000,1080p
1.3641375875708703,1.7510571251590952,10771.214994325332,8000,1080p
1.2159557109665877,1.175950441350633,14028.322962208731,8000,1080p
1.0042800048162093,1.2683791938046154,14764.392312038113,8000,1080p
1.143993478988434,1.1307432983088568,14750.9075928633,8000,1080p
1.0730111379319434,1.5870220493044895,12614.290739304812,8000,1080p
1.07218363472257,1.26881077936357,14333.409681841866,8000,1080p
1.3032179044398406,1.0407487825524446,14315.23416531834,8000,1080p
1.2337770962841843,1.0719547788638202,14552.616616728756,8000,1080p
0.7626380296463803,0.9177054520258708,19968.79350322302,15000,1440p
0.9307165046490609,0.8777151466135924,18554.4374743564,15000,1440p
1.576838202124556,1.533771512489815,10787.091624626979,8000,1080p
1.201200718828242,1.553403683775047,12181.216282196012,8000,1080p
1.4278582758976406,1.0917778135754659,13317.173912609234,8000,1080p
0.8594834995219583,1.1482846088504872,16712.304503730855,15000,1440p
1.2907231203638156,0.9683833254054819,14852.966341111762,8000,1080p
1.2565945195824566,1.0151141960399184,14770.56973424833,8000,1080p
1.053908772255161,1.4709365100659246,13289.698277731091,8000,1080p
0.667195266534749,0.7790828451546804,23200.53918316189,15000,1440p
1.528837263679286,1.0832592997012485,12845.785439330919,8000,1080p
1.3091464083396152,0.9838637022465373,14633.35545058832,8000,1080p
0.5847746228049235,0.8384104251470199,23576.99868213696,15000,1440p
0.8478991582030474,0.7939021844561803,20437.57129937039,15000,1440p
0.7107167424677889,0.9659155533110673,20012.993954892627,15000,1440p
1.357615801501807,1.6417244594816751,11187.270893032164,8000,1080p
1.0034115881334953,1.2247283081539566,15059.391942089776,15000,1440p
0.8956286929460371,0.9369534616912023,18309.91964812738,15000,1440p
1.2746520501444325,1.1809468708812545,13664.459498127057,8000,1080p
0.9684279365469445,1.3667350681775976,14369.203319901906,8000,1080p
1.188704943733966,0.9706897119038214,15538.814043276188,15000,1440p
2.0929528890765456,1.496452681660021,9348.18630515315,8000,1080p
1.1205242764781365,1.0201789422836942,15674.490375834383,15000,1440p
0.7694667993533135,0.5957997695120509,24577.20181919211,15000,1440p
1.533901554856984,1.7371439709442797,10258.014367372836,8000,1080p
1.4212415913949268,1.1741048169107995,12928.69109596231,8000,1080p
1.3678508399013474,1.1510971699243457,13320.811651972885,8000,1080p
1.3448939717295025,1.1268563966746856,13575.17022306076,8000,1080p
1.4761319505976171,2.112819919938095,9349.368063548713,8000,1080p
1.2017368018472827,0.8498819910579622,16355.100721457336,15000,1440p
1.3869404777237961,1.9443243418476475,10072.580181216774,8000,1080p
1.276042050290726,0.8893381955969308,15495.861322150831,15000,1440p
0.8465852124269528,1.092781980890801,17301.742607389926,15000,1440p
0.9177204484809198,0.8681508335717347,18788.830044589227,15000,1440p
1.2230382774062791,1.2818527316654045,13395.565666721493,8000,1080p
1.6755195153716167,1.6377472578362176,10127.295595794514,8000,1080p
1.191055947539607,1.645472428198538,11829.401139436226,8000,1080p
1.3627293307810668,1.1898661119626337,13145.221306175119,8000,1080p
1.5521759336055014,1.3218601370385699,11675.021181094799,8000,1080p
1.1824760232408402,1.0420668382165679,15083.742633763788,15000,1440p
1.3743236366033624,1.131112065977887,13392.653407720749,8000,1080p
1.4345557032540261,1.1413911716743979,13026.057457389277,8000,1080p
1.1855421161383586,1.1801912153134773,14183.522527202105,8000,1080p
2.124220269062224,1.9031342653868184,8331.63102800692,8000,1080p
1.769274107188347,1.4346500995527143,10472.91690902095,8000,1080p
1.4346957175356134,1.5956292712399998,11072.882322617645,8000,1080p
0.6457110487934334,0.7517232697793899,24011.455532499436,15000,1440p
1.5389683826471279,1.0664717827084234,12878.60394806687,8000,1080p
1.3297943876632519,1.0615451042391997,14031.6471641195,8000,1080p
1.0297142818511094,0.9281761298950397,17138.05420297983,15000,1440p
0.9955409729581978,1.4608433922373667,13660.090202263022,8000,1080p
1.0439909056183079,0.7519020569927988,18683.982118407617,15000,1440p
0.9269857573791456,1.1949554456993325,15813.082827799268,15000,1440p
1.256089831889531,0.9985554918803154,14882.354952350468,8000,1080p
1.548009644403385,2.1238544727844966,9138.255373594231,8000,1080p
1.1115195997847303,1.1318473943013965,14957.174679156302,8000,1080p
1.109631453081976,0.882247632122809,16845.616909798657,15000,1440p
1.7804857033984136,1.967390592974865,8952.918758943497,8000,1080p
0.8108542802878164,1.049591668908409,18035.69300924686,15000,1440p
1.1215612548028495,1.0757730574267124,15270.517468938733,15000,1440p
0.6662918016849649,0.9794568740678032,20388.551723823897,15000,1440p
1.742929561507729,1.167012257532733,11530.9631898635,8000,1080p
1.4089113067854626,1.1359291964936378,13185.278981831727,8000,1080p
2.0044485030759276,1.7845979237710838,8855.64023767366,8000,1080p
1.2345147133648107,1.4713700861845043,12400.539744185982,8000,1080p
0.8748649386909964,0.9209141403252878,18685.167007503445,15000,1440p
1.8544114327135783,1.471307965709759,10089.37555462663,8000,1080p
0.7758462508756763,0.9362283518792012,19598.69736167337,15000,1440p
1.0357362185236472,1.5117728977456464,13171.466899062123,8000,1080p
1.14764373072495,1.2421180997727082,14040.910509066263,8000,1080p
1.0978408303053346,1.0542518187508108,15591.53692324359,15000,1440p
1.5154433504672071,1.0542417370081818,13057.79924689755,8000,1080p
1.4935993549781985,1.1943550109719876,12483.259546758927,8000,1080p
1.2525224047605374,1.444698969411116,12440.370049456893,8000,1080p
1.3263215277092066,1.3485913824971245,12544.12129530294,8000,1080p
1.7776665182769082,1.4370120835920537,10437.880782387389,8000,1080p
1.9794516712118657,2.54336969163324,7418.916049979122,4000,720p
0.9117058219873235,1.1566028267232462,16223.12608948311,15000,1440p
1.9213807542305703,1.5054859076354437,9791.577937184395,8000,1080p
1.235466406215141,1.1716630442182796,13939.604284247484,8000,1080p
1.943569804239555,1.7010259807535903,9206.626462710215,8000,1080p
1.32633010578392,1.0981563396008458,13839.810102413221,8000,1080p
1.153230331003935,1.0826503930752065,15007.254921355234,15000,1440p
1.3800648129995863,0.9230302860941282,14569.277670385356,8000,1080p
1.8394490058668396,1.4742818235781225,10125.87736512692,8000,1080p
1.113453395610701,1.2523709650640078,14182.97679140924,8000,1080p
0.9931134104480266,0.9971148881038467,16859.589437259445,15000,1440p
0.998261791926651,0.670682229568941,20105.18721288857,15000,1440p
0.8697615940900405,0.9632809278291063,18305.321125267405,15000,1440p
1.0680377268433532,1.2683983445348443,14361.37389378995,8000,1080p
1.1872455973355247,1.1595141112891725,14298.196733428813,8000,1080p
0.9539484997930278,0.8491213422997869,18609.613014797877,15000,1440p
1.0358557057825117,1.5464031021141875,12994.217271091718,8000,1080p
1.45299026701395,1.1344451129982078,12968.220292265747,8000,1080p
1.06821801332969,0.8047060902581178,17915.532154091303,15000,1440p
0.8935486286274551,1.1834063662307717,16155.589352233621,15000,1440p
0.6846074892298725,1.02065943436478,19676.93827618978,15000,1440p
1.0549754542078214,1.1315280696629153,15346.159580204589,15000,1440p
1.190833383238327,1.0377423428858978,15056.446862748255,15000,1440p
1.126664151931921,1.639034885786285,12132.35118586277,8000,1080p
0.9423917075846817,0.8506763312022283,18713.418160473742,15000,1440p
1.2677036913430815,0.868460076432866,15707.799423512819,15000,1440p
1.0876811800239625,0.7385320117516312,18373.775937614184,15000,1440p
0.9412786543946164,1.0930472817818808,16494.127810740763,15000,1440p
0.9046605721329106,0.8572492267436982,19044.35290693897,15000,1440p
1.1935049297371074,0.8688416768636336,16270.025558558284,15000,1440p
1.6685936781084993,1.1690214803505354,11824.870578370364,8000,1080p
1.5693961449958649,1.0820967769464511,12654.920449653753,8000,1080p
0.6111879155357214,0.7170205363608928,25262.9261258547,15000,1440p
1.873318692118981,2.181544489248119,8275.108308016228,8000,1080p
1.2548006054815248,1.2873390926955421,13199.287208355001,8000,1080p
0.8493426188056239,0.6783380581103085,21964.296928687596,15000,1440p
1.2111265171872734,0.9918055492745321,15231.71436416229,15000,1440p
0.7596030490103651,1.0616275146163765,18424.04397891322,15000,1440p
1.109575162969662,0.9293418315034858,16456.98774935681,15000,1440p
1.250602348696955,1.686964677981603,11422.52472718529,8000,1080p
1.0840051467855452,1.0233051960919493,15922.87159478467,15000,1440p
0.8676782706201314,0.9625910936349915,18333.056682974027,15000,1440p
1.3257278979213947,1.8356018020027487,10614.024851885946,8000,1080p
0.7158613446781442,1.0619164937518972,18874.36735606513,15000,1440p
1.2882990451124092,0.9582589806355424,14935.929370810998,8000,1080p
0.9552572815456934,1.039777966744981,16818.966997575153,15000,1440p
0.836909704374053,1.1409517608630695,16965.0061896409,15000,1440p
0.9565460941049542,0.7959160637573841,19147.02229058678,15000,1440p
1.0057781694141874,1.226490834881099,15031.53604491002,15000,1440p
1.1918027407125535,1.0343266836225395,15072.992447427954,15000,1440p
1.273093668340589,1.1769937349078918,13695.197957228553,8000,1080p
1.8276195956392574,1.4137405697173384,10351.960377198175,8000,1080p
1.056261549674885,1.1522035229776366,15193.553393941056,15000,1440p
1.5390537374882363,1.7774984507868807,10117.263379308104,8000,1080p
1.5175750226773121,1.4384182753135952,11351.322082768542,8000,1080p
1.2657792918806647,1.1028472098848097,14166.197994909684,8000,1080p
0.8309310897718678,0.7163424751571725,21686.166402990824,15000,1440p
1.364105748684384,1.2666310034527533,12754.766121217302,8000,1080p
1.819910505602106,2.706004853544311,7413.844346909822,4000,720p
1.1984196903364566,1.207741659445776,13945.212777620593,8000,1080p
1.1968294087014766,1.5003820134747723,12440.41595112576,8000,1080p
0.9981901444821428,0.787516797251345,18790.559198603325,15000,1440p
1.6503973458647343,1.102318418281875,12189.57381544348,8000,1080p
1.0979682934428323,1.30742678619336,13949.655208023038,8000,1080p
1.2119731600593073,0.8728866158110764,16094.335162657044,15000,1440p
1.4353491815350674,1.9329713528830577,9961.76927258988,8000,1080p
1.3197313115030316,1.5880776935766951,11539.420897790364,8000,1080p
1.8683155250781225,1.520509906944658,9901.493208510139,8000,1080p
1.5178048059305302,1.3143881367074135,11847.509219745085,8000,1080p
1.4223094280011384,1.326428814052214,12207.212562711788,8000,1080p
1.120154678560381,1.0405062313007138,15529.707529237965,15000,1440p
1.3572318310523606,1.2975927556875069,12639.039192116621,8000,1080p
1.3664464534658847,1.70077551057281,10939.681703314996,8000,1080p
1.015615862767926,1.09181101564383,15921.991099063902,15000,1440p
1.3231968719881317,1.034186862960011,14233.759019609985,8000,1080p
1.149379178567481,1.2095352794773357,14224.522591553214,8000,1080p
1.3129555286994654,1.525415708964035,11821.720694866344,8000,1080p
0.8596982167662367,1.160558572514927,16608.99355865506,15000,1440p
0.6836417856740764,0.9815169568858166,20150.89080841378,15000,1440p
1.2731966816633977,1.7375128888724873,11145.024524576627,8000,1080p
2.2848518492275227,1.5689816145005322,8706.767512351375,8000,1080p
2.1651156298839775,1.5336960161135371,9071.679017856792,8000,1080p
0.8012021319490336,1.071300272561364,17919.566842304517,15000,1440p
1.3359194985722367,1.2997879414649292,12730.711872758857,8000,1080p
2.108553495027604,2.2094070297562136,7770.898276491292,4000,720p
0.9893607628080738,1.231231829609927,15110.57548987976,15000,1440p
1.6073240715793589,1.5188386603951811,10733.424609283351,8000,1080p
1.098426379902188,1.187519043077623,14678.579664540111,8000,1080p
1.5292529530659613,1.614092950229995,10674.750101417883,8000,1080p
1.008139698345667,1.0868397185114302,16016.592683444402,15000,1440p
1.139368857246982,1.0276146943851727,15484.396258904259,15000,1440p
1.039674362011801,1.4328290637451475,13571.035595118508,8000,1080p
0.6901631358312981,0.7840900683385146,22760.291044370024,15000,1440p
1.0702872888537212,1.4142723634825705,13505.182686375816,8000,1080p
0.7680487518530354,1.0803152336104873,18153.584609897818,15000,1440p
1.101364388837232,0.931524377664982,16505.788488237707,15000,1440p
0.6704964494704241,0.6444851899879488,25517.034605761277,15000,1440p
1.6221652329931011,1.7443150192965593,9967.214861034297,8000,1080p
0.9149332352259066,0.7038787922207012,20727.812390254003,15000,1440p
0.9882659641769447,0.8809732270472037,17950.849820362208,15000,1440p
0.6154141781161332,0.6785754287938436,25930.990342439738,15000,1440p
1.1221664774675935,0.8013283510105249,17444.513758609108,15000,1440p
0.9715658325816098,0.7528429457544686,19458.513794146562,15000,1440p
1.4998285053519937,1.2892743441545103,12030.546670567215,8000,1080p
1.1575004518965728,1.12559190716236,14696.922735894397,8000,1080p
0.8896962569749761,0.635495351740427,22000.14202035986,15000,1440p
1.061885099889916,1.5197674060541906,12997.268967354377,8000,1080p
1.1786387965738034,1.173166494611831,14267.52126366887,8000,1080p
1.5286816735535014,1.3499159553282223,11656.520405401434,8000,1080p
0.8791629859204954,1.0709315980387113,17206.566428114296,15000,1440p
1.3972263202680733,1.139493047932219,13227.49075858778,8000,1080p
1.2897315293068234,1.162594037484682,13682.69876332157,8000,1080p
1.4598768328260887,2.0596316786805833,9533.840276361665,8000,1080p
1.075899891098705,1.503046373949865,13010.90777064642,8000,1080p
1.0960228653410327,1.249070599134955,14308.355939023417,8000,1080p
1.4512658841149513,1.3791936672790723,11854.764708958366,8000,1080p
0.9978372027044634,1.2452992684726363,14958.71179981845,8000,1080p
0.8591264478633113,0.8252421837837923,19921.07390838069,15000,1440p
0.9087787714218376,1.223063752053995,15739.639129297248,15000,1440p
0.7613994892482762,1.1388504899189327,17657.904153592124,15000,1440p
1.1509290594966368,1.552318334473197,12412.638249407091,8000,1080p
0.7493677204727891,0.9847468412628853,19349.605118600346,15000,1440p
1.3915064228360616,1.4560002369420524,11783.794037768697,8000,1080p
1.399863090330098,1.6145653862514822,11131.274886989979,8000,1080p
1.355185812142755,1.3410781141176362,12444.78764604422,8000,1080p
1.1536190795331311,1.4504566317111163,12885.351933169191,8000,1080p
1.1414108839413322,1.097568934183668,14986.482561553257,8000,1080p
1.1833447317853283,1.4720097705468786,12636.51688334986,8000,1080p
1.1652649846705774,1.380791375220314,13178.982417120546,8000,1080p
1.040330320564148,0.8135402598840957,18099.662594509125,15000,1440p
1.7143718479055523,1.4597517367569757,10571.243086480988,8000,1080p
1.5813382447204445,1.4821514216869431,10953.00968955117,8000,1080p
0.7642851645967493,1.1423084958521073,17599.15219276482,15000,1440p
0.978522153559943,0.6790628306413623,20242.96329890316,15000,1440p
1.3641342410624895,1.4563583303787113,11896.656754126649,8000,1080p
0.7014578015578187,0.9842709141192362,19905.0011356799,15000,1440p
1.0071905487106814,0.8951285556545223,17638.69790457526,15000,1440p
1.5269948920776866,1.777860487242835,10153.07120848925,8000,1080p
1.625862548562502,2.2684466640912824,8616.27317393584,8000,1080p
1.0453381878579464,1.292573544480504,14352.30917227052,8000,1080p
0.9031565214367128,1.282416227667312,15352.69508359108,15000,1440p
1.1177617792791792,1.320470579726463,13761.786023414166,8000,1080p
1.2836203678173734,1.0065718587085697,14651.360532691904,8000,1080p
2.7309426526538747,2.191962391074922,6815.981966327871,4000,720p
1.6673012742970734,2.228985723596895,8611.899487418903,8000,1080p
0.8113753827053315,0.8617970807488059,20054.377377649056,15000,1440p
1.2225858138485777,1.5461606581716907,12118.997654384864,8000,1080p
0.6591165338389634,0.8430993491290381,22336.624436232738,15000,1440p
1.2019511614384701,1.6326128455479576,11837.598980759463,8000,1080p
0.8107242700386118,1.12472064618489,17336.805464591787,15000,1440p
1.0001293490918237,1.369442184844846,14160.548233905647,8000,1080p
0.880071681190759,1.1236944764241699,16745.682560054636,15000,1440p
1.0529029486565336,0.8063815102254872,18046.959861201725,15000,1440p
0.8658286267521883,1.0212371938506561,17781.27272173297,15000,1440p
1.1794843327890991,1.3847287903539767,13085.664251991178,8000,1080p
1.568591525961263,1.6161869038350622,10535.876432115214,8000,1080p
1.0448732718746447,1.4885318862311945,13244.79501142556,8000,1080p
1.3266183446041873,1.8513696113062603,10558.388661478468,8000,1080p
0.8432661902793693,0.894552883887514,19308.35752627823,15000,1440p
0.897504395596733,0.7702553999291959,20119.463300420066,15000,1440p
1.548143200300239,1.1536831837304913,12419.166604606802,8000,1080p
1.2170939736885744,1.0836948467303147,14583.881711443195,8000,1080p
1.1398259286656534,0.7678252446286169,17589.39604354174,15000,1440p
0.9482092820510053,0.6604626173476891,20858.468412696406,15000,1440p
1.3138708985521272,0.9846729512391514,14598.12567989379,8000,1080p
1.3428604920368425,0.9628763089004291,14552.585527697816,8000,1080p
2.4040789234754967,1.7234616936663465,8129.400801205223,8000,1080p
1.4354215731523023,1.2996967663752734,12268.000077026174,8000,1080p
1.3397560128948036,1.375768496626686,12356.519664008747,8000,1080p
1.3181587581238603,0.9295124790345424,14928.532004716524,8000,1080p
1.436857080424428,1.4293778720160926,11706.79743871985,8000,1080p
0.8814974634344164,0.6637103500168846,21715.15812171209,15000,1440p
1.6305943240283554,1.1651489832479751,12001.971680543664,8000,1080p
0.8611606613322179,1.20310465318772,16254.90278017066,15000,1440p
1.8321251264800003,2.0924901176951454,8549.73797744912,8000,1080p
1.2972571446319296,1.2783230225676179,13027.912090379252,8000,1080p
0.681640582197912,0.9282727590368359,20842.383959788112,15000,1440p
1.0245084900957129,1.4588473610083805,13511.72929368209,8000,1080p
0.844665360232488,0.761305571010518,20893.548785487168,15000,1440p
0.9441101549395323,0.913704823140816,18061.234512530023,15000,1440p
0.9960986493528846,1.1512223010037341,15626.183870849585,15000,1440p
1.1868971617092279,1.469576530235535,12631.193036749153,8000,1080p
1.0056103418641362,1.0120923235229353,16630.018176420952,15000,1440p
0.9769612818730202,1.3203895375905166,14605.70658852853,8000,1080p
1.5898304791286237,1.388727889674403,11265.326324118434,8000,1080p
1.174857004376694,1.137031118752001,14513.864950606063,8000,1080p
1.628622559986936,1.2063477426188092,11835.902467535077,8000,1080p
1.792457650104343,2.0194683047582647,8802.487875504758,8000,1080p
1.1364817452598646,0.868295639848667,16737.235889252355,15000,1440p
1.722327749720207,1.4226066829504302,10669.358207098141,8000,1080p
1.1650230601638563,1.462994736484267,12767.962242415799,8000,1080p
1.1710671214060058,1.1229410446431436,14626.988908147197,8000,1080p
0.7468285399738552,0.5966223669618183,24976.299339836343,15000,1440p
1.2885175193449558,1.7610005162819073,11003.191851299383,8000,1080p
1.5239397883895398,1.8867919974859184,9837.898171575907,8000,1080p
1.3269629259456075,1.8576996247439779,10536.259797049564,8000,1080p
1.195343801435182,1.1765664900046793,14146.585611225153,8000,1080p
1.2522205148687802,1.257770988261442,13368.344856209318,8000,1080p
0.9235418770135202,1.0882318196055354,16679.029085821567,15000,1440p
2.131889716988041,2.0339652723445174,8054.63274307971,8000,1080p
1.0998223549916937,1.4661540422776056,13076.6721142519,8000,1080p
1.8486787203053199,1.6237524316539056,9663.09497052744,8000,1080p
1.2805395134229307,0.935386878312807,15142.394677522107,15000,1440p
1.3643309889958408,1.540105791771061,11552.818853623015,8000,1080p
0.9452925599422052,1.334107204359157,14720.731538850736,8000,1080p
1.3648061620507042,1.9909168864037219,9999.166056166181,8000,1080p
0.8657540928627091,0.9708802710392382,18269.52204504836,15000,1440p
0.9607806329573568,1.1300028346711994,16048.736045372825,15000,1440p
1.1963216399818362,1.4618815634327444,12622.974781197252,8000,1080p
2.1916006481420474,1.7766998014555053,8455.617820823758,8000,1080p
0.8823976104625936,0.993418593448144,17887.910302749853,15000,1440p
0.9626008263514668,0.8531041598102777,18480.11227359759,15000,1440p
1.2181157791460155,0.8308124613588463,16376.577440180185,15000,1440p
1.9833117876960522,1.5774692644006871,9423.334799044082,8000,1080p
1.017402722188083,1.4817068640411526,13426.554875742113,8000,1080p
0.7380675211903454,0.9749258793442939,19588.185213981204,15000,1440p
1.6139247913326316,1.201366570233737,11918.635654581421,8000,1080p
1.083302692790341,1.220324700637019,14565.911178056176,8000,1080p
0.9971201633284847,1.1204736667871948,15845.546734600654,15000,1440p
1.4896209443814676,1.3193765403454512,11945.340706939809,8000,1080p
1.518371302477324,1.8136396413957263,10070.324667360524,8000,1080p
1.5451415202764172,1.031459034382372,13022.75276597676,8000,1080p
1.2230978712585419,1.7520932538965779,11278.076126370048,8000,1080p
1.0521569135768172,1.5312962048382948,12988.21014432995,8000,1080p
0.8536900084123707,1.0638464823518876,17498.718883115733,15000,1440p
1.1133363462007448,1.005199990070213,15838.497280184689,15000,1440p
1.8661430828475432,1.479514828639096,10029.247725775445,8000,1080p
0.8102926255212546,0.7600758656290274,21367.23462620016,15000,1440p
1.50020839040303,1.1292428600467839,12761.001746756068,8000,1080p
1.98059309123732,2.076336444080061,8270.893469530023,8000,1080p
1.755549523892179,1.3246848756622824,10893.467070185783,8000,1080p
0.8691115017384966,1.0223675353523678,17739.78529077829,15000,1440p
1.0696945458814007,1.3580571296294197,13821.196104391463,8000,1080p
1.3158210594072586,1.3699381897103178,12493.462327654472,8000,1080p
1.1557410771152978,0.9988374603839161,15573.547873054613,15000,1440p
0.8880338370851402,0.9695894606874809,18063.0981750893,15000,1440p
1.4397683053319563,1.510550558069166,11373.154412644913,8000,1080p
1.4224172898398169,0.9814793360882015,13958.350637081323,8000,1080p
1.792482027034148,1.6124163614650011,9854.75282121136,8000,1080p
0.9972067273137353,0.7014012973615507,19754.07599196667,15000,1440p
1.3306786871153484,1.2568615529802876,12967.694755061983,8000,1080p
1.023678483992155,0.9712189313563842,16820.1290662044,15000,1440p
1.119186130308024,0.7540283523945506,17912.754951365445,15000,1440p
1.2737498341523183,1.6579993416672414,11445.191927314172,8000,1080p
0.9029800543904883,1.0501056321724267,17180.21499561028,15000,1440p
1.4133360943658584,1.3309932837295921,12226.823889225203,8000,1080p
0.7526644866092308,0.9757644359937382,19413.255333327736,15000,1440p
1.247095148936889,1.346134328591848,12939.245173156167,8000,1080p
1.5835941862610337,1.7968304709592344,9926.099647963134,8000,1080p
1.2493532309277982,0.8690989173339616,15839.126707455822,15000,1440p
0.7015636290844823,0.6551583186498809,24731.988788147566,15000,1440p
0.9466741931428606,0.8972875420164748,18196.92424208607,15000,1440p
1.0885329600414255,0.7396187467211961,18354.292959318893,15000,1440p
1.1230624448318474,1.1658882169974292,14659.307672968394,8000,1080p
1.1900136208611616,1.748020916006534,11420.70713565305,8000,1080p
1.334867299866403,1.5818165879116284,11504.308759891772,8000,1080p
1.452678719922823,1.1874094703277545,12709.587552382205,8000,1080p
1.6948270433309245,1.6528652837693876,10023.152883067965,8000,1080p
1.1473256129318337,1.4777728091659812,12782.161505847615,8000,1080p
1.4595262666352096,1.8812321266417575,10043.956506260927,8000,1080p
1.01133998982042,0.9199965000473795,17373.68510150026,15000,1440p
0.5784189560614036,0.860416095224945,23320.555035131816,15000,1440p
1.1422001545375737,1.3180364841286623,13638.701039015015,8000,1080p
1.5503400855809997,1.3337587243724578,11634.286552249398,8000,1080p
1.248152309995262,1.7207504557916642,11301.963939902285,8000,1080p
0.9665125902286732,0.8363342680070606,18611.914731812758,15000,1440p
0.6295444977215978,0.847038323891099,22724.381937040594,15000,1440p
1.2925089825836928,1.2416191664922533,13241.016249409255,8000,1080p
0.8849700075067386,0.6408079136322853,21991.688000669812,15000,1440p
1.1038420007432042,1.0553296398640917,15540.419005578624,15000,1440p
1.2015188982697493,0.8892844073790034,16048.58377129284,15000,1440p
1.3419613874752632,0.9532711165709193,14619.186483656058,8000,1080p
2.0974424312301254,1.5513327153558092,9196.081055144225,8000,1080p
1.055569815705727,1.0558516835574487,15891.868114305702,15000,1440p
1.1858039579503565,1.288345584756425,13562.006427182494,8000,1080p
0.8968585630272166,0.9119457906245307,18550.614350445278,15000,1440p
1.1046339313369928,0.9712952721369363,16163.572410778217,15000,1440p
1.6480632876667929,1.123697808051104,12105.816786244079,8000,1080p
1.6700140512206387,1.679330099555539,10018.209682102715,8000,1080p
1.2096104481131054,1.0692885998712574,14723.965956139293,8000,1080p
1.3190422433730642,1.9095910579609192,10392.76649538869,8000,1080p
1.347919408125468,1.0359990837460862,14075.32686809995,8000,1080p
1.291528665058816,1.4566710999669117,12209.604420690966,8000,1080p
1.3186648674955836,1.0675953844387946,14061.51402505226,8000,1080p
0.9766277273996018,1.0311289987473924,16712.399247887453,15000,1440p
1.5157714632537895,1.2983732410709874,11923.492046600717,8000,1080p
1.2414459855122582,1.7573164597856992,11189.426509129844,8000,1080p
1.4601360320564756,1.4044905225447506,11713.370437798998,8000,1080p
1.353464355558512,1.0623297192344443,13889.607707095547,8000,1080p
0.9629953638499722,1.2017865409131159,15500.144345336335,15000,1440p
1.305070522090191,1.429260193980593,12271.533872178237,8000,1080p
1.384084305652978,1.5329397397684945,11502.967228764071,8000,1080p
1.7270712741925696,1.321810766766259,11005.487109448035,8000,1080p
1.2156274778241645,1.1827504024033615,13990.469257003322,8000,1080p
1.4313974800223865,1.9120847434594268,10035.77400960646,8000,1080p
0.9124405937075049,1.1487395757953747,16279.232886319074,15000,1440p
1.1120030635265226,0.9388763884505174,16360.996726381774,15000,1440p
1.5012049673975068,1.4502764479264119,11368.674668180987,8000,1080p
0.9994500284737968,0.8990455473779619,17674.22185587439,15000,1440p
1.663963615574276,1.3264673580307875,11220.600741554326,8000,1080p
0.8793270868308575,0.8722614537418646,19156.572004649337,15000,1440p
1.173767602680807,1.6884655473224843,11723.165179594618,8000,1080p
1.0692977220296134,1.5715214139978577,12706.069697175562,8000,1080p
1.7683216527464392,1.556057150690039,10093.444214394009,8000,1080p
2.0268867479978394,1.7613156465130517,8857.613323042191,8000,1080p
1.166456144311381,1.4268114984070175,12939.054745936864,8000,1080p
0.7881065719354255,0.8855343669034009,20048.76387839801,15000,1440p
1.678790299009259,1.8668899032836221,9463.468244626629,8000,1080p
1.326815072808271,1.1037125396251686,13805.410738125853,8000,1080p
1.4755559138857428,1.581119327818638,10977.427873983199,8000,1080p
1.7131271839057503,1.700424986088136,9829.76979082177,8000,1080p
0.7744885430750624,1.1469625190236865,17463.06875146193,15000,1440p
0.9185261095948388,1.1278936682090364,16396.65153940659,15000,1440p
1.1042682900532206,0.7596115140823549,18002.4655696947,15000,1440p
2.493186241859537,1.7761844320012838,7859.3391305741325,4000,720p
1.2669992539674846,0.964421118150443,15037.252693069298,15000,1440p
1.1244568139371338,1.623257103620663,12211.763308249938,8000,1080p
1.1584286880039234,1.2988838831677492,13654.930346936244,8000,1080p
1.313923225619207,0.9807747284718664,14622.592023572384,8000,1080p
1.292546522765267,1.3726844128011424,12589.690278703403,8000,1080p
1.218079879753357,0.8345294946606285,16347.207811802818,15000,1440p
1.87865716232839,1.5861541767342218,9684.346048428135,8000,1080p
0.8025675877700245,1.0780501156420814,17842.239780642492,15000,1440p
1.175026561869693,1.1668481371368138,14328.021910922387,8000,1080p
0.9057146715762767,0.9526820266021307,18055.58093860687,15000,1440p
1.7897450038656417,1.7486497178577982,9482.953327393812,8000,1080p
1.030881332068817,1.1115470525286397,15661.868672592564,15000,1440p
0.8973592562659797,1.1921677084097206,16058.386690983778,15000,1440p
1.8713212503990782,1.4287804831701194,10167.69624362746,8000,1080p
1.2093282864793982,1.2393349549681942,13703.163192078388,8000,1080p
2.9116272514144184,1.9429668087348944,6911.892443375165,4000,720p
1.8793876386305968,1.6525477133698678,9500.296199078217,8000,1080p
1.1847645273755913,0.908002078224077,16033.52801512484,15000,1440p
1.2597945829785477,1.4149144962070934,12545.077242649579,8000,1080p
1.2910370637663573,1.263899466982331,13133.176341631995,8000,1080p
2.2501822695567415,1.7317114323381908,8426.752322401746,8000,1080p
1.7767070222946864,2.2136129573190466,8408.957720540524,8000,1080p
0.8718090977103785,0.6681493745842355,21789.179775739176,15000,1440p
0.9163476541298359,1.1693393156196918,16087.952068871382,15000,1440p
1.2268400811341291,1.5237215044229317,12199.120418241553,8000,1080p
1.809385481772639,1.6898301455425084,9589.129557513264,8000,1080p
1.1616990580853277,0.9656402921120892,15772.956955309528,15000,1440p
0.8941034067143404,1.0906166594837372,16906.380185028687,15000,1440p
1.8312585928933094,1.2828409712799964,10775.002953031026,8000,1080p
0.8944031283182473,0.9417094213939085,18274.714153694047,15000,1440p
1.338111141234873,1.3289453649793874,12581.072775105416,8000,1080p
1.341090004568412,1.1680546328186183,13372.856829386636,8000,1080p
1.2243333358472328,0.8636335841050209,16070.38487025805,15000,1440p
1.1777097202536784,1.3883383996347065,13076.306613244458,8000,1080p
1.1070545701359238,1.164147333923612,14773.8657404368,8000,1080p
1.1715091906358712,0.836856695006283,16707.33019310937,15000,1440p
1.647214974856339,1.0991612456236186,12217.711379009836,8000,1080p
1.565674265561441,1.1238473158498807,12475.985406442573,8000,1080p
0.7470402054827331,0.5550289737329407,25770.083906150172,15000,1440p
1.2869130358525818,1.3720512938291047,12619.361465453323,8000,1080p
1.341634440371938,1.5721289883933909,11515.839504588152,8000,1080p
1.407450585027244,1.4630214829167796,11689.51698736904,8000,1080p
1.4867790920709678,1.4602466195130817,11385.86333607664,8000,1080p
0.9055694851111796,0.8931253228744854,18654.877887581813,15000,1440p
2.214962880647367,1.7770251629055172,8405.444012837383,8000,1080p
1.1549220740487123,0.9564228775544172,15892.444280373207,15000,1440p
0.5383901452505787,0.7880255212851334,25297.071533870178,15000,1440p
1.5038750043615376,1.9605647980165144,9685.384626099622,8000,1080p
0.9739917029004871,1.1470902519970778,15819.488691855131,15000,1440p
1.3852599868481281,0.9427317335383334,14413.467069560604,8000,1080p
1.4080607167296322,1.7127955360431264,10751.674951445842,8000,1080p
1.210442840832504,1.0695091773968106,14717.16585775321,8000,1080p
1.1510083101803865,1.2553546328099443,13944.044516536102,8000,1080p
1.3610127179895113,0.9939132688244918,14248.614261289817,8000,1080p
1.8828842180209493,1.3521991660477168,10372.045482734855,8000,1080p
2.377902772421398,1.6662847270528833,8296.95260280634,8000,1080p
1.1485024893120244,1.2490005396147845,13995.574393505532,8000,1080p
0.853499456872721,0.6877070700585215,21771.53510166581,15000,1440p
2.239858197171584,2.4542903870888493,7148.140157409723,4000,720p
2.012116541935069,1.5861195433785622,9325.244704468943,8000,1080p
1.0195120047699937,1.0282785430316734,16385.67578897225,15000,1440p
1.2987716751015663,1.3056533067685183,12883.623922201257,8000,1080p
1.5050584262614823,1.688267198404209,10507.676304859393,8000,1080p
1.5649791930761723,2.2301174313214442,8841.52244880616,8000,1080p
0.8195571883544559,1.118527788698575,17313.18925500441,15000,1440p
1.2096149500385618,0.8552667707650414,16250.050383971342,15000,1440p
1.9628829110078456,1.8789310410030913,8734.007533716323,8000,1080p
1.384651793595759,1.7192957998487175,10810.244371028304,8000,1080p
1.3222287891143714,1.7304927438209796,10991.645205101844,8000,1080p
0.9078363029598823,1.2959268090193912,15225.970440109437,15000,1440p
1.1793328172699076,1.2823496329887323,13630.69066705763,8000,1080p
0.9611792295188694,0.9027579944880245,18001.910991330627,15000,1440p
1.6969972801580322,1.136969992074394,11840.091566607214,8000,1080p
1.256141732478106,0.9682696081748985,15084.634476890262,15000,1440p
1.4320053358990967,1.1759618218423715,12866.125211890534,8000,1080p
0.918243367999135,1.2500649399671429,15474.935864389008,15000,1440p
0.7941107268004164,1.0524242737660037,18171.565656598577,15000,1440p
0.956718146873661,1.4211740342616486,14110.998078970784,8000,1080p
1.544738383543784,1.3171862503945926,11724.428939215211,8000,1080p
0.9657551050126202,1.097037014856777,16266.511626059757,15000,1440p
1.1203241260029002,0.8082955161735743,17398.1594225253,15000,1440p
0.7210224129555708,0.920073344570944,20446.35838348261,15000,1440p
1.7620911083180608,1.2659048607248728,11081.39916401726,8000,1080p
1.035274591331811,1.328955072721275,14192.543351510276,8000,1080p
1.7145345825769904,1.4003831270505442,10772.172855896171,8000,1080p
1.5312934420895252,1.9321774884456207,9688.094016950638,8000,1080p
0.9238858232366428,0.7003089420769076,20659.118423843905,15000,1440p
1.116481294143978,1.1864093907135933,14570.570900578925,8000,1080p
1.2383218097904887,1.0287290897092733,14800.916912542185,8000,1080p
1.3686589371313667,1.8800810227148008,10328.445001670387,8000,1080p
0.7083904550476053,1.0052681864755617,19580.581095296493,15000,1440p
2.13278912375575,1.4356537072241435,9403.102022174182,8000,1080p
1.1107806625702115,0.9918007385160814,15958.683921899146,15000,1440p
1.5165243039990164,1.250844560276126,12125.030541885828,8000,1080p
1.4965072196250657,1.4606372773228407,11346.903079856873,8000,1080p
0.9419641675099912,0.6512424621188169,21060.941735986657,15000,1440p
1.1294836000353514,1.1549124866939924,14688.535055250051,8000,1080p
0.7713834678435105,1.02790495857091,18648.72329939146,15000,1440p
0.892525519865966,1.1062380693954572,16787.594180860044,15000,1440p
1.063959130716767,1.4481586942562197,13357.029541542628,8000,1080p
1.1740126363423988,0.8958599615989062,16210.86825989833,15000,1440p
1.455883337005797,1.2912612482372778,12214.294136626599,8000,1080p
1.2620984782148292,1.4559717886209589,12344.946489945612,8000,1080p
1.5218330788089711,1.4422764780351855,11320.240145146627,8000,1080p
0.8603187761531611,0.7436056617098284,20920.20746607409,15000,1440p
0.7174136763070673,0.8403200708025791,21540.543794637426,15000,1440p
1.3081300238197606,1.929104772114568,10365.152395538718,8000,1080p
0.811799882372219,0.7662109615686272,21263.752482335814,15000,1440p
0.8401840040982272,0.6830754170251737,22028.048233080135,15000,1440p
0.8943974473683279,0.9949411376931615,17759.882884574632,15000,1440p
1.8332784579323813,1.330385511217071,10606.193428634291,8000,1080p
1.024080196311055,0.9289762665395496,17180.472064297242,15000,1440p
1.7066073609241095,1.368703117745578,10910.90874652595,8000,1080p
0.9658290065713614,0.9349499404957694,17652.990134267802,15000,1440p
1.9362099800064,1.8853902903022133,8780.204528635933,8000,1080p
1.0428306713220152,1.3723889359173658,13892.911393822707,8000,1080p
0.906948723168882,1.2708592243028782,15407.433901117722,15000,1440p
1.4535597116391228,1.5940254475756268,11010.170429050699,8000,1080p
1.0984242662978687,1.4106307201401975,13373.33465442897,8000,1080p
1.4168049947932468,1.0505553088975224,13599.323921118466,8000,1080p
0.8152927088311293,0.9895810333140225,18591.013441261246,15000,1440p
1.126164856014724,1.0064909710132934,15733.636705346918,15000,1440p
1.1931311725724834,1.0073989026289312,15248.340560366467,15000,1440p
2.145310929398442,1.7374353486004654,8641.9326933959,8000,1080p
1.7820329098952556,1.7088283101513424,9612.07847717077,8000,1080p
1.228785082449926,0.8985960846575811,15772.64691386841,15000,1440p
1.1621404365987722,1.6643127046985287,11871.56847206708,8000,1080p
0.9336542974398524,1.3243231758415948,14860.392717397843,8000,1080p
1.1097835358132473,1.0337869614023538,15653.52389556847,15000,1440p
1.6185440153500337,1.2012753100297409,11899.497140825104,8000,1080p
1.2995540244477044,1.1391894886946141,13758.9015897638,8000,1080p
0.6729788517119747,0.9547129114867853,20614.733550078556,15000,1440p
1.1284961327732967,1.150382786093101,14724.096011512216,8000,1080p
0.8953409502267985,1.0533468378564899,17218.98818537978,15000,1440p
1.0332121142041484,0.8813425591167361,17525.9722104453,15000,1440p
1.0934891592648304,1.2120444063456255,14553.868354163607,8000,1080p
1.3294997418649357,1.012389292675593,14327.934204014613,8000,1080p
1.6481154521379149,1.7578133530398423,9851.77140197115,8000,1080p
1.580086395104498,1.1544301030028516,12270.700148718848,8000,1080p
1.0603849390346343,1.1861206142863734,14936.278234610418,8000,1080p
1.7399244821669841,1.392040647458862,10713.53945885359,8000,1080p
1.114393732677721,1.436391134264417,13154.551932176393,8000,1080p
1.712426586518081,2.029750578188317,8966.553565785705,8000,1080p
1.543536384690305,2.2957003715506916,8739.870482187507,8000,1080p
0.9787959373306621,1.1876526561898102,15488.219799147946,15000,1440p
1.370841041966105,1.6719778122156923,11027.416881516157,8000,1080p
0.7571106645717851,0.9428259161886172,19738.63753493127,15000,1440p
1.455409635536168,1.7319571602973252,10527.320559360207,8000,1080p
0.8973841841110421,0.7040804657050108,20952.340099329773,15000,1440p
1.055753692450646,1.0928323894284395,15616.982853511901,15000,1440p
1.0121127577742965,1.475935069003554,13486.248792674822,8000,1080p
1.07500503504229,0.8776696322781272,17183.83126567904,15000,1440p
2.4196692267721778,1.7864130578782378,7977.597614400653,4000,720p
1.3836641491612311,1.1968237132708064,13003.13498408626,8000,1080p
1.0901883479800827,0.9427805755084833,16505.137689178613,15000,1440p
1.8065758393464668,2.619274605727659,7581.465396632492,4000,720p
1.631140450915761,1.7584426997138527,9899.279796032524,8000,1080p
1.3389039904949684,1.4089759293424948,12211.025582946413,8000,1080p
0.9415917205884891,1.1550522804583063,16003.876663490422,15000,1440p
1.2473301801995424,1.0802494820619477,14416.018727109136,8000,1080p
1.237925429498457,1.2601181909528867,13432.284258486015,8000,1080p
2.5762128916854774,1.9588970987050764,7398.81327489267,4000,720p
1.0108236432833937,0.7295669519980235,19279.82838506107,15000,1440p
0.9231941484715627,0.6830012246243711,20890.629223594387,15000,1440p
1.6577196987308764,1.2153038895386437,11679.135575844857,8000,1080p
1.4949646848607314,1.0198588921422889,13342.658430134361,8000,1080p
0.7746767458273837,0.6325810268473827,23843.842010709446,15000,1440p
1.0105898359386765,1.4330112591740902,13731.550565724205,8000,1080p
1.141476190423292,0.8371404864758909,16958.530872480722,15000,1440p
0.7235821456170822,1.0842152076893545,18560.94762979346,15000,1440p
1.4153539883560582,1.1907979478494288,12875.086649343508,8000,1080p
0.9808198261972465,1.0474861562793567,16543.08190671969,15000,1440p
1.1600621122394355,1.3576932812937352,13327.121485345328,8000,1080p
0.8973819527538948,1.091894503654006,16867.65652502131,15000,1440p
0.5685300200004922,0.6229171956802974,28162.75161701317,15000,1440p
1.8748676031422968,1.727869868248822,9313.593417908323,8000,1080p
0.6250204044271018,0.776855670452199,23935.37674354631,15000,1440p
1.004193512923083,1.0411760291365386,16405.07072683392,15000,1440p
1.9887627307588036,1.8068535390216938,8840.311984946906,8000,1080p
1.4555523395017254,1.0260539071253807,13521.255455254339,8000,1080p
1.4671634570004204,1.3303829781241734,11994.235941433299,8000,1080p
2.1161935928279205,2.293770812209401,7608.776152857866,4000,720p
1.1803816275442385,1.0074183102045584,15337.06598169431,15000,1440p
1.4187577471795563,1.2122200339124425,12753.597632463885,8000,1080p
1.9809030773331933,1.536882304310113,9538.510272711777,8000,1080p
1.1259793081261578,0.980434672261272,15929.647406645288,15000,1440p
1.0230876581148463,1.0598061106043508,16109.526325307088,15000,1440p
1.4212270967391274,1.6595616192718716,10891.507043510024,8000,1080p
1.3695682176821373,1.9536462912180772,10096.98047180966,8000,1080p
1.3932703527113592,1.486451395540416,11651.970201763508,8000,1080p
1.5267198241280489,1.0623677860099021,12959.94460311529,8000,1080p
1.3952238959824694,0.9404674348468649,14365.95305086217,8000,1080p
1.1980795261384638,0.9716979313730922,15464.457833607708,15000,1440p
1.4035488695922276,1.5007410851302925,11553.402905050449,8000,1080p
1.2451944782535624,1.5088146281792587,12183.849327739503,8000,1080p
1.0258627853829598,1.253185272460941,14723.003266435837,8000,1080p
1.1164221000992198,1.1229698832416497,14983.72426516475,8000,1080p
1.0179543250306344,0.7058462538777457,19465.37923850147,15000,1440p
1.6804543148392395,1.2992836731576698,11260.866604770354,8000,1080p
1.1651437243851792,1.238794763002592,13958.107570573393,8000,1080p
1.0273716082983217,0.8435278124736418,17934.92029953962,15000,1440p
1.2824101050405061,1.1809047321754176,13621.657894905442,8000,1080p
0.6731456824326689,0.9615618188296406,20526.260492528178,15000,1440p
1.3275618710535266,1.4310387077030795,12163.5702748689,8000,1080p
0.8890696152471481,0.738262062325027,20619.295047497653,15000,1440p
0.7399264963323786,0.9743102611680514,19573.977662762598,15000,1440p
0.8816323439317201,1.024186323753408,17606.308810458002,15000,1440p
0.9925285367243067,1.2595681515614015,14899.196901506733,8000,1080p
0.9940130391700445,1.3428854516140891,14358.532102411087,8000,1080p
1.1657685277554775,1.7092762557974766,11670.92498591752,8000,1080p
0.9622582802008612,1.3117816050069109,14755.428090010933,8000,1080p
1.4080980463605148,1.6858778187112944,10845.085244134969,8000,1080p
1.6611190418717692,1.6151391563530015,10241.693410544185,8000,1080p
1.036179866430378,1.4018451072033924,13762.95664026303,8000,1080p
1.7520814451268596,1.2086107398681272,11333.306505166736,8000,1080p
1.2388118865808917,0.9835791189629564,15098.347642830202,15000,1440p
0.7775125934892025,0.7570021519143285,21866.47739978295,15000,1440p
1.2506184117117025,1.055316853194144,14551.333036389493,8000,1080p
2.0628488086566885,1.4742515063246437,9486.423627252168,8000,1080p
1.2770671498961712,1.6409794593876508,11498.936272383697,8000,1080p
0.8917298400508546,0.970834444629858,18015.180617377737,15000,1440p
1.6683812031287286,1.154202763000979,11887.841921673433,8000,1080p
1.083068726466171,0.7824792167217012,17986.368092294513,15000,1440p
0.8834998435828868,0.7013181973694381,21172.419251258005,15000,1440p
0.952398114508481,0.7110311496444455,20171.841822854447,15000,1440p
1.6066590997057348,1.7622262142187082,9960.0992237139,8000,1080p
1.2919170738911445,1.4792796361645726,12108.282273229663,8000,1080p
0.9998930619206464,0.9892364896755149,16868.90226585519,15000,1440p
1.6801358489388043,1.1850049585776936,11711.268050761164,8000,1080p
1.0499002289017414,1.08288940514931,15732.649607953235,15000,1440p
1.1279402862898233,0.9048436761308396,16506.63947586589,15000,1440p
1.8572660874326563,2.212675859543204,8244.449782614804,8000,1080p
0.9930899735243608,0.7511876420084025,19236.864419515758,15000,1440p
1.3871610566582777,1.5364597825544613,11477.0121863803,8000,1080p
1.279203875139301,1.2372787609597586,13333.86192245483,8000,1080p
0.9452832401683966,0.7336796707331743,19985.21336125401,15000,1440p
1.4141227602938988,1.983901516035261,9874.688722426787,8000,1080p
1.5227168028784017,1.1072187433398224,12758.65184158234,8000,1080p
0.706302214774759,0.9914642448858738,19763.867880101254,15000,1440p
1.7925782394314556,1.3444085902651686,10696.389185428943,8000,1080p
1.2729081191962919,0.8763283238548947,15612.257138337041,15000,1440p
1.38050365723693,1.266172706957499,12677.950524643382,8000,1080p
1.3932468615337914,1.5243101381964839,11500.865965292904,8000,1080p
1.9885719541374376,1.728085382978546,9028.120958290237,8000,1080p
1.664580485823523,1.1545926335462842,11902.224723077914,8000,1080p
1.4180448014766023,1.8405956969613768,10297.064685743711,8000,1080p
2.477923917700606,2.1932471402031393,7183.301913815597,4000,720p
1.2321840014192083,1.743172548194824,11277.449085674363,8000,1080p
1.2032012010029882,1.2790793900554738,13517.582226952092,8000,1080p
1.0214500564036713,0.7463151246101178,18981.272151065332,15000,1440p
1.1275374844354125,1.3887894088292323,13334.687194185246,8000,1080p
1.260680629908243,1.0654572450138182,14424.954067318242,8000,1080p
1.0128756907738778,1.2446808935956706,14863.163223601106,8000,1080p
1.1912060114672394,1.528029338065275,12339.657178172758,8000,1080p
1.058883989602594,1.12064091108414,15395.296465494624,15000,1440p
1.2698875329517985,0.8846367444155416,15573.940081566816,15000,1440p
0.9496399397716987,1.1624819649184914,15886.598176690859,15000,1440p
0.952134230004285,1.14538472366426,15997.200855474297,15000,1440p
1.5873584540703947,1.2055014888610556,12014.3625837465,8000,1080p
1.226889544053893,0.9710939567616563,15266.007223234305,15000,1440p
1.0812453599149896,0.9958168857586382,16154.755145105297,15000,1440p
1.0829835938407937,0.8524168228415459,17337.20407972163,15000,1440p
1.6258567336495453,2.309539560822228,8526.315900417807,8000,1080p
1.784613830177681,1.2605538500294209,11018.911115501516,8000,1080p
1.6775134409527617,1.9484947991910575,9253.821220954844,8000,1080p
1.0449004038174112,0.90000884970731,17252.440924526403,15000,1440p
2.0700620819599687,1.4577294107683523,9511.455557723368,8000,1080p
1.0798899336981194,1.5467913336305026,12774.458940777922,8000,1080p
0.9447348167013098,1.0825284043829502,16551.591155515453,15000,1440p
1.0916654351020856,0.8952610967051171,16887.605788564648,15000,1440p
1.5965722124151278,1.2670718863386425,11717.389047962544,8000,1080p
0.7016834394961212,0.9520398666165449,20290.23348462985,15000,1440p
1.2283550137625958,1.245327648112694,13564.566109123514,8000,1080p
1.103676855797407,1.2084371175608755,14512.447217843288,8000,1080p
1.4786327132543857,1.0518752582989028,13259.95901898047,8000,1080p
0.6554971216817796,0.7960100019359279,23116.95991981741,15000,1440p
0.8776815980614611,0.9342397805536048,18518.701967988913,15000,1440p
1.6392956986397142,1.4633355906880299,10814.83066177365,8000,1080p
1.243164089304308,1.2520483892433703,13447.524925624823,8000,1080p
0.6697625080354601,0.7475555577609669,23674.595568740537,15000,1440p
1.253143152511391,0.9347862332442174,15336.15857004081,15000,1440p
1.3068679898987083,1.2378742524823263,13185.788108977269,8000,1080p
0.6943455832006747,0.9297786538347389,20660.015554751157,15000,1440p
1.492450863179712,1.1402373050307966,12745.311961046882,8000,1080p
0.9886117426073066,1.0620034529869957,16363.105116986793,15000,1440p
1.2877378457321988,0.9684076171903726,14872.459489617384,8000,1080p
1.5163140761826763,1.4719178401276751,11228.85804707907,8000,1080p
0.9901193443482958,0.9518682271689396,17278.39688169817,15000,1440p
1.2397797711065006,1.7328347554864563,11287.851721043091,8000,1080p
1.4603313894337397,0.9840385255721451,13727.231624808806,8000,1080p
1.8360517845141782,1.5726402502493115,9843.785140398628,8000,1080p
1.4207241699620843,1.2958856242030983,12351.583238810828,8000,1080p
1.1967958959734444,1.3566602102050178,13140.79060094674,8000,1080p
0.7298803894564854,0.912233948657601,20433.675792963448,15000,1440p
0.9659826656049678,1.0938932197472706,16289.540665340715,15000,1440p
1.5784555938460338,1.6089770674588737,10527.103021609593,8000,1080p
0.7595127604579607,0.9794904918376076,19295.20945731788,15000,1440p
0.9472244593295858,1.2516628415133035,15259.73249613008,15000,1440p
2.3021754992675474,2.0480210890153066,7713.31394318547,4000,720p
1.40084939449208,1.3451841554506236,12219.23599611524,8000,1080p
0.8700657738760278,0.8454919153363705,19558.90624430393,15000,1440p
1.04558427496622,1.3343957818975205,14098.618979277047,8000,1080p
1.624352060964358,1.984756507856873,9297.152291253793,8000,1080p
2.0677291651492853,1.690865708789866,8927.387261834281,8000,1080p
1.038686369935367,1.1920721585048781,15041.71409509813,15000,1440p
1.529420896403083,1.8661714816140738,9881.760901935462,8000,1080p
2.244715941243961,1.7549108844179258,8389.390676328203,8000,1080p
1.0612712136909859,1.3536526944997207,13894.612532590905,8000,1080p
0.9372635835754154,1.0822968907311967,16614.720097213452,15000,1440p
2.130175073431189,1.7076704589983742,8743.038696181771,8000,1080p
1.3474290185402522,1.8548437234619992,10478.3179645778,8000,1080p
1.9399047213309506,1.3661037615230078,10149.52991621899,8000,1080p
1.784320155169315,1.3971557018029637,10546.813337107267,8000,1080p
1.121835875456147,1.5346152038480012,12631.300557881726,8000,1080p
1.6822398772718044,1.1912869830624955,11677.090081592747,8000,1080p
1.1631620068747024,1.112528871565678,14744.723159850322,8000,1080p
0.7888366620693557,1.0319918367711898,18428.11226942381,15000,1440p
0.7621043984020207,1.1324799567832038,17710.708899377325,15000,1440p
0.5747895092440712,0.8338052379776323,23821.21051223738,15000,1440p
1.214203766008687,1.1399808070758453,14253.101640215002,8000,1080p
1.1006836799545872,1.1694619581023538,14780.739806949061,8000,1080p
1.010468971735601,1.044157910013438,16331.155937878206,15000,1440p
1.1514487056928098,1.2605564754572636,13911.426170320596,8000,1080p
1.1356177719612108,1.6017163621638706,12258.069477778537,8000,1080p
1.063134920304415,1.014134527950479,16153.143747523438,15000,1440p
1.2266796959740942,1.407542313419352,12737.89068664194,8000,1080p
1.5937593503696725,1.464732854039352,10970.906498185283,8000,1080p
1.2385355512771588,1.2353135310088215,13563.65359563234,8000,1080p
1.2251784252079554,1.2700900917396203,13447.222922944835,8000,1080p
0.9799338630912513,0.946601917416735,17416.978360584828,15000,1440p
1.6827957349243114,1.6106494340456832,10188.246738139547,8000,1080p
1.5947263742172046,1.2672084083919521,11724.387363365853,8000,1080p
1.5045697858622489,1.390486858736619,11590.250595821839,8000,1080p
1.6546437018053184,1.3004295770349557,11354.85615205066,8000,1080p
1.139437124106244,1.6422219481185754,12062.740662594062,8000,1080p
2.225150253328677,3.188532407337146,6198.078850058266,4000,720p
1.0499591972588345,0.7985397877474734,18152.258817651174,15000,1440p
0.9719703170287533,0.9556250776598469,17407.404112116932,15000,1440p
1.038244901596011,1.2267791722053953,14814.161309855464,8000,1080p
0.7365351780565833,1.0771678547150834,18500.51049907699,15000,1440p
2.3061914874729537,1.7647496299221013,8242.42626763196,8000,1080p
2.2348062817699317,2.2369919452436866,7503.565746169302,4000,720p
1.1823091269270476,1.0600301988981924,14964.02957997942,8000,1080p
0.9405367838287801,1.4049835095983918,14305.752158286266,8000,1080p
1.3411043511262595,1.3637907648905834,12405.076929345554,8000,1080p
1.3498340231768189,1.1389285958326358,13482.375435771733,8000,1080p
1.564701151525691,1.076072472115511,12706.288679805062,8000,1080p
1.5526005888014314,1.7106344852301796,10282.5666060719,8000,1080p
0.6818524214868084,0.8713675802536093,21603.141835928916,15000,1440p
0.48899880729418715,0.7216324594526042,27716.475628592903,15000,1440p
1.332572362333003,1.3434379623139256,12538.977032694054,8000,1080p
0.7597404858990298,0.9943822418274122,19128.896439014083,15000,1440p
1.8815380642762245,1.5887471442393777,9669.070403107515,8000,1080p
0.9065848161933079,1.1525933739277179,16295.059922923852,15000,1440p
1.0917317662155992,1.2543090777703596,14302.577930821746,8000,1080p
1.6817375588325973,1.1249759858243358,11955.061129724725,8000,1080p
1.3493549843743529,0.918946807888841,14792.754700652566,8000,1080p
0.668204009364518,0.6755030259355527,24971.538526258275,15000,1440p
1.1560374157286393,1.1436213848478778,14591.0480248583,8000,1080p
0.9161895438633093,0.666351816890154,21202.87837786711,15000,1440p
1.1519122967966247,1.036660100517491,15331.652743669365,15000,1440p
1.8001142373129262,1.7469350571383775,9459.815529626172,8000,1080p
1.0148449813438598,1.1818154283056426,15275.20223544882,15000,1440p
1.4087120487819298,1.2258834521994173,12736.08490848082,8000,1080p
0.8739793369024915,1.2297823984283256,15949.730160256744,15000,1440p
2.1711244294281618,1.4852280137747997,9177.023419166439,8000,1080p
1.2467811935591768,0.8542068846765167,15970.786482604586,15000,1440p
1.3789420005282813,1.8967644646392907,10243.418437153368,8000,1080p
1.7398459791607956,2.5677157708043,7789.657803575745,4000,720p
0.9951811196626812,1.4648582609114635,13639.794657339504,8000,1080p
1.0802229500935205,0.8850137096766799,17073.99046989262,15000,1440p
1.084802221783505,1.6269102302861935,12373.890149890258,8000,1080p
1.1206503363738447,1.5157950930583537,12727.148313184125,8000,1080p
1.6799817577035465,1.8934235193629767,9390.043781304727,8000,1080p
1.2562876433301462,1.6204462835681872,11664.072122296713,8000,1080p
0.9560345418101218,1.388021807824666,14314.686592422531,8000,1080p
1.4738460467922507,1.0534080516046076,13277.031392009598,8000,1080p
1.6231411508954832,1.298314897009869,11485.516622458897,8000,1080p
1.270244158443566,1.0525963199139,14445.43106280252,8000,1080p
0.8617940432520812,0.9363064065903521,18661.044216378654,15000,1440p
1.6471814846146304,1.1172998188687142,12137.695399755543,8000,1080p
1.2671942442621984,1.7263016058467522,11209.112582794714,8000,1080p
1.1137277210586451,1.3226297807426022,13772.376170242891,8000,1080p
1.44007494793839,1.3952510415024832,11834.417673650618,8000,1080p
1.0763564563346943,1.1892746855658596,14810.191906107202,8000,1080p
0.8861046921780896,0.7114670309179808,21003.39628882014,15000,1440p
1.2354021453452222,1.0994372767376706,14371.194730842066,8000,1080p
1.89475837986436,1.3179951748316414,10444.135047630505,8000,1080p
1.201636798216997,1.4593077975142323,12609.97017894663,8000,1080p
1.5263921167895371,1.388589795290481,11511.025801205353,8000,1080p
1.0914077957392208,1.0073393671839421,15987.83912268162,15000,1440p
1.1865702438325256,1.2518208420074346,13760.890201270318,8000,1080p
1.3110646957477305,1.1051714905049783,13887.066252425795,8000,1080p
1.5514135017166113,1.2270288457884766,12076.706227188884,8000,1080p
1.3785310169772584,0.9839804847677542,14202.865033764205,8000,1080p
1.1245832343655409,1.0138471278140384,15691.150197568226,15000,1440p
1.2045046410330034,1.4098288978574474,12834.793839748863,8000,1080p
0.8304435492009519,1.111189713647825,17281.54983849459,15000,1440p
1.365565095402528,1.774619298540072,10685.497343635721,8000,1080p
0.9436998289634054,0.899054137224404,18208.85078294831,15000,1440p
1.2470629061720446,0.9470618319266642,15292.855240799194,15000,1440p
0.9430885438057717,0.9972087835748675,17293.448548577748,15000,1440p
1.4442411587446458,1.2256038587925522,12567.932512783957,8000,1080p
2.2181856392946124,1.8020248892286648,8346.436526627716,8000,1080p
0.5724052941641689,0.8279404284115057,23961.53425475738,15000,1440p
1.039866974123829,0.7663064752268582,18577.635504531805,15000,1440p
1.1993800437605608,1.2985419684182349,13432.93819278704,8000,1080p
1.5244873993742556,1.4961521757058733,11108.386540658328,8000,1080p
1.3866890237369904,1.1754960558640148,13096.021933444887,8000,1080p
0.733814516030391,0.6384872881109058,24451.204464455488,15000,1440p
1.1397768868935136,1.7021748214226244,11806.826942841004,8000,1080p
0.7887989207024891,0.5768208592991976,24570.845041478937,15000,1440p
1.209491294011377,1.2420332651979686,13687.169428488949,8000,1080p
2.1021037397534905,2.123918525922153,7939.9562734285355,4000,720p
0.9738572901651749,1.442259118008185,13887.754698610706,8000,1080p
2.783498268734628,2.1627215664986617,6783.853754534425,4000,720p
0.789064454073332,1.0328256832423102,18417.373974831888,15000,1440p
1.4923959531096047,1.1528848140754295,12684.639156737538,8000,1080p
1.7596758560914778,2.2321449440051753,8405.796171809003,8000,1080p
1.6574187068137454,1.166873131340379,11880.653247905926,8000,1080p
0.9398971892813183,1.185042022188611,15790.772657815785,15000,1440p
1.6508616540268561,1.2780781411286894,11456.169927254528,8000,1080p
1.5782701927027203,2.1054536383834863,9108.83484718395,8000,1080p
1.1424511839763534,0.8140863383148405,17149.90467481873,15000,1440p
0.8506349682691102,0.725182099813103,21293.35484405948,15000,1440p
2.139872347766045,1.6396745714679448,8877.8979906937,8000,1080p
0.996929326738033,0.6778342043106103,20035.325213339278,15000,1440p
1.1386153735315188,1.274331583891915,13905.99652295288,8000,1080p
1.1984729003308499,1.2100250827505057,13931.683661645226,8000,1080p
0.985984949270236,0.9666468507762537,17184.208512429792,15000,1440p
1.2020035126389494,1.7601435967727088,11327.739899678574,8000,1080p
1.1787533720187107,1.294830176462521,13565.109624294784,8000,1080p
0.6537016183790474,0.9780022215018329,20564.0454964239,15000,1440p
1.6039492330442702,1.8230121182958898,9791.307388651489,8000,1080p
0.8549166789486254,1.210357024552564,16246.966173595436,15000,1440p
1.554176217997596,1.9620447505338299,9542.754081810233,8000,1080p
1.5228414060467748,1.2074067020228296,12289.883802437404,8000,1080p
2.2279255970229563,1.8851529180314328,8157.9847982931815,8000,1080p
1.288321269975002,1.4462071691978113,12270.646565354471,8000,1080p
2.298290332450428,1.5826881295176927,8645.869161300083,8000,1080p
1.2975412227618521,1.3738395748427912,12560.707193106791,8000,1080p
1.1710972705729383,1.0887917109729788,14847.823178042356,8000,1080p
1.5854929401422297,1.6357796669749587,10416.514245290418,8000,1080p
1.6700833969138837,1.2139508729272241,11634.546909128316,8000,1080p
0.9475752188103563,1.0422234647999309,16863.22957009847,15000,1440p
1.3119385463556998,1.0344632909603528,14300.377482819165,8000,1080p
2.2247782896903794,2.025700382016207,7894.271349567258,4000,720p
1.3086799068264219,1.6295887224395036,11419.7972458301,8000,1080p
1.3231337033889152,1.9686546939369036,10193.374527736634,8000,1080p
1.4238377674773446,1.0866299655953187,13365.80891200357,8000,1080p
1.670398040357757,1.1347611379543017,11961.685546910967,8000,1080p
1.2304511209604307,1.094146567675094,14434.511470109708,8000,1080p
1.8384827635176355,1.3847446344666061,10410.196941421025,8000,1080p
0.841884471599628,1.2372472259742855,16138.675601528186,15000,1440p
1.384902356915327,1.2332275726801383,12816.182887143645,8000,1080p
1.2443495773014368,1.2395218802787047,13508.924504768731,8000,1080p
1.090233639913964,0.9163514439846434,16722.157594636792,15000,1440p
0.7626999983321334,1.0282172972447594,18735.89142439512,15000,1440p
0.9775375634838853,0.9286984869722569,17602.453794728506,15000,1440p
1.079151549348256,0.9814536009542698,16283.775664189588,15000,1440p
1.2525963079636124,1.63572414450576,11617.281583597349,8000,1080p
1.5962010994107374,1.4849895954898062,10890.086113635718,8000,1080p
1.4610960995808633,1.0935150152800908,13134.849294596586,8000,1080p
1.5160120928682435,1.1112745725590945,12771.515358999564,8000,1080p
0.9073610689930015,1.1251276528644603,16509.03724047979,15000,1440p
1.4351597161691225,1.1238714626203195,13112.162242537832,8000,1080p
1.1326283950258778,1.2931219115324666,13832.599303102654,8000,1080p
1.0250443259689253,1.4019356992700762,13825.590507979423,8000,1080p
0.9430766484484261,1.2938779331233459,15000.050638678298,15000,1440p
1.6915736652717246,1.3556793090304,11011.370661697218,8000,1080p
0.9714600305793301,1.4105849558346355,14086.397272670449,8000,1080p
0.8110182145039911,0.9191288392123159,19393.97690382793,15000,1440p
1.1783860847551764,1.1443469138108937,14446.09949603105,8000,1080p
1.6412820231561787,1.4505956987463824,10852.44470125829,8000,1080p
0.9979960326677099,0.6689296663912617,20129.530679707237,15000,1440p
1.2428498835857031,1.1926751876682349,13777.083387905504,8000,1080p
1.4814569173828303,1.4348260674161781,11505.890263359537,8000,1080p
1.1194810937657471,1.5191089982786803,12716.80360703599,8000,1080p
0.963688756285189,0.6568519288382508,20705.701688349833,15000,1440p
1.1451934081816888,1.1310847376859372,14740.919101171794,8000,1080p
1.1944499438530967,0.8198339784970363,16658.243471879035,15000,1440p
1.171296167486044,0.9336753224332615,15940.563642164254,15000,1440p
0.9630986382408889,1.3413292064942652,14560.851656371293,8000,1080p
0.58112652713238,0.7787424113753041,24674.75434568167,15000,1440p
1.809429602830684,2.2399138427452074,8286.38826293183,8000,1080p
1.1944640310722154,1.341190350236635,13233.04636757314,8000,1080p
0.9056365485424769,0.8335947694449957,19292.67927329359,15000,1440p
0.8771006347311142,0.6070909316297991,22607.88483138471,15000,1440p
1.2083563423705146,1.0859901666649303,14624.831893464276,8000,1080p
0.8677570403942032,0.7923203687016596,20212.570700709035,15000,1440p
1.480137233586557,1.2452028661340784,12312.016398775162,8000,1080p
1.5354093679312677,1.0573714416375664,12941.484245858765,8000,1080p
0.9246025200525055,1.10664543881868,16519.121584076333,15000,1440p
1.187102753500554,0.8870259256014987,16177.603799647877,15000,1440p
0.8559262791809853,0.9130347960108621,18968.439990326497,15000,1440p
0.7652539857748596,1.1395148997761186,17616.012238825482,15000,1440p
0.8707417304179708,0.6140266842663182,22599.101427635625,15000,1440p
1.1216529625286331,1.216091513340088,14353.336023831669,8000,1080p
1.1003858623627276,0.7418726190026601,18213.74814631396,15000,1440p
1.4087406514920477,1.2680019127308841,12535.546917542657,8000,1080p
1.5881113469150947,1.2208510073152155,11945.490102231834,8000,1080p
0.9286549223136951,0.6273855709590395,21563.983807019576,15000,1440p
1.1568024192765465,1.7158124188328803,11680.797423605665,8000,1080p
1.5971047578171296,1.4149158870854064,11140.173310825952,8000,1080p
0.923943699710454,0.7215694897348501,20391.469491235777,15000,1440p
2.078467795857984,1.5780770771067356,9176.540468049592,8000,1080p
1.004190445300773,1.3172152354757318,14454.35939002963,8000,1080p
1.5574565371537747,2.1070454394527705,9156.61451793582,8000,1080p
1.7159380515686322,1.3291499689397657,11019.199370925857,8000,1080p
1.7845323805696824,1.5767880851320824,9982.515009319299,8000,1080p
1.1439375816017436,1.0783076098113649,15099.338331187026,15000,1440p
1.2441698153354321,0.8877730702288724,15738.898179309557,15000,1440p
1.2573646840481267,1.2060466626304354,13621.124237022663,8000,1080p
1.2878492502441852,1.4238280910459962,12374.050366934598,8000,1080p
1.1422471630630602,1.157684284868623,14589.31831649823,8000,1080p
1.1868281149489839,0.9831971509085067,15462.69185337844,15000,1440p
0.8974491465165885,1.000596893969016,17678.40783852392,15000,1440p
1.4564714749155008,1.710458958023426,10595.253893487432,8000,1080p
1.6086382312370608,1.557911929302701,10596.52628217972,8000,1080p
1.223549536551762,0.8440059405813067,16229.035869222495,15000,1440p
1.8692505925075211,1.3917790441934257,10289.520715287235,8000,1080p
1.3553055458314074,0.9538888517773618,14530.795689936927,8000,1080p
1.5019422905748394,1.2912125766069025,12013.094008588218,8000,1080p
1.106535751372291,0.8925055829075923,16785.261727510675,15000,1440p
1.6800593245487354,1.3685757514840557,11006.378645903596,8000,1080p
1.101070276464071,1.3954800566495253,13440.318648874294,8000,1080p
1.2246711213249006,0.9351655290706931,15535.634138745725,15000,1440p
0.956686031112286,1.020895440511988,16967.408160656094,15000,1440p
1.1003011298117031,0.9413475881247035,16434.968320071777,15000,1440p
0.9375817803944958,0.8353033481470936,18926.455786564435,15000,1440p
0.712116803764705,0.6947308579288272,23850.79274298108,15000,1440p
1.296924950476084,1.3176512926939632,12833.602419379775,8000,1080p
0.6422655051494004,0.5700697476609682,27677.519004925383,15000,1440p
0.8805430989293217,1.1384417483886546,16619.4570724856,15000,1440p
1.0666050651744101,1.0010978620230533,16227.87855965326,15000,1440p
0.8523158313319458,0.7996725530123588,20311.54233164792,15000,1440p
0.7668139782918975,1.0667168880511115,18300.44566793935,15000,1440p
1.2257285319100713,0.9113982015980828,15700.721662359934,15000,1440p
1.0987244531741784,1.3858535714008862,13505.082822158014,8000,1080p
1.396886843346259,1.1884445204791803,12978.77419873578,8000,1080p
1.1933412164262311,1.2307210491095242,13842.231891920463,8000,1080p
0.6980942035326497,0.8103657335861617,22244.16517424363,15000,1440p
1.785709059509495,1.5275842104310124,10127.214606813992,8000,1080p
1.2094003513932445,0.8337050570461588,16423.250538810953,15000,1440p
1.0064668502506948,1.1713663400414016,15407.255316693743,15000,1440p
1.0290372378559247,1.2539368563888866,14697.684079984938,8000,1080p
1.0543383288518182,1.0254817254503044,16133.334194269557,15000,1440p
0.9460540696495864,0.7557059982180551,19717.486991009697,15000,1440p
0.7223663785935198,0.8569164520247562,21246.626221386654,15000,1440p
1.3228680082040607,1.4127318499129236,12265.840671265707,8000,1080p
1.5591261247631145,2.0162688932448734,9384.818133660283,8000,1080p
1.0854301834812143,0.9238636007890677,16699.614691828654,15000,1440p
1.0733893369651377,0.7264878620650619,18642.62296232189,15000,1440p
1.040098336843788,1.4658383692913208,13389.975859266933,8000,1080p
1.5959008884298393,1.4901306900379163,10873.003450165634,8000,1080p
1.2308777671073654,0.8401452221550969,16201.863607486794,15000,1440p
1.3082918233259038,1.5392443351830194,11783.671964878704,8000,1080p
0.8460820817304299,0.9618312786791746,18559.75664254057,15000,1440p
0.9000699943427146,0.7828751824995928,19937.923386760485,15000,1440p
1.2324983558645197,0.9871031841066364,15117.322364281674,15000,1440p
1.2881070496579572,1.1037426430097719,14028.654100992171,8000,1080p
1.330367937245565,1.5076163418802229,11823.33258390568,8000,1080p
1.4824633286354703,1.318681657527233,11978.827288753202,8000,1080p
1.331219681754441,1.5028764065736901,11839.553407589006,8000,1080p
1.4038525244092719,0.954853483205593,14225.779682449871,8000,1080p
1.0405097828198602,0.8689569446713705,17572.671739656747,15000,1440p
0.8529984615304045,1.1400009362480703,16836.147586096577,15000,1440p
0.9621211866919044,1.0854235421660197,16387.642978972155,15000,1440p
1.2095269268760502,1.0685451225491034,14729.311133274776,8000,1080p
0.8994607093072473,0.9894618029479054,17763.794852516174,15000,1440p
1.1272493926808702,0.805008841089653,17365.397343668377,15000,1440p
1.5660395564887082,1.144051114585442,12381.29497220867,8000,1080p
1.4295615439543592,1.650581988023074,10893.788439286873,8000,1080p
1.5159936381981611,1.4214262557952246,11423.09687103779,8000,1080p
1.9236855558274104,1.3955085878963633,10109.210412849061,8000,1080p
1.04587679484347,0.9843313621311953,16527.58210271476,15000,1440p
1.0716605592875887,1.1642672348586518,15006.938993221074,15000,1440p
1.104839753552821,1.307847867671444,13907.49125780881,8000,1080p
1.2131822501040201,1.293322429551745,13386.941693086426,8000,1080p
1.0448291809868606,0.7399455277800246,18800.37398287822,15000,1440p
1.6706190614238157,2.2064881176020363,8654.502042533362,8000,1080p
1.4433597388644301,1.7644791375089057,10460.136338872295,8000,1080p
1.1775648180945484,1.3999852444339371,13017.95549494945,8000,1080p
1.8057665528047342,1.2872324397099533,10848.510484873903,8000,1080p
1.9486479484655663,1.7902269081084552,8974.473146915207,8000,1080p
0.7002441247226252,0.5963516046337731,25878.869751218204,15000,1440p
0.698944417151543,0.8237688563746178,22035.94897567137,15000,1440p
1.196380436237481,1.7915534625327132,11229.978017187961,8000,1080p
1.3024137289675266,1.3436295907378588,12680.983621891724,8000,1080p
2.3520448642213587,2.944237462585665,6335.468906210859,4000,720p
0.8476289681212593,0.9888453734026422,18271.113971653216,15000,1440p
1.2095335980140993,1.2483622740519669,13651.689797499315,8000,1080p
2.082200921853393,1.7931191168805447,8658.493147565225,8000,1080p
1.1681077528512305,1.1620750352572047,14399.914105982376,8000,1080p
1.1717424512562657,0.9931589318168532,15499.28891096593,15000,1440p
1.0793782623059558,1.2632981338867992,14323.11865801509,8000,1080p
1.0402526487109953,1.3714238967496128,13913.32186032908,8000,1080p
1.0908127009809523,1.4959257614180463,12971.714182840455,8000,1080p
1.0470805009493838,0.8252910377288944,17920.819296199264,15000,1440p
1.3643372562126823,0.9404607853670706,14558.51289122111,8000,1080p
1.5361778857198278,1.0528730616486397,12960.128124981473,8000,1080p
1.3226511075718508,1.1418245626119006,13615.241735171272,8000,1080p
1.542029275601361,1.5411396656633445,10883.098733550452,8000,1080p
1.1568629214972936,1.042660051383898,15255.32236476098,15000,1440p
0.8352753615753662,0.9335659807435702,18969.72396405571,15000,1440p
0.9055747911507177,1.2471264492782377,15587.129031111543,15000,1440p
1.820400593807327,1.367367087987494,10525.99666896294,8000,1080p
1.0516327220707737,1.415098978442608,13602.78946957084,8000,1080p
0.9579474898770033,1.1311259189956928,16061.8731048358,15000,1440p
0.8087123795495391,0.896425917887289,19678.42259506996,15000,1440p
1.0741320146666913,1.448482402067069,13301.45097777001,8000,1080p
2.0031681778047767,2.0875259116149794,8202.62558541979,8000,1080p
2.256980709047971,1.7675644328746962,8337.447044753451,8000,1080p
0.5453165233967086,0.7568391642572425,25768.37187606488,15000,1440p
1.3724452192588554,0.9194512311059988,14640.46597509166,8000,1080p
0.8461154106741152,0.8489014182389932,19795.928528636516,15000,1440p
0.8012445716179285,1.0075378444343102,18550.8393393354,15000,1440p
1.1603461461154638,1.0916590203106131,14899.80240731452,8000,1080p
1.380446248865871,0.9759664869079021,14239.624277442957,8000,1080p
1.1650158738118739,1.2805677586132553,13720.418944219959,8000,1080p
1.4026595499932741,0.963240872135829,14182.520822158674,8000,1080p
1.5683289216516623,1.1341883149357908,12415.991855937302,8000,1080p
0.6930187074813734,0.9262578189405248,20721.866495616378,15000,1440p
1.2083729378153503,1.1648627542041263,14138.685050471011,8000,1080p
1.1755279216461239,1.106046611792762,14706.699916318463,8000,1080p
1.1941345519467697,1.1037824671999767,14602.107787364446,8000,1080p
1.2410135433796567,0.9205287368105626,15523.375280472032,15000,1440p
1.194168840808511,0.9846656594662868,15400.174724499759,15000,1440p
1.0981639227873743,0.9742547599436155,16190.95228179601,15000,1440p
1.2459507858809478,1.0058455818137506,14901.183997535143,8000,1080p
1.056492105977448,1.116308883000136,15442.93847905008,15000,1440p
1.4766263774164257,1.181022577402203,12625.607283144709,8000,1080p
1.0105408886011762,1.0505671065311717,16279.802940575855,15000,1440p
1.4249481817003327,2.0409182498957876,9681.397902153813,8000,1080p
1.1414252391123485,1.1349311268561983,14740.412574075686,8000,1080p
1.5457530703585756,1.0984113464809384,12689.994535251537,8000,1080p
1.0961884734093994,1.3941518289145653,13473.8340654437,8000,1080p
1.511082398396916,1.2788098796657255,12027.142504333855,8000,1080p
1.167200608660405,1.05338995496514,15110.589295316053,15000,1440p
1.27239585663731,0.9950645969212006,14798.243535996537,8000,1080p
1.6162244899037834,1.1620946275101345,12077.241879699097,8000,1080p
0.7286023454250966,0.6413812861691838,24492.57876238416,15000,1440p
1.4677868362323323,1.0101137399617743,13541.476329747426,8000,1080p
0.8719571728287894,1.1645186885250303,16476.71481737746,15000,1440p
1.315009542829602,1.2408436435906975,13128.466133454238,8000,1080p
0.7834121330938211,1.033932710745332,18463.43698266755,15000,1440p
0.7386886291686249,1.0418380040818978,18845.228919009853,15000,1440p
0.9812374392307959,0.9387224833463805,17476.631467890034,15000,1440p
1.4219855402795878,0.9917384516157115,13901.51985590219,8000,1080p
0.9502386123523644,1.260445490929253,15178.302476681592,15000,1440p
1.1609921523053028,0.9652866035122027,15780.824554727344,15000,1440p
1.6763574830090024,1.3030833042964907,11261.989881780974,8000,1080p
0.9029354063755285,1.2652669960946787,15475.691735131291,15000,1440p
1.8900450585909638,2.0029565111840353,8619.167343911273,8000,1080p
1.444066850354634,1.891895788395151,10058.395621773258,8000,1080p
1.18733802592903,0.8999739532030571,16075.427312955904,15000,1440p
2.2296160451464337,1.6440623557936167,8662.162556359128,8000,1080p
0.8712074467600609,1.0259597282237052,17686.597387121208,15000,1440p
1.195338307236132,1.3317780297756832,13277.755166458377,8000,1080p
1.7050739819007656,1.5772687546831103,10222.70819741452,8000,1080p
1.1323314220060852,0.8298208854023736,17100.829468389995,15000,1440p
1.2287544936894015,1.2480556916400307,13547.43782900628,8000,1080p
1.4403040988674631,1.6150283023489578,10982.252532209248,8000,1080p
1.057345130011142,1.1282453408906816,15352.570596702266,15000,1440p
0.7354425851951274,0.9413949866812308,20010.543992315877,15000,1440p
0.7707503949336996,1.0488602481795244,18440.446106970867,15000,1440p
0.9172800191876225,1.2187071333838628,15709.098231047075,15000,1440p
1.0556812170557113,1.488288613691046,13189.791637643135,8000,1080p
1.2153328966034678,0.8559390696401123,16199.916064549305,15000,1440p
0.7405288881924933,0.6663090884359698,23850.956938491512,15000,1440p
0.8592345994450102,0.665903528415882,22000.913482546217,15000,1440p
1.734342704699707,2.0081143167943436,8965.883056849245,8000,1080p
0.9849077194153896,1.0912975229086102,16161.423406503325,15000,1440p
1.3656650428372985,0.971450191600391,14357.200494683013,8000,1080p
1.1524534096311199,1.3576873831804315,13367.549778917559,8000,1080p
1.0246457665450006,1.310929851934169,14366.664788977914,8000,1080p
1.1284046193827189,1.197995633060011,14423.327183173966,8000,1080p
1.6876193094227072,1.8194678135019,9567.607197627445,8000,1080p
1.5076060789930272,1.2995465734354203,11953.191063896116,8000,1080p
1.117432392066808,1.0832853915211236,15247.039965885433,15000,1440p
1.6288147693252888,1.218132419310151,11786.109743778863,8000,1080p
1.0273366277078315,1.4705197365182778,13433.291233459655,8000,1080p
1.0614091889123072,1.2766119672558178,14351.637456948285,8000,1080p
1.1016741665260015,1.30541589190522,13939.832405717512,8000,1080p
0.9673195544967669,1.0815096860609765,16377.368760544256,15000,1440p
2.037303704687986,1.555009593738553,9340.619598712925,8000,1080p
1.6237565707599029,1.0923137634284783,12354.036483383914,8000,1080p
1.0355662440471352,1.253175517332354,14660.645672745448,8000,1080p
1.4939241678302428,1.6427010425579396,10697.622364594645,8000,1080p
1.4234283070683291,1.594042365207348,11120.052402926704,8000,1080p
1.3376379030084276,1.4224646759128228,12156.951069954184,8000,1080p
1.2896282761876325,1.363292272089138,12648.110408657205,8000,1080p
1.103977638775481,1.6232264635393219,12303.601322511795,8000,1080p
1.4198311079638444,1.5184304429400828,11419.824756471155,8000,1080p
1.0642384644466347,0.8059937610057126,17941.31848620259,15000,1440p
1.2088047278269967,0.9942050021010567,15231.177395251827,15000,1440p
1.2511425686044642,0.9688710305657753,15114.51642122437,15000,1440p
1.3563843560694506,1.112600150175032,13590.37770999985,8000,1080p
1.002454973537222,1.0469974447375614,16372.38888826993,15000,1440p
1.528503320190579,1.6420741389385407,10583.066470552838,8000,1080p
0.9233766473567266,0.8001037130002402,19468.995859662835,15000,1440p
0.6296222011934679,0.8681996767409398,22402.15107972232,15000,1440p
0.9511165254178745,1.016764985060742,17051.04287088865,15000,1440p
1.3671167253159249,1.3718528714522567,12250.750077544562,8000,1080p
1.0390358026144004,1.1134188613797917,15588.914629093688,15000,1440p
2.145383744674605,1.7665924174199903,8577.36105989815,8000,1080p
1.6919360789346496,1.5708076584951511,10284.115057847672,8000,1080p
1.1526173693354747,1.1872694460037063,14340.194482926765,8000,1080p
1.6901728883019467,1.1382443913125493,11863.324496650424,8000,1080p
1.04982859986728,0.9179581192359714,17051.86424639111,15000,1440p
1.7348388476235748,1.1798483729714322,11512.189631500209,8000,1080p
1.1627335906029506,1.5434635521873867,12399.108501534485,8000,1080p
0.7676824863064345,0.8646007628031643,20556.74590687845,15000,1440p
1.1858149688367294,1.162062326986461,14291.39080636472,8000,1080p
1.1830389692299461,1.512318183220043,12448.97432961719,8000,1080p
1.1267424173117069,0.9353195426389072,16272.271469865835,15000,1440p
1.5408118550915861,1.239958249486636,12066.59692750452,8000,1080p
1.3879004488363755,2.012182599691106,9868.709534766176,8000,1080p
1.5803815790687288,1.6066704513598589,10528.360277660004,8000,1080p
1.4761078467538606,1.5201463565886808,11198.793467712976,8000,1080p
0.8985871449807655,1.251874523370116,15603.36205654472,15000,1440p
1.518267382815173,1.3467552817857518,11711.750980048135,8000,1080p
2.3223684807926723,2.3851107797572064,7127.897998658526,4000,720p
1.178181808488484,1.5751694732418309,12186.760266533467,8000,1080p
0.7986454949688322,0.8926714795297941,19839.23327556437,15000,1440p
1.3925196027086082,1.9793029608904205,9951.422818697953,8000,1080p
2.123361497239396,1.4512754472348761,9386.808372768863,8000,1080p
1.0675359872915484,0.910349829653009,16964.797316679767,15000,1440p
1.3401127985535408,1.7787100007687358,10758.684977963934,8000,1080p
1.7236786048168329,1.2600631187201066,11245.756204469482,8000,1080p
1.4903182367502055,1.7282304644028432,10425.32989728541,8000,1080p
1.3005921824799778,1.0332404428689141,14377.394349341503,8000,1080p
1.410965877833348,1.1679386401721075,13011.118389893416,8000,1080p
1.514168717426896,1.7642766830992611,10234.860703983313,8000,1080p
1.5306746325523617,1.0778024078943498,12863.61025215452,8000,1080p
0.9452093479369201,0.8547990861027637,18641.263766023134,15000,1440p
0.9902387259580395,1.313616103900281,14564.473232049731,8000,1080p
0.9824679947928179,1.071335237852366,16337.705319892679,15000,1440p
0.8480347438269252,0.6618116011433187,22223.739595608513,15000,1440p
1.0407268414743138,0.8283334324695282,17952.568179729114,15000,1440p
1.6100140464415718,1.1871376015114878,11995.928795835918,8000,1080p
1.3790668707036056,0.926882374604483,14551.244815241773,8000,1080p
1.4501145584479753,2.1273176548508568,9379.473879411034,8000,1080p
1.2531368000090963,0.9825416638488753,15008.612616904311,15000,1440p
1.395088331963088,2.068553322939118,9687.616486685136,8000,1080p
1.1515374242787255,1.4774759444144319,12763.12718663709,8000,1080p
0.9261891744168275,0.7874012193108239,19581.3609383089,15000,1440p
1.0132820479489948,1.1865381684138345,15253.261039431083,15000,1440p
0.7968125576255721,1.0617309564268713,18054.15463576452,15000,1440p
1.3936220301601223,1.5855096053295112,11263.1585661656,8000,1080p
1.6297268622962244,1.9840322884541162,9285.18769521011,8000,1080p
0.6779021211855,0.9239409305559193,20947.390547108724,15000,1440p
0.8742487496724832,1.3053988470569098,15394.42983826795,15000,1440p
1.227401356920175,1.2122349541621087,13753.866446230428,8000,1080p
1.4304086048837603,1.1777955591299638,12864.95607321001,8000,1080p
0.8956734642636904,1.0330308899645728,17397.3952650852,15000,1440p
1.1475122597527678,1.6118238573453165,12160.327910790456,8000,1080p
1.8535765933738644,1.3005520138488824,10638.257401160676,8000,1080p
0.6685284871057137,0.8085859587593754,22716.20326639515,15000,1440p
0.8641123779139848,1.074548034692562,17308.05033300585,15000,1440p
1.256758962013104,0.958287962770678,15148.406846177922,15000,1440p
1.2024388605124863,1.261861454258146,13616.210572583203,8000,1080p
0.7254797839089778,1.0438677109167958,18964.29734584392,15000,1440p
0.8678130806058953,0.6710836049500407,21804.21357388151,15000,1440p
1.2520465559408418,1.0051135667348525,14865.773882370266,8000,1080p
0.9011959473661966,1.119556506281259,16604.91958796551,15000,1440p
1.2145511495104417,0.92357040022976,15693.416496399432,15000,1440p
1.2943331931162643,1.7533900782364094,11009.671486711952,8000,1080p
1.0467931336260132,1.3031449334142213,14278.858013591002,8000,1080p
0.8845076835475916,1.197380465724391,16117.307748609684,15000,1440p
0.8284905089556492,1.2037080121628665,16511.394753664,15000,1440p
1.284727416058581,1.1268741381633944,13913.754509428172,8000,1080p
0.9442992357923358,1.1680577133819527,15884.830455911482,15000,1440p
0.8896751904449205,1.1111553442943694,16770.251861621142,15000,1440p
1.0458761176628242,0.9326749652057313,16959.093091168463,15000,1440p
1.1800582845029841,1.1143314113429938,14624.556613355931,8000,1080p
1.353784554441806,1.3886757699744803,12235.156768272238,8000,1080p
1.3224627269665887,1.1037567584475865,13829.924374822993,8000,1080p
0.9067477575079527,1.1447669391438744,16355.930598382984,15000,1440p
0.8928963574111416,0.9743374712329321,17970.12858553777,15000,1440p
1.7335730370243243,1.7966503291222873,9504.903378571787,8000,1080p
1.7810727670137698,1.3300937561925856,10785.161048023538,8000,1080p
1.483021582853335,1.24449816888147,12302.177455784918,8000,1080p
0.9587463354668035,1.258192896225373,15135.476660940363,15000,1440p
1.2728599097419018,1.862232208735351,10702.853610661285,8000,1080p
1.3476766244177492,1.0817062099672088,13811.916148034736,8000,1080p
1.3425509182268658,1.2036559935993103,13178.203171216075,8000,1080p
1.0090065530166352,0.6931071208962274,19713.390776577344,15000,1440p
0.7284878645178938,1.0118615708111396,19280.284360626774,15000,1440p
1.3041788435077917,1.119848242684115,13842.432781026913,8000,1080p
1.0505457522271042,0.8195206421279471,17942.90946101529,15000,1440p
2.4849839950944688,2.420412001765115,6840.3105521922025,4000,720p
1.7241053863884548,1.5368482601865598,10289.760492376909,8000,1080p
1.023328295277459,0.699160252198761,19480.206152408824,15000,1440p
0.8893436589563883,0.9552601966003138,18190.589756667974,15000,1440p
0.7589316775882291,0.622828485090134,24283.832249845065,15000,1440p
0.9421138460650498,0.9708574696358265,17540.478377589418,15000,1440p
1.5227468012559189,1.8244161439435616,10024.738128785739,8000,1080p
0.8065553782425874,0.9686572737857104,18901.640860694548,15000,1440p
1.1284131568433289,0.8455723972035396,16998.316898120174,15000,1440p
1.6811561591020756,2.061505933413426,8965.39179080619,8000,1080p
1.2597183363772433,1.295302288772155,13132.744084223581,8000,1080p
1.177215927728736,0.9173844373229043,16019.49114487658,15000,1440p
0.8137163722299591,0.9131164050813757,19431.199384716332,15000,1440p
1.2562931358766836,1.3550751843715778,12849.36779688359,8000,1080p
1.2392694842835508,1.6381732330497685,11661.198952066958,8000,1080p
1.865193935787653,2.7417139466044578,7283.504002380236,4000,720p
1.3383029720762918,1.5974316523272696,11429.654343098904,8000,1080p
1.6112764463038076,1.49208116316908,10812.299522805977,8000,1080p
1.4852266399254113,1.23354745031018,12341.750688484894,8000,1080p
1.4431537734739928,1.0159383168608491,13645.048972294107,8000,1080p
1.207612762193724,1.7559426520837487,11322.356868491595,8000,1080p
0.8830743264688292,1.065486905791465,17220.106530128127,15000,1440p
0.8644908519095811,1.050246564250664,17524.29952890826,15000,1440p
1.0546447141158173,1.0433698219448417,15993.422077524565,15000,1440p
0.9581875846769778,0.8290551343866774,18774.412474641005,15000,1440p
1.7780911859518784,1.4736339856626752,10318.963082399576,8000,1080p
1.4003811852870856,1.1560934313601159,13125.274853699273,8000,1080p
1.3567968776930366,0.9911531410414574,14290.94815999758,8000,1080p
1.2466625043639348,1.030891895216199,14732.658858197086,8000,1080p
1.2890890276331184,1.7939061017044187,10883.71229675282,8000,1080p
1.2288637695944673,1.5965625661656424,11875.88279167541,8000,1080p
1.180497531304936,1.2144482373503411,14010.518500734262,8000,1080p
1.2438490772901127,0.9491678861910706,15300.580232054326,15000,1440p
1.0629651003322174,1.3730229101612963,13774.465167914399,8000,1080p
1.6185236959295193,1.2054026770477069,11882.190811024591,8000,1080p
1.0018140738798185,0.9362691770735696,17313.2046745122,15000,1440p
0.9910067684644716,0.670718481475426,20192.527014446954,15000,1440p
1.308565632011345,0.943512592377185,14899.319054119662,8000,1080p
1.8547051257425786,2.7345878674418436,7311.459967762316,4000,720p
1.3545393343155525,1.4916864451317982,11789.097071039543,8000,1080p
1.0426026910837016,0.8997229180664004,17275.38979145846,15000,1440p
1.3292617586813211,1.1623521098749272,13466.947035193269,8000,1080p
1.1857664367590144,1.349648255050035,13234.297374863952,8000,1080p
1.2041837550222025,1.2187113634457085,13848.899914915733,8000,1080p
1.65960443418571,1.1474654204469719,11953.543637192724,8000,1080p
0.8801616664655502,0.7372988538415418,20745.132000890717,15000,1440p
0.9022724060567251,0.8789175251058707,18838.211137932256,15000,1440p
0.9873895306890164,0.6610357585982898,20355.44602358485,15000,1440p
1.248898905077655,1.1964653677322223,13721.649724375766,8000,1080p
0.7725209687594712,1.021588750925722,18702.55293298767,15000,1440p
0.8213180264227212,0.9965139860787512,18458.488886344676,15000,1440p
0.9564110839761724,1.1011060243805009,16308.215306554474,15000,1440p
1.9032594680525432,2.540699451843468,7550.572047318829,4000,720p
1.2039498103311683,1.561209327594139,12134.720038274474,8000,1080p
0.939099136574159,0.6886667953973455,20613.794244581477,15000,1440p
1.1744137679598914,1.106256419704643,14712.531510029783,8000,1080p
1.275873796220292,1.1396962880574713,13890.895659950398,8000,1080p
1.3154158403027223,1.1634729401834853,13536.07804599392,8000,1080p
1.0625783954895942,0.8517485141473331,17528.05742377824,15000,1440p
1.047246588875177,0.7812047244571665,18351.285459631526,15000,1440p
1.452162588250637,1.3055647424864008,12167.42192964819,8000,1080p
1.2490437187279873,1.0050415285908758,14886.052796766025,8000,1080p
1.1402621645803965,1.1393776846885773,14719.181194678671,8000,1080p
1.8560478953367296,1.6424492587709072,9591.098840998984,8000,1080p
1.0403301135736347,0.8824563252946407,17450.940635793988,15000,1440p
1.3480655128972148,1.5297089107618669,11659.85482536037,8000,1080p
0.8671668269510175,0.7029460908276883,21370.712653883926,15000,1440p
1.1092653542881972,1.3889423625690447,13431.401950119523,8000,1080p
1.5638967944829134,1.1833393226187154,12213.887183239416,8000,1080p
1.9225186775310303,2.061923753238162,8421.36198050736,8000,1080p
1.0249179095221845,1.2498560485670671,14750.666491797194,8000,1080p
1.238579348832192,1.2428281067713975,13522.338672847285,8000,1080p
1.2521672158905521,1.1369075418015675,14044.948527443345,8000,1080p
1.178211738269962,1.1340500663502853,14511.519384592693,8000,1080p
1.3805982971957413,1.1312627401253619,13358.395031193986,8000,1080p
0.9728667771091354,1.3396576957435702,14509.871092783553,8000,1080p
1.4791383934155742,1.571436091644526,10999.381317954914,8000,1080p
1.4468334172426816,1.3316669194491721,12076.454178137936,8000,1080p
1.2639555933965807,1.7307973599412672,11204.407349394678,8000,1080p
1.2247829998830952,1.1010455166744646,14426.872729922345,8000,1080p
0.8740257998987755,1.280975135450032,15570.495330002674,15000,1440p
1.5497311045474196,1.9104131561794797,9697.408394455486,8000,1080p
1.0324155814413647,1.2757688470213142,14537.15378469487,8000,1080p
1.2742554767845473,1.4091000657700714,12504.653769457393,8000,1080p
0.783636900894836,0.9621225160361307,19220.536160124782,15000,1440p
1.0391465373006676,1.1327342476198394,15449.481496853026,15000,1440p
1.303050986114527,1.7965308928756507,10825.47043762296,8000,1080p
1.0347916238816726,1.2337941778440469,14790.902761744806,8000,1080p
1.1379819367829433,1.0407542073478797,15400.869944894626,15000,1440p
0.9547566178523511,1.3078722453901648,14829.843526310362,8000,1080p
0.6050875879154547,0.8705338470649651,22739.187168587883,15000,1440p
0.7915346717044983,1.123493594917663,17521.637975185226,15000,1440p
1.6307814625700214,1.455468612053388,10872.23367798359,8000,1080p
0.9573351824850763,0.9647511937760603,17457.296620181267,15000,1440p
1.321664476813479,0.92188235808656,14955.975724703341,8000,1080p
1.4690486156179166,1.3712404430792837,11813.738428225659,8000,1080p
1.359665217797144,1.522370221345278,11642.616029032748,8000,1080p
1.2436850352719835,0.9488819353732876,15303.720456084839,15000,1440p
1.1899785169982222,1.002013095487342,15307.737405961894,15000,1440p
1.0435478300238055,1.0320913931223097,16165.830567192903,15000,1440p
1.9836735473718263,1.7909229671683489,8889.541404159228,8000,1080p
0.9366782154817905,1.303214624187128,14980.373795453412,8000,1080p
0.7842822703008316,0.9838679689260408,18977.13851209372,15000,1440p
1.5989946125937018,1.3973087629075311,11198.609684971198,8000,1080p
1.1995889370521609,1.2706288693412124,13583.592472354065,8000,1080p
1.1433440200130576,1.1261235351836947,14785.156070270848,8000,1080p
1.1297824194457995,1.5407344526896054,12564.770644257014,8000,1080p
1.0346200251855557,1.3309243551209193,14184.655455778326,8000,1080p
0.980514164421585,1.224576080181187,15216.80669629217,15000,1440p
1.4362452770541594,1.72482856612655,10614.883949132027,8000,1080p
1.545502290291969,1.041396708530761,12970.90919099287,8000,1080p
0.8560799020110713,0.7939604350347499,20335.522257640543,15000,1440p
0.9619049747599906,1.1437655398529847,15935.271813485666,15000,1440p
1.8097793441170018,1.3069640942824123,10765.862722801363,8000,1080p
1.4457102753591027,1.9154880057747623,9982.877888620354,8000,1080p
1.1977156205046389,1.4501444786128794,12672.282803454404,8000,1080p
1.6842749807425397,1.1684093558679043,11762.40622538326,8000,1080p
1.2159827406371988,1.7731723859591042,11225.389977738569,8000,1080p
0.8745964958310071,0.9517163844304559,18372.77301313026,15000,1440p
1.5212784768322694,1.367038557063252,11617.295333658223,8000,1080p
1.5475099296770993,1.4084580012825512,11351.419495646085,8000,1080p
1.5783473690291316,1.2772728156364441,11750.313357562147,8000,1080p
0.9054399108937357,0.9657299771120265,17932.32790623909,15000,1440p
1.0102445388272985,1.3758264957372583,14062.629114528216,8000,1080p
1.3739633867443577,1.712941098537955,10869.928810554462,8000,1080p
1.154970180137712,0.7853318402392788,17293.40672102199,15000,1440p
1.1822362671925288,0.8587664436188736,16440.170227241102,15000,1440p
0.9528771153885,0.8861145097277144,18246.1037569323,15000,1440p
1.6688901603677695,1.6712346399774423,10045.861758378625,8000,1080p
1.1230978782295553,0.9539192845852309,16155.105793409444,15000,1440p
1.9770980531441444,1.3659674174005105,10037.025088393882,8000,1080p
0.8012116922291452,0.9592134801466494,19060.4136583189,15000,1440p
0.9329100856615532,1.1100844402278511,16424.14190287284,15000,1440p
1.1192768351972038,0.7616882675154015,17838.94446080365,15000,1440p
0.8691825656839829,1.3028246802031054,15448.581980349583,15000,1440p
1.0171507177164842,0.9660165487887618,16919.61770785472,15000,1440p
1.0340840188072404,1.3837208632437326,13878.056186046115,8000,1080p
0.7508429420243413,1.029999578762685,18841.886134418524,15000,1440p
1.2370214635827255,0.9928107749817539,15047.962541613291,15000,1440p
1.3005568307067086,1.4689535706623285,12115.654804334088,8000,1080p
2.2530125793970552,1.693085557922374,8503.192478328328,8000,1080p
0.8657467888502688,1.1378333485640186,16747.23729458785,15000,1440p
0.9422355870480476,1.135808241442211,16147.124300250192,15000,1440p
1.5609299549510482,1.9989750982785273,9425.65363353136,8000,1080p
0.9745259666788013,1.2236211781893958,15264.870724571969,15000,1440p
1.660176113383957,2.193106033520717,8708.013252274852,8000,1080p
1.662571357456884,1.4626662239996167,10736.601978388515,8000,1080p
1.7210620327692647,1.914913283396617,9228.454288678447,8000,1080p
1.2731696230953093,1.0413663081427988,14497.261220762653,8000,1080p
1.1795113887881905,1.6780000331397835,11742.536440103078,8000,1080p
0.8756899050500783,0.696555673417187,21341.724511453995,15000,1440p
0.9687012558322249,1.1674982095626811,15707.536933493708,15000,1440p
1.0521457229653615,1.2875844163939798,14341.154749234365,8000,1080p
1.4762664561302212,1.8308294000287002,10146.192750207223,8000,1080p
1.045767889442006,1.256393194337961,14575.18860709185,8000,1080p
1.0454810060744777,1.1329047328850577,15403.347258427537,15000,1440p
1.3817027334541252,1.8531537069327895,10372.773141050619,8000,1080p
1.096054626202517,1.2724966064680547,14166.64817596829,8000,1080p
0.919396439798973,0.9597725093148167,17855.99534082562,15000,1440p
1.37401693404295,1.8880460782153998,10286.261140237762,8000,1080p
1.7332298487746083,1.6357728041097521,9959.752323517017,8000,1080p
1.1612586575129291,1.4350024511703352,12924.136130906212,8000,1080p
1.7033355352995607,1.4937667902989404,10495.263705304951,8000,1080p
1.120444857180637,1.3340487289718952,13670.613029629973,8000,1080p
1.0671411485214888,1.3260597264992886,14020.733633447584,8000,1080p
0.8705108476796988,0.6831519761832281,21596.984548148244,15000,1440p
1.4658249271653983,1.4789606723794444,11394.524615030141,8000,1080p
1.0227887745137914,1.0488965870093427,16196.683445854094,15000,1440p
1.3107791171107666,0.9298758496620239,14975.27843313081,8000,1080p
1.8781375480748606,1.3019817497856827,10551.312343085392,8000,1080p
2.6421484305950935,3.117220676620726,5826.060350596423,4000,720p
1.2358079846378887,1.1044590074869742,14337.864915803475,8000,1080p
1.4813787301298902,1.4843432206676312,11314.085594226652,8000,1080p
1.1748740474608028,0.9572299411385852,15737.708938878926,15000,1440p
1.24672422421702,0.9681154424176475,15149.82438931311,15000,1440p
1.4012925023142175,1.2032498481649414,12883.043346877033,8000,1080p
1.1670326244747589,0.8655787396946009,16508.04112950153,15000,1440p
1.542762355054264,1.0383544999676837,12999.966248995992,8000,1080p
1.2037181535252066,1.3943862801439977,12914.966606100721,8000,1080p
1.3824007383101908,1.2566249249603216,12714.704698406153,8000,1080p
0.829586404252891,0.9446513948636174,18912.026345458664,15000,1440p
1.404867639235017,1.259106582042831,12595.629391603008,8000,1080p
1.413074434612604,1.3976264026761185,11938.101542093504,8000,1080p
1.553291373436808,1.408068728064574,11330.75034778385,8000,1080p
1.29371312475295,1.2778811942548054,13048.104730977517,8000,1080p
0.7512964706251508,1.0872518369415562,18250.503324771933,15000,1440p
0.8668451888883051,0.7213962806989054,21126.782446198762,15000,1440p
1.139954499888902,0.9003564611905988,16445.744124340148,15000,1440p
0.7686575678840452,1.132160313292268,17652.628551260776,15000,1440p
0.6755577594763731,0.9512211303404423,20626.30158901215,15000,1440p
1.1305531633686448,1.4443115660127153,13031.531954714308,8000,1080p
1.5079121174227086,1.8809700917047625,9901.32731955862,8000,1080p
1.2382316128835695,0.8375177757385632,16164.972604073937,15000,1440p
1.6268687924936889,1.301978698438122,11456.530974688845,8000,1080p
1.5415519891881309,1.0301077635174047,13047.772733037016,8000,1080p
1.6179061551886085,1.2619626548653409,11651.375188639726,8000,1080p
0.6876756276365026,0.7035900690559775,24117.918007876207,15000,1440p
0.9590199367902074,1.240432993882624,15255.808174869837,15000,1440p
1.3392242464957234,1.3099450139813011,12666.020439161368,8000,1080p
0.7956164226674558,0.9937736958141805,18751.881802316075,15000,1440p
1.941514052467981,1.791607265315741,8988.30473045558,8000,1080p
1.34874422820187,1.2053689313186096,13137.410092785261,8000,1080p
1.1098439192921916,0.9221384157388692,16513.151429284982,15000,1440p
1.6079405837202765,2.116633764928417,9008.930647920568,8000,1080p
1.5408611402709331,1.2091186374434724,12201.701362287158,8000,1080p
1.3863962143615003,2.039228745310541,9795.127135929204,8000,1080p
1.331833193908909,0.9296025823207614,14837.667446803596,8000,1080p
0.9155382743710373,1.229458240128198,15643.117260651365,15000,1440p
0.9018050495777897,0.97258893276085,17901.48299459161,15000,1440p
0.7649931324285949,0.6749506515649507,23302.59859655077,15000,1440p
0.8627573862784031,1.1391615288113086,16761.134403136566,15000,1440p
1.172047367743179,0.873068460510698,16407.10591372657,15000,1440p
1.1042281578283144,1.5613045223985647,12588.265095719624,8000,1080p
0.8934576898697599,0.6603723462104882,21594.660433161476,15000,1440p
0.9890726044571347,1.0129101154804423,16760.600211897057,15000,1440p
1.6684121880487244,2.0812369003523967,8948.685919382357,8000,1080p
1.0233593705636725,1.3405719253321993,14194.334690798913,8000,1080p
1.1434067904264655,0.7715119027481443,17522.640579779632,15000,1440p
1.1777030778029807,0.8090027610889621,16889.481745679328,15000,1440p
1.0142401291220564,0.9643094344821932,16959.106113508296,15000,1440p
0.9068403578060278,0.7819250139136602,19869.208927366366,15000,1440p
0.8460395223031238,1.0626760692390398,17579.58710490199,15000,1440p
0.7776841898806831,0.6768685735103298,23068.556084396845,15000,1440p
1.9639157663800737,2.292923388390585,7882.475888804818,4000,720p
1.0969072099895976,1.3854618709109547,13517.100361170767,8000,1080p
1.118747556603409,0.7845226514941954,17629.883480149154,15000,1440p
1.3711989702469354,0.9841485500915703,14246.06420507222,8000,1080p
1.7238477825250071,1.8215102670673242,9464.32815265536,8000,1080p
1.59020890590801,1.3823946058226166,11287.893547722035,8000,1080p
2.0434925924089593,1.9400220165729736,8423.323445166305,8000,1080p
0.8375486146989638,0.7880190450454662,20641.670495139766,15000,1440p
1.247494684333767,1.6813121626114822,11456.689960622474,8000,1080p
1.586223660625946,1.6901018558915764,10241.4829756189,8000,1080p
2.248753986796137,1.9368533675956154,8016.621999861736,8000,1080p
0.9132212537476082,0.9389527709920503,18116.241536599893,15000,1440p
0.965807080017137,0.9314268485858126,17685.975089380885,15000,1440p
1.6811191540522368,1.3694083797143548,10999.550611683608,8000,1080p
0.7455018223797751,0.8925469190477135,20484.391673692666,15000,1440p
1.242843832811989,1.5106414217195725,12186.167310966213,8000,1080p
1.25276176523221,0.8690805852883887,15813.819528942546,15000,1440p
1.8557628059748683,1.240039660889564,10838.686369413432,8000,1080p
1.0357310812063176,1.0899838398209394,15785.010336091887,15000,1440p
0.6477891437499051,0.9506774363483356,20991.63812229203,15000,1440p
0.7548495005644562,0.8281389744133425,21196.889636527896,15000,1440p
0.8926591091553577,1.0744065326948626,17058.11503496077,15000,1440p
1.5358450479216588,1.647683851401542,10540.01174832541,8000,1080p
1.6366986196830455,1.3657138155668511,11175.823683000166,8000,1080p
1.1403268273379379,1.3019986162979913,13738.722694567263,8000,1080p
1.0896483999551847,1.629811954940194,12338.636207583502,8000,1080p
1.1001946714030957,0.7422890596368956,18211.52145591005,15000,1440p
1.446805404838979,1.082730759515403,13265.05328243218,8000,1080p
0.8795914104660811,0.9052003527239165,18800.194337532925,15000,1440p
1.3597345422294236,1.2955986939411748,12636.618087299163,8000,1080p
1.1549597754694734,1.5477666481078929,12415.030876705192,8000,1080p
0.9545781785084534,0.6420715157398019,21015.525271996692,15000,1440p
0.8109194847889255,1.204016698414336,16652.85098342746,15000,1440p
1.1550121042203887,1.344680824611599,13423.421578297106,8000,1080p
1.090496908254268,1.1497197973394988,14978.208097553867,8000,1080p
1.2164769690213035,1.2432170612026414,13641.709736127224,8000,1080p
1.5770327770602373,1.4345650675802613,11141.737287305526,8000,1080p
1.3726657715161854,1.1901507178031194,13092.795422473735,8000,1080p
1.1855063902929663,1.2434508966713806,13814.335962216746,8000,1080p
1.237898682652043,0.8758456714156366,15874.404080809492,15000,1440p
1.5132816546580155,1.8612150462943768,9943.536762246606,8000,1080p
1.3649753921994277,0.9315260562559422,14611.108572375933,8000,1080p
1.1424230257087515,1.5822270443636341,12315.134471234525,8000,1080p
1.178879623903091,1.5291870724569867,12390.548595092077,8000,1080p
0.8807799672159408,1.2804842133707641,15525.372743137394,15000,1440p
0.9206292508547291,0.9686193257489786,17760.729009160154,15000,1440p
0.8055078589368,0.6321759630117613,23339.229034741507,15000,1440p
0.7603692150682146,1.0749010807701525,18283.10090131549,15000,1440p
0.6487572520302592,0.5990253403424591,26891.248687958243,15000,1440p
1.4195042898245245,1.855259718938948,10246.366428300254,8000,1080p
1.247496071064963,1.3288038185563191,13024.272576020849,8000,1080p
1.1229005125173497,1.6588349478200957,12062.409412550536,8000,1080p
0.9620966683616342,0.8496094710248309,18520.902077068207,15000,1440p
0.979556671380618,1.3189531757144914,14598.341635301927,8000,1080p
1.1786356240643119,1.2014104541823116,14098.227890074928,8000,1080p
1.2971491937939246,1.461381481301633,12163.878510735665,8000,1080p
1.45484878952974,2.021558444551922,9652.04296868397,8000,1080p
0.9358174387505539,0.9675535805422596,17628.949721251378,15000,1440p
1.096598162150894,0.9478869622922212,16412.167346602575,15000,1440p
1.900234855530782,1.5971608424175407,9594.119424257324,8000,1080p
1.6028026241860787,1.3380222747980202,11409.870751431445,8000,1080p
1.1987083182929936,1.21835742688401,13882.300085115303,8000,1080p
1.1260598051146056,1.1773876307763473,14567.049144328073,8000,1080p
0.9022568674922465,0.9145938547578648,18468.458409419523,15000,1440p
0.8320864307311663,0.6573392868839621,22528.436029510372,15000,1440p
0.9845485549686104,0.7858866654590688,18952.64600073554,15000,1440p
0.9733949727693567,0.8053827964708347,18863.75722715089,15000,1440p
1.9917166154125732,1.6825662954459446,9132.239627176616,8000,1080p
1.4700243583359025,1.6221966061033604,10851.240058805013,8000,1080p
1.4634410011417063,1.5556623151373312,11114.038999286358,8000,1080p
1.7446649922253519,1.2865840953398084,11069.506672232097,8000,1080p
1.47108106355105,1.6011822094585129,10921.73066507102,8000,1080p
1.268253771474374,1.6917918763908453,11335.781941133038,8000,1080p
1.2063317275922831,1.4191275802210772,12780.40451822738,8000,1080p
1.6276704003739275,1.3930899685814837,11107.942339565065,8000,1080p
1.0658832046276139,1.482006039849269,13169.501803399304,8000,1080p
1.2814960952640413,1.6900809395026406,11291.792744196713,8000,1080p
1.2648447518601484,1.4485223428251754,12366.344408658568,8000,1080p
1.2512734122841747,0.9891117832369125,14977.081649656071,8000,1080p
0.9654206946102407,0.6863634278132428,20314.05408520892,15000,1440p
1.1770179730009187,0.8417450088691649,16621.283578776944,15000,1440p
1.1768450871674028,1.4232028286894902,12905.312934950865,8000,1080p
0.8058297496617909,0.953916797377511,19067.764080261382,15000,1440p
1.77519025881004,1.6950796024575916,9669.113164514281,8000,1080p
1.456288397502794,1.5382034886004723,11205.384177435324,8000,1080p
1.5528713992880554,1.8845655946698983,9761.468227338928,8000,1080p
1.0338631788528112,0.7627219233092706,18676.784060838123,15000,1440p
1.2366945319463012,0.9512852864531691,15335.805073625135,15000,1440p
1.0859123800481816,1.3162234701632454,13968.582167010523,8000,1080p
1.7270313568058058,2.2868355382006316,8359.627480857505,8000,1080p
0.906549633568166,0.9134498317263564,18436.50651544012,15000,1440p
1.4603520008867183,1.1771250162241647,12722.170385680114,8000,1080p
1.5170424213201759,1.083320882444781,12903.74769995329,8000,1080p
1.0111899047205886,1.4729525499414762,13507.450805418743,8000,1080p
1.8633010700934867,2.7494830333958857,7274.225553850985,4000,720p
1.0720266564108087,1.2703319303801546,14325.062007679042,8000,1080p
0.9603713205694677,0.8313827662163704,18727.14132339001,15000,1440p
1.0577481185243123,1.0232077885495934,16124.52810073323,15000,1440p
1.3263712129826288,1.36450972382737,12469.682898634044,8000,1080p
1.1836689648031393,0.8866677194409192,16207.234434553682,15000,1440p
1.7324276415895703,1.9332577653919962,9153.658395260305,8000,1080p
1.5308135439215358,1.3293960681825896,11731.459071391464,8000,1080p
0.6147523986084992,0.6950864049507163,25617.222446626856,15000,1440p
1.068932235544234,1.2293512191941298,14599.779644595592,8000,1080p
0.9472937691523526,0.8815297131134312,18347.550939376837,15000,1440p
1.355726818953818,1.1520938645694427,13379.916762174185,8000,1080p
1.107925405997772,1.10195768377751,15183.804136630628,15000,1440p
1.3500002054758709,1.7942429981828363,10671.703754008391,8000,1080p
1.3280663492097835,0.9491266434335115,14734.997037317886,8000,1080p
0.8167337873514143,0.7353009411049364,21619.639937679192,15000,1440p
1.1268596947023906,1.0510009914123415,15407.060797750364,15000,1440p
1.5167476426123339,1.9814150401308062,9592.015878943559,8000,1080p
1.3163949095438703,1.5574581426975955,11675.764692919554,8000,1080p
1.4273615079490138,1.5144456370938442,11406.061086139336,8000,1080p
1.5566870340534824,1.2756744757406073,11846.804118743788,8000,1080p
1.5712041541204802,1.454075641633433,11091.348326556383,8000,1080p
1.0944344651705988,0.9156667140811743,16692.90697719509,15000,1440p
1.5794566777408345,1.3306141842804209,11530.45186559272,8000,1080p
1.1842652915698872,0.9027913820251374,16077.393788354282,15000,1440p
1.6156254829496188,1.1212949303496271,12259.922443105133,8000,1080p
1.0486883583081725,1.101105584894191,15608.208454628373,15000,1440p
1.0883483095082107,0.9887412295664231,16154.542868165841,15000,1440p
0.6084377033248769,0.8979855703607713,22274.238977936784,15000,1440p
1.5866322028309454,1.3445303685779788,11447.482417828283,8000,1080p
1.196347450019723,1.7514683069041128,11382.811806059208,8000,1080p
1.1285915283597758,1.4140684506787424,13196.586360984167,8000,1080p
1.4347253803053095,1.3400229571637403,12092.783892108297,8000,1080p
1.2415005419131704,1.496508826231689,12255.046454693043,8000,1080p
1.4225349787721762,1.3354336374091222,12166.357442623726,8000,1080p
2.0482694563664054,1.5968483797118216,9205.30789646601,8000,1080p
0.8670697980725599,1.0482198944669823,17519.246373382368,15000,1440p
1.384690188949141,1.6184230686798682,11173.215633729242,8000,1080p
1.4824817396740235,1.2291074866345466,12374.452470324726,8000,1080p
1.238434209383929,1.7321184821565134,11295.686521756208,8000,1080p
1.6564952321540836,1.8868860126581515,9469.608174148943,8000,1080p
1.3065277532279937,1.2845315404427682,12950.082648422656,8000,1080p
1.2728965059489235,1.7504556736719232,11098.419901649699,8000,1080p
1.557279832845939,1.2441874328433176,11977.44924988244,8000,1080p
1.809378641714753,1.5779746658094087,9905.79634119275,8000,1080p
1.504047840523212,1.123032247795244,12772.51963090229,8000,1080p
1.5505424038220688,1.185550552045806,12263.630125591513,8000,1080p
0.7907028856059177,1.0412844852338559,18315.864254358272,15000,1440p
0.8201505108020646,0.9699064723842612,18744.89600899333,15000,1440p
0.9263360931579254,1.0668528652116371,16834.546398173745,15000,1440p
0.716154629742534,1.0006423142978962,19544.78781924591,15000,1440p
1.897228733671626,1.582659226552822,9642.388600877766,8000,1080p
1.9648540295623553,1.3276662718445873,10191.108612348326,8000,1080p
1.9905239758166342,1.56753621756955,9430.54084986304,8000,1080p
1.4442613517980005,1.7353119864635072,10553.124092538317,8000,1080p
1.3927459550934242,1.0490705650767367,13741.586119526179,8000,1080p
1.11107807867499,1.0429676406999375,15577.40009795939,15000,1440p
2.201207966428336,2.240265289766699,7554.797713393356,4000,720p
1.417084194019469,1.0768685949315149,13454.317238344274,8000,1080p
0.8003158494438795,0.9013519995363307,19718.555545436662,15000,1440p
1.512746857337284,1.3759743258838666,11615.67000474036,8000,1080p
1.108802377427819,1.239971661367497,14285.93446869416,8000,1080p
2.061496924728579,1.3766411877490374,9759.477630705114,8000,1080p
1.041721553977008,1.0728633758386177,15868.09379319925,15000,1440p
1.138277482452434,1.3057243221714936,13729.299191398597,8000,1080p
1.3121997068599014,1.617432360022673,11453.462835592634,8000,1080p
1.3315590699427466,0.9000704325130773,15035.843522894198,15000,1440p
1.0440751570421818,1.4050886823883073,13700.362327659755,8000,1080p
1.3344889891797143,1.2977745752991565,12747.367874859076,8000,1080p
1.1940882279135931,0.9315627680145822,15785.485041653463,15000,1440p
1.2063167160675752,1.6284809255348431,11836.623365127669,8000,1080p
0.9504362739975762,1.0211532076551701,17018.974950034702,15000,1440p
1.0554199381909473,1.0659548944592054,15817.30464770421,15000,1440p
1.7280398187820925,1.3015296080788377,11075.643853049845,8000,1080p
0.892459903635921,1.1515527635604492,16415.96088835608,15000,1440p
1.1418277015785283,1.0657658632299714,15199.551464044389,15000,1440p
1.3315186529760321,1.518792494701452,11772.199686810023,8000,1080p
2.646497175881773,1.835164490714091,7487.0515661854815,4000,720p
1.0762595399610149,0.9500782485256725,16559.150300927453,15000,1440p
1.57764246117181,2.0300334486685454,9300.844321541297,8000,1080p
1.2104357048613212,1.476624286975818,12487.414535564158,8000,1080p
1.3424966193690073,0.9930019150194078,14367.13896666466,8000,1080p
0.7942162622259289,1.1571229042484048,17195.59191784477,15000,1440p
1.426953358472862,1.3004046766800814,12302.906903866897,8000,1080p
1.1407813176084856,1.5171689919142797,12624.17580937572,8000,1080p
1.5784757128625173,1.6886740503277962,10270.246065253737,8000,1080p
1.4251820309238301,1.0022828631906746,13822.828944449082,8000,1080p
1.1638655606223591,0.813836412532913,16966.374335191904,15000,1440p
0.9397123724149087,0.8746964350125602,18493.314110161657,15000,1440p
1.3855043045695798,1.2887972029000694,12546.989150729038,8000,1080p
1.21236937298058,1.7780152462205292,11220.774673782322,8000,1080p
1.5390986647743927,1.679984043074063,10423.600461768452,8000,1080p
1.1650621270320118,1.3447569478774084,13369.263280944258,8000,1080p
0.9340071219051042,0.8780655762273074,18517.155539390016,15000,1440p
2.111755106822255,1.4961951580243076,9300.137068665215,8000,1080p
1.4514552554117282,1.1483736196953862,12906.400233214403,8000,1080p
1.0537095802414085,1.0072939026429484,16280.628479599101,15000,1440p
2.207153763830636,1.7698592422410768,8437.093856311858,8000,1080p
1.2757965679439465,1.236214573117491,13357.596808197972,8000,1080p
1.2983862566845972,1.0861943073170879,14071.418892927071,8000,1080p
1.4084922903386718,1.8712440625192877,10230.83211269732,8000,1080p
1.4128931925220998,1.0487029824639273,13631.168402425092,8000,1080p
0.685785249335937,0.909978033139566,21027.198938897192,15000,1440p
1.4963393895731287,1.1426932248741584,12714.67120804324,8000,1080p
1.0701655723634125,1.4058234520203876,13551.930832306778,8000,1080p
1.191595159074738,1.616718221992896,11948.250585639285,8000,1080p
1.7561472660036208,1.5645829185423317,10104.5342847052,8000,1080p
1.4159069770417185,1.8883178898997401,10155.008618120932,8000,1080p
0.8197384740225829,1.19543041888772,16650.927928696216,15000,1440p
1.191259248719482,1.0434806929088936,15014.915773846185,15000,1440p
1.3807591261239094,1.0627166588696815,13732.25476842121,8000,1080p
1.1256129487335866,1.2778474139995235,13960.884281795838,8000,1080p
1.4901387301476776,1.838762918457839,10079.730656523307,8000,1080p
1.4507226164296851,1.4748661133320355,11469.292200456657,8000,1080p
1.407964645465577,1.5659342999375017,11282.976528797979,8000,1080p
1.1541646232259548,1.3230320586012125,13545.324134396315,8000,1080p
2.0411739564958498,1.8644987709961738,8591.204215296999,8000,1080p
1.1488912672385314,1.2942732962251313,13734.004046141714,8000,1080p
0.9952787475608129,0.992451420989749,16880.778151326063,15000,1440p
2.974544134727408,2.100034987133671,6612.259104493785,4000,720p
1.8137025699559879,1.5866014140472378,9868.068313261774,8000,1080p
0.9760413617144093,0.8917862389908835,17964.415981073318,15000,1440p
1.4005501178675819,1.5808475233780697,11254.59802335548,8000,1080p
0.891314108244888,1.066335111847966,17140.16569240554,15000,1440p
0.7447262609008484,1.1063104198360656,18127.372811781173,15000,1440p
1.3920914432621918,1.1294984190276207,13306.855528650403,8000,1080p
1.2569037566596466,1.3796629104097755,12726.56307883016,8000,1080p
0.7146864868658407,0.9095074123623783,20659.129440114462,15000,1440p
1.7156112979174984,1.968540846487233,9107.775869397916,8000,1080p
1.428001966382765,1.049244798567794,13545.050285157879,8000,1080p
1.4507067859692073,1.3274604960957688,12077.901937949331,8000,1080p
1.038564984603975,1.4974262198593526,13231.288791910802,8000,1080p
0.9905429169117075,0.6766507949762699,20126.294719527228,15000,1440p
1.2676563794674867,1.8576768462162778,10736.273407344881,8000,1080p
1.1657105282414588,1.1186064025881053,14689.04404075598,8000,1080p
0.9237013988148218,0.8290261774622497,19144.12282556323,15000,1440p
2.089837814286542,1.8729263568144487,8467.430952540746,8000,1080p
1.904367652938327,1.3651004178694648,10262.963660541165,8000,1080p
1.0000662014450552,1.3925225220214088,14024.320883442599,8000,1080p
1.373918135873684,1.5380009881622505,11523.133222702074,8000,1080p
0.5508818525439135,0.6934217732421727,26966.434320885353,15000,1440p
1.243506407597085,1.0417297229036238,14683.135607806107,8000,1080p
2.2239841840164334,2.648245896955793,6886.8734526807075,4000,720p
1.350359045042729,1.2711207041300578,12799.805915185181,8000,1080p
1.1679307645710377,0.8984632327331075,16238.15789427172,15000,1440p
1.321244693408074,1.5632129264298007,11632.839314132818,8000,1080p
1.656564250363719,1.8015285689408085,9703.161179678305,8000,1080p
1.288936511704728,1.5685581143262328,11742.605460856757,8000,1080p
0.868043127806066,0.7224414958562096,21096.986101467,15000,1440p
1.224088402041639,1.620220011474524,11797.044174446493,8000,1080p
0.9608706265828945,0.805623490679359,18994.92994180094,15000,1440p
1.9000055881543683,1.6395562032570214,9479.826593624819,8000,1080p
0.8310430722931836,0.8145094280461547,20390.982355823082,15000,1440p
1.4314294064961244,1.753183998957362,10536.422393543831,8000,1080p
1.3560285188319947,1.3035344870763195,12616.520806409788,8000,1080p
0.8212583687094025,1.162586682562651,16913.837085454175,15000,1440p
1.525174893031286,1.4382679358561372,11322.787020864334,8000,1080p
0.9508368864341645,1.1819594713270951,15732.600010261272,15000,1440p
1.2778038604092494,0.8872484458725471,15498.208474060144,15000,1440p
1.106146723368827,1.3514062099221427,13653.594820058031,8000,1080p
1.4774084656381588,1.4128682518338067,11609.418502097269,8000,1080p
0.9868697545808977,0.715088860933711,19715.186781938522,15000,1440p
1.1116759254572528,1.468274884919898,13005.84176451598,8000,1080p
0.7605799000005992,0.8942179737323052,20277.05771962813,15000,1440p
2.357302451233438,2.0728478232900427,7574.1069536538935,4000,720p
1.3412203937287837,1.2306356497347908,13046.776893006623,8000,1080p
0.8310478307090557,1.0594230677235315,17749.245454040258,15000,1440p
1.1078547124349747,1.4454724768036158,13141.454076634036,8000,1080p
1.269421122813549,1.8111463205347405,10892.289364562479,8000,1080p
0.7510443264766548,0.8165213100450984,21405.43988604739,15000,1440p
1.1472225612450482,0.9808056909841987,15767.850809710619,15000,1440p
1.0279654571400711,1.2297497128358796,14862.119210705141,8000,1080p
0.7517891502408315,0.6839877867585878,23370.22634597004,15000,1440p
0.9001896363599106,1.1241747704574565,16575.292416227112,15000,1440p
1.2929306065196284,1.5483476225206276,11809.62556114549,8000,1080p
1.0901549403995439,0.9165833439905111,16720.88097437121,15000,1440p
1.3910220768074053,1.0533699189686643,13727.10762348361,8000,1080p
1.62189070468141,1.7154366643765198,10054.282451011642,8000,1080p
1.7684968238574765,2.6498556885376088,7594.331123618502,4000,720p
0.919071496973591,0.8204536800474725,19289.420149389247,15000,1440p
1.750057219759789,1.6664416312843056,9821.291755958193,8000,1080p
0.9133455707750757,1.3604392002739267,14757.08361988887,8000,1080p
2.131570542492696,1.4825513164874962,9284.255846721271,8000,1080p
0.9630730149539329,1.286850219795637,14913.589709088368,8000,1080p
1.311033751203707,1.9109360062012772,10414.260383072364,8000,1080p
1.8902939170032718,2.031840128273948,8555.14666573012,8000,1080p
2.2764333027872183,1.9990533579810386,7848.096523816694,4000,720p
1.3091729552725675,1.5871227228685312,11585.292293615517,8000,1080p
1.336382342947735,1.4277034935654034,12139.431980277617,8000,1080p
1.5338021282393484,1.2493185820996218,12056.405557742855,8000,1080p
1.327952027384067,1.568668333804956,11583.99369471613,8000,1080p
1.1373198924971866,1.5493306031299956,12489.317853071514,8000,1080p
1.9486089067728303,1.4389556583738612,9905.17858913399,8000,1080p
1.9147867524922237,1.5105513447759387,9795.947450197964,8000,1080p
1.4264658961586048,1.1998829004612543,12776.076065442998,8000,1080p
0.6835413943323486,0.9845448056984051,20115.526403480453,15000,1440p
1.2711063083436478,1.396778044729362,12577.168857169629,8000,1080p
1.489165719905583,1.7356588630985263,10405.04099877027,8000,1080p
1.6335909373704232,1.2050368852255098,11820.652123854115,8000,1080p
1.9733547954685204,1.594872633024206,9403.669657394541,8000,1080p
0.8641741209659949,1.2219721616817179,16084.40993764498,15000,1440p
0.804052724925489,0.9821159955131145,18785.701270012458,15000,1440p
1.3096122194913318,1.5217003209989213,11851.193225806825,8000,1080p
1.3564845763063402,1.7230914994041162,10895.795776780416,8000,1080p
1.0380304058130725,1.357873400473537,14004.91618735133,8000,1080p
0.9843709459113483,1.1479092745476749,15736.408225358215,15000,1440p
1.0207063488244275,1.2191114517464,14980.87567276611,8000,1080p
1.4751982478095091,1.0891275196215697,13085.089432149085,8000,1080p
1.1429244665368241,0.9998228360991939,15659.537621968384,15000,1440p
1.2764862417252458,1.4339886794124146,12379.539739816624,8000,1080p
1.354774588304553,1.4649326301822163,11899.970245140345,8000,1080p
0.8587418519739876,0.7185204843908655,21273.843435159648,15000,1440p
1.0710923211271501,1.03883926709289,15903.090027817849,15000,1440p
1.0181775234345611,1.3133685836973505,14391.49408084238,8000,1080p
1.5387908613271943,1.6006015371860445,10688.193045218173,8000,1080p
1.1256273837441904,1.151902313425078,14732.818650709432,8000,1080p
1.5559386350585465,1.4784945986952436,11057.891017918691,8000,1080p
1.3069251099312773,1.4906707273034538,11994.024137942206,8000,1080p
1.2432198064687772,0.9379315336838079,15383.81651117004,15000,1440p
1.414361556138892,1.4987388398022563,11518.460553831828,8000,1080p
1.617412420830707,1.29840688280329,11507.719959937496,8000,1080p
1.470091267793561,1.319140293764409,12029.991508219431,8000,1080p
1.0590234043129942,1.3786520296382065,13764.930118531818,8000,1080p
0.8240820227350926,0.7911784513782169,20773.387659609245,15000,1440p
1.2878912169687904,1.1389824710782055,13826.196297427667,8000,1080p
1.2706056423944343,1.2083729454886605,13535.587666633925,8000,1080p
0.6400680715701527,0.8470994571947973,22562.64432283967,15000,1440p
1.7920258051800109,1.2649775088482649,10976.249795354208,8000,1080p
1.0027407829535675,1.0245800135403909,16551.121094416296,15000,1440p
1.1895598333257922,0.8621992840101351,16353.982159254736,15000,1440p
0.5641332639799042,0.6793443608027254,26984.347230104442,15000,1440p
0.76059049833036,1.1058845622404567,17977.433885314374,15000,1440p
0.9148815147400033,1.2050324435560236,15828.204663066059,15000,1440p
1.7094109919973024,1.6865728992875562,9880.62166199051,8000,1080p
1.2421714945398734,0.840190137330266,16113.64303224567,15000,1440p
0.8329760639543105,0.7567300704125757,21107.31743094351,15000,1440p
1.089453493970239,1.427229277073408,13332.801569617479,8000,1080p
0.7477526479240939,0.5487989696980891,25879.750211208182,15000,1440p
1.0982051599079565,0.7577076875569737,18079.745525676713,15000,1440p
1.3834871047604071,1.353268576999561,12260.660395677567,8000,1080p
1.1596650652039378,1.384389002409729,13189.354906861,8000,1080p
0.8401833344086039,0.7063109459385127,21697.094147977434,15000,1440p
1.4174221056613916,1.4414939710636958,11736.767047193944,8000,1080p
0.9631257211071474,1.1695104715491706,15733.781558966262,15000,1440p
0.887945717106534,1.0315696716518308,17480.678819514244,15000,1440p
1.2668082650480474,1.4844432503045806,12196.061251673433,8000,1080p
1.012763284334182,1.4557142326582841,13593.168975215913,8000,1080p
1.360775060462272,0.9971369139561177,14230.570252003003,8000,1080p
1.2974307558066676,1.500190545931862,11993.914965956337,8000,1080p
1.3258073883826702,0.925158432481819,14906.682140163875,8000,1080p
0.9687578474733788,1.050646546471079,16616.004253837873,15000,1440p
0.8488667109615324,0.9813054436700996,18334.030443575222,15000,1440p
2.018446619936256,1.5506369024056634,9401.414057685779,8000,1080p
1.1436657677220794,1.6710235904597617,11921.184802316733,8000,1080p
0.9745269749226938,1.0448039455562155,16616.608828057837,15000,1440p
0.699748331932604,1.0258346110323964,19445.273341856726,15000,1440p
1.0676177108776386,0.8607292904726254,17400.619274697227,15000,1440p
0.9253431186757262,1.3391887318832685,14817.381346046055,8000,1080p
1.4361521098174002,1.021279377784402,13654.269577519592,8000,1080p
1.3844729702758969,1.2138274991740763,12913.992201642115,8000,1080p
1.1169643225064294,1.5100891878134903,12772.648850960702,8000,1080p
1.4071405685199554,1.4835248541045873,11607.857394140994,8000,1080p
1.335785036058493,1.7524684827655874,10865.180528565083,8000,1080p
0.7986172379533173,0.9161207323024808,19568.256247917852,15000,1440p
1.1395686237101297,1.5262417383606877,12586.953849911035,8000,1080p
1.346934669241702,1.033980279047235,14093.083007485906,8000,1080p
0.9053986208829046,0.9344651789539773,18237.454317528754,15000,1440p
0.8548475118338044,0.9054785708673927,19061.48657895881,15000,1440p
1.186037236141013,0.8776902414601075,16259.139040491778,15000,1440p
1.0039932003255474,0.9837394665611912,16880.756934258272,15000,1440p
0.6486895499570289,0.853834850593133,22332.03799400114,15000,1440p
1.2327941942349603,1.7156874562671418,11380.241079094372,8000,1080p
1.256268574550395,1.8359135587142352,10851.376327103433,8000,1080p
1.2533571312601268,0.850429005816187,15949.545159866613,15000,1440p
1.9200736177825817,2.5601393046160537,7489.472616858461,4000,720p
1.9244771209995197,1.3277561043642443,10317.351086113118,8000,1080p
1.2584952780725311,1.032757965125175,14644.575888595775,8000,1080p
1.8870982734452548,1.474558615506139,9981.515992986031,8000,1080p
1.6891364186957756,1.273759597832696,11324.876679038716,8000,1080p
1.10208821604327,1.2687478825109408,14152.995232552032,8000,1080p
1.568779679085504,1.2954995874312147,11714.79066034155,8000,1080p
1.557279292283818,1.762988781898431,10105.940619949535,8000,1080p
1.4960309492547978,1.322959309012692,11902.996791703019,8000,1080p
0.8801788303156071,1.0509811646810698,17375.272937992762,15000,1440p
2.189875172817979,1.6935397492420856,8640.444730587822,8000,1080p
1.8077649552137358,1.2170785589485993,11092.94806256851,8000,1080p
1.1389393403875194,0.928475832412816,16230.137246477772,15000,1440p
1.515869375477386,2.2235340127241283,8973.20468443448,8000,1080p
0.677108415645893,0.9465992664630235,20665.31578911949,15000,1440p
1.366731803397441,1.5054596154361481,11682.519410083962,8000,1080p
1.01277968312325,1.5002625940702194,13352.116000799288,8000,1080p
1.3154914923342884,1.0834818854780337,13986.996400351489,8000,1080p
1.9318245280917203,1.6125068509591798,9467.06964205621,8000,1080p
0.7155700051551688,1.0026068698687216,19529.090681966863,15000,1440p
1.0330100082114082,0.8514734098662919,17805.639295159082,15000,1440p
1.513049727492534,2.122086383556125,9230.584763529052,8000,1080p
1.198442855837983,1.2687135970776213,13600.447576134247,8000,1080p
1.1988292265466316,0.833932893438392,16506.816843009263,15000,1440p
0.9692776226010648,1.2488752370581375,15127.195519408573,15000,1440p
1.3319669888317105,0.9807966579352605,14508.370557841474,8000,1080p
0.9077561316690063,1.2302601969687306,15694.188837827825,15000,1440p
1.2760061851082116,1.213168139727479,13480.145470412128,8000,1080p
1.1756445014195707,1.3074619804798078,13513.086226706451,8000,1080p
1.1778697981325468,1.7156089401305652,11596.571129512411,8000,1080p
0.9335981616554436,1.1532985558788913,16078.626085360136,15000,1440p
0.6509514479975557,0.971415575734479,20682.392768815404,15000,1440p
1.4651791576010518,1.717096307255665,10544.163247511573,8000,1080p
1.0134884924071517,0.7270151915857226,19278.57568392103,15000,1440p
1.3972103404412017,1.157852316185223,13132.528047004362,8000,1080p
0.9499675094188265,0.9791231229844051,17393.9116371108,15000,1440p
1.4272989579259303,1.1215575658958519,13164.504037947234,8000,1080p
0.7794416081045723,0.8666411623086034,20384.413592748835,15000,1440p
1.3536238991222171,1.0543498791008974,13934.716525343725,8000,1080p
1.1576213725372406,0.8534336657189059,16684.989401929135,15000,1440p
0.8423857945929712,1.165215550111696,16713.692730135175,15000,1440p
1.336002244568201,1.0734856947520157,13925.959724648646,8000,1080p
1.219767756364942,1.044294367259855,14820.455521016736,8000,1080p
1.2235273504039867,0.8908468521852215,15869.675272669383,15000,1440p
1.684807122238896,1.1815716781306942,11706.20993836317,8000,1080p
0.9543803147826597,1.4068138657131188,14210.788878428708,8000,1080p
1.0352853745544424,0.8621133448175107,17684.439046689487,15000,1440p
2.040352247792014,2.2970800968386547,7736.012768369105,4000,720p
0.7049266401581028,0.8581111896439674,21467.447146975996,15000,1440p
1.137192763426001,0.9203167281200957,16308.27567885766,15000,1440p
1.4412453423671174,1.503691925464883,11393.93778146658,8000,1080p
1.154788312255275,1.031526808815375,15347.482015112359,15000,1440p
1.8452644974212609,1.2968898002825124,10678.798308702073,8000,1080p
0.755883042746632,1.073296432322381,18343.980160139305,15000,1440p
1.564965868268438,1.497297273775191,10957.396684599466,8000,1080p
2.123872329217003,1.5187963202445092,9211.49718214427,8000,1080p
1.4362349110125636,1.8530057444087842,10201.269993636788,8000,1080p
1.137714260081949,0.8220751690985071,17121.44759043413,15000,1440p
1.8988890525931008,1.5954819350179246,9602.424046835378,8000,1080p
1.0278461789139235,0.7779802204410369,18581.205819111747,15000,1440p
1.151733777521152,0.8037238519635661,17159.375633642296,15000,1440p
1.3526090368778845,1.0250717715024154,14112.25252848704,8000,1080p
1.2452970758933608,1.2564874265165051,13412.199159311444,8000,1080p
2.312514130721826,1.6018596678111234,8572.107245500089,8000,1080p
0.8903881152721843,0.7909619260558315,19956.83895394977,15000,1440p
1.2887768339837848,0.9964654221415292,14683.096249450764,8000,1080p
0.8817997784214863,1.0889004184581315,17026.654816967934,15000,1440p
1.5083795484129052,1.4271437752764287,11430.477056414305,8000,1080p
0.8330726253930124,1.1408692543733907,16998.692992911645,15000,1440p
1.210490402879782,0.8784041682851775,16063.248219026662,15000,1440p
1.3039737430404559,1.2685766181298872,13043.255637077174,8000,1080p
1.491177112275293,1.3857623783151554,11663.238698535664,8000,1080p
1.5758352410114005,1.2810159784541881,11745.250075107795,8000,1080p
0.8466945983117347,1.1165806474613802,17091.04827366509,15000,1440p
1.707193769157636,1.6175473427019873,10092.344297217187,8000,1080p
1.272486911051556,0.9930434606733687,14810.850659420821,8000,1080p
1.4932133009466306,1.550382969899125,11024.600181506952,8000,1080p
1.3501929979845642,1.3036495709118867,12643.716094264386,8000,1080p
1.2048991030571568,1.4843758109608127,12477.12973675394,8000,1080p
0.9834429002956528,1.2203889107717711,15225.495807571604,15000,1440p
1.0796248305956513,1.100820583973166,15388.797066784351,15000,1440p
1.118651208778797,1.4692842094817549,12965.71458593553,8000,1080p
1.2481533002535332,1.0324910549654132,14712.698156209764,8000,1080p
1.4516389142780473,0.9756207005650717,13823.997974839096,8000,1080p
0.9590701619803217,1.1609146576591374,15827.675598972697,15000,1440p
1.8764500120682763,1.3059616134145182,10543.7121116944,8000,1080p
0.8723384777914854,1.0842391821839263,17149.552857728977,15000,1440p
1.4893123491459714,1.9573467838849818,9735.34971254689,8000,1080p
1.3537770136876155,1.7895364970924459,10674.860106993576,8000,1080p
0.8620800981546757,1.2536225561180632,15859.710688662037,15000,1440p
1.435172706299271,1.6323756669767435,10938.517642401597,8000,1080p
1.0910665102338388,1.141450074233855,15029.869087400528,15000,1440p
1.078350170271234,0.8701124199230508,17220.978308161528,15000,1440p
1.2378692223229226,0.9414276960293275,15396.907010436307,15000,1440p
0.8533744678588671,1.1186109544483045,17015.557833456085,15000,1440p
1.2066005495573153,1.3970486692434958,12887.462626572447,8000,1080p
1.2660590905496074,0.9168165948770068,15371.664187758008,15000,1440p
1.5283484544414678,1.8237590836637465,10009.95093939221,8000,1080p
1.2256662235343372,1.2283413980659912,13673.320206771892,8000,1080p
0.8333759382127859,0.6568664422207964,22516.090295484297,15000,1440p
1.1792032873406373,1.1017646895351243,14710.610732010124,8000,1080p
1.355052900319774,1.8747834827463774,10388.895293868129,8000,1080p
1.6204958500766318,2.2794046520154074,8603.920018472332,8000,1080p
1.2898517681693358,0.9709419144327169,14841.88152957887,8000,1080p
0.8069988751912621,0.5717681742359987,24336.549103010908,15000,1440p
1.2142650590309247,1.749147980103316,11322.900843347476,8000,1080p
1.0421180535522436,0.9294635518942937,17019.042938575378,15000,1440p
1.2368420107720526,1.7042096551178096,11408.991004531561,8000,1080p
0.879134448251632,1.188574088870321,16227.834531603992,15000,1440p
1.3099914243232096,0.9178830273326009,15061.18622396407,15000,1440p
1.2780847919318663,0.9933293459361858,14772.48531678779,8000,1080p
1.2822291224582822,1.336739126490596,12812.080487599289,8000,1080p
1.218389211474629,1.3482363564366144,13073.364661954596,8000,1080p
1.199709196022011,1.2673062818328975,13601.224759714874,8000,1080p
0.6539970592830169,0.8334008598720832,22559.149483724046,15000,1440p
1.9104571585947752,1.3236037510445722,10375.32468853281,8000,1080p
1.5399900874391743,1.1261387454124743,12585.450330286822,8000,1080p
1.144675243169262,1.6168647335098747,12150.62330560594,8000,1080p
1.3188680201046612,1.1535757634903505,13571.36296591981,8000,1080p
1.0672040106795007,1.3986096541727409,13607.853861094844,8000,1080p
2.1729699028927367,1.5530440895413355,9005.449809940215,8000,1080p
1.0721418747372897,1.3067524263002104,14105.053757691549,8000,1080p
1.7037201142011442,1.2161348794991786,11491.814515582013,8000,1080p
1.144935791398251,1.1886498357516466,14378.916123588482,8000,1080p
1.3041620526192303,1.00487497162096,14531.78604229674,8000,1080p
1.6366212884842701,1.17918437007487,11916.458757729022,8000,1080p
0.9631133049962886,0.9277071553667495,17745.96409516192,15000,1440p
1.711439793000337,1.4953320729546353,10463.616809238636,8000,1080p
1.3127209172176746,1.2352330342865028,13169.167354924619,8000,1080p
1.7491883961389825,1.234911562747709,11244.406173484382,8000,1080p
1.1777582679098964,1.647848244952741,11875.125516328819,8000,1080p
0.9917322727553867,0.9874920861371842,16953.324088419467,15000,1440p
0.7391845248615655,0.8691105120380068,20863.35605728494,15000,1440p
1.576840447205217,1.57137211252115,10658.248565947037,8000,1080p
1.2428483266245947,0.9199841698595665,15514.114964771949,15000,1440p
0.9830170586592456,1.1785082140149443,15523.497422950422,15000,1440p
1.2859507871328115,0.9526851725840007,14988.784511549007,8000,1080p
1.013110394221493,0.7789270240429289,18724.180454053952,15000,1440p
1.4304423321046014,1.074597403805698,13394.770357926776,8000,1080p
1.1559621297040823,0.9418952453304237,15994.620225051329,15000,1440p
1.502770179864636,1.0624705050974281,13080.422510333066,8000,1080p
0.8191565549585925,0.9315162576499002,19166.592271461668,15000,1440p
1.1417812494010677,1.652464191491041,12008.405385207392,8000,1080p
0.9831696931138514,1.0447190663037906,16546.485523020492,15000,1440p
1.9494930395143073,1.6084981599575747,9430.723719884561,8000,1080p
0.8306045540493816,0.5859935182386826,23686.628307917625,15000,1440p
0.6297955296511931,0.9031587541239426,21888.73624943795,15000,1440p
1.0429921250630023,1.3017171105646919,14310.70065752407,8000,1080p
1.4216908193357787,2.0281414767274613,9726.395117319322,8000,1080p
0.7876179430651356,0.7520803241230645,21792.862091919586,15000,1440p
0.6893021390173218,0.7025717661916112,24107.379177399816,15000,1440p
2.3181913784170844,1.6176778436142518,8525.291392350244,8000,1080p
0.9626569555626152,1.4256968470761655,14049.18817426768,8000,1080p
0.9503716184719194,0.9671510618399318,17498.84491303277,15000,1440p
0.9749037938234356,1.3382558487897525,14505.886831958294,8000,1080p
1.3519111228479461,1.3754012615781994,12303.112834307829,8000,1080p
1.246728686822444,1.1359182829241214,14082.83829961141,8000,1080p
1.5749385002606553,1.4173609813751618,11213.594162592513,8000,1080p
1.4872308053797045,1.4253677948188948,11520.44500663842,8000,1080p
1.1402140826292657,1.2158850852703054,14241.519396619158,8000,1080p
1.0766697696166274,1.096665240614265,15439.143915707326,15000,1440p
1.3859960752234728,1.5309293461898013,11503.356154969024,8000,1080p
1.7185416372188251,1.2228472791451932,11407.682885226252,8000,1080p
1.1228021199783307,0.7668796696554496,17756.65732932889,15000,1440p
1.1360330215275296,0.8092110630575482,17249.471295607196,15000,1440p
0.9058393707560158,0.8825284386966071,18762.60119570717,15000,1440p
1.5639791916871044,1.0538603587412412,12817.604499293944,8000,1080p
2.7007302910381443,2.1249483302236993,6953.308463634491,4000,720p
1.0731486294923687,1.0015863149974327,16172.87648676076,15000,1440p
0.946113259858632,1.3946789402940087,14334.64790160013,8000,1080p
1.5135047204717627,1.3165010147173761,11856.665724303715,8000,1080p
1.4555689779500545,1.9556059817802842,9836.620049137719,8000,1080p
1.7337200949137463,1.4948774245269967,10392.881676317553,8000,1080p
1.1873926101812327,1.6296921562209374,11911.048045193871,8000,1080p
1.0822839936989443,0.9546822496665777,16472.74819074105,15000,1440p
1.5805168122108597,1.3099416481689303,11608.688538492657,8000,1080p
1.099092886053047,1.2071429375317642,14549.4366434058,8000,1080p
0.9799224526744381,1.1193522338285358,15983.821562625442,15000,1440p
1.6206456168511711,1.3117183596117177,11442.79232364409,8000,1080p
2.443854205389624,1.7102752152993346,8077.367987835831,8000,1080p
2.0819478044518256,1.4599699010048859,9473.52106693663,8000,1080p
1.1878937074730422,1.0915068718040914,14720.726275607562,8000,1080p
1.186688301951109,1.6666896086922607,11759.547123021734,8000,1080p
2.816119079926476,1.9914137231512643,6979.553416363326,4000,720p
1.5015190334973352,2.1018980372305256,9311.836887430374,8000,1080p
1.979958149423572,1.6541774007025105,9233.126155361999,8000,1080p
1.7545840207014272,1.182370248745043,11424.907888104104,8000,1080p
0.7349114408978852,0.7613797264319935,22425.068551248387,15000,1440p
0.9023748791000477,1.1570982296914327,16292.726453558833,15000,1440p
1.5448877712739741,1.610139298065548,10635.227927544955,8000,1080p
1.5327706309071647,1.671644575201183,10471.312187021702,8000,1080p
1.1524410845834177,1.2682380630200103,13861.57766229377,8000,1080p
0.7466731333141061,0.8977022063431164,20405.57966953857,15000,1440p
1.4743795395607564,1.5311692168317834,11164.161595659578,8000,1080p
1.3614427171028405,1.2598688702285186,12800.627045699774,8000,1080p
1.7675223534794036,1.3973671596575938,10602.086379546718,8000,1080p
1.0053427104636883,0.9955142554047514,16770.030328198016,15000,1440p
0.9820166113667447,1.1307009392440053,15882.11921195997,15000,1440p
1.4192047197178326,1.708803971514934,10727.09039909221,8000,1080p
1.8159270393179814,1.48776773927017,10156.638021609137,8000,1080p
1.2033363463048472,1.3845957017392934,12965.731470947681,8000,1080p
2.579664932502414,2.40222273046104,6735.2847494839525,4000,720p
1.4583691814278261,1.3122557719322916,12110.78098437912,8000,1080p
1.1732947653852057,1.2202588342864216,14018.667476092178,8000,1080p
1.1509171280073174,0.7826034562659827,17354.059880676778,15000,1440p
0.9592614482494631,1.1831720569391724,15661.83123944639,15000,1440p
1.1061052456865792,0.9559146647777499,16272.603300151528,15000,1440p
2.153422624412299,1.4603163983973957,9285.239412200639,8000,1080p
0.7208557934580442,1.0772565426259884,18660.92085941391,15000,1440p
2.0672442542053497,1.7336960243022963,8827.929286269764,8000,1080p
1.1253703206586163,1.4728566492285857,12914.357517217488,8000,1080p
0.9658899705864886,1.0659133875096112,16514.606035222896,15000,1440p
1.0872386418978772,1.1612475682895989,14923.121097194664,8000,1080p
0.7464072316333428,0.9550200302433076,19721.343810484108,15000,1440p
1.6535154017260352,1.1118026731753288,12134.022593837366,8000,1080p
1.4219540591964037,1.365106108739985,12039.364053214742,8000,1080p
1.9386183217140167,2.330333221115199,7860.110770374791,4000,720p
1.1504840960488496,1.4785911588964187,12762.826753203202,8000,1080p
0.7468552350261762,0.9150185640716729,20190.722074212303,15000,1440p
0.9856772051953123,1.0395962405816541,16567.8526373644,15000,1440p
0.9057296743025314,1.171682460452023,16152.034273143612,15000,1440p
0.7168584647117855,0.784878209722393,22343.752117955417,15000,1440p
1.3215385398299255,1.5749684740304137,11584.447004421405,8000,1080p
1.3790010753982695,1.354134262111609,12276.901015289997,8000,1080p
1.6361653856615985,1.2107659522153746,11786.175364883358,8000,1080p
0.895483884438952,1.329689962641786,15079.465383804018,15000,1440p
2.104717423867536,1.777195551795014,8643.787794926819,8000,1080p
2.007747990528315,1.3718664376850684,9928.479331808978,8000,1080p
1.047538834740649,0.964149997475849,16679.73270151796,15000,1440p
1.1717723417038872,1.3839260224832994,13129.261445793365,8000,1080p
1.3538605525070002,1.1064558921921286,13638.258636320808,8000,1080p
0.994860426523866,1.235663922122209,15043.293304718905,15000,1440p
1.582322847488943,2.102589226632964,9105.897596754958,8000,1080p
0.7633746780674454,0.8746673655462366,20484.47543261809,15000,1440p
1.502456433872101,1.0607584343632577,13090.760519464566,8000,1080p
1.5742129243129848,1.801750795492367,9939.215816553458,8000,1080p
1.1794460680010799,0.872246246141057,16354.514645647505,15000,1440p
1.0278500089188107,0.9734513968006102,16766.306116663105,15000,1440p
1.198350150442841,1.536746869517471,12268.095703781248,8000,1080p
1.5598928364377,1.0439615751896731,12886.447049483439,8000,1080p
1.0848500946762263,0.7317351675964567,18471.15722937272,15000,1440p
1.281826000361745,1.1673071462947773,13700.5340219283,8000,1080p
1.0394372047795664,1.2679063920085356,14542.451348255574,8000,1080p
0.9028202094529981,1.0900990651004876,16836.824465716443,15000,1440p
2.065528948193172,2.059378004938314,8134.591248058734,8000,1080p
1.3892249828690812,0.9534573030498774,14323.082648331752,8000,1080p
0.7949996503763767,0.9507280834911497,19220.884991992836,15000,1440p
1.1913293653921695,1.247463390960081,13758.623775063206,8000,1080p
1.015771492841993,0.732711221380308,19190.59978521121,15000,1440p
0.7412233117476261,0.9752575717449679,19548.386657080282,15000,1440p
1.2358489995628434,1.5458986572902518,12062.356525163425,8000,1080p
1.037823580657006,0.9022271256651129,17295.64690791579,15000,1440p
2.045342539844702,2.233620614100486,7841.72024689274,4000,720p
0.9011573270723059,0.6595777271524159,21499.12114113936,15000,1440p
2.232930883543309,1.7066354626291966,8517.290750186217,8000,1080p
1.1817706623463544,1.749879864199444,11445.57705503027,8000,1080p
0.8065800692733675,0.633633765052363,23298.229193659485,15000,1440p
1.465986728494277,1.1998915601709785,12586.63313425308,8000,1080p
1.2741344840984712,1.4335504759066402,12392.295446341977,8000,1080p
2.1251091193490597,1.7723310127012715,8609.35148793369,8000,1080p
1.8804649665441762,1.5381252201179043,9815.283543173868,8000,1080p
1.933753213220989,1.5853943611774028,9534.818103141419,8000,1080p
1.154736244943166,1.0925679968222375,14930.96990447578,8000,1080p
0.5582981606182102,0.7201111082895038,26247.018709954482,15000,1440p
1.4347769761431375,1.377383632304548,11931.90456448434,8000,1080p
0.8844239541569423,1.2349491341841046,15832.244065279205,15000,1440p
1.5557614822973347,1.4500888963325933,11163.041327191464,8000,1080p
0.8406590495344606,0.8736547836702448,19573.097614964692,15000,1440p
0.7154106929203523,0.9090198949560486,20656.119289076745,15000,1440p
1.0932336648573429,1.5435927232893374,12725.309542879713,8000,1080p
1.1350114714968547,1.0162557836522808,15597.519052868147,15000,1440p
1.4725457815258336,1.3419227337141226,11922.120222097854,8000,1080p
1.274471791541937,1.7990227391327336,10917.355363776875,8000,1080p
1.1285212318509867,1.3544349800442441,13513.904046816851,8000,1080p
1.0563509675884801,1.2118393579057192,14793.481668117543,8000,1080p
1.2528026871366387,1.1645995228379262,13880.367884810137,8000,1080p
1.1591851341046067,1.6332869055703128,12016.031503006983,8000,1080p
1.2706561388949027,1.377998561025657,12668.481097595088,8000,1080p
1.235479257438814,1.5863928766462125,11890.840692142065,8000,1080p
1.6717692902853953,1.3249577089700322,11197.02662549408,8000,1080p
1.4034295424441845,2.0908466960207663,9602.684421635935,8000,1080p
0.7001556127138951,0.8406484176435783,21777.22237150121,15000,1440p
1.1816531442721114,0.9559218906666818,15697.42883947968,15000,1440p
1.4229363946707008,1.6176277727866684,11035.594104254487,8000,1080p
1.2243402881512961,1.8143003482399178,11042.579895150191,8000,1080p
1.56207090522253,1.0883342754507253,12660.11410054538,8000,1080p
1.1025103418382367,1.1939769017165192,14611.198949252928,8000,1080p
2.2230452464697916,1.8666664134886797,8204.596017984488,8000,1080p
0.7627410203087968,0.9383652531844515,19725.065107834474,15000,1440p
0.6543898009883633,0.7683567074724436,23584.265925418254,15000,1440p
1.4730705589358064,1.6572643555064919,10719.118853765865,8000,1080p
1.0221691885376767,0.9030962473815396,17428.47057552844,15000,1440p
1.8752118032247904,1.5239098255676509,9871.500835914607,8000,1080p
1.8684813801574012,1.404739478994467,10251.197045314677,8000,1080p
1.5066946149477525,1.9337791073074573,9752.852283959684,8000,1080p
1.2467001529939683,1.5814842533208195,11864.301325288214,8000,1080p
0.8589937171807,1.2569499567324693,15857.90416525849,15000,1440p
1.9796285011793637,1.8524190250884107,8756.267183533699,8000,1080p
1.5081033730414277,1.485627516872499,11208.232547904374,8000,1080p
0.6352277964315137,0.9499423181654628,21167.71675860864,15000,1440p
1.3147690266759116,1.0251608192782615,14339.930771008745,8000,1080p
1.2774279540649933,0.8737484632168908,15598.17769032521,15000,1440p
1.3335249122940138,1.655165021618223,11227.137221316492,8000,1080p
1.054617480719245,1.1752428658966318,15047.772857579856,15000,1440p
1.0906934019582577,1.5460489743722343,12725.714996357403,8000,1080p
1.336421710125747,1.5160577234186345,11763.251158065863,8000,1080p
1.368295135870876,0.9193898088366492,14667.418290104562,8000,1080p
1.7838238222486378,1.4542357969816628,10362.512104695596,8000,1080p
1.539452987320828,1.3753475171951535,11511.74220946277,8000,1080p
1.0611027155932338,0.7205685774474955,18833.12153653976,15000,1440p
1.6333419508904963,1.5904223733278235,10408.463096363625,8000,1080p
1.0506431741326177,1.3354231891481962,14062.656645418294,8000,1080p
0.7303607441595381,0.5045848692403676,27170.77710622569,15000,1440p
1.1183889848555848,1.0862500162786433,15219.921258191087,15000,1440p
1.178387870361293,1.2752607046585296,13675.321047036623,8000,1080p
1.4102236655902667,1.1767305732141757,12970.63221941921,8000,1080p
0.9693350656879458,0.7612362103181909,19389.222775867347,15000,1440p
1.2565694772373155,1.3352028868236856,12946.519711871675,8000,1080p
1.0558685200331366,1.2341636360240058,14652.38464501401,8000,1080p
1.1505168417324876,1.0451987180260265,15281.77538792426,15000,1440p
1.6426973103813856,2.057628802779233,9067.966166727834,8000,1080p
1.1614021718484873,1.2694564090344702,13803.531091394081,8000,1080p
1.161811963354345,1.6316755407855306,12011.663538953802,8000,1080p
1.269372148574806,1.479102691153094,12208.382450872972,8000,1080p
2.664899481070742,1.8767507418623226,7388.158566365785,4000,720p
1.4368835882884219,1.032764514601499,13586.725963401603,8000,1080p
0.8130486164473651,0.9532174093935846,18997.38290217305,15000,1440p
1.939396626793981,1.694579117435353,9233.532186692119,8000,1080p
0.8686454911938396,1.2759308368925724,15646.182213500579,15000,1440p
1.2444141478563648,0.8653026399254471,15904.709198090819,15000,1440p
1.2861047353319168,1.3699459043718172,12633.204916508215,8000,1080p
1.5182376713582362,1.597109732213668,10770.687070574582,8000,1080p
1.049766424952135,0.9840568951185487,16498.20398304502,15000,1440p
1.57518219772403,1.3407662323397247,11507.210365605251,8000,1080p
0.6378435142273431,0.9117967479229414,21653.046077571445,15000,1440p
1.0539910251107678,1.136814394515638,15316.025649471863,15000,1440p
2.003028689615653,2.1632274675901995,8053.857164294877,8000,1080p
1.3808439095491827,0.9279359910188698,14533.404414922472,8000,1080p
1.0849287073787972,1.1115816071380935,15276.246042750816,15000,1440p
0.9396612315411788,0.7104953749068148,20334.08942453457,15000,1440p
1.283538200560808,1.8519766263779762,10701.410725829457,8000,1080p
1.4972766019596824,1.0254467615208998,13300.876539116522,8000,1080p
1.3558652542512406,1.9345741071040248,10197.553674467232,8000,1080p
1.4319675389860054,1.4186837862792832,11770.794871546539,8000,1080p
1.2143533317894617,1.306094760765371,13312.883569836906,8000,1080p
0.9086417100057312,1.0610087948162605,17035.728885837285,15000,1440p
0.5880380916834467,0.6177000151992753,27828.955399568975,15000,1440p
1.167658671078249,0.8266851021317818,16824.79843782994,15000,1440p
1.023657310870318,1.1346606610876204,15546.56562932698,15000,1440p
1.5224977046180104,2.1049869925489766,9250.054735228938,8000,1080p
0.9608212158620034,0.9923614138807603,17179.36228237866,15000,1440p
0.770360914899044,0.8128673185172222,21193.67965514154,15000,1440p
1.3890112517596027,0.9729562655762838,14206.136093627045,8000,1080p
0.9074737394482386,1.2810777037780734,15331.799535191565,15000,1440p
0.9784076462926815,1.406270038046495,14070.845808790444,8000,1080p
1.1900922640115956,0.9060824924879052,16007.45925212557,15000,1440p
1.270502336641039,1.0087763336545388,14721.513625031488,8000,1080p
1.1956822609567466,0.9426327966085299,15691.996313305519,15000,1440p
1.5486078877019507,1.340719790189702,11613.23177594198,8000,1080p
1.0971793939219698,1.3122650364799857,13926.21119483643,8000,1080p
1.2141232371371833,1.5484655610993083,12146.01030070765,8000,1080p
1.0568764396059862,1.340808411153164,13994.513077636564,8000,1080p
1.3334106906167782,1.1321195343599095,13609.418233888116,8000,1080p
1.7928008417620596,1.587975776410907,9925.06627608346,8000,1080p
1.3541842071120695,1.9518982581411086,10149.30279345903,8000,1080p
2.1204387103178446,1.5530369247771625,9134.24651015337,8000,1080p
1.1290631665017097,0.8471779518973017,16978.91602780892,15000,1440p
1.09648224705067,0.9049819309713887,16764.94256977413,15000,1440p
1.5675460926864937,1.1683592067745976,12264.471290950542,8000,1080p
1.0927222050499155,0.9439524449202019,16475.106615822177,15000,1440p
1.383757671077308,1.1411732275923554,13289.247645422363,8000,1080p
1.0686469473830456,0.942761510680008,16682.057722036356,15000,1440p
2.2529196245662475,1.5089148892863165,8919.699119256655,8000,1080p
1.2896116053059197,1.09743032044928,14056.909364666575,8000,1080p
1.098633472790227,1.1216692480456625,15112.54825079329,15000,1440p
0.858033199854561,1.2643182030447144,15810.026536681145,15000,1440p
1.1152574135466236,1.2785281078069317,14017.309278830795,8000,1080p
0.9369293190650848,1.0973036557926892,16494.88156701717,15000,1440p
0.72067853456521,0.6973096314333651,23663.407639492045,15000,1440p
1.6129397139226174,1.4907768829649495,10811.048931996133,8000,1080p
1.3456222494572807,0.9517701259396403,14605.442396056873,8000,1080p
0.9657466729854015,1.2045112006154586,15461.034565596106,15000,1440p
1.1660054133863327,1.2490651461021425,13893.768804463838,8000,1080p
1.518069470011061,1.8928541366151836,9837.344915850754,8000,1080p
1.206135882937386,1.3557446258780792,13097.578862300075,8000,1080p
1.2242061700005733,1.0742950405561116,14598.396488063321,8000,1080p
1.342707958943102,1.0522706468152305,14010.326405139436,8000,1080p
1.2054677807563978,1.3016839486310205,13383.486769745075,8000,1080p
0.8544220584814923,1.2063061518688338,16282.80324958317,15000,1440p
1.2500351094832527,1.051733299270793,14577.675092066764,8000,1080p
0.7756396574388529,0.9774436223892013,19140.23845078888,15000,1440p
1.2177430716050675,0.8865469716152699,15945.725784383498,15000,1440p
1.9155822069652884,1.907078381615926,8777.769101507853,8000,1080p
1.1877330317774162,0.9251197816164172,15881.102454127973,15000,1440p
1.1448115279326354,1.3985373350456431,13193.011972690028,8000,1080p
1.2036951900647785,1.225499703704734,13812.984740772192,8000,1080p
1.507437369518739,2.0594410394104186,9407.226194198656,8000,1080p
1.5474485660205446,1.280407899247561,11865.677205373557,8000,1080p
0.9869519853869861,0.6812328877891636,20114.33656997132,15000,1440p
1.0121714134398894,1.2659094260971901,14729.25429934193,8000,1080p
1.087457597652057,1.007298454752718,16018.300537420379,15000,1440p
1.5100727530735174,1.0119500540657542,13304.571197776266,8000,1080p
0.8765809803998987,1.2723023924503796,15614.822295122238,15000,1440p
1.2173148673910332,0.995409432796134,15164.307635235775,15000,1440p
1.3556843513387307,1.097974209653569,13675.265390808916,8000,1080p
1.1465319430141252,0.9060424137036562,16347.48670136171,15000,1440p
0.845758132282858,1.0075038248247723,18105.60664201412,15000,1440p
1.2526201880580987,1.6530923197309453,11547.746692095001,8000,1080p
1.096877862496212,0.7742090870725928,17933.12278070919,15000,1440p
0.636830001274463,0.5945406624142116,27249.660065381835,15000,1440p
1.0392831353520748,1.514971975548425,13136.679988151389,8000,1080p
0.7884928377836842,0.8767312188207244,20150.100442592397,15000,1440p
1.6195179844510725,1.5321611949857206,10646.525261494477,8000,1080p
1.3633682566753595,1.737543928296435,10820.826259646308,8000,1080p
1.2646105413878252,1.332910617399521,12917.866669338277,8000,1080p
0.9086316576298537,0.8825123302788056,18733.520156119986,15000,1440p
1.127324160681903,1.537165345494551,12593.193526271625,8000,1080p
1.1814028493639468,1.2631720029592255,13726.08082264773,8000,1080p
0.9706973862586944,1.1195620775139559,16052.759277759018,15000,1440p
1.2828537899424866,1.5040454605913534,12040.059214043184,8000,1080p
1.1792970110875847,1.3931929944105863,13043.561657493037,8000,1080p
0.8679866110345131,0.8789659987491494,19207.408267448813,15000,1440p
0.9227765822294359,0.7505353447820392,20052.705929089985,15000,1440p
0.7210280668659944,0.6660140719390489,24191.357321636693,15000,1440p
1.0494874828348615,1.471628281258588,13309.35789537836,8000,1080p
0.9003329008196945,1.1722154276812793,16189.939476233658,15000,1440p
1.4241331276642129,0.9538964006470199,14110.183074063347,8000,1080p
1.456486401391315,1.0214554385608252,13541.250831233425,8000,1080p
1.285605633582019,0.987417199718829,14762.030327373695,8000,1080p
1.659799235599436,1.5614585541635968,10416.562159860041,8000,1080p
1.410067775880657,1.0496309886286526,13641.683479356401,8000,1080p
1.5144246406516282,1.4310325490685907,11391.926563083827,8000,1080p
1.0994387547186086,0.7977080602228788,17686.78719840399,15000,1440p
1.4679452816998515,2.0593685644797084,9512.743538923498,8000,1080p
1.128719732433041,1.2202763153966234,14284.58427207757,8000,1080p
1.1064402277775325,1.5233122892974778,12759.539835832735,8000,1080p
0.5953093203519815,0.6160221405374955,27700.454486141294,15000,1440p
0.9535924584790305,1.1464156688966118,15978.239113737438,15000,1440p
1.0349945400190481,0.8428152550017447,17868.91946616375,15000,1440p
0.8914076316638069,0.9396645103327754,18325.019113344486,15000,1440p
0.9859965455820159,0.9792290690323635,17074.08643082648,15000,1440p
1.3520308571824717,1.43424249763707,12042.763837926885,8000,1080p
1.330519507270828,0.9182651060901212,14921.140869000701,8000,1080p
2.183221601159666,2.295794515686134,7491.473824753639,4000,720p
1.4127401538780462,1.5468400605496302,11337.564643940139,8000,1080p
1.7536282424423273,2.1416178151511254,8614.200875600265,8000,1080p
0.8399508535386973,0.9448954758196082,18799.619579610313,15000,1440p
1.0981379222693655,1.033885910130399,15738.300618446552,15000,1440p
0.7684065802048994,0.8826386095137995,20323.145731533205,15000,1440p
0.9112239302752847,0.6904303591151406,20949.85929377463,15000,1440p
1.455899158136751,1.1809294298012214,12725.29892670798,8000,1080p
2.1932546734212135,1.5243137022807747,9025.908499575053,8000,1080p
1.079128554453746,0.914864751396923,16827.75559052599,15000,1440p
1.0906426895227865,1.1274009153350268,15127.940643958167,15000,1440p
1.4563034557580445,1.5611324127181556,11120.180664169318,8000,1080p
1.0950486519035734,1.393386481502551,13484.14975722968,8000,1080p
1.768191585372896,1.3152643272340814,10882.085864373734,8000,1080p
1.4534825558583602,1.2915947213959085,12223.492678341801,8000,1080p
1.7995911297741527,2.384668819288211,8019.203493205315,8000,1080p
1.1048718639314623,0.9342517061922864,16455.320556156228,15000,1440p
0.9991017169015517,1.4514348893886606,13692.687517448256,8000,1080p
1.2198062492353343,1.0397018655963115,14850.325953576013,8000,1080p
1.8161509802166125,1.6803764018020992,9596.501995825192,8000,1080p
1.8038656270648192,1.2460426026931137,11001.784143079994,8000,1080p
1.2214392309213318,1.3917273082480845,12840.525659977695,8000,1080p
1.7890913900476515,1.2982901045299848,10868.249375378973,8000,1080p
1.219608387229969,1.3021748082729547,13305.835354854198,8000,1080p
1.8524922966821424,1.3201599058913687,10576.145715809054,8000,1080p
1.5057873029995013,1.3049193683025764,11938.076762900235,8000,1080p
1.4173467744599866,1.1613203864707695,13012.316016731957,8000,1080p
1.6994772525845363,1.167737082314558,11702.798633357446,8000,1080p
0.8424483945529869,1.1557774218880255,16792.112144643856,15000,1440p
1.0321328617655112,1.1005932063588562,15733.118519768248,15000,1440p
1.1618901447690133,1.6827325769907975,11795.740694654132,8000,1080p
1.5279249556983345,1.3553519041126314,11637.603196454711,8000,1080p
1.2080181655167537,1.662255302402757,11690.325808683867,8000,1080p
1.1779670169691987,1.6049195818894102,12057.419807821932,8000,1080p
1.4314828941194369,2.0079007214540026,9755.943433604325,8000,1080p
1.2439486459938651,0.9618219668958936,15212.113083708493,15000,1440p
0.9029377064946096,0.7392309427036268,20432.9999944783,15000,1440p
1.0916393911134197,1.298875025137633,14036.490126096816,8000,1080p
1.2877737589742049,0.9229315481759075,15178.156894758642,15000,1440p
1.1001184546065585,1.3751574380280032,13555.835169665195,8000,1080p
0.8726929092485457,1.0942381388996152,17059.28229237677,15000,1440p
1.3987827610295767,1.4897828314798025,11616.295675269854,8000,1080p
1.3526377574896875,1.1706467933301807,13297.918377496291,8000,1080p
1.2821400564584073,1.2725701410136812,13134.339868844008,8000,1080p
1.7570032135784626,1.2085372905315035,11314.777846904011,8000,1080p
1.0031537853316974,1.1778960852387843,15384.532216690399,15000,1440p
1.1753294043576148,1.537425836995064,12369.133598381157,8000,1080p
0.7416585794620144,1.0215652398339952,19030.160341979186,15000,1440p
1.8365774325132247,1.595610820678157,9776.396142839714,8000,1080p
1.3297066669449789,1.3965776015041989,12307.752492401365,8000,1080p
1.3282633450085821,1.3893543837253317,12347.00217224163,8000,1080p
0.9055306475210211,1.1857793057424781,16044.695788703224,15000,1440p
1.752724922756458,1.602816826643907,9999.706308525643,8000,1080p
0.8757889259162929,1.0387758896884254,17525.879367735994,15000,1440p
1.21877746028332,1.1602339379406923,14104.359493632175,8000,1080p
1.5815078858937348,1.7878556479902865,9958.685568523457,8000,1080p
1.0016992451879139,1.1520475325860895,15579.562252290425,15000,1440p
1.3416555234885799,1.25055479561268,12944.332391838325,8000,1080p
1.38339393780517,1.1545397476607608,13221.161842075417,8000,1080p
1.4904485898107815,1.4828757565466637,11285.156979630157,8000,1080p
0.7329932638268924,0.9406506941653655,20048.727711629104,15000,1440p
1.366670032768376,1.0701506368723956,13769.758447159957,8000,1080p
0.8910545432113897,0.9371811477990182,18353.44981229172,15000,1440p
1.7557040944332885,1.5001686298244743,10305.818083736478,8000,1080p
1.005620751266247,1.1701864699597895,15421.60154294026,15000,1440p
1.1245479439129342,1.2047693193423719,14405.264808412769,8000,1080p
0.8822019819620733,1.2829228275770004,15497.689487537347,15000,1440p
1.02210572743362,1.0526387459352173,16172.80220803117,15000,1440p
1.1945804930254107,1.0094169170409668,15224.351828521181,15000,1440p
2.1055283912568337,1.8182665411503214,8551.525392642056,8000,1080p
1.3446312704159942,1.8308219106458719,10566.816793305534,8000,1080p
0.9318660516197077,1.1607663663557288,16034.556146493696,15000,1440p
1.1006042301510608,1.1959354357536085,14610.865424256453,8000,1080p
1.2286204299769885,1.0896696105345178,14473.785166499947,8000,1080p
1.392853526947247,1.3935554359718456,12042.177744378114,8000,1080p
1.1181236151145013,1.314466343176992,13793.706533084038,8000,1080p
1.0296682507675443,1.2668048298628396,14611.289060174517,8000,1080p
1.3643257297824767,1.2657648358520075,12757.899837530998,8000,1080p
1.765794300709017,1.3989362217261838,10602.61901041119,8000,1080p
1.3151973061916968,1.2718207197856244,12970.3124072063,8000,1080p
0.6615017850210144,0.8442953194051989,22283.50147663883,15000,1440p
1.5421771100592014,1.5824386215643549,10738.738738464026,8000,1080p
1.3094067600486858,1.2520244127602553,13099.876489440556,8000,1080p
0.8691896365746727,0.8958568404874303,19010.509035348983,15000,1440p
2.448698075680514,2.358761574781067,6979.6596206019785,4000,720p
1.833834139336839,2.2074626668139046,8302.887317984432,8000,1080p
0.9217310763011465,1.3796229576270282,14580.29990402043,8000,1080p
1.2983030350441627,1.1174173803194603,13890.031224887945,8000,1080p
1.4499960538758183,1.7750242187108778,10404.409635877097,8000,1080p
0.9589890621396463,1.398993721993783,14230.142911043953,8000,1080p
1.2360928266915352,1.5879771209960751,11881.586724675448,8000,1080p
0.8842490118198747,1.1042755051933844,16874.034849918957,15000,1440p
1.0272311109484455,1.059505811663056,16079.85732959928,15000,1440p
1.5472416846410442,1.6820766988969835,10390.561726910899,8000,1080p
1.330566058295295,1.54070627388499,11686.258953542252,8000,1080p
1.1841633013438067,1.3257052245326642,13368.999871530108,8000,1080p
1.4966351066892407,1.6968392086289847,10507.187059262866,8000,1080p
1.7293520407641274,1.414097239870476,10674.399045250697,8000,1080p
0.7477472169203042,0.955242591895528,19703.2488546317,15000,1440p
1.3629681399435623,1.8974963679601433,10291.304174193756,8000,1080p
0.7581081103982981,0.9973791249428536,19114.027903187354,15000,1440p
1.0629929749664688,1.1897124421485876,14895.170822189317,8000,1080p
1.4434301211431368,1.6037417774034817,11011.663639981763,8000,1080p
1.2648964830269696,1.2844842429990921,13161.797160169235,8000,1080p
1.0219229661357223,0.9070435245852977,17395.031049739922,15000,1440p
1.3128463018994998,0.9375554954963297,14910.418236791878,8000,1080p
1.2288077412545881,1.0030699572213138,15034.171461506852,15000,1440p
0.9672798224249864,1.1228221868798594,16053.968586518888,15000,1440p
1.5273529476483279,1.4358217091635148,11323.811751313402,8000,1080p
1.1767812094053567,1.2190858861660123,14005.130777923181,8000,1080p
1.3729863194171745,1.2675218735871532,12707.565948440519,8000,1080p
1.0352623358743416,1.0394874969339964,16172.760430871524,15000,1440p
0.9750123644786122,1.1810981858616918,15562.482171753218,15000,1440p
1.1529050089371056,1.6877950955786825,11812.028994774697,8000,1080p
1.1488363170430553,1.3628174824437573,13359.497239172024,8000,1080p
1.4771042072945677,1.284848417672851,12148.807947202144,8000,1080p
0.9231038548292873,1.2557801392791141,15399.824906112299,15000,1440p
0.9854737166302615,0.9689141606501558,17168.767975931103,15000,1440p
1.144434658913129,0.7676629008964531,17548.49370935945,15000,1440p
0.8905359984278534,1.324604691209071,15147.765628150592,15000,1440p
0.7294628803958891,1.077181504402574,18572.79289844476,15000,1440p
0.8586156272438222,0.9622408465966906,18427.829146372907,15000,1440p
1.1213179619174012,0.8682096907861625,16865.526827135564,15000,1440p
0.7617250924689292,0.6082091629319115,24493.461542197896,15000,1440p
1.3935283411566826,2.0538265492156507,9733.384889878844,8000,1080p
1.1296404976782475,0.853980021999988,16915.7516103145,15000,1440p
1.0372376790028885,1.053619730291109,16048.168493388579,15000,1440p
1.3137775610560143,1.2095086223865776,13297.90977344501,8000,1080p
1.9074158869358988,1.8276690128185833,8983.579463536593,8000,1080p
1.2197472946829306,0.8205461124581526,16445.88561750901,15000,1440p
1.0644589098385648,1.2787022406156268,14320.155484609288,8000,1080p
1.141874285943505,1.5351921613160595,12534.030313049832,8000,1080p
1.3631519443820375,1.978471580963583,10041.356168789092,8000,1080p
1.7011214487318578,1.7005765563883217,9864.024363566203,8000,1080p
1.262314394554671,1.758629345291356,11107.268088915227,8000,1080p
1.0649584649386146,0.8993052668606114,17082.447462014083,15000,1440p
0.8020445867855466,0.7529782067992701,21578.096564518182,15000,1440p
2.040513252215235,2.2836597166772057,7759.733998012194,4000,720p
0.8347281848495866,0.6657544629222908,22362.425883315766,15000,1440p
1.501282612700877,1.6502590770617198,10646.989728550167,8000,1080p
1.0528657765428784,0.7742509686869734,18364.689660692067,15000,1440p
1.4455241167406176,2.0453251695221546,9612.111336929887,8000,1080p
1.2408900250115455,0.9682316153467418,15189.037754642592,15000,1440p
1.5289046317380859,1.598995430026142,10727.462942365975,8000,1080p
1.2294882652865349,1.6589070096748388,11616.980643498913,8000,1080p
1.171749753416423,0.8156093892449527,16883.929673156872,15000,1440p
1.3870941153510497,0.9640728897729354,14271.39455720227,8000,1080p
1.3356131573421777,1.7278585633702475,10953.073851844389,8000,1080p
1.4096225008655505,1.4046407478743248,11922.989796716583,8000,1080p
2.017813158219183,1.4609808649194562,9645.420733972202,8000,1080p
1.3061472110729313,1.3557456564622004,12605.478007486772,8000,1080p
1.1363565253083725,0.7672091803959353,17627.146727559408,15000,1440p
1.6921530474953235,2.4531500275654805,8094.566643841311,8000,1080p
1.4178781471048068,1.572412174694967,11221.128515643428,8000,1080p
1.0642368952270078,0.719955694391182,18806.507882190293,15000,1440p
0.9546595197600165,0.7511549635076606,19670.62205716694,15000,1440p
1.792709703640776,1.698077616311813,9612.281965220305,8000,1080p
0.6176528894706744,0.8174212810242941,23381.67091978724,15000,1440p
1.4855099901450397,1.3712302232209481,11745.706467464921,8000,1080p
0.9590518738344216,0.829755542342405,18757.99020987684,15000,1440p
1.8945557034918952,1.2823280494295084,10562.058485502961,8000,1080p
1.201407759779788,1.1880574775634116,14042.653341677626,8000,1080p
1.7500274401941023,1.507555039896444,10300.409031874256,8000,1080p
1.16027934436775,0.7748202469542882,17339.899274680738,15000,1440p
1.1174768469900582,1.091196077541521,15192.123572174592,15000,1440p
0.9738367151103667,1.3720705043356585,14303.39261581015,8000,1080p
1.2073003342759194,1.4245445011041356,12749.395993610897,8000,1080p
0.864044858244128,1.21286123879776,16155.969712733362,15000,1440p
1.7999046989536103,1.429127719608188,10391.481921059514,8000,1080p
1.1027421683445593,0.8607709083717165,17088.978116771952,15000,1440p
1.3153972008462513,1.6497860372588138,11316.141130435957,8000,1080p
1.381333998113615,1.1131149235863957,13451.641245526913,8000,1080p
0.7862407135836655,0.9566482816010764,19252.191099206128,15000,1440p
1.0607626679053217,0.9234112390909355,16911.033796829026,15000,1440p
1.7411037527734474,1.2518235230260655,11211.242007554783,8000,1080p
0.6563028963497097,0.6593277480467226,25504.446968391847,15000,1440p
0.9408357266584642,0.885657100249527,18370.962921766946,15000,1440p
1.5676914749710413,2.124913810753992,9086.926276608976,8000,1080p
0.8815726808587969,1.072195697067366,17174.211835497368,15000,1440p
1.3436395082676607,0.9100806708688836,14888.464109530905,8000,1080p
1.1680122266445574,0.8198109171776782,16879.988596712235,15000,1440p
0.7980558079690744,1.1268952183825265,17431.31723387083,15000,1440p
1.1524468650239035,1.3733826451329065,13284.519744928015,8000,1080p
1.0943998479812458,1.487387587459438,12996.589703471314,8000,1080p
1.5069634597550319,1.2478610710396112,12180.242924699474,8000,1080p
1.2865920018653467,1.9136516120722042,10484.961786616903,8000,1080p
1.1645241282564227,1.2570325421123882,13856.554509166019,8000,1080p
1.191451550213539,1.0989321265592236,14650.135844174138,8000,1080p
1.5867711662170978,1.2000176999678194,12040.536119241657,8000,1080p
0.9970280859006508,1.006552011518258,16747.23762889547,15000,1440p
1.0916368931422824,1.3155683834740228,13939.165191248616,8000,1080p
1.4819656786147168,1.4851996901156082,11308.581703472168,8000,1080p
1.3134945505918776,0.8959780250757252,15186.625246915031,15000,1440p
2.0201247214886116,1.8339093036248197,8706.314417920177,8000,1080p
1.2287833962537533,1.3370829713261791,13077.232869164494,8000,1080p
1.2878682210067935,1.4745680243430888,12146.681052452703,8000,1080p
1.2074812682096647,1.450487178843387,12624.08966412018,8000,1080p
1.245522904803151,1.3867943786115873,12747.107733332192,8000,1080p
0.8610504188137578,0.7530450142863643,20788.381722605758,15000,1440p
1.6591798796698087,1.1950234686600323,11756.146253431674,8000,1080p
1.2124014213598377,0.893951723547709,15930.107485121061,15000,1440p
1.0867807338867994,1.277170134738582,14194.217166413293,8000,1080p
1.1322501483202354,0.7649303701454195,17686.472991582876,15000,1440p
1.417349329322242,0.9998956960950862,13881.270474103865,8000,1080p
1.2321635649933746,0.9645208939237961,15275.035002769699,15000,1440p
1.3374175694279857,1.252086511510407,12957.860250925125,8000,1080p
0.9672115027968626,0.8015324893524989,18970.768041577892,15000,1440p
1.4113956271002563,1.0313426419320098,13736.400835646295,8000,1080p
1.706919145610278,1.2516734819973185,11341.349155977949,8000,1080p
1.1061245081303066,0.8127135051600805,17486.84973280339,15000,1440p
0.703586546360965,0.8111738721525863,22151.64298584411,15000,1440p
0.9191360948898089,0.8056046990517516,19454.76799636533,15000,1440p
1.0713629635025825,0.9151075059021079,16891.482917466004,15000,1440p
1.0195450555658472,1.2402666263779085,14848.331065860528,8000,1080p
1.2302327441058447,1.7115263092866184,11406.24755154734,8000,1080p
1.4990686263085884,1.8490738943679674,10021.805162947392,8000,1080p
2.3053307542556842,1.5590688952214062,8682.961143664425,8000,1080p
1.0060603039997718,0.7656217502439457,18939.307941640505,15000,1440p
0.6907236680711127,0.9440225286933824,20525.77462263637,15000,1440p
0.812494355537911,0.9522318814945,19013.9588202789,15000,1440p
1.7011308736030095,1.6161649670561609,10114.995349143324,8000,1080p
0.5757973860754728,0.6402846772674236,27592.24316471044,15000,1440p
1.202475441786208,1.1082961816241939,14520.877641070378,8000,1080p
0.9488882155745287,1.1654426486227014,15870.000560550849,15000,1440p
1.151111608360719,0.9837788670102312,15717.167876806287,15000,1440p
1.372133378965831,0.9983915870681415,14154.85281985388,8000,1080p
0.6876139158324704,0.7383660807172195,23530.787305003232,15000,1440p
1.2574147841465935,1.1749412550969536,13795.033070255327,8000,1080p
0.8743158807661204,1.2290635692918277,15952.628993820194,15000,1440p
1.2253840643996259,1.405025879791306,12756.35080155567,8000,1080p
1.2131394741435626,0.9998548673631591,15162.457205902478,15000,1440p
1.290997656798822,1.3295288157744793,12804.462138117711,8000,1080p
1.665369755111602,1.772461783168125,9760.347947936523,8000,1080p
0.8118618944128125,1.0379313225216484,18139.55835323449,15000,1440p
0.9324975732012261,0.676396338771427,20855.590135746836,15000,1440p
1.2715093919255325,0.9947813078167393,14805.881700796766,8000,1080p
0.7841438220133141,0.779835532288865,21454.52362123502,15000,1440p
2.0056794023092492,1.6688865561746566,9131.53618117234,8000,1080p
0.6326250383520172,0.7413940172886563,24420.64530491853,15000,1440p
1.2937637865646636,1.8975818258019224,10514.195601371188,8000,1080p
1.2707290100244346,1.6239268842011383,11591.8552070166,8000,1080p
1.2844776780950116,1.7996200703893543,10879.821178329976,8000,1080p
1.083988587634773,1.0873743056066658,15453.16635208291,15000,1440p
0.8040231224111818,0.6059345658754403,23798.183646755588,15000,1440p
0.9210354893456316,1.198202885206433,15833.250474757127,15000,1440p
1.3627669840244534,1.2327645089059376,12927.769164579306,8000,1080p
1.0691837538720694,0.9721321780594714,16437.64763460696,15000,1440p
0.6595320034724814,0.9366803985150336,21021.28260513443,15000,1440p
1.237782326798109,1.5493846513580667,12038.902678948076,8000,1080p
0.876821922461919,1.010209576961628,17781.596126111435,15000,1440p
1.4014074344645286,1.1646410079308618,13076.30496978348,8000,1080p
1.5246615420272873,1.6305476205841452,10634.614147807692,8000,1080p
0.9634500568392335,0.7511880801188453,19569.395592430108,15000,1440p
1.136386078446136,0.9677249622308202,15947.08233136048,15000,1440p
0.8521134512473274,0.5885753184015219,23290.548733977077,15000,1440p
0.5506468088798889,0.7423931546519039,25950.034760217197,15000,1440p
1.1385733737609394,1.1946980942431804,14380.852146922474,8000,1080p
0.7514200743406169,1.0393940367533645,18736.97096316831,15000,1440p
0.8638220404659448,1.123417133204696,16884.948950569156,15000,1440p
1.306177218694447,0.9314730912756022,14995.386835241976,8000,1080p
1.0124207985916707,0.9737145220251202,16894.3332570007,15000,1440p
0.8262390577490683,0.7116038897406304,21819.15393556452,15000,1440p
1.1453538637094334,1.6736037072405723,11903.13481330333,8000,1080p
1.3174586286347636,0.8852375459910511,15233.345563738538,15000,1440p
1.0920374688679255,1.401975007890145,13453.995243687354,8000,1080p
0.7997366126813105,0.9489551208586423,19188.30595263026,15000,1440p
1.2235186484696527,1.4253012166217587,12667.69116398258,8000,1080p
2.4194646850433865,2.0062491935674207,7581.6993416963605,4000,720p
0.7415607180236772,0.8612150734602599,20935.200156057686,15000,1440p
1.0173623676678578,0.988206528836403,16730.63042535508,15000,1440p
1.071483747081559,0.8669353306501177,17310.20520044878,15000,1440p
0.9594304090841057,1.3923180329480924,14267.866154513053,8000,1080p
0.7222753890036666,0.544011723739934,26498.28120519943,15000,1440p
1.1843679528819422,0.8814846944984458,16242.413050392932,15000,1440p
1.5906284720107107,1.5861679048738009,10562.348989111753,8000,1080p
1.0631533203425845,0.7997076577673035,18012.311382487216,15000,1440p
1.8528777303875577,1.2361012349534481,10862.628841597107,8000,1080p
1.2105962071906762,0.9666609039408118,15411.331913189739,15000,1440p
1.0883749401725133,1.250262633941375,14347.854653243483,8000,1080p
1.0474511198893819,1.1246791825801619,15447.706779768789,15000,1440p
1.1890187950560163,1.0717546105890563,14842.014646941507,8000,1080p
1.1013595130717866,1.5725223418839478,12548.958338533432,8000,1080p
0.8168410965401198,1.0275869646839444,18192.323520458387,15000,1440p
0.8963263640341426,0.9665657929814164,18012.009913529175,15000,1440p
1.207532440709362,1.3127065307800168,13313.98822873151,8000,1080p
1.198261969315075,1.4409479798720777,12713.816879302987,8000,1080p
1.65188582119594,1.525003560560844,10562.03977157202,8000,1080p
1.1788703236302542,0.8635113025879761,16429.070634625205,15000,1440p
1.547191665421039,1.122177838073676,12570.171329248662,8000,1080p
1.2180550573865325,1.3259940784008566,13189.380475395114,8000,1080p
1.2968660455029313,1.007197362708213,14563.154764065883,8000,1080p
1.438411472415723,1.092153425078452,13259.660731572778,8000,1080p
1.6567976707964867,2.093025761417282,8948.269860319955,8000,1080p
1.380044134221744,1.7726387122482425,10643.13590489142,8000,1080p
0.9669301035037549,0.9129410388066318,17849.325544069554,15000,1440p
1.4301470748571852,1.4664016916325395,11584.280019101496,8000,1080p
0.8331662094287121,1.1738330410914681,16718.706791396788,15000,1440p
1.7338863141456358,1.9275488784174453,9164.28401304331,8000,1080p
1.9492087117914236,1.4391153147258815,9902.958435320894,8000,1080p
0.9628482383615253,0.9335170878254817,17694.07589173094,15000,1440p
1.139133328332103,1.0318588715774282,15455.804954710695,15000,1440p
1.171079452433569,1.112495277715455,14693.818230249144,8000,1080p
1.064904331334572,1.090493855109664,15567.625606735246,15000,1440p
0.8673005974678565,0.9914251213236633,18052.384846655023,15000,1440p
0.9060845248734717,0.8429868117364094,19184.141491356502,15000,1440p
1.3367496938292274,1.225515692816458,13095.611475252688,8000,1080p
1.504983053167099,1.2476905842486814,12189.7603638552,8000,1080p
1.5191533560220718,1.5121716350010048,11069.229495144078,8000,1080p
1.0443141896000094,1.1657243267638835,15182.73629692484,15000,1440p
1.0630610766285424,1.1813087030892642,14950.491805418504,8000,1080p
1.457992477840639,1.0147606659416137,13569.665085401974,8000,1080p
0.9286445102435285,1.0689284033586515,16797.600613983104,15000,1440p
1.0413020912734208,1.051049076019729,16036.711487302093,15000,1440p
1.1680156344718162,0.8923594307411415,16285.59409717563,15000,1440p
1.517266366378123,1.6414771398805412,10622.714992058074,8000,1080p
1.7057343914083885,1.291962622771651,11193.403416448395,8000,1080p
0.819863125120296,1.0015188845730392,18422.512038344736,15000,1440p
1.079926088475017,1.0828891088476222,15514.239053589607,15000,1440p
0.6956640669083711,0.9093284086259512,20906.286173602966,15000,1440p
1.9630247306213677,1.8355698786461976,8833.380618752015,8000,1080p
1.2048589019163713,0.817239425879851,16593.86763677768,15000,1440p
1.1751666338261275,0.7963903775763819,17019.25524138424,15000,1440p
1.70240416709475,1.4575920597544822,10618.503818106277,8000,1080p
0.8265691864451715,1.0553766746114643,17829.647863069,15000,1440p
0.7614422248068463,0.7837820602329918,21714.926645185955,15000,1440p
0.8393169042434565,0.6632216185792306,22331.828096469857,15000,1440p
0.7750177129493065,0.9073375654289924,19944.914389512713,15000,1440p
1.2244044129391722,1.288896717153288,13350.740823788827,8000,1080p
1.1670536514169116,0.9469466953371253,15872.481786259632,15000,1440p
1.4932518841221547,1.522313911528718,11127.076732463629,8000,1080p
0.9328903336569182,0.7050548799136765,20485.68640879869,15000,1440p
1.4497366270267953,1.3119215929286023,12150.103063999688,8000,1080p
1.314038743614085,1.36624951070812,12518.963938259429,8000,1080p
1.114713936687848,1.4935316184940068,12864.751914687144,8000,1080p
1.0081122705825476,0.9917161600367854,16778.65535175356,15000,1440p
1.3337558139912673,0.899340711955527,15025.965787920206,15000,1440p
1.0635000278225861,1.4918228127497672,13131.190887991404,8000,1080p
1.5324341178693488,1.6848977015416904,10429.273038471498,8000,1080p
1.0959963615112762,0.7607662950162184,18071.470730003413,15000,1440p
0.9449307012565458,1.3429126188523843,14666.40294161507,8000,1080p
1.1315295089673698,1.0916365368238294,15093.084056192645,15000,1440p
1.0573774011966013,0.8049635046480319,18017.341451661854,15000,1440p
1.4836464634407431,1.802492956840066,10210.897259232137,8000,1080p
1.4756750147742952,2.0304236405830745,9570.30457449574,8000,1080p
1.2113066755016517,0.8318486603927433,16422.849212936366,15000,1440p
1.4429083002760517,1.4875409033575697,11450.26911177783,8000,1080p
1.562397279678935,1.4985447946678225,10962.125772066734,8000,1080p
0.8656923069491532,1.227249943607073,16032.18244128928,15000,1440p
1.1324904840671217,1.0650488659924506,15269.09267817679,15000,1440p
1.3648652687407496,1.2338078078161763,12912.14054691999,8000,1080p
0.8120152234938193,0.7220951660610665,21872.240895086856,15000,1440p
1.07255913661115,1.0374865817592784,15902.229846429025,15000,1440p
1.17850607890914,1.0461673009777057,15082.85769199373,15000,1440p
2.0174174632691853,1.489255638322545,9568.736813468342,8000,1080p
2.045816543077273,1.3944412340232621,9753.464470990843,8000,1080p
1.1609503519791513,0.8569840695356477,16628.108248835837,15000,1440p
1.2148399083334374,1.6146010820222036,11859.032266222468,8000,1080p
1.1665993683749567,1.2437505201675607,13920.979754640346,8000,1080p
1.6940184065082786,1.508982981815134,10475.934266629782,8000,1080p
0.6481620258200199,0.8848324814346419,21888.161921786927,15000,1440p
1.1141588025577385,1.5202063169439446,12737.1987093221,8000,1080p
1.219665012019376,1.1386001184216974,14228.439188991533,8000,1080p
0.728711074092291,0.6094159447608082,25075.67034163865,15000,1440p
2.0187573791179023,1.5618394557160058,9371.184064501493,8000,1080p
0.9169450789926321,1.105354235691543,16592.218449740332,15000,1440p
1.814670590497874,2.162301635148017,8437.180371444636,8000,1080p
1.4822669275923193,1.0703698649072104,13145.008368834042,8000,1080p
0.6556192436130694,0.6553157047922724,25595.802477320904,15000,1440p
0.8716075228126754,0.5997937531790332,22804.405941122128,15000,1440p
1.2104955332537133,1.3348584058702324,13182.619314447362,8000,1080p
1.1256199676493532,1.236497156327599,14205.236336251799,8000,1080p
1.7201250940553872,1.257200499091583,11269.990785432934,8000,1080p
1.927500910131816,2.036645147859785,8464.479236922984,8000,1080p
1.6702753910478048,1.1869232963868896,11743.821718652158,8000,1080p
1.2198573392520136,1.567294617962595,12038.967560826228,8000,1080p
1.5993708436316627,1.9142574197571354,9549.795676915937,8000,1080p
1.5631411044563446,2.0358725540304263,9323.229969098862,8000,1080p
0.9711624442224821,1.303495047241518,14751.421752909233,8000,1080p
1.2144433509177217,0.9124866998278511,15775.992251479003,15000,1440p
1.8027417480531835,1.5569557260872426,9987.337329705511,8000,1080p
1.1953822540546133,1.235397805112294,13803.976988152515,8000,1080p
1.4286586302709559,1.4008911236760264,11858.576423049077,8000,1080p
1.0205051934029261,1.2220031149635138,14962.901976690022,8000,1080p
1.7430886829194903,1.9680046681695667,9041.656683239487,8000,1080p
1.5264069997697163,1.641461758622072,10592.115570164706,8000,1080p
0.7740159907844935,0.8552009147419786,20595.435688262194,15000,1440p
1.0026069245955158,0.9924713923864779,16818.603918646488,15000,1440p
1.572692490291574,1.2385810910698756,11935.669378627386,8000,1080p
0.8775356788941893,1.2793130002349034,15557.15629227584,15000,1440p
0.9142496390874031,0.750738079926367,20152.96065959901,15000,1440p
1.350005675819124,1.3589174905042352,12386.631122336776,8000,1080p
1.7677075237521287,1.319327801247477,10869.468103674611,8000,1080p
0.935361549078848,0.7230482563028491,20232.895326060356,15000,1440p
1.0586285529499857,1.556986707868112,12828.504445070805,8000,1080p
1.118166192178335,1.3752158807503818,13457.396828311634,8000,1080p
1.3697308708166234,0.9474626741234196,14480.634159054769,8000,1080p
0.9797265098142722,0.7633295854993241,19250.34546519466,15000,1440p
1.0722155165832767,1.0566562762757525,15761.602982647028,15000,1440p
0.9619572623193432,0.8263872866615632,18762.845235344106,15000,1440p
0.7659011489975008,1.0947059015623104,18034.13138196176,15000,1440p
1.451660700758041,1.5762903619083966,11081.563507982093,8000,1080p
0.9920465139259446,1.3488084634280906,14334.263474078158,8000,1080p
0.9961332044788626,1.3012391297357278,14605.569806981834,8000,1080p
1.1781573360310118,0.8614745692849082,16451.21941490846,15000,1440p
1.3012399833386037,1.8504629118435938,10646.445149158084,8000,1080p
1.384368381913283,1.7593230276433496,10673.576896891516,8000,1080p
1.0149765376021407,0.9514012089428283,17064.08245259942,15000,1440p
1.0393513705814343,1.1734239667933433,15163.957873739122,15000,1440p
0.8100435712056143,0.6454585619248102,23053.509325907155,15000,1440p
1.1254156882955382,1.465782800558829,12949.386989969744,8000,1080p
1.6212811954779835,1.84654273303102,9675.933003445993,8000,1080p
2.4862936806513307,2.3524108294036665,6934.590018934348,4000,720p
1.6725387231081863,1.187201521097778,11733.384550566663,8000,1080p
1.585666077638927,1.416027292071257,11178.500888396773,8000,1080p
1.4023263701265358,1.56807475539885,11296.262889095526,8000,1080p
0.7780791489034716,1.014888643840842,18714.464440346495,15000,1440p
0.9881633888355251,1.339111890287617,14417.904190793644,8000,1080p
1.3255021950710026,0.9132848481581086,14987.773000330933,8000,1080p
1.4187835983551784,1.2143874875791563,12742.974499165062,8000,1080p
1.1838018065076497,1.1010012383118524,14685.918804283972,8000,1080p
0.9883767717785604,1.0560127876584295,16412.934533495,15000,1440p
1.1321785782767837,1.1606812336163352,14634.314678094297,8000,1080p
1.619246015558228,2.1911900586076927,8805.929648706899,8000,1080p
0.8637247783699195,1.0786875504149913,17274.618526021302,15000,1440p
0.6787544304955166,0.6934817324953682,24452.374091982656,15000,1440p
1.2508816617137537,1.2748676128606968,13284.941754819825,8000,1080p
1.3110189052269885,1.1029188570230486,13900.288783221915,8000,1080p
1.877525523343729,1.6190769727431642,9596.29584362287,8000,1080p
1.058983240676722,1.0952300130899484,15576.188634681192,15000,1440p
1.0172152064692934,1.524445815410938,13201.773057517172,8000,1080p
2.146006383446905,1.7560843352772708,8599.09069745332,8000,1080p
1.015171276433917,0.909234581008106,17436.255387728626,15000,1440p
1.3023868310314626,1.1065495751882577,13929.148114231904,8000,1080p
1.0996468630320202,0.9393202276620307,16456.583410857453,15000,1440p
0.9131964035444938,1.2429278826009593,15562.38302940594,15000,1440p
1.407592778522235,1.6174571984803674,11092.190957204517,8000,1080p
0.8037508887674022,0.6315052401381794,23378.70664630855,15000,1440p
1.3285588250683198,1.3265325363218217,12637.769263966764,8000,1080p
1.7132760904056128,1.3964147152127935,10790.279194116607,8000,1080p
1.338968370669046,1.3442202846466338,12505.431525854558,8000,1080p
1.08144504629131,1.5102177929796656,12947.066837381797,8000,1080p
1.5546251723033098,1.9478859224973906,9580.10726927028,8000,1080p
1.6037241916685008,1.1265491892875183,12289.770040628951,8000,1080p
0.7110381308104622,0.5450176746283185,26714.125164429584,15000,1440p
1.2428202735755054,0.9251422284585726,15477.40423024741,15000,1440p
0.7662211353830354,1.0618794207297437,18354.806516414606,15000,1440p
1.4052358875639306,1.47552346826836,11647.77333173172,8000,1080p
0.8057301576687773,0.9073537866713505,19587.149894703507,15000,1440p
1.4402390202669626,0.9731697068453318,13903.335818358766,8000,1080p
1.4375484206473004,1.8644957535237505,10161.71505592397,8000,1080p
1.2254837869847492,1.43418503635044,12616.018846257404,8000,1080p
0.6535527763705575,0.6129572882672876,26493.61654271164,15000,1440p
1.2722122032071197,1.1762134242981652,13704.493051801948,8000,1080p
0.9853839074646997,0.8613302216732583,18169.80304128779,15000,1440p
0.7266260681890292,0.9426260027402001,20101.476933511378,15000,1440p
1.1167030715625725,1.331323351739646,13706.727868867276,8000,1080p
0.8424444985393386,1.1420973821789109,16907.898153228147,15000,1440p
0.6641297693615642,0.8139924414015876,22700.715648319707,15000,1440p
0.9356155432646139,1.0315543183196478,17057.21130404921,15000,1440p
1.2159853781079786,0.8854846845997715,15967.123489146938,15000,1440p
0.8555611299843826,1.267101581909627,15807.707843541497,15000,1440p
1.2039033677304045,1.3974992617987387,12898.592328275377,8000,1080p
0.8596538919134983,1.084886269738913,17255.715598841867,15000,1440p
1.1754285767930475,1.7502139554628815,11469.081280455193,8000,1080p
1.1095124300047545,1.396486013532352,13389.645985828864,8000,1080p
1.2750254076190695,0.8579812973464351,15731.048534393918,15000,1440p
1.4743458430585192,0.9848916025432024,13644.242470368681,8000,1080p
1.399249093200917,1.1324389937611428,13253.778051412402,8000,1080p
1.2905134699241774,1.4802622349230317,12110.122064842602,8000,1080p
0.9701405434137598,1.282120324072171,14898.110820286498,8000,1080p
1.3421297614279952,1.7434504366793862,10874.594029538257,8000,1080p
1.167639969225584,0.9074040461019348,16170.467591119443,15000,1440p
1.774492532954571,1.941102128954188,9030.70303765658,8000,1080p
1.9646043608049355,1.4274017918791604,9892.208471806092,8000,1080p
2.09674005922664,2.18970010350289,7828.04162105301,4000,720p
1.3402264166658282,1.4109979611116354,12196.181551395839,8000,1080p
1.1091532952908703,0.7923709196363313,17646.071365588476,15000,1440p
1.341029268392167,1.6795321272768127,11108.674052483057,8000,1080p
1.109158785020997,1.4603766950365418,13058.559518021766,8000,1080p
0.8913486306858878,1.061943377379238,17178.400291125974,15000,1440p
1.5655715374923398,1.1382252422513455,12410.116119444781,8000,1080p
1.5538864988990455,1.4259178365624958,11260.615873559618,8000,1080p
1.2865062196549695,1.2125823721430713,13426.667670015773,8000,1080p
1.581775093210288,1.40017246436311,11252.522504891196,8000,1080p
0.9201047867622124,1.2293735851626857,15610.499941877237,15000,1440p
1.1044909957075517,1.4867821468910654,12949.013922303257,8000,1080p
1.0669911449218163,0.7355611548329255,18614.956140005186,15000,1440p
0.7743130657101646,0.8255900847556982,20972.78950305808,15000,1440p
1.0013583182870514,1.0871639973327574,16066.111311835366,15000,1440p
1.8605241411478417,1.2417531075313781,10816.064880818,8000,1080p
1.0738948625007358,0.8689030642143265,17271.18993622501,15000,1440p
2.209100319300072,1.6427630243225115,8711.220779822077,8000,1080p
1.7155893614259892,1.8114801854589104,9513.402430534778,8000,1080p
1.0251524647136134,0.8121204309180527,18263.172596612967,15000,1440p
1.4950808620672358,2.2232102396137403,9024.15412952219,8000,1080p
0.9162331016383746,1.1117447777037253,16545.758384152323,15000,1440p
1.7558362981195308,1.2881762836166968,11023.09241470395,8000,1080p
0.9036244800693926,1.1937089775329484,15998.615708137908,15000,1440p
1.457212257035768,1.4619952588210783,11494.363390658473,8000,1080p
1.265528351236553,0.8486325582694891,15871.276329595812,15000,1440p
1.379186951201497,1.225198835984041,12883.817814203718,8000,1080p
1.7133834488022492,1.7943894172830361,9565.736802521973,8000,1080p
1.1234139654850273,1.1112962154951012,15015.115734284282,15000,1440p
1.3257957322665,1.2083293491676133,13241.03227809531,8000,1080p
1.3432109893487425,1.0068457802995594,14278.136780934698,8000,1080p
1.3006476457460237,1.2038272562822108,13397.791278653318,8000,1080p
0.9512534293779212,0.9385556108107934,17755.46168233447,15000,1440p
1.6965373133242003,1.3986275368445782,10840.91918340643,8000,1080p
1.5767548498204689,1.1408861998099407,12346.89621889664,8000,1080p
1.6726532613249565,1.2528096606603152,11469.785430481328,8000,1080p
1.9310050859224221,1.3307731284839164,10287.15927152855,8000,1080p
1.0539994896859253,1.4732779313902662,13276.908866503269,8000,1080p
1.240296152897558,1.6653338529777835,11548.074576649857,8000,1080p
0.832922288556718,0.8929460761353414,19442.05750940165,15000,1440p
1.194670417450215,1.1342517138241945,14407.7088492601,8000,1080p
1.8583700468114928,2.523039451548875,7658.36473686308,4000,720p
1.2735456916161425,1.1768736112203237,13693.342996914567,8000,1080p
1.3095812812077112,1.803535498844935,10778.404528542149,8000,1080p
1.7048242622303398,1.661558790189755,9967.502651214245,8000,1080p
0.7970377351565867,0.772927332218798,21372.725226361363,15000,1440p
0.857682567643931,1.0379087155148525,17701.301065325337,15000,1440p
1.0482523976225482,1.3050754097132982,14258.290704509322,8000,1080p
1.1801392887241178,1.052561393354128,15028.629797688247,15000,1440p
1.7187334968923562,1.71698081100049,9766.36268123796,8000,1080p
0.9353819983698602,0.8375798166282394,18925.6371548171,15000,1440p
1.1927845418061909,1.4256800998551193,12814.544625170522,8000,1080p
0.9862777524157852,0.6899372003609018,20017.97677822665,15000,1440p
1.4567013578113988,1.3685423905294931,11876.650295998228,8000,1080p
1.32216319911339,1.0660798017907522,14049.839981650504,8000,1080p
0.8833549824979783,0.9749655974233988,18056.320509252306,15000,1440p
2.322284803828965,2.1457770621432166,7509.840509493275,4000,720p
2.373015661774559,1.8695628290071276,7908.971412764049,4000,720p
1.240553375793375,1.3756363702893906,12825.687452617389,8000,1080p
1.100705162667686,1.2412369089567168,14327.609724661632,8000,1080p
1.0267771455739219,1.3657189544276682,14024.863823175177,8000,1080p
1.813227721537587,1.540623859344052,10004.745645655383,8000,1080p
1.3319706694845568,1.3375329472659776,12569.53981611169,8000,1080p
0.8780534030400385,0.6081098372868078,22577.891236645377,15000,1440p
1.1535250339074312,0.8606575401713301,16659.081670065083,15000,1440p
1.0111995126269757,1.4528167370120555,13617.780323046001,8000,1080p
2.1698462757848995,1.5314090770739726,9065.689556945146,8000,1080p
1.1782099881654886,1.6205389446336012,11989.082552839594,8000,1080p
1.60555408139054,1.1727668901696655,12077.233819804856,8000,1080p
1.012082103762566,1.0608445515876719,16186.98467376826,15000,1440p
1.3818881839162305,1.0852253673715444,13600.684079776296,8000,1080p
1.2037839073713743,1.3602381529421013,13086.639354381241,8000,1080p
1.3091413230610474,1.6741553960679558,11247.433681285474,8000,1080p
1.0086660590982892,1.4449277361229078,13675.62636706741,8000,1080p
1.7652724502230877,1.2607209975414735,11088.73253667756,8000,1080p
0.8772904925681251,1.014684279529804,17735.137114324705,15000,1440p
0.6874472736207946,0.9259076538619073,20797.92327677988,15000,1440p
1.242455322898404,1.2979360733766305,13208.37098141677,8000,1080p
1.0020762470969693,1.1964857622132916,15261.990272690462,15000,1440p
1.395089629437733,1.6267172843942728,11104.09531674843,8000,1080p
1.3740542025048759,1.0317937957984438,13947.029082329245,8000,1080p
1.275038723316254,1.164668843088672,13753.464743909748,8000,1080p
1.3260527313669952,1.428978099041105,12179.330855266551,8000,1080p
1.2799822595569006,1.4346440337680402,12360.608192187556,8000,1080p
0.9273967627669621,1.1040148423837077,16517.790838115878,15000,1440p
1.2567630774039473,1.0690545949669146,14426.93999559979,8000,1080p
1.5001443893019926,1.085288697074969,12978.263555457452,8000,1080p
1.012306807105158,1.0078631359405072,16609.707572132465,15000,1440p
0.8878787317828837,0.9744429613627653,18017.52732811869,15000,1440p
1.458142207025056,1.607105648113811,10946.727176970771,8000,1080p
1.1607849492462272,0.8060559687351936,17060.064031226833,15000,1440p
0.910730107101729,0.7517969320146828,20182.788736977942,15000,1440p
1.1994850426979378,1.5088172119597272,12389.470910159307,8000,1080p
1.6949857308804872,1.4558689030875942,10649.311345012024,8000,1080p
1.2266397879481536,1.7804584784288602,11158.408880474253,8000,1080p
1.6477773065517045,1.4103106565055517,10972.356716140595,8000,1080p
1.8665329299522224,2.3808758437586546,7899.977089015653,4000,720p
1.033971362411135,1.3471632799041258,14091.78271724015,8000,1080p
0.7982401827928455,0.8065130738528691,20909.40265180462,15000,1440p
1.3488788164208112,0.9834576559113934,14386.617196123278,8000,1080p
1.9283474881789278,1.287118526827131,10435.324722266354,8000,1080p
1.041703238625274,1.0102955077681959,16352.072367965253,15000,1440p
0.772334750329398,1.153144738482178,17426.533076553365,15000,1440p
0.9775981264698681,1.2642572172217486,14967.260084117032,8000,1080p
1.6561887296168565,1.2261843974695772,11641.252024132475,8000,1080p
1.0560517376828022,0.7538307875634944,18539.563497599807,15000,1440p
1.7685775805374264,1.3976967534298137,10597.449387134238,8000,1080p
1.0179412186710988,0.9108319833569227,17396.77426289362,15000,1440p
1.2283294896222914,1.4428769416566338,12561.527108908145,8000,1080p
1.073079377128773,1.2176575872051703,14647.876435589067,8000,1080p
1.8716035877710369,2.1712035075677933,8299.785571932609,8000,1080p
0.6439192619723288,0.9226304833619208,21419.321090783877,15000,1440p
1.6996334432608675,1.5322124506165133,10382.435642605267,8000,1080p
1.4268736991925746,1.0248939544439715,13685.812336348801,8000,1080p
1.040355607288477,1.3051025636839377,14306.131064400312,8000,1080p
0.959272895812444,1.2117787497953172,15455.38175836753,15000,1440p
1.6314032343786666,1.1112947698705666,12234.09648018647,8000,1080p
0.9372221957335757,1.265010151091349,15236.55396687693,15000,1440p
1.2899998874604517,1.7883068792236996,10900.28854926103,8000,1080p
0.8456731907313885,1.0107056006537078,18075.207579248465,15000,1440p
0.748187080039994,0.8681665421141432,20759.338513611605,15000,1440p
1.5919556999849327,1.0686309767553595,12611.666552096829,8000,1080p
1.2597137296227754,1.428329804059017,12482.845452298443,8000,1080p
1.0025659238676683,1.2436258202418697,14938.36494056835,8000,1080p
1.1012159480300954,1.559958653389036,12608.880297484557,8000,1080p
1.3285262103943745,1.2138207123303766,13198.211345616892,8000,1080p
0.8466631990005199,0.8458357433774323,19825.378415218507,15000,1440p
1.373983527247848,1.4292136589744318,11970.057677326486,8000,1080p
0.7063832498606881,0.8014510742804586,22253.394463023917,15000,1440p
1.0230182982739973,1.2099891252503039,15026.565360468823,15000,1440p
1.2564200283834328,0.9187482081742044,15426.131843991221,15000,1440p
0.9219568381005716,0.9981663296492402,17475.14563835109,15000,1440p
2.0473229587959834,2.052566021039107,8184.229418170649,8000,1080p
0.9630690757889643,0.9398885546341239,17632.779344929386,15000,1440p
0.5737802402047869,0.6649012484224177,27088.829782374014,15000,1440p
0.7880543962183638,1.170256971183567,17134.370232715482,15000,1440p
0.7472806998478057,0.8673122988464554,20781.975412463595,15000,1440p
1.7578565949890212,1.2535949005054523,11142.278748371618,8000,1080p
1.1809537048264012,0.7874004879737957,17046.94821833117,15000,1440p
1.0093539415947272,1.167886731094112,15411.448270696274,15000,1440p
1.1884932764845924,0.9983960454336556,15343.452301723004,15000,1440p
1.0529476214661435,0.7686951119913399,18419.875304700163,15000,1440p
1.1859029053396284,1.1903301949462703,14120.850347536556,8000,1080p
1.58999504503507,1.5439817515141896,10706.662549941631,8000,1080p
1.038660103608534,0.9610764424797757,16779.426302747688,15000,1440p
1.978029788737461,1.647908867461041,9253.99880735408,8000,1080p
1.7884259641887243,1.846587216181151,9230.896928023165,8000,1080p
0.8493656728845836,1.215111263028922,16253.236554155339,15000,1440p
1.2053273379021132,1.1816149459732277,14057.496164307086,8000,1080p
2.1832478163237337,2.141159081730713,7759.3142345361075,4000,720p
1.2281091142937204,1.056476538625519,14687.316256724369,8000,1080p
0.858436026165055,1.1090968891702924,17054.063867735073,15000,1440p
1.2188784786247344,1.0018747014514207,15109.48281017404,15000,1440p
1.2178635123953427,0.8634074377984386,16122.087322112404,15000,1440p
0.9562234871718627,1.1540072310547698,15900.835728615508,15000,1440p
1.563980729461664,1.130441937205448,12453.29191114081,8000,1080p
1.8288927778291262,1.4168502292651763,10337.981758463078,8000,1080p
0.6453361761166545,0.6385286155113783,26135.48733387304,15000,1440p
0.5288860586073239,0.6896720237652605,27536.177787002238,15000,1440p
1.6785154918840028,1.4547550369225686,10709.075929291212,8000,1080p
1.0689808811724384,1.0615642417460145,15749.223820257152,15000,1440p
1.5332545955202268,1.1400690927238393,12551.578451781026,8000,1080p
0.9327997123344038,0.8629096472655495,18685.892469522587,15000,1440p
1.0057131692697603,0.7745552330231449,18847.962451495187,15000,1440p
1.433936106183192,1.6346453258418967,10934.835116256307,8000,1080p
1.4354356926580671,1.1892404184589631,12784.218158529146,8000,1080p
0.6187184808740068,0.7729199649289148,24111.458045153668,15000,1440p
1.2339689334281396,1.6357595465679555,11692.545909446339,8000,1080p
1.4043072251741642,1.389913867832261,12008.51002233947,8000,1080p
0.9842707546983904,1.4669242647545926,13689.009537677717,8000,1080p
0.896893100785179,1.257100995340332,15577.773430463858,15000,1440p
1.2588463790159263,1.417678807983692,12536.565007114497,8000,1080p
1.4808290719206012,1.4907030205186842,11291.963524599083,8000,1080p
1.5307635325606113,2.0383286695201894,9401.391194219523,8000,1080p
1.1228509879244641,1.070659090127449,15297.140567414288,15000,1440p
0.8283250445674551,1.0058983977471576,18293.535687046697,15000,1440p
0.9382981916770967,0.983610025732532,17458.914893045763,15000,1440p
0.9259434062275848,0.9294562127333451,18084.746626600754,15000,1440p
2.316602906666817,1.8185594617158118,8114.417043586133,8000,1080p
1.1854124740246794,0.826621662010905,16676.870138055434,15000,1440p
0.8457667922374393,0.8472398630596037,19819.43301582165,15000,1440p
1.3136690859345719,0.9734994020352308,14670.730283532579,8000,1080p
1.2109803208964314,0.9551052394361426,15490.815605108488,15000,1440p
1.8022614731503837,1.7811321459767935,9363.869997673602,8000,1080p
0.8299320864713403,0.7184965567960372,21669.98921512842,15000,1440p
1.5883546585596056,1.5028388350103132,10854.846864098785,8000,1080p
1.141235499573562,0.9420691454795236,16106.349150459933,15000,1440p
1.5201061363941355,1.0886823875692289,12862.07436585274,8000,1080p
1.3295919357998993,1.126604436762227,13661.13571977897,8000,1080p
1.6893051913303925,1.3516653287569844,11034.11946230767,8000,1080p
1.5260028196171276,1.024004274258559,13158.564178345689,8000,1080p
1.0821582123324016,0.7297699183494901,18518.632958897935,15000,1440p
1.0341573647489437,0.791551398109126,18378.852466847973,15000,1440p
1.4557406154632857,1.0800398443939065,13232.38842288803,8000,1080p
1.2663861734610797,1.38563694883461,12652.39044030432,8000,1080p
0.9629683223990383,1.0282432071807635,16851.264419446627,15000,1440p
0.8339269998667768,1.2193799542535464,16341.654097390116,15000,1440p
0.9636389644392072,0.9649312024742727,17398.605752416643,15000,1440p
1.140586676269275,1.274322307701339,13894.69840177145,8000,1080p
1.0941056408403012,1.3984439289318225,13461.89155350184,8000,1080p
0.9663090008221865,1.2217525170259513,15335.232454067062,15000,1440p
0.7788854703846942,0.8334021939703907,20811.690582165294,15000,1440p
1.5216170503260231,1.7495900505533795,10257.507692184796,8000,1080p
1.413713462871014,1.4419518800168385,11750.127543330187,8000,1080p
0.8583160829190751,0.5998997292693843,23010.60770260214,15000,1440p
1.702441312654463,1.2159279403531706,11497.66499404393,8000,1080p
0.9121553110236715,0.7983857774039378,19616.26775703145,15000,1440p
1.591226677739601,1.1037103453631498,12450.915072355907,8000,1080p
0.963457764966912,0.7454439243367599,19635.08621357409,15000,1440p
1.7398969654605096,2.0057052213232405,8958.354445220011,8000,1080p
1.5337456120313835,1.5697113548314126,10811.953366287305,8000,1080p
1.401782546816193,1.4138232223196638,11917.30474763811,8000,1080p
1.5473207119804637,1.1845081975566647,12282.77213219965,8000,1080p
0.9204859300141739,0.8342468710469144,19122.245836921502,15000,1440p
1.4125190773610576,1.53546975652403,11382.143519105319,8000,1080p
1.282009629858499,0.9497016431879866,15035.292604941318,15000,1440p
0.7503392483668279,1.0128277701319583,19030.77340260667,15000,1440p
0.8748867413911707,1.1573691553074346,16510.928596398266,15000,1440p
1.1676416251423443,0.8264695885722335,16826.760598520323,15000,1440p
1.4826377053038835,1.7901547470138504,10252.538921689747,8000,1080p
1.0463091777982843,1.0243627781904954,16204.610248839348,15000,1440p
1.6088035864651056,1.3951806674063472,11169.975993301552,8000,1080p
1.365644164484594,0.9210206079585181,14673.962009809538,8000,1080p
1.2790020449989514,1.0615282097272378,14336.252194238532,8000,1080p
1.2424265134186907,1.2211927544162497,13619.974660081327,8000,1080p
0.740321833641228,0.9087437884072649,20347.541996732794,15000,1440p
2.730989658111758,1.952261294052617,7164.773432543208,4000,720p
1.2659573828897528,1.6912694417821676,11346.587187718542,8000,1080p
1.0878032093576726,1.040717506065501,15764.202695734162,15000,1440p
1.5000686243210866,1.1782061391841618,12528.375526372407,8000,1080p
0.8945101390701842,0.9036589914923605,18660.33146142528,15000,1440p
1.3946467547307093,1.109851538457304,13397.666147852735,8000,1080p
1.2309892777714049,1.310868149718779,13200.75297579985,8000,1080p
0.8744591003548977,1.2557331749124057,15751.832540933181,15000,1440p
0.6465130293572603,0.8239720084056832,22818.61504082118,15000,1440p
0.6993365096014489,0.9930720103657101,19826.437650320455,15000,1440p
0.9066523611485647,1.1521527216240086,16298.012998303155,15000,1440p
1.6477439424613656,1.5613017937260452,10456.202484625603,8000,1080p
1.4818666494635226,1.0707673067306374,13145.02297463278,8000,1080p
1.729582902486225,2.0367793542886434,8908.97627801013,8000,1080p
1.724875160682305,1.380546364023486,10805.113487187207,8000,1080p
1.4141093924986914,1.22447869948461,12716.813246427837,8000,1080p
0.7716481188839637,1.1451664800155592,17505.30907854322,15000,1440p
1.0924991276624803,1.6168737433629832,12384.575175619912,8000,1080p
0.8299479740959281,1.2222855828536456,16350.201411712165,15000,1440p
1.7293896572650305,1.579622062593239,10140.318270446376,8000,1080p
2.1378329469547483,1.9618290827546727,8184.682482809027,8000,1080p
1.6057974174493999,1.0848650636441302,12470.69531603344,8000,1080p
1.6170347607344335,2.000249064475699,9276.140226030171,8000,1080p
1.4365422581485705,1.2062666228386252,12696.5034215664,8000,1080p
1.1687958193711254,1.4214553232766787,12954.123037544545,8000,1080p
0.8651744106692616,1.2157931544834224,16124.437767264313,15000,1440p
1.6197044118153712,1.1786603417742603,11990.728498476728,8000,1080p
1.2698645033623022,1.6194673635946781,11613.214938628438,8000,1080p
1.5891611239804524,1.6515945537153187,10353.891294840756,8000,1080p
1.2908149998807534,0.9735995146064411,14818.14914421657,8000,1080p
1.6400252680807956,1.0981993366546072,12254.08315372376,8000,1080p
1.9316542100479215,2.447252025030166,7662.742748681312,4000,720p
0.9531402413654745,0.9966690850262393,17209.083752868955,15000,1440p
1.6578744705570776,1.5048824175080797,10609.235292987441,8000,1080p
1.6030506586163549,2.009683995428818,9287.820782085162,8000,1080p
1.409914815731313,1.9083618584724589,10112.005506006055,8000,1080p
1.284577256791023,0.937694180402765,15099.160002871407,15000,1440p
1.0146413955680724,1.0447279212349037,16293.547605191507,15000,1440p
1.3434396918700953,1.563418416100894,11543.19569572017,8000,1080p
0.6640053614519642,0.9791040489742485,20421.301093574886,15000,1440p
0.6718831337888543,0.9647031525168571,20502.696546323186,15000,1440p
1.4890244018026613,1.7913535212972642,10228.83118549078,8000,1080p
0.9091474182188362,0.953613576667703,18013.27818872641,15000,1440p
1.6080907350873486,2.2856426115248056,8617.547482853422,8000,1080p
0.9637164013202097,1.1105812824494103,16176.285719521968,15000,1440p
0.9690446690237792,0.6898154249794247,20227.403215798375,15000,1440p
1.0194941993485227,0.689238860991038,19637.023932416945,15000,1440p
1.107023572271409,1.2931659034513625,13979.909644381605,8000,1080p
1.5281085076248058,1.4411399898062158,11300.64796834321,8000,1080p
0.9264755240163262,1.2473205240759206,15435.869445731962,15000,1440p
1.1291252810676444,1.434277135517302,13089.802749231381,8000,1080p
1.0425576166815005,1.3484693217646284,14033.481371734866,8000,1080p
1.1105149074231115,1.0385855045828083,15613.245343283463,15000,1440p
1.2077538441739832,1.009533699419989,15133.099041187983,15000,1440p
1.1973946739905599,1.15760584512264,14248.163313626475,8000,1080p
0.7780432223916522,0.8146199095725588,21068.128800481336,15000,1440p
1.4747444501523814,1.1402745335813647,12831.429602889804,8000,1080p
1.0915697666252178,1.0828269446120213,15431.605385802583,15000,1440p
0.6257296614115664,0.7789658925470626,23887.334095590257,15000,1440p
1.1040461257402392,1.2994807083321815,13960.498183058342,8000,1080p
0.7617304073474874,0.9149592010421091,20012.309870655128,15000,1440p
0.5506391730332713,0.7921777851716142,24988.090740867978,15000,1440p
1.3770358325584473,1.4497433211817015,11870.199324062402,8000,1080p
1.1686336007100158,1.382563696143178,13152.425350006499,8000,1080p
1.497812032130213,1.2049755484765556,12414.749956956337,8000,1080p
1.286314882085125,0.9372486397683666,15090.386071826768,15000,1440p
1.0230091390328144,1.111737692985127,15718.225457339848,15000,1440p
1.4031652342241467,1.013194944404297,13886.35365570621,8000,1080p
0.93790492382267,1.1183897522645525,16317.910263643902,15000,1440p
1.0993844553094136,1.6182775545915506,12346.800992086126,8000,1080p
1.1352974617856695,1.0233869333191181,15543.926697247094,15000,1440p
1.0244636365555366,0.8502822949593534,17898.1223193728,15000,1440p
1.081035033924841,0.8481628362802334,17392.944766434535,15000,1440p
1.73960296946551,2.5405973922614535,7839.453568585174,4000,720p
1.0574357979127122,1.3723083193184187,13809.862430385345,8000,1080p
0.933266949886594,1.1838295946460113,15849.26870087914,15000,1440p
1.225481479876346,1.1883678707771814,13900.797906429185,8000,1080p
1.165215087885411,1.288757353010214,13673.516230587193,8000,1080p
1.1968690890375455,1.5278632612389755,12314.762584513928,8000,1080p
2.01478604109038,2.266548620154852,7837.376578788785,4000,720p
1.5208611214653294,1.9882111582173345,9562.194598919583,8000,1080p
0.905627444230923,0.8843141285039725,18746.10462772333,15000,1440p
1.4415263181244702,1.2766712483644442,12344.368346757861,8000,1080p
1.2558644641836676,0.8989007179169219,15572.198900712328,15000,1440p
1.6108749217563063,1.9537210763180162,9413.249641229157,8000,1080p
0.9516457334445029,1.0001067816666955,17191.95017821626,15000,1440p
1.2728023399857251,1.1345978963470615,13938.036348751777,8000,1080p
0.9093275406234729,0.9059549983243986,18484.412910977473,15000,1440p
1.1660469183625077,1.7306659465726735,11583.62377099148,8000,1080p
1.337872787894675,1.6679746906773059,11163.052097354272,8000,1080p
1.769050154761039,1.6100239990422542,9930.06677945586,8000,1080p
1.2881756294724727,1.4345357816024378,12323.90324715057,8000,1080p
1.211208092784257,1.2301258865458518,13744.302206946379,8000,1080p
1.2829700042370138,1.4905335929953403,12098.21109786321,8000,1080p
1.0600740040958394,1.3170815551431003,14115.370729352962,8000,1080p
1.5909207043153792,1.5455642345251712,10698.10078935176,8000,1080p
1.0263705458326164,1.0142626743530685,16443.14699382712,15000,1440p
1.1748117497303256,1.1026725890937719,14733.112069312716,8000,1080p
1.0851541640288138,1.4386898479756907,13294.970624333542,8000,1080p
0.977406832880525,1.282400789839677,14848.357737465045,8000,1080p
1.5080117320465611,1.199729806754686,12392.036506872437,8000,1080p
0.7986222246930025,1.0510002026596075,18141.2333153999,15000,1440p
2.1717140976173357,1.480787367700502,9186.699120757265,8000,1080p
1.017764370415704,1.0601672938088376,16147.99590270554,15000,1440p
0.7017887259440201,0.7341596375011572,23367.436360660657,15000,1440p
0.8963118175161178,0.8978284150799221,18702.234859004446,15000,1440p
1.4647622189739695,1.449279310027792,11514.740495649166,8000,1080p
0.9409844829936103,0.9731434637433667,17529.87936736434,15000,1440p
1.4272248480246839,1.824051245908697,10320.388373847998,8000,1080p
0.9021935612412124,1.0233803279392142,17425.67874883348,15000,1440p
0.9728164039810224,0.6899347130274099,20180.068836982675,15000,1440p
1.0600625430771453,0.7881000089444619,18155.563190746714,15000,1440p
1.6819863774251715,1.1480482309186033,11856.544757817328,8000,1080p
1.1183096767793268,1.3199577467739232,13761.58811616391,8000,1080p
1.2470352578250143,1.5772551864964546,11880.659111198955,8000,1080p
0.6914834046244779,0.7389782642691191,23457.064757249293,15000,1440p
0.8088788319588108,1.1277627422364218,17326.092988550798,15000,1440p
0.956153370570082,1.1354006410251987,16042.823572319412,15000,1440p
0.9558294739920882,1.2420350759141985,15266.83343676966,15000,1440p
1.0743821855333644,1.2637467378477603,14350.975972478695,8000,1080p
2.241374868798016,2.95762424888719,6454.017636944651,4000,720p
1.805166445491408,1.9286697837279374,8986.583754642988,8000,1080p
0.7742794708617892,1.063375529627089,18259.375122682653,15000,1440p
1.1208569455811963,1.0553642111686896,15418.668224930057,15000,1440p
1.0849659792094333,0.7421496356530948,18364.70102223095,15000,1440p
1.1552890859840752,1.5930540207091983,12208.96762063006,8000,1080p
0.8554153840303048,1.0935843747649594,17216.231992117337,15000,1440p
0.9470344860947029,1.0623770761364126,16698.63587464552,15000,1440p
2.1164215188260527,1.5815054258393477,9073.84934913475,8000,1080p
1.6401365837598614,1.1659122002499531,11957.893316470096,8000,1080p
1.9609095219873498,1.4885018590931596,9727.581982259611,8000,1080p
1.3710011850390387,1.774716779705077,10666.700694742492,8000,1080p
0.724337379301159,0.9693260590143505,19811.747269795644,15000,1440p
1.6295469897930632,1.493858723540921,10742.898963382935,8000,1080p
1.1039605370234011,1.2466694901321405,14274.654714848368,8000,1080p
1.8720299050881326,2.1205136950091115,8404.274407719113,8000,1080p
0.7764752435485226,1.073313243739861,18139.604733505315,15000,1440p
1.2719471296927738,1.3203516376365299,12943.890736239944,8000,1080p
1.3271239769892547,1.8349396083916885,10611.561435744374,8000,1080p
1.0076811195974196,1.2935616872054705,14581.004620984377,8000,1080p
0.7357930518424873,0.7712619692260785,22264.9017659677,15000,1440p
1.4185937883570194,1.694607528837267,10778.111847338,8000,1080p
1.0456123841577025,1.0682793044841448,15873.2976624542,15000,1440p
0.9207334950986998,0.9413014652519758,18020.30182810355,15000,1440p
1.3045915439328624,1.8284697416720788,10709.791140750445,8000,1080p
1.4757283645445363,1.418687936563204,11592.814754103678,8000,1080p
0.8385036189165546,0.71409282613894,21611.818130113432,15000,1440p
1.8585713598016569,1.8200696431925536,9121.420647649104,8000,1080p
0.8379861259113106,0.7196958168799319,21541.26017527886,15000,1440p
0.7363358030982836,0.7126152190274979,23157.740660392858,15000,1440p
1.5913784376610927,1.5979815898233303,10520.741374709502,8000,1080p
0.9997203053727344,1.4967136890311232,13440.944994026457,8000,1080p
0.942907404000524,0.8870013671188445,18336.669308095894,15000,1440p
0.8943482760227393,1.0920210565684787,16892.342954282456,15000,1440p
1.5100249299625423,1.8681933572847529,9932.58254703886,8000,1080p
2.0286345317789425,1.662345447342981,9090.92766414369,8000,1080p
1.6946201303197324,1.7786552355363292,9660.746259814563,8000,1080p
0.8044523196697603,0.5738444419066645,24344.852963031106,15000,1440p
0.9654361028026891,0.7740701718648192,19289.629757968905,15000,1440p
0.9826005334228047,1.0102553983550406,16837.359622913526,15000,1440p
1.1916570704325107,1.1902909210688044,14086.970882538464,8000,1080p
1.7066555522466087,1.2426405104399418,11377.098564134943,8000,1080p
1.058686288296343,1.02848182934658,16076.535338175647,15000,1440p
1.0251759844894313,1.4627361471511975,13486.984356586929,8000,1080p
1.9674954911374312,2.195706090531258,8059.766346108746,8000,1080p
2.0778656744235575,1.4983737933556869,9382.602116640826,8000,1080p
0.9268207666035208,0.6943304363949011,20697.90401903225,15000,1440p
1.4478059732072859,1.1556046837264395,12888.643560950972,8000,1080p
1.6844985116525115,1.9222172668819226,9303.320267069847,8000,1080p
2.3574875152197454,1.6213962842969636,8433.126899578132,8000,1080p
1.3652409439122484,1.6115484981159232,11272.020629426315,8000,1080p
1.6656264597679435,1.2371745582955735,11559.329003675368,8000,1080p
1.1591215739030554,0.8537311959919098,16670.087599974308,15000,1440p
2.592987254034111,2.232586206937457,6953.4599921403415,4000,720p
0.6939117777100667,1.0078263857551002,19717.74079020167,15000,1440p
1.3752514437100523,1.66342446781713,11042.451704938869,8000,1080p
1.3289369238621869,0.9149256478935368,14953.871249675123,8000,1080p
0.9387071650123828,0.9746921419233094,17536.554904337976,15000,1440p
0.9472151870636443,0.8382878026498835,18792.705581178325,15000,1440p
0.9205097709673559,1.1918470451124068,15884.83145677647,15000,1440p
1.2473298056571949,0.9022199493566214,15609.981542290157,15000,1440p
0.6632275959281411,0.9393102409206824,20938.30874282526,15000,1440p
1.6606898168388728,1.5037662343441538,10603.538635796736,8000,1080p
0.9996459393013895,0.8889739941901356,17766.640817968775,15000,1440p
1.498534395935401,1.0359126159735503,13239.350375972834,8000,1080p
1.0175944290727286,1.2196742542053813,14997.944704091191,8000,1080p
1.5805761702722205,1.990676239678618,9395.704405128257,8000,1080p
0.8920097110358398,0.8495824640965655,19266.526618063734,15000,1440p
1.5476985234472604,1.8699005833710312,9818.12990676909,8000,1080p
1.5817039378257989,1.9333324728528756,9545.969964368418,8000,1080p
0.6970502650238968,0.994660832006391,19834.61127547315,15000,1440p
1.2440957922763745,1.6027717919969744,11786.439308017421,8000,1080p
1.3785629665822576,1.14142732514814,13315.302090691483,8000,1080p
1.1525266683142472,1.145685727123084,14600.231060721811,8000,1080p
0.842599806567772,0.6895020070947593,21900.915266060034,15000,1440p
0.757867235777735,0.8308254923957035,21120.78151108453,15000,1440p
0.9866290114703191,1.1652075708179885,15593.392303200608,15000,1440p
0.7990562204594335,1.051134240998075,18135.663705436637,15000,1440p
0.9366440305815992,1.0971250201766574,16498.64422289728,15000,1440p
1.3313227473403528,1.405329412593391,12261.124190811439,8000,1080p
0.7351812261994172,0.9641984579245423,19745.106001604057,15000,1440p
1.1779823516385493,0.9737450012072311,15594.183880045202,15000,1440p
2.0108705759573917,1.5245266746856334,9490.993407854534,8000,1080p
0.892293960873843,1.31657414721428,15190.781141316265,15000,1440p
0.8669594918697664,0.7910535273284393,20237.737346734768,15000,1440p
1.007094568279133,1.268042467462347,14748.312507279115,8000,1080p
2.8263418326632546,1.9733938591497773,6990.891614559987,4000,720p
1.4600443632867632,1.6255634216755204,10874.496805306106,8000,1080p
2.2777966843268116,1.7893192383087806,8250.178415926708,8000,1080p
0.9223252873625282,1.0290881714733047,17194.937263586253,15000,1440p
0.8763649288611473,0.9698135358934974,18175.074967337652,15000,1440p
1.1096173896029204,1.332080592883295,13742.253235526614,8000,1080p
1.249340443652061,1.342153303870365,12947.911617413474,8000,1080p
0.682189581887892,0.4788849435406739,28899.464474612145,15000,1440p
0.892886915445496,0.661311321235495,21589.54450473184,15000,1440p
1.4169206528131608,1.6752707048954745,10851.343955913642,8000,1080p
1.2865381011167782,0.9081315412253588,15289.058249418775,15000,1440p
0.9465510323126882,0.803781687474588,19170.31637509352,15000,1440p
1.114134653977917,1.220955091431363,14369.654128269398,8000,1080p
1.5409275820956279,1.901518480990448,9747.264411724494,8000,1080p
1.1338941939327252,1.2770068176826146,13917.797470049602,8000,1080p
0.9526790945331298,0.9852929803562016,17314.19788487723,15000,1440p
1.5860113889305685,1.7210496212572466,10146.299659011846,8000,1080p
1.6841493145623865,1.6812277638770712,9970.482123673153,8000,1080p
1.7734015597529715,1.865806337867104,9220.256974586011,8000,1080p
1.6950421243801306,1.2510221705170652,11389.578991238852,8000,1080p
0.752343668896849,0.73584514164695,22547.16052309174,15000,1440p
1.286987597845151,1.1832239620335372,13583.626821683181,8000,1080p
1.329054538993489,1.7305654339007772,10966.862648716135,8000,1080p
1.0790628739233585,1.4642414077337103,13193.243231650555,8000,1080p
1.3457690560221724,1.1543706168935852,13421.02297863525,8000,1080p
0.9553756746720699,1.3367557806187382,14638.964934819967,8000,1080p
0.7852193721895945,0.7535797968701655,21805.595346469087,15000,1440p
1.5488783752963984,2.0727629106309964,9264.979425318128,8000,1080p
0.9171276377706628,0.7299363854390362,20372.269400075384,15000,1440p
2.1524120024708813,2.323804897590037,7496.158642255104,4000,720p
1.121084003031461,1.1995002889025859,14459.475622854749,8000,1080p
1.2412122470225384,0.8915644489377152,15732.745047128608,15000,1440p
1.4617721851970307,1.1578225273171585,12809.016539736296,8000,1080p
1.2040855893053106,1.164140407696445,14168.593724788474,8000,1080p
1.5972789048465064,2.003602499961132,9318.394089624982,8000,1080p
0.9547114306766246,1.3335204349389427,14663.912562450647,8000,1080p
1.2913632506029908,1.0043881159313104,14615.882403090647,8000,1080p
2.229900905938156,1.6092966744437427,8739.959665389824,8000,1080p
1.7087289066048814,1.4424701958114683,10648.147232039497,8000,1080p
1.221176389855614,1.5804724617703954,11976.672944050722,8000,1080p
1.2900946782481177,1.2761667320722332,13075.219798364711,8000,1080p
0.9552120387922607,1.279162383202906,15017.372052638268,15000,1440p
0.703060474216735,1.003728326668323,19659.39311448511,15000,1440p
0.9970692285409188,0.770195181118718,18986.6506769422,15000,1440p
0.6147291389938027,0.8265115568355538,23281.629568953595,15000,1440p
1.1515271093211072,1.508758495392741,12613.093849977533,8000,1080p
1.367006310173299,1.020918933246905,14051.709571921223,8000,1080p
1.2124350434395392,1.0226008683028756,15012.92745396706,15000,1440p
1.2668814119705383,0.88655073863917,15581.838503943402,15000,1440p
1.5079697810072346,1.242396894413305,12199.984932870604,8000,1080p
0.8410097225617452,1.045171605370793,17789.610947309793,15000,1440p
1.2478973376957274,1.016676666331426,14817.105530810317,8000,1080p
1.61084942191364,1.5120753812591508,10744.55330013383,8000,1080p
1.0044304177309602,1.2249180655591734,15051.227859396593,15000,1440p
1.9057489321237593,2.17601417206214,8220.573106163243,8000,1080p
1.1982730279118043,1.4277211367926284,12777.801432691569,8000,1080p
1.609583541925833,1.5571317224514882,10595.973808399185,8000,1080p
1.558299369453695,1.042853505176745,12899.830812430531,8000,1080p
1.448451849828589,1.3947347309134177,11801.698920245697,8000,1080p
1.0053071547287846,1.0643605553532742,16212.473063451149,15000,1440p
1.5685615330279208,1.250864209530938,11901.158272587316,8000,1080p
1.3068939049858663,0.9249473007002234,15034.417284936291,15000,1440p
0.8869143953720141,0.8388151043178064,19443.62196162899,15000,1440p
1.175888714409257,1.0986965040247758,14751.89046691378,8000,1080p
1.4381686382517413,0.9875833030998473,13832.58998086343,8000,1080p
1.3877427376236555,1.3865706218202594,12094.67989107246,8000,1080p
1.6545577134371068,1.2305761190182696,11630.112829616537,8000,1080p
1.0345106310185772,1.410056861988129,13726.122144710998,8000,1080p
1.0047931816997044,1.3457272195093468,14275.320470624465,8000,1080p
1.1836292743687131,1.1032033486991868,14672.884959540703,8000,1080p
1.8241383553907755,2.1803376593372295,8379.231608977214,8000,1080p
1.367251546068279,0.9896520970864628,14236.65837907867,8000,1080p
1.1727209688838764,1.34289137217464,13338.474872436429,8000,1080p
0.9224893567669458,0.9683999789715815,17745.317700940228,15000,1440p
1.1207333965669828,0.9307505235982734,16356.17597104882,15000,1440p
0.6547868827481219,0.7869659727087998,23273.359142656875,15000,1440p
1.8334384273416109,1.7667418108326982,9320.208928488486,8000,1080p
1.1670028519493554,0.8008316680287217,17051.45003776731,15000,1440p
1.8454171325506452,1.8561087958604678,9065.026869716756,8000,1080p
1.3980143473349456,1.7457117079197775,10673.459267837261,8000,1080p
1.369875884018431,0.9639562817145377,14377.397180770202,8000,1080p
0.7725093443490988,1.087023983441536,18044.544563160365,15000,1440p
2.1298028206916904,2.286639605476627,7597.615628629773,4000,720p
1.2722456866169856,1.0374989080650197,14527.334354307523,8000,1080p
1.2627933270254341,0.8585792948455819,15817.321131638597,15000,1440p
1.0508675698510779,1.334520830822769,14066.653460091124,8000,1080p
1.4912076003296324,0.9986015413937448,13476.708490504838,8000,1080p
0.8437264155399291,0.6184473375077475,22948.320560440196,15000,1440p
0.7599770207248657,0.7872680832848233,21686.56531085063,15000,1440p
0.8284314448880983,0.9985493579553608,18366.056144529197,15000,1440p
1.2774509529869953,1.4233100897634203,12424.065464832334,8000,1080p
0.6464588286146431,0.8872980833483011,21877.281685437436,15000,1440p
1.2891082767180653,1.66284023535461,11366.875764523467,8000,1080p
0.9415571422288094,0.9287671139092224,17940.435670382307,15000,1440p
0.9772674070426492,0.9694480858575176,17236.433429731158,15000,1440p
1.449672045992148,0.996885724301571,13714.955930090977,8000,1080p
1.0516914259614163,0.830593718167898,17826.434057907427,15000,1440p
1.456216091949404,1.0293905644953973,13499.493941649393,8000,1080p
1.5527511791493165,1.4403161733386458,11210.71731717235,8000,1080p
0.8924572401814878,0.9304975994052646,18406.61725202501,15000,1440p
1.013283842153615,1.2720196671396884,14682.702697278148,8000,1080p
0.8375598525397377,1.06958345354154,17594.080053137863,15000,1440p
0.7940831171804537,1.0674576380309888,18025.085889773458,15000,1440p
1.2696786335069317,1.1293223487066366,13986.835457249035,8000,1080p
1.140343984608593,1.2432946888995517,14076.979188551224,8000,1080p
1.2800992011499346,1.7484843746231935,11079.249147494409,8000,1080p
2.886524203699391,2.2105262619944805,6583.107667040171,4000,720p
1.0333143164139331,0.7748116439584278,18557.5743810956,15000,1440p
1.3458526397370945,1.2932137252101625,12714.508602617352,8000,1080p
1.395045017291183,1.1673340437254043,13095.030516947698,8000,1080p
0.8508547418714384,1.1178500934528355,17043.91201663966,15000,1440p
1.6483477523788643,1.2442406778317854,11600.140431162697,8000,1080p
0.9171803357498184,0.6231310439369299,21784.187562662773,15000,1440p
1.2799629033927922,1.9090877031930094,10521.76216040779,8000,1080p
1.3176879388167502,1.5057456108254292,11884.264818009418,8000,1080p
1.909836211887194,1.714964304882171,9256.90444060786,8000,1080p
1.8704727054416737,1.5130488849938828,9917.014300972905,8000,1080p
1.8943394655643482,1.4294491722525617,10095.23638724477,8000,1080p
0.9413683856123389,1.3336333727338732,14749.18947948068,8000,1080p
1.3399791248225918,1.598662145382582,11418.349133052654,8000,1080p
0.8705520398946298,1.2964437864959857,15484.308548895004,15000,1440p
1.1592237228282165,1.52717508447926,12490.487975473356,8000,1080p
1.6096017336611603,1.8114064613116159,9808.345986808436,8000,1080p
0.9185216595735524,1.0160819410382305,17344.344851518432,15000,1440p
0.6233416081236146,0.7754168326314922,23988.725302623337,15000,1440p
1.387993032857296,1.9124808770520338,10166.549688290614,8000,1080p
0.9174757724953319,0.7018220999197892,20721.59333474257,15000,1440p
1.235921379334637,0.9670405888149431,15231.50761798429,15000,1440p
1.0575501541241286,1.570981741263087,12765.465033498105,8000,1080p
1.1756445053597924,1.1611501494797714,14359.170126698073,8000,1080p
1.1917578818622077,1.1195294930064725,14517.637384622694,8000,1080p
0.8308921950919834,0.9562537146840493,18775.42948029637,15000,1440p
1.3036521269433554,1.1654910813571564,13589.504200161482,8000,1080p
1.3959691149143776,1.3742091562667795,12112.733808172192,8000,1080p
1.2882098309364298,1.1178820085928785,13945.615644731202,8000,1080p
2.2083732451126052,2.4994211762895255,7127.420825229327,4000,720p
1.0035011529302549,1.166926115906177,15459.827878954251,15000,1440p
1.4832231242283274,1.4310752396946769,11513.72571023634,8000,1080p
0.8929766585842577,1.1524034461791417,16404.986008153937,15000,1440p
1.1080181908828455,1.5225009845683535,12755.821099173165,8000,1080p
1.5058400009662534,1.0300796205905463,13231.662279343442,8000,1080p
0.9698780702941684,1.0852605239287048,16327.089615427238,15000,1440p
1.5578767813349919,1.3974426191499736,11353.910509467689,8000,1080p
1.1140618312816386,1.1318606372940216,14940.155980219504,8000,1080p
1.1030356833119064,1.2621009698591128,14187.100755896041,8000,1080p
0.9387748701596169,1.0312496510436757,17032.49459022212,15000,1440p
2.225668766399273,1.637383660872703,8685.989287413213,8000,1080p
0.6990489715069438,0.86829059734141,21408.527333138823,15000,1440p
1.5541450483654768,1.2460559933972488,11982.865337010766,8000,1080p
0.7348856162441664,1.0234385999750348,19083.18823712142,15000,1440p
0.9584471798550029,0.9279137795010197,17787.916906133923,15000,1440p
1.2737644413790894,1.0233459059157577,14607.235581657977,8000,1080p
2.1250986940851155,1.4941143779753565,9271.195514581008,8000,1080p
0.8860406418601696,0.8162854661181413,19710.9307333889,15000,1440p
0.7479133419134779,0.7674880451451572,22142.273516806334,15000,1440p
1.5939811754513196,2.014049999503926,9299.928513066747,8000,1080p
0.8295159213949087,0.8978467606285331,19425.238456983545,15000,1440p
0.9798598950308547,0.9571695838254409,17322.62330866124,15000,1440p
0.6772915169411419,0.6943237260444229,24463.4434996237,15000,1440p
1.0192092348156134,1.0849333151190368,15946.843525901855,15000,1440p
0.8280656015887262,1.08973609561955,17496.299043245624,15000,1440p
1.1457136298447819,1.4504095934689216,12924.822557987432,8000,1080p
1.571095882101695,1.0752294740971835,12679.632125127964,8000,1080p
1.7473999209999895,2.322853931846563,8243.81800573287,8000,1080p
0.9491404234840446,1.0364167323597846,16899.2526360894,15000,1440p
1.1794495707620536,1.2585610781714767,13763.037505466953,8000,1080p
1.389383196619435,1.144349825525382,13243.081140252109,8000,1080p
1.5399189114994147,1.2293921558138745,12116.526884989342,8000,1080p
1.3746683203257024,1.791140478191623,10599.007752999763,8000,1080p
1.5237499271233275,1.1057086243188414,12760.966314375457,8000,1080p
0.8027706676374669,1.2018877145626612,16738.229464899527,15000,1440p
1.1639192318677292,1.621978190430785,12044.38890370766,8000,1080p
0.8376946307192459,1.2424917499230739,16130.493071317516,15000,1440p
1.1507649001829352,1.6872344813507263,11823.269666065644,8000,1080p
1.0319990937571428,0.8707250395397761,17634.94319161182,15000,1440p
1.0452265709338253,0.8305657360702161,17888.138188172932,15000,1440p
0.9996038839791301,0.7519869664435928,19156.546742580947,15000,1440p
1.5674658466715035,1.8931358114735648,9696.126660814714,8000,1080p
1.1393570319264543,0.9537569422468297,16030.86712621704,15000,1440p
0.5981899986710506,0.633709101115191,27237.971036607094,15000,1440p
1.103224346352184,1.0157342436721744,15835.341076492805,15000,1440p
0.7797635597418081,1.0382173126658838,18456.977468393983,15000,1440p
2.493318115116119,1.8756480215691633,7680.176716924068,4000,720p
0.7707523245423674,0.6799033682482704,23130.527916966344,15000,1440p
1.3805354334825788,1.9464195307286691,10085.62855853237,8000,1080p
1.3953120054233732,0.9526068259868794,14291.13798616534,8000,1080p
1.218748164355391,1.028264923895452,14932.904563595574,8000,1080p
1.1861124495537076,0.9192006265345181,15937.977292358708,15000,1440p
1.61079847555287,1.577354626569751,10524.724166370805,8000,1080p
0.892007404451598,1.2470525548258191,15686.531765727043,15000,1440p
1.483717381693314,1.9891946214722875,9661.757041184668,8000,1080p
1.6765678264862038,1.2116767836570572,11617.586641436043,8000,1080p
1.325711225354994,1.1355409152150024,13633.073770422074,8000,1080p
0.8284132831532872,0.7278649892900829,21560.68910948635,15000,1440p
1.2030807817579299,1.4655121663891166,12573.82922461019,8000,1080p
1.0122400739857524,1.4739950465143736,13496.081574638145,8000,1080p
0.9150833996745519,0.7974785307727127,19593.120344113155,15000,1440p
0.9295644403573332,1.37053260655092,14588.267936391305,8000,1080p
0.9620820429686088,0.8532756006951923,18483.648176499035,15000,1440p
1.404741820397892,0.9392211641896167,14315.25677693452,8000,1080p
1.1969867921446795,1.2654324606836682,13626.612105740807,8000,1080p
0.8495748188464599,0.8504139111270993,19738.03202831932,15000,1440p
1.4785027151268628,1.265972540551894,12226.173994671854,8000,1080p
1.598981566857556,2.1813136586100637,8876.140618316218,8000,1080p
1.9951717492828291,1.3651466591433743,9985.491825971078,8000,1080p
1.3339943886487853,1.1142428752689448,13705.547454295898,8000,1080p
1.8544322049966069,1.2464891627116779,10820.79421601012,8000,1080p
2.1030023703736354,1.9947496836896046,8188.497390106405,8000,1080p
1.1968134670466066,1.0768170990130776,14758.084493098415,8000,1080p
1.1961609900361379,0.9554114023892382,15595.307003440175,15000,1440p
1.0995423361657242,1.4313961935305244,13257.703261575083,8000,1080p
1.1846048023201936,1.53561789754335,12335.17829319019,8000,1080p
0.9332435675595516,1.3721560145071023,14554.714185347619,8000,1080p
0.8762392114170577,1.1607727822665557,16472.378220671213,15000,1440p
1.7608078131709264,1.1752359066110265,11428.451073096398,8000,1080p
1.159211323562412,1.0890551184335635,14924.579833256286,8000,1080p
1.5629937874389372,1.164063991898606,12304.26148438668,8000,1080p
1.5506806769457444,1.4757001118146007,11087.313309884063,8000,1080p
1.046280427467394,1.010628093365267,16313.040497501934,15000,1440p
0.7981366236363697,1.168850350676252,17058.79725600412,15000,1440p
1.6076232371516634,1.3253399021200973,11440.454723318271,8000,1080p
1.2573623608199704,1.472509745438363,12291.576562533906,8000,1080p
2.7126679331043126,2.0269404157147957,7079.579056012131,4000,720p
0.9872344224739208,1.375508746473355,14201.472441437736,8000,1080p
1.2903983556148526,1.0558552998137596,14301.28064898861,8000,1080p
1.1953203011620945,1.0010458952042391,15277.24841855262,15000,1440p
1.0315582983093643,1.0428357267178736,16175.534442912509,15000,1440p
0.8898149445750294,0.6819529413946419,21348.210699252995,15000,1440p
0.9202723378689844,0.9204744720646817,18228.705772527825,15000,1440p
1.2047744701971046,1.2470803866502937,13685.325583727406,8000,1080p
1.0710318527637819,1.4864817100114278,13119.942935352183,8000,1080p
0.9606606548716242,1.4177371268961672,14107.998358062712,8000,1080p
1.2869904727994954,1.007581715801321,14623.393487768548,8000,1080p
1.1291125965185835,1.205355996384902,14373.477588005077,8000,1080p
1.509738174817761,1.0965711389611223,12874.30920904376,8000,1080p
1.6621472236622767,1.6419182740712346,10155.498437611881,8000,1080p
1.5323924862026015,2.1232610560673058,9178.777915361483,8000,1080p
1.400522897109006,1.2176246577218743,12816.096609256025,8000,1080p
2.619984224753936,1.834206726247861,7533.2271043416395,4000,720p
0.8833091648379826,0.691479178457051,21307.26465106533,15000,1440p
0.8752559714891777,0.8374582850062886,19591.37776353812,15000,1440p
1.089948913452101,0.8628212819538148,17182.990645258775,15000,1440p
1.711392017725968,1.3457159946243566,10975.873886184065,8000,1080p
0.8308708516558047,1.1217409529084637,17184.38448521404,15000,1440p
1.829695313668422,1.290093641456012,10755.353160951769,8000,1080p
1.1181593720820047,1.4121243742599097,13261.134071825092,8000,1080p
0.795121213611346,1.0379372963042606,18305.16146565602,15000,1440p
1.290665994986209,1.0453390016739001,14364.024070142947,8000,1080p
1.137594085227932,1.183964688004573,14453.406214342482,8000,1080p
1.4124960473458945,1.1989673413794841,12848.90002473957,8000,1080p
1.1293366614590123,1.3672408674390262,13440.172240439317,8000,1080p
1.3561407180185627,1.0835406926808009,13753.612194135309,8000,1080p
2.3718264218036476,1.7088992549953756,8222.662991235557,8000,1080p
0.8673719657431107,1.2272938757620064,16018.990397002677,15000,1440p
0.9437623406037295,0.9383646066966606,17827.932408134566,15000,1440p
0.9024045935010536,1.1817148139359508,16100.052559495312,15000,1440p
1.1239781080629458,1.0765484411700723,15248.364993230924,15000,1440p
0.8920152586987277,1.111346485816437,16749.0629647221,15000,1440p
1.133767127927925,0.9552201088740588,16062.535667459726,15000,1440p
0.781386956709713,1.1447742559352934,17420.365325456336,15000,1440p
1.0989483927739834,1.4671686039801022,13075.95563352857,8000,1080p
1.3045755795566623,1.3986702425365178,12412.645467077093,8000,1080p
1.0488125863995443,1.1495016366809918,15263.710550432406,15000,1440p
1.5212175595207242,1.3347238350991864,11748.99179066161,8000,1080p
0.7704396771365115,1.0464363811027537,18468.200870299104,15000,1440p
0.7778328752274231,0.8974540427217206,20029.065851643336,15000,1440p
1.2837287413598129,0.9037329316628508,15339.437675099487,15000,1440p
0.9825796001777606,1.0602421644152735,16425.530891425875,15000,1440p
1.322846827684493,1.2828345216813692,12877.411893885665,8000,1080p
1.3384294114927027,1.001133944350184,14342.177105911785,8000,1080p
1.25987561013003,1.4447231523109114,12406.436202653817,8000,1080p
1.9765715982149485,2.277461260612686,7887.675792247463,4000,720p
1.6085936650531907,1.8825267667170658,9611.36479127001,8000,1080p
1.4243949889908436,1.522384515117056,11386.814640601411,8000,1080p
1.144520824584882,1.416388764655957,13102.544557204357,8000,1080p
1.1136232168492872,1.1992078707515847,14507.947502040204,8000,1080p
1.0368958832891588,0.8628993700195189,17662.130664639626,15000,1440p
1.025307903108055,0.7262652010070443,19156.740829810704,15000,1440p
1.1378390024753349,0.8749245903608946,16670.82618118987,15000,1440p
2.2526727012242933,2.3936610490107624,7221.700765319,4000,720p
1.8700346343548606,2.214107137972583,8215.785315620476,8000,1080p
1.1446058419701755,0.9793757014713986,15797.892455143645,15000,1440p
0.6989093397932048,1.003067188763986,19714.97928261382,15000,1440p
1.020003749458522,1.0138251191613294,16498.1589738029,15000,1440p
2.2613275091280145,1.6588665228595856,8559.380409797566,8000,1080p
0.9220232565870514,0.9239076259451089,18177.512667197825,15000,1440p
1.283141297820395,0.9150652580696383,15264.458160263343,15000,1440p
1.2796101787072296,1.093067145964879,14142.012338166143,8000,1080p
1.1864304197264641,1.3159610354445481,13408.946042659383,8000,1080p
2.2747060477790138,1.5491140295120664,8775.10743752647,8000,1080p
0.8411308463586366,0.8614892350183886,19707.527455486274,15000,1440p
1.0969174650911764,1.6030632797406412,12427.6560357804,8000,1080p
1.1441437911487449,0.8648102021977899,16702.439235108966,15000,1440p
1.3741417414444006,1.4235130891282501,11993.771223425641,8000,1080p
1.0104549592078231,1.0412501065571074,16354.41300014045,15000,1440p
1.6152721544150612,1.3374650565993234,11363.83958411006,8000,1080p
0.6740863681416452,0.8463876662453219,22068.40185437869,15000,1440p
1.8856364876369096,2.251149454700535,8111.232359545404,8000,1080p
1.153045684935937,1.4628372228380861,12827.191882435225,8000,1080p
1.6741566530754117,1.122727663982807,11997.075386833578,8000,1080p
0.7948683077877898,0.6528691223652987,23177.153053542203,15000,1440p
1.3431462718718092,1.2480898306271337,12949.1990203597,8000,1080p
1.631930018415948,1.4318651105738938,10951.91766659123,8000,1080p
1.069065380464601,0.7347825995710557,18601.58526182274,15000,1440p
1.2435735000330927,1.5771981007754317,11895.479942573944,8000,1080p
0.824133166814328,1.2048442119297298,16537.60773852012,15000,1440p
0.7300146471813728,1.060757746492106,18737.407455320736,15000,1440p
1.3171209598042528,1.7509846128666406,10936.531095567774,8000,1080p
1.498856779338212,1.3445127960154013,11800.939382221191,8000,1080p
0.9085915429627933,0.9131172820451607,18419.2070320862,15000,1440p
1.1392826909186902,0.8386410713591093,16964.47185677083,15000,1440p
0.9960142673551347,0.919067631935846,17521.1472743922,15000,1440p
0.9659117900617746,1.1237082487896533,16057.671431234645,15000,1440p
0.9204717982495099,1.3754868288513864,14614.56299949496,8000,1080p
0.977543548773323,0.7642481257532024,19264.319890104634,15000,1440p
0.9903460832973712,0.8385396053666023,18346.92687901778,15000,1440p
0.7655638524992794,1.1078272589121645,17911.066085244493,15000,1440p
1.2933262809451684,0.9067529924149071,15251.46498414756,15000,1440p
1.6062377992359762,1.7957664818061176,9863.136324367495,8000,1080p
1.750522248785895,2.3679825912708408,8147.236267309512,8000,1080p
1.124252520902413,1.6436114058575342,12122.861848659848,8000,1080p
1.036411836948136,0.8210111531176745,18065.046130828352,15000,1440p
0.9697748677487997,1.223650453923744,15297.731665837557,15000,1440p
1.0621398910488695,1.5202347013610522,12993.634656498985,8000,1080p
0.7588245793922171,1.059789577623739,18450.55031082418,15000,1440p
1.4794271263613716,1.8955615389269613,9942.087315760917,8000,1080p
1.517038100647969,1.5842473744855403,10819.523797162045,8000,1080p
1.0483971492589153,1.0939153633715752,15662.715781274776,15000,1440p
1.0151358253398017,0.9533358167864416,17045.93110813433,15000,1440p
1.9064128974591967,1.427098029449632,10065.793313932554,8000,1080p
1.4141808755588674,1.0745792548193098,13482.388917449136,8000,1080p
0.875521758632385,0.7761326197856512,20315.649834766657,15000,1440p
0.7842197083614005,0.8822467334810854,20135.07812548652,15000,1440p
1.3200834029238584,0.9644655154670587,14687.55242222324,8000,1080p
1.24534614054098,1.4414362243825327,12488.704867971406,8000,1080p
1.0293702465170753,0.9060701854000688,17336.845632992572,15000,1440p
1.1667491622428814,1.6247925116991955,12020.03620910165,8000,1080p
1.512006133460138,1.1282217520130158,12708.915084421484,8000,1080p
1.6683920822687297,1.729590443833451,9874.810050447853,8000,1080p
0.9555836947882371,0.8057135719107401,19050.976024557007,15000,1440p
1.4050202619537404,1.0605006783298907,13609.46948442463,8000,1080p
1.0924204523334469,1.1061864731912863,15261.678479427008,15000,1440p
1.185808907026364,1.6668186613298355,11762.6403012488,8000,1080p
1.2520236399813247,1.3932094161082271,12684.867944907477,8000,1080p
1.1120500843370642,1.6410723863599375,12187.773103862359,8000,1080p
1.2227200944131897,1.4202580479988722,12695.690312965362,8000,1080p
1.0669272333578155,1.5329953737798099,12905.934933556202,8000,1080p
1.0211310808972944,0.975317998159867,16807.05626403772,15000,1440p
1.6146362831143393,1.5130848629175218,10728.07658782833,8000,1080p
1.253889462062396,0.9539634261489627,15197.766200438904,15000,1440p
1.8579910934387973,2.655527793507896,7434.20662247387,4000,720p
1.2985882227288879,1.3393212188201056,12720.084879144551,8000,1080p
1.2627576374636371,0.9293189771770214,15307.143817827047,15000,1440p
1.2714481047190878,1.5184160208069735,12027.263870305127,8000,1080p
1.6060164817900173,2.135813581434089,8967.385325641484,8000,1080p
0.9305523205864911,0.8854379188418516,18477.2094428011,15000,1440p
1.299772441423405,1.912454195250734,10445.848252706552,8000,1080p
0.7963346356930933,1.038903212874549,18283.424149185023,15000,1440p
1.735556341298128,1.5790077540159,10123.33176704522,8000,1080p
1.113905607336798,1.2566863135930806,14154.453030801722,8000,1080p
1.2060424362752258,1.1686426237432608,14130.055629245751,8000,1080p
0.9752764282215436,0.8117975095213703,18776.1856358218,15000,1440p
1.3930808408348012,1.7131415868553543,10802.327515532008,8000,1080p
1.0523239209585318,1.1154622602846083,15478.663112778888,15000,1440p
1.0235436734700283,1.3861820203831545,13924.58572591556,8000,1080p
1.1017324841195686,0.7426500576564843,18192.772507859827,15000,1440p
1.1313217709644894,0.8434987224087165,16991.130136939897,15000,1440p
1.4886735135809335,1.2586641305086632,12213.435822927091,8000,1080p
1.4966625793655066,1.3984851010007155,11589.886149004851,8000,1080p
1.1792982436430623,1.645000944296462,11880.622330412429,8000,1080p
2.0030501203358537,1.6742052380777284,9124.857734785064,8000,1080p
1.0209958099845773,1.127135587587829,15620.288422728569,15000,1440p
0.9403260590854724,1.2930767683450428,15023.905042066996,15000,1440p
1.2420075064750318,1.044259353480553,14676.515934212448,8000,1080p
0.9720298283860093,1.0686808880196188,16442.522563462862,15000,1440p
0.8309399053420975,1.1628946677834469,16829.09527815034,15000,1440p
2.349693793798626,2.7739967435263617,6548.879514787856,4000,720p
1.647142720757971,1.427128049850362,10914.598779261169,8000,1080p
0.8110794642428344,1.1127156290776101,17441.791028838474,15000,1440p
1.348898881799889,1.3144963657722368,12598.367452441484,8000,1080p
0.9710283795338597,1.103064835183422,16177.880416321492,15000,1440p
1.7299277618799547,1.5515017522157355,10225.553179144568,8000,1080p
1.1602056023847216,1.1528647754394323,14506.446635473234,8000,1080p
0.7574443137029725,0.8145827593785757,21344.690924581413,15000,1440p
1.264061683253601,0.8766460937514793,15674.456999891756,15000,1440p
0.795617062710106,0.9058559658248733,19720.81334071537,15000,1440p
1.3243061832293728,1.5244381936261562,11778.674237187157,8000,1080p
1.2163821299548183,1.38911044003402,12878.344918920167,8000,1080p
1.0617607199885448,1.1798532775246535,14968.87155291884,8000,1080p
0.9838751054358793,0.9248694381869013,17579.32045548326,15000,1440p
1.4338824189728716,1.9316216278109866,9970.105973298494,8000,1080p
1.6596015489220541,1.938062830270541,9326.72658240857,8000,1080p
1.004343416575596,0.9899986309327542,16824.812996306995,15000,1440p
0.939892991843848,0.8418832734117169,18832.011995168876,15000,1440p
0.9261433602819497,1.2548484062309906,15384.942077818207,15000,1440p
1.2143343275345642,1.4555348236719972,12567.81890784279,8000,1080p
1.1423003917589118,1.165008596105489,14542.66948054379,8000,1080p
1.2446007264880719,1.8373027992004267,10887.567284411969,8000,1080p
1.8464363296410082,1.3368372290383996,10540.857196677804,8000,1080p
1.1750625385007079,1.3171114857889135,13463.920124745093,8000,1080p
1.0385471354654614,0.7117115716859004,19171.127024193815,15000,1440p
1.4413644241110735,1.1261590203416887,13068.79283711925,8000,1080p
2.0263489434175828,1.3608054038181492,9906.378204283452,8000,1080p
1.386875295272188,1.7778569529764043,10602.61322851862,8000,1080p
1.1252989017279436,0.7880520800391109,17536.997822015474,15000,1440p
1.239405296070342,1.6949122937714303,11435.173928057788,8000,1080p
1.3930424751611497,1.1683547921252784,13100.04989407517,8000,1080p
0.916919681935966,0.6608134223995101,21267.49569226587,15000,1440p
1.007063290742715,1.2289187651369076,15006.574812068373,15000,1440p
0.8580815992214457,1.0977141020078331,17156.409526265954,15000,1440p
1.1123337742431822,1.4148268441599903,13277.52251109465,8000,1080p
0.684567345199247,0.6802490385120853,24585.308617673352,15000,1440p
1.2151684686643174,1.2758693999865893,13470.060982321545,8000,1080p
1.5856461744729753,1.4785683772698595,10950.418592887117,8000,1080p
1.259609002882996,1.7292590776973065,11226.468045884867,8000,1080p
1.6090512175181115,2.0072351454737736,9278.698817490547,8000,1080p
1.8751493917669833,1.416002097506099,10195.347163254153,8000,1080p
1.0789173813950503,1.1066294472057265,15352.87716597777,15000,1440p
1.1150185859895758,0.8239361080162733,17305.423434457403,15000,1440p
1.472665282595099,1.0208621818567676,13456.612160225803,8000,1080p
1.1588240511685395,1.7114172184219012,11690.456950606085,8000,1080p
1.0198739163165191,0.7001712744970785,19507.878152973663,15000,1440p
1.1347981682399033,1.1634521239547548,14599.9903117419,8000,1080p
1.2215540860396414,1.2875497964959752,13373.074041912929,8000,1080p
1.6068947932398554,1.9201935562988586,9513.351715271996,8000,1080p
1.091048699403026,0.8381352465054697,17393.07030372289,15000,1440p
1.015856136080387,1.359625535184638,14125.317153944245,8000,1080p
1.3251834911380203,1.7779563245847927,10813.058383637213,8000,1080p
1.7353537132775343,2.026816489427968,8918.903237251172,8000,1080p
1.2409768162705215,1.5731618943468664,11923.517441909808,8000,1080p
0.8738689302289778,0.9443461485267156,18454.60000417727,15000,1440p
1.0290824885967131,0.7838391389624584,18508.48458638338,15000,1440p
1.0427268384876216,1.2768327157481112,14465.863546692071,8000,1080p
1.2040370985491742,1.0558176475382157,14848.048113753604,8000,1080p
1.091270304627226,0.8138244775029699,17612.998741448893,15000,1440p
1.099360709186779,1.2145768407725765,14501.01019389628,8000,1080p
1.5045455686279015,1.571497252732641,10908.311082990314,8000,1080p
0.935330508075209,1.2716947819454982,15203.465112846612,15000,1440p
0.8434366521194593,1.086617858001088,17385.22504108149,15000,1440p
1.0282373688297588,0.9408117697207681,17040.931758920135,15000,1440p
1.8541887204314633,1.4333127694159502,10206.66670528487,8000,1080p
1.133630650642612,0.8882470301850818,16595.6785210982,15000,1440p
1.5126153120319783,1.0303405753240344,13195.050754453921,8000,1080p
1.3492349458412247,1.74921012482987,10829.44226367467,8000,1080p
1.1835737287556383,1.4020048599315882,12977.53320932185,8000,1080p
1.3456748265291756,0.9820811364113773,14414.926879883124,8000,1080p
1.75516662083999,1.3067969843415899,10958.468592904834,8000,1080p
1.5861362402584742,1.1129773218603134,12431.648846097449,8000,1080p
0.8078395933645413,0.8883305010320905,19782.46881657002,15000,1440p
1.1900077329261212,1.115038908849741,14556.942749821703,8000,1080p
0.7658132093890047,0.921756156965565,19883.29052955207,15000,1440p
0.8525052792260729,1.2619795469522899,15868.845018218915,15000,1440p
1.120565966996142,1.1375405899768534,14859.543229430194,8000,1080p
0.8848534231448321,0.6370545003831102,22047.609767493228,15000,1440p
1.6493596323854993,1.3220657903132256,11292.368889246765,8000,1080p
0.7459191633575709,1.0348157718172035,18843.024493539644,15000,1440p
0.9884387133973482,0.8544580490454008,18207.43987608063,15000,1440p
1.172500232870125,1.509813325147369,12509.511387922961,8000,1080p
1.0056554774338724,0.9268872868753635,17362.840615842015,15000,1440p
0.9295947924631619,1.2868891097331283,15138.585922844406,15000,1440p
1.3647486897627874,1.102897215492324,13597.749956159556,8000,1080p
1.2020862807815291,1.3245336912096155,13280.363636782651,8000,1080p
1.6818684796485628,1.2706258106135944,11364.774560502416,8000,1080p
1.3763528903720015,1.0202020083664272,14001.111352660188,8000,1080p
0.7082302006247531,0.8688138707588974,21276.787763172888,15000,1440p
0.8371681496728978,0.9919827596911297,18344.266636625653,15000,1440p
1.0260210729830384,0.851112240399122,17875.3590705514,15000,1440p
1.6946176563282203,1.8079315113637535,9580.00313300695,8000,1080p
1.4387702876636288,1.0601293237946416,13427.683067435753,8000,1080p
1.1094116222946258,0.7518831070563916,18027.46844488165,15000,1440p
1.3119451083563467,0.9918304016951089,14564.974692022206,8000,1080p
1.2059895312917217,1.577418992441604,12055.158886628027,8000,1080p
1.0247547768666,1.4356574654445735,13637.727622620201,8000,1080p
0.9086538910771768,1.1212383740996286,16530.154124744833,15000,1440p
0.9683190410825995,1.312478580482319,14711.709483885455,8000,1080p
1.1046196791690746,1.618744085426356,12320.951184053329,8000,1080p
1.2085318063562414,1.7009202712849765,11532.904170466216,8000,1080p
0.7284805118076949,1.0114150255076326,19285.314135453646,15000,1440p
1.7484540470772718,1.6518986702726883,9867.926885582152,8000,1080p
0.8092508360584342,1.161663488896996,17024.804972564598,15000,1440p
1.5354353971588415,1.6007138438539616,10699.245929113937,8000,1080p
1.1847779974501866,0.8678053792416212,16347.414863156688,15000,1440p
1.136276942816971,1.5800219336842038,12352.99704693063,8000,1080p
1.513172144073594,1.3662804405962605,11653.059396998962,8000,1080p
1.0727121991282376,1.4391707187034424,13358.278668881998,8000,1080p
0.6600758767389926,0.9325760042557626,21068.27763204739,15000,1440p
1.916989572955772,1.3095336131770023,10399.563264945093,8000,1080p
0.9872606660192392,1.1247841548574695,15887.177993728168,15000,1440p
1.4555232251510362,1.7325032723907705,10525.142129738519,8000,1080p
1.684428019767288,1.3732092509991725,10973.974029165625,8000,1080p
1.401587696323701,1.3292359570889678,12287.293600254097,8000,1080p
0.7927749907379492,0.6475164444803884,23296.973917583142,15000,1440p
1.6287053468230612,1.5528133680950498,10546.671261955364,8000,1080p
1.4231186234170652,1.47469423663917,11579.22668593197,8000,1080p
1.1829439890586404,0.9937314939505628,15415.449965748581,15000,1440p
1.4079839663318008,1.0835650987746253,13467.29730107351,8000,1080p
1.654836997597444,1.4565126671723483,10784.526207369458,8000,1080p
0.9420778081715623,0.9576367427653395,17662.880975171567,15000,1440p
0.862064848410264,1.0657548367689194,17405.378862951722,15000,1440p
1.1394276252114104,0.8876932730465932,16552.753231854516,15000,1440p
1.4806253708264765,1.3276208274394476,11948.53642843696,8000,1080p
1.121770004937378,1.6281511913122786,12201.96129465875,8000,1080p
1.0640295463194132,1.3546820144602518,13872.853854960622,8000,1080p
1.4901780199673795,1.165266567431376,12636.088193754988,8000,1080p
1.6010028125049947,1.1312326987134296,12280.944253241405,8000,1080p
0.9811938693268901,1.0923875079048733,16181.873722648517,15000,1440p
1.4580610608383078,1.2952692010375022,12186.85330438339,8000,1080p
0.7978445486450327,1.1082778291276385,17603.503526992212,15000,1440p
1.5294273163248693,1.44505311736681,11280.77079275153,8000,1080p
1.2303643163908713,1.7438560695102325,11281.757114926762,8000,1080p
1.2852266482128991,1.6245165016202305,11531.75049210935,8000,1080p
1.2332932313397946,1.4800998961934781,12366.225763424154,8000,1080p
1.0087634460802166,0.8210311576274132,18337.81339829628,15000,1440p
1.1240602533948771,1.2372691576653652,14209.975043225326,8000,1080p
1.5434596295151577,1.2272336731101303,12110.482227753788,8000,1080p
1.0134449562567573,0.6949139093662471,19641.325177753777,15000,1440p
1.4578966873384334,0.9829734149992093,13746.914253185627,8000,1080p
1.2510773419254229,1.0701700041416198,14455.34533700265,8000,1080p
1.2574921608606797,1.0905675728730488,14290.280403831111,8000,1080p
0.9947708137908483,1.0369598090463716,16515.197252450107,15000,1440p
0.6831694089763619,0.9070396639758901,21100.641777691275,15000,1440p
1.2363613468474224,0.8781550047578488,15868.608428838386,15000,1440p
1.731847458340445,1.8115207509299511,9469.643011474975,8000,1080p
1.2043493239228318,1.3053888053424587,13369.694474786835,8000,1080p
1.0230153159714372,1.4998295684599732,13300.235859551221,8000,1080p
1.2220886673064346,1.094727249220781,14482.994423785001,8000,1080p
0.7988657106528347,1.0385752619387385,18261.502002251524,15000,1440p
0.9570508329921108,0.9229120515448124,17848.45449662439,15000,1440p
1.1687998403731,1.080286833883032,14919.13690302659,8000,1080p
1.1272035088603227,0.9776754889123065,15941.264099032345,15000,1440p
0.9577198978878664,0.9499701383752791,17589.037716906925,15000,1440p
2.023727052546624,1.5208065930257537,9466.529409846122,8000,1080p
1.1412981655728667,0.903840671028697,16406.92132948679,15000,1440p
1.6292297547868182,1.2457764794675932,11671.081474611767,8000,1080p
1.1596080405236737,1.279297296648481,13757.988671633095,8000,1080p
1.267911104631481,1.0788887973288661,14297.951850079358,8000,1080p
1.0826199031833978,1.16012811432914,14961.302713452254,8000,1080p
0.8813537152779559,1.0248948471271486,17602.33825837725,15000,1440p
1.3516215837384356,0.9411609259086497,14634.808080930816,8000,1080p
1.244460781362553,0.8881517901468468,15733.955828766015,15000,1440p
0.999350840700566,0.9210181973104705,17472.908246194685,15000,1440p
1.0785884393626548,0.8804812481337325,17127.737830950377,15000,1440p
0.803778355229475,1.1151834352620509,17485.72179303545,15000,1440p
0.8957492646017445,1.2791907589406675,15427.750483596577,15000,1440p
0.9803549384721569,1.3412229350640636,14453.287301920218,8000,1080p
1.3884910692500347,0.9820943978309038,14154.491565882174,8000,1080p
0.8694990431560671,0.8089547007983057,19991.275971029765,15000,1440p
0.7757186933989207,0.9361809012649595,19600.70094332149,15000,1440p
0.8639699526983948,1.228254672652036,16037.681419785364,15000,1440p
1.8694948933333824,1.6647229915369204,9494.160545008777,8000,1080p
0.8202884591470906,0.9064699161293267,19432.03663027182,15000,1440p
1.5418385810171105,1.2072531165417837,12205.643060140652,8000,1080p
0.7026232558468267,0.918545611662794,20697.67849141161,15000,1440p
1.4407154160454563,1.5038179908069993,11395.500530546822,8000,1080p
1.5703124541969613,1.4765298933364024,11012.854677947058,8000,1080p
1.0876975724010256,1.4749876075842145,13093.466283749009,8000,1080p
1.7969374770265656,1.6406363028380224,9761.07980475746,8000,1080p
1.210566963439769,1.795987267168426,11160.427993747608,8000,1080p
0.8862549104753955,1.2983259685994257,15359.665701281077,15000,1440p
1.6911813287857,1.5485719380092082,10357.09488864732,8000,1080p
1.8942851046524158,1.4368465723618657,10072.982773852726,8000,1080p
1.1801654187677735,1.1067314220599305,14672.47293404609,8000,1080p
0.9078589650049543,0.7545953724309852,20183.671361315195,15000,1440p
1.5992034416638028,1.2876881491986307,11623.03153544325,8000,1080p
1.2207180954101229,1.204653953693031,13834.756614931572,8000,1080p
0.9726586979678014,1.3256014534539884,14599.927679745902,8000,1080p
0.9274221159905428,1.212826746637694,15677.817933188844,15000,1440p
1.1122464529432214,1.0222114601472714,15720.353066796413,15000,1440p
1.2353800370157708,1.5203493123305274,12176.243653230908,8000,1080p
0.9651382310966784,0.6943472641214433,20219.78022506887,15000,1440p
1.5604734521796648,1.6106379501724977,10581.284522237565,8000,1080p
0.8677016507044248,1.1546459674587348,16591.82214701374,15000,1440p
1.0993406875314722,1.0721962895712644,15451.927530503443,15000,1440p
1.2674282221466946,1.7840726586185434,10996.042049833984,8000,1080p
1.6123617988054666,1.5466450430537289,10621.82947987917,8000,1080p
1.056880029310753,1.0077486204069634,16252.04222783002,15000,1440p
0.9481604743916805,0.6571363555132128,20902.32247078439,15000,1440p
1.708373797634832,2.0109454476142323,9021.659553118847,8000,1080p
0.8054145562757157,0.9004110469494112,19670.493828067865,15000,1440p
1.29717079484623,0.8867119296221748,15364.57595641622,15000,1440p
1.6838512798790726,1.2814509765892605,11315.686934377893,8000,1080p
1.9940364847106449,2.635610979304086,7247.729392099828,4000,720p
1.8055767928660933,1.3647662101016833,10583.84911935065,8000,1080p
1.2455966763415445,1.4884599519871449,12272.764087008542,8000,1080p
1.534609135848334,1.1298684159142338,12593.250026746722,8000,1080p
0.9885064144589515,0.7497043731567574,19304.00630295614,15000,1440p
0.9233782720678823,0.956533804643922,17848.936881500755,15000,1440p
1.1679567609370987,1.6400798479304262,11949.428256753543,8000,1080p
1.4153517830569686,1.0218345689797326,13767.692393303994,8000,1080p
1.6912607522367507,1.6623436344492923,10005.483095505413,8000,1080p
1.1586945014332388,1.000403094870572,15540.951950223232,15000,1440p
0.7545575967554651,0.9294927151571298,19924.83939621249,15000,1440p
1.1974586423369606,1.1895080858748504,14057.352204962323,8000,1080p
1.3842936446919372,1.0286486180858763,13906.02357860468,8000,1080p
1.0204105177777563,0.7955599772361492,18477.410339061185,15000,1440p
0.8761542628919747,0.8634643848690902,19288.383717423032,15000,1440p
1.2810746705391238,1.3691023753055778,12661.20391941779,8000,1080p
1.566403574282132,1.9054930604148794,9664.582656254182,8000,1080p
0.7976795135701787,0.6672964988023674,22904.424179381745,15000,1440p
1.517522666358439,1.3554234463426147,11679.45053047068,8000,1080p
0.8561845979050647,0.8930375312021047,19182.487713625436,15000,1440p
0.9206293409922356,1.3796275252551076,14587.254359440716,8000,1080p
1.1433786156462002,1.3914866971228717,13237.16563202537,8000,1080p
2.2682784010785135,2.2285943923979263,7461.725857283982,4000,720p
1.2074224690142854,1.3267082780847064,13241.00267455113,8000,1080p
1.230910652713492,1.0455529405242487,14739.718262867806,8000,1080p
0.7308666198142584,0.8270404306068402,21538.147600609624,15000,1440p
1.8240506748849414,1.3220098051432752,10665.539398562058,8000,1080p
0.7896302597307767,0.9419824866830053,19377.561218287494,15000,1440p
1.1232626767626837,1.0801848970617787,15228.150829910834,15000,1440p
1.7255796326579143,1.340408706947569,10944.083369970554,8000,1080p
1.109373865682173,1.4977251216819167,12870.4096632423,8000,1080p
1.3294319043155594,1.1578278012811558,13490.522089228316,8000,1080p
1.3001532649425342,1.0473958002868018,14293.389006002315,8000,1080p
0.9970231299326263,1.1107975990020509,15919.01604315225,15000,1440p
1.513140419159578,1.2312736505820148,12226.446573770627,8000,1080p
1.074230407209639,0.8935296942392807,17052.094904908827,15000,1440p
1.060055364152128,0.9017058218621885,17104.238904926082,15000,1440p
1.0882680545206636,0.7696519761645031,18060.213273886577,15000,1440p
1.2060829840003073,1.7707821066645972,11271.734182789376,8000,1080p
1.6846744060432448,1.821983557048185,9568.778122408836,8000,1080p
1.8888543536572528,1.7669280494971467,9178.454377111584,8000,1080p
1.1987537769013572,1.1877089098381604,14060.321238813682,8000,1080p
0.8972179149565512,0.8924159586114558,18749.327723162874,15000,1440p
0.7212360023958372,0.9984421406518685,19512.04191066419,15000,1440p
1.0690554281503322,0.7842826574179405,18104.862928833354,15000,1440p
0.9096071674071974,1.001587181653122,17556.7869466011,15000,1440p
1.5616811880719375,1.292062124950639,11758.041393169458,8000,1080p
0.6889334893812316,0.9685077902131789,20244.718418145738,15000,1440p
1.3444011121675135,1.6372824097068297,11253.518944528038,8000,1080p
0.8568025751500516,1.008259234672522,17991.05628740105,15000,1440p
1.270084587681039,0.8895181166357398,15537.317087503567,15000,1440p
1.7876716960830914,1.348460875949155,10699.302797093294,8000,1080p
1.537400605412322,1.2945414106008863,11848.558978350036,8000,1080p
1.6425438849039422,2.2215786740448626,8683.583785998791,8000,1080p
1.4531126106711891,1.471036734749441,11474.937849035647,8000,1080p
0.8495285673441981,1.0396795079909618,17761.109767671933,15000,1440p
1.4570722517067485,1.6733778915786548,10718.724293364618,8000,1080p
1.6391450365429527,1.2064516968554697,11791.703162354566,8000,1080p
1.1677995521655324,1.143901487527188,14515.0395418173,8000,1080p
1.1284823216141537,1.3801325281073684,13375.681007279707,8000,1080p
0.5858442034571851,0.8487532127405215,23389.441261461016,15000,1440p
1.1303672690953535,0.7935300300641328,17440.864444614213,15000,1440p
0.9928734612780732,0.6745693180501227,20123.288436631636,15000,1440p
0.8048616757019417,0.8194691046980792,20657.38851032338,15000,1440p
1.2252498443277051,1.0192884365116701,14949.369447801027,8000,1080p
1.8911798716401096,1.47649480974346,9963.679741837343,8000,1080p
1.9840542180339387,1.6238831914483198,9300.170205783887,8000,1080p
1.2061302102632114,0.9367795934043726,15658.350128676291,15000,1440p
0.8500528363376382,1.1637417601569853,16662.29120805449,15000,1440p
1.3212314171732964,1.5415836253201847,11720.782342534589,8000,1080p
0.9302920108782355,1.315879530347811,14938.499301653828,8000,1080p
1.0967762091380198,0.9781728254054765,16171.207794210819,15000,1440p
1.215048149863739,1.0942769260607617,14529.973432418139,8000,1080p
1.02637487383072,0.7297463548049183,19107.12737415573,15000,1440p
0.6377484097253789,0.7864811967723413,23559.706838641476,15000,1440p
1.5069317873173478,1.850260187400085,9994.790960032662,8000,1080p
1.0527523782838049,1.2342729254002738,14671.648777102944,8000,1080p
0.7352343490846764,0.7452975552334771,22663.768272831116,15000,1440p
0.6113391680967797,0.8815581071060925,22476.048792734407,15000,1440p
1.267053583005013,1.2073808908717814,13560.444761921275,8000,1080p
1.0177828049226618,1.3819411336150225,13982.621692913146,8000,1080p
1.3563166137648413,1.0027653914463572,14223.512334831285,8000,1080p
1.2250410298893164,1.4686889052802212,12456.494454737593,8000,1080p
1.6677978421344106,2.1235651052425553,8850.229446699228,8000,1080p
1.115688322700047,1.3018416989753347,13879.634047624491,8000,1080p
1.664985915796254,1.1983608413385523,11718.605829486078,8000,1080p
0.9890233341355887,0.8573625805162983,18173.032914587777,15000,1440p
0.9448309438263823,1.3863595224900078,14393.689612595548,8000,1080p
1.2903411554833157,1.0299428513574114,14461.346930407602,8000,1080p
1.161111571174096,1.0417891388778036,15231.931174605446,15000,1440p
1.1399541579493657,1.0546624713491848,15289.427571103733,15000,1440p
1.5060193341077008,1.472031102978748,11267.247720904184,8000,1080p
0.9009199950609287,1.1711984751339406,16193.298058312477,15000,1440p
0.7685734672631117,0.8493052431457295,20739.76978875056,15000,1440p
1.7885248855905371,1.5664565345377564,10001.376400682686,8000,1080p
1.9750817154729634,1.7930786594491561,8904.725027976949,8000,1080p
1.1769591427853159,1.248399927207789,13834.830650496378,8000,1080p
0.8441279002916825,0.9312369068312895,18900.020922672164,15000,1440p
1.3291515000110001,1.4459983406693815,12091.034331960065,8000,1080p
0.8880330180295255,0.8669063536118531,19119.9949936828,15000,1440p
1.1510469005316861,0.8109593491754239,17102.10250604912,15000,1440p
0.9725707002285919,1.2896727276666906,14832.370197763354,8000,1080p
1.4741334477726187,1.6761068427916173,10651.38811807594,8000,1080p
1.489852825659996,1.9527152788784627,9746.918864368727,8000,1080p
1.0815781795153767,1.169952030747131,14902.945493273155,8000,1080p
1.05379205395812,1.063883464310693,15844.935501464619,15000,1440p
1.2731684197251756,1.188210034323177,13632.374145800839,8000,1080p
1.118460496170959,0.9512571876256166,16212.081610304263,15000,1440p
1.33675554217082,1.236141459790208,13041.498347747793,8000,1080p
1.1148223358117466,1.016998115602533,15739.802091559597,15000,1440p
1.6217011307590838,1.524710107688755,10664.350416111782,8000,1080p
1.0430389047694506,0.771987070195925,18487.025785204038,15000,1440p
1.7094000841295356,1.201918679383793,11525.509477192081,8000,1080p
1.292846750618769,0.9445389658982044,14997.1601911518,8000,1080p
1.226817430736747,1.7195720532566867,11388.321938524397,8000,1080p
1.2659892985570373,1.3482167522699695,12835.41975942754,8000,1080p
1.1328787384663765,1.1388482685112742,14770.450805460758,8000,1080p
0.6792621143406127,1.0072384894692763,19895.890890402807,15000,1440p
1.1647231985713034,1.4996788177177982,12593.60704385504,8000,1080p
2.3191389830002853,2.432377616778809,7061.836214896102,4000,720p
0.7203491225903454,1.0106164436745066,19384.806176361504,15000,1440p
1.1251903072708556,0.9948980416217161,15826.902693714232,15000,1440p
1.014842790403686,1.3909354447983844,13947.43352027276,8000,1080p
1.1456037607607468,1.112128399999662,14862.007364371688,8000,1080p
0.9886445814574591,1.280023471994222,14790.366509965337,8000,1080p
0.7212742306455793,0.91883085909335,20458.70853637871,15000,1440p
1.336356334997152,1.5775174113353791,11515.403521594711,8000,1080p
0.8825728228584336,0.9100878313523165,18717.67081024764,15000,1440p
1.0881296872791775,1.302331918007868,14036.800225440475,8000,1080p
1.3402614942354127,1.4086714992728202,12206.347728096962,8000,1080p
0.9736739938493121,1.0865566778677094,16286.735490660047,15000,1440p
1.1928388001721202,1.6416452151489875,11837.933048353687,8000,1080p
1.438573090415558,1.950470967523919,9900.854467026593,8000,1080p
2.1048695597277813,1.6665448855602194,8897.041809319804,8000,1080p
1.5050247454426107,1.8683204047464066,9946.931163601761,8000,1080p
1.5504839283613392,1.8465590119260593,9877.54131749692,8000,1080p
2.4536462831395647,2.0631029497409696,7428.889732406248,4000,720p
0.9187425873547537,1.2110817376875347,15754.553840647757,15000,1440p
1.2853480740871248,0.8834283912070502,15471.595407343488,15000,1440p
1.0942306677947229,1.5598997479342664,12642.344852818343,8000,1080p
1.567270152608703,1.8874561807551957,9712.616503353463,8000,1080p
1.1361430485119481,1.2658520325952727,13969.400796829603,8000,1080p
1.2725863380446227,1.8444740360026397,10764.768074232761,8000,1080p
1.1507426136628904,1.711918433882309,11721.412854230062,8000,1080p
1.5068110707722913,1.9087989027628558,9823.847646536544,8000,1080p
0.9207357865382793,1.3712075490145825,14640.166482085391,8000,1080p
1.2210109689030817,1.5751342567934425,12000.246514964736,8000,1080p
1.5857418401038728,1.2390449826310341,11878.571412873278,8000,1080p
1.8107154166500603,1.9930625080520636,8821.343586357678,8000,1080p
0.8421968031739294,1.1009543097401022,17268.050733162152,15000,1440p
0.8551126817925451,1.0629085056120982,17494.296841112555,15000,1440p
1.6263260502067654,1.8891218547959088,9544.852578315898,8000,1080p
1.159199808534518,1.251920342173086,13916.532525412558,8000,1080p
0.9028834972145023,0.77678789213915,19976.78368083173,15000,1440p
1.4508692660439366,1.0012619104241938,13683.783446010151,8000,1080p
1.106628821069577,0.8439717872120149,17202.10270495108,15000,1440p
1.0451888595215932,1.0938283411275742,15686.84533710931,15000,1440p
0.7322197646789839,0.7879589379859968,22072.68917869768,15000,1440p
1.5261732255505664,1.1926894202217009,12341.348707767906,8000,1080p
1.3697230865070567,1.9173691985025214,10207.937316825964,8000,1080p
1.1190789545694777,1.362448567180829,13521.684408453752,8000,1080p
1.6002467713162478,1.3486944085835135,11378.467711974019,8000,1080p
0.8720654526437478,0.8322916619597668,19687.442093264464,15000,1440p
1.2949643545234737,1.5950220280218634,11610.58481197657,8000,1080p
1.2446440547108768,0.838244551895464,16109.566250242435,15000,1440p
0.9825820130709388,0.6942962940048669,20010.057890553366,15000,1440p
1.0500912864310463,0.9289134797276539,16955.20524952046,15000,1440p
1.3442116721739579,1.983262740666821,10084.054101366759,8000,1080p
1.279577093571875,1.1380436102560616,13879.113438626511,8000,1080p
1.4355790560629018,1.4020226816035668,11824.926505575739,8000,1080p
1.7553561550749235,2.401084677544122,8072.876133991969,8000,1080p
1.1756018317253694,0.8615312183628236,16471.39935143035,15000,1440p
0.7862281366317817,1.1761054675265403,17099.24955109356,15000,1440p
1.4870591574372165,1.1102801470120962,12918.771121863188,8000,1080p
0.9340204674267795,1.0154308175244058,17212.2444192496,15000,1440p
1.2615441807314758,1.44377925203143,12403.112911986042,8000,1080p
1.721106232340972,1.2366508878500388,11344.552860997952,8000,1080p
1.5804242243830406,1.6466790349786902,10397.69393887834,8000,1080p
2.037008917215279,2.457578738161595,7465.519547685057,4000,720p
1.1472160347152567,1.0089517332314761,15562.069194621661,15000,1440p
1.2255649640980788,0.9552891793976184,15385.912946115464,15000,1440p
1.1093867671513704,1.1819089443890836,14644.304456643496,8000,1080p
0.9104639617040154,1.1410006818443748,16356.32966209028,15000,1440p
0.6475498270863529,0.7046769436890519,24814.20478072546,15000,1440p
1.1759617802538946,0.8907229349707457,16235.87369317374,15000,1440p
1.2407507524453525,1.5649641121155846,11959.316473611403,8000,1080p
1.3855569821527274,1.6516583243112182,11047.762049857929,8000,1080p
1.319889881713229,1.2625501864051851,12993.305213254385,8000,1080p
1.8308635036089091,2.4005455599871643,7929.848307193369,4000,720p
0.8363765674916348,1.1650629035031492,16765.1495267665,15000,1440p
0.7719494777975893,0.7933852572725328,21435.946732822526,15000,1440p
1.7643871248015324,2.5211235304289823,7829.739487182568,4000,720p
1.5656800062549805,2.267669189492655,8753.293865641615,8000,1080p
0.6282635149208325,0.6436890249246058,26380.254725602717,15000,1440p
1.7663373691200306,1.2051405787107274,11292.16928044021,8000,1080p
0.6772495107071766,0.8196382703133857,22416.130604742422,15000,1440p
1.275088141261301,1.0336001121978549,14533.981341883076,8000,1080p
1.3575368746781593,0.9981397915645873,14244.073679907266,8000,1080p
1.0080287528936174,0.7490716089894653,19096.480046273366,15000,1440p
1.0955255705402454,1.3257034825062612,13858.429444244526,8000,1080p
0.8890199297918188,0.983552175331167,17918.899842735955,15000,1440p
1.1559387909306524,0.8421672762355343,16793.11851927288,15000,1440p
0.738402217346323,0.9758554995688441,19573.73834103644,15000,1440p
1.2751763558833562,1.437077107120437,12371.421940351698,8000,1080p
1.142416864572887,1.6083342191601533,12198.280025564265,8000,1080p
0.9388207293930417,0.6844764444556521,20670.541747106854,15000,1440p
1.3468089321084424,2.0187621585096442,9969.90736387557,8000,1080p
0.7786706937995718,0.5982844088897497,24368.573771552226,15000,1440p
1.1750943042201603,1.0961018172536536,14773.903355482138,8000,1080p
1.1705987609532174,0.8778413504910749,16380.479864916235,15000,1440p
1.171492541515926,1.6068351437595139,12077.204635663216,8000,1080p
1.000801182930892,0.7157959808857657,19547.062471777335,15000,1440p
1.7667647946742877,1.6995702963318708,9680.088946697966,8000,1080p
0.715347093380631,1.0512617335299093,18993.696560817178,15000,1440p
1.4656943381858831,1.2478381543912282,12365.59064311498,8000,1080p
1.159622576662369,1.0300438619229852,15323.99246237615,15000,1440p
1.266460534476396,1.5044457895527863,12109.551199554235,8000,1080p
1.3033554821695719,1.0526301199773538,14242.205881658632,8000,1080p
1.068486223619873,1.3599314668906206,13817.405519289518,8000,1080p
0.8435746452627858,0.9902285069966806,18297.728389580363,15000,1440p
1.5478293393314104,1.3581133672416896,11546.831919329146,8000,1080p
1.1674951179305681,1.7128259846225662,11649.545590683327,8000,1080p
1.2504924853154589,0.8768011801908333,15773.295687417047,15000,1440p
1.0513827362720132,1.5375935888386547,12960.501675721462,8000,1080p
1.0607915937545098,1.2661221130914428,14420.144546521158,8000,1080p
0.7964257184494816,0.597285955913653,24075.5908250054,15000,1440p
1.0805964139622055,0.7743135009705788,18089.521075860925,15000,1440p
1.3742104281076546,1.2529718850056188,12772.022646664822,8000,1080p
1.31419010755187,1.0193256965190867,14379.346367169359,8000,1080p
0.9210621325060957,0.7859332538726378,19657.013878158912,15000,1440p
1.149391656729967,1.583723372360125,12276.992238841458,8000,1080p
0.9479941957044075,0.6769848813328548,20649.14710236024,15000,1440p
1.2372996764855186,1.7379709632662206,11277.774717932829,8000,1080p
0.9783710392655488,1.0596588012598298,16464.1514725565,15000,1440p
1.293004416033562,1.340722107258597,12740.28708115714,8000,1080p
0.9265662420542308,1.296684113488579,15092.51169862408,15000,1440p
1.1166587626184041,0.7636009279940739,17845.637050842663,15000,1440p
0.8096228030026764,1.0726377827386622,17826.66664445104,15000,1440p
1.511731082300398,1.0944605124296147,12874.890728621222,8000,1080p
0.9692099496909762,1.0544264409285273,16581.25548420675,15000,1440p
0.8001309312815298,0.8947266594961257,19797.788429294604,15000,1440p
1.4188581566848613,1.580374404440735,11187.672618293795,8000,1080p
1.1632550948758553,0.9268470202316121,16053.967773854303,15000,1440p
1.307894535311877,1.0922674101880057,13980.069996073373,8000,1080p
2.003757693123387,1.3657495057297502,9958.260962143295,8000,1080p
0.6649351376781706,0.9477640639554178,20806.37974273872,15000,1440p
1.84550952078701,1.7802187910145932,9254.535672400394,8000,1080p
1.0113206023303987,0.7345748936747498,19219.038067729256,15000,1440p
2.0307632753401568,1.9678670397215727,8391.481421428178,8000,1080p
1.58960655742046,1.9420155166465258,9501.138937371916,8000,1080p
0.9175446035900388,1.172014005272926,16058.143503454385,15000,1440p
1.9575002447965355,1.5075631385987487,9683.641621331984,8000,1080p
1.201813176959349,1.0208917572319613,15096.215194307,15000,1440p
1.217968279378639,1.1931796446221876,13916.372225028403,8000,1080p
0.8507421397201556,0.7960702963246729,20375.381716565204,15000,1440p
0.9554694695588409,0.8956348795649759,18126.710153256525,15000,1440p
1.2060816800128222,1.3412755106685044,13172.252451579196,8000,1080p
0.9673116315984417,1.1088101957823264,16162.07274422437,15000,1440p
1.3830899793534863,1.783759090956722,10595.526106557765,8000,1080p
1.0324889315567185,1.2626740123319606,14619.62955150755,8000,1080p
0.9329998949137713,1.1842944594620786,15847.78797083762,15000,1440p
1.439065880459758,1.430220075383702,11694.349227083672,8000,1080p
0.7573621358888535,0.7729364280310395,21926.722530569197,15000,1440p
0.995123160810424,1.0108748882126943,16727.051163554395,15000,1440p
1.098780888173108,1.4870695301409143,12976.16898578284,8000,1080p
1.0224643406590486,1.3377689879627985,14216.574095914752,8000,1080p
1.6601782536849679,1.4879772049940678,10658.441884594677,8000,1080p
1.7286445257138479,1.43352272858749,10611.213544874196,8000,1080p
0.9221382434936096,0.9702429793504774,17731.3279137121,15000,1440p
0.7890100789604706,0.5647003722410604,24787.008159845143,15000,1440p
0.910862425724621,0.8918634935581788,18613.16334395933,15000,1440p
0.9284592511019338,1.2106138168962948,15686.435635132679,15000,1440p
1.155204063125641,1.273481295864463,13815.882685582872,8000,1080p
1.4706400911206565,1.6923083631257805,10608.5927372453,8000,1080p
0.9452658760966315,1.3005715618903724,14940.72163570112,8000,1080p
1.0698534848874224,0.9615516084228761,16517.84378728765,15000,1440p
1.157496485535157,0.844512839176017,16760.377479680734,15000,1440p
0.7851988286214586,0.9493732492893046,19344.501406027037,15000,1440p
1.2808033859365255,1.6330884958117773,11515.331852281255,8000,1080p
1.6811582829774157,2.367682195177437,8287.417639948982,8000,1080p
0.7820128967268268,1.1315242768726415,17535.291429370183,15000,1440p
0.9357977782604718,0.8510663438104042,18778.390357467295,15000,1440p
0.6375399199529733,0.9225279825350058,21508.31508454713,15000,1440p
1.8095816421502897,1.2882631842154837,10831.540597004103,8000,1080p
0.699479798732691,0.9725609632594824,20067.950951160525,15000,1440p
0.7863773740597035,0.9084120670080762,19798.584524375765,15000,1440p
1.113769288928299,0.8342090953965848,17225.258899178723,15000,1440p
1.2709220569641764,1.670602662051787,11407.156221765512,8000,1080p
1.176887534923405,1.4889181918985392,12586.975735850832,8000,1080p
1.1624699098019886,1.2541979848060447,13884.585496776459,8000,1080p
0.8243553999300911,0.6394821129390141,22922.23809337533,15000,1440p
1.2111146184641057,1.378582165917628,12956.896036000913,8000,1080p
1.3149197549505094,1.2383025472057638,13141.993931222625,8000,1080p
1.1926576237282362,0.8247690965469086,16632.2928425493,15000,1440p
1.0107513698983686,0.994207059404806,16735.72454649939,15000,1440p
1.3026611013427558,1.2921333748308006,12931.441124956234,8000,1080p
2.1639113180684624,1.623870042274398,8858.597898840375,8000,1080p
0.9537003554436124,1.395131084521346,14285.585346431071,8000,1080p
0.933996053116258,0.951652322492715,17794.638933763854,15000,1440p
1.25257779614462,0.9970665630141884,14915.438461813912,8000,1080p
1.370651733657781,1.0838059886891636,13670.812780558046,8000,1080p
0.7458572029171577,0.8711401729495596,20751.073873582933,15000,1440p
1.239622129992178,1.7820152825500613,11104.718210306097,8000,1080p
0.9342804645705015,0.968538494308567,17634.06436719896,15000,1440p
0.8219061069353504,0.904746537718242,19433.226540322372,15000,1440p
0.9404139783628458,1.3562623211058829,14609.996196574097,8000,1080p
1.7507910727611078,2.0235815552952037,8890.068709850602,8000,1080p
0.9005685414308086,1.2295768583524898,15752.17917209479,15000,1440p
0.76447975067778,0.6254287307931335,24141.468627121398,15000,1440p
0.9826280436500685,0.8081264576967968,18737.594670158855,15000,1440p
1.9667407195660518,1.9066063829448572,8662.90345583752,8000,1080p
1.8685926536874211,1.3563152657336692,10404.772117035645,8000,1080p
1.874446734453689,1.5175655963323098,9892.190454456499,8000,1080p
0.8371976304880863,0.7843685094461136,20692.607704155427,15000,1440p
1.217157745200336,0.8623496552234964,16135.759840605107,15000,1440p
0.7047528709941668,0.7253338461007373,23463.214921793617,15000,1440p
1.2397015565421972,1.3243247240821125,13086.617814162924,8000,1080p
1.1636379396947112,0.9876236818077577,15597.559899090818,15000,1440p
1.015751569343896,1.402405210324931,13876.036608592172,8000,1080p
0.96576049649989,1.2637692421840891,15050.004230850098,15000,1440p
1.1244885684798787,0.7566619228600242,17837.18642100766,15000,1440p
1.6856583306138793,2.1197198554393006,8817.633979975486,8000,1080p
0.8177236872613439,1.002178209168787,18437.49493630368,15000,1440p
0.7869417658656669,0.7478422043829062,21862.641681464487,15000,1440p
0.9958680860003287,1.0823930938835828,16145.43558085144,15000,1440p
1.1315773312307078,1.635371738452016,12126.870121193653,8000,1080p
0.6459345215907266,0.8867171827884337,21893.0575708276,15000,1440p
1.336042695367358,1.1551129028674805,13469.42440037696,8000,1080p
0.6748009797069666,0.8151885074526383,22519.911911570227,15000,1440p
1.8032208024014298,2.1381990858089366,8513.285301159745,8000,1080p
1.1296054511502727,0.8481042930755336,16966.307668739937,15000,1440p
1.0233625687035954,0.9585230015446353,16930.559717328844,15000,1440p
1.9068406749661446,1.5185393806787588,9795.827457073996,8000,1080p
1.113120240645231,1.4528604795609195,13076.650083833927,8000,1080p
1.427928397350425,0.953103160320528,14092.392808443852,8000,1080p
1.0268193455727626,1.0593997659924441,16083.84843853983,15000,1440p
1.6207129831226073,1.3189163291208639,11414.511299178695,8000,1080p
0.8035523997987137,0.7266012530420889,21928.799070410092,15000,1440p
1.3742261326428145,1.9889177281314379,9977.10279104005,8000,1080p
1.5280542002679045,1.6257696377796762,10639.285427169689,8000,1080p
1.3357214857076376,1.0395452571906794,14126.595297274549,8000,1080p
1.3858416088818872,1.2722721317495678,12623.399626243567,8000,1080p
2.639323093092562,2.468159803534687,6569.661157780446,4000,720p
1.096782416084453,1.0056288947978829,15959.9750183602,15000,1440p
0.9579014759612243,0.9642730501353833,17456.496038442227,15000,1440p
0.8508233803755577,0.8859632993647305,19319.834952337147,15000,1440p
0.979561671813209,1.080433748177228,16288.59543782664,15000,1440p
1.5732208216221586,1.6106484387177396,10538.885003217078,8000,1080p
0.8441787725274625,1.1599047146933323,16743.03102338931,15000,1440p
1.2594177378980846,0.9013583049360896,15528.880057365153,15000,1440p
1.1551573198416858,1.2861116586673098,13744.668160447178,8000,1080p
1.5860623463425345,1.3106453139390613,11583.644583843885,8000,1080p
1.2793669044028735,0.895854235830766,15425.756664168837,15000,1440p
0.6382546764038282,0.6188459638051629,26691.92181337337,15000,1440p
0.9988998935425467,1.0575965468173592,16316.309302304295,15000,1440p
0.8821228479892105,1.233760250028438,15858.35816328267,15000,1440p
0.9929468506084828,0.8122327485206274,18587.863510194762,15000,1440p
1.1949582660438676,1.512755980750716,12392.161410577959,8000,1080p
0.9406824655479764,1.3884848156040968,14406.192406842936,8000,1080p
2.463532632646489,1.6570118082486864,8143.203521112954,8000,1080p
1.145271051640709,1.5243422678523586,12569.023294494069,8000,1080p
1.1045993037071022,1.089784921340801,15291.046853596255,15000,1440p
2.1928189062020196,1.6178698662405013,8805.345700927646,8000,1080p
0.6764522313806507,0.74397347504494,23622.799734058288,15000,1440p
0.7618046743632662,1.0744337673408184,18273.461244423397,15000,1440p
1.0623014701931224,0.7382032752073779,18636.12527860138,15000,1440p
0.9937285985135561,1.371170708436237,14188.524602883806,8000,1080p
1.3660877424109674,0.9118288228861131,14730.316514303022,8000,1080p
1.179446354812317,1.066292753106097,14941.375817737688,8000,1080p
0.9933516029412305,1.0758525674300454,16216.10495496892,15000,1440p
1.2090739303314033,1.087895970602512,14608.128729225944,8000,1080p
1.1693877563875277,1.5625552847035098,12282.258998562282,8000,1080p
1.525513712863886,1.401324945735403,11464.39415148982,8000,1080p
1.0491414586106127,0.8939697219316587,17268.40560437506,15000,1440p
1.1620995584871499,1.340144821218607,13409.734185893434,8000,1080p
1.4766660577424036,0.9930796254168861,13586.189148462157,8000,1080p
1.287207897750331,1.6101573842667487,11581.015417096518,8000,1080p
1.6574768571094707,1.450084351733911,10797.67372063728,8000,1080p
1.3906846004674547,1.413839659949799,11964.393559928702,8000,1080p
0.9604912195654902,1.3520684173938833,14509.650459919998,8000,1080p
1.2537033501738557,1.2669793880848277,13311.644298076078,8000,1080p
0.8582849485859001,0.9467661893257133,18589.186364449157,15000,1440p
1.4687210658768985,2.0208538694104106,9615.621564876164,8000,1080p
1.433638364859855,1.898711164387349,10069.30146597801,8000,1080p
1.4712642530281308,2.100238462179835,9395.04591642069,8000,1080p
1.1200238366478437,0.9868687104776641,15926.029092361283,15000,1440p
0.939550475247752,1.044146514477629,16915.099520640604,15000,1440p
0.8258007614684092,0.6191061164452957,23222.55677019761,15000,1440p
1.171595594630365,1.428719781127127,12903.98553684102,8000,1080p
1.7078943357811505,1.9024566384475747,9293.952925772872,8000,1080p
1.7868064971946178,1.2976406624052927,10878.588694757347,8000,1080p
1.704075666378241,1.194020137321881,11578.096195839913,8000,1080p
1.087933791661107,0.7401223471072895,18355.252493835553,15000,1440p
0.8371734186202753,0.8752934405259698,19594.208098560604,15000,1440p
1.3914001454676816,1.394134519272474,12045.957433141504,8000,1080p
1.2451571541702215,1.1651418454074542,13921.273670146024,8000,1080p
1.0907987431174067,0.9400758719412132,16522.15836034342,15000,1440p
2.4914803687082214,1.7486047968327805,7913.622177378769,4000,720p
0.7025290129685755,0.9204567209113892,20674.508284052277,15000,1440p
1.9383283778116227,1.4633290635213347,9864.141989221442,8000,1080p
1.6591885517745264,1.3706103072926892,11074.805147405199,8000,1080p
0.8509301657502545,1.0172455786998489,17961.068223737555,15000,1440p
1.098517376934694,1.4043243043810822,13406.533961173285,8000,1080p
1.6515975247519972,1.7055588402926363,9994.896975718882,8000,1080p
2.2647184300622056,1.6071197755860696,8666.279482198008,8000,1080p
0.783750391658767,0.9951975853764369,18861.95236350972,15000,1440p
1.4688483184837402,1.0063690946332202,13556.155439996683,8000,1080p
1.915663529145031,1.316679393450752,10380.839163269717,8000,1080p
1.1349366320439307,1.6278650675843318,12145.074329625171,8000,1080p
0.9166204808431663,0.9270538188935608,18199.761207709795,15000,1440p
1.3077739871415002,1.1035247124772773,13915.50205095076,8000,1080p
0.635528524084404,0.84984681148971,22589.86748762113,15000,1440p
0.8107282481959076,0.6413903294722628,23107.225894652565,15000,1440p
1.368740151008725,1.5665740072603884,11431.291572478998,8000,1080p
1.870048110378631,1.6032601815864551,9660.654678314197,8000,1080p
1.4877739961310534,1.0174991609346375,13393.522341212778,8000,1080p
0.8602174708335937,0.8645944843290592,19453.96534362249,15000,1440p
1.586685414326494,1.2892102628433506,11667.4718997529,8000,1080p
0.9434679495209979,0.983638049273504,17411.824788563743,15000,1440p
1.213841027811171,1.0928956319147782,14546.277685631621,8000,1080p
0.7102390491638014,0.9672286988874962,20003.026608994387,15000,1440p
1.0456940877842045,0.8645202917760051,17565.793849654336,15000,1440p
1.3198188412711758,0.9801248117952552,14589.240895211977,8000,1080p
1.1927761894953308,0.9655412800388614,15546.569248332922,15000,1440p
0.6767039484028137,1.010448176718267,19888.207767626125,15000,1440p
1.1961025143083295,0.945798373569072,15665.725799876785,15000,1440p
1.1619093327132737,0.8507282904781259,16671.86959706805,15000,1440p
1.0857316281411666,0.8023548032047381,17771.661001811786,15000,1440p
1.5909439122432436,1.1156126899550893,12397.461768487032,8000,1080p
0.8970024278401305,0.8714028958624265,18974.401145630007,15000,1440p
0.892075903403901,1.1385377860741526,16524.281390334163,15000,1440p
1.3337817687549316,1.36752528570623,12421.554204504608,8000,1080p
0.7900752162794169,0.7288844213957764,22090.40396317306,15000,1440p
1.227478051323604,1.6820857152042419,11532.461459005068,8000,1080p
1.9939401118913402,1.500928073029039,9601.057958288759,8000,1080p
1.2832048161755036,1.6529407092292479,11428.054811886232,8000,1080p
1.4700572929485718,0.9926328286094828,13625.113328822437,8000,1080p
1.0099915846763137,0.6850270590880021,19795.907333197207,15000,1440p
1.1796410676408156,0.7984822772961211,16962.760227203995,15000,1440p
1.434416731223275,1.7543750061141163,10522.616327404816,8000,1080p
1.6096157200106502,2.0096880849849734,9270.963093423039,8000,1080p
1.42298272857206,1.0436832029473437,13603.152162291923,8000,1080p
1.166090896351418,1.706333886800326,11681.57028751948,8000,1080p
0.9460291946769523,1.02387158773767,17033.56448179607,15000,1440p
1.7426732668210485,1.4200796935429574,10609.24846818835,8000,1080p
0.8658926711489315,1.0243116932014051,17751.74824100708,15000,1440p
0.9265017285532899,1.0109236941651207,17319.08315362127,15000,1440p
1.6569679839395581,1.7218562793537981,9930.801185645072,8000,1080p
1.9626801054024456,1.4554015517670682,9816.743824600773,8000,1080p
1.5984038250474133,2.1395481596148014,8976.688876069711,8000,1080p
0.6783138477279239,0.9295936892715656,20868.384050625078,15000,1440p
0.8595305748103456,1.2154146137468795,16171.237768131821,15000,1440p
1.0544264098033793,0.7040125882860495,19081.942584563585,15000,1440p
0.7850676057330943,0.7413337556246189,21982.705761054738,15000,1440p
1.0081138907364675,1.1456557409725274,15579.396935490677,15000,1440p
0.7289462324678757,0.9483398322515151,20005.193333323044,15000,1440p
1.0071014900385915,0.735196409521762,19258.722637768795,15000,1440p
1.8017148734191968,1.4012042315590356,10476.203394536884,8000,1080p
1.1420925471429342,1.302268990606913,13727.278670441065,8000,1080p
1.0968714657466512,1.5307948317080902,12769.670194614178,8000,1080p
1.706984477034027,1.5219148349920315,10391.910294330419,8000,1080p
0.8488818586491397,1.2610232918801905,15903.289297901334,15000,1440p
1.7337223515601938,1.2764900262887473,11146.865333128942,8000,1080p
1.0576629259723254,1.3939758994155296,13686.531495801228,8000,1080p
1.2702996377571287,1.5323209851647144,11972.520192553988,8000,1080p
0.8989387979590097,1.1157765705529399,16654.67615149181,15000,1440p
1.0024495057379654,1.4733504697389128,13552.96564034293,8000,1080p
0.8954963169649358,1.0218075201920462,17500.842250310838,15000,1440p
1.4507848276214772,1.0224224843082186,13567.173215988709,8000,1080p
1.2182893393651204,1.4951417320650706,12366.052837418929,8000,1080p
0.858369819363933,1.230455948892374,16063.777319259278,15000,1440p
1.0638970127976022,1.1416440482098114,15213.696354704689,15000,1440p
1.233588494045059,0.9563524943190191,15322.071315294075,15000,1440p
0.7585175465738557,0.7561985425433085,22152.291271664537,15000,1440p
0.9827738189757091,0.7393908974010188,19483.86915660156,15000,1440p
0.8312825729254376,0.7755293429754315,20882.613371203126,15000,1440p
1.3005468040137904,1.1166975252416957,13881.274471883775,8000,1080p
0.7363359008135537,0.9518094712972218,19876.506226501784,15000,1440p
1.0455985854778183,0.8308973098859838,17881.43106675685,15000,1440p
0.8803328656727016,0.6705533186206023,21635.65085550738,15000,1440p
1.252567448755541,0.8750710201442098,15770.739479697293,15000,1440p
1.5323689139589713,2.105697043888676,9223.151088731627,8000,1080p
0.8069790637199556,1.0957675632217527,17634.734717113733,15000,1440p
0.8563603957294469,1.0419043573717288,17676.370983121542,15000,1440p
1.1169955597232597,1.6532824472877656,12112.29772430073,8000,1080p
1.1534626482135428,1.4599858181013434,12839.140481432065,8000,1080p
1.3215922524255874,1.451873809512239,12098.374831583644,8000,1080p
1.4677378774157273,0.9895262225140766,13655.199699925843,8000,1080p
1.0767771379776003,1.1044788608402079,15383.078381531443,15000,1440p
0.8900307059500386,1.2079503037391492,15993.677657249636,15000,1440p
0.931051942225417,0.9626031716709306,17719.39977547393,15000,1440p
0.9189755682008091,1.3764915500223203,14617.692291743106,8000,1080p
2.147096006414852,1.6744782783636243,8780.264231327126,8000,1080p
1.4811103876633411,1.3400050835946327,11894.029982770475,8000,1080p
1.3665975831135462,0.9446684228575302,14517.771607990288,8000,1080p
1.668034916756259,1.3116552371985635,11261.047379528558,8000,1080p
0.8613307860712414,1.2662539524209324,15771.137756788074,15000,1440p
0.9088571547605766,0.7610811869297747,20093.21611601265,15000,1440p
1.548410804781336,1.0950073423425757,12693.577078037331,8000,1080p
1.4611838475900676,1.4157297269414624,11663.343764320041,8000,1080p
1.5813817725953976,1.4332556021918095,11130.503549326058,8000,1080p
1.189933758499635,1.2540553853050738,13729.370314535745,8000,1080p
1.2144697394060866,1.2107353815737751,13835.70886838756,8000,1080p
1.1667585835285839,0.8454614780297325,16675.329225181544,15000,1440p
0.7095715317896062,0.5711952712273817,26198.705276369456,15000,1440p
0.903526953776068,1.1557174145262274,16294.53624664435,15000,1440p
1.6524884294764737,1.7980351042807106,9724.44664461206,8000,1080p
1.2261601263702413,1.178833038785718,13951.986428129436,8000,1080p
1.1354886366889458,1.1925267865388658,14413.320317902584,8000,1080p
1.7600315674108138,1.5383932465439993,10172.865501750885,8000,1080p
1.5340324166210393,1.607911975655031,10679.511732444342,8000,1080p
1.5138281217321614,1.677867756987574,10513.041741765031,8000,1080p
0.6868421390432233,0.7969622849352203,22613.78349987146,15000,1440p
1.260002401835446,0.9578552905340467,15129.208747451892,15000,1440p
1.409755785198417,1.1966683156376146,12873.742223775918,8000,1080p
1.6127751690306897,2.384872502879576,8393.544092385235,8000,1080p
1.1205339048789111,1.6729121099430408,12011.841940728784,8000,1080p
2.021111451474462,1.4467044748613542,9675.95533118578,8000,1080p
1.185935437297615,1.1324699000552358,14473.06536928196,8000,1080p
1.1510458473319893,1.3882528459890482,13214.054765694234,8000,1080p
0.893270991010425,0.9701539987264042,18006.85951128029,15000,1440p
1.4041065873191412,1.268747793071561,12553.782295874724,8000,1080p
1.273884717042006,1.1183363967219568,14026.4759837375,8000,1080p
0.7701481268011517,0.9782355040138396,19191.68734401782,15000,1440p
0.9893299160766499,1.0431206944453946,16509.346808374048,15000,1440p
1.4349889161353195,1.0352900081428984,13583.256396766674,8000,1080p
0.9012184803841295,1.0550187484210083,17152.53728224716,15000,1440p
0.8195055983178142,0.894192713477835,19580.127825907093,15000,1440p
1.098805364958023,1.2245676721035381,14442.119911332571,8000,1080p
1.156115534393758,0.8768578216811487,16505.101702259428,15000,1440p
0.9424162404892229,0.9097186347899071,18116.624468260234,15000,1440p
0.8888729403947905,0.7275625708615477,20758.28683936829,15000,1440p
0.6723146599510266,0.8517124424233959,22016.952288920882,15000,1440p
1.2335673654133652,1.3533663054816216,12970.735344904057,8000,1080p
0.9718770652634088,0.6769077359941515,20351.007587168064,15000,1440p
1.1335860216780314,1.521761371597054,12636.550714599425,8000,1080p
2.115122325534497,2.266267504260998,7658.39911614671,4000,720p
1.0520174699659195,1.3790006325266406,13802.62531389467,8000,1080p
1.333255281455982,1.1798028786978176,13352.031613126877,8000,1080p
2.8555485380617416,1.9830131744528998,6934.794675288223,4000,720p
1.4950145409745568,1.480892767771642,11275.361937982221,8000,1080p
1.3425038255232624,1.489252162600971,11849.337351353706,8000,1080p
1.147669720744768,0.8707253997343809,16624.31288083697,15000,1440p
1.4185595966806344,1.1790188354289683,12917.581846700596,8000,1080p
0.9833795101288726,1.2020434803538107,15353.747144660998,15000,1440p
1.8757903449754463,1.6223118271282964,9592.181802917585,8000,1080p
1.5062735840480488,1.0608484629753785,13070.836284899775,8000,1080p
1.5122000695068853,1.2834247837572572,12002.480218625255,8000,1080p
0.830936170286717,0.8134650525346735,20405.258482129317,15000,1440p
0.7908644398233828,0.9169815129067176,19647.22400539762,15000,1440p
1.6506279513220203,1.5826885715751482,10377.71333625389,8000,1080p
1.2212082068473766,1.0316442704060031,14894.198505580225,8000,1080p
2.020211239838546,1.4244937848234032,9740.872370717116,8000,1080p
0.8747773693856103,0.8689421592038206,19243.021282868587,15000,1440p
1.2602241010480242,1.8680776262960608,10726.085564798626,8000,1080p
1.2902492321216776,1.2085841617508635,13428.038892980923,8000,1080p
0.8684035660743382,0.9015019845228581,18958.317854124,15000,1440p
1.073924866817771,1.1534872743874842,15064.312247954102,15000,1440p
0.7736497301508707,0.686386710712438,22981.91405425437,15000,1440p
1.1510419224851918,1.3425607046612444,13456.206548193342,8000,1080p
1.5776820080251097,1.2423248059017542,11898.70600109487,8000,1080p
0.6925081954091313,0.934581263292472,20622.36456671289,15000,1440p
1.0872333751314418,1.3573101114799018,13726.256940723755,8000,1080p
1.0725155432375257,0.9317750658818782,16741.300811034744,15000,1440p
1.190981748916951,0.9972114222932857,15334.30980476091,15000,1440p
1.193073070314807,1.6259365606780638,11902.914992235037,8000,1080p
0.7261753461689047,0.9466769425691854,20058.215675044245,15000,1440p
1.0914207427177056,0.8918370125903834,16918.845727537566,15000,1440p
0.9383490140562448,1.341754909417392,14716.185369691973,8000,1080p
1.0645871473165274,1.3469451303367261,13914.154212629071,8000,1080p
1.3624380110957053,1.419379985535549,12062.051521930616,8000,1080p
1.1685453279980045,1.3963880309474435,13081.989784637382,8000,1080p
1.4543199922544323,1.0181673402646378,13571.123927989303,8000,1080p
1.0683910756223878,1.076536206184133,15643.622179927457,15000,1440p
0.9324198587034264,1.3741959118529423,14547.040052494951,8000,1080p
0.7079132262623898,0.8796800271689923,21135.408535830156,15000,1440p
1.796224062499101,1.5646922696377419,9983.715357372901,8000,1080p
0.8208103818345064,0.9679863679075879,18758.102062091642,15000,1440p
1.4979827752970232,1.449992171485375,11382.197137266508,8000,1080p
1.2905893537134467,1.3776057387308835,12575.704113622676,8000,1080p
0.9676505307450022,0.8195638398037447,18774.710271436234,15000,1440p
1.200251666352796,0.9095436170064859,15904.117458530662,15000,1440p
1.907014577495258,1.879605679579361,8861.314238550744,8000,1080p
1.3210878965946342,1.6550819418316804,11274.367331718644,8000,1080p
1.3169678964629756,1.1485874849402087,13609.279374979471,8000,1080p
1.5476242642622966,1.523258938426398,10926.638945636749,8000,1080p
1.3536503805295075,1.6229031733815962,11272.913922852309,8000,1080p
1.4259023569402562,1.7338042913089549,10619.476975368098,8000,1080p
1.0525388160718254,1.0873917894841583,15680.149586571333,15000,1440p
1.8496261152948281,1.506730812609117,9997.277619980317,8000,1080p
1.0153064131059926,1.211967704320368,15065.245780691112,15000,1440p
1.0129486887045314,1.218214467726182,15038.986236075381,15000,1440p
1.4354684961336237,1.5600764250485804,11201.445106941548,8000,1080p
1.8291126786652858,2.3973551793873416,7939.119171596024,4000,720p
1.0528885971911959,1.0291536467929063,16116.114885254081,15000,1440p
1.2183802206762506,1.6357487920750493,11756.452441389281,8000,1080p
1.3367036340646297,1.1390623549095777,13553.151691005629,8000,1080p
1.5008622072429112,1.2452548661933422,12218.864346527253,8000,1080p
0.6424966282617447,0.7402342145571242,24266.784945358646,15000,1440p
1.0518740111934235,0.9158249027707435,17052.62515615285,15000,1440p
1.7139197618105926,1.2890917013194332,11173.594377500765,8000,1080p
1.2373321852621184,1.6942230754260406,11445.94899845871,8000,1080p
1.0029283253455712,1.2989396014015209,14577.044846972512,8000,1080p
1.0834065705633833,0.7586220297397057,18216.021181472926,15000,1440p
1.1349881121733707,0.9974885746478661,15734.958420585459,15000,1440p
1.3837884633803272,1.7001003167279196,10880.55840938019,8000,1080p
1.0711423596588805,0.8795311731907434,17201.45961635226,15000,1440p
2.348527686458951,1.8280397032132978,8033.973564744311,8000,1080p
0.9369003970659718,0.9397188116693863,17880.256071028984,15000,1440p
1.7423097639450307,1.3071784718344144,11003.299375386354,8000,1080p
0.9787569526735409,0.8373697286127502,18475.82128810239,15000,1440p
0.7332308100559176,1.0683278559112157,18625.223054830094,15000,1440p
1.163266278652058,1.4415011789743621,12881.929978723048,8000,1080p
0.9992160642433061,1.076013691925309,16169.020273663451,15000,1440p
1.1510127789550622,1.414586347285305,13078.595037242125,8000,1080p
1.7588550241409704,1.743124538280589,9581.561343207177,8000,1080p
1.1745577053549128,1.3016488666371182,13550.740224797362,8000,1080p
0.9696799460409713,0.7995134382512734,18965.94928395759,15000,1440p
0.9093800364136798,0.8663238753896757,18896.411601595817,15000,1440p
0.936065688126926,1.076104999408024,16675.738399263995,15000,1440p
0.96645455173917,0.8641497668426432,18329.702196919836,15000,1440p
0.7548062815060944,0.9029149657084984,20241.29934775238,15000,1440p
1.1445934131283793,0.861952397007949,16722.4848944367,15000,1440p
1.6571789989168644,2.0851017833061203,8966.305296864453,8000,1080p
0.874675706771741,1.309828608412697,15360.20403656973,15000,1440p
1.2327449405451,1.0371664620102619,14782.265053264176,8000,1080p
1.056576153443861,1.1443648135603395,15245.493860597473,15000,1440p
1.7580112099936713,2.560239702049002,7770.375710782322,4000,720p
1.160419916421857,1.316408294973521,13547.339232338743,8000,1080p
1.7924709641503906,2.015971572662978,8810.539131325831,8000,1080p
1.053094614460439,1.187587908185639,14975.094267426484,8000,1080p
1.253828110928106,1.5485296000959259,11973.643431743983,8000,1080p
0.7778722420247419,1.037021500272897,18488.372744908134,15000,1440p
1.340495528576782,1.6731368723590834,11134.215304288564,8000,1080p
1.4947558012360704,1.5236185627600034,11116.723094472865,8000,1080p
1.4789234076611122,1.1631395567148795,12700.087943560784,8000,1080p
0.9374909119718587,1.2318786854515005,15467.365284299107,15000,1440p
1.0065778462336488,0.8395305220943454,18175.765071900943,15000,1440p
1.1907383729174486,0.8699811005909774,16282.872283859553,15000,1440p
1.2540057982878339,0.992835257142394,14934.047924264478,8000,1080p
2.0064042289144175,1.837708110877518,8728.78548648663,8000,1080p
1.3636105538059333,1.820254231639722,10538.899815528215,8000,1080p
1.0415977238964436,0.760907346201102,18615.4438934167,15000,1440p
1.844127772060943,1.7622906879561602,9304.087246669893,8000,1080p
1.3433510779282865,1.1699517235855177,13350.731945147878,8000,1080p
1.5739805540443563,1.109305362622527,12504.978240142425,8000,1080p
1.386761526373651,1.0892215814250055,13551.963215868838,8000,1080p
1.1167130858732504,1.076408935141391,15299.847285504044,15000,1440p
0.9264928246569113,1.1427773739572085,16215.587516058979,15000,1440p
1.6816017285315243,1.296531743921643,11266.933571100264,8000,1080p
1.2895864884496662,1.6356328201773753,11470.740638502366,8000,1080p
1.3314840452882906,1.3503958778129004,12511.534058989242,8000,1080p
1.7363940245046707,1.3903536342901306,10731.416686479102,8000,1080p
0.7424788224083496,0.9383626810044541,19962.876887482023,15000,1440p
0.9648352948337917,0.834400093857073,18649.273025034494,15000,1440p
0.7073982112949585,0.9722309264808454,19977.286202853924,15000,1440p
0.9646745998496906,1.1981044185680207,15514.49857533222,15000,1440p
1.9736964142307996,1.506836345706746,9640.60226245424,8000,1080p
0.7463169957032019,0.9340990985547648,19967.93063019125,15000,1440p
1.4039747775328073,1.2281587930549747,12747.99743255695,8000,1080p
0.9411663706015017,1.0300764214000373,17021.968139160508,15000,1440p
0.9457718989850308,0.7831866626847013,19407.30839008368,15000,1440p
1.381319574793453,1.4820112843753088,11718.670894267876,8000,1080p
1.111132314962469,0.7912739072223591,17637.890167045523,15000,1440p
2.6974308511209486,2.600220319708228,6333.831903610999,4000,720p
1.7497615850191353,1.583292415929765,10067.173226250537,8000,1080p
1.793443204413826,1.9179322822708504,9040.969344218453,8000,1080p
1.1797671054563021,0.9777138502086535,15552.59707479467,15000,1440p
1.2242224662785648,1.788915853003766,11136.041045733338,8000,1080p
0.8742354960488012,1.0037630527465393,17867.12349779173,15000,1440p
1.7833736745642736,1.422436684056288,10466.755124728663,8000,1080p
1.059945676146527,0.7807892257443574,18228.823697280583,15000,1440p
1.8013560767553647,1.2281669576393608,11075.813459429237,8000,1080p
1.7747170365998064,1.5855809789068152,9985.552425754446,8000,1080p
1.9096930652166635,2.64176331890287,7372.240700158003,4000,720p
0.7148918010577588,1.0076980731218095,19479.060281822007,15000,1440p
0.9667689355147321,0.7529055812037523,19512.083056292075,15000,1440p
1.7392733120502315,1.2592369793412683,11190.36746224693,8000,1080p
0.8500335200264717,1.140438430774963,16857.525666960435,15000,1440p
1.1931212405243747,1.137542650096337,14396.941633254397,8000,1080p
1.396262988797178,1.616677549791104,11136.772057148524,8000,1080p
0.6538984053373272,0.8556210042297837,22228.552867447062,15000,1440p
0.8105437215755639,0.7699746466528244,21230.017109900054,15000,1440p
1.5728926240184005,1.216897998574154,12027.580754005776,8000,1080p
1.0036544230248015,1.2702867570141003,14756.06858020222,8000,1080p
1.2954666313871157,1.2639807119338138,13110.030213187552,8000,1080p
0.7892702522159201,0.5271172050330732,25489.7840413358,15000,1440p
1.2029806128700773,1.46409879740081,12580.964732726867,8000,1080p
1.1028390785251674,1.0970277758714462,15252.937664358516,15000,1440p
1.1269994461681392,1.0975404393259252,15083.762812617608,15000,1440p
0.9629402407811569,0.8434339389082179,18575.571095557865,15000,1440p
1.5024449083313647,1.5474533152147296,11001.820238114868,8000,1080p
1.3698169595834886,1.306804059009625,12536.116157989707,8000,1080p
1.747281629050478,1.2847189634517595,11066.763008878019,8000,1080p
1.1968015959145044,1.2053747518419928,13968.3466750216,8000,1080p
1.3108271104201081,1.4204089416012684,12285.438300057038,8000,1080p
1.0522425842148178,1.2857802004211025,14351.62746081841,8000,1080p
1.7616559399614768,1.697202287693552,9701.013973836272,8000,1080p
0.8748151702346904,1.254957674977684,15754.934652035183,15000,1440p
1.2242616050611956,1.0856071364678535,14526.553564159747,8000,1080p
1.674669727317929,2.2843035154279763,8475.538969979745,8000,1080p
0.8343711409816227,1.1734352631440825,16711.98574277444,15000,1440p
1.224884787158917,1.4305742166710558,12636.019592697303,8000,1080p
1.0211302111451594,1.4460860543634295,13600.117861205463,8000,1080p
1.2151930784802332,1.2496122500076954,13613.42074856048,8000,1080p
0.9974941592407286,1.4135522949175883,13916.957901051172,8000,1080p
0.774914592424224,0.9871858904221245,19042.29204102992,15000,1440p
1.4149147348134876,1.1927472162096426,12867.631092609507,8000,1080p
1.046928605708063,1.4812046558441387,13272.414279063176,8000,1080p
1.39329614309866,1.2768815648941936,12566.366612813401,8000,1080p
1.4267364521123338,1.6351369439136794,10958.79145217111,8000,1080p
1.1628184974454563,1.1108576693663468,14757.788505585972,8000,1080p
0.7374084723574392,0.9765070212581555,19577.64669552941,15000,1440p
1.2618728954589722,0.848151512574014,15902.390452099187,15000,1440p
0.9840727546385943,1.2281059976660746,15168.047322144592,15000,1440p
1.1619596177550255,1.6165766068938463,12076.298196990514,8000,1080p
2.325136239771666,1.8629283076412957,8011.9185414005,8000,1080p
1.3479455631686483,1.2561506244137717,12885.250614014809,8000,1080p
1.684580202079978,1.6624443752540619,10025.152557059098,8000,1080p
1.0034213183111302,0.8492583469203954,18111.297181969538,15000,1440p
1.5218446713690363,1.3736888203441915,11588.34187068806,8000,1080p
0.9943455920363401,1.1198904785307708,15870.712105956809,15000,1440p
2.4137994010454826,1.6786618579924357,8199.08360180499,8000,1080p
1.1726310068609342,1.6850856671704453,11741.69304638055,8000,1080p
1.77912697003505,1.2101168505057462,11225.056908850458,8000,1080p
0.8721238788209051,1.055948248108066,17403.099983321383,15000,1440p
1.4471110853390494,1.0977432736842847,13185.207193105362,8000,1080p
1.4226715715161407,2.1316273518199935,9440.520542516766,8000,1080p
1.3015521689263987,1.0392378260107242,14334.661406010206,8000,1080p
1.2470115933812778,1.6391070172925704,11626.14449589989,8000,1080p
1.3560999043136492,1.2455197420027435,12897.516378887047,8000,1080p
1.2575652277991878,1.0436410919515995,14581.235811847513,8000,1080p
1.5244082222608104,1.8457899877608641,9956.219162487836,8000,1080p
1.715140402955945,1.7490665533658927,9686.035627509626,8000,1080p
1.4097460663051131,1.989949337133452,9869.834799335826,8000,1080p
1.3859536983239729,0.9515955272656125,14354.534926012853,8000,1080p
1.1083947243039272,0.8836769766458077,16843.98808737792,15000,1440p
0.8576150626680077,1.0376452535320142,17704.392221579514,15000,1440p
1.3077551143204158,1.1942887246613105,13410.808986326903,8000,1080p
0.9156071052820309,1.2149807197834617,15748.90816761734,15000,1440p
1.719633210609191,1.3811742666424336,10821.191656097493,8000,1080p
1.2548324029854627,0.932076793729316,15343.31285926557,15000,1440p
0.8270912494559868,1.220155159060596,16390.030951043776,15000,1440p
1.377873475846316,1.2863482522582805,12594.459254662555,8000,1080p
1.1688772178610902,1.394656344043696,13089.13310074552,8000,1080p
1.2413105862154297,1.4313711943480516,12554.593009918945,8000,1080p
1.1737716211276001,0.9431812393796124,15850.344438921755,15000,1440p
1.431746087021989,1.1381559716897132,13056.696805333086,8000,1080p
1.3017463977215202,0.9377250234380012,14983.192767258743,8000,1080p
1.278180762130177,1.4759179643784308,12183.452857747483,8000,1080p
1.200716345156807,1.4676633190876274,12574.834252269387,8000,1080p
1.0373400483114876,1.1265364730013956,15506.629731183371,15000,1440p
0.9477442234818497,1.1780319520229114,15784.55548925915,15000,1440p
1.0081716130843401,1.4152326785029072,13845.99017030831,8000,1080p
1.2160410426094417,0.8171807565573712,16503.084913682393,15000,1440p
1.4098430889268838,1.654890613776926,10948.563645316774,8000,1080p
1.7537968761325555,2.408614837223955,8061.295784924211,8000,1080p
0.6598734575263105,0.8546014390685992,22155.81920535135,15000,1440p
1.9490353021485027,1.797607213840789,8955.866981384543,8000,1080p
1.2182564050740796,1.7354746384838917,11360.016028941278,8000,1080p
2.1591633377937725,1.9534019893489414,8159.002795297261,8000,1080p
0.8725919542656478,1.3077206695984938,15389.734312748182,15000,1440p
1.4226293873407083,1.6341674575000542,10976.991178407196,8000,1080p
1.4669344939856075,1.3889515521683011,11749.219491859129,8000,1080p
0.9537335937977021,1.0168398071149616,17027.75039207339,15000,1440p
1.604709925503037,1.4856041790941847,10857.9357516065,8000,1080p
1.3819007712790419,1.292022730120752,12548.76288810593,8000,1080p
1.148388125659248,1.6213959278916703,12114.457788498908,8000,1080p
1.1607372656060508,0.809975827192434,17026.543398233312,15000,1440p
1.658535591937527,1.5377285846698006,10498.015854126403,8000,1080p
1.0686736743840497,0.777105072968626,18179.010917817606,15000,1440p
1.0092376274970967,0.9818800388546658,16852.058804480555,15000,1440p
0.8092393385550146,0.96975979052733,18861.410020649237,15000,1440p
0.9896458159104008,0.9406127594696888,17383.387090194774,15000,1440p
1.0137741948232855,0.7437425300933687,19091.956010598555,15000,1440p
1.0322461771725089,1.3823366580736125,13896.575222104466,8000,1080p
1.3288335289950302,1.447428219355037,12086.191808082003,8000,1080p
1.46239659721342,1.099073362064972,13099.678127575165,8000,1080p
1.0167842913378196,1.5214595612265245,13219.546248915578,8000,1080p
0.8611753424607268,0.6266501777991359,22552.665983400664,15000,1440p
1.1111867374755207,0.9806105594725922,16040.957720403976,15000,1440p
1.0504995094458502,1.221980618076147,14765.555743974353,8000,1080p
1.361873941755996,1.4734870155668296,11834.271722385009,8000,1080p
1.8522064105250193,1.6445071034548147,9595.991168807406,8000,1080p
1.0971264113563919,1.4443449314428873,13202.758352979023,8000,1080p
1.1675442824368398,1.526394757503182,12455.52757598667,8000,1080p
1.5965158473653818,1.6096077920657483,10465.732383905706,8000,1080p
1.095766675077372,1.1108509174341306,15206.27412464767,15000,1440p
0.9424612409703838,0.793350786428865,19330.68297163161,15000,1440p
1.4107622571049736,1.587189066055543,11192.453907032108,8000,1080p
1.6736611648472917,1.6644752180719482,10051.845745935716,8000,1080p
1.0326454586598874,1.4435216803868647,13550.956020245636,8000,1080p
1.4922673015653154,1.075896009187168,13065.536704583012,8000,1080p
1.499959283613108,1.1629689906729885,12600.576712489785,8000,1080p
0.8652363377731329,0.9071445027654588,18931.84085075275,15000,1440p
1.2552533608597707,1.1660712820970671,13857.882336267181,8000,1080p
1.0321978736081956,0.7094792957484346,19265.58640737933,15000,1440p
1.1467967684618556,1.3585993812601833,13392.864838449877,8000,1080p
1.1535453428583373,1.0096185158620312,15511.738449554769,15000,1440p
1.0909847657599627,0.9007422329543988,16846.903226023962,15000,1440p
1.0256557149416214,0.7783947175304811,18599.49777236556,15000,1440p
1.750588025736841,1.211377056508623,11328.436044412249,8000,1080p
1.1729076261949978,1.479906618821319,12648.617242250075,8000,1080p
0.6856786919760373,0.5039222662100663,28206.460131945085,15000,1440p
1.142277236587589,1.4360027107240985,13014.270244387706,8000,1080p
1.5177852619209524,1.6778383304864404,10500.120251872995,8000,1080p
1.242564937973859,1.0440948656550468,14673.993895703006,8000,1080p
0.6939934853532683,0.9760736714624632,20091.66629201742,15000,1440p
0.7814509292931724,0.6143830093088289,24038.985635788787,15000,1440p
0.7062645836369199,0.9985471464474003,19682.192120029813,15000,1440p
0.9110020638092078,0.8795014896689441,18740.220836098684,15000,1440p
1.0896171323194477,1.3631518238930898,13680.225328607119,8000,1080p
1.5060485573679636,2.210472620747038,9028.45171381981,8000,1080p
1.0412382635222246,0.8707257571895031,17549.719365278317,15000,1440p
1.0125231476464571,1.4120219131125133,13839.47551360264,8000,1080p
1.0723324173551994,0.7567389971622649,18345.06391258219,15000,1440p
2.6482659354506737,3.070974170227342,5866.938855511142,4000,720p
0.8927088262088849,1.244886811531669,15697.277542850505,15000,1440p
1.5436158264500743,1.169780487340539,12366.211242147843,8000,1080p
0.7549601417144378,0.7992814003703914,21588.94296120199,15000,1440p
1.0649812786152744,0.7904879916068874,18084.06775499031,15000,1440p
1.0329999301004564,1.2495749972814139,14700.25434761398,8000,1080p
1.464266828248812,1.1050706635442884,13059.565785802195,8000,1080p
1.124847414828099,1.5056243757352838,12756.050880444325,8000,1080p
1.606465305766386,1.170932434049584,12081.248399886475,8000,1080p
1.6178691840332515,2.372421490232456,8409.019477302785,8000,1080p
1.2622334503517643,1.0491350342845782,14517.127936560604,8000,1080p
1.174196215235361,1.3175764115489723,13466.089016036127,8000,1080p
1.8212586657274787,1.5944402071351922,9823.591964322748,8000,1080p
1.1937552022885414,0.8297194131086507,16582.581142691295,15000,1440p
0.8061693264586893,0.9068601040043258,19587.773218193084,15000,1440p
1.059180869033352,0.8868743070533287,17242.281931324556,15000,1440p
1.6414606520546466,1.2269812561139046,11697.790324582138,8000,1080p
0.9098207774768593,0.9556035064922724,17987.560410977927,15000,1440p
0.7178943013284932,1.019847967109524,19309.210928131855,15000,1440p
1.0867707246666585,1.133189320336504,15114.881042803723,15000,1440p
0.7906835925953357,0.6044955040710656,24050.268585713435,15000,1440p
1.735213914112726,1.4753336867145304,10451.31116927034,8000,1080p
0.9175286039878396,0.8602494220349759,18874.36536442451,15000,1440p
0.8327353928231203,0.8871018509762116,19510.236867457374,15000,1440p
0.5787932241290199,0.6866102429242442,26516.78525754158,15000,1440p
1.02540638888785,1.0070744009863624,16509.10166884118,15000,1440p
1.6653574967695846,1.277410237536379,11402.337876969295,8000,1080p
0.8088408884571919,1.08637797663145,17704.77944162434,15000,1440p
1.3919217422350743,1.7966849138537335,10523.227107967705,8000,1080p
1.2388657194380537,1.3770589388627341,12826.987158642318,8000,1080p
1.3109651558564508,1.4057288824317506,12351.200218756605,8000,1080p
1.0587038082264002,1.3804838280196676,13756.396392546732,8000,1080p
1.585496994682475,2.3318153360146305,8565.676966081695,8000,1080p
1.1542527539871588,1.538557102362734,12460.750587671673,8000,1080p
1.0686676704989315,0.849342388123183,17494.398347475442,15000,1440p
0.7748595544477559,0.9842751109277486,19074.396440728135,15000,1440p
1.6956373458310783,1.2098192011171258,11548.76400930672,8000,1080p
0.8891943170060306,1.1450528695865168,16494.76632985057,15000,1440p
0.7526480945115461,0.6381479118438007,24126.062950044798,15000,1440p
1.4169098073957944,1.3570634054150748,12096.16294960515,8000,1080p
1.1084934758335718,0.767140320329823,17889.649924540452,15000,1440p
0.8271676497972595,1.0149469172537837,18215.171086625603,15000,1440p
0.9426635317423842,1.005927327248577,17219.844712489048,15000,1440p
0.8017672806437475,1.1408886096470927,17272.452711620725,15000,1440p
1.1073629712590036,1.2096504765417522,14481.759711774193,8000,1080p
1.1238445871558862,1.0953956319225333,15119.78365908225,15000,1440p
1.1533177697920827,1.3618779443529234,13340.68430989125,8000,1080p
1.2193020377712518,0.975937569346712,15285.08864872941,15000,1440p
2.062815714082151,1.609858077831225,9136.240761126497,8000,1080p
1.5240837758485255,1.2080396771255084,12281.447957073302,8000,1080p
0.7321556062782713,0.9806384833904458,19590.464611242318,15000,1440p
2.1491228419361605,1.4500486445499958,9322.821134249132,8000,1080p
1.1374246038929525,0.9077748901161364,16406.434725947023,15000,1440p
1.2874909662881069,1.066024748833899,14257.152303850475,8000,1080p
0.9420580716613239,0.9849088450435007,17413.081516406703,15000,1440p
0.8830230849953833,1.0032708869566784,17788.548603204017,15000,1440p
1.0408581654066642,0.9182022176414546,17127.819178188052,15000,1440p
0.7902952935964982,0.5372646096078451,25275.26774423464,15000,1440p
1.8038616461663872,1.2606348200314745,10949.411223055244,8000,1080p
1.4941710215412902,1.1252656561525702,12809.789328269298,8000,1080p
1.3184732976986926,1.1910111922053355,13371.045780515362,8000,1080p
1.2143614862629388,1.6695710735289742,11634.957234374815,8000,1080p
1.2894608894659023,1.5498906834202257,11817.63904140014,8000,1080p
1.2591789516352916,1.4887715750381962,12210.711828432763,8000,1080p
1.6390153403053735,1.2388614511289566,11659.440077445606,8000,1080p
1.3458044928151698,1.0854250100153178,13801.425147619851,8000,1080p
1.1733982708662885,1.392835774426678,13075.359225923354,8000,1080p
1.3412625474704294,1.1822150894352461,13296.90087570775,8000,1080p
1.0635535770259141,1.0569842855729854,15823.54769128064,15000,1440p
1.1083738863755332,1.1271252326107533,15009.816695975998,15000,1440p
1.1048199961940102,0.7552233880899413,18039.596432809674,15000,1440p
1.1707895369647179,1.0021474274547997,15441.972109376764,15000,1440p
1.0785924369831457,0.9918266908158504,16206.589066664375,15000,1440p
0.8957654221629827,0.9938065973614485,17757.688859324346,15000,1440p
1.4206815490798692,1.2494885553541812,12566.402396716201,8000,1080p
1.770400182084184,1.7178094940487851,9619.385047173671,8000,1080p
0.9208296456959428,1.0470789395096216,17050.808280555855,15000,1440p
1.0152190017014455,0.9470945559462216,17099.42423280382,15000,1440p
1.416724679826929,1.2038517490154124,12804.218045578205,8000,1080p
1.8967161915072144,1.4303113928336606,10085.408416187673,8000,1080p
2.2629993209179093,1.511545862487456,8889.662295611322,8000,1080p
1.14410193485923,1.4594549271330592,12887.919787672135,8000,1080p
1.454605241492973,1.005063346854798,13641.85084078317,8000,1080p
0.9242780707112759,1.2964226733497635,15109.839580923608,15000,1440p
1.3425785806201076,0.9850984016330666,14415.415994499184,8000,1080p
1.4990213054281614,1.0019756806773317,13416.422405310592,8000,1080p
1.4616266256446484,1.6990440078409703,10616.238099759177,8000,1080p
1.0573106003741304,1.1418605990226005,15257.762564917426,15000,1440p
1.8273993526299137,1.7369742823024887,9413.83688599648,8000,1080p
1.2582040328811306,0.8736964966484517,15739.210875567447,15000,1440p
0.6847585798152985,0.9856829397295547,20087.163547720367,15000,1440p
1.9347573100793742,1.3120413026349091,10334.620653280652,8000,1080p
1.3814865698802494,1.9087365019112865,10198.224031578964,8000,1080p
1.2487047006011454,1.0293726559324796,14729.276819228475,8000,1080p
0.9614299659959227,1.3248350354446603,14676.527864817614,8000,1080p
1.0002155785840965,0.9567901736103619,17145.801417483955,15000,1440p
1.0004834029363705,1.3085401330274218,14531.870930451256,8000,1080p
0.949638895471324,1.2293342457895022,15399.194861385164,15000,1440p
1.1853582340423714,1.289519951110332,13558.013562566372,8000,1080p
0.9317770487463723,1.0582742546199146,16861.088929336012,15000,1440p
1.005250289534254,1.1337203230355377,15687.187006130578,15000,1440p
0.65823474104756,0.8379495012179221,22426.6711626322,15000,1440p
1.0378484753473391,1.008777493802786,16394.999626596986,15000,1440p
0.8466558003781788,0.68013308983775,21977.12612072682,15000,1440p
1.4568194160969958,1.177790811616764,12736.013717337455,8000,1080p
0.9330547900762831,0.688960131577764,20686.882439887126,15000,1440p
1.1988901248999062,1.1606368602671002,14220.829942161068,8000,1080p
2.0842892941522444,2.1750668278266683,7877.817923430756,4000,720p
1.035656636812436,1.0715712310731722,15923.49480157004,15000,1440p
0.9454739850403908,0.9640903997645658,17571.77305306061,15000,1440p
1.0753788119940595,1.1587045391127042,15019.328613400727,15000,1440p
1.7961548182728202,1.4763530602885981,10253.43047141888,8000,1080p
1.5185913565408002,1.5143986940089862,11063.152677971242,8000,1080p
1.338029870518673,1.0726268927944613,13919.207624516313,8000,1080p
1.0490442745673678,1.3475448994507517,14000.91111308104,8000,1080p
0.8655018331291959,1.278610348674687,15649.569217861545,15000,1440p
0.8723848139527063,1.1212573265628691,16830.719675358836,15000,1440p
1.3214336435052727,1.313075688399793,12736.501478146647,8000,1080p
0.825368026240925,0.6281381706585979,23085.16611183016,15000,1440p
0.5883538646240686,0.8520352056538872,23295.3947599206,15000,1440p
1.0369622002007324,1.222064792907302,14853.488737571412,8000,1080p
1.4538950833453188,1.7477278333465995,10480.44472228796,8000,1080p
0.7345272869651459,1.0343217419794453,18969.64153013145,15000,1440p
0.5475891257076412,0.6966834144448136,26967.108022723653,15000,1440p
1.4257327800723738,1.7400468286708906,10599.105480156995,8000,1080p
0.9655784471137024,1.1116347562610995,16153.581127582314,15000,1440p
0.9573094803592833,1.2445317047503948,15239.260772719439,15000,1440p
0.7858024562645821,0.6533402366047055,23315.569864097994,15000,1440p
1.0039655093141253,1.257955961035744,14834.481408768745,8000,1080p
1.087204884011888,0.8859689530933539,17005.309602739442,15000,1440p
1.7431793087157865,1.9298843104264105,9135.271119490239,8000,1080p
0.7316621710469038,0.6446786015135142,24379.450691981187,15000,1440p
1.5109576491392478,1.4510702318745954,11328.19586712161,8000,1080p
1.3006240536772182,1.355656421316474,12632.111825495265,8000,1080p
1.1206175163770273,1.2968949273480954,13879.734967691122,8000,1080p
1.5502110033680516,1.6367894662854243,10528.530610366803,8000,1080p
1.7652550621469842,1.668917648559333,9770.746793075166,8000,1080p
0.7767675682404354,0.9940847008130802,18948.182514363078,15000,1440p
0.8722571691973725,1.276942781457882,15612.522227059342,15000,1440p
0.7897397012259063,1.1136069536204114,17629.175386713407,15000,1440p
1.0159525450421842,1.3990018708230725,13894.437004508736,8000,1080p
1.7906263460893082,1.4635448473250954,10311.206757624013,8000,1080p
1.032863772992218,0.9108523301127378,17263.03133796085,15000,1440p
1.344015233533822,1.2284414706535538,13043.730510753008,8000,1080p
1.4410420739876197,1.1281870246861676,13060.116755380239,8000,1080p
1.5586488934654559,1.1405532407355248,12431.24091183812,8000,1080p
1.4102181553596007,1.116845373899078,13278.032630166323,8000,1080p
0.9186303221430426,1.1623974550958,16123.971225660822,15000,1440p
1.2115420794965879,1.2608233134347324,13571.793269690095,8000,1080p
0.7110139825334953,0.8179513235273403,21945.8426342245,15000,1440p
2.4596235926349874,1.9603370754001648,7591.568007078279,4000,720p
1.1869012361551565,0.8961342807094441,16108.4300907679,15000,1440p
1.019126215915974,1.3026537131449323,14452.02948824345,8000,1080p
1.6968455030292486,2.0253898476203536,9014.591727560724,8000,1080p
1.0272846772586244,1.3943253817850014,13856.249016925442,8000,1080p
0.9196014599647041,1.205303506342585,15791.027143351119,15000,1440p
1.462038557678775,1.4655847877365582,11461.321365860242,8000,1080p
1.0848961693931314,0.9056091421029195,16857.243136307283,15000,1440p
0.8632838915779741,0.7985637045472935,20191.0404288786,15000,1440p
1.3980898383427918,1.1415218542905667,13212.426174178992,8000,1080p
1.259252212023194,1.3690624776508382,12766.519980208868,8000,1080p
0.8705456005998465,0.651455483463565,22046.26024997103,15000,1440p
1.2266501349579648,1.0358071502547228,14830.968177525454,8000,1080p
2.045344714608152,2.654409378464932,7139.614400135426,4000,720p
1.3843365929801312,1.2976524429941472,12511.025045190305,8000,1080p
1.1617137723532502,1.1702233545603635,14389.080911632578,8000,1080p
1.3272660685338236,1.683853695417022,11143.506280193164,8000,1080p
0.6217529980719855,0.7330455031909379,24767.101505294737,15000,1440p
1.0424036063779651,0.874013092921998,17508.943651063415,15000,1440p
0.7627497338985088,0.978899690248815,19265.893316289857,15000,1440p
1.8386120151695042,1.8518575421533603,9092.18501299358,8000,1080p
0.756823382674359,0.7362168405209922,22473.89687076749,15000,1440p
0.9747202286387355,1.3480014962669924,14446.169612230182,8000,1080p
1.4388524341078224,0.9997523141216047,13759.684518109187,8000,1080p
1.2178127594368906,0.9395128719005283,15553.716839306344,15000,1440p
0.9807783331028422,1.0833895413938701,16255.67010056354,15000,1440p
1.0072315914840209,0.8662614706855272,17910.09141028961,15000,1440p
0.7694429423484075,1.0803249383394715,18139.806810529117,15000,1440p
1.6332388985766957,1.8310399037143927,9685.834748002642,8000,1080p
0.9098197209335719,0.7720771228711489,19950.35077424516,15000,1440p
1.081677443416757,0.9666123660022135,16381.681852685799,15000,1440p
1.884918334814331,1.6903255271506084,9385.214909944247,8000,1080p
1.1826592792390964,0.8296169634874011,16674.86366312014,15000,1440p
1.798790456617335,1.289574648864937,10864.787955425438,8000,1080p
1.1666054501352212,0.9788578874632821,15639.713535053328,15000,1440p
1.1811640742093406,1.243722371375733,13837.527139092086,8000,1080p
1.2337930616726047,1.4638176623823305,12438.574513657919,8000,1080p
1.3502765339628346,1.0748913242982805,13835.921454137642,8000,1080p
1.6659318876709142,1.5745183286557598,10354.86730545634,8000,1080p
1.0550765585311992,1.5770016325066876,12748.265653448821,8000,1080p
1.436480341812854,1.3433091462413178,12070.853618303236,8000,1080p
1.0846354907210003,1.5404797732539897,12782.079499698373,8000,1080p
1.9441510268072513,1.6396992094569014,9362.67695018906,8000,1080p
1.434508848029113,1.459650711712633,11593.843154588947,8000,1080p
0.9955732063100607,0.9795959113625162,16988.1311426834,15000,1440p
0.9078143575391611,1.0483538468344602,17153.142518612996,15000,1440p
1.6605982211289159,1.150035007299965,11938.388709207935,8000,1080p
1.5400578759737718,1.7890051404630167,10079.242067311323,8000,1080p
1.035185584160667,1.49600561930922,13256.379823856001,8000,1080p
0.9391536499997413,0.8718571032626268,18528.013673886144,15000,1440p
1.2529266541976587,1.8789932107144431,10713.694298478391,8000,1080p
1.8103683280752536,2.2584601261052573,8246.705993594927,8000,1080p
1.1502298387142518,0.945284557220083,16012.503691266202,15000,1440p
0.93723894238924,0.9921381381463086,17391.32922149469,15000,1440p
1.064943295061639,0.9182939523121707,16919.020679161087,15000,1440p
1.127194004462699,0.9048346372402234,16512.775121063267,15000,1440p
1.883096441351416,1.31065527723455,10506.27442475592,8000,1080p
1.3974425026278612,1.539676104801181,11424.268640404453,8000,1080p
1.0923605473757045,1.3770427834943826,13588.07270587798,8000,1080p
0.5970434634976066,0.5480219787359523,29303.50595032271,15000,1440p
1.0262297961107851,1.468305205125601,13451.177066414844,8000,1080p
1.4086747462266032,1.3589896489675142,12123.73583237377,8000,1080p
1.6095497472217613,1.2851271655531296,11591.771037353561,8000,1080p
1.0759194810813708,0.7709871646987858,18167.909069289308,15000,1440p
1.0983721315660488,1.0873765203452106,15351.459542550503,15000,1440p
0.9139997069436818,1.233800038482598,15622.70042700855,15000,1440p
1.0693224251789748,0.7239682364358067,18711.095037870586,15000,1440p
1.228350983335311,0.8576323368960359,16085.666493382427,15000,1440p
1.2732512877625772,0.89330814968017,15487.427402225007,15000,1440p
1.1381250821323867,1.047729316899641,15350.716870647499,15000,1440p
0.7490007074794248,0.9409699531624974,19855.038185843183,15000,1440p
0.7718010092583563,1.0415166720123894,18504.44207684864,15000,1440p
1.3598061120710565,1.1115940943831528,13577.093629906884,8000,1080p
1.7274199447166707,1.357003537888766,10878.672202189404,8000,1080p
1.31319241679188,1.0255738884546561,14347.06491397948,8000,1080p
1.0557890351391455,1.5001065149363557,13128.24853073859,8000,1080p
1.3635085512407112,1.174296219893976,13221.833445051549,8000,1080p
1.2530938561089555,1.0995686898734287,14262.322515101256,8000,1080p
0.7345305982085217,0.9249191269267549,20220.216070278762,15000,1440p
0.8243270937549196,1.073695340902145,17678.627706032687,15000,1440p
1.3100270440338386,1.2762503994530716,12974.026465915711,8000,1080p
1.1782534437512853,0.9646505993229795,15658.392221735678,15000,1440p
0.977613355114167,1.3901154358352532,14171.569027779244,8000,1080p
1.0877240878027663,1.4392504734405216,13278.500114180413,8000,1080p
0.7722000187013249,0.9310861475272014,19699.820655678403,15000,1440p
1.2496635523440924,1.011415091813945,14840.011021595728,8000,1080p
1.449152035375188,1.4418408997028112,11606.542372644954,8000,1080p
1.364703259723319,2.0146277468739386,9929.312024922618,8000,1080p
1.1017425538607735,0.8138712885113513,17516.28186109221,15000,1440p
0.6692652934185636,0.5878401695831189,26691.81941177762,15000,1440p
0.9025041877742156,0.8434056013294674,19218.880728783934,15000,1440p
1.4667746380240247,1.238033112800157,12405.477612882332,8000,1080p
1.3536567169235978,1.3888483192525616,12234.957295387332,8000,1080p
1.0914038966580717,1.5568851222146176,12670.230386819067,8000,1080p
1.057763952052919,1.3045606456567345,14203.98874588702,8000,1080p
1.508396089049982,1.072805203252364,12999.540988944167,8000,1080p
1.2505134757809107,1.4671906247147468,12346.609770313225,8000,1080p
1.0634998131806488,0.8230186142068643,17786.43214551942,15000,1440p
1.7178650372114828,1.5632267812063156,10226.605610866614,8000,1080p
1.5311684271082227,1.5053419076662946,11050.326954507684,8000,1080p
1.342388758443356,1.9675045615990798,10137.617365737275,8000,1080p
1.3037834449872092,1.8578538850199433,10612.992097965925,8000,1080p
1.5275218497857335,1.7317807383080348,10294.972956047204,8000,1080p
1.3749223070860808,1.5188991004386034,11595.197931962835,8000,1080p
1.2389820199561423,0.8377053098622549,16157.67165244576,15000,1440p
0.9777704248218549,1.3638350175380354,14329.66946224021,8000,1080p
0.9391877735789577,0.9046117221034234,18198.525424578052,15000,1440p
1.4777857744073106,1.715658839491165,10507.284783949206,8000,1080p
1.0445723936861977,1.1512122520521608,15281.294577372786,15000,1440p
1.8083356467445373,1.3067557138008288,10771.572360601825,8000,1080p
1.1865314438068528,1.0287230191125574,15146.987653860646,15000,1440p
1.507020367633518,1.500629733493632,11156.361568596394,8000,1080p
0.8437950710409751,0.8278424424561378,20072.79193549754,15000,1440p
1.131819511130888,0.968021654543088,15979.50956887265,15000,1440p
0.9647662745677216,1.2098427638540734,15430.098655504467,15000,1440p
1.656396364590348,1.2238326463843106,11649.918069759775,8000,1080p
1.4436245827969645,1.0294970790833424,13567.643079268759,8000,1080p
1.2920631054870415,1.477985341167452,12113.301498580333,8000,1080p
1.5453347834879547,1.1118566531831513,12627.781174109363,8000,1080p
0.966613330267891,1.2312411334794167,15266.903497691204,15000,1440p
1.0746536735332797,0.8264237610411678,17650.218444421804,15000,1440p
0.7648805090250024,1.0238747601056595,18758.537055942546,15000,1440p
1.156496705630494,1.315029379520164,13576.402127252728,8000,1080p
1.6952780462979655,1.6032938020621672,10172.41204452812,8000,1080p
0.9671732451790267,1.3878483701331326,14248.03567909178,8000,1080p
1.0948260662193092,0.7394494296386653,18293.016548370266,15000,1440p
1.1190564579621376,0.8609669660593298,16946.48234607764,15000,1440p
1.1026363509880273,0.8007382926782121,17628.916152506987,15000,1440p
1.277545034884083,0.917476727434118,15286.605616412011,15000,1440p
1.6303699452000124,1.360865364625457,11217.583548102008,8000,1080p
1.9442730833998092,1.689066216957046,9235.149603755528,8000,1080p
1.0033577000533587,0.9683911884187311,17017.599044268445,15000,1440p
1.4690227863115897,1.166145754516042,12733.315338328039,8000,1080p
1.0069923873837683,1.07096339287978,16147.808494627481,15000,1440p
1.4496759224597615,1.087313340143273,13226.08356866755,8000,1080p
1.0432224758659747,0.8883087140590162,17371.933818631762,15000,1440p
1.0359751768631573,1.207529068329839,14956.259642429826,8000,1080p
0.9845884130133602,1.1735689110830998,15547.722876990902,15000,1440p
1.5789297279461985,1.3134476795945154,11600.986756610766,8000,1080p
1.1853325473883087,1.1655002106405492,14273.423698644961,8000,1080p
1.0585406626611047,1.07677064516535,15714.070298328184,15000,1440p
1.0831221386280625,0.9221504505025206,16733.102612522143,15000,1440p
1.100612583697242,1.5975184977407593,12436.175629434862,8000,1080p
1.185056151069761,1.4356388296071887,12803.638823825495,8000,1080p
0.7705579133647447,0.956638067435551,19427.113294029645,15000,1440p
1.5021835444693084,1.2601992516012341,12146.916078296892,8000,1080p
0.6795167767656186,0.8528329197351342,21897.372431778673,15000,1440p
0.8157139672752504,1.1251924036196512,17288.0219794059,15000,1440p
1.952876555578326,1.6202549817699998,9390.763158106753,8000,1080p
1.3502577673817844,1.1526762188483803,13406.039545828598,8000,1080p
1.5813960057284273,1.5990231423758785,10550.317564274563,8000,1080p
1.477098193561402,1.0042262457013147,13522.791082479374,8000,1080p
1.0075387750341385,1.0903129880400582,15994.66301223746,15000,1440p
1.960788008600653,1.9783946272446618,8518.120407686938,8000,1080p
1.1307003811923506,1.0458244190129289,15416.517191458284,15000,1440p
0.711310881370038,0.6285707784565342,25042.832517271057,15000,1440p
1.4202457822234877,1.2748046672818742,12450.39105155098,8000,1080p
1.0396918086641056,0.7013357748597404,19272.77449107711,15000,1440p
1.3579637181182243,1.1328649359251637,13471.192386329241,8000,1080p
1.723874706398505,1.6485132492103745,9949.75442970404,8000,1080p
1.3249527125899907,1.0259144880732163,14273.214578234749,8000,1080p
1.084154339851169,1.0786167135855893,15514.555711609059,15000,1440p
1.3368709158377132,1.0189476527745038,14243.21569031799,8000,1080p
0.8580328653406303,1.1050042382142125,17093.12164259995,15000,1440p
2.168628049313228,1.749670525338987,8563.520967255095,8000,1080p
1.559633230558324,1.3431098546930127,11559.559704228754,8000,1080p
1.2692531085725045,1.384437269656311,12644.441218645725,8000,1080p
1.8246508605101772,2.438574337861885,7870.668434971008,4000,720p
0.8091408409925694,1.0449520442076374,18097.49245457935,15000,1440p
1.1020496847944687,1.3508380342667845,13679.562965418429,8000,1080p
0.8468200516809335,1.137775882339604,16907.43764249432,15000,1440p
1.1746794287309255,1.0221150234583767,15274.270183339186,15000,1440p
0.9303057139994735,0.9140276788943495,18193.257319573837,15000,1440p
1.1995220959686932,1.4475795669981013,12675.913611263864,8000,1080p
0.8625255539216874,1.0570379821607157,17480.240361556636,15000,1440p
1.7055691854830333,1.4636396207588802,10587.636868202842,8000,1080p
2.0437637570574774,1.4155893587235195,9699.626166213051,8000,1080p
1.3097023352345893,1.0407214612939704,14275.907200036845,8000,1080p
1.7921586608124997,1.9992317271267008,8850.165392289875,8000,1080p
1.2914198934652077,0.972151908769787,14823.665839479529,8000,1080p
1.6570085638298686,1.4442508740263367,10819.614634754658,8000,1080p
1.201539016138879,1.5866607762031681,12034.443188812797,8000,1080p
1.1325685559735383,1.542390626947876,12543.904301131824,8000,1080p
1.2438495442485522,0.9164705976006424,15532.15717892535,15000,1440p
1.4159794601037021,1.6378403224405151,10987.692263898076,8000,1080p
1.1319700296802488,1.6468441896396295,12075.090075007796,8000,1080p
0.7333782284424711,0.9336897160276122,20127.813093224624,15000,1440p
0.7833118735007167,0.9668527365894366,19172.157753933538,15000,1440p
1.4509850806512847,1.4563534070709088,11541.288412650163,8000,1080p
0.8361111445362915,1.1780852387835865,16658.967456139635,15000,1440p
1.0536578742936114,0.9071596762180301,17112.47025060774,15000,1440p
0.7610749465541159,0.7822615621386625,21741.48788096832,15000,1440p
1.840248417416899,2.137533897441311,8435.462110298024,8000,1080p
1.1321563568130464,1.1817107558045667,14501.45162486916,8000,1080p
2.193554020697499,1.5405986346656508,8985.822245860165,8000,1080p
0.7831792727122432,0.7620659332945169,21714.63264831071,15000,1440p
1.7444956273291803,1.5830827414835458,10083.739068171717,8000,1080p
1.183274600133329,1.2569507840524496,13750.546247676213,8000,1080p
1.9046528757947516,1.4987140320136734,9859.18736032112,8000,1080p
2.474513222867983,2.475766826300649,6778.2896455798,4000,720p
0.8448792386957045,0.9993765882535735,18194.022493888446,15000,1440p
1.6580220289998984,1.9570264239004422,9281.876145554674,8000,1080p
0.8237440309467533,0.7379145560177424,21486.407003480886,15000,1440p
0.92865844440415,1.1572193423823798,16086.480335788718,15000,1440p
2.1405156281604407,1.871347919599308,8363.801909149433,8000,1080p
0.9579275462795939,1.259320360893497,15133.369566590622,15000,1440p
0.9665984183667546,1.112291721147278,16140.55084596427,15000,1440p
1.5881537729715625,1.147233269102549,12266.794966812924,8000,1080p
0.9846168281894595,1.2932979317546192,14730.328188761436,8000,1080p
0.8049650149545508,1.1025077179154517,17591.04149788483,15000,1440p
1.7096440443946166,1.4607747893666236,10583.595972457857,8000,1080p
1.0177271274108508,0.9724717691565332,16859.838510549547,15000,1440p
1.560585213339801,1.5169203919723921,10903.126201323723,8000,1080p
1.4239168514164071,1.1190804962940335,13194.835625845368,8000,1080p
0.8959375775920617,0.8613878660863636,19094.034130504606,15000,1440p
0.918512840733468,0.8599856744786063,18866.719152699912,15000,1440p
1.5921131956371215,1.6826772440429165,10246.283729617344,8000,1080p
1.0177266368916857,1.4358569102546177,13675.68348712896,8000,1080p
1.4383397849568134,1.3069949109251775,12222.346532221274,8000,1080p
1.3606537375950822,0.9841103636255608,14310.365798645651,8000,1080p
1.6695435957292588,2.02050854768893,9093.21350915049,8000,1080p
1.0844429639433584,0.8383020639161827,17451.31648440866,15000,1440p
1.0831512369801464,1.4939278225684671,13020.334737374027,8000,1080p
1.330371971692666,1.3681831289395163,12434.221555134933,8000,1080p
1.599215688484419,1.950478672348195,9452.766517095148,8000,1080p
0.7887202583577587,0.9949878853084152,18811.615632943933,15000,1440p
1.2071734932359524,0.8745557920653735,16118.537716177187,15000,1440p
1.1701556815908354,1.402018352270831,13045.163957908373,8000,1080p
0.8033372076494186,1.2037859907438282,16717.67434448527,15000,1440p
1.375466963034584,1.2414557228567085,12822.095272780962,8000,1080p
1.2690118195548494,1.1014115883579,14155.459268581046,8000,1080p
1.1398495633838355,1.4578121054845994,12917.167929192494,8000,1080p
1.6773045080408393,1.267530617390477,11394.332983272005,8000,1080p
0.8443401657544156,0.6703749008896247,22152.306225052773,15000,1440p
1.6080475390028863,1.1586649421485746,12127.907120307344,8000,1080p
0.7845301943991237,0.8676801320760544,20308.813873343202,15000,1440p
0.9837826153577883,1.3955257238772685,14102.599249825555,8000,1080p
1.682509634836911,1.186398424566344,11695.88962254143,8000,1080p
1.0260611427994137,1.1261870306532378,15590.410257461966,15000,1440p
1.5352605129212669,1.3056941981981756,11810.97039972816,8000,1080p
1.0559010730824545,0.8482052222608514,17622.142252279154,15000,1440p
1.1310700531636262,0.9430611659289512,16177.583988480683,15000,1440p
0.8533433018428298,1.187436989874999,16441.961996680948,15000,1440p
1.696428965273954,1.3034659185961683,11185.202581735764,8000,1080p
1.199725470080208,1.4595677000780234,12617.800991834032,8000,1080p
1.1952261424343182,0.9860394414104132,15383.010784434811,15000,1440p
1.6256462061344743,1.5164601176828703,10678.961353298422,8000,1080p
1.2751070652347762,1.0680035221773305,14320.46450571496,8000,1080p
1.3999031003466424,1.8006881297896895,10483.823014965496,8000,1080p
0.8805872307342429,1.1174220737198786,16793.93180261863,15000,1440p
1.549783295030764,1.5755060075365432,10736.424295963994,8000,1080p
1.7961204699001878,1.4215824042764127,10428.070369482597,8000,1080p
1.2894048892265435,1.6053922610146365,11591.289564867926,8000,1080p
1.2932489735973736,1.2292118000419383,13302.26116919508,8000,1080p
1.312013470549396,1.017527781407462,14403.879721732188,8000,1080p
1.4557270184072661,1.239239562777079,12450.778512160243,8000,1080p
1.3601733585599107,1.047504829353104,13936.42728851779,8000,1080p
0.9364588236974063,0.9412140555455948,17870.222428481655,15000,1440p
2.073765557634555,1.6372704837505356,9041.796313968509,8000,1080p
1.4489574465256245,1.4979527014987815,11386.309834554924,8000,1080p
0.9072896554320545,1.1996791803783355,15925.452446046347,15000,1440p
0.8613704709115075,1.130631544224745,16844.577337289935,15000,1440p
0.9756234051206704,1.1576784509166904,15728.872079232071,15000,1440p
1.0849466183845193,1.239649717869901,14434.519867679754,8000,1080p
1.105288467158457,1.2165276741840652,14451.804086691434,8000,1080p
1.0071682539545872,0.7506550485977606,19088.626229541496,15000,1440p
1.3927340717941037,0.9859995750920378,14106.006380295712,8000,1080p
0.9590647630630795,1.0511844136042212,16691.67802154176,15000,1440p
1.2881738801733216,1.3672686841922628,12636.097820483848,8000,1080p
1.5548570625245064,1.4452084674493542,11184.56635855296,8000,1080p
1.7499125596664296,1.458985548184841,10456.68353192697,8000,1080p
1.6081293855322052,1.1256846165240741,12273.85329607703,8000,1080p
1.1726447231644768,1.4351617478498921,12866.917991406086,8000,1080p
0.7875638564160453,1.0195602914495092,18567.862113752446,15000,1440p
1.1072380460648172,1.3174524923725548,13838.645166498094,8000,1080p
1.823243394913929,2.521781160587935,7722.495367146288,4000,720p
1.7245623956874467,1.1512335253290493,11667.876623227023,8000,1080p
1.1861908354781179,1.5678849955288816,12183.554142636358,8000,1080p
0.693900393726932,0.7856801467975519,22678.340976359133,15000,1440p
1.0919665324324728,1.5333285876982632,12781.203813127506,8000,1080p
0.9345842420152106,1.293737410894657,15058.163598680978,15000,1440p
1.2019371121258535,1.3928757061353578,12931.349715809129,8000,1080p
1.3717734743885985,1.5507314408622632,11481.394547841079,8000,1080p
1.422020428474374,1.300787527788858,12323.46626680566,8000,1080p
1.542072779667242,1.3103133714370747,11763.635855197663,8000,1080p
0.7259104625680747,0.8909345324934473,20753.029574565517,15000,1440p
0.7821280400758407,1.0162760752205826,18657.893248019715,15000,1440p
0.8569585229122572,0.9551746353124622,18516.537732178607,15000,1440p
1.659160296886353,2.372489048701902,8322.755558272416,8000,1080p
1.1903322915978765,0.9385223865161236,15761.729696705564,15000,1440p
0.9454062956739759,0.9975204062538814,17270.04521925908,15000,1440p
0.9792140025140644,1.2212035044946843,15249.120629663574,15000,1440p
1.4531353814760475,1.343648968447985,11997.50420546776,8000,1080p
0.9257554723616013,1.1053269800133585,16520.467675137734,15000,1440p
2.417310001848437,1.8242126715230227,7910.940146720608,4000,720p
1.6636972897513305,1.1786193318507348,11805.311113118398,8000,1080p
1.3526310977123932,1.2841174710530014,12725.685109866656,8000,1080p
1.2737628211045857,1.1281499166694182,13969.879701415337,8000,1080p
0.8617046475171388,1.2625269156537062,15796.033060497994,15000,1440p
1.222399353817237,1.6113822817111045,11840.867192910571,8000,1080p
1.8478731588020973,1.2857422279594604,10707.897383244886,8000,1080p
0.9912012614455071,0.8218578950928787,18507.080631646004,15000,1440p
1.6947612483576284,1.4733015187040137,10591.46692068905,8000,1080p
1.3617522224362724,1.198479301076225,13106.014706812592,8000,1080p
1.9009660396987957,1.4110391070588184,10131.153338589798,8000,1080p
0.9806151309471889,1.42861929532341,13927.425091605117,8000,1080p
1.7300805429825872,1.153826896494629,11635.058580826928,8000,1080p
0.8867394884221586,1.2277109811892886,15869.102862535241,15000,1440p
1.131453215181811,1.6130031515830727,12226.258142173841,8000,1080p
1.5272926867512582,1.3595900825270815,11623.067052489943,8000,1080p
1.17243484254276,1.0721433363635713,14949.103718164704,8000,1080p
0.9294315149538522,0.7247917443874535,20284.10120007684,15000,1440p
0.8843479727251014,0.9166274332553437,18631.25497915008,15000,1440p
1.94240139634423,1.308912816316569,10320.267376600257,8000,1080p
0.7607446706361323,0.9144414618993735,20030.27087456433,15000,1440p
1.1096555100868337,1.5672933336058943,12534.580957368316,8000,1080p
1.108069927534941,1.6250376998754807,12277.025486841994,8000,1080p
1.015976137100601,1.2330319141717034,14919.658460545596,8000,1080p
1.0129473114782341,1.055170754025638,16224.621098614534,15000,1440p
1.385361139379152,1.043739901152388,13813.518433410889,8000,1080p
0.7363043590327,0.9623368888266094,19753.689628275857,15000,1440p
0.8361668113247601,0.701310293166041,21824.345807811515,15000,1440p
1.088404938786202,0.8707100167422963,17127.342071128354,15000,1440p
1.2586136186429302,1.5197413546367846,12077.086017698668,8000,1080p
1.236650928693847,0.9386916742632605,15424.895349535713,15000,1440p
1.2772250889012777,1.8999282483067665,10561.162285445846,8000,1080p
0.8126775315218719,1.0306654438217635,18203.03245181206,15000,1440p
0.7327459661607902,1.0126878196748874,19224.121976036367,15000,1440p
1.0184148696431732,1.0077698791244523,16560.401029772147,15000,1440p
0.9332352984153308,1.1273972495906777,16283.559158797758,15000,1440p
1.1855866530245096,1.0998251596471873,14682.006898692856,8000,1080p
0.7627688846387087,0.9384731858300427,19723.490608690736,15000,1440p
0.7793933576491934,0.8980784357742155,20002.97836992038,15000,1440p
1.2038240018910598,1.0407281670578503,14949.276948957278,8000,1080p
1.2103564659414765,0.8331696121065777,16419.869734205055,15000,1440p
0.8716882174356901,1.0754671159651998,17232.53991318403,15000,1440p
0.9829938644972601,1.036300196160398,16616.912144569847,15000,1440p
1.3601845061046578,1.3178309097326053,12529.588814749013,8000,1080p
1.7173183261139715,1.1969522885588995,11513.835342215298,8000,1080p
1.243951794102303,1.4013948930690887,12684.32306537446,8000,1080p
1.3846934474311345,1.0471808710229629,13797.765676200734,8000,1080p
0.9632211632866902,1.289583342264725,14894.515665835343,8000,1080p
1.166515632163719,1.061847541079681,15057.88302503728,15000,1440p
1.3088687758330153,1.0344583031625711,14319.14148936577,8000,1080p
1.290134322053505,1.8157762548106346,10803.412129745859,8000,1080p
1.101042871440755,1.4692182298785388,13054.872900958111,8000,1080p
1.8490581876148091,2.5601825360611565,7610.024968658506,4000,720p
1.0217897543803507,1.2534543892043621,14747.618225767203,8000,1080p
1.5226144907292274,1.4737351291443095,11198.436850442102,8000,1080p
1.0735458167130283,1.0788115467017414,15589.619349625586,15000,1440p
1.0780913777825645,1.1573329698441017,15010.318750274191,15000,1440p
0.8828629960330295,0.7388354139526864,20690.91995983122,15000,1440p
1.1686985832022923,1.6977005525116429,11706.12688998128,8000,1080p
2.0514195890827844,1.754001260782574,8817.535122609948,8000,1080p
1.1055167390204075,0.8702121611656877,16983.31790198518,15000,1440p
1.277171724341187,1.1591815085705193,13772.400301699608,8000,1080p
1.0021624671560068,1.4021750156775104,13955.791247930814,8000,1080p
0.8982097269793837,1.0389519743182336,17321.440939867538,15000,1440p
0.9386144131905516,1.1194110254245133,16304.187193419844,15000,1440p
1.3070673850825285,1.5194572358750156,11871.268253319773,8000,1080p
0.9362451803662748,1.07005718838353,16724.51397289079,15000,1440p
1.08149111290152,1.0234489134359848,15940.8019136693,15000,1440p
1.125914004880284,1.4525396054558803,13013.393712220155,8000,1080p
1.3539891134795679,1.47202204387699,11873.425167714735,8000,1080p
1.1988165067792647,1.0070550421121838,15211.417009690633,15000,1440p
1.1049504288610592,0.7923722376612607,17685.147915037185,15000,1440p
0.6438605062758914,0.9451300617062942,21116.82263955149,15000,1440p
0.9893178682082181,0.9903233512084156,16949.754162972982,15000,1440p
0.6142639821827389,0.9067735909234675,22060.225594214866,15000,1440p
2.392989706631789,2.14480865987627,7394.429917303909,4000,720p
1.3792895019859237,1.2257641943438953,12880.514534987828,8000,1080p
1.8349479161582245,1.560243689799964,9882.927355591848,8000,1080p
2.1370030881224893,1.7016413635449865,8741.219048152332,8000,1080p
1.130852943891542,1.0928616030874372,15089.361197724445,15000,1440p
2.29151055035629,1.5602967584968908,8711.347507669156,8000,1080p
1.1222653932992548,1.2219144822130554,14313.932284171166,8000,1080p
1.0247229895796566,1.142370160355255,15483.61315294998,15000,1440p
0.9873310889879917,1.2640006279923148,14904.259442054275,8000,1080p
0.9450363660207174,0.7282637686025625,20052.847248204107,15000,1440p
1.6051874299098188,1.1840558501341758,12029.940966451211,8000,1080p
1.5606979235325353,1.3587781834720427,11493.305911801861,8000,1080p
1.8316996952243572,1.349719700814381,10547.000512343462,8000,1080p
1.328748296805778,1.6129370055105323,11406.533517905173,8000,1080p
0.9828663944701493,0.7800779319875776,19033.17733658709,15000,1440p
0.9758203981653313,1.4322129073500418,13934.372055048716,8000,1080p
1.0904841147302822,1.2296461097900315,14462.305453969666,8000,1080p
1.503427649830777,1.3829989833426732,11624.903822034426,8000,1080p
1.5303869947113824,1.3099170755649452,11813.675990238453,8000,1080p
0.6266866317448314,0.8501093310572678,22721.102200423964,15000,1440p
0.7643448514931177,0.7197376749946032,22609.54589864422,15000,1440p
1.2879395985294368,1.9063054863477777,10504.651680880592,8000,1080p
1.2772060974853994,1.3994462672871864,12535.96934798474,8000,1080p
1.2273695668241753,1.1853266705775145,13907.441591626077,8000,1080p
1.3505265184326882,1.2134899223285727,13086.668036355348,8000,1080p
1.063163090123116,1.1174182372099861,15387.837903316266,15000,1440p
1.3703115736352722,1.3178555472660274,12482.271559347742,8000,1080p
1.1218281748669479,1.6740719005942082,12001.298721115963,8000,1080p
1.1089440906550085,1.1585216229436166,14798.209207206399,8000,1080p
0.9535639730015321,1.3227823230919875,14740.477781251204,8000,1080p
1.1293332237280818,0.8758813990699017,16733.586329616777,15000,1440p
0.8103874640189369,0.8399439600248019,20331.935459232158,15000,1440p
1.5130491290815657,1.3462223883701039,11735.30803045436,8000,1080p
0.9309012521218222,0.8236964261176029,19123.718454744987,15000,1440p
1.158354155349881,0.9736385727190027,15738.530229600236,15000,1440p
1.2410229964475405,1.113030425785348,14253.895720077855,8000,1080p
1.6405021965060351,1.609933309309294,10323.057307234069,8000,1080p
1.246331736924414,1.6028257586696242,11776.966367036173,8000,1080p
1.195571216359879,0.933382086374682,15760.999528219141,15000,1440p
0.9333892182897828,1.3684073568831958,14577.49670927302,8000,1080p
1.424222700196695,1.2676155870295325,12465.24806457663,8000,1080p
0.9110616875244911,1.1830173203920666,16023.479473863783,15000,1440p
1.1602613850107142,0.8857808193240517,16399.677352163722,15000,1440p
1.1600021959974294,1.2967243842080762,13658.187390634723,8000,1080p
1.4948467141765087,1.0734515747495605,13064.85003890679,8000,1080p
1.2391907733574261,1.1876023853644566,13826.655098068632,8000,1080p
0.7325841573538616,1.032427367040986,19010.885502010802,15000,1440p
1.0789757595347584,1.050515939303824,15757.014699000929,15000,1440p
0.7077999282501953,0.8417403468891934,21654.443281238116,15000,1440p
0.8707194693361943,1.1492612441482404,16611.263551184675,15000,1440p
2.068662583174293,1.5715466693011075,9217.720650861607,8000,1080p
1.3554630916891526,1.2613936037280027,12822.418613431586,8000,1080p
1.4979899794548042,2.138751257228888,9226.510718314936,8000,1080p
1.6828313127385344,1.8908864583498244,9389.22269448859,8000,1080p
0.8581997552289512,1.1970130186569508,16326.500314883124,15000,1440p
0.7575501410761162,1.0434415768233123,18631.086232387523,15000,1440p
1.728875471103348,1.5599989689530849,10202.405902556819,8000,1080p
1.450032980979976,1.2460750586800666,12445.507192742523,8000,1080p
0.9849175662456151,1.2398863103236506,15081.973001477436,15000,1440p
1.7368390745788844,2.5356863611546183,7853.535924997814,4000,720p
0.8199185188545737,0.8299747359077772,20337.33509919292,15000,1440p
0.9361665926192173,1.1776506096774133,15873.857003123834,15000,1440p
1.1927106488893138,1.4397046966813916,12746.632880885834,8000,1080p
1.5452592693942486,1.4587847529369753,11169.75375545955,8000,1080p
1.1106376692711937,1.1523899969880915,14827.230130802793,8000,1080p
0.8227921208572903,0.7285343681149242,21629.510124738794,15000,1440p
1.2096808414205515,1.3154463747604836,13288.214464991283,8000,1080p
2.3154437459414026,1.9990065107954718,7777.220735737037,4000,720p
0.9542050515743069,1.1067201673372362,16281.246739132743,15000,1440p
0.932770759374802,0.9019339934347548,18288.736620220094,15000,1440p
0.7814572459926286,0.5629110367180032,24959.25590593721,15000,1440p
1.2713627995959502,1.730286514681624,11178.664956094564,8000,1080p
1.1136894485290316,0.7554750108559536,17951.56752073088,15000,1440p
1.4690234542163756,2.161049626325388,9243.459086226503,8000,1080p
1.5620523906899766,1.4977046559873977,10966.371345214206,8000,1080p
1.236958102808541,1.4866290669518543,12319.940544789655,8000,1080p
1.1400573859696232,1.4255191846775233,13078.71001937633,8000,1080p
1.4076410418915608,1.5278797847524168,11430.486779533761,8000,1080p
1.5630707757664386,1.1099265773142306,12553.110821949756,8000,1080p
0.9560738411635284,1.0516141426689969,16712.971472761972,15000,1440p
2.089859532991073,1.6199187025263289,9044.861948552612,8000,1080p
1.090256655935187,1.2978471173233397,14050.659094355668,8000,1080p
0.8693639985754101,1.0293961937165865,17671.758727728742,15000,1440p
0.7636514655042691,1.0299307246159382,18708.05374006928,15000,1440p
2.05217775527421,1.5152532156905627,9405.769101938802,8000,1080p
1.4071822794879334,0.9578588112809236,14187.674003199541,8000,1080p
0.5863443682325564,0.7493999251311845,25120.40078831367,15000,1440p
1.1953116924338731,0.8293206773440085,16573.098652809345,15000,1440p
1.3487787081251659,1.06605571799801,13895.127399632516,8000,1080p
1.3087585614107087,0.991027922630908,14590.237934189374,8000,1080p
0.8142507016844397,0.966318223085059,18844.78131299733,15000,1440p
0.8684347739656945,1.296246341984809,15500.866041078007,15000,1440p
1.4996541830931156,1.0825274582055708,12994.605593711865,8000,1080p
1.5992360086742798,2.1701801154834555,8901.758493829766,8000,1080p
1.4753305088468005,1.1337553413903259,12860.608629244764,8000,1080p
0.982537572336236,1.0134245938712945,16811.156327554945,15000,1440p
0.7333984763263866,0.9719521935193585,19675.971982369534,15000,1440p
1.48443729028771,1.2526426558391428,12259.207864016436,8000,1080p
1.265451041947203,1.1297409132948262,14009.078448415796,8000,1080p
1.067126885097123,1.0463685183397933,15876.273941942138,15000,1440p
1.5494371640159292,1.4529412358988296,11175.950373528083,8000,1080p
1.7663481671821768,1.6816226023614638,9731.646305238582,8000,1080p
1.3524614959557637,1.1501192946719339,13407.93157434245,8000,1080p
1.110633456784025,0.8972719823901298,16711.16146475545,15000,1440p
1.26709152758231,1.2398947871605968,13384.369831887587,8000,1080p
1.1223876384086462,1.6463850968446176,12118.882699460966,8000,1080p
0.9307183240639518,0.7296770771876109,20208.69967160084,15000,1440p
0.7399324849618611,0.9457437501889918,19905.620842425404,15000,1440p
0.7050147058373031,0.8585616641304403,21460.053147702805,15000,1440p
1.23384912443329,0.8786655494381441,15883.644461748288,15000,1440p
0.9820268719618199,1.1862198614234996,15475.375326686604,15000,1440p
1.112893873935716,0.853292441540844,17065.743839167728,15000,1440p
1.8248960631448528,1.8990972221016595,9010.336332488538,8000,1080p
1.019715156600619,1.1925572776739568,15167.405008598229,15000,1440p
1.6028571293410443,1.763750542556636,9966.837621173165,8000,1080p
2.546294115109877,2.2465614311184217,7000.927041584929,4000,720p
0.7435134917229965,0.6727866050832453,23691.61173939427,15000,1440p
1.2307148371377228,1.0415758994218007,14766.78642399642,8000,1080p
1.333249901382339,1.671807956847518,11165.985343046072,8000,1080p
1.2040932018708195,1.2194823380705775,13845.01182117532,8000,1080p
0.9650850603219979,0.9660554566498089,17375.44818986876,15000,1440p
1.1025530641799215,0.8573221585121102,17120.698099295594,15000,1440p
1.5543207019790424,1.1565705850783796,12377.63836572811,8000,1080p
1.562485372980891,1.715327913547141,10236.834458481911,8000,1080p
1.1725064989632834,1.7127159603426652,11629.75558150606,8000,1080p
1.2428188617611244,0.8709333648318776,15874.344957679294,15000,1440p
1.0896953006939587,1.1297913106526865,15118.105163806902,15000,1440p
1.6242812310780834,1.861534573880842,9625.991124449383,8000,1080p
1.0587861061295958,0.8037888755428488,18015.077154032628,15000,1440p
1.210616078768709,0.9558192815254196,15488.314405763966,15000,1440p
1.414914374984973,1.793922765923056,10456.882205777776,8000,1080p
1.4533413231876235,1.1655630451885617,12812.393001125487,8000,1080p
1.6778650828660022,1.6756931476355734,10005.620804437745,8000,1080p
1.2187841477567338,0.8771636510314753,16009.192604605798,15000,1440p
3.1412418117487784,2.4203662830266612,6033.22482062714,4000,720p
1.2116551116470358,1.4966974601505518,12389.240732320628,8000,1080p
0.7804101084063954,0.9980041268545871,18867.613256073542,15000,1440p
1.3385013461132595,0.9009580593064024,14983.273159047101,8000,1080p
1.0985891308080546,1.2056865723009005,14561.813048120925,8000,1080p
1.2195134783896726,0.9139096894285792,15727.977696199148,15000,1440p
0.818468052845017,1.0314795013161993,18138.045008099645,15000,1440p
1.2476379792346297,1.6885190917997044,11428.009874205953,8000,1080p
1.779537126228466,1.481183859084955,10290.494694618816,8000,1080p
0.9373692010628779,1.0577414483771448,16818.33135892382,15000,1440p
1.1579369892195273,1.4531670694071115,12850.668240946556,8000,1080p
1.1864785346378235,0.9086890079365024,16015.154548820365,15000,1440p
0.8429839709353482,0.6266595206953596,22831.681418714823,15000,1440p
1.2570474846087012,1.2133331038460389,13582.697401694204,8000,1080p
1.6695874234362722,1.5463544619478906,10433.780583069127,8000,1080p
1.2221248338554356,1.0127719495178444,15013.862049304147,15000,1440p
1.6570030269195493,1.1362443161191491,12012.696291871182,8000,1080p
0.8585529340929323,0.961319966089309,18437.78870306815,15000,1440p
1.63304665210688,1.9379818008768634,9396.293656513397,8000,1080p
1.0116531467179817,1.1916068709345646,15229.447151566987,15000,1440p
1.4991477081467817,1.8941848723524013,9888.341682990562,8000,1080p
0.9197348742611292,0.8944148626440162,18495.955056743165,15000,1440p
1.3246892082257298,1.706503022372595,11069.714306234124,8000,1080p
1.3501953252618442,1.4811860613727712,11850.905059414428,8000,1080p
0.7407514843527766,0.7021587154053578,23254.691806617288,15000,1440p
0.9855859172792304,1.4379080082705467,13845.47807042185,8000,1080p
1.1569782680169085,1.2367421086076968,14017.690757729706,8000,1080p
1.5619642837931509,2.235372082983792,8836.307547987886,8000,1080p
1.2651581955017224,1.5840488438694553,11776.761581848923,8000,1080p
0.8860879303015394,0.7780079334180441,20163.76143439189,15000,1440p
1.346468525106283,0.9844635256398886,14395.285349162643,8000,1080p
1.5408187766604886,2.075866419220141,9277.675601464618,8000,1080p
2.188490158132722,2.366281775302207,7366.874234402185,4000,720p
0.8020274184056395,1.0269200284782414,18346.307356818415,15000,1440p
1.1838951678643803,1.0631015903535865,14933.013088372734,8000,1080p
2.354353577490836,1.6129482710475629,8457.7461662923,8000,1080p
0.8602404914206415,1.240226010054493,15974.75226404948,15000,1440p
1.3114631452889263,1.7512656126422168,10955.730870096977,8000,1080p
1.3871432185674424,1.2664007272289046,12645.138985979778,8000,1080p
1.3517992733978788,0.9934280519834409,14307.53924656078,8000,1080p
1.4756084381357177,1.0547533873114512,13260.724874423924,8000,1080p
1.3889851524113948,1.065632374365477,13669.92276147393,8000,1080p
1.584211302300187,1.383659880490303,11305.892315868987,8000,1080p
1.2223708511056273,1.1132558352688549,14366.35066543338,8000,1080p
1.1182856896478377,1.3704132613532511,13482.720353340686,8000,1080p
0.781733642733313,0.9472325956895034,19407.222220029438,15000,1440p
0.9416975180575963,0.9747168209052562,17508.965215820383,15000,1440p
1.023184710754928,1.530527163357903,13139.474480321684,8000,1080p
0.6683833875866271,0.7606051459086821,23481.246499526336,15000,1440p
0.9956710732874188,1.3682589721952805,14194.342198966553,8000,1080p
0.7031766459220339,0.6694172097939652,24446.001896530917,15000,1440p
1.2259005069052562,1.1088853938369998,14371.524168161479,8000,1080p
1.2850268748882603,1.3022880378226769,12968.82410222045,8000,1080p
1.1665629064922278,1.1611414861720872,14415.246242497846,8000,1080p
0.7769766203451159,1.1396701279340848,17506.84210855535,15000,1440p
1.122669472270509,0.9158763904632181,16459.983860752043,15000,1440p
0.8096892607180859,1.0089522068388468,18450.27323888928,15000,1440p
1.5959589464840747,1.5771694501677915,10574.558544622725,8000,1080p
0.8482485972649412,1.1256900381186201,16998.720932112436,15000,1440p
1.9316850095352007,1.5554212939858088,9622.42876453733,8000,1080p
1.168936864453867,1.303747920351942,13570.040227604337,8000,1080p
0.8256027693179261,0.7079403893251955,21880.33105614644,15000,1440p
0.7736957260220296,1.0383482022515902,18517.449536650118,15000,1440p
1.1219805714208004,1.3636329307534474,13499.456762142961,8000,1080p
0.8601901998590058,1.1638635146044927,16577.83672450315,15000,1440p
1.772495160221014,2.3145244776142104,8210.000189226595,8000,1080p
0.774867982509861,1.1622093919870453,17322.194994257618,15000,1440p
1.129504815709066,1.0878923908572076,15132.35062290006,15000,1440p
0.9042990433060676,0.7361181114688802,20454.81657048594,15000,1440p
1.1185263301795145,0.8930604071902506,16680.57925450127,15000,1440p
0.8448216965611234,0.8301208726100476,20033.183595425653,15000,1440p
1.8193272116184704,1.5601118606398579,9928.994511381166,8000,1080p
1.3971845682603328,1.3716677693852568,12118.534290828959,8000,1080p
0.8633022150080498,0.6426234787203062,22281.598713497122,15000,1440p
1.3668885531100097,1.3132092230847476,12519.853677741967,8000,1080p
1.289489656391264,1.410300722760627,12428.532325735878,8000,1080p
1.6271581829834105,1.203107021484745,11855.57874471531,8000,1080p
1.164965473081016,1.4217502626832512,12971.828151068969,8000,1080p
1.6173173842305628,1.6457427747929283,10283.117798858344,8000,1080p
2.1320779464970343,1.6812220171371934,8799.316161852968,8000,1080p
1.4081447257583877,1.6961931767410405,10808.8851967384,8000,1080p
1.8370053063565899,1.472579023507191,10138.563836317495,8000,1080p
0.9854013970490795,1.3093651668307258,14622.15483184873,8000,1080p
0.7118482179425512,0.782011333455723,22461.570747124497,15000,1440p
0.9210570367400677,1.0171315075860807,17312.264123233635,15000,1440p
1.2467742024762165,0.8544202533662264,15969.217844974202,15000,1440p
1.4066005685362242,2.0467586861092837,9716.461429508703,8000,1080p
1.1416375395780163,1.5204490244951492,12604.560818134905,8000,1080p
1.3151247564023754,1.4376523239103247,12189.302301292195,8000,1080p
1.4023057993464885,2.0080580591639707,9838.959533970527,8000,1080p
1.0006139265006624,1.0672697199805645,16226.460350947324,15000,1440p
0.7223009718777054,0.8260922861510271,21670.484436698156,15000,1440p
1.134722099628381,0.9511761447270031,16086.322566693323,15000,1440p
0.8422539867952631,0.8593841100197229,19718.900313060087,15000,1440p
1.7640747440710272,1.4179893582647696,10544.863623385005,8000,1080p
1.7377882370830597,1.2634935911069254,11180.03370587694,8000,1080p
1.9984632617026186,1.4188093125294248,9819.068064109757,8000,1080p
2.1574536606053205,1.5240363968987594,9114.361705691721,8000,1080p
1.5310805267774381,1.2675627101053395,11989.535342623396,8000,1080p
1.0801638541591654,1.2638691507773823,14314.829155278174,8000,1080p
1.5682074796757868,1.1753611446979586,12230.214218774727,8000,1080p
1.872148978757862,1.4894109451113584,9981.80391244616,8000,1080p
1.4628916067930613,1.0273015824700786,13474.630058693927,8000,1080p
1.6672046832171614,1.2476029309525347,11511.714130593906,8000,1080p
0.9623852226605009,1.0419416076932202,16740.99827026631,15000,1440p
1.139082151545168,0.9639394644261639,15955.343371257775,15000,1440p
0.7823494031702354,1.1096289860313315,17735.10320810815,15000,1440p
0.8556305719500218,1.1776216057474684,16502.8383434454,15000,1440p
2.4399479826070123,1.8113189359414599,7892.8076366130945,4000,720p
1.5924080001997003,1.6551398223146612,10332.23645464935,8000,1080p
1.299176660635099,1.0718358769494165,14151.942036621957,8000,1080p
1.2358587870555389,1.2284148781794504,13616.357823147982,8000,1080p
0.8906338404890793,1.2712627590127692,15520.831110855035,15000,1440p
1.2371480706394298,1.479246603703273,12352.561399465747,8000,1080p
1.0156265481537154,1.0684207669249504,16100.609500189505,15000,1440p
1.7383324788713157,1.2253897160039045,11321.719713818427,8000,1080p
1.73958801280782,1.55329510944317,10189.985722014464,8000,1080p
1.2197472461005214,1.4997431374015135,12338.49996439044,8000,1080p
0.8593916156353907,1.0848342607039494,17258.504995920288,15000,1440p
1.311009537543494,1.5828060835311106,11595.221117625913,8000,1080p
1.5470011972455677,1.719684023526844,10271.706556429705,8000,1080p
1.1946735417208194,1.6294803515620424,11881.233554519777,8000,1080p
1.4521115354807836,1.1916679471129266,12691.842198230936,8000,1080p
0.7647330584697376,1.028790730532275,18708.66291585182,15000,1440p
0.6725024982301746,0.844848309502376,22113.826169270626,15000,1440p
1.1530113995469513,1.417222424879312,13055.01144725233,8000,1080p
1.2043304454991588,0.9559115069546451,15532.719361313093,15000,1440p
1.3480806076763736,0.9242039977856478,14766.826267864191,8000,1080p
1.3361643730927182,1.0382590021587448,14131.612900098924,8000,1080p
0.9092108479065353,0.7812712805940383,19849.03089733469,15000,1440p
1.2594336497971745,0.9945407352194986,14886.784971050942,8000,1080p
1.4264184597809153,1.4877359109886819,11514.2946223328,8000,1080p
1.191805118658963,1.261034080672224,13679.833561510779,8000,1080p
1.2168662697525703,1.4143936663116048,12752.230040104112,8000,1080p
1.0371453520431992,1.1121342574720892,15611.943579349962,15000,1440p
1.7396320551915936,1.3423220908994218,10887.38845857218,8000,1080p
0.9738519830311633,0.8029041946228707,18885.220393213483,15000,1440p
1.0649797270300596,1.3931823951664237,13650.211146373673,8000,1080p
0.8189109111746725,1.1865903373041289,16731.1947701112,15000,1440p
0.86400684049533,0.7566111436118161,20704.714083798273,15000,1440p
0.9603800125991959,0.7147289263319296,20031.193924265503,15000,1440p
1.2004288112035182,0.8684043020177921,16219.013406912038,15000,1440p
0.7717243301030541,0.5391116015107089,25597.735910924657,15000,1440p
1.685300215868522,1.4816721729487523,10595.113528138814,8000,1080p
1.1459053910258694,0.8434832657092048,16866.70519930909,15000,1440p
1.0143918952294253,1.0154604295758862,16530.479380177716,15000,1440p
1.3132030034320563,1.3160741573056913,12761.84667826536,8000,1080p
1.2361662503658255,0.8837602246547649,15828.111208278622,15000,1440p
1.363518433549836,1.342413040428327,12400.325848115244,8000,1080p
0.7634654576747227,1.0919631040443813,18084.464523339517,15000,1440p
1.2549806430699917,1.192907372385823,13707.502871103325,8000,1080p
1.0406114436762983,0.8415442908998649,17827.659732713888,15000,1440p
1.0695531138026917,1.3794756737581508,13701.117835131365,8000,1080p
0.7287437796339803,1.0469469117244756,18896.552289931682,15000,1440p
1.185030913713229,0.954459859104851,15683.373084055416,15000,1440p
1.1449201807162037,1.5880085253872416,12277.829247818629,8000,1080p
0.789484104972766,0.8092195382968929,20988.525385089313,15000,1440p
0.6938478665380726,1.0154431205292704,19630.614245249053,15000,1440p
1.004257978991749,1.2984004656063313,14572.040451208468,8000,1080p
1.271096280836531,1.0572241183617717,14411.432383426958,8000,1080p
0.9353995451608711,1.3621708758787894,14604.310576394206,8000,1080p
1.272750242780717,1.7700964492774174,11027.315995767207,8000,1080p
1.254561138269926,1.5413335005328905,12001.322057818239,8000,1080p
1.6253624134716913,1.1969404128459378,11889.02611268678,8000,1080p
2.1329973573314054,2.041488450048854,8037.979657441313,8000,1080p
1.535885332044387,1.1767225935940542,12369.80533856643,8000,1080p
1.253308026265882,1.6546197620596717,11538.949534686126,8000,1080p
1.0529210093714607,0.8797128638521825,17362.02209062549,15000,1440p
1.2925946106586186,1.6041946895838741,11583.318122996081,8000,1080p
1.2330761650632096,0.8883306597966023,15817.066112350876,15000,1440p
0.9332095724455827,1.0314903724650826,17078.654726345867,15000,1440p
1.6484580727126283,1.7791216493150757,9789.540935943483,8000,1080p
1.9476294419077065,1.4031481340878718,10013.924003902393,8000,1080p
1.2651155541005397,1.374378635469337,12712.447760859788,8000,1080p
1.0996076614928008,0.8424847038047867,17277.464552958296,15000,1440p
0.9442056565547824,1.1334040846608477,16150.49801430319,15000,1440p
1.324654512096973,1.079755609021953,13955.36963734996,8000,1080p
1.0800667246435918,0.950563279525082,16524.148629300373,15000,1440p
0.8630251535529118,0.8633520822254076,19436.326721993835,15000,1440p
1.107371048131739,1.520374779627309,12769.283712883049,8000,1080p
1.0686806258716501,1.0440317494760443,15882.1581165197,15000,1440p
1.1733712413190016,1.4112586772262352,12982.296521153854,8000,1080p
1.0304302413320618,1.4260086040344753,13659.787241718685,8000,1080p
1.4099800925503352,1.2245058945898413,12736.614339112302,8000,1080p
1.6586736185231308,1.7375726003630385,9879.858478283266,8000,1080p
0.8727859604850629,1.2965124086531765,15467.873150768837,15000,1440p
1.4643978939446356,1.0521585476410875,13333.470867379716,8000,1080p
1.1233061571193894,0.7743149398433051,17682.36665038492,15000,1440p
1.440924554902438,1.3130122289717518,12184.169294110017,8000,1080p
1.213349624936562,1.5595749894758901,12100.737187588406,8000,1080p
1.1078359876472847,1.2438038169594547,14268.525279368303,8000,1080p
1.395643741462849,1.174518895139558,13055.373042212163,8000,1080p
1.056230079317836,1.2110116657255752,14799.671042294402,8000,1080p
1.4271864135467076,1.1596388807847362,12971.278761471996,8000,1080p
1.4295605774171087,1.790650613184145,10419.94764130205,8000,1080p
1.0157928074590095,1.397485600458326,13904.086610942475,8000,1080p
1.3591770397778136,0.9723422375965403,14391.659689722748,8000,1080p
1.288870398313553,1.1434799602764087,13795.065287984075,8000,1080p
1.3002679622795756,1.2682861048153187,13063.549033231366,8000,1080p
1.4462786890281405,1.2832017979221935,12293.340128432492,8000,1080p
1.0337166021082658,0.9975297504490481,16519.134647432296,15000,1440p
0.8935444733226352,1.0564528394060082,17207.42473898442,15000,1440p
1.5964252400253025,1.3171806621113407,11516.462118433186,8000,1080p
1.3594007313154735,1.852632546061563,10446.477076165516,8000,1080p
1.655835641147098,1.106291015101741,12148.04249620083,8000,1080p
0.9228069351791381,0.9818854932815975,17616.719370862826,15000,1440p
0.8809566208094469,1.0408767624365414,17459.594724765557,15000,1440p
2.1595920281146057,1.6933344216242063,8708.817164748796,8000,1080p
0.7857064053558506,0.7247705208514467,22214.461815218092,15000,1440p
1.152786035619876,1.6065927929294472,12160.139685365504,8000,1080p
1.555514924309938,1.6016075880236387,10628.169122014322,8000,1080p
1.2261521161303508,1.3216657395422355,13169.870807402016,8000,1080p
1.2535302030263114,1.422185916973692,12540.355738485425,8000,1080p
1.6994558465461265,1.5417376031682424,10352.492845793266,8000,1080p
2.3023443117657685,2.4579266707883534,7048.849135474296,4000,720p
0.999489271971675,0.9812985576378186,16939.942531156987,15000,1440p
1.1479840769825103,1.6231589301517273,12108.516923744088,8000,1080p
1.2057657449983448,1.0193580273986664,15079.804735470307,15000,1440p
0.9647707968189055,1.0349556428649875,16779.51110418089,15000,1440p
2.0741630766066965,2.6709817449234983,7071.318845265402,4000,720p
1.1371830487716752,0.9645334794885831,15965.251045427813,15000,1440p
1.106667072402308,1.0420742207028164,15615.854783295401,15000,1440p
0.9628158385339393,0.6431455448027256,20893.673003696273,15000,1440p
1.2585086496236997,1.122367343251761,14093.313595671663,8000,1080p
0.6202295669782634,0.8170653388438949,23345.544372333432,15000,1440p
0.858543163780459,0.8755041503497314,19350.355510242305,15000,1440p
1.7803744875811587,1.535052779741597,10120.696156032876,8000,1080p
1.04079221563692,1.2921874460179512,14382.650886977113,8000,1080p
0.7758702123963145,1.022845747086909,18654.6585207596,15000,1440p
1.1512232909173084,0.9649240136366939,15856.378205709034,15000,1440p
1.2794513027635408,0.8723458309613568,15593.678174445351,15000,1440p
1.2476580038852612,0.8539255502018446,15966.261219899729,15000,1440p
1.399223601817142,1.9287521235788638,10082.535080993493,8000,1080p
0.7897635759960902,0.7153542057834126,22293.55895345848,15000,1440p
1.0193208515498065,1.1525557974980696,15449.5109170725,15000,1440p
1.3249580841407902,1.408271828361049,12276.47621099179,8000,1080p
1.0129723046557337,1.315933595139722,14407.8092648342,8000,1080p
1.1634183627401706,1.1790946971393008,14324.117365529848,8000,1080p
0.8972311444019059,0.7006793013702854,20998.944020160525,15000,1440p
1.838858935780317,1.2876392445085325,10732.272998444536,8000,1080p
0.9761719603225282,1.1941024985825726,15460.91641189389,15000,1440p
1.1324422651008015,0.8273106123846432,17121.766925559325,15000,1440p
1.424333208998929,1.5182893127989414,11402.900559429914,8000,1080p
0.630515640612976,0.9210519754313203,21626.148711163896,15000,1440p
2.145357633768461,1.4771127640877144,9262.858854514849,8000,1080p
1.2761667334394113,1.0960162705181133,14144.959281818044,8000,1080p
1.0268796077642663,0.8390163335277261,17983.013552602555,15000,1440p
1.0674003466335322,1.1449474436114095,15166.888383442189,15000,1440p
1.839687853391049,1.2899419076017073,10721.53403518125,8000,1080p
1.1805030298834884,1.2071459860952558,14053.335216124879,8000,1080p
1.0721204678583516,1.0522734242905911,15794.82605556629,15000,1440p
1.2709747544718664,1.1805768000395862,13687.01871198738,8000,1080p
1.5691746134074092,1.6655740058923842,10373.118887755589,8000,1080p
1.1019971965704127,1.5134593022091627,12829.28315407164,8000,1080p
1.6814368211060504,1.1349593636154078,11913.960181464503,8000,1080p
0.9163754022379256,0.8832853741914239,18644.864876465384,15000,1440p
0.909730644835828,0.9450710589562434,18090.57643811694,15000,1440p
0.8517624345390451,0.6994855475132158,21630.604769979043,15000,1440p
0.8878575786369008,0.8138406615445827,19718.203385120425,15000,1440p
1.751506704724898,1.5617627292053378,10127.287463065559,8000,1080p
0.9276671872318752,1.1915025728633073,15833.763123579538,15000,1440p
1.271042053602175,1.0526889542414566,14439.895102633991,8000,1080p
1.4343179653544056,0.9793028599122049,13902.114055671338,8000,1080p
0.789032203532588,1.0891300943399806,17865.565738385743,15000,1440p
0.8904895429898336,1.0502090346769983,17289.87303135976,15000,1440p
1.1205997943763708,0.9829064703417556,15951.667253292613,15000,1440p
0.9195207497888715,1.31168039635201,15038.73017367181,15000,1440p
0.9206329226239335,1.273971664956123,15289.51146365722,15000,1440p
1.4424138351263,1.4178527588806105,11731.225358610376,8000,1080p
1.4848114414432592,1.1091753859886355,12935.46738370281,8000,1080p
0.9929606997488051,1.2029425768725752,15280.46902485928,15000,1440p
1.4015641937923855,1.159196683908484,13103.305463697263,8000,1080p
1.1024538095650172,1.023419571167932,15783.83374292558,15000,1440p
1.5116654766742632,1.144962692242647,12630.458561191845,8000,1080p
0.9917568327735292,1.1529650723652005,15645.12019931533,15000,1440p
1.3858904123782532,0.9489322378633291,14371.297964120808,8000,1080p
0.6324366924843516,0.9332547590452893,21431.062912950165,15000,1440p
1.0070667508585704,1.1805356062146726,15338.451200469503,15000,1440p
1.7135871245245997,1.1976015343571322,11526.024566504455,8000,1080p
1.1937906587242098,1.7848301752366722,11265.09007706775,8000,1080p
2.818969642384785,1.9893485731024998,6978.413344591738,4000,720p
1.302767119499724,1.7510009608347288,10987.87829242261,8000,1080p
1.1246130644737182,1.6154117779578019,12246.032036053924,8000,1080p
0.6372246326436865,0.942918964134373,21235.052351202812,15000,1440p
1.2021210543180036,1.4968127040039307,12432.477046366084,8000,1080p
1.4799885457966373,1.8389977077077253,10109.843620042548,8000,1080p
0.7629890705396306,1.1298226505226507,17727.2951274671,15000,1440p
1.2355831121900285,1.4603770539035303,12446.189829510839,8000,1080p
1.4792007650981565,1.5114967686051606,11219.60065231012,8000,1080p
1.0243789331710693,0.9049891176929856,17391.41061497979,15000,1440p
1.2783347876659104,0.9284572711629959,15205.071934963626,15000,1440p
1.255893145298083,0.9434455595593454,15256.600507185252,15000,1440p
2.1060743826780945,1.4548834649302829,9422.866946469456,8000,1080p
1.8702198858461307,2.6483788482745276,7425.849024084644,4000,720p
1.7041865751381624,1.3711442329202823,10910.8366202672,8000,1080p
1.087891285692129,0.8611752534523589,17215.642116932646,15000,1440p
1.9051926024273114,1.3762042020574363,10225.655109476707,8000,1080p
0.7434412953325871,1.1124891688185046,18079.573910840405,15000,1440p
1.6113896049023049,1.6570191884320475,10266.289843679122,8000,1080p
1.142506388440348,1.0460135866146554,15332.019987232097,15000,1440p
1.104207572879023,0.7593514580822669,18005.564322097936,15000,1440p
0.8767638320382788,0.9128475356481317,18749.563511869506,15000,1440p
2.2461101758438398,1.8857340747970168,8120.933405172676,8000,1080p
1.0443278298987861,0.9413666542839985,16898.083903279497,15000,1440p
1.1680616643246668,1.4949485770420312,12600.188868511203,8000,1080p
1.6048103744157904,1.6024914996541018,10461.887691731756,8000,1080p
1.0562434748467295,0.7557917361586011,18517.538619673815,15000,1440p
1.0202618213651677,0.9157654236089827,17331.59080643414,15000,1440p
0.7063270481342313,1.0105233232947053,19544.179596776747,15000,1440p
0.9820609030305862,1.1827843440495058,15499.690818665986,15000,1440p
0.7136260251517337,1.0177540588387843,19380.165170124346,15000,1440p
1.1312687252379232,0.9945482887946169,15784.252256194604,15000,1440p
0.7428274457845176,0.8273142972087917,21370.320322821317,15000,1440p
1.0751628663664439,1.0856794294074643,15528.403931015448,15000,1440p
0.9179004870090892,1.0138964179336118,17369.544341927216,15000,1440p
0.7074112315118231,0.579957218061609,26064.357885357702,15000,1440p
1.3524428548165401,1.462396798748478,11920.548283275399,8000,1080p
0.7376368258926673,0.7731863354661344,22209.37092983263,15000,1440p
0.9755264096400396,0.8683675704295248,18197.592899963856,15000,1440p
0.7275324763112941,0.6253000067587918,24803.09455894522,15000,1440p
1.3151614137623702,0.9790685156063146,14625.575043924802,8000,1080p
0.9166398771223224,0.9457454873467902,18016.91134399832,15000,1440p
0.7222246430288645,0.8611969014142972,21191.09223804329,15000,1440p
1.5139335765620285,1.0683153922096191,12994.26678286623,8000,1080p
0.8981242836044592,0.6095465430665001,22255.807704451305,15000,1440p
1.2639924704013885,1.0355782523353034,14591.606889162022,8000,1080p
1.367017007720159,1.1720670764018808,13215.171647851274,8000,1080p
1.19286421562478,1.0476835022455488,14975.99525882624,8000,1080p
1.4698113255489573,2.140899372074365,9293.026999390044,8000,1080p
1.698579435182312,1.4268385738512843,10735.982163990695,8000,1080p
0.9620991785235607,0.9412389537612807,17629.254324726815,15000,1440p
1.0749739743293,0.8927405771354382,17052.489638307838,15000,1440p
1.6888317205468109,1.1541655392242467,11802.484819384626,8000,1080p
1.489970580670239,1.2521358205838191,12236.73595767634,8000,1080p
0.7949463984295126,0.6313021230005245,23526.357080010457,15000,1440p
1.1662574147809333,0.8453278288928991,16680.59164060992,15000,1440p
0.7628903274045905,0.7237772786092104,22570.23147895812,15000,1440p
1.0888299565550639,1.253316999015978,14326.356388606302,8000,1080p
0.754873140405041,0.6757675158820124,23454.130044845733,15000,1440p
0.8808014380818451,1.3186586962099773,15255.758209413414,15000,1440p
1.2223784675168645,1.2096706934383994,13796.773740716837,8000,1080p
1.1560839735348334,1.24077991620578,13999.306403515151,8000,1080p
2.3764091754075616,1.6491935170377174,8335.256746268215,8000,1080p
1.715299368270052,1.3915967508854783,10799.985166263063,8000,1080p
1.571091700362206,1.854132727100632,9796.272539389405,8000,1080p
1.1829175798875877,1.2867748846416232,13586.4819130006,8000,1080p
1.6058229634803385,1.4248739355339786,11071.52352018871,8000,1080p
0.7633893625008815,1.1350562503670423,17674.687003179588,15000,1440p
1.1856773594530425,1.2180187994286458,13959.51475647866,8000,1080p
1.8062524171017271,1.2235933744115406,11074.633598180953,8000,1080p
1.3522941625543603,0.914706801925889,14801.242930963179,8000,1080p
0.7256688126409949,0.9629611044501742,19870.8027498416,15000,1440p
0.9734406385363845,1.1979551184209012,15452.9324709646,15000,1440p
1.6762163724028611,1.228467879059746,11551.834586876079,8000,1080p
1.0918981319642347,0.9886184716373458,16127.932813376232,15000,1440p
1.5524425219559796,1.4472768639215878,11185.856969812414,8000,1080p
1.041332236751301,1.455238641933554,13440.208041550106,8000,1080p
1.1518461782059308,0.8783538766990779,16527.64806056021,15000,1440p
2.044980638048222,2.0721209751996144,8150.013080082833,8000,1080p
1.1472020949183557,1.4481691043752944,12928.56760109386,8000,1080p
1.2977753752669778,0.9806021751202494,14727.33612315359,8000,1080p
1.4788980814500092,2.064157796007767,9470.477791074542,8000,1080p
0.9560437108369221,1.2010928331562005,15555.080225884383,15000,1440p
1.5611745348026103,1.9799955476591504,9475.521146579193,8000,1080p
1.6990724003446347,1.384876075649032,10880.347794782323,8000,1080p
1.149158536454504,0.9829627466393271,15737.581283983329,15000,1440p
0.9879923817971488,0.7241812439030773,19597.563878065972,15000,1440p
1.5905200922723282,1.3521390130615267,11402.758797027946,8000,1080p
1.605791087669856,1.2630092877772687,11696.328642166425,8000,1080p
0.9330967326293576,1.3815408997163723,14496.624236595875,8000,1080p
1.3882912037336765,1.3934271935088882,12062.483403518314,8000,1080p
1.1175598590059712,1.329394257817703,13712.734443732077,8000,1080p
1.048649443187098,0.9990958998985497,16386.037508667196,15000,1440p
1.3336549824726363,1.1751525129685256,13374.653918633805,8000,1080p
1.7024736243090222,2.5395768509260903,7909.955856463559,4000,720p
1.1059681367266112,0.9168744384324459,16587.76239538146,15000,1440p
1.165796863308231,1.136662834726279,14573.298298616766,8000,1080p
1.736403873877086,1.6132902471202408,10017.162996963321,8000,1080p
1.3201535774949786,1.4501508030905426,12112.182414016203,8000,1080p
1.653034494097944,1.409409912509583,10956.748121730141,8000,1080p
1.445400374690858,0.9794536218078653,13837.712311112198,8000,1080p
1.0305886872148766,1.4823803331563348,13352.505235040024,8000,1080p
1.2084954457701458,1.6237966020624675,11847.094661610634,8000,1080p
1.76622911270312,2.2106018207438334,8437.480134695192,8000,1080p
1.2575916686945654,1.4164073192543964,12548.408638605082,8000,1080p
1.4310832677776022,1.0896753846300402,13311.24340997552,8000,1080p
1.6691994603971008,1.4982026075873422,10593.676230486317,8000,1080p
0.9586350973469379,0.7963531140848022,19119.46290090798,15000,1440p
1.099013505608912,1.3061376322780582,13951.070047713936,8000,1080p
0.9130936002888348,1.360151831892512,14760.584811910101,8000,1080p
1.8018741734270025,1.3783988420923479,10550.802348181556,8000,1080p
1.8756942003457067,1.8060366028756587,9113.765724164634,8000,1080p
1.642942842758595,1.1286699198581625,12106.464673773662,8000,1080p
2.1407846642442134,1.4972564838963942,9223.21398622706,8000,1080p
1.0861752103227886,1.0892005897028694,15424.65995972017,15000,1440p
1.2746121505421517,1.673525611729805,11381.568537740777,8000,1080p
1.7922213122870807,2.2169338089813047,8369.452162625303,8000,1080p
1.6289287256762421,1.140561115454634,12115.74474896741,8000,1080p
1.484320309489393,1.303901340445789,12034.348847689365,8000,1080p
1.075401501798206,0.839391242953629,17523.793158276665,15000,1440p
1.9414461443027597,1.6501178151643943,9342.568412725177,8000,1080p
0.9147176279976911,1.1149315881167827,16532.13359904429,15000,1440p
1.285331737763605,1.058101107838648,14318.49522079078,8000,1080p
1.3180462459794497,1.0259941302413698,14314.784139554009,8000,1080p
0.6955790697549287,1.0204278858909153,19553.785542420082,15000,1440p
1.1037074481746592,1.117371967552991,15107.263505482175,15000,1440p
1.31420223648965,1.5619418940517513,11666.464014681964,8000,1080p
0.7469913063965573,1.058387694379424,18585.81050603655,15000,1440p
1.033129740920971,0.8589151988891219,17734.479395276892,15000,1440p
0.8552334569083988,0.7788624146763412,20533.943315981232,15000,1440p
0.9091324237139375,0.724463156004888,20540.231876591748,15000,1440p
1.169204290749756,1.1222073365515874,14643.563644441287,8000,1080p
1.223872101868721,1.3437283423316813,13068.400917203246,8000,1080p
0.901755897638759,1.1874787904323405,16060.633202954985,15000,1440p
0.9216812960118644,0.7042974379557813,20636.451940624014,15000,1440p
0.836801625962359,0.6606890549999622,22407.105717971594,15000,1440p
1.4712035467556013,1.2168491445001566,12482.802926130373,8000,1080p
0.9720064488769709,0.6871545119777795,20223.735244297066,15000,1440p
1.0826861845583717,1.0669173372974148,15609.591098470071,15000,1440p
0.6281380228255472,0.7325522891485469,24659.859561518537,15000,1440p
0.7906873865143825,0.950449616402182,19271.563319711913,15000,1440p
1.0928022493853347,1.1745971663909833,14798.64190073082,8000,1080p
0.8408135467364172,1.2331591134455575,16178.820793643376,15000,1440p
1.0060016113512638,0.8601756552677324,17980.302621943025,15000,1440p
1.6888152906291545,1.1614143031528403,11772.536525900121,8000,1080p
1.787160754526898,2.0657238235450146,8708.911808822351,8000,1080p
1.188891964726046,1.1569203701949462,14303.971166188843,8000,1080p
1.239300492568848,1.3896957184701133,12763.210482809909,8000,1080p
1.275822598068546,1.1377965730055561,13902.123583592394,8000,1080p
1.70189110053087,1.5129184943629401,10437.455472727102,8000,1080p
1.4300934851189655,0.9655993189957768,14006.14967927787,8000,1080p
0.6834871908212619,0.937805737181673,20696.094715796637,15000,1440p
1.3746046740806181,1.2415390724729831,12825.912966060527,8000,1080p
1.7727368922806808,1.293619327249284,10942.770375564352,8000,1080p
0.7040331511392519,0.9287043230975247,20551.02705086439,15000,1440p
1.5959421623253258,1.6086321666412957,10470.792234930088,8000,1080p
1.3300902669860097,1.6761270687774708,11161.67869861554,8000,1080p
0.7200550652801889,1.0713127342370619,18731.179609816845,15000,1440p
1.126294130873036,0.8663185787412542,16839.41482361373,15000,1440p
1.3767977611484699,1.7359402960420431,10779.715923249087,8000,1080p
1.2525687359397282,0.980448714947485,15026.497883690203,15000,1440p
0.8842930925305343,1.0113795352720758,17700.541490064657,15000,1440p
0.8601875505539948,1.2451540878167489,15937.761068539308,15000,1440p
0.8309684150699495,1.1894093460725164,16607.999080838195,15000,1440p
2.0421074674075674,1.946713586376025,8412.11765270141,8000,1080p
1.7086469201488246,1.3080495183100815,11122.906359494838,8000,1080p
1.0443519160035888,1.390915279366435,13778.542274044641,8000,1080p
0.9785544787268662,1.4208840359561137,13984.284987787361,8000,1080p
1.0408134838199854,0.8896502853202297,17381.539367063277,15000,1440p
1.3905047074689472,1.435864285736385,11871.92191842812,8000,1080p
0.9823735727230348,1.2417252939290884,15086.753787392821,15000,1440p
1.4492788467878717,1.291898756615203,12240.882151650212,8000,1080p
0.8742437240519044,1.027364967233881,17645.28746306473,15000,1440p
1.2294160598954194,0.934110708392796,15509.136513503045,15000,1440p
1.0081064037595515,0.9828559638681702,16853.373296041194,15000,1440p
1.1991539519373404,1.0804518751149583,14719.400872644897,8000,1080p
1.2674047835565703,1.3807075906538855,12671.075565667556,8000,1080p
1.1911647916454136,0.9711280759601524,15517.986718032695,15000,1440p
1.3459860398349264,0.9408860596207864,14672.631673623604,8000,1080p
1.1025075673562503,0.8020118375996685,17618.31983054887,15000,1440p
2.0549668624459025,1.7293439157080113,8866.722097377196,8000,1080p
1.0363561776217804,0.8653278456686406,17644.588474767683,15000,1440p
1.0145997479476236,1.4978161386243942,13355.44492428052,8000,1080p
1.8114570660012868,1.338764202720452,10651.45243388422,8000,1080p
0.8407027915951144,1.1988852890947472,16451.572902235577,15000,1440p
1.4239511920262666,1.0574954104028347,13522.125347026766,8000,1080p
1.1118052925306403,1.5735236743189958,12495.464210988368,8000,1080p
0.950045927371632,0.6588190580466653,20855.965108393484,15000,1440p
0.9019225299222592,1.1662224306474647,16224.410106512343,15000,1440p
1.8953151727864483,1.4568907906677442,10009.65703355074,8000,1080p
0.9690925120214998,1.0617861746636001,16522.12523573685,15000,1440p
1.1590883943810841,1.5109947583803451,12566.811623562224,8000,1080p
1.0723039400747345,1.2381010331629654,14523.182034610278,8000,1080p
0.7555154075752802,1.0640138122743497,18441.271310154072,15000,1440p
0.8261886264753072,0.7519365433616093,21262.212048406473,15000,1440p
0.9620558365343792,1.2230328739910783,15356.095996638518,15000,1440p
0.8235735434139859,0.8327712430162326,20258.12033514898,15000,1440p
1.2050228387101385,0.8276367623706153,16507.649378262497,15000,1440p
1.1804342125043201,1.4163252800701513,12921.655661970284,8000,1080p
1.4863550658675013,1.0128403021749133,13426.094025727458,8000,1080p
1.1319452726839367,1.1489941005537103,14710.795207314799,8000,1080p
1.3637064079054138,0.9346052716007025,14599.600349770883,8000,1080p
1.455009363019855,1.0100356737624554,13612.096939129153,8000,1080p
1.0109595379766037,1.4696008716303195,13526.95619507897,8000,1080p
1.4479810313840427,1.160334626529506,12864.406153525513,8000,1080p
1.2663301656195616,1.2737697151413743,13209.88684505907,8000,1080p
0.7389095637447172,0.5221954286403132,26607.167684382166,15000,1440p
1.0639956023752,1.0644160540817078,15765.010447206854,15000,1440p
1.2416553246791475,1.6747609747013639,11505.364308630235,8000,1080p
1.4001186297474437,1.0303111418500637,13805.966497005533,8000,1080p
1.024901396848706,0.741084950731459,19000.39150697728,15000,1440p
1.1158058460358595,1.08170402141196,15269.297534017447,15000,1440p
1.114129423827708,1.2567510376269684,14152.730407762674,8000,1080p
1.9239034326636792,1.3854765813294643,10139.189775160563,8000,1080p
0.9649946775134113,1.1589111752773886,15798.455452208333,15000,1440p
1.0156163185496936,0.8276171603186533,18204.113794960336,15000,1440p
1.1063966385131765,1.4440208553638911,13156.446770207636,8000,1080p
0.9402770072648737,0.8031483889862358,19246.267762390147,15000,1440p
1.3311282444682815,1.2494434477930725,13002.712577458471,8000,1080p
1.1251606115240775,0.8803153103446435,16731.406063820337,15000,1440p
0.7453529005135129,0.7742505956444958,22081.04422294051,15000,1440p
1.4382461327980196,1.1628023092087116,12900.348743260032,8000,1080p
0.616708438317934,0.8167688897130272,23407.717264765324,15000,1440p
1.2532578630219695,1.0041246054333608,14864.309645746673,8000,1080p
1.052065029818247,1.0639604829005462,15857.290849431822,15000,1440p
1.739523504605091,1.6077844043176313,10024.303981882253,8000,1080p
2.6640072823809358,1.7783491644087586,7553.295734350265,4000,720p
0.6794007364677357,1.0119147815702634,19839.250359935577,15000,1440p
1.1938260844767772,0.8403188805186343,16495.595238993053,15000,1440p
1.0187324372436248,1.2346553531647673,14890.660250679166,8000,1080p
1.2040678354134957,0.8099921393510268,16660.095737180356,15000,1440p
0.7976726286518225,1.0051639687547844,18612.020661366805,15000,1440p
1.1297393156037705,1.4744120059810304,12884.97781287912,8000,1080p
1.4160606597181682,1.0708975649468793,13492.157474627156,8000,1080p
1.2847957614972938,1.4459424430559265,12287.678087943947,8000,1080p
1.8297090778748837,1.2599415595206023,10860.26736935077,8000,1080p
0.8594350893795146,1.091628814585553,17198.017928479276,15000,1440p
1.114133626409427,0.7625862598117041,17879.29687661781,15000,1440p
1.400751315040687,0.9520705167756556,14261.356957103926,8000,1080p
1.3755078173803341,0.9366360342692424,14512.259683177115,8000,1080p
1.571473468440728,1.539371682905978,10786.275229891806,8000,1080p
0.8630780389946346,1.1152236266660838,16961.231233050294,15000,1440p
1.045834034914161,0.802640530815182,18152.49861810276,15000,1440p
1.203248934940068,0.9810482111455814,15361.660871155249,15000,1440p
0.6701539924665622,0.8657645642701116,21846.49169894283,15000,1440p
1.3728261569756581,1.088249601020276,13634.050837721281,8000,1080p
0.7311115215410041,0.8555641705449194,21147.630966658133,15000,1440p
1.0393345696636378,1.4220610353653806,13632.279155550215,8000,1080p
1.4433221231826299,1.053675980603354,13437.908482639332,8000,1080p
0.8746755730352335,1.13851406557297,16667.298180213907,15000,1440p
1.0754192865501235,0.7820439282359766,18064.65491908222,15000,1440p
1.310463504930803,1.5910040615810692,11564.641420527387,8000,1080p
0.9627060600279737,0.7849697156922412,19199.460486984357,15000,1440p
1.0043115722054436,1.1725684602710198,15414.001460534226,15000,1440p
1.7153847995329825,1.1618746338198516,11661.941780793622,8000,1080p
0.9873707675248075,0.8725026926854508,18041.24458886933,15000,1440p
1.2306734675961637,1.3765138827015793,12869.973458626997,8000,1080p
1.7486691463013566,1.780428870054583,9507.934277962471,8000,1080p
1.2333612327065304,1.482675923505869,12354.187395135907,8000,1080p
2.8346298447403644,3.284676894274326,5483.371471815256,4000,720p
0.8653256663039819,1.2186972866457515,16100.797715546722,15000,1440p
1.0931467412884956,1.1461746153716994,14984.196841691491,8000,1080p
1.4526847512147025,1.0221065818380222,13558.489377207276,8000,1080p
1.4758754594658345,1.7143169786936787,10517.996218233853,8000,1080p
0.8434663786631429,1.0730583131120608,17507.957055810122,15000,1440p
0.9855658357490897,1.0239999680258864,16697.3541931137,15000,1440p
1.1792692844774955,1.111570978276367,14647.21593449889,8000,1080p
1.4034940576326853,1.136853905653725,13208.596808364446,8000,1080p
1.3393651897155072,1.1871036251902902,13281.158192823812,8000,1080p
1.0640804023175086,0.9040243475595426,17049.10879469,15000,1440p
1.3756534428641496,1.0018984939330666,14113.017461650466,8000,1080p
1.510104737544115,1.253549743491235,12141.326721649182,8000,1080p
1.0571788375175322,1.4132408414111661,13582.482477046546,8000,1080p
1.3010346479836057,1.6564071351062213,11345.76247345216,8000,1080p
0.9475230393228758,1.3546879450129938,14574.87268903793,8000,1080p
0.9961637976187105,1.4056852871830945,13970.249926326587,8000,1080p
1.096960435290121,0.984016809223986,16124.362766799362,15000,1440p
1.2537460648307956,1.7046125588423917,11342.246248136678,8000,1080p
1.3073731338888532,1.35575297424712,12599.640661961017,8000,1080p
0.9309329763001556,1.3430813310843712,14755.594057186412,8000,1080p
1.2101853952540267,0.9096612418660126,15828.707328368837,15000,1440p
2.4641497395228145,2.2394419116169315,7133.789344121591,4000,720p
1.1808149331918452,1.5806024611122618,12151.162685225248,8000,1080p
1.2576741860225715,1.3765675821788317,12737.79514281643,8000,1080p
1.1825519669625906,1.4993627603782729,12511.371691996132,8000,1080p
1.3026902965540514,1.8186722179045784,10749.931110074758,8000,1080p
1.5789443755184924,1.372684586708908,11368.106367501787,8000,1080p
1.2584780629217487,0.840359418970287,15987.151120320063,15000,1440p
1.6057595065909116,1.2444606567939098,11772.575477170134,8000,1080p
1.198174238490309,1.631378242635926,11858.56499351603,8000,1080p
2.049480128232796,1.5109165770189645,9424.352053383702,8000,1080p
1.7476193760548961,2.1079974692712886,8702.74027375801,8000,1080p
0.8335203136863777,0.6181390467543336,23114.535623435215,15000,1440p
1.461363399369118,1.7919940985115643,10313.785688126247,8000,1080p
1.4785411575677794,1.6192291506668017,10831.801154141305,8000,1080p
0.8446083930108005,0.732710631510613,21273.07886252181,15000,1440p
1.1476285024168118,1.0139482989504178,15523.127366455969,15000,1440p
0.6660425932227829,0.9426684276924919,20857.96116502592,15000,1440p
1.4164581086377233,1.7494350966279524,10598.725169942734,8000,1080p
1.5285869454305043,2.2143691824938005,8964.687496513072,8000,1080p
1.1490629120117413,1.2482658157921696,13996.591961227514,8000,1080p
1.0248166834759882,1.2931340851314679,14475.903653535459,8000,1080p
1.0518078701708906,0.9535149159396705,16732.683751667108,15000,1440p
1.4258198756258604,1.366628452875596,12016.133533259217,8000,1080p
1.8120530884059203,1.6760589224217293,9619.654384905574,8000,1080p
0.9380411870970163,0.7625288097749637,19731.28542883848,15000,1440p
1.3616278819393497,1.7899803886766914,10646.764800322459,8000,1080p
1.154382897921036,0.8337845848865135,16877.065081366687,15000,1440p
0.8893954821191986,1.1258688478090382,16650.13938950374,15000,1440p
0.9514301386407791,0.8653750155555855,18468.921624587903,15000,1440p
1.1490371149085374,1.4312921387877442,13003.934266114991,8000,1080p
1.7880107660367326,1.7297622019355718,9538.54393262373,8000,1080p
1.030022499399825,1.2346182991800376,14816.668507006367,8000,1080p
1.5352892790337926,1.5610758966311242,10836.716632686737,8000,1080p
1.1655768325329696,1.3919313986415986,13119.9702863086,8000,1080p
1.0447413787966906,1.0043485030885262,16375.285582460168,15000,1440p
1.3000944182568437,1.6154971183068219,11508.61894720255,8000,1080p
1.0485452619518232,1.338981214339864,14054.056502911262,8000,1080p
0.851775827443443,1.1801835908793308,16513.337666800748,15000,1440p
1.37806177047077,1.5212118836265316,11573.392512493712,8000,1080p
0.7080726813887201,0.9349588686683519,20422.26882303901,15000,1440p
1.456216876308126,1.2376736061054459,12455.752087567103,8000,1080p
1.4900796171455486,1.3658940082853266,11748.859198564101,8000,1080p
1.0583812327486273,0.9932490925021917,16355.008788387768,15000,1440p
1.527639910061149,1.2761453472398967,11967.547055404615,8000,1080p
1.0740686505131571,0.8334536325030659,17590.58454978721,15000,1440p
1.1513181327152735,1.5012936158078494,12649.582819152438,8000,1080p
1.2768624578167527,1.4558882054322468,12278.629167033754,8000,1080p
1.6064818815300597,1.3582188850828225,11317.982704317017,8000,1080p
0.9639144229725306,0.7054231419018616,20100.447450557895,15000,1440p
1.2363623981505112,0.8516023041148826,16070.401939072157,15000,1440p
2.2667537128830597,2.1878349282034124,7532.554564188915,4000,720p
1.235432855356146,0.9023527370749538,15695.882748391874,15000,1440p
1.1995450994093257,1.2801077184624257,13531.90727272831,8000,1080p
0.8768636365878903,0.847600233089957,19457.892154196546,15000,1440p
1.5642185650591434,1.0955950691451677,12615.331979842971,8000,1080p
1.1704575056880209,1.152724624949092,14443.306685902404,8000,1080p
1.1857123786729309,1.5322951642565457,12345.23137630256,8000,1080p
1.095134618630564,1.3428187533941434,13763.360852194324,8000,1080p
1.0342384728101077,1.2906808969176886,14432.514278518218,8000,1080p
0.770083338620216,1.1260954318147451,17695.816725288518,15000,1440p
1.6685365273034627,1.9785596833096681,9200.314459036166,8000,1080p
0.9789080660801754,1.1626609487092014,15668.15347452161,15000,1440p
0.9175398944666469,1.2895519782358476,15203.006460675315,15000,1440p
1.7083939664349082,1.3905515556818822,10827.693407491734,8000,1080p
1.0747388093134906,1.3441228858481555,13871.992791947388,8000,1080p
1.246349327855447,0.8704650908124096,15851.381067744385,15000,1440p
1.3760922028008185,1.0937860996261752,13585.459642699065,8000,1080p
1.1579061452591437,1.471275130052849,12762.31209885604,8000,1080p
1.5786046452418414,1.2297947033188323,11947.884839525013,8000,1080p
1.4199090040642974,1.9858209850822037,9852.346518054113,8000,1080p
1.1823259361906142,0.8620294983828816,16413.208502072586,15000,1440p
1.7350824150820305,1.2866651072123816,11104.313564398037,8000,1080p
1.2478444802726258,0.950345041173053,15264.576449228238,15000,1440p
0.9831724683732631,0.8518491229720265,18285.57885000176,15000,1440p
1.0561952102308683,1.1303875541629427,15345.603444058215,15000,1440p
1.3700015970256632,1.969122019175446,10048.873853365923,8000,1080p
1.0742880588738335,1.2024518126630945,14737.92962449806,8000,1080p
1.3528850089535112,1.333410904088175,12490.966403625429,8000,1080p
0.8654105982610792,0.7216992884547769,21141.845489623192,15000,1440p
1.5399841825084422,1.1796181012547877,12337.992286713812,8000,1080p
0.8188069108542002,0.8036607228229908,20681.11024436993,15000,1440p
0.6916177873702842,0.8951850972317263,21145.935847234017,15000,1440p
1.501804185262258,1.030869697592613,13248.619266439824,8000,1080p
0.8166039803964512,1.07083502614335,17777.756994391344,15000,1440p
1.0678844994831351,1.5658185624042993,12740.400573462268,8000,1080p
1.5550252275328351,1.4732168610841134,11080.498526234043,8000,1080p
0.883332538025386,1.0442779088407859,17407.268182506163,15000,1440p
1.1204409013199346,1.5315742629765365,12652.428406796591,8000,1080p
1.529833447517206,2.0528446980216994,9365.739995869139,8000,1080p
0.9014220150262775,1.1184723800546592,16611.973418865535,15000,1440p
0.9270331430864636,1.046099961090692,17005.660656630163,15000,1440p
1.2842317831759553,1.502522031484987,12040.687563957812,8000,1080p
1.763258645260445,1.7441676700673487,9566.681943784213,8000,1080p
1.3225177313078094,1.3846503028877395,12394.66171887291,8000,1080p
0.8514959625535038,0.854192347213571,19672.077136169224,15000,1440p
1.058923097059436,1.3356522908938135,14012.685576243422,8000,1080p
0.7227256916607497,1.0270165604252237,19176.785586561527,15000,1440p
1.0511251767211955,0.7292392981165168,18846.945372271948,15000,1440p
1.0845589040936119,1.4258385205622242,13366.183246702525,8000,1080p
1.2031197198961143,1.4549009705066895,12623.841537860666,8000,1080p
2.229356761255905,1.4862746252384644,9030.613779925568,8000,1080p
0.694193023277362,0.9925490262211475,19893.042928511903,15000,1440p
1.7490943990273273,2.0715272177789528,8782.453580956466,8000,1080p
1.0372689020966268,1.0319003592951197,16216.378537070917,15000,1440p
0.9234176252516948,1.3171173256625612,14976.080594640145,8000,1080p
1.8795149325245954,1.9769152914495438,8700.904736044049,8000,1080p
0.9929635804390674,1.3491634280315954,14326.478401318644,8000,1080p
1.3027016519765353,1.4414677811569052,12227.53653431878,8000,1080p
0.8682014905509816,0.7609375027469385,20596.42064798575,15000,1440p
2.097965325579436,1.74177962862661,8738.713742756421,8000,1080p
0.9447114026997547,1.3282840166386038,14762.208368095738,8000,1080p
0.9555895521269165,1.3885857369643086,14313.960289636943,8000,1080p
1.0164696790847674,1.255361190360469,14769.775537117222,8000,1080p
0.7623186785588125,0.6402984468786022,23922.730866084246,15000,1440p
0.9059540371978603,0.8655087127235443,18941.652598390072,15000,1440p
1.1752666246451229,0.8030179998356646,16961.377339121038,15000,1440p
1.518380681156376,1.4543709855920837,11287.33098540357,8000,1080p
1.6296723503728334,1.9686345754330488,9325.061116759822,8000,1080p
1.2324261484650914,1.1656494099489059,13992.233014622658,8000,1080p
1.6653754546022936,1.1923791753841577,11741.537096261858,8000,1080p
0.7613155949688648,1.1245402429559437,17792.681351997308,15000,1440p
0.8771873721889895,1.206879856082666,16100.455659401705,15000,1440p
1.5109978331835026,2.0993308305250507,9294.010359027166,8000,1080p
1.3859132768488498,1.0678647514530504,13674.599581943781,8000,1080p
0.8622480068321859,1.0624098938324624,17433.972026100088,15000,1440p
1.373855068806588,1.1083152141588248,13518.182950733342,8000,1080p
0.9292152574182933,1.233549781324064,15514.598857910069,15000,1440p
1.0138702699259474,1.1090810149843808,15805.559099966495,15000,1440p
1.1317037131119143,1.0496550326816432,15382.353803428707,15000,1440p
1.239625278807338,1.452595351033333,12463.477780417199,8000,1080p
0.936319369743794,0.6601752005040268,21017.567253480487,15000,1440p
1.2612630542012309,1.0588196513235946,14462.601665059892,8000,1080p
0.8147921377647507,0.8482747454443356,20176.237251055543,15000,1440p
0.956296432701386,1.2089993370495504,15496.4658725859,15000,1440p
0.9066727216696493,1.356973648249475,14823.177527150072,8000,1080p
1.2082984452106544,1.426436029012457,12735.413123515606,8000,1080p
1.1998675013500122,1.0008633335615886,15246.949544080806,15000,1440p
1.4223583166101241,1.6872857308158677,10790.44144225275,8000,1080p
1.1828895581037684,1.31795179884107,13417.257318949607,8000,1080p
1.35451900142896,1.204163064704893,13113.951297083371,8000,1080p
1.073221521299444,0.7876954723059499,18031.127726439146,15000,1440p
1.1868329624599754,0.7942215853862093,16937.66183090748,15000,1440p
1.166258215912418,0.9361093807016763,15960.306872137915,15000,1440p
1.1748094427268978,0.8442283614295263,16619.021164895625,15000,1440p
1.4274009499127416,1.215593598609608,12695.61150580491,8000,1080p
1.7775307047678708,2.217859000721179,8398.287644857617,8000,1080p
1.1643890103171897,1.1292998356281707,14629.025231262482,8000,1080p
0.8275156485489373,1.1914932072017632,16619.259447241955,15000,1440p
0.8205110949124694,0.703458442132775,22017.78394144096,15000,1440p
1.4473595348843187,1.5106293535233526,11343.663977744975,8000,1080p
0.9630697308768563,0.7344885986617542,19766.291040567638,15000,1440p
1.2212337184883157,1.5763870293351845,11993.917340692,8000,1080p
1.2227852582059164,1.3803556641221488,12889.979068052638,8000,1080p
1.3611896625222997,0.9426903858719635,14564.313807650904,8000,1080p
1.0397250324457636,0.9755590498819813,16649.97619652863,15000,1440p
0.6876189160025291,0.7628612208683102,23133.32747347227,15000,1440p
1.234845808847305,1.493305536396662,12299.329382329179,8000,1080p
0.9390012073484069,1.082952151765131,16595.057372990486,15000,1440p
1.6993582197246404,1.973256826870689,9136.386899875713,8000,1080p
0.8190345988758185,1.226949727038059,16400.141279192,15000,1440p
1.1815223238655983,1.641308891944641,11886.800674467122,8000,1080p
1.1186599369757102,0.9161556319478932,16490.15886867327,15000,1440p
1.093545319613575,1.372050170910232,13609.057985773443,8000,1080p
1.4192927103244437,1.0308742567132003,13694.753235763656,8000,1080p
0.562854524727292,0.7407164374807229,25740.39540061925,15000,1440p
1.236601760351372,0.96894762693262,15213.638920740907,15000,1440p
1.66148932843937,1.24441315600623,11546.991745114137,8000,1080p
0.9673260348898263,1.2174857784966073,15358.042186704863,15000,1440p
1.0654992820697715,0.7319110142535667,18668.209517123993,15000,1440p
1.9552943901565443,1.4214319763652572,9936.971006200527,8000,1080p
0.7746874256899858,1.11579598089684,17749.128018309806,15000,1440p
1.0710993686415498,0.8043783739194474,17891.138475565614,15000,1440p
1.2894706721480713,1.411483973754638,12423.174913692594,8000,1080p
1.4513101059227709,1.09833740390336,13160.41996812657,8000,1080p
1.1681248222076341,0.8301476741987548,16791.719878216263,15000,1440p
1.4148719642824135,1.83594786634899,10321.836874448609,8000,1080p
1.4740440514817137,1.0259944868625133,13421.565902029282,8000,1080p
1.391112838326459,2.0512276676570256,9747.563305162754,8000,1080p
1.3104298672094112,1.7600553466689262,10928.055229947618,8000,1080p
1.639844153276662,1.251086392260936,11606.792854914544,8000,1080p
1.681795053764527,1.578114038605299,10293.057582046635,8000,1080p
0.8251045443104114,0.5518687304382818,24368.252176952312,15000,1440p
1.1423699099242777,0.9475184678416904,16055.609647376836,15000,1440p
1.1108268829003243,1.4552948282838187,13075.931610631293,8000,1080p
1.4063281515017982,1.6749052823099164,10889.935060353631,8000,1080p
1.170884210480371,1.7485967029914389,11493.286989877079,8000,1080p
0.8402222911254503,1.2147923244685637,16328.074625542698,15000,1440p
1.5061354460921264,1.334536469977634,11812.146207445372,8000,1080p
1.3443555825828835,1.0260119274333919,14155.793081963737,8000,1080p
2.0528811286198465,1.7468251299427808,8830.796308105444,8000,1080p
1.1003188095794088,1.5494171278617432,12663.311662823085,8000,1080p
1.382668099761791,1.0477017421628076,13806.306933692198,8000,1080p
0.8809675643386481,1.0367283861090713,17497.263834846257,15000,1440p
0.8158778469883068,1.1713790369512365,16884.79847330135,15000,1440p
2.164104475496535,1.8356418806637307,8389.139963418098,8000,1080p
0.7876745079096272,1.1292740137912676,17504.086114022193,15000,1440p
0.8206504678891315,1.0662628641316902,17782.70969343585,15000,1440p
0.960670963167099,1.2906073918705911,14904.61271699929,8000,1080p
1.4379558428780894,1.8060148413158112,10343.62984952128,8000,1080p
2.3617052693214613,2.3049865471144035,7190.196678902794,4000,720p
1.961242354446119,1.4052535520303326,9967.168513541963,8000,1080p
1.5157109524571584,1.155428136957195,12561.843796519335,8000,1080p
1.19125280205111,1.1118653515367094,14569.131830135846,8000,1080p
1.883135820556584,1.5787926769604923,9692.41046545748,8000,1080p
1.0912727594607754,0.9005326597751935,16846.239936866452,15000,1440p
0.7901016570322983,0.7953148727581529,21164.426741807078,15000,1440p
0.8370087379926423,1.2246700136570448,16275.296029098063,15000,1440p
1.3716534869890098,1.1062220266485427,13541.613295472487,8000,1080p
1.4370745186138312,1.1579727153855195,12930.181601468452,8000,1080p
0.7945271212562435,1.1865241872886794,16937.68952639881,15000,1440p
1.8187546812626416,2.096719589743829,8569.697992517993,8000,1080p
1.0754425592268626,1.5480463415559325,12790.003414913646,8000,1080p
1.2045175580173744,0.9146601700951134,15833.70358930976,15000,1440p
1.1051640265194436,1.1598328689476205,14814.339069140646,8000,1080p
1.1701206494045024,0.8606516566250262,16522.990736270214,15000,1440p
1.4272361728672671,1.9062104802904127,10065.987397222882,8000,1080p
1.3724161644881683,1.6917150159438656,10950.716540559115,8000,1080p
1.0065656740492872,0.8624173687645063,17953.31002547947,15000,1440p
1.579726910801611,1.0660018891628704,12682.491115661767,8000,1080p
1.4040293840579638,1.1277693555909758,13253.198792828482,8000,1080p
1.8012078893564665,1.5079649594894344,10139.824521920142,8000,1080p
1.240193702399386,0.8531878844140366,16028.817780458778,15000,1440p
0.9499147896325457,1.0115535468590746,17106.792587851367,15000,1440p
0.8473215535668932,1.025793260255818,17913.70809327009,15000,1440p
1.7831537720739854,1.21092468214788,11206.931452542882,8000,1080p
0.9126208143736632,1.0144177420308684,17412.434166655108,15000,1440p
0.8068852815295734,0.9733108218207426,18848.72792208162,15000,1440p
1.4389166888530116,0.9903535533861765,13812.556304592563,8000,1080p
1.3285487313485138,1.5256592938877818,11756.126989805545,8000,1080p
1.2729094040013793,1.425237472049433,12436.102829625237,8000,1080p
0.9540363607379045,1.3901431527735781,14313.934494605692,8000,1080p
0.9171492240185498,0.6392316260933181,21559.268091475304,15000,1440p
1.0880260427397799,1.502531039431763,12952.593181954859,8000,1080p
2.38409032098851,1.9028471994503873,7827.133435003898,4000,720p
1.9322356549329123,1.5753949797849125,9566.124684818566,8000,1080p
1.9159982594100784,2.0622786889099936,8434.41329899599,8000,1080p
1.1410311059379024,0.9801170464758084,15818.99499184794,15000,1440p
1.0460368336658323,0.9891822574804792,16486.889370274574,15000,1440p
2.297909633112396,1.558933600395421,8699.973000842476,8000,1080p
0.8241472871740965,0.8077228284289037,20561.95016942334,15000,1440p
1.0293853675104672,1.5114583516081115,13206.019617625308,8000,1080p
0.9433963945181247,1.3265965055317661,14781.734339020411,8000,1080p
1.8753279576673831,1.6313574558197637,9568.703217843693,8000,1080p
2.556661998045556,2.1166404456326826,7180.025775004228,4000,720p
1.0489558766548441,1.415374705004857,13616.043338390678,8000,1080p
0.7178530153417263,0.7753647410772885,22471.224880468286,15000,1440p
1.032533766764923,0.9674439149840133,16777.403221148645,15000,1440p
0.9524405061045572,1.4185326888446035,14152.176866225383,8000,1080p
1.3421573730599052,1.2294460773763685,13048.058398859077,8000,1080p
0.8732237218227928,1.0574189496034245,17379.92871317427,15000,1440p
1.1511954028224094,1.1884509557373806,14341.668294115618,8000,1080p
1.2480105521581057,1.3394466414582755,12968.110963452255,8000,1080p
1.3304607389109995,1.2354075770899735,13077.222938820247,8000,1080p
0.9833648651232103,1.145184816832355,15763.988167366848,15000,1440p
1.8578616598673077,1.2763193626291098,10705.964894546341,8000,1080p
1.5079918982186615,1.4850213201124658,11210.920083643867,8000,1080p
1.3093415235741466,1.217695816072017,13278.170240530875,8000,1080p
1.1559374111931642,1.1522048510993703,14537.419355890335,8000,1080p
1.2729360212800058,1.179965995956838,13679.483226076249,8000,1080p
1.2851882100994052,1.4352394902119419,12334.24876395714,8000,1080p
1.051589761073458,0.7692527367748498,18427.97059034558,15000,1440p
0.601476512599975,0.837954424024306,23310.900958326663,15000,1440p
1.4918245458800667,1.0753194330437097,13070.724616726415,8000,1080p
1.2331103872934221,1.0918160827805323,14432.470201490998,8000,1080p
1.224255278312686,1.7286315251385567,11363.263895108548,8000,1080p
1.6153080080883153,1.2496810219871215,11711.888474182566,8000,1080p
0.8858762553738432,0.9318263772569252,18459.802718905972,15000,1440p
1.202093855752011,1.116684207954513,14470.738931505957,8000,1080p
1.0750854094179596,1.2699513780636824,14308.701756459195,8000,1080p
0.822057223241005,0.7889196743322036,20828.623955158342,15000,1440p
1.4738387263183184,1.269668843041999,12230.486394401903,8000,1080p
0.9937130767992245,1.4388818079985972,13793.678597983562,8000,1080p
0.8954118512470179,1.1342926630295844,16531.683190328313,15000,1440p
0.982896752443907,0.9627534608738548,17245.87069675916,15000,1440p
1.227803634567352,0.9542351735568155,15377.559681830648,15000,1440p
1.8728613131576457,2.304170056565326,8033.081159796363,8000,1080p
0.750113142319169,0.7529674949068234,22323.77370114109,15000,1440p
1.330779180722084,0.9617363293453824,14636.512535094049,8000,1080p
1.58036644647905,1.2228665015249636,11969.904971291011,8000,1080p
1.401770897495059,1.8199216782904355,10415.156384627715,8000,1080p
0.7821329195947486,0.6226830600295528,23885.28639101448,15000,1440p
1.1565212379857315,1.0350937128043391,15310.368268798187,15000,1440p
1.3132110767024205,1.3055480824022034,12813.103443797614,8000,1080p
1.4075503039993282,1.2008584312064567,12863.947105802341,8000,1080p
1.2480408728506591,1.5166771062738682,12136.656343742268,8000,1080p
1.0275351803857589,0.7981250154630828,18379.341389101628,15000,1440p
0.9683267151459216,0.8847954005872352,18106.972937789775,15000,1440p
1.226223269136689,1.7346616508893962,11332.568778020723,8000,1080p
0.7794333477800776,1.0526224990830086,18315.179669578923,15000,1440p
0.9775980046205661,1.0237433916864576,16765.971094145323,15000,1440p
0.9229779472686263,0.7156247200477636,20477.466971876434,15000,1440p
0.8735806002095393,0.9215680188139933,18691.729277686136,15000,1440p
1.1655267864442462,1.4763004810969875,12701.221011784519,8000,1080p
0.9207550442891764,1.199065608901018,15828.901350452796,15000,1440p
1.0414834504464374,0.939093509818012,16941.746103882662,15000,1440p
0.9647458856821858,1.0275358141494277,16842.21262627469,15000,1440p
0.7783924795101222,0.811501797253944,21104.819666559084,15000,1440p
1.0729882798028265,0.7780342724524469,18127.51117436009,15000,1440p
1.1313338156496322,0.9473169782753945,16142.409344592514,15000,1440p
1.260910921162162,1.8054272096717994,10942.83492827782,8000,1080p
2.3164415303625914,2.466625495227457,7015.25440067624,4000,720p
1.2409270868090183,1.4060659146909429,12676.433969030459,8000,1080p
1.137045695224408,0.9641367371240217,15969.309224852599,15000,1440p
1.0637703603403041,1.0839027377124983,15623.621691039609,15000,1440p
0.7091528149084744,0.8776300636384099,21146.202453815156,15000,1440p
1.2755487095426092,1.6782812001578904,11359.635803607329,8000,1080p
1.2711773122063017,1.3984175644399623,12569.110127358905,8000,1080p
0.9384688367076119,1.3887358103235576,14418.341783051013,8000,1080p
0.852806055680238,1.1890101899382177,16433.619857812686,15000,1440p
1.148042383495486,1.4899359270144557,12719.752799451056,8000,1080p
1.3694513440061389,1.0839787183302758,13676.539027994928,8000,1080p
1.1170607206446441,1.071676522664175,15330.498031492421,15000,1440p
1.5911552387992327,2.10990170334673,9066.175561336899,8000,1080p
0.9837367976916483,1.3320828723597145,14489.22488824693,8000,1080p
1.071939677569961,1.0543058063136592,15781.071496369417,15000,1440p
1.1971111033912063,0.8957142109935736,16033.078236089605,15000,1440p
1.4352807255739506,0.9711986489658273,13943.369868448195,8000,1080p
0.8084122576716212,1.2010643937527283,16698.09498717792,15000,1440p
1.5884985486288536,1.871533763012969,9697.72215337436,8000,1080p
1.0806431290975185,0.9913336711338758,16194.405263733024,15000,1440p
1.619968607115005,1.5050451625008407,10737.37092816868,8000,1080p
1.386854664226143,2.04788483181109,9769.134468192653,8000,1080p
1.2468629851160797,1.59686523015967,11799.451093727783,8000,1080p
1.3218223482971616,1.001951449578215,14439.629206026326,8000,1080p
1.8609313953526638,2.266107421559006,8130.389242403426,8000,1080p
1.5596350164110726,1.4835425644461786,11026.116980839432,8000,1080p
1.6111002757280866,1.338117059802387,11377.402267291567,8000,1080p
1.768484841331298,1.9220966085307367,9091.90935245566,8000,1080p
1.4358213935281374,1.664220728653448,10823.863250086039,8000,1080p
0.9364372997402687,0.8458553649936996,18826.55562912753,15000,1440p
1.1636782518055513,1.1036875625220295,14798.861210647226,8000,1080p
0.7792141878168821,0.8638842412240875,20421.437576070704,15000,1440p
1.7122015697285384,1.4785483221235114,10516.158626436105,8000,1080p
0.7500259029314312,0.8819980625779676,20560.011806889583,15000,1440p
1.7610265571754657,2.4685522839800704,7933.279709436225,4000,720p
1.185422558469482,1.5116904186903055,12440.87002811974,8000,1080p
1.1479604798060778,1.082170218703121,15045.94866230509,15000,1440p
0.7840761839852164,1.1213278888783111,17610.139748243993,15000,1440p
2.3822515479979387,1.7226307166369468,8174.273910139673,8000,1080p
1.7665680041705911,2.40297903719891,8047.500523936753,8000,1080p
1.6946315669742262,1.15427266786555,11778.013311102794,8000,1080p
1.0935042809242017,1.0050044547687838,15989.655620337173,15000,1440p
0.871480067872439,0.8818702640952938,19137.323208159352,15000,1440p
0.7090207120971134,0.7628557334992839,22797.043936934464,15000,1440p
1.2627777544103556,1.2864817047927002,13162.423259376556,8000,1080p
1.0538040885162987,0.8189991407518291,17916.688456967648,15000,1440p
1.501397609068846,1.7012058793368285,10477.235824377412,8000,1080p
1.440496809834665,1.5516167658232853,11214.290885539514,8000,1080p
0.8342777071982455,1.2204933561710192,16330.009993901644,15000,1440p
1.580529867552634,1.1650339477879013,12221.326567795768,8000,1080p
1.412581011371644,1.6038996785726103,11123.701905951899,8000,1080p
1.8963987458552758,1.6692856970667824,9410.376194844188,8000,1080p
1.2838192226537366,1.6179844151810796,11563.302065827125,8000,1080p
1.4039437892069944,1.638499521314531,11028.778049523695,8000,1080p
1.7967672778790866,1.4832463533247318,10229.967241838864,8000,1080p
1.855752869621013,1.4363708390490044,10192.336306084813,8000,1080p
1.3195369621730717,1.1303158738628736,13696.509237793121,8000,1080p
1.955228916075393,2.299502980270871,7886.3798747965175,4000,720p
1.487123582494033,1.6924384833939699,10553.161506104698,8000,1080p
0.9820849404451742,0.7446355458509205,19432.463022417716,15000,1440p
1.0664815005330097,0.7225992130863608,18755.124765790057,15000,1440p
0.9298990140097815,0.9891200833376416,17485.199624318924,15000,1440p
1.1236030095625995,0.9094974098914734,16504.070177217327,15000,1440p
0.632821462462903,0.930173706132189,21468.033090697656,15000,1440p
0.8629996439185983,1.2338457493953272,16002.339565421864,15000,1440p
1.361898598418958,1.7819602818475264,10673.008324456283,8000,1080p
1.2680128226361687,1.4055067673789616,12550.658736639407,8000,1080p
1.3688561765385652,1.1191841559331603,13486.289415037574,8000,1080p
0.8983040427372133,0.8103522102902798,19637.906653574337,15000,1440p
1.099167971409202,0.9221165692359619,16600.548475619336,15000,1440p
0.9945791466817098,0.8637448596037185,18056.28721714217,15000,1440p
0.9102482707660488,1.3449203626968087,14878.901516325403,8000,1080p
0.7989324798410732,0.9374393801812736,19324.45046625448,15000,1440p
1.299476777600408,1.5403368637161488,11815.716183560531,8000,1080p
1.1144445380381716,1.4198209098624157,13240.298891261313,8000,1080p
0.7530386901175531,0.9609626340364174,19576.666322916895,15000,1440p
1.859720764380714,1.4903429511016588,10016.057857326014,8000,1080p
1.2410165602952392,0.9449025636279638,15350.262337143473,15000,1440p
1.1813810359922834,1.5654429809022186,12215.719606942965,8000,1080p
1.8941955223544955,1.289323249263469,10540.045279188533,8000,1080p
1.602319602630628,1.1197159195954034,12326.963305960016,8000,1080p
1.2465222855762568,0.9817452305591174,15058.529443626043,15000,1440p
1.5994381586830735,1.550598569344229,10652.076434998688,8000,1080p
1.3697007885855872,0.932003672882131,14578.080097478494,8000,1080p
1.3550258453047745,0.9732284637815645,14411.84146811159,8000,1080p
2.2085213427941524,1.54466197198867,8940.259290783302,8000,1080p
1.0928971026241454,0.9474249252829843,16445.65492164912,15000,1440p
1.2151075387311203,0.8283209780469987,16420.653683009863,15000,1440p
1.2798824593508542,1.205731655467895,13499.453434849354,8000,1080p
1.5266160570223226,1.6425887999262754,10587.650061948716,8000,1080p
1.469946257381579,1.952822665228907,9803.300415152951,8000,1080p
1.5267121702947917,2.008872486979776,9490.490329784861,8000,1080p
0.9946159782528257,0.9201036481873432,17524.462347724573,15000,1440p
1.2902342850530473,1.27389696899589,13086.082058792925,8000,1080p
1.7817923517908845,1.5563425652014378,10051.850160158514,8000,1080p
0.7292150849754137,0.8683408592460812,21003.603736926667,15000,1440p
1.4044780056168744,1.3386930821986434,12231.986604495953,8000,1080p
1.6227875999749048,1.7879911872870522,9837.762602873527,8000,1080p
1.7346029235337606,1.353894040075242,10864.324101776232,8000,1080p
1.0475443620468792,1.4116706221349655,13644.367091054957,8000,1080p
1.5795823120296666,1.504683089401033,10879.229778486344,8000,1080p
1.8634740077683993,1.9255030723188042,8855.80231570779,8000,1080p
1.4962436247514388,1.9376364086123572,9771.579575868409,8000,1080p
1.1575797179957747,1.0954064420040852,14893.31474632853,8000,1080p
1.16886717510466,1.583894278563622,12189.37149649707,8000,1080p
1.3974106777478505,1.158453454522041,13128.409908941416,8000,1080p
1.384838658939119,1.600080657493391,11241.319594562206,8000,1080p
1.525945086316175,1.046471814014821,13043.932340703604,8000,1080p
1.2790040765385677,1.7202073591007638,11187.751420682123,8000,1080p
1.2235622006030782,0.8269511799223743,16363.917601650342,15000,1440p
1.175280637208266,1.448964595145132,12786.317218497414,8000,1080p
1.155966214487453,0.9219997006386476,16147.729736925816,15000,1440p
1.0751172069467183,1.0841543500808013,15539.699900549542,15000,1440p
1.1284052059596854,1.5039457688845135,12746.944583248815,8000,1080p
1.1268235575891379,1.0445379901857885,15453.175927511682,15000,1440p
1.1064751320883761,0.7600696283398676,17976.76257830622,15000,1440p
1.1147365329945658,0.9165391814012971,16518.89586538954,15000,1440p
1.5309605751081097,1.5944219285425516,10736.104128312652,8000,1080p
1.0771364639694778,1.1543334731474748,15036.918688383563,15000,1440p
1.20716547145493,1.288912295709058,13442.86321580602,8000,1080p
1.0332652308699084,0.8623157605958556,17701.397171140616,15000,1440p
0.92904471105405,0.7751381506417446,19689.455136645796,15000,1440p
1.154264765456176,0.9852815283363159,15682.966102370461,15000,1440p
0.9838578072092159,1.2414850776902742,15078.319942373968,15000,1440p
1.0509010700390118,1.531596384976823,12993.016482873652,8000,1080p
1.1434414118554563,1.0392695174067865,15372.824477193328,15000,1440p
1.1456902424708453,0.8385816313414782,16910.198870849712,15000,1440p
1.6661721101654177,1.3410042162150613,11158.11923153407,8000,1080p
1.4658219264144683,1.130958396971446,12921.552007236689,8000,1080p
1.2110477918051707,1.7057793258549878,11503.743844413013,8000,1080p
0.8807752629560079,1.265389701992543,15634.600577316005,15000,1440p
0.7850016604409048,0.8283662368292389,20797.756083268352,15000,1440p
1.62337101006967,1.2564245563975174,11651.671525129532,8000,1080p
0.8224656935181544,1.1095175191829338,17367.869337274344,15000,1440p
0.8405241480719938,1.1043145240626375,17253.06704394718,15000,1440p
1.899286899381508,1.995699001946372,8614.776240540592,8000,1080p
1.0779888818812589,1.0884569285868404,15488.239695573076,15000,1440p
1.0464832180766372,0.9381817824380392,16906.849262368432,15000,1440p
2.2777040663699486,1.6221782801800106,8603.960073227341,8000,1080p
1.5977619177599471,1.1359797629544295,12274.178001789698,8000,1080p
0.7687002567896225,0.8407820973143695,20847.965132665242,15000,1440p
1.4837698002694983,1.0687686609200835,13145.51475332612,8000,1080p
1.2264467411445377,1.7976403883864462,11095.722630585737,8000,1080p
0.7450000319674426,0.7967002714207148,21764.56210474775,15000,1440p
2.017009654806474,1.4282536173934375,9739.294024567944,8000,1080p
1.4002432789120576,1.0404861139225394,13747.706770979143,8000,1080p
1.1309742516913395,1.1209744072093697,14900.176283938741,8000,1080p
1.0966074413883504,1.0943221480784056,15315.157621366881,15000,1440p
1.3849976815010308,1.637072432731015,11103.128230539645,8000,1080p
1.235831916032877,1.2693792852106107,13393.853573441196,8000,1080p
2.06756027542743,2.7297068825609565,6994.488923579192,4000,720p
0.7196784816645903,0.6424146216954452,24634.462884532146,15000,1440p
1.0430520053103471,1.437655885095618,13526.152002728886,8000,1080p
1.3861496832157525,1.2452124011158028,12751.735004391776,8000,1080p
1.4146880586462303,1.5473465033804483,11328.170315825564,8000,1080p
1.382375380153928,1.2063779461589474,12961.61811129031,8000,1080p
1.0131446479111692,1.1028908847631311,15857.215761208434,15000,1440p
1.3352619942407649,1.4871045928409505,11888.757524831237,8000,1080p
1.1945132350153485,1.4595826223739874,12642.509465730203,8000,1080p
1.4010354993113627,1.4162304412073343,11910.282063688375,8000,1080p
0.8163920176961996,1.0874068357446511,17624.988028202166,15000,1440p
0.9017788809705874,1.0541357200578116,17155.366590319147,15000,1440p
1.357798459724276,1.1359928300425504,13455.188546727739,8000,1080p
1.2904814272611926,1.246391372152998,13226.69075396619,8000,1080p
1.413607770638208,0.9481075509362811,14207.653095814363,8000,1080p
0.7387880828235055,0.8560753024068363,21039.06347762434,15000,1440p
1.3077183387715081,1.41361817947625,12330.129616459699,8000,1080p
1.3452867696493735,1.0404090714838554,14064.840715009721,8000,1080p
0.938295263123935,0.7874453335232097,19443.49693412279,15000,1440p
1.175550271262973,1.1144044052317545,14652.880401703993,8000,1080p
0.8776261122239591,0.7342056146062089,20817.57756809281,15000,1440p
0.7981800106834517,0.9225391769098094,19500.23701829697,15000,1440p
1.6770449844060107,1.2757321209381327,11363.686049743083,8000,1080p
1.2001054776572633,1.774152254670716,11281.615454937939,8000,1080p
1.3700448177298021,1.2472450089081706,12820.296651327371,8000,1080p
1.2932585600960924,1.6559291369662703,11377.51660683483,8000,1080p
0.7308283477106468,0.9880308343005466,19521.338543125337,15000,1440p
1.0359888816579703,0.8659263724859048,17642.44328283919,15000,1440p
1.3119008106144068,0.9749058042276832,14673.051836662202,8000,1080p
1.1723954451653738,1.2835737578595596,13662.39933248029,8000,1080p
0.826605941208972,1.1137770959588353,17292.684669608436,15000,1440p
1.2343130733190528,1.5224854516888597,12171.521311991304,8000,1080p
1.4073948349811152,1.4242059833577934,11849.986686924294,8000,1080p
0.9753859259605845,1.265150830099052,14976.068528780199,8000,1080p
1.009070391067393,1.0790093975443353,16069.51620479448,15000,1440p
1.3562106908741143,1.0701601809921222,13829.061496353894,8000,1080p
1.4102299602091004,1.339414183298544,12203.190758057712,8000,1080p
0.9683395298168376,0.935126079360346,17628.073676889107,15000,1440p
1.452329100240966,1.1123390282918444,13083.342685431875,8000,1080p
0.8436402385968548,1.0223646476952286,17981.963630693175,15000,1440p
1.5254607655786254,1.89106736452686,9821.2075891686,8000,1080p
0.9095627203875276,1.013085420131697,17452.195902542204,15000,1440p
1.7077017021811294,1.1769957620108844,11631.872117098557,8000,1080p
0.9259150763376688,1.292773516414326,15123.542848516696,15000,1440p
1.2554623407962906,1.0931081703761067,14287.172490831352,8000,1080p
1.079041489484823,1.0480962716408482,15774.451760116915,15000,1440p
0.9165801912129111,0.8233038835558285,19285.44118921254,15000,1440p
0.8719536274375088,1.1815945596766289,16339.734421890642,15000,1440p
1.332746535465871,1.534796734535484,11701.45620853496,8000,1080p
1.2377526105486993,1.009744523700811,14929.68844705761,8000,1080p
0.9117420144684449,0.8104201714699197,19483.89778499114,15000,1440p
1.273179851490025,0.8571321770285976,15750.94706822507,15000,1440p
0.895288121765705,0.7640848297662671,20221.15159164295,15000,1440p
1.0856975861746214,1.0043190434740623,16054.624410160914,15000,1440p
0.7116499505947944,0.5866586362657644,25844.727778576897,15000,1440p
1.4381636697875266,1.9960323118304468,9770.680584219686,8000,1080p
1.3514923497851719,1.5360749397776976,11620.311714044798,8000,1080p
2.15787966068219,1.896436372483823,8276.225071136689,8000,1080p
1.3951901120772687,1.1030681279462584,13431.130322093526,8000,1080p
0.952794228326187,0.9348375716089843,17775.941262036584,15000,1440p
1.8175180266262043,2.4641988978745832,7836.676873241023,4000,720p
1.0805577325512554,1.2502390451567917,14396.120811954797,8000,1080p
1.5995529680674248,1.4704439162379017,10929.793502898827,8000,1080p
0.9855666467765479,0.8359231260815377,18421.422123798147,15000,1440p
1.1867696252015483,1.0108977409447153,15268.203239892318,15000,1440p
1.2553177919337664,1.2145947359950084,13585.271389403477,8000,1080p
1.5271416314381228,1.8900642684659232,9819.259647462915,8000,1080p
1.3085726418769332,1.1939036623249168,13408.491398563707,8000,1080p
1.4274057209704387,1.4034733707417888,11853.007815923695,8000,1080p
1.1484557249027703,1.3611600769690202,13370.34616014671,8000,1080p
1.228599411851903,1.4069586108122214,12731.433613471305,8000,1080p
1.063086759078202,0.9045887684195968,17052.827832172923,15000,1440p
1.4080481362100208,1.373125565495495,12064.845852462655,8000,1080p
1.7892119048267834,1.3195303052658744,10793.57171883348,8000,1080p
1.1672870486901765,1.3546925559370873,13304.799110363614,8000,1080p
1.8506010184372639,1.2653188413889378,10768.708281820696,8000,1080p
1.2748601820554288,1.398898476312345,12549.536546609514,8000,1080p
0.7571275043866129,0.7707222588218651,21961.86615203306,15000,1440p
1.2919910053341186,1.7628829022672134,10983.900813879001,8000,1080p
0.7763080788039117,0.8684763666305538,20400.50420779404,15000,1440p
1.6265904344747637,1.4274911166778008,10986.750496998702,8000,1080p
1.1684197316250753,0.797436040378962,17068.613312254267,15000,1440p
1.0814835063196333,1.0195837904597727,15970.184320813274,15000,1440p
0.9880975319681319,1.0864152022519895,16174.6088353679,15000,1440p
1.223140963372711,1.1114920149499616,14372.465527368387,8000,1080p
1.3316587920317369,1.3691702839167716,12423.752505780456,8000,1080p
0.9771622116155839,0.7967917495835687,18915.05232600172,15000,1440p
1.3199584064028909,1.2778082508081556,12916.645883823887,8000,1080p
1.0814909598089908,1.0425848860781148,15797.191077226445,15000,1440p
1.0587818089446972,0.7623749482961104,18424.79065384659,15000,1440p
1.324712733303832,1.0815874023885284,13944.408472696796,8000,1080p
1.4266807857199912,2.1127419139023633,9480.199130660532,8000,1080p
1.34178272573548,1.275108875936704,12822.247577453663,8000,1080p
1.3538757719519352,1.1113001233330797,13611.374370558073,8000,1080p
0.9034529726157229,0.7594225322444818,20178.559310019344,15000,1440p
0.663774636976153,0.9095132814202886,21327.5851213553,15000,1440p
1.3091608054629293,1.0900309765180236,13985.72313060148,8000,1080p
1.3376237394950732,1.0989647910657154,13771.070321946127,8000,1080p
0.9722954990624145,0.7239697052211075,19781.359610081083,15000,1440p
1.3263948019604628,1.191154913785659,13328.210279277657,8000,1080p
1.1053160042111279,0.8041253470589076,17572.905278123253,15000,1440p
1.2227171008659392,1.5003395284870107,12322.340871762617,8000,1080p
1.0787177886708865,1.4366014182539355,13340.029332111277,8000,1080p
1.0358769402488328,1.25116704695157,14671.528920208644,8000,1080p
1.559216398974823,1.3563481020914987,11508.725664524998,8000,1080p
0.729676682577201,1.079799045956407,18543.731463694392,15000,1440p
1.06146485824104,1.0260957419333412,16073.512786741177,15000,1440p
1.6473851692921362,1.239426197876297,11623.354536293207,8000,1080p
1.2585015659383696,1.0876328721267907,14302.007359677176,8000,1080p
1.5497628022906231,1.5904746540947596,10685.316784490346,8000,1080p
0.8848880065763257,0.9559046280601461,18228.2519870178,15000,1440p
1.0912900815973388,1.5227642350242785,12836.164798352575,8000,1080p
1.0491023057929032,0.7098078334141498,19076.831301414248,15000,1440p
1.4627360747229001,1.366496932871754,11859.904048174234,8000,1080p
1.0107014692506218,0.9356669287041306,17239.5071946601,15000,1440p
1.1994650330608982,1.4890768942690007,12480.531420733423,8000,1080p
1.081202438831857,1.0805125832619702,15522.134812894685,15000,1440p
1.1328580086624371,1.0596425458098344,15304.184042989424,15000,1440p
1.0138706856366855,0.9963222766283208,16692.144798971032,15000,1440p
1.0090634354628856,1.4328173928414794,13741.224228088191,8000,1080p
0.88712253632504,0.777495570277218,20157.435430334088,15000,1440p
1.4219076799776058,2.031274742431,9716.958994768564,8000,1080p
1.0270355739532204,0.6948474788600849,19487.056304536454,15000,1440p
1.186859451744724,1.2415080949024202,13817.690837751774,8000,1080p
1.3829552456883452,0.9429889137293541,14426.155444935686,8000,1080p
0.8162870355701333,0.7919703875076267,20863.84400812284,15000,1440p
0.7617413390876654,0.6253980207124726,24189.661812231032,15000,1440p
1.1517625738195736,1.2393440476358617,14033.013709600225,8000,1080p
1.2749358404971542,1.2658128800843378,13206.51339039955,8000,1080p
0.8949359751526325,0.9327990919365137,18358.476895362546,15000,1440p
1.2589906375052973,1.5683075038741694,11868.02039335988,8000,1080p
1.3498768195427377,1.304333146426539,12641.96594475013,8000,1080p
0.7838876862129827,1.1722723217324027,17153.214391313137,15000,1440p
1.7192598597666615,1.2123932949757892,11445.56679418913,8000,1080p
1.0255241001551783,1.038937916915593,16253.354008232029,15000,1440p
1.0992952729839969,0.7441097666376335,18202.419587009073,15000,1440p
0.9139402467376971,1.1721168697200226,16085.09744784837,15000,1440p
1.1074940121077577,0.9362638056262844,16418.007901348366,15000,1440p
1.461544389959363,1.155994902642862,12819.074806186341,8000,1080p
1.9302137053606128,1.836395525917327,8908.392121317987,8000,1080p
1.393248592196274,1.469937683549733,11719.262656516243,8000,1080p
2.0459451249218747,1.7116152358700103,8929.845106447894,8000,1080p
1.159256407738857,0.9218335143536711,16123.48973669583,15000,1440p
1.5756864311168974,1.3344716169626945,11530.106422275763,8000,1080p
1.1190648797818208,0.9750419665584806,16023.266462568672,15000,1440p
0.583887644722638,0.7039965024347943,26053.92113417968,15000,1440p
1.1228427282947566,1.338519242100347,13632.465441323839,8000,1080p
1.0744575040013362,1.3196457742223318,14015.448834310979,8000,1080p
1.0885941697382522,1.5594054920814602,12671.614911363435,8000,1080p
1.371854108667274,1.1938960090184818,13077.825376956538,8000,1080p
1.1648678464701678,1.054052971537014,15121.960066216025,15000,1440p
1.9862801055007573,1.3739207351844946,9985.841201431635,8000,1080p
0.8415769110067088,1.1158235809085,17142.343704618583,15000,1440p
0.8130264150620533,1.021457465480141,18290.938588178138,15000,1440p
0.932960844616806,0.9242039492859732,18067.557661098188,15000,1440p
0.5982435979195162,0.7458524275498264,24964.311599897177,15000,1440p
1.6485475825412448,1.274300216293919,11480.047648520178,8000,1080p
1.0576900940975176,1.377529531542956,13778.811424934633,8000,1080p
1.0180541567665067,1.4424458951996657,13637.240923115134,8000,1080p
0.6722920885707914,0.9016612894952479,21318.567924311246,15000,1440p
0.9282908126355237,1.2564111428344389,15358.814467112026,15000,1440p
1.1370591022040926,1.178284438333789,14492.204466644682,8000,1080p
0.9015651242110092,0.8637832489771475,19007.258006192784,15000,1440p
0.9228178614574752,1.0557331600888697,16959.09361679002,15000,1440p
1.1625423308766414,0.9402608018126384,15957.001146886803,15000,1440p
1.1937859154129276,1.031829367807067,15076.474471119662,15000,1440p
0.8523275277111468,0.6604530758824463,22180.633411277107,15000,1440p
0.838294653882654,1.059797962086157,17677.974044945844,15000,1440p
0.7688230036906348,1.1444320986493497,17537.876657933193,15000,1440p
1.4290955329613715,1.591728959938335,11107.706547953372,8000,1080p
1.4724589730638251,1.305718953448816,12077.855662081303,8000,1080p
1.4371577258105122,1.0096776694111682,13713.399792044453,8000,1080p
1.0130098581048048,0.8306768899589392,18199.63832534955,15000,1440p
1.1160337195437233,1.0783397965777792,15291.121476578233,15000,1440p
1.1309627208441622,0.9979928900010189,15760.982440906373,15000,1440p
0.8795711570625342,0.8699411357082851,19179.30622073973,15000,1440p
0.6328970863353853,0.7596286169560715,24096.0952610704,15000,1440p
1.4584745573606253,1.1891742902085658,12673.293904063734,8000,1080p
0.9223637656777559,1.0639728045995753,16892.62157385299,15000,1440p
1.086405841164566,1.5748760676636526,12608.37188600371,8000,1080p
1.1875132450782402,0.8447250141436744,16511.071892154527,15000,1440p
1.4421236680786669,1.0742908884463132,13334.222659376397,8000,1080p
1.064311216764936,1.5557197001482341,12806.88398880906,8000,1080p
1.272815688239515,1.6160768661519438,11614.980954896813,8000,1080p
1.848533438730293,2.0268406084050063,8658.372480149019,8000,1080p
1.4273026778997557,1.2141934104938483,12702.813434944645,8000,1080p
1.3205730868993597,1.5083284242603763,11861.29381586142,8000,1080p
1.735013300986083,1.9901442330769412,9007.520270801066,8000,1080p
1.11204998964141,1.0297684182570115,15666.32907638702,15000,1440p
1.128703856826838,1.2963453387189168,13836.59847463367,8000,1080p
0.9763235470873353,1.0898848202480318,16239.616744594166,15000,1440p
0.8928194737635164,0.869620988543127,19038.61873216681,15000,1440p
0.7659786887648149,0.6442916669617359,23792.907412219727,15000,1440p
1.312265080220153,0.9436947204387052,14873.68347175351,8000,1080p
1.0230436686744728,1.1073874235012535,15750.066793163522,15000,1440p
1.717334983270085,1.466637664920233,10538.542791525364,8000,1080p
1.210207326788211,1.0664156152086994,14738.686578713015,8000,1080p
1.313933466886244,1.2304162622100954,13187.822262121692,8000,1080p
0.9239025354068163,1.2507022904169465,15430.12854636209,15000,1440p
1.307565338325972,1.3085553421801466,12826.026050720455,8000,1080p
0.991199242344598,0.7881586990575041,18857.60656653473,15000,1440p
0.8900500583828026,1.1064723952451319,16806.438584763895,15000,1440p
1.1713834279569872,0.9806861269669702,15591.704238009925,15000,1440p
0.709379676435013,1.0165620968967675,19441.230589851293,15000,1440p
1.7270084799765961,1.2557606809069186,11249.422999284654,8000,1080p
0.5819347902578179,0.7364474543885083,25451.216546837997,15000,1440p
1.174058844490737,1.5389121346789927,12368.149994095736,8000,1080p
1.470915537374841,1.0051249866444298,13551.648963132579,8000,1080p
1.050645913244404,1.1023443369433643,15585.036670311732,15000,1440p
1.3398521068250795,1.0536907681781744,14018.730289071753,8000,1080p
0.8956134518669049,0.8653812036728218,19054.249764157244,15000,1440p
1.397353914387265,1.2345681719484631,12749.021779256345,8000,1080p
0.8799316370289565,1.169864438164738,16369.643988526659,15000,1440p
1.2272307643309273,1.34684680159674,13035.517050515678,8000,1080p
1.2507277103810543,1.22497054385433,13553.52250323545,8000,1080p
1.7994691565093033,1.7271935004076269,9514.500042749727,8000,1080p
0.9753667381784804,0.9135027556938032,17764.293461700003,15000,1440p
1.0628862229861877,1.2682522878662768,14394.010413276395,8000,1080p
0.9296865887636794,0.6758729817672766,20898.901925453694,15000,1440p
1.203220808220448,0.8939594010867544,15999.784782960836,15000,1440p
1.0374600422802798,1.056698770915759,16022.868842879347,15000,1440p
1.3216477847810495,1.3262403633542137,12672.148566256556,8000,1080p
0.893381992404582,0.6771193699840208,21365.42686532056,15000,1440p
1.3790140823594088,1.882057811150431,10289.387384184867,8000,1080p
1.583279830688927,2.2016378162019135,8865.300418772289,8000,1080p
1.1742966323363275,1.4458810479649153,12806.16663986781,8000,1080p
1.4264605357130626,1.1331360390415803,13109.265862811388,8000,1080p
0.9294075237844539,1.3390311131128754,14791.862320725713,8000,1080p
0.6610765825307077,0.7305987877413302,24110.818310624367,15000,1440p
2.213420807220641,2.0355887488917364,7897.000832048154,4000,720p
1.6792503916474941,1.2476442872398175,11464.174724850725,8000,1080p
3.1627010632465296,2.156187698787574,6308.54178404885,4000,720p
2.3568225816036197,2.9054095148368564,6376.463710655631,4000,720p
1.7163682794815158,1.2363654930005548,11363.852817585417,8000,1080p
0.8984553085447571,0.9752674325079944,17907.896010883356,15000,1440p
1.0297313994854973,1.3466019745943714,14120.254492067003,8000,1080p
1.5277950604931838,1.757847443222283,10212.44154288119,8000,1080p
1.3179291346356183,1.1133573809919979,13801.101509148215,8000,1080p
0.9331320931851294,1.3568994987581853,14652.388254402114,8000,1080p
1.1253551017506715,1.2951133704765458,13862.784161416723,8000,1080p
1.240330595013048,0.9885702624540167,15054.250568206719,15000,1440p
1.1525699713123267,1.275344167962245,13820.271259685327,8000,1080p
1.077536631240896,1.0506095664808932,15766.976928521404,15000,1440p
1.3709016440689128,1.3366466776939934,12392.92083184408,8000,1080p
1.1894923058024693,1.1645588604815937,14253.909379959074,8000,1080p
1.1356314079248977,1.1147300142681542,14910.685754335449,8000,1080p
1.3603262287573632,1.181324228644305,13201.827931250125,8000,1080p
1.4218868167478744,1.9849688990566658,9849.091009149477,8000,1080p
0.7061972680817776,0.9958537767004159,19714.116155837066,15000,1440p
1.20310677783672,0.9889266471024487,15307.445414948987,15000,1440p
0.925225567138952,0.914602197157929,18237.811522984248,15000,1440p
1.0064710907254626,0.7130367765152137,19513.974108094877,15000,1440p
1.4211610931100536,1.9657760052679927,9907.013630713342,8000,1080p
0.6513114975423769,0.7505541034009585,23935.555574957216,15000,1440p
0.9928806642872985,1.1716941958138691,15501.626956173619,15000,1440p
1.551380119299656,1.5040048622476476,10982.063537867956,8000,1080p
1.1262982434302637,1.3390281127033763,13610.543657442278,8000,1080p
1.1509511865461926,1.214822455680799,14183.280852015054,8000,1080p
1.3109218958310345,1.1735310236102159,13505.762873359798,8000,1080p
1.097104383580153,1.0237259563931722,15821.36551310466,15000,1440p
1.6135283226301163,1.0757104587804782,12477.297379446385,8000,1080p
0.8165546289358918,0.8874490213382551,19691.525892331058,15000,1440p
1.4162924697928048,1.1045089952395635,13311.01733534146,8000,1080p
1.2048090142325723,1.6956414275631444,11568.69688806884,8000,1080p
1.5271118338632876,1.1967258636960822,12318.807405472673,8000,1080p
1.4496922409666302,1.6618933840284542,10783.708386637441,8000,1080p
1.2180992161822202,1.3522574510235241,13054.387520653816,8000,1080p
0.9797789411784175,1.143292850639245,15804.661966363587,15000,1440p
1.211604595177929,0.8697567103026294,16121.387436023622,15000,1440p
1.4105215588413165,1.0739785349540103,13505.506433184388,8000,1080p
1.7143274555447914,1.7875693301483409,9581.78782912317,8000,1080p
2.115174143727914,1.9416150103801315,8271.17967568554,8000,1080p
0.9610149234043018,0.9455434405903064,17599.478009000984,15000,1440p
1.994448197324806,1.597451089529088,9341.696222610397,8000,1080p
1.712548092362078,1.3470908235704315,10966.794749952827,8000,1080p
1.157302499763793,1.202780065953398,14217.482255669876,8000,1080p
1.6303391719032658,1.1905741786880484,11894.882199400556,8000,1080p
0.6433596249108359,0.941015980777231,21178.33162763693,15000,1440p
1.3818305517150868,1.1444418117358506,13282.190980454692,8000,1080p
1.4848528038110578,1.7638203549005027,10328.657381251565,8000,1080p
0.7810017955310542,1.0483268085894584,18342.484736979215,15000,1440p
1.2150617025182866,1.1213311903451189,14361.639304114131,8000,1080p
1.453745736725813,1.3766695075021256,11854.950282799493,8000,1080p
1.2117093249323183,0.8552292337088381,16233.879744378712,15000,1440p
1.5004204687878095,1.0278622984720522,13271.62943738532,8000,1080p
1.1953609224403272,1.2967353146525915,13464.34038163066,8000,1080p
1.6651238904567716,1.139719670509751,11963.031545487498,8000,1080p
0.9913811665633678,0.7718184351072002,19030.42172208319,15000,1440p
1.0131283548403798,1.1038682134976479,15850.017190317078,15000,1440p
1.078844422647473,1.1149088192630392,15295.444974831293,15000,1440p
1.752307854444104,1.3085259097568764,10962.513675994836,8000,1080p
1.95442015868962,1.925734286578241,8647.7052584652,8000,1080p
1.7098649288769872,2.1569649843529612,8677.503989817878,8000,1080p
0.897093047659578,0.695628935681573,21067.350329158387,15000,1440p
1.1582798589823753,1.038510525418332,15274.298466648548,15000,1440p
0.6981381143224957,0.9514152683208118,20341.525380785853,15000,1440p
0.6900336047916226,0.6855132276018173,24393.52205959834,15000,1440p
1.2524763758175221,0.928416085304498,15385.642620240431,15000,1440p
0.7570681115499123,0.7389389666387709,22429.327032748144,15000,1440p
1.1963007542525086,0.8656307934488676,16273.300652199729,15000,1440p
1.458009079881216,1.4246835066678525,11639.961942722693,8000,1080p
1.3653446728690208,1.2979338394629902,12598.919656592423,8000,1080p
1.4805613744883188,1.8134475494132412,10186.503065163753,8000,1080p
1.802780780495195,1.5325487799415534,10060.304804064453,8000,1080p
1.292804515392419,1.4413396774281864,12272.37103591983,8000,1080p
1.5738606241639246,2.303207442349099,8654.589350601302,8000,1080p
1.1707283432974627,1.555708717912052,12307.062751382358,8000,1080p
1.8479658753574102,1.5194356666326028,9964.487923875731,8000,1080p
1.8291990431534948,1.3435662312090264,10575.768800527429,8000,1080p
1.4171577241432518,1.4502681784503089,11701.935164096243,8000,1080p
1.5549738969620768,1.3018652585432509,11745.299673360427,8000,1080p
1.3723429256031778,1.357696557263142,12290.822975486995,8000,1080p
0.8740427578153014,0.7886029336687059,20181.348420691324,15000,1440p
1.4403606075097959,1.673143767301314,10777.062743660246,8000,1080p
1.0917461579809729,1.051347773357648,15657.004814082604,15000,1440p
1.5679045643144094,1.2381387177111471,11957.91676305811,8000,1080p
3.151520972104153,2.2062197576050155,6262.79502737741,4000,720p
0.9893170044342476,0.9732774366597761,17096.976989955958,15000,1440p
1.1946524752641876,0.9352752620467251,15753.788925423036,15000,1440p
0.694652183688308,0.9179285110937518,20807.908781603564,15000,1440p
1.407790431560972,1.2531857014130783,12609.820728642822,8000,1080p
1.595068877217293,1.4435721007855746,11042.578653715613,8000,1080p
2.0230719370409074,1.6155710532572138,9221.688439747375,8000,1080p
1.043965785521527,0.9828253671823939,16555.446255641775,15000,1440p
0.9735950314215198,1.1409196856053063,15868.620695712238,15000,1440p
1.1199987825573612,1.5202188630492859,12708.964374901048,8000,1080p
1.6847566606029762,1.1937845712765787,11656.74878246941,8000,1080p
0.915158161326571,1.0993198073892478,16656.63885189578,15000,1440p
1.3323263391315074,0.9832256557695698,14490.899825997421,8000,1080p
1.2698926627809,1.5128315852537404,12058.123266686789,8000,1080p
1.2643827216923174,1.8170698863926211,10889.160492672127,8000,1080p
0.6977695584245578,0.8475184143550061,21714.031682809553,15000,1440p
1.060209114716744,1.2728437731761648,14382.199466684446,8000,1080p
1.5010509874215778,1.075934689401681,13020.806557746851,8000,1080p
0.908471166138076,0.922601619584166,18325.012671063705,15000,1440p
1.6760076016519896,1.5807893248323037,10302.893535404417,8000,1080p
1.2570042024327774,0.9519799815572023,15189.982908520547,15000,1440p
1.9231320311518756,1.7911878364840272,9033.80247144864,8000,1080p
0.7549448134418614,0.9596005552979366,19570.454425864933,15000,1440p
1.0719436535560014,1.0839231937379115,15564.24138258733,15000,1440p
1.4828400690205372,1.4680361640247206,11371.006219861805,8000,1080p
1.3234057820248404,1.925156045990384,10329.011352232987,8000,1080p
0.8039654346720433,1.0062244909830038,18536.415170832293,15000,1440p
1.33678373420846,1.0214255998056656,14228.77584106747,8000,1080p
0.8442884090211135,0.9607490336925296,18589.327404508127,15000,1440p
0.8082422541188642,0.7846010293754876,21065.7459824854,15000,1440p
1.079761232156402,1.456136881844838,13231.774500220947,8000,1080p
1.2280843883062238,1.207044574652074,13779.324426102123,8000,1080p
1.187676876892058,1.1787373764385072,14179.441301443501,8000,1080p
1.470690377969047,1.508572341309503,11262.663001444012,8000,1080p
1.265061394341718,1.3862565295995484,12655.755726993424,8000,1080p
2.5016004021081284,2.4818124501652696,6733.223394223239,4000,720p
1.1897821773295005,1.007155580379183,15273.273847774324,15000,1440p
1.0377089374892288,0.8331255457038957,17935.54282938466,15000,1440p
2.162754773744087,1.4686431478979065,9240.086799638811,8000,1080p
1.0528795450394248,0.9177790312172125,17027.014422629356,15000,1440p
1.1938730351244573,1.01159729408163,15214.184274280731,15000,1440p
1.3554354813524392,1.8634622672960992,10424.199406174957,8000,1080p
1.1088945330945563,1.3047346022545252,13902.066190938254,8000,1080p
0.9104698838569235,1.2189210421050474,15757.76039565938,15000,1440p
1.7515733401644078,2.0404300438737235,8848.734719289107,8000,1080p
1.9227869163636255,1.4321375941425825,10001.546054142702,8000,1080p
1.1186084480394336,1.2656251667549556,14073.466539432906,8000,1080p
1.239078819158959,1.7274999547375618,11310.817799699673,8000,1080p
1.04195646185094,1.0251568143404666,16232.507616526473,15000,1440p
1.558003111944909,1.0433683868859729,12898.746686153885,8000,1080p
1.0694507639696968,1.3978004959019532,13599.924963356001,8000,1080p
0.7881021295162247,1.0236056213096458,18520.885603488834,15000,1440p
1.109491060808423,1.5041404137685768,12838.241476040756,8000,1080p
1.6583303314128865,2.1936631421869963,8710.926492988496,8000,1080p
1.7606775779199388,1.3708009382939577,10715.204280107557,8000,1080p
1.7992849073139172,1.2611535211911755,10963.929771457633,8000,1080p
1.3047395023325339,1.6730580849684906,11268.204441797741,8000,1080p
0.873094352349079,0.8983926468091837,18941.393313043605,15000,1440p
0.9546872440266057,1.1470289123571045,15965.253870310911,15000,1440p
0.9879256284571782,1.0323766139025439,16608.61988689785,15000,1440p
0.7678004336915205,0.8334559630305003,20955.065078078856,15000,1440p
1.0979245591227231,0.7700806381380252,17962.708053063438,15000,1440p
1.2519485243820572,1.3612830343571851,12840.206176060567,8000,1080p
1.0517278340471496,1.1616335897411436,15159.942537793802,15000,1440p
1.5588594787318115,1.2528930899564799,11933.63611494928,8000,1080p
1.2025664880902878,0.992644101799367,15285.290693539639,15000,1440p
1.4535367447532501,1.6764131963202316,10720.437269514863,8000,1080p
1.024793529421246,1.3315382993230067,14240.113209302097,8000,1080p
1.0926495462619046,1.2082827270436114,14582.972471326048,8000,1080p
1.2411442948977391,1.5953782452851233,11829.425475969192,8000,1080p
1.0317132102457796,1.1538334201485563,15352.878558324703,15000,1440p
0.898114382065363,1.2359066641276453,15723.571264613114,15000,1440p
1.5187872411699233,1.3899263264513144,11535.832325848778,8000,1080p
1.9195589488726292,1.9010259362212731,8782.538016865787,8000,1080p
1.6218211329726167,1.5248847824861502,10663.351740357346,8000,1080p
0.6661307550496871,0.7850592417688631,23122.011641178287,15000,1440p
1.3972204403630815,1.8045144761176721,10480.078106179377,8000,1080p
1.0077144038326524,0.8196568867037677,18362.131534938464,15000,1440p
0.8675873464879487,1.2315991740967072,15984.492883774126,15000,1440p
1.8134869774224174,1.4401276819628226,10312.970499813275,8000,1080p
1.5812394710176867,1.4763333177531672,10974.205462329779,8000,1080p
0.9092971230110202,0.6284831364068183,21820.043399895632,15000,1440p
1.5992337559001828,1.3968079691331305,11199.587682520312,8000,1080p
1.3758810971999627,0.9456934091381914,14453.308264883468,8000,1080p
1.329342331288592,0.9815407920253081,14520.177010026187,8000,1080p
0.9150556035093886,0.7876294674504025,19706.775241228614,15000,1440p
0.9560121581012018,0.9997867403093899,17156.38148036002,15000,1440p
1.537674778250058,1.113445541997544,12656.699035397298,8000,1080p
0.9499967063303476,0.7573216067902302,19653.295898097855,15000,1440p
0.6781873760440661,0.677969784934043,24742.288700374032,15000,1440p
1.8104760299063567,1.7279465404543852,9482.878693196648,8000,1080p
0.9046127024095993,1.156558379130366,16279.304663507328,15000,1440p
0.7923670086606572,1.1069014290032455,17667.02975450479,15000,1440p
0.746651279932005,1.0831058479142839,18338.18898112186,15000,1440p
1.3858000452448873,1.013839032229048,13983.116175671825,8000,1080p
1.583219916597005,1.0765480579325952,12615.54854458098,8000,1080p
1.0721653146809365,0.9052824014644276,16968.555843998547,15000,1440p
1.0903719030415093,1.038071937818617,15764.772062973627,15000,1440p
1.160569979906457,1.04253727154778,15230.503180383632,15000,1440p
1.0753183214652529,1.3157673239296517,14033.13681574892,8000,1080p
1.7615491951968767,1.223505994540216,11240.807913824632,8000,1080p
0.7718642451705648,0.924760040824139,19777.1729881419,15000,1440p
1.021702377184557,0.7499903594752098,18939.193747139994,15000,1440p
1.6312397112262953,1.662463555298418,10187.448377948238,8000,1080p
0.8208872009559072,1.1755730045841042,16806.962596544243,15000,1440p
0.8601251522996305,0.8288934492930602,19866.229991996086,15000,1440p
0.9625431587335517,0.8420650344219217,18593.749118099655,15000,1440p
2.008646603527819,1.5410393017326198,9452.78903417178,8000,1080p
1.131554280206291,0.8196012295682773,17197.210489837787,15000,1440p
1.1727012040696283,1.2739583547677769,13714.385345848556,8000,1080p
1.2384050678006189,1.8315395634646825,10929.97953717826,8000,1080p
1.1556485871849131,0.903285922345668,16296.98848830802,15000,1440p
0.8269848066523203,1.05766497562013,17804.067533195022,15000,1440p
1.2277023517668484,1.6268890860476537,11754.547973313316,8000,1080p
1.685599190894156,1.606128472490622,10193.562600344967,8000,1080p
0.802020724576641,1.0351215992166347,18264.47062126239,15000,1440p
0.9456312829115736,1.4001969902119022,14303.873981074581,8000,1080p
1.2267759434419148,0.8374884676075185,16254.909894484668,15000,1440p
0.9057857179117222,1.3210257503817835,15068.375782038744,15000,1440p
1.6410326599733398,1.3813197222329887,11102.091270874624,8000,1080p
1.3195313322937627,1.9784279362675852,10174.301520296605,8000,1080p
0.9263696015307121,1.1476436788582096,16178.503926314217,15000,1440p
1.3951471407316947,1.1662907229559136,13099.842270502284,8000,1080p
0.993097484500583,0.9189218282481301,17549.211860084328,15000,1440p
0.909579363598736,0.6160811586279861,21993.380251477472,15000,1440p
1.4853776624051658,1.1651042593338519,12659.74754431997,8000,1080p
1.4498824728008963,1.8106221195923298,10291.177653386123,8000,1080p
1.066173956932286,1.34164161978005,13935.632082676231,8000,1080p
1.1717382550310746,1.0516160713703375,15091.805926547564,15000,1440p
2.2488328859197,1.6385765165054806,8631.566301986843,8000,1080p
1.0843585533666171,0.8315770607614155,17513.340089599547,15000,1440p
1.5418272449063943,1.1129015480370503,12639.49526188562,8000,1080p
1.391244728449305,0.9571431873941456,14288.283368188146,8000,1080p
1.2220841782075471,1.3092979576634893,13255.379946202425,8000,1080p
1.4411140519239516,1.3147374647689243,12175.703878366627,8000,1080p
1.2319149770633793,1.0086534127736568,14975.857087067325,8000,1080p
1.0756787650164927,1.1089307788629656,15359.464163290982,15000,1440p
1.0905031843156772,0.8673395855669164,17138.471237918744,15000,1440p
1.3091787751379338,0.9919910076746603,14581.467326147595,8000,1080p
1.1721300353633457,1.2537858217851556,13831.655331789185,8000,1080p
0.7608721067121511,1.0125085891326435,18921.166830461916,15000,1440p
1.2096969121572285,1.1392646864165168,14284.793766051243,8000,1080p
1.331011194362558,1.671562904456475,11175.221958118393,8000,1080p
2.0957225393073133,2.6892197213176963,7012.505098779837,4000,720p
1.122849569404074,1.2180419791963728,14334.039532955403,8000,1080p
1.3178224598270751,1.1675248449594329,13500.902644623478,8000,1080p
1.857944659138298,1.316384161568179,10570.5596033785,8000,1080p
1.2547495669096176,1.448169968570132,12414.143876482183,8000,1080p
1.2819772834307035,1.6253601911910616,11541.29243436568,8000,1080p
1.1300728048150912,0.8257976896786272,17155.75345835239,15000,1440p
1.1162614047578217,0.9505986367390271,16234.496446938621,15000,1440p
1.3783239224485861,0.930253166511197,14534.681194085322,8000,1080p
1.087208343303567,1.3877065257087275,13557.812602011285,8000,1080p
1.6576385534294402,1.5390387495558004,10496.659130611946,8000,1080p
1.0765876190343053,1.4273619196362042,13400.602321169768,8000,1080p
0.6693602834332492,0.8297350147254093,22383.121367410713,15000,1440p
1.5818679269816716,1.9087404195325257,9612.774814312306,8000,1080p
1.1359632234979073,1.0123397448575966,15619.040933358414,15000,1440p
0.8436957618039687,1.032637801641695,17882.978087532192,15000,1440p
1.311612550681318,1.670183614940333,11253.093818706586,8000,1080p
1.0940203939848239,1.1256168003915064,15117.079532192678,15000,1440p
1.4334419416333428,1.4612874363127817,11591.560943706461,8000,1080p
1.129588703478372,1.513916284168761,12693.16008738282,8000,1080p
1.6605111151047247,2.3593023422967816,8347.260975062834,8000,1080p
2.0070753126497416,2.2794866688025137,7827.819157914522,4000,720p
1.7790508492357917,1.1903173786222343,11300.192305285329,8000,1080p
1.0869625635743125,0.8981524290185623,16903.016764873955,15000,1440p
1.3652737897166098,1.692964539415888,10971.81723228159,8000,1080p
1.1012479575233556,1.6410201100666697,12236.014559104897,8000,1080p
1.4805248732322374,1.6828528501626911,10607.153155263884,8000,1080p
1.4470937548938962,1.0102213684394588,13654.916164957842,8000,1080p
1.186558747046363,1.6877947222340224,11673.731974377039,8000,1080p
1.343187068898896,1.2313676762620933,13033.100990789695,8000,1080p
1.347884019780886,1.825080700642368,10575.104029371007,8000,1080p
2.1881003673276993,1.719272430298087,8587.46624340234,8000,1080p
1.2658700692446228,1.222460365948144,13484.717112098739,8000,1080p
0.9706548540177141,1.1251114508370033,16010.57900505088,15000,1440p
1.0768325773439995,1.2729765410340381,14279.641583466593,8000,1080p
0.9079036960935762,1.2282139132845704,15708.13884623523,15000,1440p
1.2618245353275035,0.8473014084624269,15909.164693932584,15000,1440p
1.1922153519072658,1.1038209580974494,14614.06853793662,8000,1080p
1.1085631068521775,0.755333214986083,18002.30603325998,15000,1440p
0.994759010048739,1.3412684481817956,14363.885955953789,8000,1080p
1.1754428112366702,1.3295853998078155,13394.831983153312,8000,1080p
1.3334822512205695,0.9174919603742373,14906.626574023168,8000,1080p
1.61664741574948,1.1429743424445606,12159.069227646178,8000,1080p
1.3800085878972361,1.683684353400878,10952.282961419327,8000,1080p
0.8044089512719842,1.142716504455962,17232.80433794927,15000,1440p
1.4622542661909572,0.9765222913368479,13758.715162496981,8000,1080p
1.220594051562981,1.2244640929227446,13723.367714454733,8000,1080p
0.846486390550237,1.067996902191672,17526.62565780012,15000,1440p
1.0534298334834473,1.0205946079625912,16178.416864077737,15000,1440p
1.174589755832679,0.8173137070456,16845.410746720732,15000,1440p
1.370464869886163,1.0116300214599774,14086.102162386205,8000,1080p
0.988252048124165,0.9451195282953575,17355.39738415965,15000,1440p
1.5837267196632803,1.3154241084996523,11573.882832878344,8000,1080p
1.2853068850003586,1.1824328384762426,13597.232998595104,8000,1080p
1.0514583099598713,1.1734727673897858,15081.110755111622,15000,1440p
2.138652727065767,2.2125389383435143,7711.549979916549,4000,720p
0.7676696099718987,0.865684899650291,20543.263450970884,15000,1440p
1.191568079026928,0.9293789928174319,15820.49474286094,15000,1440p
1.1463866660317885,1.4058306779237721,13147.168707816858,8000,1080p
1.1631122828362292,1.2429023326405757,13946.063246731546,8000,1080p
0.985608416303595,1.0773051013154398,16265.554378996809,15000,1440p
1.2649675287825035,0.9985057254530005,14824.311238143224,8000,1080p
0.8990643877962748,1.20804027027144,15924.425904297765,15000,1440p
1.116160882126933,1.4394752384476295,13129.581214580829,8000,1080p
1.4687980842121922,1.7756559010603168,10342.089039423281,8000,1080p
1.556501171724527,1.518857505552213,10910.737745137674,8000,1080p
1.498248311718931,2.176113332829537,9132.043942866547,8000,1080p
1.357320753793827,1.1332020702958534,13472.846614953065,8000,1080p
0.911652116026786,1.3173681698190634,15053.443978535643,15000,1440p
1.9120468186304542,1.572170559640964,9630.407163816784,8000,1080p
1.0036286317457543,1.1109104313958116,15868.437989576913,15000,1440p
1.9722192916185124,2.0652913337128878,8310.673361322943,8000,1080p
1.479510325443461,1.2298221040809185,12384.760036955098,8000,1080p
1.4323087311712552,1.4272894324735856,11733.967529630652,8000,1080p
1.502983143252203,1.6754881138716717,10556.783209788291,8000,1080p
1.4184708235274521,1.4659279886429375,11633.076486656744,8000,1080p
1.3352879124846613,1.1458390436742345,13523.867417065423,8000,1080p
0.9105033692550973,0.8897290142581687,18638.944786959353,15000,1440p
1.4108644281737275,1.117620379991051,13270.568955624627,8000,1080p
0.8240699582672824,0.7288748454530538,21606.970138033757,15000,1440p
1.5467027899136727,1.7177278865929526,10278.800601122797,8000,1080p
1.0306180066005284,0.7784915160852213,18547.485146275776,15000,1440p
1.6326956499571605,1.8307115542760561,9688.272276787853,8000,1080p
1.1641211709366277,1.29503693383695,13644.682680168487,8000,1080p
0.8418463483989528,1.2364338538729087,16145.28780253988,15000,1440p
0.9155657559698481,0.984564151509958,17659.01997958874,15000,1440p
0.9560981209084121,1.420515505667491,14118.58941848424,8000,1080p
1.4070068346997593,1.2135382635977672,12804.371129426127,8000,1080p
1.7293948126659644,2.0166584685275697,8957.27569291518,8000,1080p
0.9168627451857136,1.110281349188193,16552.563822732813,15000,1440p
1.1734625258976559,1.0618482581067674,15011.081340505716,15000,1440p
1.5531379746425213,2.0370217997371833,9346.222482757725,8000,1080p
1.0647290144305976,1.0986085851647325,15510.492678663113,15000,1440p
1.0166282467449372,0.9099101223337991,17416.954958465536,15000,1440p
1.2057492694239553,1.1320458244958143,14353.025244714432,8000,1080p
1.303925022936769,1.8033011511180796,10798.837973295116,8000,1080p
1.5062304567298221,1.4725403754879516,11264.522814941703,8000,1080p
1.1176062960172053,0.9085231542874417,16560.853007173253,15000,1440p
1.3670702436325215,0.9662878363661591,14380.318343603298,8000,1080p
1.1877302053663727,1.493307554458983,12515.464161976499,8000,1080p
0.9544668912820071,1.0807586614674627,16486.837026328576,15000,1440p
1.1630590548544661,1.3401888193646905,13404.358531800093,8000,1080p
1.4955096918870865,0.9994153639032772,13449.074120332782,8000,1080p
0.9411156897446715,0.7454648960532877,19894.94737609863,15000,1440p
2.0805680910037596,1.3925145832592487,9661.282251831302,8000,1080p
1.0639950553199378,1.0851057793072698,15613.242272934345,15000,1440p
0.9388898654256856,0.9536641965117347,17729.708585259697,15000,1440p
1.070031402147368,1.2481556160829257,14474.428394312848,8000,1080p
1.290144962292872,1.3172264786824417,12869.06478788792,8000,1080p
1.3624897327014411,1.8404047328356412,10476.283986576302,8000,1080p
1.1755145107649014,1.1448501925176233,14460.844001174437,8000,1080p
0.964071831547693,0.7362021774256384,19734.720299736284,15000,1440p
1.3263480907083414,1.9074127219695154,10376.287531363147,8000,1080p
0.7857809859547222,1.114694228289435,17655.811424694122,15000,1440p
1.3207946124680507,1.0289278051058455,14280.168478217598,8000,1080p
1.8373455581370344,1.430071878714394,10269.404705244506,8000,1080p
0.8127694736117266,1.1645297747545793,16969.829947451562,15000,1440p
1.3738163765754838,1.3754124355426645,12205.034318023143,8000,1080p
1.927898844531571,1.5750043964108718,9579.0347868622,8000,1080p
1.0354758354424545,1.032382889053461,16226.655913439932,15000,1440p
1.8924524299638406,1.2904870943929492,10541.963409367854,8000,1080p
1.094479835366425,1.2179311499798613,14510.58320196277,8000,1080p
1.2492651001207102,1.39469536624008,12690.97341919984,8000,1080p
1.3156961270991796,1.2281149344549251,13190.614864100953,8000,1080p
1.1612231388324303,1.1571585054055278,14473.213279355994,8000,1080p
1.4165381092327025,1.0715637859368168,13485.955725986805,8000,1080p
1.7749590397324135,1.9559188374206282,8993.709551706022,8000,1080p
0.8775235576143806,1.2988735984939046,15417.421358884794,15000,1440p
0.8143979237503519,0.728391586146753,21749.196364601863,15000,1440p
1.993075678511866,1.6168035922270616,9295.167368057588,8000,1080p
0.7198186427236243,1.0717138443591105,18729.45773628632,15000,1440p
0.868254108953139,1.2871595590044607,15567.513790424784,15000,1440p
0.8743173804679273,0.7860924664112435,20208.523855159827,15000,1440p
1.6714137779586613,1.5335483307284044,10469.525336680439,8000,1080p
1.429187312388541,1.1662676527366083,12928.150343915542,8000,1080p
1.1577661149336806,1.2360597890497387,14017.07281392691,8000,1080p
1.6005006723250257,1.4868111768181889,10868.494547874057,8000,1080p
0.9993876039049111,1.4165678789014602,13888.679753744142,8000,1080p
1.61052983566908,1.3767811234195635,11232.319788441659,8000,1080p
0.8641653566491816,0.9431761057467103,18565.629516139557,15000,1440p
1.0911442603799082,1.4586067285375792,13159.885865656921,8000,1080p
1.2606508269333088,0.8654998033252352,15781.7755348405,15000,1440p
1.7347747050296634,1.745106909386406,9642.406184450185,8000,1080p
0.9562569588293298,1.0082185874072533,17080.605591798503,15000,1440p
1.4013465947051988,1.239698552160452,12704.982358905092,8000,1080p
1.4167299025154538,0.9635613310474793,14096.775859554853,8000,1080p
1.9564067527766995,2.04491211606688,8385.843043220786,8000,1080p
1.1525825766354756,1.0181694252607119,15457.51517017589,15000,1440p
1.071855655963439,0.7277323608358603,18645.618712042244,15000,1440p
0.8738370870447008,0.9170270910703686,18736.447135436538,15000,1440p
1.5636547324372494,1.5112552130494474,10912.329985224658,8000,1080p
0.9802312504416207,1.0335182757635537,16662.664131438385,15000,1440p
0.6799314792176455,0.8203282763702572,22365.748247943317,15000,1440p
1.3597965084901746,1.3322948252539186,12464.076377874348,8000,1080p
0.9658572555980299,1.4372496166918003,13962.93788966083,8000,1080p
1.4255844516196938,1.2239282114596075,12664.37879976107,8000,1080p
1.4496645870216185,1.8795193877210072,10078.875861041608,8000,1080p
1.620966628331826,1.4509655769839835,10922.907719752377,8000,1080p
1.5871417203983156,1.1459734196738203,12276.991740316651,8000,1080p
1.4978552470139537,1.2854554653975487,12055.582529960493,8000,1080p
1.2876475232178712,1.3966747137199704,12500.15051779977,8000,1080p
1.0673225958459511,0.9750371791780195,16429.246409147567,15000,1440p
1.5974408648601814,2.2146894344910906,8802.01602912422,8000,1080p
2.0438334179593745,1.945639052625027,8410.744088950876,8000,1080p
1.39090742561503,1.4271916165793914,11906.76108170831,8000,1080p
0.8381744509032744,1.0605637944392723,17671.962990320728,15000,1440p
2.212518755698215,1.4753118779032453,9098.691163924583,8000,1080p
1.5602063801981698,1.9216187982942645,9637.023767669014,8000,1080p
1.515440531432042,1.2606405904758955,12086.978199303772,8000,1080p
0.853066826158605,1.240760428652565,16025.406070581537,15000,1440p
0.9701221428379951,1.2391521018339522,15187.98858083029,15000,1440p
0.7985745933483809,1.1081137776061984,17598.27799400751,15000,1440p
1.1093532973430704,1.3510651307498265,13637.693335766668,8000,1080p
1.5049251722005967,1.2210882413118969,12308.975382760425,8000,1080p
1.6924506776120862,1.285316685554138,11268.318813301108,8000,1080p
2.1133033661258422,2.0450938746240213,8069.078074404766,8000,1080p
1.167759467582948,0.9762714554828464,15650.162336287493,15000,1440p
1.262438443235616,1.323921504359199,12973.612598356212,8000,1080p
1.1250898534227496,1.3545985376325642,13531.713146311822,8000,1080p
2.4441915427489382,1.802283696548078,7901.713800067931,4000,720p
0.9179557926237365,1.3199568641733528,14993.62895065943,8000,1080p
2.9351275102398313,2.0209717459889758,6770.33091252741,4000,720p
1.6634741665532762,1.1630349748599593,11871.33326702174,8000,1080p
1.4478233474401996,1.142655982250384,12952.98195025855,8000,1080p
2.1577469641160847,1.6051670972622918,8917.140134661704,8000,1080p
1.3505772671510357,1.3443154770365011,12451.119649333605,8000,1080p
0.741170285405344,0.9934961777829506,19343.44884856273,15000,1440p
1.791561466924561,1.5062444380818576,10174.774673385362,8000,1080p
1.0679641214309863,1.5494853347104323,12819.514784237761,8000,1080p
1.161419892499428,1.2525872305837769,13899.88939102375,8000,1080p
1.2267647804096886,1.5106012157963975,12257.926797697319,8000,1080p
0.6075809296655518,0.8539568100497473,22958.306917573165,15000,1440p
1.168332454535912,1.513950939670329,12509.652064534981,8000,1080p
1.4653639248376344,1.7687059862282926,10375.295810763933,8000,1080p
1.1656474382658664,1.304251386663149,13585.346760495078,8000,1080p
1.3810869847074485,1.4071626898086216,12034.227890952314,8000,1080p
1.1724916804345573,0.984602786862083,15555.383646248834,15000,1440p
1.328753028107318,1.4033217691672717,12281.66667818633,8000,1080p
0.8889440394316082,0.8124095381624155,19722.197926342356,15000,1440p
1.935961069111471,1.876949652368388,8800.214442728133,8000,1080p
0.8536627582394998,0.7525890409153269,20889.895356167435,15000,1440p
1.0298486385213694,1.3140232506321734,14315.813144598838,8000,1080p
1.4211844750551255,0.968038565329383,14044.076853787552,8000,1080p
1.0361530593766126,0.8843465591748607,17471.720210654483,15000,1440p
1.3233885088083959,1.4513926366742083,12092.640911384036,8000,1080p
1.5857741168339354,1.1677002224594097,12186.215618995544,8000,1080p
1.353637911406092,1.0192151270431493,14140.9650982554,8000,1080p
0.7256386998081809,0.8504421449047869,21289.791137656302,15000,1440p
1.6339715818917036,1.3394574537436545,11284.759648830877,8000,1080p
1.093630034551328,1.4025479533484149,13442.323489212537,8000,1080p
1.577340535717361,1.4986889501616298,10908.358373688232,8000,1080p
1.2971080288719765,0.9426743657939687,14981.11248660141,8000,1080p
1.3449247849316615,1.0211884453140139,14181.245246879424,8000,1080p
0.7938687420582132,0.7102077695122279,22308.992755272164,15000,1440p
1.3838873691985838,1.453638416408753,11825.243023410303,8000,1080p
1.7115227944805644,1.3582175189041679,10930.707022250519,8000,1080p
1.4115741364400016,1.9831640450051735,9884.247387147698,8000,1080p
0.6840951606075877,0.6681343110965371,24814.15521709757,15000,1440p
1.5125309304864247,1.9396583276310424,9719.754477857845,8000,1080p
0.7850562251190069,0.8640298047069394,20347.290191732158,15000,1440p
1.0736341268058762,1.0187742397947348,16036.273098311842,15000,1440p
0.8304408237723907,0.9809820580440588,18523.798245472342,15000,1440p
1.4350203465258418,1.0545923869043021,13477.771682895156,8000,1080p
1.5459052368829023,1.1694755604835245,12357.17363566227,8000,1080p
1.0219484923381479,0.935189352089236,17144.644203544744,15000,1440p
0.8130096808558992,1.1051589852578925,17492.951789261188,15000,1440p
1.0829357916762858,1.5340605164856371,12821.734557037773,8000,1080p
1.060188777989135,1.1508743816614335,15175.700365476157,15000,1440p
0.7439243144374569,0.587211424624481,25207.370680052572,15000,1440p
0.8447861589953367,0.8349492949882096,19976.02177201451,15000,1440p
2.200471822735115,2.044932406460531,7903.7072063117475,4000,720p
1.3251194288923251,1.1649652863385387,13475.217045733749,8000,1080p
1.9047763033234852,1.355394823471609,10292.230283318173,8000,1080p
1.1324301000404347,1.016211699739045,15616.577878845963,15000,1440p
1.4597766218981285,1.7450458526661097,10469.98149392422,8000,1080p
1.1282884102225281,1.402397376767602,13259.027324726849,8000,1080p
1.3130661738351335,1.1942051538107914,13382.848369866786,8000,1080p
1.4874950194524872,1.7309544842649118,10425.65122157228,8000,1080p
0.8894834961059073,0.6983148717654173,21132.678228523826,15000,1440p
1.581032971454305,2.1857924282722676,8907.880891542161,8000,1080p
1.417649276880652,1.3378875300017536,12177.094465293403,8000,1080p
0.8404353005307788,0.9280865339750273,18973.151105808323,15000,1440p
0.7763642767310804,0.7736807972968339,21647.391138637126,15000,1440p
2.103851492806148,1.961525545041161,8253.707266907692,8000,1080p
1.1176667338221662,1.215820659173118,14379.521441051904,8000,1080p
0.9819870897701337,1.327599280907053,14528.32958576977,8000,1080p
1.459684885174684,1.5279855814853915,11230.968198949528,8000,1080p
1.300191238393948,1.2778132358582805,13015.660886210346,8000,1080p
0.890476153556205,0.6040342182394892,22451.78931724873,15000,1440p
1.4823553305018813,1.0707390668206795,13142.652318374383,8000,1080p
1.0940648945529021,0.9660415421685651,16287.717664432821,15000,1440p
0.8481738874538206,1.2600318584292953,15916.10878849219,15000,1440p
1.3587654921882373,1.225275937529113,12985.25310550856,8000,1080p
1.4911141434810908,1.20066809845596,12465.507602076192,8000,1080p
1.24850003239137,1.5941603598680198,11803.883464718214,8000,1080p
1.3672809449258063,0.9619594082157457,14405.740461581656,8000,1080p
1.6254158066075923,2.058677964837254,9107.92017838364,8000,1080p
1.1974597348505946,0.9924255629237646,15322.460968207923,15000,1440p
1.182643873611706,0.8429777029343433,16565.00522531692,15000,1440p
1.3059312711198179,1.7126904288890765,11115.812226454587,8000,1080p
0.9127045710920321,1.3291565471098337,14967.221531953359,8000,1080p
1.1989180274006286,0.8967663888082484,16011.204616723948,15000,1440p
0.9035284388109872,1.355070276137421,14856.3052736734,8000,1080p
0.874302678859515,0.6791486793134651,21599.92446719638,15000,1440p
1.2643844545215348,1.7251723537456578,11223.881716249716,8000,1080p
1.139277843003177,1.2218593131442907,14211.132086349802,8000,1080p
1.5501238171724185,1.2399494324984561,12026.362391725086,8000,1080p
1.2147971017240111,1.7671160553450307,11252.652318346205,8000,1080p
0.9553080606396227,0.7122911808068313,20121.400373686498,15000,1440p
0.9537962796778123,0.9735298780042665,17409.835832018503,15000,1440p
1.0790349150509246,1.0779219576676413,15556.37594075257,15000,1440p
1.3091104079258264,1.3174434912645512,12775.078406098193,8000,1080p
1.0392730238501062,1.3484475346590072,14052.914140401464,8000,1080p
1.4994931592609473,1.4828879224254679,11250.886818604125,8000,1080p
0.9706595122291394,0.875088370805828,18179.31490449626,15000,1440p
1.9859652975677677,1.5773795811684888,9416.554709658109,8000,1080p
1.373302154417591,1.304295546569,12531.543475570095,8000,1080p
1.1187112955084295,0.8754282842840069,16826.52124255644,15000,1440p
0.7641749940180118,0.8656127785767771,20588.221708509882,15000,1440p
1.3413156529004329,1.0367833190611087,14109.771037966137,8000,1080p
1.3591202212633402,1.160932505431832,13314.972200602997,8000,1080p
1.1074578833514663,0.9539100433728565,16277.75011194661,15000,1440p
1.2389297438860403,1.6699125829008976,11535.321695165137,8000,1080p
1.2155982197121569,0.8217149357553066,16469.943223971823,15000,1440p
1.4700073398498579,1.6938550356569988,10605.528312407874,8000,1080p
0.9467095443183449,0.9677765068495847,17526.600405121866,15000,1440p
1.3374689708929401,1.1773873852097556,13342.484519473597,8000,1080p
1.15643774717208,1.2629544055745952,13868.951323954034,8000,1080p
1.0367661072599426,1.2252448996764176,14833.894219394497,8000,1080p
1.1860356377376542,1.1707884640632562,14237.138857482063,8000,1080p
0.9109190575993853,1.2513272340766177,15518.320983680009,15000,1440p
1.6863039640163864,1.8555468884361415,9473.699881169612,8000,1080p
1.338275755505706,1.0196302455821973,14230.606302591568,8000,1080p
1.2642273990127295,1.2533840231329791,13327.88360620093,8000,1080p
1.7340312402667917,1.1895273028108715,11477.256742283966,8000,1080p
1.2180414431152824,1.3759823563957598,12935.283017189284,8000,1080p
0.8966841918143175,1.0933680849660288,16861.080681903917,15000,1440p
1.1620267504804456,0.7784774175520621,17291.60521928747,15000,1440p
1.1916192469488147,1.309189429024918,13417.432657832174,8000,1080p
0.8401272604286771,0.8274411282267586,20121.772653087417,15000,1440p
1.406737802505849,1.1074159183787362,13346.213368446754,8000,1080p
1.5896138238582067,1.7641476706344863,10005.014386115616,8000,1080p
1.8429597407641618,1.5697355832976825,9832.237810219456,8000,1080p
1.2325136454834,0.9557040540805932,15334.137918126606,15000,1440p
1.003316844845123,1.4991383441009463,13408.604536943472,8000,1080p
1.248860709725097,1.2753785921140972,13292.888663745865,8000,1080p
1.2293831391385375,1.600702168142964,11856.332356366818,8000,1080p
1.385436329501314,1.4643406435306427,11774.406319348042,8000,1080p
1.1207062133828418,1.18442111813905,14556.433191847447,8000,1080p
0.9604710864180122,0.948979582808106,17572.81952384729,15000,1440p
1.5892824103987038,1.6977001091488573,10208.278200584597,8000,1080p
1.4030352200730474,1.495009193749755,11578.30150564823,8000,1080p
1.5954522102996043,1.1999041146376097,12003.633204347809,8000,1080p
1.1547040397714696,0.9007927250968109,16324.244617407716,15000,1440p
0.7592324441098042,1.033839854616071,18713.37370157532,15000,1440p
1.0659279081534914,1.3600190816071827,13831.477827679257,8000,1080p
1.1861059909503167,1.2436129595337182,13810.005471338764,8000,1080p
1.1663158877102695,1.405124956980303,13048.883496302122,8000,1080p
1.0866281995855969,1.5826260550130973,12570.714064496155,8000,1080p
1.1774197410559564,0.9691814936305063,15631.423041131826,15000,1440p
0.8331567044259022,1.0569161014478472,17752.983851057703,15000,1440p
0.8379892366614151,1.0239954257268238,18020.788612169366,15000,1440p
1.622813117790521,1.511095769653236,10706.894554094526,8000,1080p
0.9163452915465699,0.967584552107512,17810.8713087307,15000,1440p
1.27354460746033,1.4654765878458857,12250.519294082605,8000,1080p
1.6102781694806867,1.087152719189749,12439.403782663358,8000,1080p
1.0225098526457823,1.0622649129729083,16094.991436661112,15000,1440p
1.1722787797058394,1.032318385990536,15220.21007833466,15000,1440p
1.4198611869186635,1.5000281741872954,11491.679255713538,8000,1080p
1.069722755652592,0.9724223363376179,16430.973554038177,15000,1440p
1.0793085893843777,1.6148585869920906,12454.472867986306,8000,1080p
1.7551289515718322,1.3618090713515272,10765.190630428217,8000,1080p
0.8367744613347743,0.5624693025717693,23980.4048912246,15000,1440p
0.8397956813391312,1.1210129025185724,17112.548504854494,15000,1440p
1.2138943469146035,1.7830937606621826,11196.051100493163,8000,1080p
1.2429235023995864,1.3702519097129133,12840.48206043485,8000,1080p
0.8457841950609273,0.9925817102968602,18252.31413518276,15000,1440p
0.9744827089684083,0.7963191286753328,18948.722147616525,15000,1440p
1.533569780997286,1.5751204686898204,10793.752128690627,8000,1080p
1.5119043494591806,1.729758004643712,10350.995364317007,8000,1080p
1.1548568152324485,1.3031169910700997,13651.256947475313,8000,1080p
1.3419648740168229,1.2590026785444057,12900.749940904963,8000,1080p
2.079140474966561,1.416225993412095,9599.689275375007,8000,1080p
1.1205551786724257,1.3681271838697189,13482.810223207733,8000,1080p
0.8710221100770387,1.2127345637681164,16102.855204337284,15000,1440p
1.0565552871743644,0.9674460738165036,16578.265532179845,15000,1440p
1.1106840034118235,1.663349053275874,12095.902000557011,8000,1080p
0.7033941494584571,0.9036075099841917,20880.147697941753,15000,1440p
1.0224668941794153,1.0687570350553035,16045.355799022063,15000,1440p
1.38346863960756,1.6746916326138268,10972.09727848133,8000,1080p
1.260181087261179,1.5076384410065868,12123.056311044951,8000,1080p
1.18716982507431,0.8581077365267575,16405.808497568025,15000,1440p
0.8491509261182294,1.255565868879207,15942.492633571095,15000,1440p
1.2070628935683871,0.8200745457127707,16552.61816480422,15000,1440p
1.0264646521680878,1.4580690063055708,13505.323981247142,8000,1080p
1.716903679051777,1.3978507355798817,10772.737600876968,8000,1080p
1.2698869888345983,0.9743339880740511,14951.483096027503,8000,1080p
1.006275745654944,1.4299384515044316,13773.186298283808,8000,1080p
1.1025181906377273,0.9690480212286352,16197.615025671508,15000,1440p
0.9476215486797956,1.3110355603751298,14855.921186744434,8000,1080p
1.2226881041073865,1.1298919265142087,14262.82275767439,8000,1080p
0.8551161157315849,0.8216593975076264,20011.28459657621,15000,1440p
1.2098970509249096,1.0898596282299946,14590.427023927727,8000,1080p
1.073767009137529,1.4598107423759785,13243.892744146206,8000,1080p
1.1900421964983365,1.0530194953930352,14959.210493986267,8000,1080p
1.6157227744111657,1.5984838864974766,10439.413373163226,8000,1080p
1.8500040837195253,1.8250432693545902,9130.340040906489,8000,1080p
0.9256646443682516,0.9454134985220696,17933.2071872569,15000,1440p
1.7243777891532017,1.574315037243452,10172.038976012624,8000,1080p
1.614084069374543,1.1319753096262635,12219.121063656412,8000,1080p
1.176510363834398,0.7980645095476584,16993.243686185415,15000,1440p
1.0543561101344017,1.3265986106645469,14092.847590457553,8000,1080p
1.638987811594259,1.1019817076380236,12241.811433714247,8000,1080p
3.417652794719192,2.3287428089261732,5839.213711411365,4000,720p
0.6724785268215379,0.9038936328434528,21285.856765658027,15000,1440p
1.3548238835796467,2.02120521819261,9939.023328437988,8000,1080p
1.21426391863331,1.3757466061835133,12955.326504850058,8000,1080p
1.4757214965361896,1.775244318968614,10321.37337155904,8000,1080p
1.5920364802828835,1.0683827004103619,12612.46056392379,8000,1080p
1.4460155629038705,2.0876474642483673,9495.651323335536,8000,1080p
1.4968849247948692,2.086688419297661,9363.400376697746,8000,1080p
1.334881055948303,1.2352870843382044,13055.34508581199,8000,1080p
1.2575404739746425,1.2042029273301311,13630.353180683038,8000,1080p
0.7973265639206143,0.7439319804976162,21770.80031219914,15000,1440p
1.717738142891456,2.417528945992429,8114.21155605608,8000,1080p
2.049244067067047,2.2512166484223197,7802.520292568632,4000,720p
1.5441736178398733,1.6059915792013117,10651.642025477342,8000,1080p
2.0010209450737984,2.2378303065025937,7915.925803605729,4000,720p
1.0863150879122532,1.477786363157093,13086.234160511194,8000,1080p
1.2847395927570686,1.7702216849347348,10983.586680794944,8000,1080p
1.9658658592916438,1.9221652356145313,8630.186122729487,8000,1080p
0.7424621658975282,0.9802730836578083,19477.416514615867,15000,1440p
1.499789103760977,1.2162472463264478,12354.191061883224,8000,1080p
0.9161198408970823,0.6780686151871853,21047.97075398364,15000,1440p
0.7474149520920806,0.7414707882501413,22536.606464030934,15000,1440p
0.9002474644011252,1.0118121038968235,17548.842387723846,15000,1440p
1.0422503103906824,1.0783399019190598,15823.15706505718,15000,1440p
1.3007365555940282,0.9415717946055535,14964.236295607341,8000,1080p
0.9239082376591917,1.2321928263415787,15562.550643028675,15000,1440p
1.322934833650654,1.347297107735042,12566.111385285576,8000,1080p
0.9243535113409964,0.7652915972211976,19858.86375189947,15000,1440p
1.511585602448705,1.2354440662470465,12214.805097438624,8000,1080p
1.3121262525865867,1.526380347299381,11821.156942650052,8000,1080p
0.790398869891944,1.0411255659797511,18320.49376072349,15000,1440p
0.9521822825135074,0.9290337812569612,17836.564680798965,15000,1440p
1.1330620827396076,1.0721776728955368,15215.775025938523,15000,1440p
1.1742385118468421,1.5892054006732552,12142.251864775624,8000,1080p
1.1964531670410978,0.9461362829201332,15660.69131937859,15000,1440p
1.0316633550853413,1.256888898160468,14661.859676749962,8000,1080p
1.1834228441236392,1.1392836616469526,14446.264268273459,8000,1080p
1.1925591773057136,0.8646032678242352,16311.026909632506,15000,1440p
1.2333150871397414,1.1778768512817877,13916.118192550937,8000,1080p
1.374371024101429,1.5936147839716102,11305.455675943806,8000,1080p
1.503914377719277,1.1494442156276452,12646.02232209961,8000,1080p
1.334646906884563,1.3781502432810997,12368.94251306292,8000,1080p
1.4443591947916046,1.816022075965078,10291.566909968338,8000,1080p
0.8903588140452159,1.0514389788943044,17280.08555885978,15000,1440p
1.5340206937912038,2.1572357598492804,9090.246755114265,8000,1080p
1.1376152497146559,0.9610253995426059,15988.65056381872,15000,1440p
1.0547321593053782,1.3819360181307991,13770.620189781208,8000,1080p
1.7189532283886642,2.318630677544566,8310.522525783737,8000,1080p
1.1204528596303116,1.5360392171477364,12631.105619820562,8000,1080p
2.2765469332607466,1.5407062558416453,8790.20341008351,8000,1080p
1.3689855652809881,1.6610361781987582,11073.990499310847,8000,1080p
0.779921264068404,0.6686192058978923,23164.30413627361,15000,1440p
1.9101367974169532,1.687845221791355,9325.90319264109,8000,1080p
2.4942988249750626,1.8858763505547906,7660.522845628211,4000,720p
2.6545635954533604,1.78119603581341,7564.528917094968,4000,720p
1.2887825939949673,1.766862686006589,10981.128018885396,8000,1080p
1.213599338014619,1.0947188413499893,14536.3114582567,8000,1080p
0.7502163300048493,1.0708680553838552,18425.52287484356,15000,1440p
0.7974863043608889,0.9138185739864595,19607.512620664293,15000,1440p
1.1991268845568697,1.6531129114621028,11764.239474827382,8000,1080p
1.236322038461711,1.0221239569050735,14857.309879818742,8000,1080p
1.3944228098808695,1.1290130353668104,13297.121091147284,8000,1080p
1.9736201881497046,2.125437132807176,8185.889918750167,8000,1080p
0.9910605139503482,1.112247997450889,15953.167030948698,15000,1440p
1.3022198939734908,1.4795887070151537,12062.09226187412,8000,1080p
1.2525498744520893,1.6019316701233113,11755.000505701699,8000,1080p
1.4691688202795428,1.7183810178645178,10526.71603702264,8000,1080p
1.5246589432168627,1.4366756440705684,11330.847971061488,8000,1080p
2.9905700889667077,2.417783165196836,6204.186454383061,4000,720p
1.2672490108830405,0.909114600574042,15417.658990142369,15000,1440p
1.5077757103509501,1.1653809846195804,12552.362554403086,8000,1080p
1.528833028012288,1.1362167134162233,12590.5462394913,8000,1080p
1.923609456152299,1.5672009122825221,9612.218499008539,8000,1080p
1.2461976383368327,1.4687378430509215,12359.200515088656,8000,1080p
1.684409698198621,1.917389560571806,9316.019463964996,8000,1080p
1.4300190835311162,2.01677721436294,9734.962295422356,8000,1080p
1.4300015883547517,1.3565678855248298,12041.484095239182,8000,1080p
0.6289555541044282,0.9112980157403431,21785.005181569977,15000,1440p
1.2392894782681612,0.915883084323591,15569.25537305855,15000,1440p
1.8757594063716747,1.6248435392705292,9585.329304990419,8000,1080p
1.7245520459421466,1.1654766087444246,11610.414985189494,8000,1080p
0.8770365721048204,1.0671664826477567,17258.707580968286,15000,1440p
0.9363175011534006,1.3253506291626824,14836.143088469194,8000,1080p
1.0892164187317015,0.9972345864231158,16082.0608378054,15000,1440p
1.567095405100359,1.9048766410315918,9664.37274095633,8000,1080p
1.4492840878143796,1.3884582234242087,11824.340732811115,8000,1080p
1.235009200392078,0.9763691746892331,15173.53718300977,15000,1440p
1.3351006500694693,0.9894725654517484,14434.663436693,8000,1080p
0.7148916630098018,0.7197260977623635,23389.10957155566,15000,1440p
1.0015013675419953,1.0650952800059805,16236.56558226418,15000,1440p
1.1973530456612707,1.2303014734307658,13821.749238252256,8000,1080p
0.8937386794149648,1.2377315795260802,15742.388081300503,15000,1440p
1.1005218241853663,0.8811302398333292,16932.554714954964,15000,1440p
0.9364177121557623,1.1631006406232496,15981.966509407228,15000,1440p
1.4005982026347823,1.299457339997769,12427.311760884913,8000,1080p
0.8554873790241615,1.1841820225597823,16450.916983871342,15000,1440p
1.2500009825634308,1.5827132494117542,11845.328985622134,8000,1080p
1.3063375937784771,1.2928786212032364,12909.442395209153,8000,1080p
2.3414602441470396,2.7458829881709588,6595.668990218938,4000,720p
1.3228471365399344,1.0615014945368335,14072.787663122432,8000,1080p
1.7287053428770394,1.2602670282810662,11226.076334388805,8000,1080p
0.8050392903444653,0.8662626111587343,20076.82272713298,15000,1440p
1.4289474940897646,1.0900163192059082,13320.7280798922,8000,1080p
0.8635956483543816,0.7315670720735679,21035.115458940785,15000,1440p
1.2636508880820336,1.067783104462446,14392.186142649218,8000,1080p
1.3508880678510253,1.0778291332770416,13815.701549943717,8000,1080p
0.7747042197079399,0.8007667661315725,21298.032335466996,15000,1440p
1.8211217408496483,1.2930315536871497,10774.81704541167,8000,1080p
1.5321775924044154,1.3176120428582572,11774.35400311827,8000,1080p
0.8366345248111539,1.0024179461982334,18245.500076233944,15000,1440p
1.5432953704757257,1.5250293166032156,10935.75009884106,8000,1080p
1.177814349071328,1.058960036772492,15001.259050693949,15000,1440p
1.5100759384698337,1.344451409542483,11754.811886235682,8000,1080p
1.369893582283416,1.1308290995844632,13417.894052505253,8000,1080p
0.7521436758178703,1.1084905922600614,18033.867577136654,15000,1440p
1.1476557615271272,1.493209105111377,12705.849672160872,8000,1080p
0.9904468844926441,0.830507539353189,18426.837904670596,15000,1440p
1.4809082517813608,1.5431759635105868,11095.733323273414,8000,1080p
0.8284872604775289,1.0904926870664515,17485.55634619573,15000,1440p
0.7801097484555992,1.0869049685486862,17972.237548207275,15000,1440p
1.3709386362220108,1.3346994585517766,12401.670446913711,8000,1080p
0.9869783001118978,1.023007808582574,16693.862636590213,15000,1440p
1.8179718562925609,1.9968255420026,8795.862138051034,8000,1080p
0.8026106074588283,0.8381439544175767,20450.61021291714,15000,1440p
0.8349432399445555,1.1748478828825262,16695.482241358746,15000,1440p
1.831815416163568,1.228461317992852,10964.509067265592,8000,1080p
0.9684788832463622,1.1111254088022922,16135.008053356605,15000,1440p
1.2469836061589161,0.8418446973746931,16063.757822142183,15000,1440p
1.9620729472510958,1.3092882661147307,10257.02446520011,8000,1080p
1.4636662969576002,1.0479095702328558,13359.91177425003,8000,1080p
0.8113590407610055,0.9776032436706231,18756.366353838803,15000,1440p
1.629743872779134,1.8108322090961309,9752.562129569698,8000,1080p
1.940726793841456,2.4977684102271223,7559.866679419207,4000,720p
1.5208042699670674,1.5879814867156186,10793.420526927905,8000,1080p
1.4168136811083503,1.3538442052105852,12110.63703161852,8000,1080p
1.1565376441373985,1.4590470218245974,12828.654501864074,8000,1080p
1.8366741375883455,1.564055129540192,9866.834247682482,8000,1080p
0.9916846339924621,1.3226248666105687,14498.679623990158,8000,1080p
1.506448019531614,1.0329035322666003,13213.779705389272,8000,1080p
0.8811677793455911,1.045641633855563,17414.504916837355,15000,1440p
1.0475068063959199,0.744002270786077,18729.702476741208,15000,1440p
1.0372222456323636,1.007422228883185,16410.888258678948,15000,1440p
1.5286812225240398,1.246871747329215,12089.278195895517,8000,1080p
1.3292007585033703,0.9711434569034096,14586.70044911797,8000,1080p
0.8048116425369694,1.095983168728939,17652.842800877137,15000,1440p
1.2211690215349,1.6600281872699185,11646.003229997257,8000,1080p
1.0502406805077138,1.0005823460433452,16361.446875515956,15000,1440p
1.3815855497220308,1.5498245007995326,11446.515984357055,8000,1080p
1.9560373481177389,1.8449921050516922,8827.722177217318,8000,1080p
1.4938368452425042,1.428162479349511,11483.381162206479,8000,1080p
1.4593195170734372,1.1299342019690757,12959.113181232848,8000,1080p
1.7717049123305832,1.8292309547966745,9318.253153663894,8000,1080p
0.867761320689331,1.273391103607329,15671.201928102892,15000,1440p
1.4496622022379435,1.1762970557768855,12777.97128709699,8000,1080p
0.9652460410185969,0.8974867281528579,18013.551141275646,15000,1440p
1.2316164615503224,1.1293815927965574,14211.969356866803,8000,1080p
0.968836478965197,1.06952052888529,16461.508887191565,15000,1440p
2.224931101426195,1.5439409621499247,8903.04351911634,8000,1080p
1.3135194189121744,0.9963241605701694,14526.711807697317,8000,1080p
0.832247589561983,0.7977589607009756,20585.458380266555,15000,1440p
0.8445710342789033,0.835345952999122,19973.86314568338,15000,1440p
1.0924055287940881,1.0650071628959707,15553.089183745537,15000,1440p
1.3726645638778199,1.815094810951682,10526.024098602067,8000,1080p
0.5662047844135404,0.7870568332900222,24795.22921587083,15000,1440p
1.280358894897594,1.7462738241951685,11086.390426010457,8000,1080p
1.1255289683112635,1.0122240062122236,15696.12223670483,15000,1440p
1.2770045821642237,1.4852708893154376,12147.388030791142,8000,1080p
0.9111064283744641,1.1141391999443502,16568.08020262412,15000,1440p
1.453157802206814,1.6223707778624528,10910.134998402224,8000,1080p
1.6937594686292903,2.380762289528115,8235.182922467471,8000,1080p
0.987213560998976,1.158217523359255,15639.948653972839,15000,1440p
1.4407848805438959,1.7860958647512342,10398.410926379343,8000,1080p
1.1351739616478396,1.3734668171419555,13375.542757535477,8000,1080p
0.9221706444928883,0.9914717493644545,17534.327263916894,15000,1440p
1.7269024201443053,1.249958565527985,11271.749726137148,8000,1080p
1.4633318132176494,1.2468388352577509,12380.929598981511,8000,1080p
1.4118556069618609,1.2580004860253653,12567.880376824693,8000,1080p
1.9987218305182919,1.3341440522942134,10067.741451295491,8000,1080p
0.9277472164863919,0.9336517288227212,18026.459123424393,15000,1440p
0.8365209849068083,0.8811814823411681,19534.484370718383,15000,1440p
1.3704612499913291,1.4880386614791021,11738.475787721602,8000,1080p
0.8684616193779001,0.8611809571868773,19399.633458747332,15000,1440p
1.338320907801049,1.301560698418446,12710.582141618244,8000,1080p
0.9634917917284173,1.1050193312521417,16221.538104011133,15000,1440p
0.6933421487076726,0.6267607481871017,25418.04285024202,15000,1440p
1.623105033600072,1.08576341586705,12386.881321830411,8000,1080p
1.031386962311971,1.3325667402662464,14194.200150114728,8000,1080p
0.6611020943300909,0.7293677792666506,24131.721684270968,15000,1440p
1.022638396019038,0.8599541785689369,17823.52297195464,15000,1440p
1.1996881528269323,1.476166924027009,12539.704519218823,8000,1080p
0.9349809853718628,1.3512534108529728,14676.724335618013,8000,1080p
0.9567442955592751,1.1129993373767955,16211.878353456163,15000,1440p
1.0162460546784438,0.8782863970758041,17711.194109623288,15000,1440p
1.2537546194810025,1.0345265224837108,14663.596786533946,8000,1080p
1.3167046254123147,1.6397384258893302,11349.595245958437,8000,1080p
1.4879388153740443,1.9578309835734753,9737.862352339645,8000,1080p
0.9880674872735394,1.099210330097581,16075.690413967535,15000,1440p
1.1890698619152775,1.2588155234022238,13707.517599173805,8000,1080p
0.8601356103186837,1.1913313582740916,16356.311124530075,15000,1440p
0.9251173341806493,1.009876641710439,17340.845717386677,15000,1440p
1.9508884855695987,1.3866967963366497,10053.505503486498,8000,1080p
0.957328264055018,1.3186129526585588,14743.101339169063,8000,1080p
1.0674552740896086,1.4067018203454857,13561.965032645281,8000,1080p
0.8113237515962047,0.9585093321178663,18959.094113883657,15000,1440p
1.1059363596770553,0.7748937555182256,17840.224765071962,15000,1440p
0.752503622416998,0.603146134161669,24751.549459709488,15000,1440p
0.7481767820808856,0.723050844535442,22807.097551023933,15000,1440p
0.8630964629575139,0.9671805208382923,18332.98036148144,15000,1440p
1.4443727371628492,1.2269463647836851,12560.99728989681,8000,1080p
0.951427804990453,0.9363801676241594,17774.282388227835,15000,1440p
0.8325740809522442,1.021819234381835,18094.560481067623,15000,1440p
1.0360709299027178,1.2788548765946557,14494.819620491397,8000,1080p
1.0363287915492725,0.8144522749518959,18129.876411278285,15000,1440p
0.8309476047394604,1.1112714689664016,17276.337388642918,15000,1440p
1.116647292333155,0.9456994701721633,16270.024328614074,15000,1440p
1.3895288573026894,1.1577220410254847,13172.802106782112,8000,1080p
1.7783778133318004,2.0297868485599957,8811.182020509334,8000,1080p
1.0675333249784271,0.9831918569618299,16362.227516147763,15000,1440p
1.1247058464299642,1.347898379669983,13570.482346430992,8000,1080p
1.3101605751296153,1.0030377971295272,14505.643961364924,8000,1080p
1.9576724242063839,1.3105732077183347,10266.802370126414,8000,1080p
0.9940354853350412,1.2426515204178252,15001.845101123396,15000,1440p
1.003423215177102,1.5009503666961517,13398.33331690934,8000,1080p
1.4245626204138389,1.2881042798647235,12369.536413244956,8000,1080p
1.2636012498303024,1.6047475619085019,11698.16999336952,8000,1080p
1.1817047644140553,1.008135986251925,15322.772667279725,15000,1440p
1.136358424563368,1.5342230304161464,12564.466789595599,8000,1080p
1.4316175806296054,1.3487049552426087,12068.539375225273,8000,1080p
1.1021779690975628,0.7599648317222916,18019.258235848956,15000,1440p
1.0412640351276137,1.0858649693282882,15774.51669819287,15000,1440p
1.3079154295113649,1.1186858338486745,13827.748508437773,8000,1080p
1.088728351898953,0.8156885379072312,17619.2682283,15000,1440p
1.13217837045298,0.7635556390550238,17699.96836671634,15000,1440p
1.1256706021094254,1.655168030097713,12066.299572862308,8000,1080p
1.9256372825054755,1.6166472744031752,9472.53995576316,8000,1080p
1.4573569786754037,1.5968342304382594,10986.356027701884,8000,1080p
1.6290308955023312,1.3126474732693474,11406.560403138472,8000,1080p
0.7938561037589198,0.7745488222082002,21393.98534425633,15000,1440p
0.8329459570352339,0.9065003151592669,19290.29515678425,15000,1440p
1.8122470051371669,1.5922123344811592,9856.023718515547,8000,1080p
1.648263795241307,1.632805023299177,10226.67729807813,8000,1080p
1.1669730899583148,0.9852757709437505,15590.405277731887,15000,1440p
0.9509089436049809,0.9783588837878965,17392.314080800224,15000,1440p
0.8199062247891479,1.1611216337616908,16937.890022680316,15000,1440p
1.060614168051264,1.395288045998355,13662.771998023072,8000,1080p
1.0443724941771748,0.8579039473383894,17639.09349225122,15000,1440p
2.308596466197096,1.631721825419068,8515.665364240738,8000,1080p
1.227357098860393,1.7930270022378012,11109.326124382591,8000,1080p
0.7361740818435879,1.0558981814282613,18723.816381566274,15000,1440p
0.8918056753962655,1.2055429731018001,15998.499831694027,15000,1440p
1.6401905239519992,1.3875775339248242,11082.23330142717,8000,1080p
2.307350994828105,1.702851727723261,8367.265777190447,8000,1080p
1.1864591522299923,1.2423401831234582,13815.234347104675,8000,1080p
1.2876868495865836,1.3081658165064889,12926.169669907194,8000,1080p
1.0464365960330573,0.9867329424976552,16503.509109352683,15000,1440p
1.848787303256832,1.3774782536759484,10400.393708415091,8000,1080p
1.2205014145971322,0.9106192531738859,15744.970478417466,15000,1440p
0.8102011618248118,1.0537686944581584,18001.59583423332,15000,1440p
1.0350444868256952,1.5066169536072886,13201.770883491015,8000,1080p
0.7480986070779996,0.7574883354850419,22286.611985939842,15000,1440p
1.3919617427680364,1.0656662066016513,13653.178060823146,8000,1080p
1.4064051463662106,1.134868373291055,13203.786109779081,8000,1080p
1.189084753570644,1.2832595879286912,13571.908830325456,8000,1080p
1.6457955856428803,1.27816597614078,11475.674796330528,8000,1080p
0.9729576571832338,1.0686826447455204,16435.03606796009,15000,1440p
1.3544480757785498,1.8196327603855287,10571.385459908766,8000,1080p
1.1930510807655075,0.8114102391414739,16739.875031141593,15000,1440p
1.246993216350588,1.0841472227957958,14393.998506708138,8000,1080p
0.93145340649473,1.117342130293501,16377.638176916957,15000,1440p
1.5528661388158198,1.4577869684423013,11145.233543880078,8000,1080p
1.3876710307469118,1.015637273253338,13961.767595172638,8000,1080p
0.9247847109587026,0.922722417555605,18162.004076803292,15000,1440p
1.158147502774625,1.3174751307842447,13553.936510817606,8000,1080p
0.856604718804067,1.19938151645281,16320.358290632075,15000,1440p
1.1645695729109302,0.8460678317374108,16688.455075204693,15000,1440p
0.7379742432330988,0.9380047877510843,20020.79463983262,15000,1440p
0.8575214489920222,0.6114348483900298,22842.36233562572,15000,1440p
2.72812439885884,1.9873440539149683,7115.821542663927,4000,720p
1.4265307276872756,1.5704163517722287,11196.204374103096,8000,1080p
1.7309341800584517,1.2478497277836156,11264.4733683646,8000,1080p
1.28174013379685,1.7942156944411012,10908.61958808476,8000,1080p
1.1926956466866243,1.1188332015015,14516.120803035361,8000,1080p
1.8647696031289815,1.5338189072263317,9873.049325554264,8000,1080p
1.2644002349931898,1.4534985260790563,12345.725484919218,8000,1080p
1.3493564956144257,1.6054635539228177,11355.829267929526,8000,1080p
0.7852844325789198,1.127717958563316,17540.19344427738,15000,1440p
1.451012182095087,1.0557037648747327,13385.813434729782,8000,1080p
1.479332789478073,1.9734760924897858,9718.010219226593,8000,1080p
1.3194490211705008,1.2789929077105657,12913.289162651834,8000,1080p
0.9897312301098945,1.3526593036029366,14324.866633922991,8000,1080p
1.1540816770557079,0.9774081896260538,15742.243265850715,15000,1440p
1.156146872591873,1.515217273793895,12560.785486844836,8000,1080p
0.9617726481725922,1.4069427443344757,14165.666380242377,8000,1080p
1.5945485747821189,1.3079359118353628,11560.58961028381,8000,1080p
2.0141896484308224,1.51642925470933,9503.838539513992,8000,1080p
1.2520870331696667,1.1685713163158933,13861.69675994591,8000,1080p
1.0676142991419009,1.0655653783366223,15729.772955488803,15000,1440p
1.3112514962257316,0.9503562935236132,14836.538922479947,8000,1080p
1.110593067826615,1.4313020641057166,13200.557166373796,8000,1080p
1.0384621396757185,1.4209103587736078,13643.493216727684,8000,1080p
1.0499162551831769,0.9033860728682672,17178.309531567957,15000,1440p
0.8547181552327573,0.9565081911198458,18525.808255589356,15000,1440p
1.488280915516776,2.1584015749800924,9201.35824477226,8000,1080p
1.8535889891805448,1.3980376105122216,10319.275898152153,8000,1080p
1.3797699319759664,1.6063740212930309,11236.709457113488,8000,1080p
0.9716228272288817,1.422611312081692,14014.682795251634,8000,1080p
1.262066036402455,0.872146953918459,15722.15713810014,15000,1440p
1.043939863404114,0.9693429478238773,16666.526835111483,15000,1440p
0.8581586446143438,1.0810127385932815,17303.48967118981,15000,1440p
1.1141688573225919,0.9402003452857648,16333.204351679911,15000,1440p
0.878896470551967,1.3068460766371177,15351.502418778358,15000,1440p
1.4157359363072595,1.1935910682579252,12859.420050187031,8000,1080p
0.8762923152062182,0.8923636573978678,18971.712147386148,15000,1440p
0.9115166100467839,0.7006897515069118,20812.740105840632,15000,1440p
1.22374284890048,1.2114777685018174,13778.805813410549,8000,1080p
1.3894387109277562,0.9434616060318859,14383.140057921502,8000,1080p
1.1504511129737613,1.3821066286676684,13249.226838260487,8000,1080p
1.3859272652481305,1.036503809984792,13851.552823550888,8000,1080p
0.7803912209737306,0.8114552655241859,21078.937124031476,15000,1440p
1.7242576939136718,1.2369212760115282,11331.443435466379,8000,1080p
1.4030641518445486,1.883461500002452,10209.69727747072,8000,1080p
1.3823049403877028,1.4266587032463804,11945.484618871433,8000,1080p
1.6672111231915552,1.1622406702753487,11858.986987329456,8000,1080p
0.8588798298005725,0.8519754177129363,19612.66568212987,15000,1440p
1.370641114704073,1.356798019911842,12302.541081168882,8000,1080p
0.8695556488728952,0.9712897584480004,18227.729426141217,15000,1440p
1.277290459935237,1.2447563688419827,13304.444476262328,8000,1080p
0.8469912810588579,1.092989565103236,17296.269737086044,15000,1440p
0.936125135810172,1.1448865516184719,16124.095891773097,15000,1440p
1.8652427027495257,1.4472085680984839,10129.78886521396,8000,1080p
0.9923462041280028,1.3814701394062725,14135.226632588694,8000,1080p
1.007628418031384,0.7972088731828126,18591.38890987032,15000,1440p
0.8675435105921022,0.7888774198055292,20257.18909018199,15000,1440p
1.1386838814250921,1.4084617852320431,13173.346322213567,8000,1080p
1.124523068755631,1.3626016837128696,13491.254094390253,8000,1080p
0.9136235847357518,1.2804837362522532,15292.976637483012,15000,1440p
0.9524642807618343,1.046001461468943,16790.09616774568,15000,1440p
1.5498482601793677,1.1233159469186167,12552.327279747265,8000,1080p
1.4638453706581074,1.3022042921418762,12130.813286278426,8000,1080p
1.5689686306113315,1.6306464175968243,10487.021561794163,8000,1080p
1.4392271024245797,1.6414959935236428,10891.73903494634,8000,1080p
1.0449066204685717,1.1767317951876883,15103.462275200262,15000,1440p
0.9915102140501242,0.7777122588491259,18965.637455991542,15000,1440p
1.21756980310547,1.041680307446694,14852.021847107157,8000,1080p
1.4364944437477594,1.188659083881946,12781.893190946761,8000,1080p
1.2386694315029545,1.1331154279843072,14147.333754063124,8000,1080p
1.606514310422855,1.152573732031087,12161.421268078338,8000,1080p
0.855282914351207,1.0869201773147048,17276.479552516266,15000,1440p
1.296872300221958,0.8891840614024167,15349.298668158304,15000,1440p
1.3050164114859526,1.4964814148682586,11977.318591628813,8000,1080p
1.1126956368856382,1.0366444382361724,15611.504381454552,15000,1440p
0.9351496479322626,1.2365903592069771,15450.482972038688,15000,1440p
1.1740213084101436,1.6838883166901744,11740.900308848,8000,1080p
1.214512133255568,0.9569965426425915,15452.128914991106,15000,1440p
1.5010000274472894,1.9610951590107872,9691.943806527202,8000,1080p
0.6026665714507131,0.7165015983596252,25436.053391755384,15000,1440p
0.8304936091688878,1.03158231509006,18019.905398515737,15000,1440p
1.4364633520499006,1.1921787813927867,12764.92968483859,8000,1080p
1.4432731124532048,1.502757853378349,11389.707843932607,8000,1080p
2.3513081733737335,2.7058193095733367,6635.077346408116,4000,720p
1.2192398602181604,0.9212369766062201,15676.148147335938,15000,1440p
0.8674423004470232,1.170070315897621,16468.33091036148,15000,1440p
1.5877498811825452,1.4841378218351382,10923.065959422163,8000,1080p
0.7675036932273385,0.9061420966864671,20048.70576690429,15000,1440p
0.8007531448189622,0.9989678260990684,18644.241269736394,15000,1440p
1.024214811003947,1.3276936324167334,14266.895505165801,8000,1080p
1.4896655626516508,1.5488340496147661,11043.092408022969,8000,1080p
0.9220644157658263,1.3067941333914148,15054.536328780192,15000,1440p
1.624919179506194,1.273074181548261,11578.50547586865,8000,1080p
1.5940765769946663,1.3964701628349647,11220.166383994243,8000,1080p
1.8026680233564225,1.6017095174092477,9856.260534621362,8000,1080p
1.1872322098555534,1.178378890992957,14184.255386679795,8000,1080p
0.8777046942952266,1.0335613329192137,17556.128514931876,15000,1440p
1.0884822726105368,1.004379185485118,16032.801344878313,15000,1440p
0.9684398744849639,0.9279316214491563,17694.018324965204,15000,1440p
1.5760895781274804,1.652615954132817,10392.533993804565,8000,1080p
1.0389711784242517,0.8663434702783552,17610.966263681617,15000,1440p
0.7719221031476826,0.8053941889720859,21273.115714100637,15000,1440p
1.1366180301600268,0.7638001139025508,17656.341634515098,15000,1440p
0.9065962644998702,1.083788845039017,16858.26116724394,15000,1440p
1.1087437668406162,1.4816824951797807,12953.247306035764,8000,1080p
0.8751005846312608,0.6045035840762921,22677.978820044882,15000,1440p
1.5010188032578642,1.8650508460307946,9968.430690996236,8000,1080p
1.9111188421558576,1.5073996116850497,9815.489503150002,8000,1080p
0.8579604058883455,1.0738981578006568,17368.98996162833,15000,1440p
1.34939674354976,1.331150306706966,12517.755283118931,8000,1080p
0.8230605359711799,0.9027383492131785,19442.840233620587,15000,1440p
1.369591388196766,1.8821227840895998,10318.997987577426,8000,1080p
1.427292483871222,1.4335696732352188,11728.783197977607,8000,1080p
1.0491388873069836,1.533662016806618,12991.489954397253,8000,1080p
1.6388449364936741,1.8899945731596721,9508.630785902815,8000,1080p
1.5907451448643282,1.8602893698057201,9723.00678459257,8000,1080p
1.1990183867016377,0.953842653909305,15585.972046982588,15000,1440p
1.2268510687144356,1.139058806449469,14182.464155645584,8000,1080p
1.5047919504906981,1.2524932326348455,12169.373050474269,8000,1080p
1.1226568405285842,1.6613914594863188,12052.388602532645,8000,1080p
1.3908201959616093,1.201997623764778,12941.299517735073,8000,1080p
1.2625712244623915,1.4604487810905595,12322.506603540822,8000,1080p
1.653513112572124,2.286932256272034,8515.390738646998,8000,1080p
1.0192462864173177,0.7497378954078071,18968.192222827387,15000,1440p
1.367854200544848,1.1360978747346102,13400.588745795023,8000,1080p
0.8741339822993517,1.0279188013043281,17641.167631755667,15000,1440p
1.4872286405278416,2.1653687165403754,9186.457942063644,8000,1080p
1.4730879327957864,1.2502092301832648,12321.252508225858,8000,1080p
0.934870364430915,1.295715475874597,15042.878598836718,15000,1440p
1.1321880468367402,1.0575077022053267,15323.787341085703,15000,1440p
0.6946583991121665,0.9483622367529353,20422.40448327208,15000,1440p
1.320133847850226,1.449048702303531,12117.089210365315,8000,1080p
1.564464261847838,1.3422352356875635,11543.825575519897,8000,1080p
1.0181596536674244,0.9896272527967453,16712.14803322496,15000,1440p
1.233678511215065,1.2673682670057904,13416.155304327925,8000,1080p
0.7333947794698005,0.7916892023586534,22001.694595054967,15000,1440p
1.4981315291189985,1.3668602066293893,11711.877413578288,8000,1080p
0.9595737956200995,1.3151430053950843,14751.037133512615,8000,1080p
0.8597050119654481,1.2635916466972281,15802.988180245013,15000,1440p
0.8575327829984913,1.0086367952260753,17980.37669862937,15000,1440p
1.5877842067218568,1.320167150629292,11538.85601118332,8000,1080p
1.2750396009592073,1.3603279949781788,12732.353563019686,8000,1080p
1.5309370742883266,1.0972597872945677,12767.092332570188,8000,1080p
1.2120638328709339,0.818994906196467,16520.660557265397,15000,1440p
1.8386068730762055,1.958470713808778,8836.909763418114,8000,1080p
1.52678967973146,1.9648903783221225,9609.82433731478,8000,1080p
1.1584838176495498,0.9274137441310089,16086.327830671296,15000,1440p
1.4442037643667978,1.6030048847798128,11011.530834751706,8000,1080p
1.0270686445474682,0.9989697130628055,16561.597599552697,15000,1440p
1.0800199584351144,1.562318340920151,12698.764578399114,8000,1080p
1.1082646630515882,1.1891755640685389,14605.138189845724,8000,1080p
0.837265437967162,0.8878617550542722,19450.41046001476,15000,1440p
0.735248290520186,0.8233920599215385,21528.014458557132,15000,1440p
1.4917203877709324,1.5307196585576641,11101.769261150135,8000,1080p
1.1194285825399855,1.0764324735628665,15280.762827294453,15000,1440p
1.4463427157220514,1.3155792671112478,12148.942732110923,8000,1080p
1.5162507750675704,1.0348663296862437,13152.83878481072,8000,1080p
2.180290454899786,1.6607364788990733,8735.797113199083,8000,1080p
2.179595178074476,1.6618819403590428,8734.773360743811,8000,1080p
1.0932092899901875,1.0500204594670268,15656.012617638336,15000,1440p
1.6584977467750854,1.2842581422854602,11402.383773909298,8000,1080p
1.2342722343223194,1.2893716384874476,13296.024990499656,8000,1080p
1.1004528950722305,0.9234748779059652,16578.868301522878,15000,1440p
1.233611980261552,0.980206328555641,15156.81384798357,15000,1440p
0.9191023658486138,1.2972120301186743,15139.743738999407,15000,1440p
0.7575777345004991,0.8683587270567003,20636.988463782956,15000,1440p
1.1086157593893426,0.7650894451532297,17908.06361569116,15000,1440p
1.4599282588687472,0.9968426209511787,13657.941111081325,8000,1080p
1.6393486432088962,1.7092099019110718,10020.560055281294,8000,1080p
0.9364402831308819,0.7432179303465999,19976.940386300706,15000,1440p
0.8592054047080381,0.8217787468507057,19961.18283975826,15000,1440p
1.3537907218112246,1.1370515995711767,13471.118469425037,8000,1080p
0.5978201049110173,0.7664716127913666,24594.763395990798,15000,1440p
0.8203420027414157,1.2113210318487657,16515.746670937715,15000,1440p
1.1778059692117087,1.2510841289793333,13814.71809901578,8000,1080p
1.0026675837019225,0.8801022617623191,17821.844810631304,15000,1440p
0.9149139895556052,1.110628951450031,16565.648311233028,15000,1440p
1.1528556423875076,1.0797209713229747,15029.464966146643,15000,1440p
1.1107271669665917,1.392634391161067,13403.749806358932,8000,1080p
1.1431345576477223,1.0636829749268133,15204.896419711897,15000,1440p
1.017766288541161,1.2850022026154926,14571.344070782385,8000,1080p
1.0769442899644746,0.8372886758593905,17528.9176391122,15000,1440p
1.1259289737635607,0.7790546298709555,17614.026669826206,15000,1440p
0.9659218365812985,0.9652643974410482,17375.03686017458,15000,1440p
1.0578901842982587,0.8946303521284427,17185.18774783686,15000,1440p
0.7674177254564779,0.5338086447082996,25786.775283189905,15000,1440p
0.952591617406848,1.1801417536300045,15733.064646373088,15000,1440p
1.2601325040923974,1.0719060008723418,14388.45539152337,8000,1080p
1.5334327368558343,1.6278783721112988,10614.087270570133,8000,1080p
0.941820468858458,0.6611780175046383,20932.291755389444,15000,1440p
1.01468903780117,1.355872827028155,14154.632493599083,8000,1080p
1.1928395437430044,1.036610748024078,15050.540540827424,15000,1440p
1.255300736536374,1.5265285216519937,12062.002691657615,8000,1080p
0.9478776631441851,0.7644025945830014,19596.34344236313,15000,1440p
1.8200839369699244,1.765586234385568,9357.92484987971,8000,1080p
2.160954737386629,2.0031139167740704,8058.088083267484,8000,1080p
0.7523059685330491,1.0122227626602065,19016.08707573095,15000,1440p
1.1881999125129086,1.6924241754004135,11648.320286145456,8000,1080p
1.4290240434154677,1.7489998584814277,10558.269237676932,8000,1080p
1.1148786325475264,0.992587689717146,15921.693099201028,15000,1440p
2.531076292221207,2.5649354663477366,6584.449485144579,4000,720p
1.4940267061921837,1.0996549206028416,12936.989510722147,8000,1080p
1.0561202318410756,0.8441967256577498,17657.281785331194,15000,1440p
2.190854539502477,3.0219498400344094,6436.925224303358,4000,720p
1.2859516446811714,1.1123555701534,13990.881481926614,8000,1080p
1.3322668355341274,1.0195271396318124,14267.589914049524,8000,1080p
0.7397226924435522,0.9908920483117153,19388.735811504946,15000,1440p
1.4543009796804056,1.1110493012104752,13079.863693447507,8000,1080p
1.1091086548080458,1.2536347781139192,14201.470854795181,8000,1080p
1.2159512357855173,1.509446756771943,12311.754867226997,8000,1080p
1.223027630277328,0.8563476845924185,16136.784812270349,15000,1440p
0.957993271621856,0.6985529320556345,20255.657177270405,15000,1440p
0.955445562634293,1.258637452027533,15155.001767232756,15000,1440p
0.8975408735231349,0.6701931279834992,21403.141073519677,15000,1440p
1.591330411463772,1.517194841021909,10794.325049529114,8000,1080p
0.9342390026384353,1.303392005185753,14995.516187732586,8000,1080p
0.7661650346196202,1.0591445219324127,18382.872033707827,15000,1440p
0.7327167106033808,1.009096138258292,19264.085703540903,15000,1440p
1.3899694484601792,2.080123119293643,9669.607177574419,8000,1080p
1.8987905052680523,1.74076736129616,9219.370382390924,8000,1080p
1.0441402459745681,0.9650052053731699,16700.847605379506,15000,1440p
1.1084581965101261,0.9673418207584561,16164.578341295235,15000,1440p
0.9702182931786971,1.4102487799094303,14095.734563751212,8000,1080p
1.5238437268117901,1.0191396938390942,13194.907889494474,8000,1080p
1.2162118506163553,1.0705037454911361,14673.635871954191,8000,1080p
1.2598349228667813,0.9984812229731155,14858.164151113871,8000,1080p
0.8436680245992674,1.170693860906032,16657.598737072472,15000,1440p
0.8465272133686973,0.8209023138800632,20123.44836867824,15000,1440p
1.895723112661376,1.526293704356818,9805.455026734195,8000,1080p
1.5240247327003358,1.100692970789794,12784.015574468114,8000,1080p
1.1308267860289676,0.7547597217789823,17795.22279198318,15000,1440p
1.9785929017828692,2.0533829762161298,8322.081534042434,8000,1080p
1.3809343697390393,1.124335694129663,13393.538877874262,8000,1080p
1.5310217914040327,1.090658398949824,12798.827302986581,8000,1080p
0.7100618032273658,0.8246964743986511,21863.00767304048,15000,1440p
0.9067892909974992,0.8756803967703076,18824.68590084151,15000,1440p
1.2833655179116108,1.4442657804093577,12301.674357767819,8000,1080p
1.8035016005625246,1.7256205209663669,9507.869335352865,8000,1080p
1.499584697008489,1.2981259474735765,11993.531949481454,8000,1080p
1.6665073091666116,1.615618105207846,10223.385082436029,8000,1080p
0.8624245603808018,0.9626094856940792,18385.647145687966,15000,1440p
0.8035048436379193,1.083020824204148,17786.36388148473,15000,1440p
1.7065271027803528,1.5371245334895207,10344.647256444234,8000,1080p
1.3890860296764167,1.4351620632788062,11880.83726911168,8000,1080p
0.8543428229213368,1.167504256574389,16595.92970224479,15000,1440p
1.5679650381180292,1.3246701752662053,11599.95281974841,8000,1080p
0.9506902057775007,1.2111267285052212,15521.403069743814,15000,1440p
1.029793469600605,1.0218293418917066,16355.068686135899,15000,1440p
1.3185395797921668,1.149270652392725,13596.84450708042,8000,1080p
1.229848300961168,0.9889113026210246,15123.058823419306,15000,1440p
1.5239371599946578,1.1342411779093025,12623.092860826826,8000,1080p
1.3657915690888587,1.340218219444451,12399.966970624637,8000,1080p
1.3452461011322998,1.058756948651959,13957.73270878806,8000,1080p
1.2923947586677391,1.1361851524067141,13816.482565383174,8000,1080p
0.8877857855303615,0.8479214795001493,19331.849716841607,15000,1440p
0.6224232564018377,0.8393024875870982,22955.354065553067,15000,1440p
1.3889446641646708,0.9514807980061435,14336.894099963032,8000,1080p
1.5355805706846395,1.5262764087254137,10958.850209412833,8000,1080p
1.1171844185231083,1.5754782692624378,12461.431635016737,8000,1080p
1.216811820152213,1.2838544909275444,13418.1965227946,8000,1080p
1.1370309387978335,1.4924497997735822,12760.858639424741,8000,1080p
1.4135954977026521,1.2048759225426597,12814.51145143927,8000,1080p
1.5775101800731124,1.1241691682915815,12419.842502890006,8000,1080p
1.80944242270917,1.8679770819964254,9124.450435166298,8000,1080p
1.4937712832371477,1.1123602227487086,12875.187580876474,8000,1080p
1.7307678481449051,2.030778288979632,8920.382942757211,8000,1080p
1.3943737474344582,1.5907411605489745,11240.583037611572,8000,1080p
1.1967308652338966,1.2532617193550415,13695.727983450119,8000,1080p
1.1919342265612107,1.1368782666816661,14408.387148969376,8000,1080p
1.4639283243035013,1.053913556342864,13326.663702720722,8000,1080p
1.0138527454078714,1.140144839223788,15577.748201485525,15000,1440p
1.027053637575175,0.848750908784037,17888.02147064122,15000,1440p
0.9910539884295159,0.8105872068530929,18624.369873345724,15000,1440p
1.5466361776384423,1.2526484479965194,11986.788228935044,8000,1080p
0.9586575918834882,1.1997285693728164,15546.074470969272,15000,1440p
1.3659175109672044,1.8625819374925825,10393.197377192597,8000,1080p
1.3724689802675496,1.372347294199361,12224.655002279464,8000,1080p
1.0053106172920274,0.8761475963194023,17834.26905644255,15000,1440p
1.5212066366964245,1.2040064797196546,12312.590086212174,8000,1080p
1.5926921700131933,1.5965325247591782,10521.187815647127,8000,1080p
1.4238779403172503,1.8779876116680203,10162.264777808761,8000,1080p
0.9964310613896877,0.6981291075164305,19801.263251490353,15000,1440p
0.9257790810571079,1.2851876657996866,15176.36212652335,15000,1440p
1.95958344387017,1.5820279452768717,9474.340438034682,8000,1080p
1.0181065730636156,0.7608612777624324,18861.741646662864,15000,1440p
1.0430807511382123,1.4421971856677134,13501.279475857773,8000,1080p
1.188295099139591,1.6596533703679486,11781.965986836183,8000,1080p
0.7866025735115989,0.7278281409573899,22156.4655810387,15000,1440p
1.861705857796621,1.351630206248661,10442.24174852044,8000,1080p
0.6298942558241225,0.490033437256679,29961.248576410624,15000,1440p
1.0891808568944898,1.2555860773834842,14310.348508190833,8000,1080p
1.1312305288508973,1.2789331066358298,13922.055542599603,8000,1080p
1.4016780222933358,1.821980026277113,10408.80623640585,8000,1080p
0.8898214811303742,1.1108868555077054,16771.27614531946,15000,1440p
1.507210770389052,1.2224440076254115,12292.555186926355,8000,1080p
1.2187883507711008,0.9498176767182172,15472.811370374779,15000,1440p
0.7154036456458946,0.6808323204356598,24032.06393126252,15000,1440p
1.7428003525873872,1.8193023564223765,9419.838432824938,8000,1080p
1.519271467217921,1.0983227960314998,12818.805599897023,8000,1080p
1.2387452258788907,1.6317633067570843,11689.368492901542,8000,1080p
1.4783105558606167,1.0639778362890402,13198.515205282325,8000,1080p
1.5711248714163135,1.2974930126085709,11697.072721627404,8000,1080p
1.565482530334124,2.030038989543256,9332.285125954224,8000,1080p
1.4865121557034544,1.6409304919516368,10729.031921707216,8000,1080p
1.329979396770288,1.5541617577436768,11634.11573926748,8000,1080p
0.9359536882860512,0.9723393544696449,17583.47971103289,15000,1440p
1.316498359710473,1.78212859949621,10828.806578443595,8000,1080p
1.094806065774976,1.52266657420936,12819.401237447435,8000,1080p
1.0977012141122149,1.2292568116775753,14419.869902299304,8000,1080p
1.0592401830956295,0.7813486984832438,18230.269853209542,15000,1440p
1.0194656477614352,0.8134557875668451,18306.53041273988,15000,1440p
1.4570516114263512,1.117464976339328,13033.29415683453,8000,1080p
0.8300682312907368,1.0533090825579443,17816.09651622676,15000,1440p
0.8234996745386414,1.099269534597043,17451.097011837035,15000,1440p
1.288034664847344,0.9769794717869713,14814.226303178846,8000,1080p
1.1514718058406606,1.578946323075152,12289.118521683604,8000,1080p
2.1472486562971045,2.1517028756826293,7805.259433699097,4000,720p
1.6790594583028036,1.1655828501655259,11795.659475397126,8000,1080p
0.9210037765855487,0.62813410967007,21660.068027322963,15000,1440p
0.6639736276271567,0.9491874124297183,20800.422999812203,15000,1440p
1.2483418294164306,1.2276928296419074,13551.681062801077,8000,1080p
0.8341710253509076,0.9084559882886201,19255.08541837681,15000,1440p
1.087281497495055,0.8374359472387587,17433.432679590296,15000,1440p
0.9320777598611223,1.0739420656048064,16726.869582261716,15000,1440p
0.96837650150257,1.4255377617806018,14016.555444212627,8000,1080p
1.5381402124220596,1.1693822225252808,12393.039321446146,8000,1080p
1.7940209097034718,1.3513956778662033,10667.72272156358,8000,1080p
0.6663601476908593,0.8936941523877245,21508.502619626623,15000,1440p
1.224482294223638,1.26186008359648,13495.499372624054,8000,1080p
1.3175695851324603,1.2640283937204482,12997.543488513798,8000,1080p
1.0253217638323173,1.0852159605911016,15898.522737453928,15000,1440p
0.8358030241526564,1.24780009326908,16104.041945147628,15000,1440p
1.7556835623789893,1.2435919299565945,11187.512479512387,8000,1080p
0.7223737946788819,0.7093386386524686,23436.57233032793,15000,1440p
1.4963671348212861,1.5745525404056833,10926.509172702481,8000,1080p
1.3551972217322554,0.9472336006419153,14573.481067891571,8000,1080p
1.2027371037867132,1.4387818468848732,12702.703492423949,8000,1080p
1.470541202150248,1.3386028582607188,11944.71742224965,8000,1080p
1.9621249238565686,1.4078646193344329,9956.835642946158,8000,1080p
1.1152217633123078,1.033563139208115,15615.537860789249,15000,1440p
1.5959611755979335,1.3790963480594343,11278.582593169518,8000,1080p
0.8476174762870846,1.2447654938496076,16036.467739845895,15000,1440p
1.617883729842793,2.1081766672616675,9005.337655308891,8000,1080p
1.1834187182560931,1.6408595403299098,11880.71037193031,8000,1080p
1.8086685426089508,1.4004892109299065,10455.837505338679,8000,1080p
1.9023060310929896,1.8481509267928804,8946.75832219512,8000,1080p
1.3849167608714246,1.2038855835601212,12961.372687325787,8000,1080p
0.6666780197086634,0.8263345556861063,22474.313045305615,15000,1440p
1.0116174711445778,1.2647456908050048,14740.368567229156,8000,1080p
1.2687903247727312,1.7374393640293258,11161.632833641197,8000,1080p
1.1090359257117017,1.6440510677811069,12187.930159602365,8000,1080p
1.3285344379015689,1.1845028084946463,13352.142730123976,8000,1080p
1.2391846423345523,1.2519106735642362,13469.750348710983,8000,1080p
1.4175032216686545,1.3758909585383603,12012.064834155746,8000,1080p
1.1758443591907737,1.742323665626082,11498.45783883739,8000,1080p
0.9758911374847866,1.4177621612437972,14018.083578696556,8000,1080p
1.1005730467275787,0.960306346092141,16281.608771918683,15000,1440p
1.5908741702792604,1.2073860519187205,11991.176422342745,8000,1080p
1.0501084906427385,1.0882515905286085,15691.665915134188,15000,1440p
1.4874136958139945,1.357783884977438,11793.357419721393,8000,1080p
1.484880434040356,1.2074518988862,12462.960678976227,8000,1080p
1.3890053495775123,1.3127608120438405,12419.443428021801,8000,1080p
0.9352217728839669,1.261199234505042,15276.867179433766,15000,1440p
0.8837542282723724,0.715299126072935,20983.935219433642,15000,1440p
0.8150951345801811,0.7518952241395214,21413.298309898597,15000,1440p
1.2295638807027613,1.0987515953270266,14411.462856063028,8000,1080p
2.1958545507478795,2.2120745887919555,7612.289339910511,4000,720p
1.2138509380367621,1.1777000315385922,14030.4063876832,8000,1080p
1.2612547472150273,1.0676947318912702,14407.539665856579,8000,1080p
1.3897592048812708,1.0493211033710264,13757.001721703518,8000,1080p
1.3605508486077058,1.6292606170378567,11222.92572142334,8000,1080p
1.7772080386243816,2.2685592218945896,8293.712870595478,8000,1080p
1.2557522496881852,1.0777012726097837,14379.730163622813,8000,1080p
1.0238541321947705,0.7051452935887794,19406.849707190482,15000,1440p
1.2585649926985774,1.8138035760957876,10921.35635704904,8000,1080p
1.2112613499391471,1.280809349011457,13464.478360958848,8000,1080p
0.9426563500001592,0.9764041176348552,17484.82268583822,15000,1440p
1.4500292606881895,0.9966736522892377,13714.142334987104,8000,1080p
1.66675950477393,1.8970991242680335,9415.197260229175,8000,1080p
0.6930843925047299,0.8017697457547717,22446.62615649465,15000,1440p
1.1009103478718976,1.224328937872581,14430.528593643978,8000,1080p
1.6494223314928393,2.266262975676603,8569.236127980806,8000,1080p
1.1975694906384713,0.8848627837585128,16113.096407765028,15000,1440p
1.0969450997811123,1.3135272240077265,13920.272665590423,8000,1080p
1.2726339989352913,1.050914470250064,14441.029505084656,8000,1080p
1.6191580133353978,1.640252827073109,10294.631036998875,8000,1080p
1.8546040087479012,1.2520682360229758,10800.763439554501,8000,1080p
1.012418381371052,0.9219092706794263,17346.819172248677,15000,1440p
1.001719403475632,0.8425978179321612,18193.416843110877,15000,1440p
0.8921566874347188,1.2379112528064296,15752.75199729134,15000,1440p
0.8461747646357618,1.1883774851670146,16492.29308475743,15000,1440p
1.1206783668486917,1.669016494785339,12027.993620903,8000,1080p
1.1236206707790093,0.7878079831801339,17554.6348175218,15000,1440p
1.314220471155879,1.1125760107279228,13826.636164378053,8000,1080p
1.0988189188388622,1.053028773498329,15593.311794086807,15000,1440p
1.430416959857479,1.2133461480921728,12691.920807542723,8000,1080p
1.2493507162291329,1.5912466512579406,11812.456205183289,8000,1080p
1.0663120863714692,1.3710930677808422,13766.456488711934,8000,1080p
1.4695960591898594,1.1378287051563416,12868.80160793963,8000,1080p
1.7415255187446579,1.9308190013223794,9137.059939950153,8000,1080p
1.305020584295962,1.0082178405362716,14505.392803352519,8000,1080p
1.3600500933748392,1.1240980039829949,13507.420123497808,8000,1080p
1.3571037845270177,1.5259828143460095,11638.371186323757,8000,1080p
1.0459763403707723,1.4538840771969939,13422.522219319233,8000,1080p
1.4487114411037605,1.3220615127629611,12110.134088458415,8000,1080p
0.756259039191328,1.0575682756481908,18499.24285817075,15000,1440p
0.6722595562659809,0.6964555676355225,24515.278171511367,15000,1440p
0.8626104987170798,1.2191836971293202,16118.035138606818,15000,1440p
1.2351013900581878,0.9332688056348841,15474.494192295917,15000,1440p
1.113362912375595,0.9818408481492522,16014.87770888433,15000,1440p
1.6631105701806521,1.5293927640568845,10510.382758304553,8000,1080p
0.7549824333396831,1.003164833706628,19085.108869390377,15000,1440p
1.0115076966852565,1.342812525163179,14252.280419889346,8000,1080p
1.2468700449018808,1.4642135812026904,12376.760228607478,8000,1080p
1.600756513359671,1.1913346015249873,12017.670849321885,8000,1080p
2.089231335269912,2.495829563967736,7318.208577246825,4000,720p
1.0044828651207482,0.8045323533974311,18548.45202877037,15000,1440p
2.2991716226728416,2.1232945694134626,7587.267045713843,4000,720p
1.5328954736597162,1.608214546711861,10682.348527235186,8000,1080p
0.8800281156871211,1.0151500561839657,17705.159598198683,15000,1440p
1.3967924918952492,1.597599104020625,11205.759475736484,8000,1080p
2.341770010620848,2.4659076504981727,6979.34311847978,4000,720p
0.8285552809076839,1.2159936202026826,16411.655393410765,15000,1440p
1.959756225004567,1.5766238283989997,9488.355746070263,8000,1080p
0.9438267361726586,1.4115886428385336,14245.653781069484,8000,1080p
0.8299937392834226,0.7847790035460739,20779.66212211634,15000,1440p
1.5839257927896397,1.1675138024246305,12195.227566821042,8000,1080p
1.2557334495436034,1.1535455019305134,13927.167702797438,8000,1080p
1.3197842899327008,0.9506278715999694,14779.004697256669,8000,1080p
1.0715384402992025,1.317265450808174,14046.541084812614,8000,1080p
0.9309577846913312,0.7735006094702613,19686.272258059496,15000,1440p
1.281856699932289,1.313954515667013,12926.376077874062,8000,1080p
1.0932218925709312,1.3567457629538713,13695.867341078174,8000,1080p
1.6074161032404277,2.3637313666121873,8449.555765614854,8000,1080p
1.1618819487232184,0.888986937740575,16361.081013743478,15000,1440p
0.9991321764783047,1.1650633212139367,15504.344240518143,15000,1440p
0.6934373070464566,0.9706975351498652,20163.289145316452,15000,1440p
1.9026293952040652,1.3766032380160271,10232.40366056333,8000,1080p
1.2996736343589153,0.9685940347535176,14792.9772384975,8000,1080p
1.1876006897917746,0.9571006159038955,15645.270467682236,15000,1440p
1.4769281218976653,1.1607774849828711,12721.067852482183,8000,1080p
1.2219543971286713,1.0279074010617937,14913.996951718278,8000,1080p
1.2015872585257403,1.251244251087547,13679.87644829717,8000,1080p
0.8424281470757513,1.1601297644276072,16755.786091005,15000,1440p
0.7388127516364444,1.0471124256134474,18788.263040039423,15000,1440p
0.7488305264012027,1.0199379727470783,18970.505193957004,15000,1440p
0.7625721396663373,0.9100460143957555,20061.023443103415,15000,1440p
1.2458340554268685,0.9450266491443939,15315.639159526752,15000,1440p
1.1681280285955156,1.03698729039029,15216.6336658677,15000,1440p
1.6741887812460086,1.1372276804829846,11935.06279015111,8000,1080p
0.9419284754547141,0.922505184982918,17997.117683513545,15000,1440p
0.7566778664434165,1.0457014132514164,18616.74308954618,15000,1440p
0.9088218671748467,0.990409385648273,17667.375655346277,15000,1440p
1.2526004051820128,1.684125516998255,11425.796240150563,8000,1080p
1.513506017865312,1.2557899706026068,12116.592859603861,8000,1080p
0.822939747385359,1.160147316238003,16920.301995562222,15000,1440p
1.2526319102600298,1.65681681041725,11532.91747729755,8000,1080p
1.2239370482796752,1.5166782792796192,12243.393541071127,8000,1080p
1.1900889647701787,1.024285101647063,15153.009831933938,15000,1440p
1.2104813904014267,0.872079910793863,16112.098107624191,15000,1440p
1.3594161433070997,1.1702212404534615,13264.52250247739,8000,1080p
0.7436023314416979,0.6953569630358524,23318.54148256693,15000,1440p
1.232816466169217,1.607522365087471,11813.531410671198,8000,1080p
1.0390331300237725,1.2408038613931311,14717.90839710261,8000,1080p
0.9295072782961918,1.2436671374016397,15440.284846729746,15000,1440p
1.4660458940254597,1.2581582947660928,12317.150138031551,8000,1080p
0.9399371273530975,1.1928341377490996,15732.785108764187,15000,1440p
1.0097413084823672,1.233616994213115,14957.23262738861,8000,1080p
1.5601562892164602,1.5495257176404085,10790.309724921153,8000,1080p
1.0390797786654058,0.7179486690612153,19097.261654138445,15000,1440p
0.8351764286215736,1.2156719643338993,16361.244505082497,15000,1440p
1.3178703764841766,1.2069717492760434,13289.714892528931,8000,1080p
1.3881536428133618,1.179326314719835,13069.014190957381,8000,1080p
1.6140931961192195,1.78395642423083,9874.61507302633,8000,1080p
2.5083593098148116,1.7610790053382344,7859.214613994764,4000,720p
1.3171372557614156,1.2181992275507108,13234.705618311058,8000,1080p
0.9516797434096946,0.7368764632777351,19871.6701683424,15000,1440p
1.029783455212935,1.1896369123950947,15118.556398652472,15000,1440p
0.7656498667294772,0.8042538362844563,21373.56064297543,15000,1440p
0.8867121143672057,0.7869649508535601,20048.33112508118,15000,1440p
1.1057149211377255,1.0734496726380462,15397.841950919945,15000,1440p
1.0021163116698117,1.2170101565625133,15120.558688450159,15000,1440p
1.6955056710530843,1.5629063398793852,10297.786740111367,8000,1080p
1.5397170109674252,1.514273969489635,10987.076325607957,8000,1080p
1.1326050326995973,1.2840008219939307,13884.941946503455,8000,1080p
1.096738188156133,1.4016867233674994,13430.234322926783,8000,1080p
0.6654128581680946,0.9452843050366161,20832.2413216639,15000,1440p
1.5323176573933222,2.184061261308339,9028.79731427452,8000,1080p
1.7527475381401656,1.2162599373349234,11301.56534706291,8000,1080p
1.3841508056008216,1.4354147799216253,11900.568006749374,8000,1080p
1.2964425991958304,0.8835109636605563,15392.269161932849,15000,1440p
1.0831659407599477,1.428401113785663,13359.958651818924,8000,1080p
1.4443302454271083,1.4665726993205084,11527.155881492045,8000,1080p
1.3506279538002626,1.5402402959617452,11607.04297152331,8000,1080p
1.0097430774756335,1.2285412810601375,14991.139026656318,8000,1080p
1.0327300290353223,1.3861725679186734,13871.758227161952,8000,1080p
1.3751463038332041,1.6299709314357653,11165.764718326122,8000,1080p
1.681850203392283,1.4402740677825545,10747.30827013931,8000,1080p
1.4112502898780472,1.9891457761472866,9867.801088013024,8000,1080p
1.8809749653476038,1.4608727032861424,10040.682678309548,8000,1080p
1.6581847569691774,1.4079127898479622,10943.69356735967,8000,1080p
0.9401877191528629,1.2464991639630778,15344.872765773527,15000,1440p
1.8344276473522056,1.8133410543517259,9198.618318186178,8000,1080p
0.8678156882783051,1.251831264496662,15830.198494174569,15000,1440p
0.7245535734826385,0.9778497966188291,19710.03616963004,15000,1440p
1.2492975059384452,1.7768742492562817,11088.079168804763,8000,1080p
1.650893555961212,2.2518447276686286,8597.663886596014,8000,1080p
0.8991776134531069,1.253700959726772,15585.845118258992,15000,1440p
2.467883493903124,1.792819791571031,7875.32708846349,4000,720p
1.2156965545783998,1.23650273145055,13683.40338045587,8000,1080p
1.4112822950898305,1.8206891613636957,10382.03228342233,8000,1080p
1.012469542657534,0.9604640792456915,17007.380089975413,15000,1440p
1.2949009740898532,0.9062754097558703,15243.863347914135,15000,1440p
1.1887892724812064,0.9779232861086062,15486.332908800156,15000,1440p
1.5647925645396166,1.500462824604483,10946.700271317126,8000,1080p
1.6326565197650034,2.19692825718457,8761.898209426121,8000,1080p
1.2489378343612563,1.017523224110417,14804.76881549711,8000,1080p
1.452938610552927,1.3258990497826448,12074.98821501792,8000,1080p
1.220790251142304,0.9001150006619707,15820.80669160252,15000,1440p
0.7656967867177086,0.8003879177916996,21425.681448380703,15000,1440p
1.5470572269413214,1.1383653514637784,12495.028629694594,8000,1080p
1.1372637891004855,1.4142688019151943,13150.697003890944,8000,1080p
1.3717215796582025,1.4876166230690935,11735.0343404621,8000,1080p
1.2882446675746633,1.510103488065718,11990.79961954245,8000,1080p
1.2406862014290017,0.838516030616753,16138.12811608294,15000,1440p
1.7899800496505853,1.658332979430313,9730.680398508799,8000,1080p
1.1845202343245214,1.1251425593818916,14527.848866697026,8000,1080p
1.4603322952965652,1.5752586428493176,11053.673793246599,8000,1080p
1.1828564479808583,0.9692603249078826,15591.36215223145,15000,1440p
2.6408669204769377,1.9202004563568846,7356.70605753968,4000,720p
1.8462096145172116,2.6854441273191325,7404.456278339323,4000,720p
1.4433610485807395,1.704219272434537,10660.389435011068,8000,1080p
1.4487882984675111,0.99079570895745,13754.161323355085,8000,1080p
1.205796940779195,1.733708621330755,11414.991838258315,8000,1080p
1.6670737921157697,1.194731726805657,11724.916937278877,8000,1080p
1.055069722793126,1.487056308621442,13199.358169244117,8000,1080p
0.9785981254302706,1.2606619252781073,14984.607075620912,8000,1080p
1.4180147370548055,1.091915854778423,13368.669280807553,8000,1080p
